seq_id,Ala,Arg,Asn,Asp,Cys,Gln,Glu,Gly,His,Ile,Leu,Lys,Met,Phe,Pro,Ser,Thr,Trp,Tyr,Val
"lcl|CP059658.1_cds_QRW15518.1_1 [locus_tag=RhiXN_03519] [protein=hypothetical protein] [protein_id=QRW15518.1] [location=join(284..286,338..613,666..740,800..958,1034..1273,1354..1735,1810..1991,2045..2071,2122..2229)] [gbkey=CDS]",0.07053941908713693,0.04564315352697095,0.03112033195020747,0.07883817427385892,0.008298755186721992,0.058091286307053944,0.0954356846473029,0.07261410788381743,0.043568464730290454,0.026970954356846474,0.08921161825726141,0.06639004149377593,0.03319502074688797,0.01867219917012448,0.029045643153526972,0.07676348547717843,0.06431535269709543,0.014522821576763486,0.014522821576763486,0.06224066390041494
"lcl|CP059658.1_cds_QRW15519.1_2 [locus_tag=RhiXN_03520] [protein=hypothetical protein] [protein_id=QRW15519.1] [location=complement(join(3906..4062,4121..4284,4340..4956,5017..5182,5473..5589,5643..5711,5753..5881,5916..5966))] [gbkey=CDS]",0.06762295081967214,0.06352459016393443,0.05737704918032787,0.06352459016393443,0.010245901639344262,0.03483606557377049,0.05122950819672131,0.07991803278688525,0.03278688524590164,0.05327868852459016,0.07991803278688525,0.06352459016393443,0.012295081967213115,0.045081967213114756,0.05942622950819672,0.055327868852459015,0.040983606557377046,0.03278688524590164,0.03278688524590164,0.06352459016393443
"lcl|CP059658.1_cds_QRW15520.1_3 [locus_tag=RhiXN_03521] [protein=hypothetical protein] [protein_id=QRW15520.1] [location=complement(join(9821..10756,10815..10968,11020..11036,11087..11179,11235..11419,11471..11527,11577..11619,11685..11833,11882..12318,12368..12445,12494..12522,13645..14499,14551..14647,14698..14851,14901..15623,15672..16113))] [gbkey=CDS]",0.07697501688048616,0.05671843349088454,0.02903443619176232,0.048615800135043886,0.01688048615800135,0.04523970290344362,0.049966239027684,0.05941931127616475,0.035111411208642807,0.05671843349088454,0.0837272113436867,0.03848750844024308,0.02025658338960162,0.03848750844024308,0.07157326130992572,0.08710330857528698,0.06347062795408508,0.017555705604321403,0.03781228899392303,0.06684672518568535
"lcl|CP059658.1_cds_QRW15521.1_4 [locus_tag=RhiXN_03522] [protein=other/TTK protein kinase] [protein_id=QRW15521.1] [location=join(16753..17434,17486..18531,18791..19138,19477..19707,19964..20285,20346..20497,20547..20609)] [gbkey=CDS]",0.07399577167019028,0.08456659619450317,0.03276955602536998,0.05813953488372093,0.005285412262156448,0.042283298097251586,0.06553911205073996,0.06342494714587738,0.02536997885835095,0.04756871035940803,0.09090909090909091,0.04756871035940803,0.016913319238900635,0.010570824524312896,0.10465116279069768,0.09725158562367865,0.0507399577167019,0.011627906976744186,0.0200845665961945,0.0507399577167019
"lcl|CP059658.1_cds_QRW15522.1_5 [locus_tag=RhiXN_03523] [protein=hypothetical protein] [protein_id=QRW15522.1] [location=join(24527..25334,25390..25454,25502..25911,25962..26132,26180..26507,26561..27155,27211..28853,28913..28966,29016..29398,29431..29837,30442..30653)] [gbkey=CDS]",0.06094674556213018,0.06449704142011835,0.0378698224852071,0.04792899408284024,0.005917159763313609,0.046153846153846156,0.0727810650887574,0.04437869822485207,0.029585798816568046,0.05680473372781065,0.08284023668639054,0.06153846153846154,0.018343195266272188,0.028402366863905324,0.09940828402366864,0.10828402366863905,0.05798816568047337,0.01242603550295858,0.02485207100591716,0.03905325443786982
lcl|CP059658.1_cds_QRW15523.1_6 [locus_tag=RhiXN_03524] [protein=Retrovirus-related Pol polyprotein from transposon] [protein_id=QRW15523.1] [location=30716..31171] [gbkey=CDS],0.05333333333333334,0.08666666666666667,0.05333333333333334,0.05333333333333334,0.006666666666666667,0.06666666666666667,0.04666666666666667,0.06,0.02666666666666667,0.06,0.06,0.04,0.013333333333333334,0.02,0.06,0.08666666666666667,0.09333333333333334,0.02666666666666667,0.03333333333333333,0.05333333333333334
"lcl|CP059658.1_cds_QRW15524.1_7 [locus_tag=RhiXN_03525] [protein=hypothetical protein] [protein_id=QRW15524.1] [location=join(33233..33821,33881..33913,33974..34704)] [gbkey=CDS]",0.07349665924276169,0.0334075723830735,0.0556792873051225,0.060133630289532294,0.013363028953229399,0.031180400890868598,0.0645879732739421,0.04899777282850779,0.04899777282850779,0.051224944320712694,0.0935412026726058,0.013363028953229399,0.008908685968819599,0.04899777282850779,0.10690423162583519,0.062360801781737196,0.05790645879732739,0.015590200445434299,0.051224944320712694,0.060133630289532294
"lcl|CP059658.1_cds_QRW15525.1_8 [locus_tag=RhiXN_03526] [protein=hypothetical protein] [protein_id=QRW15525.1] [location=complement(join(40143..40744,40805..41486))] [gbkey=CDS]",0.07981220657276995,0.035211267605633804,0.046948356807511735,0.06572769953051644,0.014084507042253521,0.03051643192488263,0.07511737089201878,0.05868544600938967,0.06807511737089202,0.046948356807511735,0.06572769953051644,0.014084507042253521,0.007042253521126761,0.046948356807511735,0.107981220657277,0.056338028169014086,0.03286384976525822,0.023474178403755867,0.051643192488262914,0.07276995305164319
"lcl|CP059658.1_cds_QRW15526.1_9 [locus_tag=RhiXN_03527] [protein=Retrovirus-related Pol polyprotein from transposon] [protein_id=QRW15526.1] [location=complement(join(41690..49117,49165..49229,49285..50092))] [gbkey=CDS]",0.059674502712477394,0.06401446654611212,0.04050632911392405,0.04701627486437613,0.006871609403254973,0.049909584086799276,0.07197106690777577,0.04737793851717902,0.03218806509945751,0.058589511754068714,0.081374321880651,0.06003616636528029,0.01735985533453888,0.03146473779385172,0.08788426763110307,0.0918625678119349,0.060759493670886074,0.013743218806509945,0.03146473779385172,0.04593128390596745
"lcl|CP059658.1_cds_QRW15527.1_10 [locus_tag=RhiXN_03528] [protein=hypothetical protein] [protein_id=QRW15527.1] [location=join(53413..53569,53623..53990,54041..55084)] [gbkey=CDS]",0.13051823416506717,0.044145873320537425,0.04798464491362764,0.03262955854126679,0.01727447216890595,0.04222648752399232,0.046065259117082535,0.0690978886756238,0.019193857965451054,0.03262955854126679,0.09788867562380038,0.1036468330134357,0.007677543186180422,0.015355086372360844,0.09404990403071017,0.05182341650671785,0.06333973128598848,0.011516314779270634,0.015355086372360844,0.05758157389635317
"lcl|CP059658.1_cds_QRW15528.1_11 [locus_tag=RhiXN_03529] [protein=DDE superfamily endonuclease] [protein_id=QRW15528.1] [location=complement(join(55644..55777,55839..56160))] [gbkey=CDS]",0.1,0.013333333333333334,0.04666666666666667,0.02666666666666667,0.02666666666666667,0.06666666666666667,0.013333333333333334,0.06,0.04,0.08,0.11333333333333333,0.04,0.02,0.05333333333333334,0.05333333333333334,0.06,0.08666666666666667,0.02,0.02666666666666667,0.05333333333333334
"lcl|CP059658.1_cds_QRW15529.1_12 [locus_tag=RhiXN_03530] [protein=hypothetical protein] [protein_id=QRW15529.1] [location=join(57440..57694,58243..58626)] [gbkey=CDS]",0.052132701421800945,0.04739336492890995,0.07582938388625593,0.061611374407582936,0.014218009478672985,0.037914691943127965,0.04739336492890995,0.09004739336492891,0.023696682464454975,0.06635071090047394,0.07582938388625593,0.04265402843601896,0.02843601895734597,0.03317535545023697,0.061611374407582936,0.06635071090047394,0.06635071090047394,0.018957345971563982,0.023696682464454975,0.06635071090047394
"lcl|CP059658.1_cds_QRW15530.1_13 [locus_tag=RhiXN_03531] [protein=Dyp-type peroxidase family] [protein_id=QRW15530.1] [location=complement(join(64412..64623,64673..64780,64834..65052,65115..65324,65370..65452,65505..65524,65576..66015,66065..66121,66182..66215))] [gbkey=CDS]",0.08061002178649238,0.06535947712418301,0.058823529411764705,0.06318082788671024,0.008714596949891068,0.0457516339869281,0.05010893246187364,0.09586056644880174,0.017429193899782137,0.061002178649237473,0.08496732026143791,0.0457516339869281,0.004357298474945534,0.061002178649237473,0.06971677559912855,0.0718954248366013,0.037037037037037035,0.010893246187363835,0.017429193899782137,0.05010893246187364
"lcl|CP059658.1_cds_QRW15531.1_14 [locus_tag=RhiXN_03532] [protein=hypothetical protein] [protein_id=QRW15531.1] [location=complement(join(70444..71045,71107..71788))] [gbkey=CDS]",0.08450704225352113,0.023474178403755867,0.06807511737089202,0.06338028169014084,0.023474178403755867,0.04225352112676056,0.05868544600938967,0.0539906103286385,0.06103286384976526,0.056338028169014086,0.06572769953051644,0.011737089201877934,0.007042253521126761,0.0539906103286385,0.10328638497652583,0.056338028169014086,0.035211267605633804,0.025821596244131457,0.04929577464788732,0.056338028169014086
"lcl|CP059658.1_cds_QRW15532.1_15 [locus_tag=RhiXN_03533] [protein=Retrovirus-related Pol polyprotein from transposon] [protein_id=QRW15532.1] [location=complement(join(71992..75680,75741..76139,76197..76455,76515..80335,80396..80457,81670..81725))] [gbkey=CDS]",0.06231884057971015,0.0644927536231884,0.042753623188405795,0.04528985507246377,0.008333333333333333,0.05,0.07246376811594203,0.04673913043478261,0.0322463768115942,0.059420289855072465,0.08007246376811594,0.059782608695652176,0.016304347826086956,0.031159420289855074,0.08623188405797101,0.08876811594202899,0.06086956521739131,0.014855072463768116,0.0322463768115942,0.04565217391304348
"lcl|CP059658.1_cds_QRW15533.1_16 [locus_tag=RhiXN_03534] [protein=hypothetical protein] [protein_id=QRW15533.1] [location=complement(join(91837..92017,92072..92133))] [gbkey=CDS]",0.06329113924050633,0.02531645569620253,0.02531645569620253,0.0379746835443038,0.012658227848101266,0.10126582278481013,0.06329113924050633,0.06329113924050633,0.05063291139240506,0.012658227848101266,0.20253164556962025,0.10126582278481013,0.0759493670886076,0.012658227848101266,0.02531645569620253,0.05063291139240506,0.0379746835443038,0,0,0.0379746835443038
"lcl|CP059658.1_cds_QRW15534.1_17 [locus_tag=RhiXN_03535] [protein=RNA-directed DNA polymerase from transposon BS] [protein_id=QRW15534.1] [location=complement(join(92791..93597,93652..93786,94666..94934,94998..95081,95134..95464,95753..95782))] [gbkey=CDS]",0.12545454545454546,0.045454545454545456,0.03636363636363636,0.02909090909090909,0.02181818181818182,0.045454545454545456,0.02909090909090909,0.05090909090909091,0.03636363636363636,0.04363636363636364,0.09454545454545454,0.056363636363636366,0.012727272727272728,0.03090909090909091,0.11818181818181818,0.07818181818181819,0.07090909090909091,0.01818181818181818,0.00909090909090909,0.04727272727272727
lcl|CP059658.1_cds_QRW15535.1_18 [locus_tag=RhiXN_03536] [protein=Retrotransposon-derived protein PEG10] [protein_id=QRW15535.1] [location=98656..100050] [gbkey=CDS],0.1101511879049676,0.06695464362850972,0.047516198704103674,0.03455723542116631,0.01511879049676026,0.056155507559395246,0.058315334773218146,0.05399568034557235,0.02591792656587473,0.04535637149028078,0.08423326133909287,0.05399568034557235,0.01511879049676026,0.028077753779697623,0.09503239740820735,0.058315334773218146,0.08855291576673865,0.017278617710583154,0.008639308855291577,0.0367170626349892
"lcl|CP059658.1_cds_QRW15536.1_19 [locus_tag=RhiXN_03537] [protein=Retrotransposon gag protein] [protein_id=QRW15536.1] [location=join(101072..102152,102218..102423)] [gbkey=CDS]",0.11241217798594848,0.07259953161592506,0.03044496487119438,0.03981264637002342,0.01405152224824356,0.053864168618266976,0.06557377049180328,0.05620608899297424,0.02107728337236534,0.03278688524590164,0.09601873536299765,0.06557377049180328,0.01405152224824356,0.02576112412177986,0.09836065573770492,0.0468384074941452,0.07962529274004684,0.02107728337236534,0.0117096018735363,0.04215456674473068
"lcl|CP059658.1_cds_QRW15537.1_20 [locus_tag=RhiXN_03538] [protein=Retrotransposable element Tf2 protein] [protein_id=QRW15537.1] [location=join(102663..104725,104767..105853)] [gbkey=CDS]",0.06965648854961833,0.04866412213740458,0.04770992366412214,0.05248091603053435,0.01049618320610687,0.046755725190839696,0.06774809160305344,0.05248091603053435,0.03148854961832061,0.04198473282442748,0.10114503816793893,0.08587786259541985,0.020038167938931296,0.04961832061068702,0.05820610687022901,0.05343511450381679,0.05248091603053435,0.02385496183206107,0.03148854961832061,0.05438931297709924
lcl|CP059658.1_cds_QRW15538.1_21 [locus_tag=RhiXN_03539] [protein=Retrotransposable element Tf2 protein] [protein_id=QRW15538.1] [location=106656..107393] [gbkey=CDS],0.06147540983606557,0.036885245901639344,0.04918032786885246,0.06557377049180328,0.01639344262295082,0.028688524590163935,0.06557377049180328,0.05327868852459016,0.036885245901639344,0.04918032786885246,0.11475409836065574,0.0778688524590164,0.020491803278688523,0.03278688524590164,0.0860655737704918,0.06147540983606557,0.05737704918032787,0.020491803278688523,0.028688524590163935,0.036885245901639344
lcl|CP059658.1_cds_QRW15539.1_22 [locus_tag=RhiXN_03540] [protein=Retrotransposable element Tf2 protein] [protein_id=QRW15539.1] [location=107418..108350] [gbkey=CDS],0.08090614886731391,0.038834951456310676,0.045307443365695796,0.042071197411003236,0.019417475728155338,0.04854368932038835,0.05177993527508091,0.05177993527508091,0.042071197411003236,0.05825242718446602,0.11650485436893204,0.0744336569579288,0.009708737864077669,0.06796116504854369,0.03559870550161812,0.05177993527508091,0.042071197411003236,0.022653721682847898,0.042071197411003236,0.05825242718446602
lcl|CP059658.1_cds_QRW15540.1_23 [locus_tag=RhiXN_03541] [protein=Retrotransposable element Tf2 protein] [protein_id=QRW15540.1] [location=108387..109916] [gbkey=CDS],0.05905511811023622,0.06496062992125984,0.045275590551181105,0.045275590551181105,0.007874015748031496,0.045275590551181105,0.07086614173228346,0.0531496062992126,0.017716535433070866,0.045275590551181105,0.09251968503937008,0.0984251968503937,0.013779527559055118,0.03937007874015748,0.068897637795275593,0.05708661417322835,0.0531496062992126,0.023622047244094488,0.03543307086614173,0.06299212598425197
"lcl|CP059658.1_cds_QRW15541.1_24 [locus_tag=RhiXN_03542] [protein=Retrotransposable element Tf2 protein] [protein_id=QRW15541.1] [location=complement(join(111666..112799,113352..113981))] [gbkey=CDS]",0.06825938566552901,0.02218430034129693,0.051194539249146756,0.04607508532423208,0.015358361774744027,0.04607508532423208,0.06143344709897611,0.042662116040955635,0.040955631399317405,0.059726962457337884,0.11433447098976109,0.06825938566552901,0.025597269624573378,0.051194539249146756,0.05460750853242321,0.04948805460750853,0.059726962457337884,0.025597269624573378,0.032423208191126277,0.06484641638225255
lcl|CP059658.1_cds_QRW15542.1_25 [locus_tag=RhiXN_03543] [protein=Retrotransposon-derived protein PEG10] [protein_id=QRW15542.1] [location=complement(114230..115414)] [gbkey=CDS],0.09669211195928754,0.03307888040712468,0.04834605597964377,0.03816793893129771,0.022900763358778626,0.043256997455470736,0.0737913486005089,0.06615776081424936,0.02544529262086514,0.043256997455470736,0.08396946564885496,0.09669211195928754,0.015267175572519083,0.02544529262086514,0.0737913486005089,0.04580152671755725,0.09669211195928754,0.020356234096692113,0.010178117048346057,0.04071246819338423
"lcl|CP059658.1_cds_QRW15543.1_26 [locus_tag=RhiXN_03544] [protein=Retrotransposable element Tf2 protein] [protein_id=QRW15543.1] [location=complement(join(116305..117963,118010..119323))] [gbkey=CDS]",0.07381193124368049,0.046511627906976744,0.04044489383215369,0.05055611729019211,0.008088978766430738,0.032355915065722954,0.08190091001011122,0.046511627906976744,0.033367037411526794,0.04853387259858443,0.0980788675429727,0.07684529828109202,0.014155712841253791,0.04954499494438827,0.0717896865520728,0.05864509605662285,0.05156723963599596,0.022244691607684528,0.03640040444893832,0.05864509605662285
"lcl|CP059658.1_cds_QRW15544.1_27 [locus_tag=RhiXN_03545] [protein=hypothetical protein] [protein_id=QRW15544.1] [location=join(120181..120372,120428..120714,120766..121123,121177..121410)] [gbkey=CDS]",0.07323943661971831,0.0647887323943662,0.022535211267605635,0.04788732394366197,0.03380281690140845,0.03943661971830986,0.07887323943661972,0.07887323943661972,0.01971830985915493,0.01971830985915493,0.11549295774647887,0.05352112676056338,0.016901408450704224,0.02535211267605634,0.0647887323943662,0.08169014084507042,0.05070422535211268,0.022535211267605635,0.03380281690140845,0.056338028169014086
"lcl|CP059658.1_cds_QRW15545.1_28 [locus_tag=RhiXN_03546] [protein=Retrotransposable element Tf2 protein] [protein_id=QRW15545.1] [location=complement(join(121947..123025,123065..125318))] [gbkey=CDS]",0.06853020739404869,0.05139765554553652,0.04238052299368801,0.05229936880072137,0.009017132551848512,0.032461677186654644,0.07664562669071236,0.04508566275924256,0.031559963931469794,0.05049594229035167,0.09738503155996393,0.06672678088367899,0.015329125338142471,0.047790802524797116,0.07303877366997295,0.06582506762849413,0.05410279531109107,0.023444544634806132,0.0351668169522092,0.061316501352569885
lcl|CP059658.1_cds_QRW15546.1_29 [locus_tag=RhiXN_03547] [protein=Retrotransposon-derived protein PEG10] [protein_id=QRW15546.1] [location=complement(125354..126550)] [gbkey=CDS],0.0982367758186398,0.06801007556675064,0.022670025188916875,0.0654911838790932,0.012594458438287154,0.05289672544080604,0.08312342569269521,0.06297229219143577,0.010075566750629723,0.055415617128463476,0.07556675062972293,0.07556675062972293,0.012594458438287154,0.022670025188916875,0.07052896725440806,0.042821158690176324,0.10831234256926953,0.017632241813602016,0.012594458438287154,0.030226700251889168
"lcl|CP059658.1_cds_QRW15547.1_30 [locus_tag=RhiXN_03548] [protein=Vegetative incompatibility protein HET-E-1] [protein_id=QRW15547.1] [location=complement(join(128339..128691,129419..129791,129989..130612))] [gbkey=CDS]",0.049107142857142856,0.044642857142857144,0.05580357142857143,0.078125,0.008928571428571428,0.05357142857142857,0.08928571428571429,0.05133928571428571,0.029017857142857144,0.05803571428571429,0.08035714285714286,0.05580357142857143,0.03794642857142857,0.020089285714285716,0.06696428571428571,0.06696428571428571,0.0625,0.03571428571428571,0.024553571428571428,0.03125
lcl|CP059658.1_cds_QRW15548.1_31 [locus_tag=RhiXN_03549] [protein=Transposon Ty3-G Gag-Pol polyprotein] [protein_id=QRW15548.1] [location=complement(132925..133368)] [gbkey=CDS],0.0410958904109589,0.00684931506849315,0.04794520547945205,0.04794520547945205,0.0273972602739726,0.03424657534246575,0.02054794520547945,0.0410958904109589,0.0410958904109589,0.0821917808219178,0.11643835616438356,0.06164383561643835,0.0273972602739726,0.03424657534246575,0.0958904109589041,0.07534246575342465,0.0958904109589041,0.0136986301369863,0.0136986301369863,0.07534246575342465
"lcl|CP059658.1_cds_QRW15549.1_32 [locus_tag=RhiXN_03550] [protein=Retrotransposon gag protein] [protein_id=QRW15549.1] [location=complement(join(133404..133725,133783..134072,134147..134277,134340..134741,136435..137254))] [gbkey=CDS]",0.0995405819295559,0.045941807044410414,0.03522205206738132,0.03828483920367534,0.021439509954058193,0.04747320061255743,0.07197549770290965,0.06278713629402756,0.018376722817764167,0.0444104134762634,0.07503828483920368,0.07656967840735068,0.021439509954058193,0.022970903522205207,0.0903522205206738,0.06584992343032159,0.0888208269525268,0.013782542113323124,0.013782542113323124,0.045941807044410414
"lcl|CP059658.1_cds_QRW15550.1_33 [locus_tag=RhiXN_03551] [protein=reticuline oxidase] [protein_id=QRW15550.1] [location=join(138885..138900,139067..139105,139164..139324,139378..139572,139623..139699,139749..139807,139869..140026,140079..140167,140216..140337,140389..140460,140583..141048,141095..141192,141256..141511,141573..141858)] [gbkey=CDS]",0.05747126436781609,0.06609195402298851,0.04310344827586207,0.08045977011494253,0.01867816091954023,0.03017241379310345,0.08620689655172414,0.06321839080459771,0.028735632183908046,0.05747126436781609,0.09482758620689655,0.05172413793103448,0.033045977011494254,0.028735632183908046,0.0617816091954023,0.07183908045977011,0.03879310344827586,0.021551724137931036,0.02442528735632184,0.041666666666666664
"lcl|CP059658.1_cds_QRW15551.1_34 [locus_tag=RhiXN_03552] [protein=hypothetical protein] [protein_id=QRW15551.1] [location=join(142837..143026,143079..143233,143287..143435,143492..143621)] [gbkey=CDS]",0.15048543689320387,0.03398058252427184,0.024271844660194174,0.05825242718446602,0.024271844660194174,0.0048543689320388345,0.038834951456310676,0.043689320388349516,0.014563106796116505,0.06796116504854369,0.1796116504854369,0.08737864077669903,0.009708737864077669,0.03398058252427184,0.0048543689320388345,0.05825242718446602,0.024271844660194174,0,0.0048543689320388345,0.13592233009708737
"lcl|CP059658.1_cds_QRW15552.1_35 [locus_tag=RhiXN_03553] [protein=replicase polyprotein 1ab] [protein_id=QRW15552.1] [location=complement(join(144136..144217,144271..144419,144476..144630,144681..144861))] [gbkey=CDS]",0.12834224598930483,0.0374331550802139,0.0374331550802139,0.0374331550802139,0.016042780748663103,0.016042780748663103,0.053475935828877004,0.0481283422459893,0.0053475935828877,0.03208556149732621,0.13368983957219252,0.0748663101604278,0.016042780748663103,0.0213903743315508,0.03208556149732621,0.12299465240641712,0.0855614973262032,0,0.0106951871657754,0.09090909090909091
"lcl|CP059658.1_cds_QRW15553.1_36 [locus_tag=RhiXN_03554] [protein=transmembrane protein] [protein_id=QRW15553.1] [location=join(147441..147449,147507..147595,147646..147682,147733..147821,147874..147976,148030..148626)] [gbkey=CDS]",0.0718954248366013,0.03594771241830065,0.049019607843137254,0.042483660130718956,0.016339869281045753,0.02287581699346405,0.0392156862745098,0.058823529411764705,0.02287581699346405,0.06862745098039216,0.1111111111111111,0.0457516339869281,0.029411764705882353,0.032679738562091505,0.06862745098039216,0.1111111111111111,0.049019607843137254,0.013071895424836602,0.026143790849673203,0.08496732026143791
"lcl|CP059658.1_cds_QRW15554.1_37 [locus_tag=RhiXN_03555] [protein=replicase polyprotein 1ab] [protein_id=QRW15554.1] [location=complement(join(150695..150773,150828..150976,151033..151187,151242..151347))] [gbkey=CDS]",0.09937888198757763,0.031055900621118012,0.012422360248447204,0.049689440993788817,0.024844720496894408,0.043478260869565216,0.055900621118012424,0.06832298136645963,0.006211180124223602,0.08695652173913043,0.13664596273291926,0.09316770186335403,0.024844720496894408,0.018633540372670808,0,0.055900621118012424,0.06832298136645963,0,0,0.12422360248447205
"lcl|CP059658.1_cds_QRW15555.1_38 [locus_tag=RhiXN_03556] [protein=S1/P1 nuclease] [protein_id=QRW15555.1] [location=join(153407..153473,153528..153690,153743..153886,153936..154033,154086..154115,154166..154367,154415..154589,154643..154807)] [gbkey=CDS]",0.06358381502890173,0.03757225433526012,0.057803468208092484,0.057803468208092484,0.014450867052023121,0.02023121387283237,0.049132947976878616,0.06647398843930635,0.02601156069364162,0.06936416184971098,0.11849710982658959,0.05202312138728324,0.008670520231213872,0.04046242774566474,0.06069364161849711,0.06936416184971098,0.07225433526011561,0.03468208092485549,0.023121387283236993,0.057803468208092484
"lcl|CP059658.1_cds_QRW15556.1_39 [locus_tag=RhiXN_03557] [protein=phospholipase] [protein_id=QRW15556.1] [location=join(156237..156291,156352..156369,156425..156536,156632..157355,157410..157423,157471..157532,157587..157769,157818..157872,157922..158021,158071..158164,158213..158267,158317..158642,158705..158744,158796..158829,158889..158918,158997..159055,159133..159180,159229..159475,159527..159703)] [gbkey=CDS]",0.05067985166872682,0.07292954264524104,0.042027194066749075,0.0580964153275649,0.006180469715698393,0.05562422744128554,0.07416563658838071,0.059332509270704575,0.04326328800988875,0.06551297898640297,0.08034610630407911,0.049443757725587144,0.014833127317676144,0.037082818294190356,0.05067985166872682,0.06674907292954264,0.05315203955500618,0.022249690976514216,0.027194066749072928,0.07045735475896168
"lcl|CP059658.1_cds_QRW15557.1_40 [locus_tag=RhiXN_03558] [protein=hypothetical protein] [protein_id=QRW15557.1] [location=complement(join(162419..162488,162544..162695,162754..163197,163252..163341,163400..163473,163565..163865))] [gbkey=CDS]",0.104,0.056,0.042666666666666665,0.04,0.010666666666666666,0.010666666666666666,0.032,0.042666666666666665,0.010666666666666666,0.07466666666666667,0.12,0.05333333333333334,0.034666666666666665,0.056,0.06933333333333333,0.112,0.050666666666666665,0.010666666666666666,0.013333333333333334,0.056
"lcl|CP059658.1_cds_QRW15558.1_41 [locus_tag=RhiXN_03559] [protein=GMC oxidoreductase] [protein_id=QRW15558.1] [location=join(163964..164139,164174..164273,164351..164414,164465..164521,164578..164682,164739..164854)] [gbkey=CDS]",0.11764705882352941,0.03431372549019608,0.07352941176470588,0.049019607843137254,0.004901960784313725,0.014705882352941176,0.04411764705882353,0.0784313725490196,0.0196078431372549,0.05392156862745098,0.10784313725490197,0.049019607843137254,0.0196078431372549,0.004901960784313725,0.058823529411764705,0.10294117647058823,0.06372549019607843,0.024509803921568627,0.0196078431372549,0.058823529411764705
"lcl|CP059658.1_cds_QRW15559.1_42 [locus_tag=RhiXN_03560] [protein=transmembrane protein, putative] [protein_id=QRW15559.1] [location=complement(join(165680..165785,165854..166002,166074..166234,166313..166538))] [gbkey=CDS]",0.1320754716981132,0.03773584905660377,0.014150943396226415,0.04716981132075472,0.02358490566037736,0.02830188679245283,0.0330188679245283,0.07075471698113207,0.0330188679245283,0.09905660377358491,0.14622641509433962,0.06132075471698113,0.018867924528301886,0.03773584905660377,0.018867924528301886,0.05188679245283019,0.02830188679245283,0.0047169811320754715,0,0.11320754716981132
"lcl|CP059658.1_cds_QRW15560.1_43 [locus_tag=RhiXN_03561] [protein=hypothetical protein] [protein_id=QRW15560.1] [location=complement(join(167333..167468,167562..167671,167722..167793,167850..167878,167931..168117))] [gbkey=CDS]",0.1590909090909091,0.011363636363636364,0.03977272727272727,0.05113636363636364,0.028409090909090908,0.022727272727272728,0.011363636363636364,0.056818181818181816,0.005681818181818182,0.07386363636363637,0.14772727272727273,0.056818181818181816,0.005681818181818182,0.022727272727272728,0.011363636363636364,0.06818181818181818,0.03409090909090909,0,0.005681818181818182,0.1875
"lcl|CP059658.1_cds_QRW15561.1_44 [locus_tag=RhiXN_03562] [protein=hypothetical protein] [protein_id=QRW15561.1] [location=complement(join(168825..168936,168990..169138,169193..169350,169405..169597))] [gbkey=CDS]",0.16831683168316833,0.024752475247524754,0.019801980198019802,0.054455445544554455,0.039603960396039604,0.009900990099009901,0.024752475247524754,0.06930693069306931,0,0.10396039603960396,0.15841584158415842,0.04455445544554455,0,0.024752475247524754,0.0049504950495049506,0.0594059405940594,0.039603960396039604,0,0,0.15346534653465346
"lcl|CP059658.1_cds_QRW15562.1_45 [locus_tag=RhiXN_03563] [protein=hypothetical protein] [protein_id=QRW15562.1] [location=complement(join(170457..170547,170614..170762,170816..170973,171031..171211))] [gbkey=CDS]",0.14659685863874344,0.010471204188481676,0.015706806282722512,0.04712041884816754,0.04712041884816754,0.02617801047120419,0.015706806282722512,0.05235602094240838,0.005235602094240838,0.09424083769633508,0.17277486910994763,0.05759162303664921,0.005235602094240838,0.03664921465968586,0.005235602094240838,0.05759162303664921,0.04712041884816754,0,0.005235602094240838,0.1518324607329843
"lcl|CP059658.1_cds_QRW15563.1_46 [locus_tag=RhiXN_03564] [protein=cytochrome P450 family protein] [protein_id=QRW15563.1] [location=complement(join(172114..172191,172246..172345,172409..172837,172897..173353,173413..173598,173656..173767,173826..173884,173941..174097,174155..174217))] [gbkey=CDS]",0.09541284403669725,0.060550458715596334,0.05321100917431193,0.047706422018348627,0.01651376146788991,0.029357798165137616,0.062385321100917435,0.06422018348623854,0.02018348623853211,0.044036697247706424,0.09908256880733946,0.047706422018348627,0.012844036697247707,0.045871559633027525,0.045871559633027525,0.08807339449541285,0.05321100917431193,0.012844036697247707,0.03853211009174312,0.062385321100917435
"lcl|CP059658.1_cds_QRW15564.1_47 [locus_tag=RhiXN_03565] [protein=response regulator receiver] [protein_id=QRW15564.1] [location=complement(join(177804..178841,178899..179023,179073..179596,179718..179879,179951..180477,180573..180839,180915..181613,181685..181818,181875..181922,181984..182038,183052..183548,183584..184506,184566..184797,184860..184944,184992..185107,185161..185558,185609..185637,185686..185690,185742..185761,185824..185954,186006..186020,186150..186245))] [gbkey=CDS]",0.0803921568627451,0.057352941176470586,0.031862745098039214,0.045588235294117645,0.009313725490196078,0.043137254901960784,0.05,0.0642156862745098,0.027450980392156862,0.059313725490196076,0.09264705882352942,0.05,0.016666666666666666,0.031862745098039214,0.07549019607843137,0.11127450980392156,0.06470588235294118,0.011274509803921568,0.022058823529411766,0.055392156862745096
"lcl|CP059658.1_cds_QRW15565.1_48 [locus_tag=RhiXN_03566] [protein=hypothetical protein] [protein_id=QRW15565.1] [location=join(188627..188816,188867..189024,189071..189219,189274..189361)] [gbkey=CDS]",0.13989637305699482,0.025906735751295335,0.03626943005181347,0.046632124352331605,0.04145077720207254,0.015544041450777202,0.025906735751295335,0.05699481865284974,0.04145077720207254,0.08808290155440414,0.13471502590673576,0.05181347150259067,0.015544041450777202,0.015544041450777202,0.010362694300518135,0.05699481865284974,0.025906735751295335,0,0.0051813471502590676,0.16580310880829016
"lcl|CP059658.1_cds_QRW15566.1_49 [locus_tag=RhiXN_03567] [protein=Metallopeptidase family M24] [protein_id=QRW15566.1] [location=join(191096..191113,191180..191237,191297..191390,191442..191515,191569..191589,191643..191662,191724..191851,191983..192124,192180..192197,192262..192365,192426..192480)] [gbkey=CDS]",0.08264462809917356,0.05785123966942149,0.03305785123966942,0.06198347107438017,0.028925619834710745,0.02066115702479339,0.07024793388429752,0.08264462809917356,0.0371900826446281,0.09504132231404959,0.07024793388429752,0.049586776859504134,0.012396694214876033,0.024793388429752067,0.05371900826446281,0.04132231404958678,0.07851239669421488,0.012396694214876033,0.028925619834710745,0.05785123966942149
"lcl|CP059658.1_cds_QRW15567.1_50 [locus_tag=RhiXN_03568] [protein=hypothetical protein] [protein_id=QRW15567.1] [location=join(193628..193811,193866..194026,194091..194201,194261..194371)] [gbkey=CDS]",0.11229946524064172,0.016042780748663103,0.03208556149732621,0.08021390374331551,0.0374331550802139,0.0053475935828877,0.0106951871657754,0.0481283422459893,0.0213903743315508,0.10695187165775401,0.16042780748663102,0.0748663101604278,0.0213903743315508,0.026737967914438502,0.0106951871657754,0.053475935828877004,0.0481283422459893,0,0.0106951871657754,0.12299465240641712
"lcl|CP059658.1_cds_QRW15568.1_51 [locus_tag=RhiXN_03569] [protein=hypothetical protein] [protein_id=QRW15568.1] [location=join(195537..195720,195779..195936,195989..196137,196196..196283)] [gbkey=CDS]",0.14659685863874344,0.015706806282722512,0.010471204188481676,0.041884816753926704,0.041884816753926704,0.02617801047120419,0.03664921465968586,0.05759162303664921,0.005235602094240838,0.08900523560209424,0.14136125654450263,0.05759162303664921,0,0.02617801047120419,0.015706806282722512,0.05759162303664921,0.010471204188481676,0,0.010471204188481676,0.2094240837696335
"lcl|CP059658.1_cds_QRW15569.1_52 [locus_tag=RhiXN_03570] [protein=hypothetical protein] [protein_id=QRW15569.1] [location=join(198604..198672,198925..199050,199119..199478)] [gbkey=CDS]",0.07103825136612021,0.09289617486338798,0.02185792349726776,0.060109289617486336,0.01639344262295082,0.04371584699453552,0.04371584699453552,0.04918032786885246,0.03278688524590164,0.04371584699453552,0.06557377049180328,0.0273224043715847,0.01639344262295082,0.0273224043715847,0.07650273224043716,0.1366120218579235,0.08743169398907104,0.01092896174863388,0.01639344262295082,0.060109289617486336
"lcl|CP059658.1_cds_QRW15570.1_53 [locus_tag=RhiXN_03571] [protein=kinase domain protein] [protein_id=QRW15570.1] [location=complement(join(201919..202273,202330..202367,202425..202715,202765..202962))] [gbkey=CDS]",0.04452054794520548,0.07534246575342465,0.030821917808219176,0.07534246575342465,0.010273972602739725,0.04794520547945205,0.0547945205479452,0.0410958904109589,0.03767123287671233,0.06164383561643835,0.09931506849315068,0.023972602739726026,0.030821917808219176,0.04452054794520548,0.0821917808219178,0.0821917808219178,0.02054794520547945,0.0136986301369863,0.0410958904109589,0.0821917808219178
"lcl|CP059658.1_cds_QRW15571.1_54 [locus_tag=RhiXN_03572] [protein=hypothetical protein] [protein_id=QRW15571.1] [location=join(203498..203700,203770..203926,203986..204075,204133..204190,204253..204297,204358..204498,204562..204606,204660..204723,204777..204885)] [gbkey=CDS]",0.0695364238410596,0.0728476821192053,0.026490066225165563,0.06622516556291391,0,0.046357615894039736,0.08940397350993377,0.046357615894039736,0.029801324503311258,0.056291390728476824,0.08278145695364239,0.033112582781456956,0.023178807947019868,0.026490066225165563,0.029801324503311258,0.12251655629139073,0.059602649006622516,0.013245033112582781,0.023178807947019868,0.08278145695364239
lcl|CP059658.1_cds_QRW15572.1_55 [locus_tag=RhiXN_03573] [protein=Retrotransposon gag protein] [protein_id=QRW15572.1] [location=209789..211159] [gbkey=CDS],0.09010989010989011,0.03296703296703297,0.06813186813186813,0.035164835164835165,0.03076923076923077,0.04835164835164835,0.07032967032967033,0.05054945054945055,0.02197802197802198,0.05274725274725275,0.05714285714285714,0.07252747252747253,0.01978021978021978,0.03076923076923077,0.06593406593406594,0.07912087912087912,0.06593406593406594,0.02197802197802198,0.03076923076923077,0.054945054945054944
lcl|CP059658.1_cds_QRW15573.1_56 [locus_tag=RhiXN_03574] [protein=Retrotransposable element Tf2 protein] [protein_id=QRW15573.1] [location=complement(213365..216736)] [gbkey=CDS],0.06327985739750445,0.05080213903743316,0.04367201426024955,0.049910873440285206,0.0053475935828877,0.034759358288770054,0.07575757575757576,0.0481283422459893,0.03208556149732621,0.05080213903743316,0.09982174688057041,0.07040998217468805,0.0142602495543672,0.049019607843137254,0.07308377896613191,0.07040998217468805,0.05080213903743316,0.022281639928698752,0.034759358288770054,0.06060606060606061
lcl|CP059658.1_cds_QRW15574.1_57 [locus_tag=RhiXN_03575] [protein=Retrotransposon-derived protein PEG10] [protein_id=QRW15574.1] [location=complement(216772..217968)] [gbkey=CDS],0.09571788413098237,0.0654911838790932,0.020151133501259445,0.06297229219143577,0.012594458438287154,0.047858942065491183,0.08816120906801007,0.0654911838790932,0.012594458438287154,0.05037783375314862,0.07808564231738035,0.07304785894206549,0.012594458438287154,0.02518891687657431,0.06801007556675064,0.05289672544080604,0.10831234256926953,0.020151133501259445,0.012594458438287154,0.027707808564231738
"lcl|CP059658.1_cds_QRW15575.1_58 [locus_tag=RhiXN_03576] [protein=Retrotransposable element Tf2 protein] [protein_id=QRW15575.1] [location=join(219061..220290,220326..221447)] [gbkey=CDS]",0.052429667519181586,0.0370843989769821,0.054987212276214836,0.06010230179028133,0.010230179028132993,0.049872122762148335,0.06777493606138107,0.04475703324808184,0.03580562659846547,0.07289002557544758,0.10997442455242967,0.08184143222506395,0.01278772378516624,0.04603580562659847,0.054987212276214836,0.054987212276214836,0.03964194373401535,0.021739130434782608,0.03836317135549872,0.05370843989769821
"lcl|CP059658.1_cds_QRW15576.1_59 [locus_tag=RhiXN_03577] [protein=Retrotransposable element Tf2 protein] [protein_id=QRW15576.1] [location=join(223690..224089,224138..224664,224701..224835,224889..225437)] [gbkey=CDS]",0.08224299065420561,0.026168224299065422,0.04672897196261682,0.03925233644859813,0.016822429906542057,0.052336448598130844,0.06355140186915888,0.059813084112149535,0.03177570093457944,0.0616822429906542,0.10093457943925234,0.08224299065420561,0.011214953271028037,0.03551401869158879,0.07476635514018691,0.04672897196261682,0.08224299065420561,0.024299065420560748,0.011214953271028037,0.05046728971962617
lcl|CP059658.1_cds_QRW15577.1_60 [locus_tag=RhiXN_03578] [protein=Retrotransposable element Tf2 protein] [protein_id=QRW15577.1] [location=225501..228089] [gbkey=CDS],0.06852497096399536,0.03484320557491289,0.05226480836236934,0.041811846689895474,0.015098722415795587,0.03948896631823461,0.0627177700348432,0.041811846689895474,0.036004645760743324,0.05110336817653891,0.10685249709639953,0.07317073170731707,0.020905923344947737,0.0545876887340302,0.05807200929152149,0.056910569105691054,0.059233449477351915,0.025551684088269456,0.03484320557491289,0.06620209059233449
"lcl|CP059658.1_cds_QRW15578.1_61 [locus_tag=RhiXN_03579] [protein=Retrotransposon-derived protein PEG10] [protein_id=QRW15578.1] [location=join(229129..229422,230265..230281,230346..231696)] [gbkey=CDS]",0.08333333333333333,0.05615942028985507,0.034420289855072464,0.041666666666666664,0.012681159420289856,0.050724637681159424,0.06702898550724638,0.06340579710144928,0.021739130434782608,0.03985507246376811,0.08514492753623189,0.08333333333333333,0.016304347826086956,0.018115942028985508,0.09420289855072464,0.06521739130434782,0.09057971014492754,0.012681159420289856,0.012681159420289856,0.050724637681159424
"lcl|CP059658.1_cds_QRW15579.1_62 [locus_tag=RhiXN_03580] [protein=Retrotransposable element Tf2 protein] [protein_id=QRW15579.1] [location=join(231819..233437,233471..234830,234884..235048,235099..235107)] [gbkey=CDS]",0.0667302192564347,0.03908484270734033,0.04671115347950429,0.04671115347950429,0.011439466158245948,0.03622497616777884,0.07340324118207817,0.04861773117254528,0.032411820781696854,0.05624404194470925,0.10772163965681601,0.07054337464251668,0.017159199237368923,0.04575786463298379,0.07149666348903717,0.05624404194470925,0.05624404194470925,0.022878932316491896,0.03527168732125834,0.05910390848427073
"lcl|CP059658.1_cds_QRW15580.1_63 [locus_tag=RhiXN_03581] [protein=Retrotransposable element Tf2 protein] [protein_id=QRW15580.1] [location=complement(join(235975..237096,237142..239010))] [gbkey=CDS]",0.05628140703517588,0.04321608040201005,0.054271356783919596,0.05025125628140704,0.008040201005025126,0.04623115577889447,0.06834170854271357,0.04824120603015075,0.033165829145728645,0.06532663316582915,0.10753768844221105,0.08844221105527639,0.01407035175879397,0.04824120603015075,0.0592964824120603,0.062311557788944726,0.035175879396984924,0.019095477386934675,0.04020100502512563,0.05226130653266332
"lcl|CP059658.1_cds_QRW15581.1_64 [locus_tag=RhiXN_03582] [protein=Retrotransposon gag protein] [protein_id=QRW15581.1] [location=complement(join(239414..239758,239794..240228,240294..240824))] [gbkey=CDS]",0.0896551724137931,0.04597701149425287,0.052873563218390804,0.05517241379310345,0.020689655172413793,0.05517241379310345,0.06206896551724138,0.04597701149425287,0.02528735632183908,0.05747126436781609,0.059770114942528735,0.07586206896551724,0.020689655172413793,0.027586206896551724,0.07126436781609195,0.08735632183908046,0.05517241379310345,0.016091954022988506,0.03218390804597701,0.04367816091954023
"lcl|CP059658.1_cds_QRW15582.1_65 [locus_tag=RhiXN_03583] [protein=Retrotransposable element Tf2 protein] [protein_id=QRW15582.1] [location=join(240867..240920,242461..243401,243476..244367)] [gbkey=CDS]",0.0861244019138756,0.05422647527910686,0.051036682615629984,0.04784688995215311,0.02073365231259968,0.03508771929824561,0.04784688995215311,0.05901116427432217,0.02711323763955343,0.044657097288676235,0.09250398724082935,0.0861244019138756,0.017543859649122806,0.03189792663476874,0.07177033492822966,0.08293460925039872,0.07017543859649122,0.023923444976076555,0.019138755980861243,0.030303030303030304
"lcl|CP059658.1_cds_QRW15583.1_66 [locus_tag=RhiXN_03584] [protein=Retrotransposable element Tf2 protein] [protein_id=QRW15583.1] [location=join(244425..245114,245142..246697,246763..246835)] [gbkey=CDS]",0.07003891050583658,0.04928664072632944,0.041504539559014265,0.04669260700389105,0.011673151750972763,0.055771725032425425,0.054474708171206226,0.04798962386511025,0.03372243839169909,0.04928664072632944,0.10376134889753567,0.0933852140077821,0.01556420233463035,0.04669260700389105,0.05966277561608301,0.057068741893644616,0.04409857328145266,0.023346303501945526,0.0324254215304799,0.06355382619974059
lcl|CP059658.1_cds_QRW15584.1_67 [locus_tag=RhiXN_03585] [protein=Transposon Ty3-G Gag-Pol polyprotein] [protein_id=QRW15584.1] [location=complement(256379..257065)] [gbkey=CDS],0.06167400881057269,0.05286343612334802,0.039647577092511016,0.048458149779735685,0.004405286343612335,0.03524229074889868,0.10572687224669604,0.03524229074889868,0.030837004405286344,0.05726872246696035,0.06167400881057269,0.12334801762114538,0.02643171806167401,0.030837004405286344,0.07929515418502203,0.030837004405286344,0.06607929515418502,0.022026431718061675,0.03524229074889868,0.05286343612334802
"lcl|CP059658.1_cds_QRW15585.1_68 [locus_tag=RhiXN_03586] [protein=Retrotransposable element Tf2 protein] [protein_id=QRW15585.1] [location=join(259113..259365,259396..259497,259552..260159)] [gbkey=CDS]",0.050156739811912224,0.018808777429467086,0.04075235109717868,0.050156739811912224,0.018808777429467086,0.05329153605015674,0.05956112852664577,0.03761755485893417,0.0438871473354232,0.05329153605015674,0.10031347962382445,0.08150470219435736,0.018808777429467086,0.06896551724137931,0.06269592476489028,0.05329153605015674,0.06269592476489028,0.03134796238244514,0.0438871473354232,0.050156739811912224
lcl|CP059658.1_cds_QRW15586.1_69 [locus_tag=RhiXN_03587] [protein=Transposon Tf2-7 polyprotein] [protein_id=QRW15586.1] [location=260805..261281] [gbkey=CDS],0.044585987261146494,0.044585987261146494,0.06369426751592357,0.03821656050955414,0.006369426751592357,0.03821656050955414,0.08280254777070063,0.044585987261146494,0.03821656050955414,0.10191082802547771,0.09554140127388536,0.08917197452229299,0.012738853503184714,0.025477707006369428,0.07643312101910828,0.08917197452229299,0.025477707006369428,0.03184713375796178,0.03184713375796178,0.01910828025477707
"lcl|CP059658.1_cds_QRW15587.1_70 [locus_tag=RhiXN_03588] [protein=kinase domain protein] [protein_id=QRW15587.1] [location=complement(join(265667..265763,267360..267490,267544..267859,267909..267946,268006..268296,268347..268550))] [gbkey=CDS]",0.058823529411764705,0.07282913165266107,0.0196078431372549,0.0784313725490196,0.014005602240896359,0.0392156862745098,0.05322128851540616,0.036414565826330535,0.0196078431372549,0.06162464985994398,0.10084033613445378,0.04481792717086835,0.036414565826330535,0.05042016806722689,0.07563025210084033,0.09803921568627451,0.04481792717086835,0.011204481792717087,0.036414565826330535,0.047619047619047616
"lcl|CP059658.1_cds_QRW15588.1_71 [locus_tag=RhiXN_03589] [protein=hypothetical protein] [protein_id=QRW15588.1] [location=join(269090..269292,269368..269524,269582..269756,269856..269900,269957..270097,270166..270210,270267..270330,270386..270494)] [gbkey=CDS]",0.0707395498392283,0.07717041800643087,0.03858520900321544,0.05787781350482315,0,0.05466237942122187,0.07717041800643087,0.0707395498392283,0.022508038585209004,0.06430868167202572,0.08681672025723473,0.022508038585209004,0.022508038585209004,0.03215434083601286,0.03215434083601286,0.09967845659163987,0.05787781350482315,0.00964630225080386,0.01929260450160772,0.08360128617363344
"lcl|CP059658.1_cds_QRW15589.1_72 [locus_tag=RhiXN_03590] [protein=hypothetical protein] [protein_id=QRW15589.1] [location=join(275114..275196,275240..275260,275307..275418)] [gbkey=CDS]",0.14285714285714285,0.02857142857142857,0.04285714285714286,0.04285714285714286,0.02857142857142857,0.02857142857142857,0.02857142857142857,0.04285714285714286,0,0.08571428571428572,0.14285714285714285,0.02857142857142857,0,0.014285714285714285,0.014285714285714285,0.11428571428571428,0.08571428571428572,0.014285714285714285,0.04285714285714286,0.07142857142857142
lcl|CP059658.1_cds_QRW15590.1_73 [locus_tag=RhiXN_03591] [protein=Copia-like polyprotein/retrotransposon] [protein_id=QRW15590.1] [location=complement(285002..285622)] [gbkey=CDS],0.1024390243902439,0.04390243902439024,0.04390243902439024,0.03414634146341464,0.01951219512195122,0.03902439024390244,0.04390243902439024,0.04390243902439024,0.02926829268292683,0.05365853658536585,0.14634146341463414,0.07317073170731707,0.03414634146341464,0.03902439024390244,0.02926829268292683,0.06341463414634146,0.05365853658536585,0.024390243902439025,0.04878048780487805,0.03414634146341464
lcl|CP059658.1_cds_QRW15591.1_74 [locus_tag=RhiXN_03592] [protein=Retrovirus-related Pol polyprotein from transposon TNT 1-94] [protein_id=QRW15591.1] [location=complement(286403..287473)] [gbkey=CDS],0.09014084507042254,0.014084507042253521,0.07323943661971831,0.030985915492957747,0.02535211267605634,0.04225352112676056,0.0676056338028169,0.059154929577464786,0.01971830985915493,0.04507042253521127,0.07605633802816901,0.07605633802816901,0.011267605633802818,0.01971830985915493,0.08169014084507042,0.09295774647887324,0.11267605633802817,0.011267605633802818,0.016901408450704224,0.03380281690140845
"lcl|CP059658.1_cds_QRW15592.1_75 [locus_tag=RhiXN_03593] [protein=Retrotransposable element Tf2 protein] [protein_id=QRW15592.1] [location=join(291802..292731,292851..293108,293165..293845)] [gbkey=CDS]",0.05152979066022544,0.028985507246376812,0.057971014492753624,0.04669887278582931,0.014492753623188406,0.05314009661835749,0.0644122383252818,0.04508856682769726,0.03864734299516908,0.05475040257648953,0.10628019323671498,0.10466988727858294,0.011272141706924315,0.03864734299516908,0.05636070853462158,0.06763285024154589,0.03864734299516908,0.01932367149758454,0.04186795491143317,0.05958132045088567
lcl|CP059658.1_cds_QRW15593.1_76 [locus_tag=RhiXN_03594] [protein=Retrovirus-related Pol polyprotein from transposon] [protein_id=QRW15593.1] [location=300125..308527] [gbkey=CDS],0.06073597713469096,0.0646659521257592,0.04108610217934977,0.04644515898535191,0.007859949982136478,0.0496605930689532,0.07252590210789568,0.04644515898535191,0.032868881743479815,0.06037870668095748,0.0811003929974991,0.06002143622722401,0.01714898177920686,0.031082529474812434,0.08610217934976777,0.09003215434083602,0.06073597713469096,0.013933547695605574,0.031797070382279385,0.04537334762415148
"lcl|CP059658.1_cds_QRW15594.1_77 [locus_tag=RhiXN_03595] [protein=hypothetical protein] [protein_id=QRW15594.1] [location=join(308731..309412,309474..310075)] [gbkey=CDS]",0.08685446009389672,0.03051643192488263,0.06572769953051644,0.06103286384976526,0.02112676056338028,0.03990610328638498,0.06103286384976526,0.051643192488262914,0.06103286384976526,0.051643192488262914,0.06572769953051644,0.011737089201877934,0.007042253521126761,0.0539906103286385,0.1056338028169014,0.06103286384976526,0.03286384976525822,0.025821596244131457,0.046948356807511735,0.05868544600938967
"lcl|CP059658.1_cds_QRW15595.1_78 [locus_tag=RhiXN_03596] [protein=Retrovirus-related Pol polyprotein from transposon TNT 1-94] [protein_id=QRW15595.1] [location=complement(join(313476..314635,314684..315137))] [gbkey=CDS]",0.06716417910447761,0.020522388059701493,0.09514925373134328,0.03544776119402985,0.014925373134328358,0.05223880597014925,0.03917910447761194,0.03917910447761194,0.024253731343283583,0.061567164179104475,0.08582089552238806,0.06716417910447761,0.022388059701492536,0.022388059701492536,0.08395522388059702,0.07462686567164178,0.09514925373134328,0.016791044776119403,0.029850746268656716,0.05223880597014925
"lcl|CP059658.1_cds_QRW15596.1_79 [locus_tag=RhiXN_03597] [protein=LON domain serine protease] [protein_id=QRW15596.1] [location=complement(join(318703..318850,318907..319019))] [gbkey=CDS]",0.08235294117647059,0.03529411764705882,0.047058823529411764,0.047058823529411764,0.047058823529411764,0.058823529411764705,0.07058823529411765,0.058823529411764705,0.023529411764705882,0.03529411764705882,0.11764705882352941,0.08235294117647059,0.03529411764705882,0.023529411764705882,0.047058823529411764,0.03529411764705882,0.07058823529411765,0.011764705882352941,0.03529411764705882,0.03529411764705882
"lcl|CP059658.1_cds_QRW15597.1_80 [locus_tag=RhiXN_03598] [protein=Retrotransposon gag protein] [protein_id=QRW15597.1] [location=join(324664..324849,324910..325114,325165..326021)] [gbkey=CDS]",0.11352657004830918,0.07004830917874397,0.026570048309178744,0.036231884057971016,0.00966183574879227,0.06280193236714976,0.07246376811594203,0.07246376811594203,0.01932367149758454,0.033816425120772944,0.09420289855072464,0.07004830917874397,0.012077294685990338,0.028985507246376812,0.09420289855072464,0.05314009661835749,0.07004830917874397,0.01932367149758454,0.007246376811594203,0.033816425120772944
lcl|CP059658.1_cds_QRW15598.1_81 [locus_tag=RhiXN_03599] [protein=Retrotransposable element Tf2 protein] [protein_id=QRW15598.1] [location=326099..329449] [gbkey=CDS],0.06905829596412556,0.054708520179372194,0.03856502242152467,0.054708520179372194,0.010762331838565023,0.03587443946188341,0.07982062780269059,0.05022421524663677,0.03228699551569507,0.04484304932735426,0.1031390134529148,0.07354260089686099,0.017937219730941704,0.04484304932735426,0.06636771300448431,0.060089686098654706,0.051121076233183856,0.021524663677130046,0.033183856502242155,0.057399103139013453
"lcl|CP059658.1_cds_QRW15599.1_82 [locus_tag=RhiXN_03600] [protein=kinase domain protein] [protein_id=QRW15599.1] [location=complement(join(335367..335681,335737..335940))] [gbkey=CDS]",0.04678362573099415,0.06432748538011696,0.029239766081871343,0.07602339181286549,0.017543859649122806,0.04093567251461988,0.08771929824561403,0.04678362573099415,0.023391812865497075,0.07602339181286549,0.0935672514619883,0.04678362573099415,0.017543859649122806,0.04678362573099415,0.07602339181286549,0.08187134502923976,0.011695906432748537,0.017543859649122806,0.029239766081871343,0.07017543859649122
"lcl|CP059658.1_cds_QRW15600.1_83 [locus_tag=RhiXN_03601] [protein=hypothetical protein] [protein_id=QRW15600.1] [location=join(336440..336642,336729..336885,336944..337033,337098..337263,337326..337466,337535..337579,337635..337698,337754..337862)] [gbkey=CDS]",0.06191950464396285,0.06191950464396285,0.02476780185758514,0.06191950464396285,0,0.06501547987616099,0.06811145510835913,0.06501547987616099,0.02786377708978328,0.05572755417956656,0.10526315789473684,0.034055727554179564,0.021671826625386997,0.021671826625386997,0.04024767801857585,0.13003095975232198,0.06811145510835913,0.01238390092879257,0.018575851393188854,0.05572755417956656
"lcl|CP059658.1_cds_QRW15601.1_84 [locus_tag=RhiXN_03602] [protein=intradiol ring-cleavage dioxygenase] [protein_id=QRW15601.1] [location=complement(join(341107..341177,341229..341278,341337..341580,341633..341757,341784..341941,341994..342173,342223..342573,342613..342755,342816..342879))] [gbkey=CDS]",0.09347826086956522,0.043478260869565216,0.058695652173913045,0.036956521739130437,0.013043478260869565,0.043478260869565216,0.05652173913043478,0.10434782608695652,0.02608695652173913,0.058695652173913045,0.06521739130434782,0.013043478260869565,0.010869565217391304,0.02391304347826087,0.05217391304347826,0.09565217391304348,0.1108695652173913,0.002173913043478261,0.036956521739130437,0.05434782608695652
"lcl|CP059658.1_cds_QRW15602.1_85 [locus_tag=RhiXN_03603] [protein=beta-1,4-D-glucan cellobiohydrolase] [protein_id=QRW15602.1] [location=join(344454..345293,345359..346156,346205..346249,346303..346392)] [gbkey=CDS]",0.08828522920203735,0.030560271646859084,0.059422750424448216,0.05602716468590832,0.03904923599320883,0.03904923599320883,0.023769100169779286,0.0899830220713073,0.013582342954159592,0.03735144312393888,0.044142614601018676,0.03395585738539898,0.01867572156196944,0.04074702886247878,0.035653650254668934,0.1035653650254669,0.12563667232597622,0.01697792869269949,0.05432937181663837,0.04923599320882852
"lcl|CP059658.1_cds_QRW15603.1_86 [locus_tag=RhiXN_03604] [protein=hypothetical protein] [protein_id=QRW15603.1] [location=join(348473..348793,348848..348996,349053..349134)] [gbkey=CDS]",0.0989010989010989,0.01098901098901099,0.04395604395604396,0.038461538461538464,0.027472527472527472,0.054945054945054944,0.04945054945054945,0.04945054945054945,0.016483516483516484,0.0989010989010989,0.12637362637362637,0.038461538461538464,0.016483516483516484,0.04945054945054945,0.027472527472527472,0.10989010989010989,0.04395604395604396,0.005494505494505495,0.016483516483516484,0.07692307692307693
"lcl|CP059658.1_cds_QRW15604.1_87 [locus_tag=RhiXN_03605] [protein=transmembrane protein] [protein_id=QRW15604.1] [location=complement(join(350627..350705,350752..350900,350958..351115,351179..351362))] [gbkey=CDS]",0.1276595744680851,0.010638297872340425,0.026595744680851064,0.03723404255319149,0.047872340425531915,0.026595744680851064,0.015957446808510637,0.09574468085106383,0,0.11170212765957446,0.18085106382978725,0.0425531914893617,0.005319148936170213,0.031914893617021274,0.015957446808510637,0.05851063829787234,0.0425531914893617,0,0.010638297872340425,0.11170212765957446
"lcl|CP059658.1_cds_QRW15605.1_88 [locus_tag=RhiXN_03606] [protein=aconitate hydratase] [protein_id=QRW15605.1] [location=complement(join(352944..353153,353252..353383))] [gbkey=CDS]",0.09821428571428571,0.10714285714285714,0.026785714285714284,0.0625,0.026785714285714284,0.008928571428571428,0.0625,0.09821428571428571,0.017857142857142856,0.026785714285714284,0.11607142857142858,0.044642857142857144,0.008928571428571428,0.026785714285714284,0.05357142857142857,0.017857142857142856,0.0625,0.026785714285714284,0.03571428571428571,0.07142857142857142
"lcl|CP059658.1_cds_QRW15606.1_89 [locus_tag=RhiXN_03607] [protein=Reverse transcriptase] [protein_id=QRW15606.1] [location=complement(join(355186..357252,357322..357585,357640..357696))] [gbkey=CDS]",0.07934508816120907,0.04030226700251889,0.0654911838790932,0.05415617128463476,0.013853904282115869,0.047858942065491183,0.04534005037783375,0.05163727959697733,0.022670025188916875,0.06675062972292191,0.07808564231738035,0.06675062972292191,0.02518891687657431,0.05037783375314862,0.061712846347607056,0.07178841309823678,0.05415617128463476,0.013853904282115869,0.041561712846347604,0.0491183879093199
lcl|CP059658.1_cds_QRW15607.1_90 [locus_tag=RhiXN_03608] [protein=integrase core domain protein] [protein_id=QRW15607.1] [location=complement(357810..358865)] [gbkey=CDS],0.05142857142857143,0.054285714285714284,0.054285714285714284,0.045714285714285714,0.011428571428571429,0.05714285714285714,0.06285714285714286,0.054285714285714284,0.017142857142857144,0.05714285714285714,0.08285714285714285,0.09428571428571429,0.017142857142857144,0.04285714285714286,0.06285714285714286,0.04857142857142857,0.06285714285714286,0.011428571428571429,0.05714285714285714,0.054285714285714284
lcl|CP059658.1_cds_QRW15608.1_91 [locus_tag=RhiXN_03609] [protein=Copia-like polyprotein/retrotransposon] [protein_id=QRW15608.1] [location=complement(359556..360746)] [gbkey=CDS],0.07848101265822785,0.04810126582278481,0.035443037974683546,0.05822784810126582,0.010126582278481013,0.043037974683544304,0.06835443037974684,0.05569620253164557,0.027848101265822784,0.043037974683544304,0.06835443037974684,0.060759493670886074,0.02278481012658228,0.035443037974683546,0.08354430379746836,0.11139240506329114,0.07341772151898734,0.02278481012658228,0.010126582278481013,0.043037974683544304
"lcl|CP059658.1_cds_QRW15609.1_92 [locus_tag=RhiXN_03610] [protein=nitrosoguanidine resistance protein SNG1] [protein_id=QRW15609.1] [location=complement(join(361281..361479,361533..361906,361958..362223,362283..362444,362494..362596,362660..362774,362830..362935,362989..363325))] [gbkey=CDS]",0.08876811594202899,0.06340579710144928,0.03985507246376811,0.034420289855072464,0.010869565217391304,0.03260869565217391,0.03985507246376811,0.06521739130434782,0.019927536231884056,0.059782608695652176,0.10869565217391304,0.025362318840579712,0.030797101449275364,0.05434782608695652,0.06340579710144928,0.06521739130434782,0.07971014492753623,0.012681159420289856,0.03804347826086957,0.06702898550724638
"lcl|CP059658.1_cds_QRW15610.1_93 [locus_tag=RhiXN_03611] [protein=JmjC domain, hydroxylase] [protein_id=QRW15610.1] [location=join(365569..365716,365762..366724,367637..368797,368865..369044,369098..369358,369409..369495,369546..369811,369862..369970,370021..370895,370950..371100,371151..371173,371223..371564,371615..371872)] [gbkey=CDS]",0.08032378580323786,0.08468244084682441,0.024283935242839352,0.05977584059775841,0.015566625155666251,0.03424657534246575,0.07036114570361146,0.060398505603985055,0.021793275217932753,0.033623910336239106,0.0684931506849315,0.0547945205479452,0.019925280199252802,0.026151930261519303,0.0759651307596513,0.12702366127023662,0.06102117061021171,0.011830635118306352,0.016811955168119553,0.05292652552926526
"lcl|CP059658.1_cds_QRW15611.1_94 [locus_tag=RhiXN_03612] [protein=nitrosoguanidine resistance protein SNG1] [protein_id=QRW15611.1] [location=join(373464..373485,373547..373759,373824..373914,373964..374078,374169..374238,374292..374449,374504..374646,374704..374770,374826..375199,375256..375454)] [gbkey=CDS]",0.13070539419087138,0.04771784232365145,0.03941908713692946,0.03734439834024896,0.006224066390041493,0.04149377593360996,0.03941908713692946,0.06431535269709543,0.01037344398340249,0.04979253112033195,0.0995850622406639,0.022821576763485476,0.024896265560165973,0.043568464730290454,0.05394190871369295,0.08298755186721991,0.08091286307053942,0.016597510373443983,0.04771784232365145,0.06016597510373444
"lcl|CP059658.1_cds_QRW15612.1_95 [locus_tag=RhiXN_03613] [protein=hypothetical protein] [protein_id=QRW15612.1] [location=join(375666..375741,375816..375972,376025..376062,376118..376362)] [gbkey=CDS]",0.052941176470588235,0.047058823529411764,0.041176470588235294,0.08235294117647059,0.01764705882352941,0.01764705882352941,0.06470588235294118,0.07058823529411765,0.03529411764705882,0.023529411764705882,0.08823529411764706,0.041176470588235294,0.023529411764705882,0.041176470588235294,0.08235294117647059,0.08823529411764706,0.047058823529411764,0.052941176470588235,0.023529411764705882,0.058823529411764705
"lcl|CP059658.1_cds_QRW15613.1_96 [locus_tag=RhiXN_03614] [protein=hypothetical protein] [protein_id=QRW15613.1] [location=complement(join(378699..378810,378866..378929,378985..379029,379087..379221,379417..379570,379621..379777,379836..380038))] [gbkey=CDS]",0.06597222222222222,0.06944444444444445,0.020833333333333332,0.05555555555555555,0.006944444444444444,0.052083333333333336,0.09722222222222222,0.04513888888888889,0.041666666666666664,0.04513888888888889,0.10416666666666667,0.04513888888888889,0.034722222222222224,0.020833333333333332,0.034722222222222224,0.09375,0.04513888888888889,0.010416666666666666,0.024305555555555556,0.08680555555555555
"lcl|CP059658.1_cds_QRW15614.1_97 [locus_tag=RhiXN_03615] [protein=kinase domain protein] [protein_id=QRW15614.1] [location=join(380561..380764,380825..381115,381166..381203,381257..381572,381628..381891)] [gbkey=CDS]",0.06233062330623306,0.07588075880758807,0.018970189701897018,0.06504065040650407,0.01084010840108401,0.04607046070460705,0.056910569105691054,0.04336043360433604,0.04065040650406504,0.05962059620596206,0.10569105691056911,0.03523035230352303,0.02981029810298103,0.04607046070460705,0.07317073170731707,0.07046070460704607,0.03523035230352303,0.018970189701897018,0.04065040650406504,0.06504065040650407
lcl|CP059658.1_cds_QRW15615.1_98 [locus_tag=RhiXN_03616] [protein=Retrotransposable element Tf2 protein] [protein_id=QRW15615.1] [location=complement(388200..391235)] [gbkey=CDS],0.055445544554455446,0.03762376237623762,0.05643564356435644,0.04455445544554455,0.011881188118811881,0.0504950495049505,0.07227722772277227,0.047524752475247525,0.031683168316831684,0.06930693069306931,0.10693069306930693,0.0891089108910891,0.01287128712871287,0.046534653465346534,0.061386138613861385,0.05643564356435644,0.038613861386138613,0.01881188118811881,0.040594059405940595,0.05148514851485148
"lcl|CP059658.1_cds_QRW15616.1_99 [locus_tag=RhiXN_03617] [protein=Zinc finger, CCHC-type] [protein_id=QRW15616.1] [location=complement(join(391640..392421,392582..393041))] [gbkey=CDS]",0.09223300970873786,0.043689320388349516,0.05825242718446602,0.04611650485436893,0.024271844660194174,0.05825242718446602,0.05825242718446602,0.050970873786407765,0.021844660194174758,0.05339805825242718,0.06067961165048544,0.0703883495145631,0.024271844660194174,0.02912621359223301,0.0703883495145631,0.09466019417475728,0.06310679611650485,0.012135922330097087,0.024271844660194174,0.043689320388349516
"lcl|CP059658.1_cds_QRW15617.1_100 [locus_tag=RhiXN_03618] [protein=Retrotransposon-derived protein PEG10] [protein_id=QRW15617.1] [location=join(398842..399007,399578..400545)] [gbkey=CDS]",0.09308510638297872,0.03723404255319149,0.0425531914893617,0.047872340425531915,0.031914893617021274,0.04521276595744681,0.06648936170212766,0.05851063829787234,0.013297872340425532,0.04521276595744681,0.09042553191489362,0.08244680851063829,0.015957446808510637,0.02127659574468085,0.07446808510638298,0.05319148936170213,0.10106382978723404,0.018617021276595744,0.015957446808510637,0.04521276595744681
"lcl|CP059658.1_cds_QRW15618.1_101 [locus_tag=RhiXN_03619] [protein=Retrotransposable element Tf2 protein] [protein_id=QRW15618.1] [location=complement(join(401081..404470,404524..405397,405427..405674))] [gbkey=CDS]",0.07523302263648468,0.05659121171770972,0.03661784287616511,0.05193075898801598,0.009320905459387484,0.039280958721704395,0.07656458055925433,0.0492676431424767,0.02663115845539281,0.05059920106524634,0.09121171770972038,0.07123834886817576,0.015978695073235686,0.041278295605858856,0.07456724367509987,0.061917443408788284,0.06524633821571238,0.020639147802929428,0.02796271637816245,0.05792276964047936
"lcl|CP059658.1_cds_QRW15619.1_102 [locus_tag=RhiXN_03620] [protein=Retrotransposable element Tf2 protein] [protein_id=QRW15619.1] [location=join(406985..407150,407232..407425,407475..409028)] [gbkey=CDS]",0.0660377358490566,0.0330188679245283,0.05660377358490566,0.050314465408805034,0.007861635220125786,0.050314465408805034,0.05817610062893082,0.03930817610062893,0.02358490566037736,0.05817610062893082,0.10377358490566038,0.08018867924528301,0.02358490566037736,0.05188679245283019,0.05817610062893082,0.059748427672955975,0.06761006289308176,0.018867924528301886,0.036163522012578615,0.05660377358490566
"lcl|CP059658.1_cds_QRW15620.1_103 [locus_tag=RhiXN_03621] [protein=pectate lyase] [protein_id=QRW15620.1] [location=complement(join(412402..412488,412543..412606,412661..412773,412830..412911,412968..412989,413054..413094,413151..413165,413218..413281,413341..413354,413424..413432,413489..413544,413603..413635,413703..413717,413780..413909,413962..414056,414110..414205,414275..414338,414392..414540))] [gbkey=CDS]",0.08923884514435695,0.01837270341207349,0.08136482939632546,0.04199475065616798,0.015748031496062992,0.03412073490813648,0.007874015748031496,0.11548556430446194,0.015748031496062992,0.06036745406824147,0.06299212598425197,0.05511811023622047,0.015748031496062992,0.03412073490813648,0.026246719160104987,0.11286089238845144,0.10498687664041995,0.01837270341207349,0.03937007874015748,0.049868766404199474
"lcl|CP059658.1_cds_QRW15621.1_104 [locus_tag=RhiXN_03622] [protein=hypothetical protein] [protein_id=QRW15621.1] [location=complement(join(417635..418710,418851..418950))] [gbkey=CDS]",0.04871794871794872,0.06153846153846154,0.035897435897435895,0.06153846153846154,0.023076923076923078,0.038461538461538464,0.05384615384615385,0.05384615384615385,0.02564102564102564,0.06153846153846154,0.1358974358974359,0.041025641025641026,0.023076923076923078,0.035897435897435895,0.05897435897435897,0.07435897435897436,0.06153846153846154,0.017948717948717947,0.02564102564102564,0.06153846153846154
"lcl|CP059658.1_cds_QRW15622.1_105 [locus_tag=RhiXN_03623] [protein=Retrovirus-related Pol polyprotein from transposon TNT 1-94] [protein_id=QRW15622.1] [location=join(420798..421234,421279..421507)] [gbkey=CDS]",0.08181818181818182,0.01818181818181818,0.045454545454545456,0.01818181818181818,0.02727272727272727,0.11363636363636363,0.07727272727272727,0.08181818181818182,0.022727272727272728,0.07727272727272727,0.07727272727272727,0.1,0.022727272727272728,0.01818181818181818,0.03636363636363636,0.06363636363636363,0.05909090909090909,0.01818181818181818,0.01818181818181818,0.022727272727272728
lcl|CP059658.1_cds_QRW15623.1_106 [locus_tag=RhiXN_03624] [protein=Retrovirus-related Pol polyprotein from transposon TNT 1-94] [protein_id=QRW15623.1] [location=421899..422372] [gbkey=CDS],0.057692307692307696,0.02564102564102564,0.07051282051282051,0.03205128205128205,0.02564102564102564,0.03205128205128205,0.03205128205128205,0.08333333333333333,0.04487179487179487,0.0641025641025641,0.07692307692307693,0.09615384615384616,0.038461538461538464,0.038461538461538464,0.038461538461538464,0.07051282051282051,0.04487179487179487,0.01282051282051282,0.03205128205128205,0.08333333333333333
"lcl|CP059658.1_cds_QRW15624.1_107 [locus_tag=RhiXN_03625] [protein=Gag-Pol polyprotein/retrotransposon] [protein_id=QRW15624.1] [location=join(423985..424104,424151..424185,424274..425711)] [gbkey=CDS]",0.07939508506616257,0.054820415879017016,0.054820415879017016,0.04158790170132325,0.013232514177693762,0.03969754253308128,0.054820415879017016,0.06049149338374291,0.020793950850661626,0.062381852551984876,0.09073724007561437,0.07939508506616257,0.03213610586011342,0.03969754253308128,0.04914933837429111,0.06049149338374291,0.06427221172022685,0.015122873345935728,0.034026465028355386,0.052930056710775046
"lcl|CP059658.1_cds_QRW15625.1_108 [locus_tag=RhiXN_03626] [protein=kinase domain protein] [protein_id=QRW15625.1] [location=complement(join(428863..429126,429183..429498,429550..429587,429638..429934,429987..430325))] [gbkey=CDS]",0.07451923076923077,0.09615384615384616,0.03365384615384615,0.06490384615384616,0.009615384615384616,0.040865384615384616,0.057692307692307696,0.04326923076923077,0.019230769230769232,0.04567307692307692,0.10096153846153846,0.026442307692307692,0.016826923076923076,0.057692307692307696,0.07932692307692307,0.055288461538461536,0.036057692307692304,0.016826923076923076,0.0625,0.0625
"lcl|CP059658.1_cds_QRW15626.1_109 [locus_tag=RhiXN_03627] [protein=TPR-2 domain protein] [protein_id=QRW15626.1] [location=join(430831..431054,431110..431275,431322..431405,431466..431535,431594..431655)] [gbkey=CDS]",0.09,0.065,0.025,0.055,0.005,0.065,0.085,0.03,0.015,0.04,0.085,0.045,0.005,0.03,0.04,0.115,0.09,0.015,0.06,0.04
"lcl|CP059658.1_cds_QRW15627.1_110 [locus_tag=RhiXN_03628] [protein=kinase domain protein] [protein_id=QRW15627.1] [location=complement(join(433371..433740,433793..433830,433881..434177,434234..434449))] [gbkey=CDS]",0.04590163934426229,0.09180327868852459,0.04918032786885246,0.06229508196721312,0.019672131147540985,0.029508196721311476,0.06557377049180328,0.04262295081967213,0.02622950819672131,0.06557377049180328,0.09836065573770492,0.036065573770491806,0.022950819672131147,0.04590163934426229,0.06557377049180328,0.06557377049180328,0.019672131147540985,0.02622950819672131,0.05245901639344262,0.06885245901639345
"lcl|CP059658.1_cds_QRW15628.1_111 [locus_tag=RhiXN_03629] [protein=TPR-2 domain protein] [protein_id=QRW15628.1] [location=join(435150..435304,435354..435519,435581..435661,435710..435776,435836..435886,435944..436134)] [gbkey=CDS]",0.08085106382978724,0.059574468085106386,0.0425531914893617,0.05106382978723404,0.00851063829787234,0.06382978723404255,0.09361702127659574,0.0425531914893617,0.02127659574468085,0.05531914893617021,0.06382978723404255,0.05106382978723404,0.01702127659574468,0.04680851063829787,0.0425531914893617,0.10638297872340426,0.059574468085106386,0.00851063829787234,0.03829787234042553,0.04680851063829787
"lcl|CP059658.1_cds_QRW15629.1_112 [locus_tag=RhiXN_03630] [protein=Retrotransposable element Tf2 protein] [protein_id=QRW15629.1] [location=complement(join(441131..441922,442592..442729))] [gbkey=CDS]",0.06493506493506493,0.032467532467532464,0.048701298701298704,0.03571428571428571,0.016233766233766232,0.032467532467532464,0.09415584415584416,0.05844155844155844,0.016233766233766232,0.03896103896103896,0.09415584415584416,0.1038961038961039,0.025974025974025976,0.03571428571428571,0.05844155844155844,0.06168831168831169,0.045454545454545456,0.03571428571428571,0.02922077922077922,0.07142857142857142
lcl|CP059658.1_cds_QRW15630.1_113 [locus_tag=RhiXN_03631] [protein=Retrotransposable element Tf2 protein] [protein_id=QRW15630.1] [location=complement(444041..444433)] [gbkey=CDS],0.07751937984496124,0.023255813953488372,0.05426356589147287,0.046511627906976744,0.031007751937984496,0.09302325581395349,0.05426356589147287,0.007751937984496124,0.015503875968992248,0.015503875968992248,0.11627906976744186,0.08527131782945736,0.046511627906976744,0.031007751937984496,0.09302325581395349,0.03875968992248062,0.031007751937984496,0.015503875968992248,0.015503875968992248,0.10852713178294573
"lcl|CP059658.1_cds_QRW15631.1_114 [locus_tag=RhiXN_03632] [protein=Retrotransposable element Tf2 protein] [protein_id=QRW15631.1] [location=complement(join(445424..446079,446160..447294,447326..448184,448238..448500))] [gbkey=CDS]",0.05056759545923633,0.038183694530443756,0.053663570691434466,0.04540763673890609,0.010319917440660475,0.04953560371517028,0.07636738906088751,0.043343653250773995,0.034055727554179564,0.07120743034055728,0.10113519091847266,0.09081527347781218,0.013415892672858616,0.04953560371517028,0.06191950464396285,0.053663570691434466,0.038183694530443756,0.018575851393188854,0.04437564499484004,0.05572755417956656
"lcl|CP059658.1_cds_QRW15632.1_115 [locus_tag=RhiXN_03633] [protein=Retrotransposon gag protein] [protein_id=QRW15632.1] [location=complement(join(448862..450121,450175..450393))] [gbkey=CDS]",0.08757637474541752,0.048879837067209775,0.06313645621181263,0.038696537678207736,0.018329938900203666,0.04480651731160896,0.05702647657841141,0.05295315682281059,0.026476578411405296,0.04684317718940937,0.054989816700611,0.07128309572301425,0.024439918533604887,0.028513238289205704,0.07739307535641547,0.08961303462321792,0.06924643584521385,0.018329938900203666,0.03054989816700611,0.05091649694501019
lcl|CP059658.1_cds_QRW15633.1_116 [locus_tag=RhiXN_03634] [protein=Retrotransposable element Tf2 protein] [protein_id=QRW15633.1] [location=454584..455042] [gbkey=CDS],0.059602649006622516,0.039735099337748346,0.046357615894039736,0.039735099337748346,0.033112582781456956,0.052980132450331126,0.039735099337748346,0.039735099337748346,0.039735099337748346,0.06622516556291391,0.08609271523178808,0.07947019867549669,0.019867549668874173,0.0728476821192053,0.052980132450331126,0.06622516556291391,0.07947019867549669,0.013245033112582781,0.039735099337748346,0.033112582781456956
"lcl|CP059658.1_cds_QRW15634.1_117 [locus_tag=RhiXN_03635] [protein=kinase domain protein] [protein_id=QRW15634.1] [location=complement(join(463038..463040,463239..463364,463418..463733,463786..463823,463876..464166,464222..464428))] [gbkey=CDS]",0.046153846153846156,0.06769230769230769,0.04,0.07384615384615385,0.012307692307692308,0.04923076923076923,0.052307692307692305,0.04,0.024615384615384615,0.052307692307692305,0.11692307692307692,0.043076923076923075,0.027692307692307693,0.043076923076923075,0.08,0.06769230769230769,0.04923076923076923,0.012307692307692308,0.043076923076923075,0.05846153846153846
"lcl|CP059658.1_cds_QRW15635.1_118 [locus_tag=RhiXN_03636] [protein=hypothetical protein] [protein_id=QRW15635.1] [location=join(464949..465151,465222..465378,465428..465508,465558..465612,465684..465716,465774..465911,465962..466006,466057..466120,466172..466262)] [gbkey=CDS]",0.059233449477351915,0.08013937282229965,0.027874564459930314,0.06968641114982578,0.003484320557491289,0.05226480836236934,0.0975609756097561,0.05574912891986063,0.03832752613240418,0.04878048780487805,0.08362369337979095,0.0313588850174216,0.024390243902439025,0.020905923344947737,0.0313588850174216,0.09407665505226481,0.05226480836236934,0.017421602787456445,0.027874564459930314,0.08362369337979095
"lcl|CP059658.1_cds_QRW15636.1_119 [locus_tag=RhiXN_03637] [protein=TPR-1 domain protein] [protein_id=QRW15636.1] [location=complement(join(471277..472147,472215..472737,472791..473171,473226..473265))] [gbkey=CDS]",0.1044776119402985,0.06965174129353234,0.029850746268656716,0.06301824212271974,0.003316749585406302,0.03150912106135987,0.08291873963515754,0.04975124378109453,0.03150912106135987,0.03648424543946932,0.09950248756218906,0.01990049751243781,0.02321724709784411,0.026533996683250415,0.09618573797678276,0.09618573797678276,0.06799336650082918,0.001658374792703151,0.02321724709784411,0.04311774461028192
"lcl|CP059658.1_cds_QRW15637.1_120 [locus_tag=RhiXN_03638] [protein=hypothetical protein] [protein_id=QRW15637.1] [location=join(474336..474456,474516..474551,474614..474681,475035..475150,475200..475225,475274..475374)] [gbkey=CDS]",0.025974025974025976,0.05844155844155844,0.03896103896103896,0.06493506493506493,0.012987012987012988,0.01948051948051948,0.05194805194805195,0.07142857142857142,0.01948051948051948,0.07142857142857142,0.11688311688311688,0.05844155844155844,0.006493506493506494,0.025974025974025976,0.09090909090909091,0.08441558441558442,0.09090909090909091,0.025974025974025976,0.01948051948051948,0.045454545454545456
"lcl|CP059658.1_cds_QRW15638.1_121 [locus_tag=RhiXN_03639] [protein=hypothetical protein] [protein_id=QRW15638.1] [location=join(478607..478769,478821..478847,478902..479063,479115..479178,479227..479281,479331..479449,479500..479525,479587..479653,479702..479816,479869..479955,480000..480123,480186..480358,480413..480904)] [gbkey=CDS]",0.08093525179856115,0.07913669064748201,0.03776978417266187,0.05575539568345324,0.0035971223021582736,0.030575539568345324,0.03597122302158273,0.06654676258992806,0.044964028776978415,0.052158273381294966,0.08992805755395683,0.06115107913669065,0.017985611510791366,0.02877697841726619,0.07014388489208633,0.08093525179856115,0.050359712230215826,0.014388489208633094,0.02877697841726619,0.07014388489208633
"lcl|CP059658.1_cds_QRW15639.1_122 [locus_tag=RhiXN_03640] [protein=hypothetical protein] [protein_id=QRW15639.1] [location=join(482053..482111,482167..482221,482275..482387,482452..482477,482532..482592,482655..482721,482804..482905,482962..483291,483341..483470,483527..483624)] [gbkey=CDS]",0.06376811594202898,0.0927536231884058,0.020289855072463767,0.06086956521739131,0.014492753623188406,0.034782608695652174,0.06086956521739131,0.05507246376811594,0.034782608695652174,0.04927536231884058,0.09565217391304348,0.06666666666666667,0.020289855072463767,0.03188405797101449,0.06666666666666667,0.06666666666666667,0.04927536231884058,0.02318840579710145,0.02318840579710145,0.06956521739130435
"lcl|CP059658.1_cds_QRW15640.1_123 [locus_tag=RhiXN_03641] [protein=hypothetical protein] [protein_id=QRW15640.1] [location=join(484409..484526,484604..484630,484694..484834,484885..484948,485001..485055,485106..485239,485293..485318,485379..485442,485506..485614,485669..485752,485807..486127,486185..486251,487803..488443)] [gbkey=CDS]",0.06666666666666667,0.05203252032520325,0.03577235772357724,0.04390243902439024,0.016260162601626018,0.03739837398373984,0.06991869918699187,0.07479674796747968,0.03902439024390244,0.055284552845528454,0.11869918699186992,0.05203252032520325,0.02113821138211382,0.03577235772357724,0.03902439024390244,0.05365853658536585,0.06991869918699187,0.01788617886178862,0.030894308943089432,0.06991869918699187
"lcl|CP059658.1_cds_QRW15641.1_124 [locus_tag=RhiXN_03642] [protein=intradiol ring-cleavage dioxygenase] [protein_id=QRW15641.1] [location=complement(join(489418..489482,489535..489828,489889..489963,490016..490112,490172..490351,490411..490943,490994..491057))] [gbkey=CDS]",0.07834101382488479,0.04838709677419355,0.06221198156682028,0.03686635944700461,0.009216589861751152,0.05069124423963134,0.0576036866359447,0.08755760368663594,0.027649769585253458,0.06221198156682028,0.06912442396313365,0.018433179723502304,0.01152073732718894,0.027649769585253458,0.04377880184331797,0.08986175115207373,0.10138248847926268,0.0069124423963133645,0.04838709677419355,0.06221198156682028
"lcl|CP059658.1_cds_QRW15642.1_125 [locus_tag=RhiXN_03643] [protein=co-chaperone] [protein_id=QRW15642.1] [location=complement(join(493405..493684,493746..494432,494491..494684,494735..495139))] [gbkey=CDS]",0.125,0.08076923076923077,0.03653846153846154,0.05576923076923077,0.011538461538461539,0.05576923076923077,0.06346153846153846,0.08076923076923077,0.025,0.013461538461538462,0.10576923076923077,0.06346153846153846,0.021153846153846155,0.04230769230769231,0.038461538461538464,0.046153846153846156,0.05,0.01730769230769231,0.025,0.04230769230769231
"lcl|CP059658.1_cds_QRW15643.1_126 [locus_tag=RhiXN_03644] [protein=methionine-R-sulfoxide reductase] [protein_id=QRW15643.1] [location=join(495368..495470,495526..495642,495696..496024)] [gbkey=CDS]",0.10497237569060773,0.03314917127071823,0.022099447513812154,0.055248618784530384,0.03314917127071823,0.03314917127071823,0.055248618784530384,0.08839779005524862,0.03867403314917127,0.049723756906077346,0.08287292817679558,0.04419889502762431,0,0.055248618784530384,0.06629834254143646,0.09944751381215469,0.027624309392265192,0.011049723756906077,0.027624309392265192,0.0718232044198895
"lcl|CP059658.1_cds_QRW15644.1_127 [locus_tag=RhiXN_03645] [protein=5'-methylthioadenosine phosphorylase] [protein_id=QRW15644.1] [location=complement(join(496283..496456,496542..496656,496719..496741,496825..496953,496999..497158,497214..497333,497388..497445,497508..497523))] [gbkey=CDS]",0.10646387832699619,0.057034220532319393,0.034220532319391636,0.045627376425855515,0,0.026615969581749048,0.07224334600760456,0.053231939163498096,0.011406844106463879,0.07604562737642585,0.07984790874524715,0.04182509505703422,0.011406844106463879,0.049429657794676805,0.057034220532319393,0.08745247148288973,0.06463878326996197,0.019011406844106463,0.022813688212927757,0.08365019011406843
"lcl|CP059658.1_cds_QRW15645.1_128 [locus_tag=RhiXN_03646] [protein=Multicopper oxidase] [protein_id=QRW15645.1] [location=join(498960..498980,499020..499165,499223..499400,499456..499613,499665..499779,499832..499848,499928..500044,500093..500181,500236..500326,500370..500424,500475..500582,500638..500695,500774..500967,501019..501135)] [gbkey=CDS]",0.06790123456790123,0.037037037037037035,0.053497942386831275,0.043209876543209874,0.01440329218106996,0.0411522633744856,0.030864197530864196,0.06172839506172839,0.037037037037037035,0.051440329218107,0.1111111111111111,0.04938271604938271,0.01646090534979424,0.03497942386831276,0.09465020576131687,0.07613168724279835,0.0720164609053498,0.02263374485596708,0.030864197530864196,0.053497942386831275
"lcl|CP059658.1_cds_QRW15646.1_129 [locus_tag=RhiXN_03647] [protein=Retrotransposable element Tf2 protein] [protein_id=QRW15646.1] [location=complement(join(502631..502792,502840..503013,503063..503125))] [gbkey=CDS]",0.030534351145038167,0.061068702290076333,0.015267175572519083,0.04580152671755725,0.007633587786259542,0.04580152671755725,0.10687022900763359,0.05343511450381679,0.030534351145038167,0.03816793893129771,0.10687022900763359,0.10687022900763359,0.007633587786259542,0.03816793893129771,0.08396946564885496,0.0916030534351145,0.03816793893129771,0.022900763358778626,0.03816793893129771,0.030534351145038167
"lcl|CP059658.1_cds_QRW15647.1_130 [locus_tag=RhiXN_03648] [protein=Retrotransposable element Tf2 protein] [protein_id=QRW15647.1] [location=complement(join(503160..504196,504242..504644,504703..506028))] [gbkey=CDS]",0.07608695652173914,0.042391304347826085,0.042391304347826085,0.05543478260869565,0.009782608695652175,0.036956521739130437,0.0641304347826087,0.042391304347826085,0.03152173913043478,0.05,0.10434782608695652,0.06195652173913044,0.015217391304347827,0.05217391304347826,0.07173913043478261,0.06521739130434782,0.05543478260869565,0.020652173913043477,0.03260869565217391,0.06956521739130435
"lcl|CP059658.1_cds_QRW15648.1_131 [locus_tag=RhiXN_03649] [protein=Retrotransposon gag protein] [protein_id=QRW15648.1] [location=complement(join(506064..506745,506785..507414,508387..508520))] [gbkey=CDS]",0.08958333333333333,0.05,0.0375,0.04583333333333333,0.022916666666666665,0.05,0.0625,0.0625,0.022916666666666665,0.04791666666666667,0.06458333333333334,0.07708333333333334,0.014583333333333334,0.020833333333333332,0.08333333333333333,0.07916666666666666,0.09583333333333334,0.0125,0.016666666666666666,0.04375
lcl|CP059658.1_cds_QRW15649.1_132 [locus_tag=RhiXN_03650] [protein=Retrotransposable element Tf2 protein] [protein_id=QRW15649.1] [location=511221..512339] [gbkey=CDS],0.11590296495956873,0.05121293800539083,0.04043126684636118,0.03234501347708895,0.02425876010781671,0.0646900269541779,0.05121293800539083,0.0646900269541779,0.02425876010781671,0.03234501347708895,0.07816711590296496,0.0673854447439353,0.016172506738544475,0.029649595687331536,0.1078167115902965,0.04851752021563342,0.07816711590296496,0.018867924528301886,0.01078167115902965,0.0431266846361186
lcl|CP059658.1_cds_QRW15650.1_133 [locus_tag=RhiXN_03651] [protein=hypothetical protein] [protein_id=QRW15650.1] [location=512579..513136] [gbkey=CDS],0.07065217391304347,0.02717391304347826,0.03804347826086957,0.04891304347826087,0.005434782608695652,0.016304347826086956,0.08695652173913043,0.06521739130434782,0.03804347826086957,0.04891304347826087,0.10869565217391304,0.08695652173913043,0.02717391304347826,0.03260869565217391,0.07608695652173914,0.07065217391304347,0.05434782608695652,0.02717391304347826,0.021739130434782608,0.04891304347826087
"lcl|CP059658.1_cds_QRW15651.1_134 [locus_tag=RhiXN_03652] [protein=Retrotransposable element Tf2 protein] [protein_id=QRW15651.1] [location=join(513282..515598,515671..515948)] [gbkey=CDS]",0.06836616454229433,0.05330243337195829,0.05330243337195829,0.04982618771726535,0.010428736964078795,0.04982618771726535,0.0660486674391657,0.04982618771726535,0.031286210892236384,0.04171494785631518,0.10081112398609501,0.08227114716106605,0.016222479721900347,0.04982618771726535,0.056778679026651215,0.05098493626882966,0.05330243337195829,0.02433371958285052,0.03360370799536501,0.05793742757821553
"lcl|CP059658.1_cds_QRW15652.1_135 [locus_tag=RhiXN_03653] [protein=hypothetical protein] [protein_id=QRW15652.1] [location=join(518791..519271,519860..522702,522754..523232,523284..523326)] [gbkey=CDS]",0.08203125,0.07109375,0.0375,0.0421875,0,0.09140625,0.0515625,0.0703125,0.034375,0.0203125,0.046875,0.0234375,0.0234375,0.0203125,0.13203125,0.10546875,0.07109375,0.00625,0.025,0.0453125
"lcl|CP059658.1_cds_QRW15653.1_136 [locus_tag=RhiXN_03654] [protein=DNA-directed RNA polymerase II subunit RPB7] [protein_id=QRW15653.1] [location=join(523593..523604,523662..523817,523870..523983,524044..524094,524156..524221,524304..524369,524439..524486)] [gbkey=CDS]",0.047337278106508875,0.03550295857988166,0.023668639053254437,0.0650887573964497,0.005917159763313609,0.023668639053254437,0.047337278106508875,0.10059171597633136,0.029585798816568046,0.08284023668639054,0.05917159763313609,0.0650887573964497,0.029585798816568046,0.07692307692307693,0.047337278106508875,0.05325443786982249,0.0650887573964497,0,0.029585798816568046,0.11242603550295859
"lcl|CP059658.1_cds_QRW15654.1_137 [locus_tag=RhiXN_03655] [protein=hypothetical protein] [protein_id=QRW15654.1] [location=complement(join(524938..525304,525352..525532,525579..525633,525682..526097,526140..527223))] [gbkey=CDS]",0.11587982832618025,0.09012875536480687,0.020028612303290415,0.058655221745350504,0.008583690987124463,0.045779685264663805,0.07010014306151645,0.07439198855507868,0.02145922746781116,0.011444921316165951,0.045779685264663805,0.04005722460658083,0.010014306151645207,0.015736766809728183,0.13733905579399142,0.07296137339055794,0.07582260371959942,0.008583690987124463,0.031473533619456366,0.045779685264663805
"lcl|CP059658.1_cds_QRW15655.1_138 [locus_tag=RhiXN_03656] [protein=hypothetical protein] [protein_id=QRW15655.1] [location=join(532114..532145,532198..532378,532516..532767)] [gbkey=CDS]",0.10457516339869281,0.13725490196078433,0.026143790849673203,0.058823529411764705,0,0.0196078431372549,0.08496732026143791,0.0915032679738562,0.006535947712418301,0.032679738562091505,0.0457516339869281,0.05228758169934641,0,0.0196078431372549,0.08496732026143791,0.058823529411764705,0.06535947712418301,0.013071895424836602,0.026143790849673203,0.0718954248366013
"lcl|CP059658.1_cds_QRW15656.1_139 [locus_tag=RhiXN_03657] [protein=hypothetical protein] [protein_id=QRW15656.1] [location=complement(join(532867..533416,533467..533600,533650..533691,533743..533819,533870..533896,533976..534079,534491..535576,535628..535710,535777..536295))] [gbkey=CDS]",0.08256880733944955,0.06536697247706422,0.03096330275229358,0.02408256880733945,0.011467889908256881,0.03784403669724771,0.052752293577981654,0.06995412844036697,0.02981651376146789,0.05045871559633028,0.11467889908256881,0.02522935779816514,0.01261467889908257,0.02981651376146789,0.0779816513761468,0.10091743119266056,0.07454128440366972,0.020642201834862386,0.021788990825688075,0.06651376146788991
"lcl|CP059658.1_cds_QRW15657.1_140 [locus_tag=RhiXN_03658] [protein=cellobiose dehydrogenase] [protein_id=QRW15657.1] [location=complement(join(536691..536746,536802..536906,536969..536981,537042..537120,537178..537226,537293..537335,537392..537542,537590..537704,537787..537896,538441..538580))] [gbkey=CDS]",0.11578947368421053,0.042105263157894736,0.042105263157894736,0.03859649122807018,0.014035087719298246,0.017543859649122806,0.02456140350877193,0.07368421052631578,0.021052631578947368,0.04912280701754386,0.08771929824561403,0.03508771929824561,0.028070175438596492,0.042105263157894736,0.07017543859649122,0.09473684210526316,0.0912280701754386,0.017543859649122806,0.021052631578947368,0.07368421052631578
"lcl|CP059658.1_cds_QRW15658.1_141 [locus_tag=RhiXN_03659] [protein=Multicopper oxidase] [protein_id=QRW15658.1] [location=complement(join(538989..539062,539121..539235,539291..539598,539651..539807,539859..540091,540145..540202,540258..540365,540420..540464,540518..540609,540666..540754,540806..540951,541003..541019,541072..541187,541241..541398,541455..541538))] [gbkey=CDS]",0.07357859531772576,0.02508361204013378,0.05351170568561873,0.05518394648829431,0.008361204013377926,0.04013377926421405,0.03177257525083612,0.07525083612040134,0.033444816053511704,0.05351170568561873,0.09364548494983277,0.05852842809364549,0.01839464882943144,0.03678929765886288,0.08361204013377926,0.05351170568561873,0.06688963210702341,0.026755852842809364,0.04180602006688963,0.07023411371237458
"lcl|CP059658.1_cds_QRW15659.1_142 [locus_tag=RhiXN_03660] [protein=intradiol ring-cleavage dioxygenase] [protein_id=QRW15659.1] [location=join(545286..545349,545400..545527,545588..545938,546000..546179,546230..546422,546476..546550,546610..546903,546957..547069)] [gbkey=CDS]",0.10775862068965517,0.034482758620689655,0.05387931034482758,0.036637931034482756,0.008620689655172414,0.047413793103448273,0.05172413793103448,0.1206896551724138,0.028017241379310345,0.04956896551724138,0.0603448275862069,0.017241379310344827,0.008620689655172414,0.01939655172413793,0.04956896551724138,0.09482758620689655,0.1206896551724138,0.00646551724137931,0.034482758620689655,0.04956896551724138
"lcl|CP059658.1_cds_QRW15660.1_143 [locus_tag=RhiXN_03661] [protein=alpha/beta hydrolase family protein] [protein_id=QRW15660.1] [location=complement(join(547303..547371,547419..547450,547499..547893,547957..548119,548174..548540))] [gbkey=CDS]",0.09411764705882353,0.05588235294117647,0.014705882352941176,0.061764705882352944,0.011764705882352941,0.023529411764705882,0.07058823529411765,0.06470588235294118,0.01764705882352941,0.05,0.10588235294117647,0.041176470588235294,0.01764705882352941,0.03235294117647059,0.07352941176470588,0.07647058823529412,0.052941176470588235,0.020588235294117647,0.029411764705882353,0.08529411764705883
"lcl|CP059658.1_cds_QRW15661.1_144 [locus_tag=RhiXN_03662] [protein=SH3 domain-containing protein] [protein_id=QRW15661.1] [location=join(549971..550019,550082..551019)] [gbkey=CDS]",0.0764525993883792,0.06422018348623854,0.03363914373088685,0.04892966360856269,0.0030581039755351682,0.03363914373088685,0.07339449541284404,0.0581039755351682,0.027522935779816515,0.03363914373088685,0.08256880733944955,0.027522935779816515,0.0061162079510703364,0.03669724770642202,0.1162079510703364,0.1529051987767584,0.04281345565749235,0.0030581039755351682,0.01834862385321101,0.06116207951070336
"lcl|CP059658.1_cds_QRW15662.1_145 [locus_tag=RhiXN_03663] [protein=flavin-containing monooxygenase/FMO family protein] [protein_id=QRW15662.1] [location=complement(join(551542..551886,551943..551977,552028..552228,552293..552415,552473..552539,552592..552660,552716..552805,552865..552949,553008..553382,553434..553483,553545..553583,553633..553693,553752..553798))] [gbkey=CDS]",0.06072106261859583,0.04933586337760911,0.04933586337760911,0.03415559772296015,0.015180265654648957,0.024667931688804556,0.05313092979127135,0.0777988614800759,0.028462998102466792,0.0777988614800759,0.07020872865275142,0.06641366223908918,0.022770398481973434,0.03795066413662239,0.06072106261859583,0.07210626185958255,0.056925996204933584,0.03225806451612903,0.04933586337760911,0.06072106261859583
"lcl|CP059658.1_cds_QRW15663.1_146 [locus_tag=RhiXN_03664] [protein=Enoyl-(Acyl carrier protein) reductase] [protein_id=QRW15663.1] [location=complement(join(554450..554554,554606..554793,554848..554947,555000..555107,555158..555234,555284..555438,555494..555531,555593..555985))] [gbkey=CDS]",0.10362694300518134,0.05181347150259067,0.03367875647668394,0.054404145077720206,0.012953367875647668,0.03367875647668394,0.03367875647668394,0.09585492227979274,0.023316062176165803,0.05699481865284974,0.07512953367875648,0.04404145077720207,0.02849740932642487,0.023316062176165803,0.06994818652849741,0.08031088082901554,0.07253886010362694,0.010362694300518135,0.02849740932642487,0.06735751295336788
"lcl|CP059658.1_cds_QRW15664.1_147 [locus_tag=RhiXN_03665] [protein=aminotransferase class I and II protein] [protein_id=QRW15664.1] [location=complement(join(556116..556332,556389..556612,556663..556721,556777..556911,556958..557155,557203..557246,557298..557694,557754..557823,557884..557961))] [gbkey=CDS]",0.08898305084745763,0.05508474576271186,0.036016949152542374,0.06567796610169492,0.00423728813559322,0.029661016949152543,0.059322033898305086,0.06991525423728813,0.014830508474576272,0.0614406779661017,0.11440677966101695,0.05296610169491525,0.014830508474576272,0.04025423728813559,0.07415254237288135,0.0614406779661017,0.0635593220338983,0.00847457627118644,0.036016949152542374,0.048728813559322036
"lcl|CP059658.1_cds_QRW15665.1_148 [locus_tag=RhiXN_03666] [protein=Ferric reductase like transmembrane component] [protein_id=QRW15665.1] [location=join(558581..558757,558855..559526,559568..559639,559691..559760,559813..559995,560050..560189,560315..560425,560482..560952,561003..561184,561578..561641,561701..561936,561994..562044,562093..562165,562209..562282,562327..562531,562627..563695,563751..563764,563820..563849,563923..564444)] [gbkey=CDS]",0.0836734693877551,0.04625850340136054,0.04557823129251701,0.014965986394557823,0.009523809523809525,0.10612244897959183,0.030612244897959183,0.1292517006802721,0.02108843537414966,0.03469387755102041,0.06462585034013606,0.022448979591836733,0.053061224489795916,0.025170068027210883,0.06802721088435375,0.09115646258503401,0.05102040816326531,0.014285714285714285,0.019727891156462583,0.06870748299319727
"lcl|CP059658.1_cds_QRW15666.1_149 [locus_tag=RhiXN_03667] [protein=hypothetical protein] [protein_id=QRW15666.1] [location=complement(join(564931..565012,565063..565183,565239..565440))] [gbkey=CDS]",0.03007518796992481,0.06015037593984962,0.05263157894736842,0.07518796992481203,0.022556390977443608,0.045112781954887216,0.05263157894736842,0.06766917293233082,0.022556390977443608,0.06766917293233082,0.11278195488721804,0.03759398496240601,0.007518796992481203,0.045112781954887216,0.06766917293233082,0.022556390977443608,0.05263157894736842,0.03007518796992481,0.05263157894736842,0.07518796992481203
"lcl|CP059658.1_cds_QRW15667.1_150 [locus_tag=RhiXN_03668] [protein=hypothetical protein] [protein_id=QRW15667.1] [location=join(566455..566495,566546..566605,566655..566693,566747..566796,566849..566884,567176..567221,567275..567330,567460..567549,567603..567670,567723..567789,568193..568210,568262..568296,568411..568510,568559..568830)] [gbkey=CDS]",0.06790123456790123,0.05864197530864197,0.033950617283950615,0.030864197530864196,0.027777777777777776,0.027777777777777776,0.05555555555555555,0.08333333333333333,0.021604938271604937,0.06790123456790123,0.08950617283950617,0.06790123456790123,0.033950617283950615,0.015432098765432098,0.05864197530864197,0.08024691358024691,0.07407407407407407,0.030864197530864196,0.030864197530864196,0.043209876543209874
"lcl|CP059658.1_cds_QRW15668.1_151 [locus_tag=RhiXN_03669] [protein=4-hydroxyacetophenone monooxygenase] [protein_id=QRW15668.1] [location=join(570483..570532,570586..570646,570704..570742,570803..570852,570904..571237)] [gbkey=CDS]",0.0625,0.028409090909090908,0.056818181818181816,0.045454545454545456,0.011363636363636364,0.03977272727272727,0.05113636363636364,0.07954545454545454,0.045454545454545456,0.10227272727272728,0.05113636363636364,0.05113636363636364,0,0.022727272727272728,0.05113636363636364,0.08522727272727272,0.056818181818181816,0.03409090909090909,0.045454545454545456,0.07954545454545454
"lcl|CP059658.1_cds_QRW15669.1_152 [locus_tag=RhiXN_03670] [protein=actin] [protein_id=QRW15669.1] [location=join(573943..573966,574018..574054,574115..574120,574180..574207,574262..574330,574381..575255,575310..575387,576271..576295,576344..576404,576464..576502,576556..576605,576662..577036,577087..577171,577230..577319,577377..577445,577493..577559,577700..577756,577816..578016,578067..578101,578178..578297,578338..578362,578392..578681)] [gbkey=CDS]",0.07111111111111111,0.05444444444444444,0.043333333333333335,0.056666666666666664,0.011111111111111112,0.035555555555555556,0.05333333333333334,0.0811111111111111,0.02666666666666667,0.06888888888888889,0.0811111111111111,0.04777777777777778,0.02,0.03888888888888889,0.05333333333333334,0.06444444444444444,0.058888888888888886,0.027777777777777776,0.04111111111111111,0.06444444444444444
"lcl|CP059658.1_cds_QRW15670.1_153 [locus_tag=RhiXN_03671] [protein=ribosomal Proteins L2, C-terminal domain] [protein_id=QRW15670.1] [location=join(579272..579429,579492..579658,579713..579830,579886..580009,580065..580262)] [gbkey=CDS]",0.11067193675889328,0.11067193675889328,0.04743083003952569,0.02766798418972332,0.007905138339920948,0.015810276679841896,0.03557312252964427,0.11462450592885376,0.043478260869565216,0.06324110671936758,0.06324110671936758,0.07114624505928854,0.003952569169960474,0.023715415019762844,0.05138339920948617,0.039525691699604744,0.05928853754940711,0.003952569169960474,0.02766798418972332,0.07905138339920949
"lcl|CP059658.1_cds_QRW15671.1_154 [locus_tag=RhiXN_03672] [protein=MYND Zn-finger protein] [protein_id=QRW15671.1] [location=join(581617..581877,581947..582356,582417..582893,582946..583031,583070..583354,583398..583487,583560..583573)] [gbkey=CDS]",0.07421150278293136,0.055658627087198514,0.03896103896103896,0.055658627087198514,0.011131725417439703,0.029684601113172542,0.03896103896103896,0.0575139146567718,0.027829313543599257,0.059369202226345084,0.12430426716141002,0.029684601113172542,0.027829313543599257,0.05009276437847866,0.055658627087198514,0.09090909090909091,0.059369202226345084,0.02411873840445269,0.03710575139146568,0.05194805194805195
"lcl|CP059658.1_cds_QRW15672.1_155 [locus_tag=RhiXN_03673] [protein=Multicopper oxidase] [protein_id=QRW15672.1] [location=join(585382..585465,585517..585674,585726..585841,585894..585910,585962..586107,586159..586247,586299..586390,586444..586488,586541..586648,586701..586758,586811..587043,587095..587251,587304..587611,587668..587782,587842..587915)] [gbkey=CDS]",0.06354515050167224,0.023411371237458192,0.05351170568561873,0.06020066889632107,0.008361204013377926,0.04180602006688963,0.03511705685618729,0.0802675585284281,0.033444816053511704,0.05016722408026756,0.08695652173913043,0.051839464882943144,0.021739130434782608,0.038461538461538464,0.08528428093645485,0.051839464882943144,0.07357859531772576,0.026755852842809364,0.038461538461538464,0.07525083612040134
"lcl|CP059658.1_cds_QRW15673.1_156 [locus_tag=RhiXN_03674] [protein=hypothetical protein] [protein_id=QRW15673.1] [location=join(589462..589747,589798..589949,590006..590154,590222..590330)] [gbkey=CDS]",0.11739130434782609,0.013043478260869565,0.017391304347826087,0.05217391304347826,0.034782608695652174,0.021739130434782608,0.02608695652173913,0.06521739130434782,0,0.12173913043478261,0.12608695652173912,0.07391304347826087,0,0.02608695652173913,0.030434782608695653,0.08695652173913043,0.034782608695652174,0,0.017391304347826087,0.13478260869565217
"lcl|CP059658.1_cds_QRW15674.1_157 [locus_tag=RhiXN_03675] [protein=aldo/keto reductase family protein] [protein_id=QRW15674.1] [location=complement(join(591128..591299,591359..591549,591601..591720,591771..591867,591928..592056,592115..592155,592212..592229,592282..592338,592398..592454,592509..592568,592630..592698))] [gbkey=CDS]",0.07761194029850746,0.050746268656716415,0.03880597014925373,0.04776119402985075,0.008955223880597015,0.056716417910447764,0.07462686567164178,0.07462686567164178,0.020895522388059702,0.07164179104477612,0.1044776119402985,0.05970149253731343,0.008955223880597015,0.03582089552238806,0.05970149253731343,0.056716417910447764,0.05373134328358209,0.005970149253731343,0.03880597014925373,0.05373134328358209
"lcl|CP059658.1_cds_QRW15675.1_158 [locus_tag=RhiXN_03676] [protein=ABC transporter G family member 21] [protein_id=QRW15675.1] [location=join(595074..595449,595507..595628,595695..595812,595870..596105,596157..596759,596808..596966,597017..597256,597308..597441,597501..597809,597870..598083)] [gbkey=CDS]",0.09940119760479042,0.0562874251497006,0.03952095808383234,0.04311377245508982,0.008383233532934131,0.05029940119760479,0.05389221556886228,0.0718562874251497,0.010778443113772455,0.05269461077844311,0.08502994011976048,0.04431137724550898,0.029940119760479042,0.06107784431137724,0.03473053892215569,0.06706586826347305,0.07065868263473053,0.013173652694610778,0.041916167664670656,0.0658682634730539
"lcl|CP059658.1_cds_QRW15676.1_159 [locus_tag=RhiXN_03677] [protein=hypothetical protein] [protein_id=QRW15676.1] [location=join(598128..599293,599346..599541,599597..599855,599913..600073)] [gbkey=CDS]",0.10304054054054054,0.052364864864864864,0.02195945945945946,0.03885135135135135,0.016891891891891893,0.048986486486486486,0.060810810810810814,0.07094594594594594,0.018581081081081082,0.06587837837837837,0.10641891891891891,0.02533783783783784,0.02027027027027027,0.06587837837837837,0.048986486486486486,0.05912162162162162,0.06587837837837837,0.011824324324324325,0.03885135135135135,0.05912162162162162
"lcl|CP059658.1_cds_QRW15677.1_160 [locus_tag=RhiXN_03678] [protein=hypothetical protein] [protein_id=QRW15677.1] [location=complement(join(600951..601075,601126..601154,601215..601306,601341..601439,601495..601545))] [gbkey=CDS]",0.08461538461538462,0.03076923076923077,0.03076923076923077,0.06153846153846154,0.03076923076923077,0.05384615384615385,0.05384615384615385,0.06153846153846154,0.046153846153846156,0.05384615384615385,0.06153846153846154,0.05384615384615385,0.03076923076923077,0.038461538461538464,0.023076923076923078,0.08461538461538462,0.08461538461538462,0.023076923076923078,0.03076923076923077,0.06153846153846154
"lcl|CP059658.1_cds_QRW15678.1_161 [locus_tag=RhiXN_03679] [protein=major facilitator superfamily transporter] [protein_id=QRW15678.1] [location=join(606362..606396,606460..606534,606588..606723,606776..606920,607356..607510,607560..607651,607707..607887)] [gbkey=CDS]",0.12915129151291513,0.05904059040590406,0.033210332103321034,0.03690036900369004,0.01845018450184502,0.014760147601476014,0.08118081180811808,0.07749077490774908,0.014760147601476014,0.05166051660516605,0.12177121771217712,0.033210332103321034,0.01845018450184502,0.04797047970479705,0.04059040590405904,0.055350553505535055,0.02952029520295203,0.03690036900369004,0.02952029520295203,0.07011070110701106
"lcl|CP059658.1_cds_QRW15679.1_162 [locus_tag=RhiXN_03680] [protein=mitochondrial carrier protein] [protein_id=QRW15679.1] [location=complement(join(607946..608119,608173..608236,608303..608357,608411..608467,608524..608686,608735..608945,608999..609091,609135..609219,609274..609310))] [gbkey=CDS]",0.10932475884244373,0.06109324758842444,0.01929260450160772,0.01607717041800643,0.006430868167202572,0.03536977491961415,0.04180064308681672,0.10289389067524116,0.01607717041800643,0.03536977491961415,0.10932475884244373,0.04501607717041801,0.02572347266881029,0.05144694533762058,0.04501607717041801,0.10932475884244373,0.06752411575562701,0.012861736334405145,0.022508038585209004,0.06752411575562701
"lcl|CP059658.1_cds_QRW15680.1_163 [locus_tag=RhiXN_03681] [protein=hypothetical protein] [protein_id=QRW15680.1] [location=complement(join(613382..613435,613515..613593,613662..613765,613821..613985))] [gbkey=CDS]",0.06060606060606061,0.05303030303030303,0.007575757575757576,0.045454545454545456,0.007575757575757576,0.022727272727272728,0.07575757575757576,0.06060606060606061,0.022727272727272728,0.07575757575757576,0.06818181818181818,0.05303030303030303,0.022727272727272728,0.030303030303030304,0.09848484848484848,0.10606060606060606,0.045454545454545456,0.022727272727272728,0.022727272727272728,0.09848484848484848
"lcl|CP059658.1_cds_QRW15681.1_164 [locus_tag=RhiXN_03682] [protein=carbohydrate esterase family 10 protein] [protein_id=QRW15681.1] [location=join(614675..614825,615226..615485,615536..615643,615773..615829,615882..615985,616039..616505,616622..616726,616780..616966,617020..617087,617141..617229,617285..617316,617365..617486,617535..617673,617729..617801)] [gbkey=CDS]",0.07975460122699386,0.049079754601226995,0.03834355828220859,0.0736196319018405,0.0015337423312883436,0.023006134969325152,0.05368098159509203,0.07515337423312883,0.027607361963190184,0.05828220858895705,0.0598159509202454,0.06441717791411043,0.015337423312883436,0.05214723926380368,0.06441717791411043,0.06901840490797546,0.05521472392638037,0.013803680981595092,0.05061349693251534,0.07515337423312883
"lcl|CP059658.1_cds_QRW15682.1_165 [locus_tag=RhiXN_03683] [protein=alanyl-tRNA synthetase] [protein_id=QRW15682.1] [location=complement(join(617944..618216,618260..618545,618636..619107,619171..619267,619929..620102,620154..620215,620265..620430))] [gbkey=CDS]",0.08267716535433071,0.07480314960629922,0.031496062992125984,0.03543307086614173,0.017716535433070866,0.045275590551181105,0.051181102362204724,0.08070866141732283,0.025590551181102362,0.06496062992125984,0.08661417322834646,0.051181102362204724,0.023622047244094488,0.021653543307086614,0.05708661417322835,0.08267716535433071,0.08661417322834646,0.015748031496062992,0.015748031496062992,0.04921259842519685
"lcl|CP059658.1_cds_QRW15683.1_166 [locus_tag=RhiXN_03684] [protein=actin] [protein_id=QRW15683.1] [location=complement(join(620649..620659,620712..620789,620840..621486,621536..621574,621624..621692,621753..621780,621833..621838,621890..621926,621978..622001))] [gbkey=CDS]",0.06752411575562701,0.06430868167202572,0.01929260450160772,0.06430868167202572,0.01929260450160772,0.03536977491961415,0.06109324758842444,0.09646302250803858,0.01607717041800643,0.06430868167202572,0.08360128617363344,0.04823151125401929,0.02572347266881029,0.03858520900321544,0.04823151125401929,0.08038585209003216,0.05787781350482315,0.006430868167202572,0.03536977491961415,0.06752411575562701
"lcl|CP059658.1_cds_QRW15684.1_167 [locus_tag=RhiXN_03685] [protein=Metallopeptidase family M24] [protein_id=QRW15684.1] [location=complement(join(622829..623081,623130..623219,623268..623583,623648..623787,623844..623925,623972..624001,624118..624301))] [gbkey=CDS]",0.09090909090909091,0.06611570247933884,0.027548209366391185,0.046831955922865015,0.01928374655647383,0.0440771349862259,0.06611570247933884,0.0440771349862259,0.027548209366391185,0.0440771349862259,0.10192837465564739,0.06611570247933884,0.03305785123966942,0.03305785123966942,0.04132231404958678,0.08539944903581267,0.05509641873278237,0.008264462809917356,0.030303030303030304,0.06887052341597796
"lcl|CP059658.1_cds_QRW15685.1_168 [locus_tag=RhiXN_03686] [protein=Retrotransposon-derived protein PEG10] [protein_id=QRW15685.1] [location=join(627334..627499,627549..627700,629025..629306)] [gbkey=CDS]",0.08080808080808081,0.030303030303030304,0.050505050505050504,0.030303030303030304,0.030303030303030304,0.06060606060606061,0.0707070707070707,0.08080808080808081,0.030303030303030304,0.025252525252525252,0.09090909090909091,0.08080808080808081,0.005050505050505051,0.005050505050505051,0.09090909090909091,0.11616161616161616,0.05555555555555555,0.010101010101010102,0.020202020202020204,0.03535353535353535
"lcl|CP059658.1_cds_QRW15686.1_169 [locus_tag=RhiXN_03687] [protein=Retrotransposable element Tf2 protein] [protein_id=QRW15686.1] [location=join(630815..630959,631013..631023,631069..631387,631417..631814)] [gbkey=CDS]",0.06228373702422145,0.020761245674740483,0.04498269896193772,0.04498269896193772,0.020761245674740483,0.058823529411764705,0.05536332179930796,0.04844290657439446,0.06228373702422145,0.03806228373702422,0.11764705882352941,0.08650519031141868,0.01730103806228374,0.058823529411764705,0.031141868512110725,0.06228373702422145,0.06228373702422145,0.02768166089965398,0.03460207612456748,0.04498269896193772
"lcl|CP059658.1_cds_QRW15687.1_170 [locus_tag=RhiXN_03688] [protein=Retrotransposable element Tf2 protein] [protein_id=QRW15687.1] [location=join(631850..632071,632127..632744)] [gbkey=CDS]",0.0539568345323741,0.025179856115107913,0.050359712230215826,0.039568345323741004,0.025179856115107913,0.046762589928057555,0.05755395683453238,0.04316546762589928,0.039568345323741004,0.05755395683453238,0.10431654676258993,0.0683453237410072,0.014388489208633094,0.046762589928057555,0.08633093525179857,0.07913669064748201,0.039568345323741004,0.017985611510791366,0.04316546762589928,0.06115107913669065
"lcl|CP059658.1_cds_QRW15688.1_171 [locus_tag=RhiXN_03689] [protein=Retrotransposon-derived protein PEG10] [protein_id=QRW15688.1] [location=join(634212..634412,634807..635041,635824..635953,635992..636394)] [gbkey=CDS]",0.1059190031152648,0.0529595015576324,0.03115264797507788,0.040498442367601244,0.024922118380062305,0.04672897196261682,0.07476635514018691,0.07476635514018691,0.021806853582554516,0.04361370716510903,0.0778816199376947,0.0778816199376947,0.006230529595015576,0.018691588785046728,0.08411214953271028,0.056074766355140186,0.11214953271028037,0.009345794392523364,0.003115264797507788,0.037383177570093455
lcl|CP059658.1_cds_QRW15689.1_172 [locus_tag=RhiXN_03690] [protein=Retrotransposable element Tf2 protein] [protein_id=QRW15689.1] [location=636644..637234] [gbkey=CDS],0.08205128205128205,0.015384615384615385,0.020512820512820513,0.06666666666666667,0.010256410256410256,0.041025641025641026,0.07179487179487179,0.06153846153846154,0.046153846153846156,0.06153846153846154,0.1076923076923077,0.05641025641025641,0.020512820512820513,0.02564102564102564,0.08205128205128205,0.05641025641025641,0.06666666666666667,0.015384615384615385,0.02564102564102564,0.06666666666666667
lcl|CP059658.1_cds_QRW15690.1_173 [locus_tag=RhiXN_03691] [protein=Retrotransposable element Tf2 protein] [protein_id=QRW15690.1] [location=637368..638228] [gbkey=CDS],0.06666666666666667,0.028070175438596492,0.06666666666666667,0.03508771929824561,0.014035087719298246,0.05263157894736842,0.06666666666666667,0.03508771929824561,0.04912280701754386,0.05263157894736842,0.12280701754385964,0.04912280701754386,0.021052631578947368,0.06315789473684211,0.056140350877192984,0.05263157894736842,0.0456140350877193,0.021052631578947368,0.031578947368421054,0.07017543859649122
lcl|CP059658.1_cds_QRW15691.1_174 [locus_tag=RhiXN_03692] [protein=hypothetical protein] [protein_id=QRW15691.1] [location=638288..638833] [gbkey=CDS],0.07222222222222222,0.044444444444444446,0.05555555555555555,0.06111111111111111,0.016666666666666666,0.06111111111111111,0.08888888888888889,0.022222222222222223,0.03333333333333333,0.06111111111111111,0.08888888888888889,0.06111111111111111,0.016666666666666666,0.05,0.06111111111111111,0.05,0.07222222222222222,0.022222222222222223,0.03333333333333333,0.027777777777777776
"lcl|CP059658.1_cds_QRW15692.1_175 [locus_tag=RhiXN_03693] [protein=Retrotransposable element Tf2 protein] [protein_id=QRW15692.1] [location=join(638873..638876,638926..639754,639819..640023)] [gbkey=CDS]",0.06976744186046512,0.03488372093023256,0.046511627906976744,0.03488372093023256,0.011627906976744186,0.02616279069767442,0.0755813953488372,0.055232558139534885,0.03488372093023256,0.06395348837209303,0.10465116279069768,0.09011627906976744,0.00872093023255814,0.055232558139534885,0.05232558139534884,0.061046511627906974,0.05232558139534884,0.023255813953488372,0.0436046511627907,0.055232558139534885
"lcl|CP059658.1_cds_QRW15693.1_176 [locus_tag=RhiXN_03694] [protein=hypothetical protein] [protein_id=QRW15693.1] [location=complement(join(640459..640824,640882..641043,641094..641288,641318..641433,641493..641811,641866..642060,642133..642167,642212..642866))] [gbkey=CDS]",0.09867452135493372,0.06480117820324006,0.039764359351988215,0.054491899852724596,0.016200294550810016,0.029455081001472753,0.0662739322533137,0.047128129602356406,0.016200294550810016,0.05154639175257732,0.11929307805596466,0.041237113402061855,0.011782032400589101,0.036818851251840944,0.055964653902798235,0.10603829160530191,0.06332842415316642,0.010309278350515464,0.01914580265095729,0.05154639175257732
"lcl|CP059658.1_cds_QRW15694.1_177 [locus_tag=RhiXN_03695] [protein=hypothetical protein] [protein_id=QRW15694.1] [location=complement(join(642887..643258,643308..643646))] [gbkey=CDS]",0.08085106382978724,0.05531914893617021,0.029787234042553193,0.05531914893617021,0.02127659574468085,0.029787234042553193,0.0425531914893617,0.05106382978723404,0.01702127659574468,0.05531914893617021,0.10638297872340426,0.059574468085106386,0.00425531914893617,0.03404255319148936,0.10212765957446808,0.11914893617021277,0.059574468085106386,0.01276595744680851,0.02553191489361702,0.03829787234042553
lcl|CP059658.1_cds_QRW15695.1_178 [locus_tag=RhiXN_03696] [protein=hypothetical protein] [protein_id=QRW15695.1] [location=645272..645844] [gbkey=CDS],0.06349206349206349,0.05291005291005291,0.05291005291005291,0.031746031746031744,0.005291005291005291,0.047619047619047616,0.13227513227513227,0.0582010582010582,0.005291005291005291,0.042328042328042326,0.08994708994708994,0.12169312169312169,0.026455026455026454,0.037037037037037035,0.047619047619047616,0.042328042328042326,0.031746031746031744,0.026455026455026454,0.021164021164021163,0.06349206349206349
"lcl|CP059658.1_cds_QRW15696.1_179 [locus_tag=RhiXN_03697] [protein=Transposable element Tcb2 transposase] [protein_id=QRW15696.1] [location=complement(join(652775..652938,652989..653022))] [gbkey=CDS]",0.078125,0.015625,0.09375,0.09375,0.03125,0.03125,0.109375,0.03125,0.046875,0.125,0.078125,0.015625,0.03125,0,0.046875,0.0625,0,0.046875,0.03125,0.03125
"lcl|CP059658.1_cds_QRW15697.1_180 [locus_tag=RhiXN_03698] [protein=Transposable element Tcb2 transposase] [protein_id=QRW15697.1] [location=join(657025..657148,657201..657343,657409..658053)] [gbkey=CDS]",0.059602649006622516,0.052980132450331126,0.052980132450331126,0.04966887417218543,0.046357615894039736,0.059602649006622516,0.039735099337748346,0.056291390728476824,0.039735099337748346,0.04966887417218543,0.10264900662251655,0.033112582781456956,0.023178807947019868,0.016556291390728478,0.056291390728476824,0.04966887417218543,0.06291390728476821,0.04304635761589404,0.033112582781456956,0.0728476821192053
"lcl|CP059658.1_cds_QRW15698.1_181 [locus_tag=RhiXN_03699] [protein=hypothetical protein] [protein_id=QRW15698.1] [location=complement(join(660132..660386,660636..660893,661441..661458))] [gbkey=CDS]",0.08,0,0.10857142857142857,0.06857142857142857,0.03428571428571429,0.03428571428571429,0.05714285714285714,0.05142857142857143,0.04,0.03428571428571429,0.08571428571428572,0.06857142857142857,0.022857142857142857,0.005714285714285714,0.05714285714285714,0.07428571428571429,0.10857142857142857,0.017142857142857144,0.011428571428571429,0.04
lcl|CP059658.1_cds_QRW15699.1_182 [locus_tag=RhiXN_03700] [protein=Retrotransposon gag protein] [protein_id=QRW15699.1] [location=668187..669788] [gbkey=CDS],0.09210526315789473,0.03759398496240601,0.05451127819548872,0.045112781954887216,0.02819548872180451,0.046992481203007516,0.05451127819548872,0.05451127819548872,0.02443609022556391,0.05263157894736842,0.06203007518796992,0.06766917293233082,0.022556390977443608,0.03007518796992481,0.07142857142857142,0.08646616541353383,0.06954887218045112,0.018796992481203006,0.03007518796992481,0.05075187969924812
"lcl|CP059658.1_cds_QRW15700.1_183 [locus_tag=RhiXN_03701] [protein=Retrotransposable element Tf2 protein] [protein_id=QRW15700.1] [location=join(670193..670590,670618..672862)] [gbkey=CDS]",0.053469852104664393,0.034129692832764506,0.06029579067121729,0.04664391353811149,0.017064846416382253,0.04778156996587031,0.06029579067121729,0.04323094425483504,0.02844141069397042,0.07053469852104664,0.11149032992036405,0.09442548350398179,0.01478953356086462,0.05005688282138794,0.05802047781569966,0.06370875995449374,0.038680318543799774,0.01820250284414107,0.03981797497155859,0.048919226393629126
lcl|CP059658.1_cds_QRW15701.1_184 [locus_tag=RhiXN_03702] [protein=Retrotransposable element Tf2 protein] [protein_id=QRW15701.1] [location=672925..673227] [gbkey=CDS],0.050505050505050504,0.030303030303030304,0.06060606060606061,0.06060606060606061,0.010101010101010102,0.020202020202020204,0.13131313131313133,0.08080808080808081,0.050505050505050504,0.06060606060606061,0.050505050505050504,0.08080808080808081,0,0.030303030303030304,0.09090909090909091,0.030303030303030304,0.020202020202020204,0.04040404040404041,0.030303030303030304,0.0707070707070707
"lcl|CP059658.1_cds_QRW15702.1_185 [locus_tag=RhiXN_03703] [protein=Retrotransposable element Tf2 protein] [protein_id=QRW15702.1] [location=complement(join(678840..679685,679737..679949))] [gbkey=CDS]",0.08262108262108261,0.02849002849002849,0.05698005698005698,0.05698005698005698,0.03133903133903134,0.037037037037037035,0.05698005698005698,0.042735042735042736,0.02849002849002849,0.07977207977207977,0.10541310541310542,0.05413105413105413,0.019943019943019943,0.06267806267806268,0.06837606837606838,0.05982905982905983,0.04843304843304843,0.011396011396011397,0.022792022792022793,0.045584045584045586
lcl|CP059658.1_cds_QRW15703.1_186 [locus_tag=RhiXN_03704] [protein=Retrotransposon-derived protein PEG10] [protein_id=QRW15703.1] [location=complement(680282..680644)] [gbkey=CDS],0.10084033613445378,0.01680672268907563,0.04201680672268908,0.06722689075630252,0.01680672268907563,0.05042016806722689,0.06722689075630252,0.04201680672268908,0.025210084033613446,0.07563025210084033,0.10084033613445378,0.10084033613445378,0,0.04201680672268908,0.04201680672268908,0.058823529411764705,0.05042016806722689,0.03361344537815126,0.03361344537815126,0.03361344537815126
lcl|CP059658.1_cds_QRW15704.1_187 [locus_tag=RhiXN_03705] [protein=Retrotransposon-derived protein PEG10] [protein_id=QRW15704.1] [location=complement(680670..681068)] [gbkey=CDS],0.08396946564885496,0.03816793893129771,0.04580152671755725,0.015267175572519083,0.007633587786259542,0.07633587786259542,0.05343511450381679,0.06870229007633588,0.015267175572519083,0.05343511450381679,0.09923664122137404,0.05343511450381679,0.007633587786259542,0.022900763358778626,0.12213740458015267,0.10687022900763359,0.06870229007633588,0.007633587786259542,0.022900763358778626,0.030534351145038167
"lcl|CP059658.1_cds_QRW15705.1_188 [locus_tag=RhiXN_03706] [protein=Retrotransposable element Tf2 protein] [protein_id=QRW15705.1] [location=join(684407..684545,684596..685080)] [gbkey=CDS]",0.05825242718446602,0.05339805825242718,0.06310679611650485,0.04854368932038835,0.024271844660194174,0.04854368932038835,0.08737864077669903,0.04854368932038835,0.014563106796116505,0.09223300970873786,0.12135922330097088,0.02912621359223301,0.009708737864077669,0.05339805825242718,0.05825242718446602,0.06310679611650485,0.04854368932038835,0.019417475728155338,0.014563106796116505,0.043689320388349516
"lcl|CP059658.1_cds_QRW15706.1_189 [locus_tag=RhiXN_03707] [protein=hypothetical protein] [protein_id=QRW15706.1] [location=join(694147..694330,694372..694496)] [gbkey=CDS]",0.09900990099009901,0,0.0297029702970297,0,0.0594059405940594,0.10891089108910891,0,0.019801980198019802,0.0594059405940594,0.0297029702970297,0.10891089108910891,0.0891089108910891,0.0297029702970297,0.0297029702970297,0.09900990099009901,0.06930693069306931,0.07920792079207921,0.0297029702970297,0.009900990099009901,0.04950495049504951
"lcl|CP059658.1_cds_QRW15707.1_190 [locus_tag=RhiXN_03708] [protein=Transposable element Tcb2 transposase] [protein_id=QRW15707.1] [location=complement(join(702124..702495,702953..702982,703036..703152))] [gbkey=CDS]",0.05263157894736842,0.029239766081871343,0.04093567251461988,0.06432748538011696,0.03508771929824561,0.08771929824561403,0.05847953216374269,0.03508771929824561,0.03508771929824561,0.07017543859649122,0.1111111111111111,0.03508771929824561,0.03508771929824561,0,0.07017543859649122,0.04093567251461988,0.06432748538011696,0.04678362573099415,0.03508771929824561,0.05263157894736842
"lcl|CP059658.1_cds_QRW15708.1_191 [locus_tag=RhiXN_03709] [protein=Retrotransposable element Tf2 protein] [protein_id=QRW15708.1] [location=complement(join(707811..708572,708622..710097,710162..711997))] [gbkey=CDS]",0.07890855457227139,0.03171091445427729,0.043510324483775814,0.05235988200589971,0.029498525073746312,0.04424778761061947,0.06342182890855458,0.04056047197640118,0.03687315634218289,0.05530973451327434,0.09513274336283185,0.056784660766961655,0.018436578171091445,0.05088495575221239,0.07964601769911504,0.06637168141592921,0.048672566371681415,0.02359882005899705,0.033185840707964605,0.05088495575221239
"lcl|CP059658.1_cds_QRW15709.1_192 [locus_tag=RhiXN_03710] [protein=Retrotransposon-derived protein PEG10] [protein_id=QRW15709.1] [location=complement(join(712039..712682,712716..713655))] [gbkey=CDS]",0.08365019011406843,0.04182509505703422,0.04182509505703422,0.043726235741444866,0.017110266159695818,0.051330798479087454,0.06653992395437262,0.045627376425855515,0.03612167300380228,0.045627376425855515,0.09505703422053231,0.0817490494296578,0.0076045627376425855,0.028517110266159697,0.0817490494296578,0.10456273764258556,0.06653992395437262,0.017110266159695818,0.011406844106463879,0.03231939163498099
lcl|CP059658.1_cds_QRW15710.1_193 [locus_tag=RhiXN_03711] [protein=Retrotransposon gag protein] [protein_id=QRW15710.1] [location=716363..717109] [gbkey=CDS],0.044534412955465584,0.012145748987854251,0.048582995951417005,0.05263157894736842,0.03643724696356275,0.06477732793522267,0.06072874493927125,0.032388663967611336,0.032388663967611336,0.048582995951417005,0.06882591093117409,0.08906882591093117,0.02834008097165992,0.03643724696356275,0.07692307692307693,0.09716599190283401,0.05263157894736842,0.016194331983805668,0.05668016194331984,0.044534412955465584
"lcl|CP059658.1_cds_QRW15711.1_194 [locus_tag=RhiXN_03712] [protein=hypothetical protein] [protein_id=QRW15711.1] [location=join(723441..723545,723601..723660,723716..723727,723779..723864,723925..723940,723996..724035,724089..724165,724233..724260,724326..724481,724537..724621,724695..724714,724773..724833,724885..725448,725517..725655)] [gbkey=CDS]",0.06444906444906445,0.08316008316008316,0.037422037422037424,0.05197505197505198,0.008316008316008316,0.031185031185031187,0.05197505197505198,0.07692307692307693,0.031185031185031187,0.0498960498960499,0.06860706860706861,0.04158004158004158,0.018711018711018712,0.04365904365904366,0.058212058212058215,0.08523908523908524,0.058212058212058215,0.029106029106029108,0.04158004158004158,0.06860706860706861
"lcl|CP059658.1_cds_QRW15712.1_195 [locus_tag=RhiXN_03713] [protein=Retrotransposable element Tf2 protein] [protein_id=QRW15712.1] [location=complement(join(729543..731348,731420..732020,732082..732442,732478..732733,732798..733463,733523..734085,736120..736491,736554..736650))] [gbkey=CDS]",0.08651399491094147,0.054707379134860054,0.04007633587786259,0.052798982188295165,0.010814249363867684,0.04262086513994911,0.06297709923664122,0.04580152671755725,0.027989821882951654,0.05025445292620865,0.09096692111959287,0.06552162849872774,0.018447837150127225,0.03816793893129771,0.0871501272264631,0.06615776081424936,0.06170483460559797,0.019720101781170483,0.026717557251908396,0.05089058524173028
"lcl|CP059658.1_cds_QRW15713.1_196 [locus_tag=RhiXN_03714] [protein=AAA family ATPase] [protein_id=QRW15713.1] [location=complement(join(736776..736808,736862..737246,737291..737385,737434..737587,737652..737859,737930..738011,738226..738270,738297..738387,738443..738734,738784..738957,739130..739286,739334..739645,739698..740249))] [gbkey=CDS]",0.08391608391608392,0.09090909090909091,0.030303030303030304,0.07459207459207459,0.01048951048951049,0.027972027972027972,0.05710955710955711,0.08624708624708624,0.013986013986013986,0.039627039627039624,0.09324009324009325,0.05128205128205128,0.017482517482517484,0.03146853146853147,0.08741258741258741,0.06876456876456877,0.055944055944055944,0.008158508158508158,0.016317016317016316,0.054778554778554776
"lcl|CP059658.1_cds_QRW15714.1_197 [locus_tag=RhiXN_03715] [protein=hypothetical protein] [protein_id=QRW15714.1] [location=join(740342..740588,740651..741352,741409..741807,741882..742658,742736..743109)] [gbkey=CDS]",0.09987966305655836,0.10589651022864019,0.027677496991576414,0.04091456077015644,0.012033694344163659,0.039711191335740074,0.026474127557160047,0.052948255114320095,0.02888086642599278,0.05415162454873646,0.1022864019253911,0.04332129963898917,0.013237063778580024,0.021660649819494584,0.098676293622142,0.07701564380264742,0.06618531889290012,0.013237063778580024,0.024067388688327317,0.05174488567990373
"lcl|CP059658.1_cds_QRW15715.1_198 [locus_tag=RhiXN_03716] [protein=ABC transporter G family member 11] [protein_id=QRW15715.1] [location=join(744583..744958,745016..745321,745372..745607,745659..746261,746313..746471,746523..746762,746816..746949,747005..747268,747351..748793,748845..749359,749414..749493,750598..750723,750777..750834,750894..750953,751011..751210,751279..751443,751498..751572)] [gbkey=CDS]",0.09177592371871275,0.052443384982121574,0.03218116805721097,0.045887961859356376,0.010131108462455305,0.050059594755661505,0.054231227651966626,0.073897497020262215,0.0166865315852205,0.05065554231227652,0.09594755661501787,0.04529201430274136,0.02205005959475566,0.05542312276519666,0.04529201430274136,0.066746126340882,0.07032181168057211,0.011918951132300357,0.04410011918951132,0.06495828367103695
"lcl|CP059658.1_cds_QRW15716.1_199 [locus_tag=RhiXN_03717] [protein=RuvB-like protein 1 (pontin 52)] [protein_id=QRW15716.1] [location=join(751753..751924,751982..752191,752250..752797,752848..753008,753065..753205,753255..753426)] [gbkey=CDS]",0.09227467811158799,0.04935622317596566,0.02145922746781116,0.0407725321888412,0.006437768240343348,0.023605150214592276,0.07510729613733906,0.10085836909871244,0.01072961373390558,0.05150214592274678,0.10515021459227468,0.06223175965665236,0.017167381974248927,0.017167381974248927,0.04721030042918455,0.07725321888412018,0.07510729613733906,0,0.027896995708154508,0.09871244635193133
"lcl|CP059658.1_cds_QRW15717.1_200 [locus_tag=RhiXN_03718] [protein=IMP dehydrogenase] [protein_id=QRW15717.1] [location=complement(join(753620..753688,753776..753884,753950..754131,754187..754989,755043..755229,755284..755456,755519..755567))] [gbkey=CDS]",0.1053639846743295,0.038314176245210725,0.040229885057471264,0.04789272030651341,0.005747126436781609,0.034482758620689655,0.05363984674329502,0.10344827586206896,0.0210727969348659,0.05555555555555555,0.10153256704980843,0.05938697318007663,0.02681992337164751,0.022988505747126436,0.0421455938697318,0.07662835249042145,0.05938697318007663,0.0038314176245210726,0.022988505747126436,0.07854406130268199
"lcl|CP059658.1_cds_QRW15718.1_201 [locus_tag=RhiXN_03719] [protein=hypothetical protein] [protein_id=QRW15718.1] [location=join(756122..756219,756274..756403,756454..756711,756802..757128)] [gbkey=CDS]",0.08550185873605948,0.040892193308550186,0.04460966542750929,0.022304832713754646,0.007434944237918215,0.055762081784386616,0.022304832713754646,0.048327137546468404,0.02973977695167286,0.055762081784386616,0.1449814126394052,0.03345724907063197,0.026022304832713755,0.04460966542750929,0.08178438661710037,0.11524163568773234,0.06319702602230483,0.0037174721189591076,0.01858736059479554,0.055762081784386616
"lcl|CP059658.1_cds_QRW15719.1_202 [locus_tag=RhiXN_03720] [protein=beta-1,4-D-glucan cellobiohydrolase] [protein_id=QRW15719.1] [location=join(758308..758925,758983..759786,759845..759976)] [gbkey=CDS]",0.07364341085271318,0.023255813953488372,0.05232558139534884,0.06201550387596899,0.04263565891472868,0.04263565891472868,0.02131782945736434,0.10465116279069768,0.009689922480620155,0.03488372093023256,0.05232558139534884,0.05426356589147287,0.01744186046511628,0.03294573643410853,0.03875968992248062,0.10077519379844961,0.12209302325581395,0.015503875968992248,0.04844961240310078,0.050387596899224806
"lcl|CP059658.1_cds_QRW15720.1_203 [locus_tag=RhiXN_03721] [protein=glycoside hydrolase family 43 protein] [protein_id=QRW15720.1] [location=complement(join(761888..761925,761977..762141,762204..762461,762514..763021,763099..763113,763167..763253,763288..763659))] [gbkey=CDS]",0.08768267223382047,0.05010438413361169,0.04384133611691023,0.04592901878914405,0,0.04592901878914405,0.04175365344467641,0.081419624217119,0.029227557411273485,0.04801670146137787,0.07306889352818371,0.04801670146137787,0.014613778705636743,0.03549060542797495,0.06471816283924843,0.06471816283924843,0.07724425887265135,0.029227557411273485,0.03549060542797495,0.08350730688935282
lcl|CP059658.1_cds_QRW15721.1_204 [locus_tag=RhiXN_03722] [protein=translation initiation factor IF3] [protein_id=QRW15721.1] [location=complement(764186..764917)] [gbkey=CDS],0.09917355371900827,0.06611570247933884,0.04132231404958678,0.04132231404958678,0.004132231404958678,0.04132231404958678,0.0743801652892562,0.045454545454545456,0.01652892561983471,0.04132231404958678,0.10330578512396695,0.10743801652892562,0.024793388429752067,0.02066115702479339,0.07024793388429752,0.06198347107438017,0.049586776859504134,0.008264462809917356,0.01652892561983471,0.06611570247933884
"lcl|CP059658.1_cds_QRW15722.1_205 [locus_tag=RhiXN_03723] [protein=amino acid permease] [protein_id=QRW15722.1] [location=join(765391..765477,765787..765807,765867..765943,766004..766192,766249..766309,766363..766513,766570..766707,766757..767085,767144..767551,767608..767799)] [gbkey=CDS]",0.12750455373406194,0.03278688524590164,0.03278688524590164,0.0273224043715847,0.012750455373406194,0.02185792349726776,0.025500910746812388,0.08561020036429873,0.014571948998178506,0.08196721311475409,0.09289617486338798,0.020036429872495445,0.014571948998178506,0.08378870673952642,0.04553734061930783,0.08378870673952642,0.0692167577413479,0.030965391621129327,0.030965391621129327,0.06557377049180328
"lcl|CP059658.1_cds_QRW15723.1_206 [locus_tag=RhiXN_03724] [protein=hypothetical protein] [protein_id=QRW15723.1] [location=complement(join(768070..768156,768210..768335,768393..768755,768822..768905,768958..769069,769119..769179,769234..769263,769314..769425,769478..769532,769585..769648,769709..769815,769876..769924,769967..770077,770134..770193,770251..770341))] [gbkey=CDS]",0.06573705179282868,0.049800796812749,0.035856573705179286,0.055776892430278883,0.013944223107569721,0.03187250996015936,0.055776892430278883,0.07171314741035857,0.017928286852589643,0.049800796812749,0.09760956175298804,0.05776892430278884,0.0199203187250996,0.0398406374501992,0.07768924302788845,0.09561752988047809,0.05776892430278884,0.013944223107569721,0.03187250996015936,0.05976095617529881
"lcl|CP059658.1_cds_QRW15724.1_207 [locus_tag=RhiXN_03725] [protein=hypothetical protein] [protein_id=QRW15724.1] [location=complement(join(771381..771760,771838..772012,772066..772191,772258..772421,772465..772579))] [gbkey=CDS]",0.050314465408805034,0.07861635220125786,0.031446540880503145,0.06289308176100629,0.031446540880503145,0.03459119496855346,0.07232704402515723,0.03773584905660377,0.031446540880503145,0.050314465408805034,0.12578616352201258,0.03773584905660377,0.02830188679245283,0.03773584905660377,0.050314465408805034,0.08176100628930817,0.0440251572327044,0.012578616352201259,0.03773584905660377,0.06289308176100629
"lcl|CP059658.1_cds_QRW15725.1_208 [locus_tag=RhiXN_03726] [protein=mediator complex subunit 13 carboxy-terminal protein] [protein_id=QRW15725.1] [location=complement(join(772925..773547,773623..774285,774334..774418,774477..774649,774696..775866,775899..777382,777433..777601,777679..777749,777794..778214))] [gbkey=CDS]",0.10630407911001236,0.059332509270704575,0.024103831891223733,0.0550061804697157,0.011124845488257108,0.03646477132262052,0.038318912237330034,0.06489493201483312,0.02533992583436341,0.033992583436341164,0.08714462299134734,0.02843016069221261,0.013597033374536464,0.02657601977750309,0.10630407911001236,0.09703337453646477,0.07911001236093942,0.01668726823238566,0.0203955500618047,0.06983930778739184
"lcl|CP059658.1_cds_QRW15726.1_209 [locus_tag=RhiXN_03727] [protein=hypothetical protein] [protein_id=QRW15726.1] [location=join(778347..778503,778550..778567,778634..779141,779195..779409,779471..779638,779713..779859,779925..780005,780067..780164,780227..780345,780443..780572,780601..780669)] [gbkey=CDS]",0.1056338028169014,0.07394366197183098,0.03169014084507042,0.051056338028169015,0.007042253521126761,0.028169014084507043,0.0528169014084507,0.09683098591549295,0.01584507042253521,0.04401408450704225,0.06690140845070422,0.051056338028169015,0.008802816901408451,0.02464788732394366,0.09683098591549295,0.07922535211267606,0.08626760563380281,0.01232394366197183,0.01232394366197183,0.05457746478873239
"lcl|CP059658.1_cds_QRW15727.1_210 [locus_tag=RhiXN_03728] [protein=endoglucanase cel12C] [protein_id=QRW15727.1] [location=join(781852..781932,782038..782194,782249..782493,782547..782661,782718..782795,782849..782895)] [gbkey=CDS]",0.09623430962343096,0.02092050209205021,0.06276150627615062,0.02510460251046025,0,0.04602510460251046,0.016736401673640166,0.08368200836820083,0.0041841004184100415,0.04184100418410042,0.08368200836820083,0.04184100418410042,0.0041841004184100415,0.03765690376569038,0.04184100418410042,0.12552301255230125,0.1087866108786611,0.03765690376569038,0.0502092050209205,0.07112970711297072
"lcl|CP059658.1_cds_QRW15728.1_211 [locus_tag=RhiXN_03729] [protein=Lipase (class 3)] [protein_id=QRW15728.1] [location=join(785209..785326,785388..785465,786060..786181,786297..787440,787489..787517,787566..787776,787831..787886,787939..788265,788328..788539,788590..788638)] [gbkey=CDS]",0.09230769230769231,0.06153846153846154,0.03333333333333333,0.04230769230769231,0.008974358974358974,0.038461538461538464,0.07179487179487179,0.08333333333333333,0.021794871794871794,0.038461538461538464,0.09487179487179487,0.023076923076923078,0.016666666666666666,0.04230769230769231,0.05641025641025641,0.09871794871794871,0.06666666666666667,0.021794871794871794,0.017948717948717947,0.06923076923076923
"lcl|CP059658.1_cds_QRW15729.1_212 [locus_tag=RhiXN_03730] [protein=hypothetical protein] [protein_id=QRW15729.1] [location=join(789313..789519,789570..789724,789777..790070,790121..790253,790303..790401,790451..790566,790659..790715,790764..790961,791075..791150,791254..791574,791639..792082)] [gbkey=CDS]",0.08166189111747851,0.05873925501432665,0.034383954154727794,0.07163323782234957,0.004297994269340974,0.03868194842406877,0.09169054441260745,0.06160458452722063,0.02148997134670487,0.03868194842406877,0.09025787965616046,0.10744985673352435,0.015759312320916905,0.02865329512893983,0.03581661891117478,0.0830945558739255,0.050143266475644696,0.015759312320916905,0.012893982808022923,0.05730659025787966
"lcl|CP059658.1_cds_QRW15730.1_213 [locus_tag=RhiXN_03731] [protein=hypothetical protein] [protein_id=QRW15730.1] [location=join(792390..792474,792530..792741,792798..792818)] [gbkey=CDS]",0.1346153846153846,0.10576923076923077,0.04807692307692308,0.028846153846153848,0,0.028846153846153848,0.0673076923076923,0.028846153846153848,0.04807692307692308,0.038461538461538464,0.019230769230769232,0.038461538461538464,0.038461538461538464,0.04807692307692308,0.10576923076923077,0.07692307692307693,0.028846153846153848,0.019230769230769232,0.028846153846153848,0.0673076923076923
"lcl|CP059658.1_cds_QRW15731.1_214 [locus_tag=RhiXN_03732] [protein=20S proteasome subunit] [protein_id=QRW15731.1] [location=complement(join(792995..793156,793221..793432,793493..793648,793703..793784,793843..793937,794003..794069))] [gbkey=CDS]",0.11328125,0.0703125,0.01171875,0.05859375,0.0078125,0.04296875,0.07421875,0.08203125,0.01171875,0.07421875,0.0703125,0.0546875,0.02734375,0.03515625,0.0390625,0.0546875,0.06640625,0.0078125,0.0390625,0.05859375
"lcl|CP059658.1_cds_QRW15732.1_215 [locus_tag=RhiXN_03733] [protein=DNA-directed RNA polymerase III subunit C1] [protein_id=QRW15732.1] [location=join(794217..794254,794305..794437,794504..794653,794709..795071,795126..795241,795292..795391,795442..795516,795574..795711,795765..796009,796059..796095,796159..796270,796328..796903,796953..797131,797179..797290,797347..797618,797670..797825,797877..798123,798181..798288,798338..798585,798639..798725,798776..798844,798898..799008,799056..799179,799235..799407,799460..799647,799704..799773)] [gbkey=CDS]",0.06751954513148543,0.06041222459132907,0.03837953091684435,0.05614783226723525,0.021321961620469083,0.03695806680881308,0.05970149253731343,0.07178393745557925,0.021321961620469083,0.07462686567164178,0.0824449182658138,0.07178393745557925,0.028429282160625444,0.033404406538734895,0.048329779673063254,0.06254442075337598,0.05543710021321962,0.00923951670220327,0.026297085998578537,0.07391613361762615
"lcl|CP059658.1_cds_QRW15733.1_216 [locus_tag=RhiXN_03734] [protein=hypothetical protein] [protein_id=QRW15733.1] [location=complement(join(800487..800966,801021..801153,801202..801418,801474..803121))] [gbkey=CDS]",0.06796116504854369,0.08131067961165049,0.025485436893203883,0.06796116504854369,0.019417475728155338,0.04611650485436893,0.06553398058252427,0.050970873786407765,0.032766990291262135,0.04733009708737864,0.08859223300970874,0.043689320388349516,0.03398058252427184,0.03398058252427184,0.05339805825242718,0.07402912621359223,0.055825242718446605,0.019417475728155338,0.02912621359223301,0.06310679611650485
"lcl|CP059658.1_cds_QRW15734.1_217 [locus_tag=RhiXN_03735] [protein=hypothetical protein] [protein_id=QRW15734.1] [location=join(804197..805733,805789..806005,806054..806186,806241..806723)] [gbkey=CDS]",0.07487309644670051,0.08375634517766498,0.025380710659898477,0.07614213197969544,0.017766497461928935,0.04314720812182741,0.06218274111675127,0.0532994923857868,0.031725888324873094,0.048223350253807105,0.08629441624365482,0.04314720812182741,0.030456852791878174,0.03426395939086294,0.05203045685279188,0.08248730964467005,0.04949238578680203,0.02030456852791878,0.027918781725888325,0.05710659898477157
"lcl|CP059658.1_cds_QRW15735.1_218 [locus_tag=RhiXN_03736] [protein=translocation protein Sec63] [protein_id=QRW15735.1] [location=complement(join(808723..809511,809574..809678))] [gbkey=CDS]",0.05067567567567568,0.06756756756756757,0.037162162162162164,0.05405405405405406,0.030405405405405407,0.037162162162162164,0.05067567567567568,0.0472972972972973,0.033783783783783786,0.05067567567567568,0.11486486486486487,0.0472972972972973,0.016891891891891893,0.02702702702702703,0.0472972972972973,0.12837837837837837,0.05067567567567568,0.013513513513513514,0.037162162162162164,0.057432432432432436
"lcl|CP059658.1_cds_QRW15736.1_219 [locus_tag=RhiXN_03737] [protein=DnaJ domain protein] [protein_id=QRW15736.1] [location=complement(join(810321..810530,810581..810817,810894..811444,811498..811588,811643..811897,811947..812118,812168..812254,812305..812357,812410..812524,812575..812671,812726..812828))] [gbkey=CDS]",0.10076335877862595,0.03969465648854962,0.02900763358778626,0.06717557251908397,0.0061068702290076335,0.02748091603053435,0.07022900763358779,0.061068702290076333,0.015267175572519083,0.04122137404580153,0.10687022900763359,0.07938931297709924,0.013740458015267175,0.04122137404580153,0.044274809160305344,0.08549618320610687,0.061068702290076333,0.012213740458015267,0.021374045801526718,0.07633587786259542
"lcl|CP059658.1_cds_QRW15737.1_220 [locus_tag=RhiXN_03738] [protein=mannose-6-phosphate isomerase] [protein_id=QRW15737.1] [location=join(812991..813131,813182..813433)] [gbkey=CDS]",0.08527131782945736,0.031007751937984496,0.03875968992248062,0.046511627906976744,0,0.05426356589147287,0.06976744186046512,0.07751937984496124,0.03875968992248062,0.031007751937984496,0.10852713178294573,0.11627906976744186,0.007751937984496124,0.031007751937984496,0.06976744186046512,0.06976744186046512,0.023255813953488372,0.015503875968992248,0.046511627906976744,0.03875968992248062
"lcl|CP059658.1_cds_QRW15738.1_221 [locus_tag=RhiXN_03739] [protein=mannose-6-phosphate isomerase] [protein_id=QRW15738.1] [location=join(813548..813962,814018..814044,814103..814232,814282..814549)] [gbkey=CDS]",0.10431654676258993,0.02877697841726619,0.02158273381294964,0.05755395683453238,0.01079136690647482,0.039568345323741004,0.06474820143884892,0.07553956834532374,0.007194244604316547,0.04316546762589928,0.08992805755395683,0.039568345323741004,0.017985611510791366,0.05755395683453238,0.0683453237410072,0.1223021582733813,0.050359712230215826,0.0035971223021582736,0.02158273381294964,0.07553956834532374
"lcl|CP059658.1_cds_QRW15739.1_222 [locus_tag=RhiXN_03740] [protein=Guanine nucleotide exchange factor synembryn protein] [protein_id=QRW15739.1] [location=complement(join(814870..815060,815114..815230,815621..815751,815827..816378,816504..816667,816716..816841,816893..817054,817101..817177,817224..817392))] [gbkey=CDS]",0.11229946524064172,0.058823529411764705,0.040998217468805706,0.0677361853832442,0.008912655971479501,0.024955436720142603,0.0427807486631016,0.08021390374331551,0.0196078431372549,0.053475935828877004,0.11942959001782531,0.0427807486631016,0.017825311942959002,0.0338680926916221,0.0677361853832442,0.10873440285204991,0.035650623885918005,0.0035650623885918,0.016042780748663103,0.044563279857397504
"lcl|CP059658.1_cds_QRW15740.1_223 [locus_tag=RhiXN_03741] [protein=Rab proteins geranylgeranyltransferase component A] [protein_id=QRW15740.1] [location=join(817697..817773,817825..818257)] [gbkey=CDS]",0.08928571428571429,0.03571428571428571,0.023809523809523808,0.02976190476190476,0,0.041666666666666664,0.05952380952380952,0.05952380952380952,0.03571428571428571,0.05357142857142857,0.1130952380952381,0.05357142857142857,0.005952380952380952,0.06547619047619048,0.07738095238095238,0.10119047619047619,0.05357142857142857,0,0.017857142857142856,0.08333333333333333
"lcl|CP059658.1_cds_QRW15741.1_224 [locus_tag=RhiXN_03742] [protein=Rab proteins geranylgeranyltransferase component A] [protein_id=QRW15741.1] [location=join(818643..818948,819003..819465,819529..819628,819678..819894)] [gbkey=CDS]",0.09722222222222222,0.05555555555555555,0.022222222222222223,0.06944444444444445,0.013888888888888888,0.044444444444444446,0.08055555555555556,0.09722222222222222,0.027777777777777776,0.04722222222222222,0.06111111111111111,0.04722222222222222,0.002777777777777778,0.03611111111111111,0.075,0.06944444444444445,0.06944444444444445,0.005555555555555556,0.027777777777777776,0.05
"lcl|CP059658.1_cds_QRW15742.1_225 [locus_tag=RhiXN_03743] [protein=RNA recognition motif protein] [protein_id=QRW15742.1] [location=join(820664..820750,820804..820926,820978..821361,821417..821440,821492..821594,821647..822476)] [gbkey=CDS]",0.14563106796116504,0.06601941747572816,0.03300970873786408,0.07184466019417475,0.001941747572815534,0.03300970873786408,0.06601941747572816,0.13009708737864079,0.001941747572815534,0.011650485436893204,0.036893203883495145,0.0854368932038835,0.011650485436893204,0.027184466019417475,0.06407766990291262,0.10485436893203884,0.05048543689320388,0.007766990291262136,0.007766990291262136,0.04271844660194175
"lcl|CP059658.1_cds_QRW15743.1_226 [locus_tag=RhiXN_03744] [protein=RNA recognition motif domain-containing protein] [protein_id=QRW15743.1] [location=join(822881..822991,823044..823172,823234..823287,823338..823916)] [gbkey=CDS]",0.05190311418685121,0.07612456747404844,0.031141868512110725,0.058823529411764705,0.02422145328719723,0.02768166089965398,0.0657439446366782,0.04152249134948097,0.02768166089965398,0.03460207612456748,0.11764705882352941,0.05190311418685121,0.01730103806228374,0.04152249134948097,0.0726643598615917,0.08996539792387544,0.06228373702422145,0.01730103806228374,0.02768166089965398,0.06228373702422145
"lcl|CP059658.1_cds_QRW15744.1_227 [locus_tag=RhiXN_03745] [protein=hypothetical protein] [protein_id=QRW15744.1] [location=complement(join(824264..824755,824806..824859,824915..825097,825135..825212))] [gbkey=CDS]",0.07116104868913857,0.09363295880149813,0.04119850187265917,0.0449438202247191,0.018726591760299626,0.02247191011235955,0.0449438202247191,0.02247191011235955,0.0449438202247191,0.04868913857677903,0.09363295880149813,0.033707865168539325,0.00749063670411985,0.033707865168539325,0.06367041198501873,0.1198501872659176,0.07116104868913857,0.011235955056179775,0.04868913857677903,0.06367041198501873
"lcl|CP059658.1_cds_QRW15745.1_228 [locus_tag=RhiXN_03746] [protein=beta-1,4-D-glucan cellobiohydrolase] [protein_id=QRW15745.1] [location=join(826659..826813,826870..827037,827076..827379,827432..828169)] [gbkey=CDS]",0.09050772626931568,0.03090507726269316,0.07505518763796909,0.05739514348785872,0.03090507726269316,0.037527593818984545,0.024282560706401765,0.08830022075055188,0.006622516556291391,0.03532008830022075,0.059602649006622516,0.05518763796909492,0.026490066225165563,0.039735099337748346,0.04194260485651214,0.09492273730684327,0.09713024282560706,0.008830022075055188,0.037527593818984545,0.06181015452538632
"lcl|CP059658.1_cds_QRW15746.1_229 [locus_tag=RhiXN_03747] [protein=pectate lyase] [protein_id=QRW15746.1] [location=complement(join(828757..828769,828830..829109,829171..829358,829415..829514,829575..829749))] [gbkey=CDS]",0.092,0.036,0.072,0.044,0.04,0.048,0.032,0.112,0.008,0.052,0.056,0.068,0,0.032,0.02,0.092,0.092,0.004,0.02,0.08
"lcl|CP059658.1_cds_QRW15747.1_230 [locus_tag=RhiXN_03748] [protein=beta-1,4-D-glucan cellobiohydrolase] [protein_id=QRW15747.1] [location=join(832622..833227,833279..833391,833454..834018)] [gbkey=CDS]",0.06807511737089202,0.03755868544600939,0.056338028169014086,0.07276995305164319,0.035211267605633804,0.03286384976525822,0.025821596244131457,0.09154929577464789,0.014084507042253521,0.04225352112676056,0.07511737089201878,0.04460093896713615,0.007042253521126761,0.03286384976525822,0.04460093896713615,0.10093896713615023,0.09389671361502347,0.02112676056338028,0.046948356807511735,0.056338028169014086
"lcl|CP059658.1_cds_QRW15748.1_231 [locus_tag=RhiXN_03749] [protein=hypothetical protein] [protein_id=QRW15748.1] [location=complement(join(834372..834492,834541..834883,834931..834945,835001..835143,835198..835263,835316..835350,835409..835443,835503..835644,835714..835773))] [gbkey=CDS]",0.1069182389937107,0.018867924528301886,0.0660377358490566,0.025157232704402517,0.02830188679245283,0.059748427672955975,0.018867924528301886,0.08176100628930817,0.012578616352201259,0.050314465408805034,0.05345911949685535,0.02830188679245283,0.0220125786163522,0.03773584905660377,0.1069182389937107,0.09748427672955975,0.0660377358490566,0.018867924528301886,0.040880503144654086,0.059748427672955975
"lcl|CP059658.1_cds_QRW15749.1_232 [locus_tag=RhiXN_03750] [protein=uroporphyrinogen decarboxylase] [protein_id=QRW15749.1] [location=complement(join(837991..838701,838779..838907,838962..839263,840107..840449,840506..841017,841065..841127,841181..841250))] [gbkey=CDS]",0.06779661016949153,0.0748587570621469,0.03531073446327684,0.04943502824858757,0.01694915254237288,0.0423728813559322,0.059322033898305086,0.059322033898305086,0.02401129943502825,0.06497175141242938,0.11016949152542373,0.038135593220338986,0.0211864406779661,0.031073446327683617,0.08333333333333333,0.06638418079096045,0.05084745762711865,0.009887005649717515,0.03248587570621469,0.062146892655367235
"lcl|CP059658.1_cds_QRW15750.1_233 [locus_tag=RhiXN_03751] [protein=thioredoxin] [protein_id=QRW15750.1] [location=join(841413..841543,841599..841738,841789..841834,841891..842124,842171..842199,842249..842366,842419..842502,842558..842660,842719..842772,842826..843284,843333..843473,843530..843559,843612..843773)] [gbkey=CDS]",0.07478260869565218,0.04695652173913043,0.019130434782608695,0.057391304347826085,0.01391304347826087,0.036521739130434785,0.059130434782608696,0.05391304347826087,0.02434782608695652,0.04521739130434783,0.09217391304347826,0.06782608695652174,0.022608695652173914,0.04521739130434783,0.06086956521739131,0.0817391304347826,0.06260869565217392,0.020869565217391306,0.034782608695652174,0.08
lcl|CP059658.1_cds_QRW15751.1_234 [locus_tag=RhiXN_03752] [protein=protein disulfide isomerase] [protein_id=QRW15751.1] [location=844291..844800] [gbkey=CDS],0.07142857142857142,0.041666666666666664,0.02976190476190476,0.05357142857142857,0.017857142857142856,0.06547619047619048,0.07738095238095238,0.047619047619047616,0.02976190476190476,0.03571428571428571,0.10119047619047619,0.041666666666666664,0.023809523809523808,0.02976190476190476,0.07142857142857142,0.08333333333333333,0.08928571428571429,0.023809523809523808,0.011904761904761904,0.05357142857142857
"lcl|CP059658.1_cds_QRW15752.1_235 [locus_tag=RhiXN_03753] [protein=protein disulfide isomerase] [protein_id=QRW15752.1] [location=join(846079..846586,846978..847075,847214..847705)] [gbkey=CDS]",0.07417582417582418,0.06593406593406594,0.027472527472527472,0.04945054945054945,0.005494505494505495,0.04945054945054945,0.0989010989010989,0.04120879120879121,0.02197802197802198,0.038461538461538464,0.11538461538461539,0.06593406593406594,0.019230769230769232,0.019230769230769232,0.07417582417582418,0.0989010989010989,0.0521978021978022,0.02197802197802198,0.02197802197802198,0.038461538461538464
"lcl|CP059658.1_cds_QRW15753.1_236 [locus_tag=RhiXN_03754] [protein=hypothetical protein] [protein_id=QRW15753.1] [location=complement(join(847964..848281,848339..848475,848507..848526,848588..848748,848800..848930,848990..849378,849731..849741,849792..849864,849924..850118,850329..850393,850451..850606))] [gbkey=CDS]",0.12,0.06,0.04181818181818182,0.038181818181818185,0.01090909090909091,0.038181818181818185,0.06,0.06545454545454546,0.02181818181818182,0.05090909090909091,0.11636363636363636,0.045454545454545456,0.012727272727272728,0.025454545454545455,0.06545454545454546,0.08545454545454545,0.06727272727272728,0.016363636363636365,0.012727272727272728,0.045454545454545456
"lcl|CP059658.1_cds_QRW15754.1_237 [locus_tag=RhiXN_03755] [protein=IncA domain-containing protein] [protein_id=QRW15754.1] [location=complement(join(851053..851878,851932..852163,852224..852247,852310..852576,852632..853338,853495..854008,854105..854442,854589..854752))] [gbkey=CDS]",0.11154598825831702,0.09197651663405088,0.02837573385518591,0.0410958904109589,0.003913894324853229,0.03816046966731898,0.07925636007827788,0.06262230919765166,0.016634050880626222,0.029354207436399216,0.0812133072407045,0.03816046966731898,0.02054794520547945,0.023483365949119372,0.0949119373776908,0.10176125244618395,0.06653620352250489,0.004892367906066536,0.00684931506849315,0.05870841487279843
"lcl|CP059658.1_cds_QRW15755.1_238 [locus_tag=RhiXN_03756] [protein=hypothetical protein] [protein_id=QRW15755.1] [location=complement(join(859022..859129,859188..859712,859759..860034))] [gbkey=CDS]",0.053156146179401995,0.09634551495016612,0.029900332225913623,0.059800664451827246,0.016611295681063124,0.059800664451827246,0.04983388704318937,0.04983388704318937,0.026578073089700997,0.03986710963455149,0.07973421926910298,0.036544850498338874,0.03986710963455149,0.036544850498338874,0.06312292358803986,0.09966777408637874,0.06976744186046512,0.0033222591362126247,0.036544850498338874,0.053156146179401995
"lcl|CP059658.1_cds_QRW15756.1_239 [locus_tag=RhiXN_03757] [protein=ribosomal protein L13] [protein_id=QRW15756.1] [location=join(862050..862070,862139..862283,862334..862476,862527..862688)] [gbkey=CDS]",0.06451612903225806,0.0967741935483871,0.03870967741935484,0.03870967741935484,0.0064516129032258064,0.05161290322580645,0.04516129032258064,0.07741935483870968,0.03225806451612903,0.07741935483870968,0.07741935483870968,0.0967741935483871,0.03225806451612903,0.012903225806451613,0.05161290322580645,0.03225806451612903,0.04516129032258064,0.012903225806451613,0.03870967741935484,0.07096774193548387
"lcl|CP059658.1_cds_QRW15757.1_240 [locus_tag=RhiXN_03758] [protein=Tyrosine-protein phosphatase] [protein_id=QRW15757.1] [location=complement(join(863194..864369,864420..864568,864619..865162,865217..865309,865365..865617,866492..866559,866614..867278,867343..867964))] [gbkey=CDS]",0.09175084175084175,0.07491582491582492,0.03367003367003367,0.061447811447811446,0.010101010101010102,0.03535353535353535,0.0707070707070707,0.07154882154882154,0.022727272727272728,0.03956228956228956,0.07407407407407407,0.034511784511784514,0.016835016835016835,0.026936026936026935,0.09090909090909091,0.08249158249158249,0.05134680134680135,0.017676767676767676,0.029461279461279462,0.06397306397306397
lcl|CP059658.1_cds_QRW15758.1_241 [locus_tag=RhiXN_03759] [protein=hypothetical protein] [protein_id=QRW15758.1] [location=complement(869303..870235)] [gbkey=CDS],0.06472491909385113,0.06472491909385113,0.02912621359223301,0.07119741100323625,0.012944983818770227,0.05501618122977346,0.03559870550161812,0.045307443365695796,0.022653721682847898,0.05825242718446602,0.09061488673139159,0.05501618122977346,0.038834951456310676,0.045307443365695796,0.05177993527508091,0.0970873786407767,0.07119741100323625,0.003236245954692557,0.032362459546925564,0.05501618122977346
"lcl|CP059658.1_cds_QRW15759.1_242 [locus_tag=RhiXN_03760] [protein=ankyrin repeats] [protein_id=QRW15759.1] [location=complement(join(871402..871518,871589..873375,873433..873602,873653..873684,873751..873783))] [gbkey=CDS]",0.10407876230661041,0.07172995780590717,0.02390998593530239,0.057665260196905765,0.005625879043600563,0.04922644163150492,0.08016877637130802,0.05485232067510549,0.030942334739803096,0.035161744022503515,0.09563994374120956,0.052039381153305204,0.02109704641350211,0.02390998593530239,0.06891701828410689,0.08157524613220815,0.05485232067510549,0.008438818565400843,0.02390998593530239,0.056258790436005623
"lcl|CP059658.1_cds_QRW15760.1_243 [locus_tag=RhiXN_03761] [protein=hypothetical protein] [protein_id=QRW15760.1] [location=complement(join(874174..875668,875722..876335,876390..876531,876792..876882,877129..877465))] [gbkey=CDS]",0.09427609427609428,0.06734006734006734,0.024691358024691357,0.04152637485970819,0.010101010101010102,0.026936026936026935,0.05611672278338945,0.06734006734006734,0.03367003367003367,0.04264870931537598,0.10662177328843996,0.028058361391694726,0.02132435465768799,0.029180695847362513,0.07631874298540965,0.10437710437710437,0.06734006734006734,0.013468013468013467,0.017957351290684626,0.0707070707070707
"lcl|CP059658.1_cds_QRW15761.1_244 [locus_tag=RhiXN_03762] [protein=Zinc-binding dehydrogenase] [protein_id=QRW15761.1] [location=join(879951..879974,880030..880132,880188..880205,880261..880371,880434..880548,880604..880704,880760..880878,880933..881143,881209..881456)] [gbkey=CDS]",0.08333333333333333,0.034482758620689655,0.04597701149425287,0.05172413793103448,0.008620689655172414,0.034482758620689655,0.05459770114942529,0.07471264367816093,0.017241379310344827,0.04885057471264368,0.07183908045977011,0.06896551724137931,0.014367816091954023,0.04597701149425287,0.05747126436781609,0.07471264367816093,0.06609195402298851,0.020114942528735632,0.02586206896551724,0.10057471264367816
"lcl|CP059658.1_cds_QRW15762.1_245 [locus_tag=RhiXN_03763] [protein=Zinc-binding dehydrogenase] [protein_id=QRW15762.1] [location=join(882485..882526,882580..882682,882744..882761,882824..882934,882990..883104,883211..883263,883318..883436,883500..883710,883765..884012)] [gbkey=CDS]",0.09467455621301775,0.029585798816568046,0.04142011834319527,0.05325443786982249,0.008875739644970414,0.03254437869822485,0.05621301775147929,0.07692307692307693,0.01775147928994083,0.07396449704142012,0.07988165680473373,0.07396449704142012,0.01775147928994083,0.04142011834319527,0.05325443786982249,0.06804733727810651,0.05029585798816568,0.014792899408284023,0.023668639053254437,0.09171597633136094
"lcl|CP059658.1_cds_QRW15763.1_246 [locus_tag=RhiXN_03764] [protein=glycoside hydrolase family 127 protein] [protein_id=QRW15763.1] [location=join(884710..884773,884833..884953,885006..885061,885113..885129,885182..885397,885457..885724,885783..885848,885910..886018,886073..886094,886146..886159,886216..886264,886321..886366,886417..886498,886553..886591,886647..887130,887187..887330)] [gbkey=CDS]",0.09045226130653267,0.035175879396984924,0.05360134003350084,0.05862646566164154,0.005025125628140704,0.04355108877721943,0.04187604690117253,0.07202680067001675,0.02512562814070352,0.051926298157453935,0.07537688442211055,0.05360134003350084,0.01507537688442211,0.04355108877721943,0.05695142378559464,0.07705192629815745,0.06867671691792294,0.02512562814070352,0.05527638190954774,0.051926298157453935
"lcl|CP059658.1_cds_QRW15764.1_247 [locus_tag=RhiXN_03765] [protein=aspartyl-tRNA(Asn)/glutamyl-tRNA (Gln) amidotransferase subunit B] [protein_id=QRW15764.1] [location=complement(join(887666..887949,887996..888341,888399..888571,888624..888735,888788..888872,888930..889033,889113..889165,889212..889353,889403..889491,889544..889682))] [gbkey=CDS]",0.07692307692307693,0.08481262327416174,0.029585798816568046,0.05719921104536489,0.009861932938856016,0.03747534516765286,0.0670611439842209,0.06903353057199212,0.01775147928994083,0.047337278106508875,0.11637080867850098,0.03747534516765286,0.021696252465483234,0.03155818540433925,0.05917159763313609,0.08875739644970414,0.055226824457593686,0.005917159763313609,0.023668639053254437,0.0631163708086785
"lcl|CP059658.1_cds_QRW15765.1_248 [locus_tag=RhiXN_03766] [protein=VWA domain-containing protein] [protein_id=QRW15765.1] [location=join(890224..890318,890377..890545,890597..890959,891018..891137)] [gbkey=CDS]",0.07692307692307693,0.06477732793522267,0.048582995951417005,0.08502024291497975,0.004048582995951417,0.04048582995951417,0.06477732793522267,0.07692307692307693,0.020242914979757085,0.06072874493927125,0.10931174089068826,0.06882591093117409,0.024291497975708502,0.032388663967611336,0.04048582995951417,0.04048582995951417,0.06072874493927125,0.004048582995951417,0.016194331983805668,0.06072874493927125
"lcl|CP059658.1_cds_QRW15766.1_249 [locus_tag=RhiXN_03767] [protein=VWA domain-containing protein] [protein_id=QRW15766.1] [location=join(891438..891535,891592..891760,891825..892169,892225..892350)] [gbkey=CDS]",0.06967213114754098,0.08196721311475409,0.045081967213114756,0.09016393442622951,0,0.03278688524590164,0.036885245901639344,0.0942622950819672,0.012295081967213115,0.06967213114754098,0.0860655737704918,0.040983606557377046,0.02459016393442623,0.02459016393442623,0.06147540983606557,0.05327868852459016,0.06147540983606557,0.00819672131147541,0.03278688524590164,0.07377049180327869
"lcl|CP059658.1_cds_QRW15767.1_250 [locus_tag=RhiXN_03768] [protein=VWA domain-containing protein] [protein_id=QRW15767.1] [location=join(892680..892988,893036..893094,893124..893292,893356..893838)] [gbkey=CDS]",0.09171597633136094,0.07396449704142012,0.038461538461538464,0.0650887573964497,0,0.05325443786982249,0.05621301775147929,0.09171597633136094,0.01775147928994083,0.0621301775147929,0.07692307692307693,0.029585798816568046,0.008875739644970414,0.029585798816568046,0.05917159763313609,0.10355029585798817,0.0621301775147929,0.0029585798816568047,0.026627218934911243,0.05029585798816568
"lcl|CP059658.1_cds_QRW15768.1_251 [locus_tag=RhiXN_03769] [protein=hypothetical protein] [protein_id=QRW15768.1] [location=complement(join(894188..894355,894409..894565,894617..894778,894834..894992,895048..895219,895268..895349))] [gbkey=CDS]",0.0738255033557047,0.06711409395973154,0.030201342281879196,0.053691275167785234,0,0.03355704697986577,0.0738255033557047,0.06040268456375839,0.02348993288590604,0.053691275167785234,0.11409395973154363,0.0738255033557047,0.010067114093959731,0.030201342281879196,0.06711409395973154,0.050335570469798654,0.06040268456375839,0.03355704697986577,0.02348993288590604,0.06711409395973154
"lcl|CP059658.1_cds_QRW15769.1_252 [locus_tag=RhiXN_03770] [protein=Serine carboxypeptidase] [protein_id=QRW15769.1] [location=join(895640..895697,895756..895970,896035..896158,896208..896275,896329..896397,896445..896761,896814..896928,896988..897233,897284..897364,897425..897665,898197..898477)] [gbkey=CDS]",0.0812603648424544,0.04809286898839138,0.03648424543946932,0.07462686567164178,0.011608623548922056,0.02321724709784411,0.05472636815920398,0.0912106135986733,0.02321724709784411,0.04145936981757877,0.08291873963515754,0.05804311774461028,0.02155887230514096,0.03482587064676617,0.05140961857379768,0.0779436152570481,0.05306799336650083,0.02155887230514096,0.04145936981757877,0.07131011608623548
"lcl|CP059658.1_cds_QRW15770.1_253 [locus_tag=RhiXN_03771] [protein=hypothetical protein] [protein_id=QRW15770.1] [location=join(898987..900273,900340..900405)] [gbkey=CDS]",0.07349665924276169,0.08908685968819599,0.031180400890868598,0.0556792873051225,0.013363028953229399,0.028953229398663696,0.05790645879732739,0.031180400890868598,0.042316258351893093,0.035634743875278395,0.0467706013363029,0.0400890868596882,0.013363028953229399,0.015590200445434299,0.0957683741648107,0.1514476614699332,0.066815144766147,0.004454342984409799,0.051224944320712694,0.0556792873051225
"lcl|CP059658.1_cds_QRW15771.1_254 [locus_tag=RhiXN_03772] [protein=BAG domain protein] [protein_id=QRW15771.1] [location=join(901239..902111,902172..902201)] [gbkey=CDS]",0.06354515050167224,0.06688963210702341,0.04013377926421405,0.030100334448160536,0.0033444816053511705,0.026755852842809364,0.10367892976588629,0.05016722408026756,0.04013377926421405,0.05351170568561873,0.07692307692307693,0.033444816053511704,0.023411371237458192,0.033444816053511704,0.0802675585284281,0.11371237458193979,0.07357859531772576,0.0033444816053511705,0.05351170568561873,0.030100334448160536
"lcl|CP059658.1_cds_QRW15772.1_255 [locus_tag=RhiXN_03773] [protein=BAG domain protein] [protein_id=QRW15772.1] [location=join(903708..903810,903879..904228)] [gbkey=CDS]",0.10738255033557047,0.06711409395973154,0.04697986577181208,0.06040268456375839,0.006711409395973154,0.0738255033557047,0.10067114093959731,0.03355704697986577,0.040268456375838924,0.026845637583892617,0.08053691275167785,0.04697986577181208,0.020134228187919462,0.026845637583892617,0.03355704697986577,0.06711409395973154,0.06040268456375839,0.020134228187919462,0.020134228187919462,0.06040268456375839
"lcl|CP059658.1_cds_QRW15773.1_256 [locus_tag=RhiXN_03774] [protein=SPC97/SPC98 domain-containing protein] [protein_id=QRW15773.1] [location=complement(join(904526..905036,905087..905172,905224..905251,905306..905496,905543..905725,905773..907419,907482..907592,907644..907705,907764..908229,908286..908318,908389..908515,908569..908873))] [gbkey=CDS]",0.07612179487179487,0.07532051282051282,0.03205128205128205,0.08493589743589744,0.010416666666666666,0.028044871794871796,0.0625,0.052083333333333336,0.03125,0.04807692307692308,0.10737179487179487,0.029647435897435896,0.019230769230769232,0.035256410256410256,0.04887820512820513,0.08814102564102565,0.06891025641025642,0.01282051282051282,0.024839743589743588,0.0641025641025641
"lcl|CP059658.1_cds_QRW15774.1_257 [locus_tag=RhiXN_03775] [protein=genome maintenance protein] [protein_id=QRW15774.1] [location=join(908997..909384,909438..909585,909639..909767,909822..909899,909952..910018)] [gbkey=CDS]",0.11194029850746269,0.06716417910447761,0.018656716417910446,0.04477611940298507,0.014925373134328358,0.026119402985074626,0.07462686567164178,0.05970149253731343,0.011194029850746268,0.048507462686567165,0.0708955223880597,0.0708955223880597,0.011194029850746268,0.041044776119402986,0.08582089552238806,0.06716417910447761,0.055970149253731345,0.014925373134328358,0.04477611940298507,0.05970149253731343
"lcl|CP059658.1_cds_QRW15775.1_258 [locus_tag=RhiXN_03776] [protein=DDE superfamily endonuclease] [protein_id=QRW15775.1] [location=complement(join(910828..910854,910908..911252,911307..911333,911827..911971,912022..912702,912751..913028,913179..913747,913796..913925,913975..914034))] [gbkey=CDS]",0.08244680851063829,0.057180851063829786,0.04654255319148936,0.07047872340425532,0.018617021276595744,0.030585106382978722,0.05319148936170213,0.06515957446808511,0.02127659574468085,0.04654255319148936,0.09175531914893617,0.05851063829787234,0.02127659574468085,0.0425531914893617,0.06914893617021277,0.07047872340425532,0.04654255319148936,0.018617021276595744,0.03590425531914894,0.05319148936170213
"lcl|CP059658.1_cds_QRW15776.1_259 [locus_tag=RhiXN_03777] [protein=hypothetical protein] [protein_id=QRW15776.1] [location=complement(join(915859..916131,916198..916318,916368..916375))] [gbkey=CDS]",0.07575757575757576,0.06818181818181818,0.045454545454545456,0.07575757575757576,0,0.045454545454545456,0.10606060606060606,0.022727272727272728,0.030303030303030304,0.030303030303030304,0.09848484848484848,0.022727272727272728,0.030303030303030304,0.03787878787878788,0.015151515151515152,0.11363636363636363,0.03787878787878788,0.022727272727272728,0.03787878787878788,0.08333333333333333
"lcl|CP059658.1_cds_QRW15777.1_260 [locus_tag=RhiXN_03778] [protein=origin recognition complex subunit 3] [protein_id=QRW15777.1] [location=complement(join(917025..917468,917522..917597,917644..917847,917904..918364,918416..918535,918594..918750,918806..918890,918939..919029,919089..919312,919366..919486,919541..919614,919667..919700,919757..919801))] [gbkey=CDS]",0.08873239436619719,0.059154929577464786,0.023943661971830985,0.0647887323943662,0.016901408450704224,0.04788732394366197,0.07464788732394366,0.054929577464788736,0.028169014084507043,0.04366197183098591,0.1056338028169014,0.04647887323943662,0.022535211267605635,0.038028169014084505,0.04647887323943662,0.0676056338028169,0.06619718309859154,0.005633802816901409,0.04225352112676056,0.056338028169014086
"lcl|CP059658.1_cds_QRW15778.1_261 [locus_tag=RhiXN_03779] [protein=acyltransferase] [protein_id=QRW15778.1] [location=join(920273..920451,920509..920674,920728..920914,921025..921347)] [gbkey=CDS]",0.06713780918727916,0.04946996466431095,0.0176678445229682,0.04240282685512368,0.007067137809187279,0.02120141342756184,0.09187279151943463,0.0636042402826855,0.0176678445229682,0.04240282685512368,0.09540636042402827,0.0636042402826855,0.028268551236749116,0.028268551236749116,0.06713780918727916,0.0989399293286219,0.06007067137809187,0.01060070671378092,0.028268551236749116,0.0989399293286219
"lcl|CP059658.1_cds_QRW15779.1_262 [locus_tag=RhiXN_03780] [protein=glycerophosphoryl diester phosphodiesterase] [protein_id=QRW15779.1] [location=join(922054..922095,922147..922224,922589..922705,923430..923693,923747..923906,923977..924083)] [gbkey=CDS]",0.09055118110236221,0.08267716535433071,0.031496062992125984,0.04330708661417323,0.011811023622047244,0.031496062992125984,0.08661417322834646,0.03937007874015748,0.031496062992125984,0.047244094488188976,0.08661417322834646,0.04330708661417323,0.023622047244094488,0.05511811023622047,0.05511811023622047,0.06692913385826772,0.07086614173228346,0.03937007874015748,0.015748031496062992,0.047244094488188976
"lcl|CP059658.1_cds_QRW15780.1_263 [locus_tag=RhiXN_03781] [protein=hypothetical protein] [protein_id=QRW15780.1] [location=join(924704..925065,925244..925458,925514..927593,927644..928046)] [gbkey=CDS]",0.07269155206286837,0.0893909626719057,0.023575638506876228,0.05304518664047151,9.823182711198428e-4,0.05009823182711198,0.05108055009823183,0.09724950884086445,0.018664047151277015,0.02848722986247544,0.07072691552062868,0.03732809430255403,0.012770137524557957,0.012770137524557957,0.09430255402750491,0.15029469548133595,0.07367387033398821,0.008840864440078585,0.011787819253438114,0.04223968565815324
"lcl|CP059658.1_cds_QRW15781.1_264 [locus_tag=RhiXN_03782] [protein=SPC19 domain-containing protein] [protein_id=QRW15781.1] [location=complement(join(928388..928411,928465..928613,928677..928827,928879..928959,929010..929153))] [gbkey=CDS]",0.13812154696132597,0.08839779005524862,0.027624309392265192,0.049723756906077346,0.0055248618784530384,0.0718232044198895,0.11049723756906077,0.04419889502762431,0.016574585635359115,0.055248618784530384,0.10497237569060773,0.055248618784530384,0.027624309392265192,0.016574585635359115,0.027624309392265192,0.0718232044198895,0.03314917127071823,0,0.0055248618784530384,0.049723756906077346
"lcl|CP059658.1_cds_QRW15782.1_265 [locus_tag=RhiXN_03783] [protein=hypothetical protein] [protein_id=QRW15782.1] [location=join(930276..931611,931667..931883,931933..932065,932120..932587)] [gbkey=CDS]",0.06564245810055866,0.07541899441340782,0.030726256983240222,0.07262569832402235,0.023743016759776536,0.04189944134078212,0.0712290502793296,0.055865921787709494,0.030726256983240222,0.05027932960893855,0.09497206703910614,0.04189944134078212,0.030726256983240222,0.036312849162011177,0.05027932960893855,0.07681564245810056,0.03910614525139665,0.023743016759776536,0.027932960893854747,0.06005586592178771
"lcl|CP059658.1_cds_QRW15783.1_266 [locus_tag=RhiXN_03784] [protein=Fungal hydrophobin] [protein_id=QRW15783.1] [location=join(934737..934945,935004..935169,935226..935309,935360..935433,935485..935566)] [gbkey=CDS]",0.06896551724137931,0.059113300492610835,0.06403940886699508,0.08866995073891626,0.03940886699507389,0.019704433497536946,0.0049261083743842365,0.14285714285714285,0.024630541871921183,0.03940886699507389,0.15270935960591134,0.034482758620689655,0.009852216748768473,0.014778325123152709,0.04433497536945813,0.08374384236453201,0.06896551724137931,0,0.014778325123152709,0.024630541871921183
"lcl|CP059658.1_cds_QRW15784.1_267 [locus_tag=RhiXN_03785] [protein=rRNA processing/ribosome biogenesis] [protein_id=QRW15784.1] [location=complement(join(935679..936341,936397..936898,936962..937039,937097..937206,937259..937346,937401..937521,937570..937702,937768..937881,937931..938104,938156..938449))] [gbkey=CDS]",0.10039630118890357,0.046235138705416116,0.03302509907529723,0.04095112285336856,0.005284015852047556,0.047556142668428,0.04491413474240423,0.04491413474240423,0.03830911492734478,0.05019815059445178,0.12681638044914134,0.03302509907529723,0.015852047556142668,0.022457067371202115,0.08058124174372523,0.1096433289299868,0.08058124174372523,0.007926023778071334,0.017173051519154558,0.05416116248348745
"lcl|CP059658.1_cds_QRW15785.1_268 [locus_tag=RhiXN_03786] [protein=hypothetical protein] [protein_id=QRW15785.1] [location=join(938776..938802,938857..938935,938996..939949,940010..940067,940128..940185)] [gbkey=CDS]",0.09743589743589744,0.1,0.023076923076923078,0.041025641025641026,0,0.05641025641025641,0.035897435897435895,0.06153846153846154,0.020512820512820513,0.03076923076923077,0.06153846153846154,0.035897435897435895,0.03333333333333333,0.015384615384615385,0.07692307692307693,0.1641025641025641,0.08461538461538462,0.010256410256410256,0.010256410256410256,0.041025641025641026
"lcl|CP059658.1_cds_QRW15786.1_269 [locus_tag=RhiXN_03787] [protein=aspartyl protease] [protein_id=QRW15786.1] [location=join(940511..940609,940670..940806,940861..940936,941014..941267,941319..941386,941440..941467,941519..941654,941711..941831,941884..942248)] [gbkey=CDS]",0.11032863849765258,0.06572769953051644,0.03051643192488263,0.0539906103286385,0.011737089201877934,0.07276995305164319,0.08215962441314555,0.07042253521126761,0.023474178403755867,0.04225352112676056,0.11267605633802817,0.03286384976525822,0.028169014084507043,0.03051643192488263,0.06103286384976526,0.06338028169014084,0.051643192488262914,0,0.009389671361502348,0.046948356807511735
"lcl|CP059658.1_cds_QRW15787.1_270 [locus_tag=RhiXN_03788] [protein=fumarylacetoacetate hydrolase domain-containing protein 2] [protein_id=QRW15787.1] [location=complement(join(942391..942783,942864..943065,943123..943148,943221..943402,943482..943541,943867..944271,944321..944408,944466..944626,944682..944883,944935..945021,945072..945194))] [gbkey=CDS]",0.0998439937597504,0.07332293291731669,0.028081123244929798,0.06396255850234009,0.0062402496099844,0.0327613104524181,0.0748829953198128,0.07332293291731669,0.0187207488299532,0.053042121684867397,0.07956318252730109,0.062402496099843996,0.015600624024960999,0.028081123244929798,0.057722308892355696,0.053042121684867397,0.060842433697347896,0.0109204368174727,0.0249609984399376,0.08268330733229329
"lcl|CP059658.1_cds_QRW15788.1_271 [locus_tag=RhiXN_03789] [protein=coiled-coil domain-containing protein] [protein_id=QRW15788.1] [location=join(945214..945264,945366..945563)] [gbkey=CDS]",0.20987654320987653,0.06172839506172839,0.04938271604938271,0.04938271604938271,0,0.04938271604938271,0.012345679012345678,0.06172839506172839,0,0.04938271604938271,0.037037037037037035,0.06172839506172839,0.012345679012345678,0.037037037037037035,0.07407407407407407,0.1111111111111111,0.024691358024691357,0.012345679012345678,0.037037037037037035,0.04938271604938271
"lcl|CP059658.1_cds_QRW15789.1_272 [locus_tag=RhiXN_03790] [protein=double-stranded RNA-binding motif protein] [protein_id=QRW15789.1] [location=complement(join(945846..945884,945937..946516,946573..946589))] [gbkey=CDS]",0.13333333333333333,0.023809523809523808,0.03333333333333333,0.01904761904761905,0.004761904761904762,0.0761904761904762,0.04285714285714286,0.0761904761904762,0.0380952380952381,0.03333333333333333,0.10952380952380952,0.0380952380952381,0.009523809523809525,0.047619047619047616,0.06190476190476191,0.08571428571428572,0.05714285714285714,0.009523809523809525,0.02857142857142857,0.07142857142857142
"lcl|CP059658.1_cds_QRW15790.1_273 [locus_tag=RhiXN_03791] [protein=nucleolar complex protein 14] [protein_id=QRW15790.1] [location=join(947204..947476,947535..947796,947847..947917,947971..948036,948086..948997,949046..949444,949500..949877,949935..950342)] [gbkey=CDS]",0.09337676438653637,0.0749185667752443,0.026058631921824105,0.06623235613463627,0.003257328990228013,0.04451682953311618,0.10749185667752444,0.06406080347448426,0.023887079261672096,0.03040173724212812,0.10314875135722042,0.07926167209554831,0.010857763300760043,0.029315960912052116,0.04668838219326819,0.08143322475570032,0.0499457111834962,0.003257328990228013,0.019543973941368076,0.04234527687296417
"lcl|CP059658.1_cds_QRW15791.1_274 [locus_tag=RhiXN_03792] [protein=Cytochrome C oxidase subunit VII] [protein_id=QRW15791.1] [location=complement(join(951934..952079,952149..952200,952264..952301,952355..952376))] [gbkey=CDS]",0.047619047619047616,0.07142857142857142,0.05952380952380952,0.011904761904761904,0,0.03571428571428571,0.03571428571428571,0.07142857142857142,0.023809523809523808,0.047619047619047616,0.14285714285714285,0.03571428571428571,0.011904761904761904,0.03571428571428571,0.047619047619047616,0.13095238095238096,0.047619047619047616,0,0.05952380952380952,0.08333333333333333
"lcl|CP059658.1_cds_QRW15792.1_275 [locus_tag=RhiXN_03793] [protein=protein AF-9] [protein_id=QRW15792.1] [location=join(952650..952667,952751..952979,953033..953069,953120..953609)] [gbkey=CDS]",0.10546875,0.0625,0.01953125,0.0390625,0,0.0234375,0.1015625,0.046875,0.046875,0.0625,0.08203125,0.0546875,0.00390625,0.03125,0.109375,0.03125,0.09375,0.015625,0.015625,0.0546875
"lcl|CP059658.1_cds_QRW15793.1_276 [locus_tag=RhiXN_03794] [protein=IBR domain protein] [protein_id=QRW15793.1] [location=join(954736..955000,955055..955530,955621..955881,955938..956379,956429..956606,956656..957280,957333..957434,957474..958071,958456..958482,958545..960093,960169..960269,960321..960514,960572..960636,960692..960995)] [gbkey=CDS]",0.07990735379270411,0.0903300521134916,0.04748118123914302,0.03647944412275622,0.017371163867979156,0.06022003474232773,0.05385060799073538,0.04169079328314997,0.02026635784597568,0.04111175448755067,0.05790387955993052,0.03242617255356109,0.011001737116386797,0.01563404748118124,0.11349160393746381,0.12912565141864504,0.08743485813549508,0.006948465547191662,0.01563404748118124,0.04169079328314997
"lcl|CP059658.1_cds_QRW15794.1_277 [locus_tag=RhiXN_03795] [protein=IBR domain protein] [protein_id=QRW15794.1] [location=join(965969..966131,966184..966636,966673..967111,967166..967266,967320..967507,967564..967628,967677..967776)] [gbkey=CDS]",0.07385229540918163,0.07984031936127745,0.03992015968063872,0.041916167664670656,0.04590818363273453,0.04790419161676647,0.03592814371257485,0.07385229540918163,0.03592814371257485,0.043912175648702596,0.04790419161676647,0.027944111776447105,0.013972055888223553,0.02594810379241517,0.0998003992015968,0.1157684630738523,0.05788423153692615,0.011976047904191617,0.033932135728542916,0.04590818363273453
"lcl|CP059658.1_cds_QRW15795.1_278 [locus_tag=RhiXN_03796] [protein=phosphoadenylyl-sulfate reductase (thioredoxin)] [protein_id=QRW15795.1] [location=join(970434..970841,970895..971016,971120..971261,971322..971405)] [gbkey=CDS]",0.072,0.068,0.028,0.064,0.008,0.052,0.084,0.06,0.024,0.044,0.112,0.048,0.012,0.02,0.056,0.048,0.104,0.016,0.032,0.048
"lcl|CP059658.1_cds_QRW15796.1_279 [locus_tag=RhiXN_03797] [protein=kinesin motor domain protein] [protein_id=QRW15796.1] [location=complement(join(971901..971948,972001..972112,972170..972240,972312..972428,972479..974315,974365..975127,975187..975223,975275..975307,975365..975493,975540..975592,975648..975654,975708..976021,976078..976168,976230..976346,976397..976802,976854..976927,976979..977094,977147..977157,977211..977229,977290..977301,977357..977614,977669..977732))] [gbkey=CDS]",0.07303010890454836,0.0647021140294683,0.04035874439461883,0.0647021140294683,0.007687379884689302,0.03843689942344651,0.07110826393337603,0.05957719410634209,0.02114029468289558,0.04035874439461883,0.10634208840486867,0.058936579115951314,0.021780909673286355,0.02626521460602178,0.049967969250480464,0.08904548366431775,0.06662395900064061,0.012812299807815503,0.024343369634849454,0.06278026905829596
"lcl|CP059658.1_cds_QRW15797.1_280 [locus_tag=RhiXN_03798] [protein=hypothetical protein] [protein_id=QRW15797.1] [location=complement(join(980405..980567,980628..980644,980713..981119,981178..981557,981614..981758,981809..981834,981886..981977,982034..982049,982107..982264,982584..982661))] [gbkey=CDS]",0.06707317073170732,0.07520325203252033,0.04065040650406504,0.0508130081300813,0.014227642276422764,0.03861788617886179,0.044715447154471545,0.07723577235772358,0.028455284552845527,0.06300813008130081,0.08333333333333333,0.04065040650406504,0.022357723577235773,0.03861788617886179,0.05894308943089431,0.06504065040650407,0.056910569105691054,0.034552845528455285,0.028455284552845527,0.07113821138211382
"lcl|CP059658.1_cds_QRW15798.1_281 [locus_tag=RhiXN_03799] [protein=HMG (high mobility group) box protein] [protein_id=QRW15798.1] [location=join(982997..983110,983177..983728,983781..984659)] [gbkey=CDS]",0.0935672514619883,0.04678362573099415,0.03313840155945419,0.03898635477582846,0,0.10331384015594541,0.06432748538011696,0.03898635477582846,0.042884990253411304,0.037037037037037035,0.05458089668615984,0.042884990253411304,0.015594541910331383,0.007797270955165692,0.1364522417153996,0.10526315789473684,0.042884990253411304,0.003898635477582846,0.037037037037037035,0.05458089668615984
"lcl|CP059658.1_cds_QRW15799.1_282 [locus_tag=RhiXN_03800] [protein=hypothetical protein] [protein_id=QRW15799.1] [location=join(985212..985282,985343..985354,985404..985945,986001..986060,986113..986235,986286..986311)] [gbkey=CDS]",0.04710144927536232,0.014492753623188406,0.06159420289855073,0.043478260869565216,0,0.06159420289855073,0.021739130434782608,0.2608695652173913,0.010869565217391304,0.014492753623188406,0.03260869565217391,0.025362318840579712,0.007246376811594203,0.021739130434782608,0.15579710144927536,0.09420289855072464,0.025362318840579712,0.021739130434782608,0.06521739130434782,0.014492753623188406
"lcl|CP059658.1_cds_QRW15800.1_283 [locus_tag=RhiXN_03801] [protein=hypothetical protein] [protein_id=QRW15800.1] [location=join(987662..987808,987866..987875,987932..987966,988023..988035,988091..988141,988197..988221,988277..988308,988369..988460,988522..988575)] [gbkey=CDS]",0.12582781456953643,0.026490066225165563,0.06622516556291391,0.039735099337748346,0.026490066225165563,0.019867549668874173,0.033112582781456956,0.09933774834437085,0.026490066225165563,0.046357615894039736,0.0728476821192053,0.013245033112582781,0,0.052980132450331126,0.052980132450331126,0.0728476821192053,0.09271523178807947,0.033112582781456956,0.026490066225165563,0.0728476821192053
"lcl|CP059658.1_cds_QRW15801.1_284 [locus_tag=RhiXN_03802] [protein=nucleotide excision repair protein RAD16] [protein_id=QRW15801.1] [location=join(989759..990094,990144..990869,990924..991130,991183..991262,991314..991560,991618..991754,991807..991901,991961..992028,992085..992165,992217..992338,992392..992423,992480..992501,992551..992581,992634..992807,992863..993132,993188..993248,993301..993371,993435..993486,993546..993640,993697..993732,993794..993838,993899..993916,993981..993986)] [gbkey=CDS]",0.09580838323353294,0.07884231536926148,0.033932135728542916,0.0688622754491018,0.014970059880239521,0.031936127744510975,0.07884231536926148,0.04890219560878244,0.017964071856287425,0.04890219560878244,0.08283433133732535,0.07584830339321358,0.0249500998003992,0.027944111776447105,0.05089820359281437,0.09580838323353294,0.0499001996007984,0.011976047904191617,0.014970059880239521,0.04590818363273453
"lcl|CP059658.1_cds_QRW15802.1_285 [locus_tag=RhiXN_03803] [protein=ribonuclease T2 family] [protein_id=QRW15802.1] [location=join(994508..994721,994791..995844,995906..996074,996131..996320,996499..996609,996696..997228,997294..997396,997462..998074,998676..998880,998937..998987,999040..999165,999219..999383,999441..999542,999595..999658,999713..999790,1000448..1000514,1000572..1000635,1000696..1000820,1000869..1001020,1001077..1001462,1001887..1001930,1001981..1002125,1002183..1002291,1002375..1002458,1002513..1002652,1002733..1003043,1003098..1003182,1003231..1003684,1003736..1004133,1004187..1004297,1004353..1004481,1004530..1004610,1004668..1005144,1005193..1005619,1005675..1005924,1005978..1006011,1006068..1006214,1006271..1006330,1006690..1006737,1006798..1006874,1006925..1007110,1007165..1007219,1007269..1007345,1007402..1007474,1007544..1007567)] [gbkey=CDS]",0.0935754189944134,0.0467877094972067,0.02967877094972067,0.0625,0.009078212290502794,0.051675977653631286,0.07611731843575419,0.06180167597765363,0.02339385474860335,0.04085195530726257,0.06983240223463687,0.08170391061452514,0.02164804469273743,0.02409217877094972,0.09043296089385475,0.06773743016759777,0.060405027932960896,0.010824022346368716,0.024441340782122904,0.05342178770949721
"lcl|CP059658.1_cds_QRW15803.1_286 [locus_tag=RhiXN_03804] [protein=phosphatidylinositol 3- and 4-kinase] [protein_id=QRW15803.1] [location=complement(join(1007725..1007781,1007819..1008046,1008104..1008231,1008282..1008366,1008422..1008509,1008562..1008684,1008741..1008832,1008882..1009006,1009054..1009251,1009301..1009550,1009598..1009792,1009840..1009927,1009986..1010144,1010195..1010275,1010334..1010431,1010479..1010761,1010813..1011326,1011375..1011909,1011961..1013175,1013227..1013469,1013516..1014010,1014064..1014160,1014219..1014374,1014434..1014730,1014783..1015207,1015259..1015680,1015866..1016457))] [gbkey=CDS]",0.08426270136307311,0.06774060305658819,0.040479140850888065,0.05204460966542751,0.012804626187525816,0.047501032631144156,0.06484923585295332,0.04956629491945477,0.02395704254440314,0.0590665014456836,0.1144155307724081,0.047501032631144156,0.02643535729037588,0.030978934324659233,0.04419661296984717,0.07641470466749277,0.05287071458075176,0.01569599339116068,0.024370095002065262,0.06484923585295332
"lcl|CP059658.1_cds_QRW15804.1_287 [locus_tag=RhiXN_03805] [protein=hypothetical protein] [protein_id=QRW15804.1] [location=complement(join(1016955..1017002,1017067..1017180,1017244..1017311,1017397..1017478))] [gbkey=CDS]",0.13725490196078433,0.029411764705882353,0.0392156862745098,0.029411764705882353,0.049019607843137254,0.0392156862745098,0.029411764705882353,0.10784313725490197,0.0196078431372549,0.06862745098039216,0.0392156862745098,0.0196078431372549,0.0392156862745098,0.058823529411764705,0.029411764705882353,0.09803921568627451,0.0392156862745098,0.0196078431372549,0.029411764705882353,0.0784313725490196
"lcl|CP059658.1_cds_QRW15805.1_288 [locus_tag=RhiXN_03806] [protein=proprotein convertase subtilisin/kexin type 5] [protein_id=QRW15805.1] [location=join(1020440..1020504,1020565..1020733,1020785..1020979,1021031..1021222,1021272..1022324)] [gbkey=CDS]",0.08093525179856115,0.0341726618705036,0.0683453237410072,0.030575539568345324,0.11151079136690648,0.039568345323741004,0.02697841726618705,0.12410071942446044,0.00539568345323741,0.023381294964028777,0.019784172661870502,0.0341726618705036,0.0017985611510791368,0.019784172661870502,0.0737410071942446,0.1564748201438849,0.08812949640287769,0.00539568345323741,0.03597122302158273,0.019784172661870502
"lcl|CP059658.1_cds_QRW15806.1_289 [locus_tag=RhiXN_03807] [protein=hypothetical protein] [protein_id=QRW15806.1] [location=join(1023377..1023797,1023853..1023882,1023938..1024095,1024150..1024226,1024284..1024374)] [gbkey=CDS]",0.10116731517509728,0.042801556420233464,0.019455252918287938,0.0622568093385214,0.027237354085603113,0.023346303501945526,0.019455252918287938,0.04669260700389105,0.027237354085603113,0.058365758754863814,0.14007782101167315,0.04669260700389105,0.011673151750972763,0.0311284046692607,0.08560311284046693,0.10116731517509728,0.058365758754863814,0.007782101167315175,0.01556420233463035,0.07392996108949416
"lcl|CP059658.1_cds_QRW15807.1_290 [locus_tag=RhiXN_03808] [protein=Sugar (and other) transporter] [protein_id=QRW15807.1] [location=complement(join(1024578..1024809,1024868..1024972,1025026..1025279,1025513..1025537,1025593..1025905,1025956..1026021,1026079..1026193,1026246..1026425,1026477..1026525,1026586..1026661,1026729..1026786))] [gbkey=CDS]",0.09611451942740286,0.05725971370143149,0.032719836400818,0.03067484662576687,0.022494887525562373,0.0408997955010225,0.044989775051124746,0.09815950920245399,0.010224948875255624,0.07157464212678936,0.09815950920245399,0.012269938650306749,0.026584867075664622,0.065439672801636,0.04703476482617587,0.06134969325153374,0.06134969325153374,0.018404907975460124,0.024539877300613498,0.07975460122699386
"lcl|CP059658.1_cds_QRW15808.1_291 [locus_tag=RhiXN_03809] [protein=enolase C-terminal domain-like protein] [protein_id=QRW15808.1] [location=join(1027455..1027502,1027561..1027680,1027758..1028009,1028059..1028231,1028344..1028389,1028445..1028582,1028641..1028850,1028908..1029120)] [gbkey=CDS]",0.06030150753768844,0.03768844221105527,0.02512562814070352,0.052763819095477386,0.017587939698492462,0.03015075376884422,0.06281407035175879,0.10301507537688442,0.022613065326633167,0.06030150753768844,0.09547738693467336,0.06281407035175879,0.02763819095477387,0.035175879396984924,0.0678391959798995,0.06030150753768844,0.05527638190954774,0.02512562814070352,0.04020100502512563,0.05778894472361809
"lcl|CP059658.1_cds_QRW15809.1_292 [locus_tag=RhiXN_03810] [protein=kinase domain protein] [protein_id=QRW15809.1] [location=join(1029476..1029658,1029721..1029843,1029901..1030083,1030142..1030285)] [gbkey=CDS]",0.09090909090909091,0.03349282296650718,0.05263157894736842,0.023923444976076555,0.004784688995215311,0.028708133971291867,0.11004784688995216,0.03349282296650718,0.014354066985645933,0.06698564593301436,0.08133971291866028,0.06220095693779904,0.019138755980861243,0.03827751196172249,0.03349282296650718,0.1291866028708134,0.06220095693779904,0.009569377990430622,0.014354066985645933,0.09090909090909091
"lcl|CP059658.1_cds_QRW15810.1_293 [locus_tag=RhiXN_03811] [protein=Nucleoside transporter] [protein_id=QRW15810.1] [location=complement(join(1030388..1030918,1030983..1031085,1031142..1031620,1031690..1031829,1031885..1031897))] [gbkey=CDS]",0.12142857142857143,0.030952380952380953,0.04047619047619048,0.02619047619047619,0.011904761904761904,0.016666666666666666,0.01904761904761905,0.047619047619047616,0.016666666666666666,0.07380952380952381,0.11666666666666667,0.02619047619047619,0.02142857142857143,0.06904761904761905,0.06428571428571428,0.10238095238095238,0.06666666666666667,0.014285714285714285,0.0380952380952381,0.0761904761904762
"lcl|CP059658.1_cds_QRW15811.1_294 [locus_tag=RhiXN_03812] [protein=dolichyl-phosphate-mannose-protein mannosyltransferase] [protein_id=QRW15811.1] [location=join(1032428..1032699,1032803..1032955,1033010..1033614,1033667..1033762,1033820..1034146,1034197..1034301,1034359..1034516,1034570..1034717,1034774..1035095,1035157..1035175,1035229..1035537,1035588..1035800)] [gbkey=CDS]",0.0782800441014333,0.04851157662624035,0.03528114663726571,0.05843439911797133,0.009922822491730982,0.040793825799338476,0.05181918412348401,0.06615214994487321,0.03307607497243661,0.050716648291069456,0.09922822491730982,0.05181918412348401,0.014332965821389196,0.05843439911797133,0.05953693495038589,0.05292171995589857,0.06063947078280044,0.023153252480705624,0.03307607497243661,0.07386990077177508
"lcl|CP059658.1_cds_QRW15812.1_295 [locus_tag=RhiXN_03813] [protein=Enoyl-(Acyl carrier protein) reductase] [protein_id=QRW15812.1] [location=complement(join(1035955..1036050,1036101..1036129,1036183..1036293,1036344..1036419,1036465..1036500,1036552..1036565,1036616..1036709,1036758..1036836,1036887..1036951,1037000..1037222,1037279..1037304,1037355..1037378))] [gbkey=CDS]",0.10726643598615918,0.02768166089965398,0.04498269896193772,0.04844290657439446,0.006920415224913495,0.020761245674740483,0.06228373702422145,0.07612456747404844,0.02422145328719723,0.04844290657439446,0.11072664359861592,0.0657439446366782,0.04152249134948097,0.031141868512110725,0.05536332179930796,0.06920415224913495,0.06228373702422145,0.010380622837370242,0.01730103806228374,0.06920415224913495
"lcl|CP059658.1_cds_QRW15813.1_296 [locus_tag=RhiXN_03814] [protein=The BTB (BR-C, ttk and bab)/POZ (Pox virus and Zinc finger) domain] [protein_id=QRW15813.1] [location=complement(1037832..1038647)] [gbkey=CDS]",0.06666666666666667,0.06296296296296296,0.03333333333333333,0.05185185185185185,0.025925925925925925,0.040740740740740744,0.037037037037037035,0.044444444444444446,0.018518518518518517,0.06666666666666667,0.1259259259259259,0.037037037037037035,0.02962962962962963,0.037037037037037035,0.05555555555555555,0.0962962962962963,0.08518518518518518,0.003703703703703704,0.02962962962962963,0.05185185185185185
"lcl|CP059658.1_cds_QRW15814.1_297 [locus_tag=RhiXN_03815] [protein=The BTB (BR-C, ttk and bab)/POZ (Pox virus and Zinc finger) domain] [protein_id=QRW15814.1] [location=complement(1039786..1040343)] [gbkey=CDS]",0.05434782608695652,0.02717391304347826,0.04891304347826087,0.059782608695652176,0.010869565217391304,0.02717391304347826,0.07065217391304347,0.06521739130434782,0.016304347826086956,0.05434782608695652,0.1358695652173913,0.043478260869565216,0.005434782608695652,0.043478260869565216,0.04891304347826087,0.11956521739130435,0.07608695652173914,0,0.021739130434782608,0.07065217391304347
"lcl|CP059658.1_cds_QRW15815.1_298 [locus_tag=RhiXN_03816] [protein=Retrotransposable element Tf2 protein] [protein_id=QRW15815.1] [location=complement(join(1042790..1043568,1043599..1044349))] [gbkey=CDS]",0.0531496062992126,0.03740157480314961,0.05708661417322835,0.0610236220472441,0.011811023622047244,0.051181102362204724,0.05708661417322835,0.04133858267716536,0.02952755905511811,0.07677165354330709,0.12401574803149606,0.07874015748031496,0.011811023622047244,0.051181102362204724,0.047244094488188976,0.05708661417322835,0.03937007874015748,0.017716535433070866,0.04133858267716536,0.05511811023622047
"lcl|CP059658.1_cds_QRW15816.1_299 [locus_tag=RhiXN_03817] [protein=Retrotransposable element Tf2 protein] [protein_id=QRW15816.1] [location=complement(join(1045211..1046181,1046231..1046921,1046981..1047306,1047348..1047584,1047631..1047952,1048002..1048043,1048103..1048435))] [gbkey=CDS]",0.0668724279835391,0.056584362139917695,0.043209876543209874,0.046296296296296294,0.0102880658436214,0.04218106995884774,0.07510288065843622,0.04526748971193416,0.033950617283950615,0.050411522633744855,0.10082304526748971,0.059670781893004114,0.01748971193415638,0.0411522633744856,0.07304526748971193,0.06584362139917696,0.05246913580246913,0.026748971193415638,0.03292181069958848,0.059670781893004114
"lcl|CP059658.1_cds_QRW15817.1_300 [locus_tag=RhiXN_03818] [protein=Retrotransposon-derived protein PEG10] [protein_id=QRW15817.1] [location=complement(join(1048561..1048699,1048744..1049089,1049134..1049218))] [gbkey=CDS]",0.1276595744680851,0.047872340425531915,0.047872340425531915,0.05319148936170213,0.015957446808510637,0.02127659574468085,0.0797872340425532,0.05319148936170213,0.02127659574468085,0.06382978723404255,0.06914893617021277,0.10106382978723404,0.010638297872340425,0.02127659574468085,0.05851063829787234,0.031914893617021274,0.0797872340425532,0.026595744680851064,0.015957446808510637,0.05319148936170213
"lcl|CP059658.1_cds_QRW15818.1_301 [locus_tag=RhiXN_03819] [protein=hypothetical protein] [protein_id=QRW15818.1] [location=complement(join(1049243..1049916,1050944..1051193))] [gbkey=CDS]",0.05555555555555555,0.06209150326797386,0.0196078431372549,0.032679738562091505,0.016339869281045753,0.049019607843137254,0.06862745098039216,0.06535947712418301,0.03594771241830065,0.029411764705882353,0.09477124183006536,0.058823529411764705,0.016339869281045753,0.02287581699346405,0.13071895424836602,0.10130718954248366,0.06535947712418301,0.013071895424836602,0.0196078431372549,0.042483660130718956
"lcl|CP059658.1_cds_QRW15819.1_302 [locus_tag=RhiXN_03820] [protein=Zinc finger, CCHC-type] [protein_id=QRW15819.1] [location=complement(join(1051597..1052238,1052307..1053122))] [gbkey=CDS]",0.09090909090909091,0.030991735537190084,0.05578512396694215,0.0371900826446281,0.030991735537190084,0.049586776859504134,0.06198347107438017,0.05165289256198347,0.026859504132231406,0.047520661157024795,0.06818181818181818,0.06818181818181818,0.026859504132231406,0.03305785123966942,0.08057851239669421,0.07231404958677685,0.06611570247933884,0.02066115702479339,0.024793388429752067,0.05578512396694215
lcl|CP059658.1_cds_QRW15820.1_303 [locus_tag=RhiXN_03821] [protein=Retrotransposable element Tf2 protein] [protein_id=QRW15820.1] [location=1055617..1058253] [gbkey=CDS],0.06043329532497149,0.04104903078677309,0.04218928164196123,0.053591790193842644,0.011402508551881414,0.043329532497149374,0.05815279361459521,0.04789053591790194,0.0330672748004561,0.06271379703534778,0.10490307867730901,0.0661345496009122,0.01710376282782212,0.053591790193842644,0.07525655644241733,0.053591790193842644,0.06043329532497149,0.021664766248574687,0.03078677309007982,0.06271379703534778
"lcl|CP059658.1_cds_QRW15821.1_304 [locus_tag=RhiXN_03822] [protein=Retrotransposable element Tf2 protein] [protein_id=QRW15821.1] [location=complement(join(1058808..1059644,1059687..1061375))] [gbkey=CDS]",0.07142857142857142,0.047619047619047616,0.04404761904761905,0.047619047619047616,0.015476190476190477,0.036904761904761905,0.07738095238095238,0.04404761904761905,0.034523809523809526,0.05119047619047619,0.0988095238095238,0.07261904761904762,0.016666666666666666,0.05119047619047619,0.06666666666666667,0.06547619047619048,0.04285714285714286,0.02619047619047619,0.036904761904761905,0.05238095238095238
lcl|CP059658.1_cds_QRW15822.1_305 [locus_tag=RhiXN_03823] [protein=Retrotransposable element Tf2 protein] [protein_id=QRW15822.1] [location=complement(1061515..1062105)] [gbkey=CDS],0.05128205128205128,0.015384615384615385,0.02564102564102564,0.06153846153846154,0.010256410256410256,0.05641025641025641,0.07179487179487179,0.05128205128205128,0.03076923076923077,0.08717948717948718,0.1076923076923077,0.05128205128205128,0.020512820512820513,0.03076923076923077,0.09743589743589744,0.06153846153846154,0.06666666666666667,0.015384615384615385,0.020512820512820513,0.06666666666666667
lcl|CP059658.1_cds_QRW15823.1_306 [locus_tag=RhiXN_03824] [protein=Retrotransposon gag protein] [protein_id=QRW15823.1] [location=complement(1062219..1063406)] [gbkey=CDS],0.09898477157360407,0.050761421319796954,0.03553299492385787,0.050761421319796954,0.017766497461928935,0.04060913705583756,0.07106598984771574,0.07106598984771574,0.015228426395939087,0.04314720812182741,0.08121827411167512,0.09390862944162437,0.015228426395939087,0.02284263959390863,0.07614213197969544,0.04060913705583756,0.09898477157360407,0.02030456852791878,0.012690355329949238,0.04314720812182741
lcl|CP059658.1_cds_QRW15824.1_307 [locus_tag=RhiXN_03825] [protein=Retrotransposable element Tf2 protein] [protein_id=QRW15824.1] [location=1064635..1065225] [gbkey=CDS],0.041025641025641026,0.035897435897435895,0.05641025641025641,0.03076923076923077,0.010256410256410256,0.041025641025641026,0.11794871794871795,0.046153846153846156,0.020512820512820513,0.041025641025641026,0.10256410256410256,0.12307692307692308,0.010256410256410256,0.02564102564102564,0.07692307692307693,0.07692307692307693,0.02564102564102564,0.02564102564102564,0.03076923076923077,0.06153846153846154
"lcl|CP059658.1_cds_QRW15825.1_308 [locus_tag=RhiXN_03826] [protein=The BTB (BR-C, ttk and bab)/POZ (Pox virus and Zinc finger) domain] [protein_id=QRW15825.1] [location=complement(join(1066979..1067019,1067066..1067633))] [gbkey=CDS]",0.07960199004975124,0.009950248756218905,0.05472636815920398,0.03980099502487562,0.014925373134328358,0.04477611940298507,0.014925373134328358,0.03980099502487562,0.01990049751243781,0.05970149253731343,0.14925373134328357,0.07462686567164178,0.03482587064676617,0.04975124378109453,0.05472636815920398,0.07462686567164178,0.07960199004975124,0.004975124378109453,0.029850746268656716,0.06965174129353234
"lcl|CP059658.1_cds_QRW15826.1_309 [locus_tag=RhiXN_03827] [protein=The BTB (BR-C, ttk and bab)/POZ (Pox virus and Zinc finger) domain] [protein_id=QRW15826.1] [location=complement(1068283..1069257)] [gbkey=CDS]",0.08359133126934984,0.04024767801857585,0.04643962848297214,0.04953560371517028,0.02476780185758514,0.043343653250773995,0.02786377708978328,0.034055727554179564,0.006191950464396285,0.06811145510835913,0.13622291021671826,0.0804953560371517,0.02476780185758514,0.043343653250773995,0.06811145510835913,0.07430340557275542,0.05572755417956656,0.01238390092879257,0.03715170278637771,0.043343653250773995
"lcl|CP059658.1_cds_QRW15827.1_310 [locus_tag=RhiXN_03828] [protein=The BTB (BR-C, ttk and bab)/POZ (Pox virus and Zinc finger) domain] [protein_id=QRW15827.1] [location=complement(1069849..1070829)] [gbkey=CDS]",0.07076923076923076,0.04,0.04,0.07076923076923076,0.015384615384615385,0.04,0.04,0.046153846153846156,0.018461538461538463,0.06153846153846154,0.13230769230769232,0.055384615384615386,0.018461538461538463,0.036923076923076927,0.05846153846153846,0.08307692307692308,0.04923076923076923,0.012307692307692308,0.04,0.07076923076923076
"lcl|CP059658.1_cds_QRW15828.1_311 [locus_tag=RhiXN_03829] [protein=hypothetical protein] [protein_id=QRW15828.1] [location=complement(join(1071203..1071851,1071902..1071999,1072058..1072278,1072341..1072397,1072471..1072575,1072628..1072666,1072722..1072961,1073035..1073677))] [gbkey=CDS]",0.0747800586510264,0.08211143695014662,0.045454545454545456,0.051319648093841645,0.010263929618768328,0.036656891495601175,0.054252199413489736,0.08064516129032258,0.030791788856304986,0.04838709677419355,0.07917888563049853,0.03225806451612903,0.01466275659824047,0.026392961876832845,0.0747800586510264,0.08064516129032258,0.06304985337243402,0.013196480938416423,0.017595307917888565,0.08357771260997067
"lcl|CP059658.1_cds_QRW15829.1_312 [locus_tag=RhiXN_03830] [protein=Apt1 domain protein] [protein_id=QRW15829.1] [location=complement(join(1074966..1075082,1075139..1075758,1075808..1075838,1075890..1075982,1076036..1076060,1076113..1076825,1076877..1077503,1077554..1077655,1077703..1077868,1077919..1078418,1078465..1078716,1078775..1078902,1078956..1080073,1080127..1080274,1080357..1082108,1082144..1083204,1083233..1083504,1083554..1083598,1083654..1084874))] [gbkey=CDS]",0.07579298831385643,0.07712854757929884,0.031051752921535895,0.05843071786310518,0.009682804674457429,0.035058430717863104,0.05575959933222037,0.05308848080133556,0.028714524207011687,0.054090150250417364,0.09682804674457429,0.045075125208681135,0.014691151919866445,0.041736227045075125,0.07479131886477462,0.09582637729549248,0.05943238731218698,0.012353923205342237,0.018697829716193656,0.06176961602671119
"lcl|CP059658.1_cds_QRW15830.1_313 [locus_tag=RhiXN_03831] [protein=DNA polymerase alpha/epsilon subunit B] [protein_id=QRW15830.1] [location=complement(join(1085299..1085457,1085514..1085624,1085683..1085996,1086047..1086263,1086312..1086369,1086417..1086541,1086593..1086727,1086782..1086932,1086982..1087165,1087223..1087364,1087414..1087443))] [gbkey=CDS]",0.05740740740740741,0.06296296296296296,0.025925925925925925,0.07037037037037037,0.012962962962962963,0.03148148148148148,0.07222222222222222,0.06296296296296296,0.025925925925925925,0.05185185185185185,0.11666666666666667,0.044444444444444446,0.024074074074074074,0.05185185185185185,0.06111111111111111,0.06851851851851852,0.06111111111111111,0.012962962962962963,0.02962962962962963,0.05555555555555555
"lcl|CP059658.1_cds_QRW15831.1_314 [locus_tag=RhiXN_03832] [protein=hypothetical protein] [protein_id=QRW15831.1] [location=complement(join(1088159..1088500,1088562..1088705,1088756..1088998))] [gbkey=CDS]",0.12033195020746888,0.0954356846473029,0.02074688796680498,0.008298755186721992,0.008298755186721992,0.029045643153526972,0.04979253112033195,0.04149377593360996,0.03319502074688797,0.08298755186721991,0.11618257261410789,0.04979253112033195,0.029045643153526972,0.04149377593360996,0.08713692946058091,0.07053941908713693,0.04564315352697095,0.008298755186721992,0.02074688796680498,0.04149377593360996
"lcl|CP059658.1_cds_QRW15832.1_315 [locus_tag=RhiXN_03833] [protein=glycoside hydrolase family 92 protein] [protein_id=QRW15832.1] [location=join(1089800..1090228,1090276..1090503,1090849..1090986,1091203..1091277,1091326..1091728,1091786..1092016,1092071..1092267,1092385..1092415,1092469..1092530,1092583..1092590,1092646..1092666,1092721..1092869,1092953..1092986,1093041..1093171,1093227..1093417,1093477..1093683,1093740..1093748,1093800..1093886,1093943..1093989,1094058..1094163,1094218..1094592,1094649..1094684)] [gbkey=CDS]",0.07525870178739416,0.060206961429915336,0.05174035747883349,0.05738476011288805,0.011288805268109126,0.03292568203198495,0.04421448730009407,0.07431796801505174,0.017873941674506115,0.04985888993414864,0.06396989651928504,0.060206961429915336,0.010348071495766699,0.043273753527751646,0.05456255879586077,0.09125117591721543,0.07714016933207903,0.020696142991533398,0.04421448730009407,0.059266227657572904
"lcl|CP059658.1_cds_QRW15833.1_316 [locus_tag=RhiXN_03834] [protein=Golgi apparatus membrane protein TVP38] [protein_id=QRW15833.1] [location=complement(join(1095885..1096067,1096121..1096222,1096281..1096631,1096704..1097029,1097121..1097358))] [gbkey=CDS]",0.08040201005025126,0.05025125628140704,0.02512562814070352,0.02512562814070352,0.02512562814070352,0.035175879396984924,0.022613065326633167,0.05778894472361809,0.01256281407035176,0.05778894472361809,0.12814070351758794,0.032663316582914576,0.01507537688442211,0.017587939698492462,0.09798994974874371,0.12814070351758794,0.07788944723618091,0.02512562814070352,0.005025125628140704,0.08040201005025126
"lcl|CP059658.1_cds_QRW15834.1_317 [locus_tag=RhiXN_03835] [protein=haloacid dehalogenase] [protein_id=QRW15834.1] [location=join(1098647..1098839,1098980..1099108,1099359..1099419,1099653..1099734)] [gbkey=CDS]",0.13071895424836602,0.0196078431372549,0.032679738562091505,0.0457516339869281,0.0196078431372549,0.0392156862745098,0.06535947712418301,0.0784313725490196,0.026143790849673203,0.05228758169934641,0.0718954248366013,0.08496732026143791,0,0.0196078431372549,0.0718954248366013,0.06535947712418301,0.0457516339869281,0.013071895424836602,0.0196078431372549,0.09803921568627451
"lcl|CP059658.1_cds_QRW15835.1_318 [locus_tag=RhiXN_03836] [protein=Tubulin/FtsZ family, GTPase domain] [protein_id=QRW15835.1] [location=complement(join(1100376..1100943,1100993..1101165,1101218..1101519,1101571..1101781,1101839..1101870,1102003..1102063))] [gbkey=CDS]",0.0738255033557047,0.040268456375838924,0.03803131991051454,0.06040268456375839,0.029082774049217,0.020134228187919462,0.0738255033557047,0.087248322147651,0.03131991051454139,0.042505592841163314,0.08501118568232663,0.04697986577181208,0.013422818791946308,0.05592841163310962,0.049217002237136466,0.08277404921700224,0.05592841163310962,0.008948545861297539,0.03355704697986577,0.07158836689038031
"lcl|CP059658.1_cds_QRW15836.1_319 [locus_tag=RhiXN_03837] [protein=Tubulin/FtsZ family, GTPase domain] [protein_id=QRW15836.1] [location=join(1102559..1102654,1102704..1102914,1102965..1103266,1103325..1103497,1103549..1103703,1103759..1104168)] [gbkey=CDS]",0.07829977628635347,0.0447427293064877,0.042505592841163314,0.053691275167785234,0.024608501118568233,0.024608501118568233,0.07829977628635347,0.07829977628635347,0.024608501118568233,0.05145413870246085,0.08053691275167785,0.049217002237136466,0.017897091722595078,0.053691275167785234,0.0447427293064877,0.07829977628635347,0.06487695749440715,0.008948545861297539,0.03131991051454139,0.06935123042505593
"lcl|CP059658.1_cds_QRW15837.1_320 [locus_tag=RhiXN_03838] [protein=hypothetical protein] [protein_id=QRW15837.1] [location=complement(join(1105093..1105222,1105272..1105348,1105398..1105567,1105629..1105989))] [gbkey=CDS]",0.07377049180327869,0.00819672131147541,0.02459016393442623,0.028688524590163935,0.00819672131147541,0.02459016393442623,0.020491803278688523,0.19672131147540983,0,0.08196721311475409,0.18032786885245902,0.04918032786885246,0.00819672131147541,0.020491803278688523,0.06147540983606557,0.09836065573770492,0.036885245901639344,0,0.004098360655737705,0.07377049180327869
"lcl|CP059658.1_cds_QRW15838.1_321 [locus_tag=RhiXN_03839] [protein=Golgi apparatus membrane protein TVP38] [protein_id=QRW15838.1] [location=complement(join(1108857..1109171,1109225..1109629,1109683..1109730,1109790..1110494))] [gbkey=CDS]",0.10224948875255624,0.065439672801636,0.016359918200409,0.03885480572597137,0.018404907975460124,0.034764826175869123,0.032719836400818,0.05930470347648262,0.024539877300613498,0.03885480572597137,0.11860940695296524,0.024539877300613498,0.022494887525562373,0.022494887525562373,0.08384458077709611,0.11042944785276074,0.081799591002045,0.016359918200409,0.006134969325153374,0.081799591002045
"lcl|CP059658.1_cds_QRW15839.1_322 [locus_tag=RhiXN_03840] [protein=casein kinase II subunit beta] [protein_id=QRW15839.1] [location=complement(join(1111640..1111717,1111776..1111808,1111862..1112040,1112104..1112195,1112359..1112771,1112825..1113222,1113283..1113457,1113509..1113618,1113668..1113847,1113945..1114059))] [gbkey=CDS]",0.07130730050933787,0.07809847198641766,0.03225806451612903,0.06112054329371817,0.013582342954159592,0.042444821731748725,0.08828522920203735,0.07130730050933787,0.01697792869269949,0.027164685908319185,0.07979626485568761,0.042444821731748725,0.015280135823429542,0.03395585738539898,0.08488964346349745,0.08488964346349745,0.05263157894736842,0.011884550084889643,0.027164685908319185,0.06451612903225806
"lcl|CP059658.1_cds_QRW15840.1_323 [locus_tag=RhiXN_03841] [protein=protein argonaute 2] [protein_id=QRW15840.1] [location=join(1114385..1114451,1114511..1114597,1114650..1114742,1114792..1115052,1115173..1115345,1115401..1115492,1115546..1115644,1115694..1115752,1115810..1115885,1115941..1115947,1115997..1116084,1116133..1116362,1116409..1116522,1116583..1116624,1116679..1116700,1116752..1116864,1116924..1117080,1117131..1117175,1117233..1117255,1117304..1117413,1117467..1117482,1117531..1117610,1117662..1117759,1117808..1117892,1117946..1117981,1118034..1118167,1118219..1118266,1118321..1118371,1118432..1118519,1118578..1118587,1118638..1118708,1118762..1118877,1118927..1119093)] [gbkey=CDS]",0.07317073170731707,0.07317073170731707,0.042682926829268296,0.047764227642276426,0.013211382113821139,0.056910569105691054,0.032520325203252036,0.125,0.031504065040650404,0.04878048780487805,0.06097560975609756,0.044715447154471545,0.012195121951219513,0.03556910569105691,0.07113821138211382,0.06097560975609756,0.054878048780487805,0.007113821138211382,0.034552845528455285,0.07317073170731707
"lcl|CP059658.1_cds_QRW15841.1_324 [locus_tag=RhiXN_03842] [protein=major facilitator superfamily transporter] [protein_id=QRW15841.1] [location=complement(join(1119504..1119509,1119584..1119790,1119849..1119920))] [gbkey=CDS]",0.1827956989247312,0.021505376344086023,0.021505376344086023,0.010752688172043012,0,0.03225806451612903,0,0.06451612903225806,0.021505376344086023,0.07526881720430108,0.07526881720430108,0.010752688172043012,0.043010752688172046,0.06451612903225806,0.053763440860215055,0.06451612903225806,0.07526881720430108,0.03225806451612903,0.06451612903225806,0.08602150537634409
"lcl|CP059658.1_cds_QRW15842.1_325 [locus_tag=RhiXN_03843] [protein=major facilitator superfamily transporter] [protein_id=QRW15842.1] [location=complement(join(1120007..1120166,1120218..1120272,1120326..1120397,1120452..1120740,1120801..1120834,1120888..1121005,1121056..1121151,1121193..1121347,1121403..1121671))] [gbkey=CDS]",0.06280193236714976,0.04589371980676329,0.024154589371980676,0.033816425120772944,0.016908212560386472,0.00966183574879227,0.06038647342995169,0.07971014492753623,0.01932367149758454,0.06521739130434782,0.1280193236714976,0.028985507246376812,0.033816425120772944,0.050724637681159424,0.0748792270531401,0.08454106280193237,0.04830917874396135,0.014492753623188406,0.024154589371980676,0.09420289855072464
"lcl|CP059658.1_cds_QRW15843.1_326 [locus_tag=RhiXN_03844] [protein=aldo/keto reductase family protein] [protein_id=QRW15843.1] [location=join(1122812..1122842,1122897..1123020,1123069..1123195,1123242..1123325,1123377..1123673,1123732..1123833,1123907..1123938,1123994..1124144)] [gbkey=CDS]",0.05732484076433121,0.054140127388535034,0.04777070063694268,0.041401273885350316,0.006369426751592357,0.06050955414012739,0.05732484076433121,0.06687898089171974,0.03503184713375796,0.054140127388535034,0.09235668789808917,0.06050955414012739,0.04777070063694268,0.028662420382165606,0.03821656050955414,0.06687898089171974,0.050955414012738856,0.01592356687898089,0.04777070063694268,0.07006369426751592
"lcl|CP059658.1_cds_QRW15844.1_327 [locus_tag=RhiXN_03845] [protein=Uracil phosphoribosyltransferase] [protein_id=QRW15844.1] [location=complement(join(1124298..1124378,1124434..1124466,1124541..1124559,1124609..1124639,1124690..1124722,1124779..1124830,1124886..1124938,1124973..1125045,1125114..1125181,1125236..1125283,1125341..1125393,1125455..1125585))] [gbkey=CDS]",0.06726457399103139,0.06726457399103139,0.026905829596412557,0.04035874439461883,0.008968609865470852,0.03587443946188341,0.09417040358744394,0.08071748878923767,0.004484304932735426,0.08968609865470852,0.1210762331838565,0.04932735426008968,0.02242152466367713,0.026905829596412557,0.053811659192825115,0.053811659192825115,0.053811659192825115,0.008968609865470852,0.026905829596412557,0.06726457399103139
"lcl|CP059658.1_cds_QRW15845.1_328 [locus_tag=RhiXN_03846] [protein=hypothetical protein] [protein_id=QRW15845.1] [location=complement(join(1125794..1126126,1126184..1126361,1126414..1126740,1126794..1126940,1127003..1127025))] [gbkey=CDS]",0.12874251497005987,0.029940119760479042,0.05089820359281437,0.06287425149700598,0,0.04790419161676647,0.10778443113772455,0.06287425149700598,0.014970059880239521,0.04491017964071856,0.10778443113772455,0.04491017964071856,0.02694610778443114,0.020958083832335328,0.04491017964071856,0.08982035928143713,0.04790419161676647,0,0.005988023952095809,0.059880239520958084
"lcl|CP059658.1_cds_QRW15846.1_329 [locus_tag=RhiXN_03847] [protein=ribosomal RNA small subunit methyltransferase mra1] [protein_id=QRW15846.1] [location=complement(join(1127338..1127940,1127993..1128062,1128116..1128343,1128403..1128470,1128680..1128712,1128769..1128783,1128844..1128913,1128968..1129067,1129121..1129163,1129214..1129280,1129420..1129472,1129528..1130067))] [gbkey=CDS]",0.07961783439490445,0.05573248407643312,0.041401273885350316,0.06210191082802548,0.01910828025477707,0.03662420382165605,0.06847133757961783,0.04617834394904458,0.020700636942675158,0.042993630573248405,0.07802547770700637,0.07165605095541401,0.01751592356687898,0.03503184713375796,0.07961783439490445,0.0732484076433121,0.07006369426751592,0.007961783439490446,0.02388535031847134,0.07006369426751592
"lcl|CP059658.1_cds_QRW15847.1_330 [locus_tag=RhiXN_03848] [protein=dsrm domain protein] [protein_id=QRW15847.1] [location=complement(join(1131706..1131786,1132344..1132456,1132516..1132725,1132771..1132972))] [gbkey=CDS]",0.09,0.08,0.035,0.035,0.025,0.04,0.08,0.055,0.03,0.055,0.065,0.065,0.015,0.02,0.06,0.075,0.06,0.03,0.04,0.045
"lcl|CP059658.1_cds_QRW15848.1_331 [locus_tag=RhiXN_03849] [protein=hypothetical protein] [protein_id=QRW15848.1] [location=complement(join(1134126..1134170,1134228..1134340,1134404..1134610,1134681..1134863,1134919..1135084))] [gbkey=CDS]",0.1016949152542373,0.11440677966101695,0.05508474576271186,0.03389830508474576,0.025423728813559324,0.03389830508474576,0.07203389830508475,0.038135593220338986,0.029661016949152543,0.046610169491525424,0.08898305084745763,0.0423728813559322,0.03389830508474576,0.012711864406779662,0.0423728813559322,0.05084745762711865,0.05084745762711865,0.0211864406779661,0.0423728813559322,0.0635593220338983
"lcl|CP059658.1_cds_QRW15849.1_332 [locus_tag=RhiXN_03850] [protein=Zinc finger protein DZIP1L] [protein_id=QRW15849.1] [location=complement(join(1136441..1138174,1138225..1138461,1138513..1138536,1138578..1139482,1139535..1139731,1139779..1139872,1139935..1140007))] [gbkey=CDS]",0.16666666666666666,0.04880294659300184,0.0423572744014733,0.03130755064456722,9.208103130755065e-4,0.03038674033149171,0.043278084714548803,0.06537753222836096,0.009208103130755065,0.017495395948434623,0.037753222836095765,0.049723756906077346,0.008287292817679558,0.04604051565377532,0.12062615101289134,0.1141804788213628,0.09392265193370165,0.011970534069981584,0.011049723756906077,0.05064456721915286
"lcl|CP059658.1_cds_QRW15850.1_333 [locus_tag=RhiXN_03851] [protein=Ish1 domain protein] [protein_id=QRW15850.1] [location=complement(join(1141480..1141593,1141645..1141803,1141865..1142194,1142248..1142394,1142447..1142585,1142639..1142950,1143001..1143214,1143269..1143338))] [gbkey=CDS]",0.14807302231237324,0.04665314401622718,0.038539553752535496,0.06288032454361055,0,0.06896551724137931,0.05070993914807302,0.04056795131845842,0.02231237322515213,0.028397565922920892,0.08519269776876268,0.07099391480730223,0.008113590263691683,0.010141987829614604,0.018255578093306288,0.10344827586206896,0.060851926977687626,0.034482758620689655,0.05070993914807302,0.05070993914807302
"lcl|CP059658.1_cds_QRW15851.1_334 [locus_tag=RhiXN_03852] [protein=acyl-CoA dehydrogenase] [protein_id=QRW15851.1] [location=join(1143635..1143705,1143756..1143841,1143889..1143989,1144046..1144252,1144352..1144705,1144763..1144977,1145029..1145188,1145239..1145328)] [gbkey=CDS]",0.12206572769953052,0.04460093896713615,0.03051643192488263,0.035211267605633804,0.011737089201877934,0.03755868544600939,0.07746478873239436,0.08215962441314555,0.007042253521126761,0.07276995305164319,0.06807511737089202,0.06338028169014084,0.02112676056338028,0.046948356807511735,0.03051643192488263,0.08215962441314555,0.07042253521126761,0.007042253521126761,0.03286384976525822,0.056338028169014086
"lcl|CP059658.1_cds_QRW15852.1_335 [locus_tag=RhiXN_03853] [protein=gamma-glutamyltranspeptidase] [protein_id=QRW15852.1] [location=complement(join(1145547..1145695,1145770..1145965,1146027..1146094,1146152..1146422,1146479..1146541,1146605..1146683,1146736..1146878,1146941..1147237,1147292..1147322,1147381..1147641,1147691..1147722,1147774..1147808,1147873..1148131,1148196..1148252,1148313..1148516,1148569..1148911,1148964..1149157,1149211..1149560,1149616..1149822,1149870..1150287,1150337..1150352,1150405..1150556))] [gbkey=CDS]",0.09583660644147683,0.047918303220738416,0.036920659858601726,0.0408483896307934,0.00864100549882168,0.030636292223095052,0.0636292223095051,0.10369206598586017,0.030636292223095052,0.04713275726630008,0.09583660644147683,0.04477611940298507,0.015710919088766692,0.029065200314218383,0.062058130400628436,0.07227022780832679,0.05970149253731343,0.007855459544383346,0.019638648860958365,0.08719560094265515
"lcl|CP059658.1_cds_QRW15853.1_336 [locus_tag=RhiXN_03854] [protein=eukaryotic translation initiation factor 3 subunit 7] [protein_id=QRW15853.1] [location=join(1150934..1151037,1151087..1151471,1151521..1151636,1151688..1151820,1151870..1152020,1152079..1152610,1152667..1152859,1152910..1153002)] [gbkey=CDS]",0.10229276895943562,0.07054673721340388,0.05114638447971781,0.07936507936507936,0.007054673721340388,0.029982363315696647,0.059964726631393295,0.07760141093474426,0.010582010582010581,0.04938271604938271,0.06349206349206349,0.05291005291005291,0.015873015873015872,0.037037037037037035,0.06525573192239859,0.07054673721340388,0.059964726631393295,0.015873015873015872,0.029982363315696647,0.05114638447971781
"lcl|CP059658.1_cds_QRW15854.1_337 [locus_tag=RhiXN_03855] [protein=CUE domain protein] [protein_id=QRW15854.1] [location=complement(join(1153053..1153101,1153159..1153619,1153678..1153896,1153952..1154074,1154136..1154234))] [gbkey=CDS]",0.10476190476190476,0.07936507936507936,0.03492063492063492,0.025396825396825397,0,0.02857142857142857,0.044444444444444446,0.06349206349206349,0.025396825396825397,0.0761904761904762,0.10476190476190476,0.009523809523809525,0.015873015873015872,0.044444444444444446,0.050793650793650794,0.10793650793650794,0.07301587301587302,0.009523809523809525,0.0380952380952381,0.06349206349206349
"lcl|CP059658.1_cds_QRW15855.1_338 [locus_tag=RhiXN_03856] [protein=major facilitator superfamily transporter] [protein_id=QRW15855.1] [location=join(1154753..1154787,1154840..1155096,1155149..1155545,1155819..1155945,1156194..1156353,1156408..1156480,1156548..1156813,1156864..1156875,1156932..1157086,1157140..1157392,1157446..1157744,1157795..1157819,1157873..1157935,1157989..1158117,1158172..1158227)] [gbkey=CDS]",0.08865710560625815,0.07040417209908735,0.02607561929595828,0.048239895697522815,0.014341590612777053,0.03389830508474576,0.05345501955671447,0.07040417209908735,0.01564537157757497,0.061277705345501955,0.08604954367666232,0.04041720990873533,0.02607561929595828,0.05215123859191656,0.05345501955671447,0.08996088657105607,0.05736636245110821,0.01303780964797914,0.03650586701434159,0.06258148631029987
"lcl|CP059658.1_cds_QRW15856.1_339 [locus_tag=RhiXN_03857] [protein=proteasome subunit beta type protein] [protein_id=QRW15856.1] [location=complement(join(1158470..1158657,1158709..1158798,1158851..1159035,1159097..1159137,1159193..1159273,1159321..1159398,1159459..1159509))] [gbkey=CDS]",0.08050847457627118,0.046610169491525424,0.038135593220338986,0.06779661016949153,0.0211864406779661,0.038135593220338986,0.0423728813559322,0.11016949152542373,0.0211864406779661,0.05084745762711865,0.059322033898305086,0.0423728813559322,0.0211864406779661,0.029661016949152543,0.038135593220338986,0.06779661016949153,0.06779661016949153,0.01694915254237288,0.05084745762711865,0.08898305084745763
"lcl|CP059658.1_cds_QRW15857.1_340 [locus_tag=RhiXN_03858] [protein=eukaryotic translation initiation factor 3 subunit K] [protein_id=QRW15857.1] [location=join(1159688..1159787,1159852..1159917,1159971..1160346,1160399..1160510,1160569..1160703)] [gbkey=CDS]",0.07279693486590039,0.05747126436781609,0.04597701149425287,0.038314176245210725,0.007662835249042145,0.07662835249042145,0.0842911877394636,0.0421455938697318,0.007662835249042145,0.06896551724137931,0.11494252873563218,0.03065134099616858,0.011494252873563218,0.038314176245210725,0.04980842911877394,0.10344827586206896,0.06513409961685823,0.019157088122605363,0.04597701149425287,0.019157088122605363
"lcl|CP059658.1_cds_QRW15858.1_341 [locus_tag=RhiXN_03859] [protein=pheromone-regulated membrane protein] [protein_id=QRW15858.1] [location=complement(join(1160872..1160970,1161027..1161793,1161843..1161967,1162028..1162071,1162131..1162569,1162637..1162858,1163204..1163343))] [gbkey=CDS]",0.09016393442622951,0.05245901639344262,0.021311475409836064,0.040983606557377046,0.02622950819672131,0.03114754098360656,0.03934426229508197,0.08032786885245902,0.02622950819672131,0.06229508196721312,0.09508196721311475,0.036065573770491806,0.02459016393442623,0.060655737704918035,0.04590163934426229,0.10819672131147541,0.04262295081967213,0.004918032786885246,0.036065573770491806,0.07540983606557378
"lcl|CP059658.1_cds_QRW15859.1_342 [locus_tag=RhiXN_03860] [protein=hypothetical protein] [protein_id=QRW15859.1] [location=complement(join(1164392..1164744,1164795..1164854,1164909..1165173))] [gbkey=CDS]",0.10714285714285714,0.07589285714285714,0.03571428571428571,0.03125,0.013392857142857142,0.049107142857142856,0.03571428571428571,0.05803571428571429,0.04017857142857143,0.03571428571428571,0.08928571428571429,0.049107142857142856,0.022321428571428572,0.03125,0.08482142857142858,0.08482142857142858,0.07589285714285714,0.004464285714285714,0.022321428571428572,0.05357142857142857
"lcl|CP059658.1_cds_QRW15860.1_343 [locus_tag=RhiXN_03861] [protein=enoyl-CoA hydratase/isomerase family protein] [protein_id=QRW15860.1] [location=join(1165371..1165556,1165607..1165627,1165684..1165724,1165773..1166002,1166057..1166215,1166271..1166351,1166407..1166582)] [gbkey=CDS]",0.13851351351351351,0.08108108108108109,0.016891891891891893,0.05067567567567568,0.02027027027027027,0.02364864864864865,0.06756756756756757,0.07432432432432433,0,0.037162162162162164,0.13851351351351351,0.0472972972972973,0.013513513513513514,0.02364864864864865,0.057432432432432436,0.08445945945945946,0.05067567567567568,0.0033783783783783786,0.013513513513513514,0.057432432432432436
"lcl|CP059658.1_cds_QRW15861.1_344 [locus_tag=RhiXN_03862] [protein=hypothetical protein] [protein_id=QRW15861.1] [location=complement(join(1166869..1167548,1167623..1167829,1167883..1168114,1168174..1168278,1168335..1168403))] [gbkey=CDS]",0.10023310023310024,0.07226107226107226,0.04195804195804196,0.053613053613053616,0.018648018648018648,0.03496503496503497,0.027972027972027972,0.06526806526806526,0.027972027972027972,0.046620046620046623,0.08391608391608392,0.02564102564102564,0.009324009324009324,0.030303030303030304,0.0979020979020979,0.14219114219114218,0.06060606060606061,0.006993006993006993,0.006993006993006993,0.046620046620046623
"lcl|CP059658.1_cds_QRW15862.1_345 [locus_tag=RhiXN_03863] [protein=exocyst complex component Sec10] [protein_id=QRW15862.1] [location=complement(join(1169245..1169569,1169727..1169789,1169839..1170049,1170099..1170334,1170386..1170463,1170511..1170563,1170615..1170794,1170848..1171201,1171254..1171271,1171313..1171427,1171479..1171600,1171654..1171752,1171813..1172027,1172081..1172150,1172213..1172376,1172430..1172505,1172556..1172600))] [gbkey=CDS]",0.09057071960297766,0.06823821339950373,0.04714640198511166,0.04962779156327544,0.011166253101736972,0.04466501240694789,0.08436724565756824,0.05955334987593052,0.013647642679900745,0.052109181141439205,0.10049627791563276,0.052109181141439205,0.022332506203473945,0.03722084367245657,0.03722084367245657,0.08933002481389578,0.05955334987593052,0.004962779156327543,0.02481389578163772,0.05086848635235732
"lcl|CP059658.1_cds_QRW15863.1_346 [locus_tag=RhiXN_03864] [protein=hypothetical protein] [protein_id=QRW15863.1] [location=join(1172869..1173137,1173199..1173333,1173387..1173485,1173534..1173665,1173721..1173864,1173924..1174026,1174081..1174248)] [gbkey=CDS]",0.06896551724137931,0.07183908045977011,0.04885057471264368,0.03735632183908046,0.022988505747126436,0.04597701149425287,0.04885057471264368,0.06609195402298851,0.020114942528735632,0.07183908045977011,0.07183908045977011,0.017241379310344827,0.014367816091954023,0.04310344827586207,0.08333333333333333,0.10057471264367816,0.05172413793103448,0.017241379310344827,0.034482758620689655,0.06321839080459771
"lcl|CP059658.1_cds_QRW15864.1_347 [locus_tag=RhiXN_03865] [protein=hypothetical protein] [protein_id=QRW15864.1] [location=join(1174879..1175000,1175084..1175167,1175216..1175396,1175455..1175523,1175579..1175730,1175784..1175907,1175964..1176199,1176252..1176351,1176403..1176667,1176717..1176877)] [gbkey=CDS]",0.08870967741935484,0.036290322580645164,0.07661290322580645,0.04838709677419355,0.02620967741935484,0.04032258064516129,0.034274193548387094,0.11693548387096774,0.010080645161290322,0.07056451612903226,0.06653225806451613,0.03225806451612903,0.004032258064516129,0.04032258064516129,0.04435483870967742,0.07258064516129033,0.07661290322580645,0.020161290322580645,0.02217741935483871,0.07258064516129033
"lcl|CP059658.1_cds_QRW15865.1_348 [locus_tag=RhiXN_03866] [protein=hypothetical protein] [protein_id=QRW15865.1] [location=join(1177901..1178020,1178079..1178099,1178150..1178210,1178276..1178347,1178406..1178424,1178474..1178597,1178648..1178707,1178762..1178797,1178848..1178892,1178943..1179043,1179093..1179105,1179161..1179247,1179303..1179414,1179465..1179565,1179619..1179879)] [gbkey=CDS]",0.07090464547677261,0.044009779951100246,0.09046454767726161,0.06601466992665037,0.014669926650366748,0.017114914425427872,0.039119804400977995,0.1393643031784841,0.009779951100244499,0.06845965770171149,0.061124694376528114,0.02689486552567237,0.0024449877750611247,0.044009779951100246,0.061124694376528114,0.05867970660146699,0.06845965770171149,0.02444987775061125,0.02689486552567237,0.06601466992665037
"lcl|CP059658.1_cds_QRW15866.1_349 [locus_tag=RhiXN_03867] [protein=Poly(A) polymerase central domain] [protein_id=QRW15866.1] [location=join(1180227..1180243,1180299..1180427,1180481..1180739,1180796..1180961,1181025..1181114,1181165..1181303,1181369..1181465,1181525..1181645,1181700..1181838,1181887..1182149,1182211..1182334,1182411..1182495,1182554..1182597,1182652..1182958)] [gbkey=CDS]",0.07750759878419453,0.05319148936170213,0.0364741641337386,0.04711246200607903,0.010638297872340425,0.03951367781155015,0.06534954407294832,0.06534954407294832,0.019756838905775075,0.060790273556231005,0.07598784194528875,0.06534954407294832,0.028875379939209727,0.041033434650455926,0.0668693009118541,0.0668693009118541,0.06382978723404255,0.0121580547112462,0.0243161094224924,0.0790273556231003
"lcl|CP059658.1_cds_QRW15867.1_350 [locus_tag=RhiXN_03868] [protein=aldo/keto reductase family protein] [protein_id=QRW15867.1] [location=complement(join(1183939..1184057,1184112..1184236,1184286..1184339,1184406..1184500,1184561..1184857,1184921..1185131,1185189..1185312,1185368..1185407))] [gbkey=CDS]",0.0764872521246459,0.04815864022662889,0.042492917847025496,0.031161473087818695,0.0084985835694051,0.042492917847025496,0.06232294617563739,0.053824362606232294,0.042492917847025496,0.0679886685552408,0.0821529745042493,0.059490084985835696,0.031161473087818695,0.025495750708215296,0.0453257790368272,0.0708215297450425,0.07365439093484419,0.0226628895184136,0.036827195467422094,0.0764872521246459
"lcl|CP059658.1_cds_QRW15868.1_351 [locus_tag=RhiXN_03869] [protein=aldo/keto reductase family protein] [protein_id=QRW15868.1] [location=join(1186881..1186943,1186994..1187074,1187137..1187424,1187483..1187551)] [gbkey=CDS]",0.06060606060606061,0.05454545454545454,0.03636363636363636,0.03636363636363636,0,0.05454545454545454,0.06666666666666667,0.06060606060606061,0.01818181818181818,0.07272727272727272,0.08484848484848485,0.024242424242424242,0.030303030303030304,0.030303030303030304,0.06060606060606061,0.10909090909090909,0.048484848484848485,0.01818181818181818,0.04242424242424243,0.09090909090909091
"lcl|CP059658.1_cds_QRW15869.1_352 [locus_tag=RhiXN_03870] [protein=reticuline oxidase] [protein_id=QRW15869.1] [location=complement(join(1187767..1187881,1187936..1188184,1188314..1188635,1188691..1189125,1189176..1189245))] [gbkey=CDS]",0.07341772151898734,0.07088607594936709,0.04556962025316456,0.04810126582278481,0.015189873417721518,0.027848101265822784,0.05822784810126582,0.06329113924050633,0.030379746835443037,0.05569620253164557,0.10126582278481013,0.05063291139240506,0.015189873417721518,0.04556962025316456,0.043037974683544304,0.07848101265822785,0.05569620253164557,0.015189873417721518,0.043037974683544304,0.06329113924050633
"lcl|CP059658.1_cds_QRW15870.1_353 [locus_tag=RhiXN_03871] [protein=asparaginyl-tRNA synthetase] [protein_id=QRW15870.1] [location=complement(join(1190694..1190785,1190843..1191026,1191081..1191204,1191258..1191398,1191454..1191607,1191665..1191751,1191807..1191966,1192025..1192159,1192215..1192426,1192482..1192603,1192659..1192802,1192859..1192917))] [gbkey=CDS]",0.08582089552238806,0.06343283582089553,0.03171641791044776,0.05970149253731343,0.0037313432835820895,0.05037313432835821,0.08768656716417911,0.054104477611940295,0.022388059701492536,0.054104477611940295,0.08395522388059702,0.06529850746268656,0.024253731343283583,0.05037313432835821,0.05037313432835821,0.05970149253731343,0.054104477611940295,0.005597014925373134,0.024253731343283583,0.06902985074626866
"lcl|CP059658.1_cds_QRW15871.1_354 [locus_tag=RhiXN_03872] [protein=RNA polymerase II-associated protein] [protein_id=QRW15871.1] [location=join(1193418..1193436,1193499..1193627,1193674..1193774,1193824..1194011,1194052..1194209,1194263..1195009,1195064..1195632,1195690..1195827,1195884..1196035,1196096..1196659,1196720..1196759)] [gbkey=CDS]",0.13504823151125403,0.08038585209003216,0.03644158628081458,0.06966773847802786,0.013933547695605574,0.04394426580921758,0.07609860664523044,0.05037513397642015,0.023579849946409433,0.03751339764201501,0.08467309753483387,0.06859592711682744,0.020364415862808145,0.023579849946409433,0.03429796355841372,0.05787781350482315,0.04180064308681672,0.007502679528403001,0.03215434083601286,0.06216505894962487
"lcl|CP059658.1_cds_QRW15872.1_355 [locus_tag=RhiXN_03873] [protein=Pre-rRNA-processing protein TSR2] [protein_id=QRW15872.1] [location=complement(join(1196988..1197074,1197103..1197555))] [gbkey=CDS]",0.12921348314606743,0.0449438202247191,0.016853932584269662,0.10112359550561797,0,0.03932584269662921,0.09550561797752809,0.07303370786516854,0.0056179775280898875,0.03932584269662921,0.06179775280898876,0.05056179775280899,0.016853932584269662,0.028089887640449437,0.03932584269662921,0.11235955056179775,0.033707865168539325,0.028089887640449437,0.0056179775280898875,0.07865168539325842
"lcl|CP059658.1_cds_QRW15873.1_356 [locus_tag=RhiXN_03874] [protein=CoA-binding domain protein] [protein_id=QRW15873.1] [location=join(1197875..1197922,1197967..1198185,1198254..1198322)] [gbkey=CDS]",0.1,0.05454545454545454,0.01818181818181818,0.01818181818181818,0,0.09090909090909091,0.045454545454545456,0.1,0,0.06363636363636363,0.10909090909090909,0.01818181818181818,0.00909090909090909,0.01818181818181818,0.03636363636363636,0.06363636363636363,0.08181818181818182,0.03636363636363636,0.02727272727272727,0.10909090909090909
"lcl|CP059658.1_cds_QRW15874.1_357 [locus_tag=RhiXN_03875] [protein=pentatricopeptide repeat-containing protein 5, mitochondrial] [protein_id=QRW15874.1] [location=complement(join(1199022..1199822,1199877..1201813,1201864..1201974,1202029..1203421,1203479..1203679))] [gbkey=CDS]",0.14131169709263017,0.0784313725490196,0.029749830966869506,0.045300878972278566,0.011494252873563218,0.034482758620689655,0.0581473968897904,0.07031778228532792,0.03583502366463827,0.04192021636240703,0.08924949290060852,0.027721433400946585,0.022988505747126436,0.028397565922920892,0.056795131845841784,0.06896551724137931,0.04665314401622718,0.012846517917511832,0.027721433400946585,0.07167004732927654
"lcl|CP059658.1_cds_QRW15875.1_358 [locus_tag=RhiXN_03876] [protein=ADP-ribosylation factor family] [protein_id=QRW15875.1] [location=join(1205267..1205295,1205361..1205401,1205458..1205490,1205543..1205679,1206484..1206572,1206634..1206770,1206822..1207289,1207340..1207734,1207789..1208147,1208200..1208247,1208720..1208830,1208885..1208901,1208956..1209101,1209156..1209236,1210303..1210339,1210394..1210422,1210484..1210525,1210576..1210639,1210696..1210845,1210898..1211065,1211131..1211279)] [gbkey=CDS]",0.0605726872246696,0.08480176211453745,0.030837004405286344,0.05726872246696035,0.013215859030837005,0.039647577092511016,0.09251101321585903,0.06167400881057269,0.02092511013215859,0.05066079295154185,0.10242290748898679,0.042951541850220265,0.018722466960352423,0.03854625550660793,0.05286343612334802,0.06387665198237885,0.05616740088105727,0.015418502202643172,0.03634361233480176,0.0605726872246696
"lcl|CP059658.1_cds_QRW15876.1_359 [locus_tag=RhiXN_03877] [protein=mRNA cleavage and polyadenylation factor CLP1] [protein_id=QRW15876.1] [location=complement(join(1211331..1212361,1212417..1212514,1212570..1212778,1212828..1213329,1213385..1213827))] [gbkey=CDS]",0.07509881422924901,0.057971014492753624,0.04084321475625823,0.05401844532279315,0.00922266139657444,0.04479578392621871,0.043478260869565216,0.06060606060606061,0.022397891963109356,0.06324110671936758,0.09354413702239789,0.04084321475625823,0.007905138339920948,0.03689064558629776,0.08300395256916997,0.10540184453227931,0.07246376811594203,0.006587615283267457,0.023715415019762844,0.057971014492753624
"lcl|CP059658.1_cds_QRW15877.1_360 [locus_tag=RhiXN_03878] [protein=NADH-ubiquinone oxidoreductase family protein] [protein_id=QRW15877.1] [location=join(1213978..1214054,1214109..1214177,1214231..1214245,1214304..1214318,1214374..1214440)] [gbkey=CDS]",0.11392405063291139,0.11392405063291139,0.0379746835443038,0.05063291139240506,0.05063291139240506,0.08860759493670886,0.08860759493670886,0.0379746835443038,0.02531645569620253,0.0379746835443038,0.10126582278481013,0.06329113924050633,0.02531645569620253,0,0.02531645569620253,0.05063291139240506,0.02531645569620253,0.012658227848101266,0.05063291139240506,0
"lcl|CP059658.1_cds_QRW15878.1_361 [locus_tag=RhiXN_03879] [protein=hypothetical protein] [protein_id=QRW15878.1] [location=complement(join(1214556..1214890,1214940..1215134,1215188..1215284,1215340..1215390))] [gbkey=CDS]",0.08928571428571429,0.05357142857142857,0.013392857142857142,0.07589285714285714,0.017857142857142856,0.03125,0.05803571428571429,0.06696428571428571,0.026785714285714284,0.049107142857142856,0.05357142857142857,0.07142857142857142,0.017857142857142856,0.0625,0.06696428571428571,0.05803571428571429,0.05357142857142857,0.008928571428571428,0.049107142857142856,0.07589285714285714
"lcl|CP059658.1_cds_QRW15879.1_362 [locus_tag=RhiXN_03880] [protein=hypothetical protein] [protein_id=QRW15879.1] [location=join(1215844..1216970,1217025..1217133,1217182..1217445)] [gbkey=CDS]",0.030120481927710843,0.08835341365461848,0.03614457831325301,0.05421686746987952,0.01606425702811245,0.04417670682730924,0.09236947791164658,0.04216867469879518,0.0321285140562249,0.05421686746987952,0.10240963855421686,0.05823293172690763,0.024096385542168676,0.04216867469879518,0.09437751004016064,0.05823293172690763,0.05220883534136546,0.01606425702811245,0.024096385542168676,0.03815261044176707
"lcl|CP059658.1_cds_QRW15880.1_363 [locus_tag=RhiXN_03881] [protein=endoplasmic reticulum membrane protein] [protein_id=QRW15880.1] [location=complement(join(1217952..1218482,1218541..1218789,1218846..1218915,1218966..1219265,1219320..1219390,1219444..1219567,1219624..1219650,1219708..1219832))] [gbkey=CDS]",0.06237424547283702,0.05030181086519115,0.03621730382293763,0.03420523138832998,0.01006036217303823,0.03420523138832998,0.028169014084507043,0.06841046277665996,0.014084507042253521,0.0482897384305835,0.11670020120724346,0.056338028169014086,0.01609657947686117,0.07847082494969819,0.07042253521126761,0.07243460764587525,0.0744466800804829,0.02414486921529175,0.04024144869215292,0.06438631790744467
"lcl|CP059658.1_cds_QRW15881.1_364 [locus_tag=RhiXN_03882] [protein=5-methyltetrahydropteroyltriglutamate-homocysteine S-methyltransferase] [protein_id=QRW15881.1] [location=complement(join(1222079..1222528,1222584..1222857,1222911..1224137,1224201..1224368,1224422..1224563,1224613..1224649))] [gbkey=CDS]",0.09947643979057591,0.049738219895287955,0.0274869109947644,0.06544502617801047,0.002617801047120419,0.03795811518324607,0.0693717277486911,0.056282722513089,0.01832460732984293,0.05366492146596859,0.09947643979057591,0.07329842931937172,0.007853403141361256,0.04319371727748691,0.04842931937172775,0.08115183246073299,0.049738219895287955,0.01832460732984293,0.02617801047120419,0.07198952879581152
"lcl|CP059658.1_cds_QRW15882.1_365 [locus_tag=RhiXN_03883] [protein=ABC1 family protein] [protein_id=QRW15882.1] [location=complement(join(1224989..1225002,1225061..1225394,1225444..1225498,1225560..1225705,1225758..1225849,1225902..1225985,1226067..1226390,1226449..1226533,1226587..1226742,1226795..1226859,1226910..1226955,1227005..1227020,1227075..1227168,1227221..1227240,1227302..1227328,1227401..1227585))] [gbkey=CDS]",0.09499136442141623,0.07081174438687392,0.037996545768566495,0.04835924006908463,0.0034542314335060447,0.044905008635578586,0.05872193436960276,0.06044905008635579,0.024179620034542316,0.05181347150259067,0.10189982728842832,0.039723661485319514,0.025906735751295335,0.04317789291882556,0.05008635578583765,0.06563039723661486,0.04317789291882556,0.027633851468048358,0.03454231433506045,0.07253886010362694
"lcl|CP059658.1_cds_QRW15883.1_366 [locus_tag=RhiXN_03884] [protein=hypothetical protein] [protein_id=QRW15883.1] [location=join(1227975..1228035,1228088..1228608,1228660..1228792,1228843..1228893,1228954..1229042,1229105..1229356,1229411..1229608)] [gbkey=CDS]",0.050808314087759814,0.057736720554272515,0.025404157043879907,0.06697459584295612,0.009237875288683603,0.03464203233256351,0.06928406466512702,0.057736720554272515,0.04157043879907621,0.050808314087759814,0.09699769053117784,0.046189376443418015,0.013856812933025405,0.04387990762124711,0.07852193995381063,0.08545034642032333,0.07159353348729793,0.004618937644341801,0.02771362586605081,0.06697459584295612
"lcl|CP059658.1_cds_QRW15884.1_367 [locus_tag=RhiXN_03885] [protein=cytochrome P450 family protein] [protein_id=QRW15884.1] [location=complement(join(1229727..1229998,1230059..1230214,1230282..1230323,1230387..1230452,1230517..1230632,1230683..1230714,1230774..1230925,1231002..1231078,1231163..1231289,1231368..1231597,1231640..1231822,1231879..1231942,1231997..1232105))] [gbkey=CDS]",0.06481481481481481,0.07222222222222222,0.024074074074074074,0.06111111111111111,0.011111111111111112,0.03888888888888889,0.06111111111111111,0.07222222222222222,0.02962962962962963,0.05740740740740741,0.0962962962962963,0.04814814814814815,0.025925925925925925,0.044444444444444446,0.06111111111111111,0.06111111111111111,0.04259259259259259,0.020370370370370372,0.03333333333333333,0.07407407407407407
"lcl|CP059658.1_cds_QRW15885.1_368 [locus_tag=RhiXN_03886] [protein=cytochrome P450 family protein] [protein_id=QRW15885.1] [location=complement(join(1233568..1233851,1233908..1234063,1234116..1234157,1234205..1234270,1234323..1234438,1234487..1234518,1234576..1234727,1234779..1234855,1234908..1235034,1235087..1235283,1235334..1235348,1236454..1236710,1236771..1236887,1236941..1237083,1237133..1237171,1237228..1237299,1237372..1237442,1237491..1237546))] [gbkey=CDS]",0.07600596125186289,0.05961251862891207,0.02384500745156483,0.06557377049180328,0.01639344262295082,0.037257824143070044,0.07004470938897168,0.06557377049180328,0.029806259314456036,0.04769001490312966,0.10581222056631892,0.05663189269746647,0.022354694485842028,0.05365126676602087,0.05961251862891207,0.046199701937406856,0.043219076005961254,0.014903129657228018,0.038748137108792845,0.06706408345752608
"lcl|CP059658.1_cds_QRW15886.1_369 [locus_tag=RhiXN_03887] [protein=mitochondrial carrier protein] [protein_id=QRW15886.1] [location=join(1237680..1238100,1238198..1238403,1238453..1238507,1238561..1238821,1238874..1239124,1239179..1239320,1239380..1239507,1239564..1239594,1239650..1239930,1240002..1240041,1240096..1240148)] [gbkey=CDS]",0.0998389694041868,0.07568438003220612,0.02576489533011272,0.057971014492753624,0.00322061191626409,0.03864734299516908,0.0499194847020934,0.0853462157809984,0.017713365539452495,0.04830917874396135,0.10144927536231885,0.04186795491143317,0.01932367149758454,0.040257648953301126,0.0644122383252818,0.09017713365539452,0.05314009661835749,0.011272141706924315,0.027375201288244767,0.04830917874396135
"lcl|CP059658.1_cds_QRW15887.1_370 [locus_tag=RhiXN_03888] [protein=hypothetical protein] [protein_id=QRW15887.1] [location=complement(join(1240621..1241015,1241082..1241528,1241590..1242589,1242668..1242913,1242971..1243108))] [gbkey=CDS]",0.10135135135135136,0.07837837837837838,0.032432432432432434,0.05540540540540541,0.006756756756756757,0.04054054054054054,0.08378378378378379,0.05810810810810811,0.02027027027027027,0.032432432432432434,0.07432432432432433,0.041891891891891894,0.008108108108108109,0.022972972972972974,0.0945945945945946,0.09864864864864865,0.06891891891891892,0.010810810810810811,0.00945945945945946,0.060810810810810814
"lcl|CP059658.1_cds_QRW15888.1_371 [locus_tag=RhiXN_03889] [protein=hypothetical protein] [protein_id=QRW15888.1] [location=complement(join(1243745..1244266,1244324..1244933,1244986..1245206))] [gbkey=CDS]",0.1291759465478842,0.0556792873051225,0.035634743875278395,0.042316258351893093,0.011135857461024499,0.028953229398663696,0.060133630289532294,0.04899777282850779,0.015590200445434299,0.031180400890868598,0.14699331848552338,0.017817371937639197,0.017817371937639197,0.042316258351893093,0.06904231625835189,0.10467706013363029,0.062360801781737196,0.008908685968819599,0.015590200445434299,0.0556792873051225
"lcl|CP059658.1_cds_QRW15889.1_372 [locus_tag=RhiXN_03890] [protein=glutamyl-tRNA synthetase] [protein_id=QRW15889.1] [location=complement(join(1245773..1246964,1247024..1247324,1247384..1247879,1247935..1248140,1248189..1248260,1248311..1248605))] [gbkey=CDS]",0.09859154929577464,0.05046948356807512,0.035211267605633804,0.056338028169014086,0.014084507042253521,0.022300469483568074,0.07746478873239436,0.06807511737089202,0.022300469483568074,0.04342723004694836,0.0880281690140845,0.07511737089201878,0.01056338028169014,0.03873239436619718,0.06103286384976526,0.07511737089201878,0.051643192488262914,0.011737089201877934,0.03286384976525822,0.06690140845070422
"lcl|CP059658.1_cds_QRW15890.1_373 [locus_tag=RhiXN_03891] [protein=hypothetical protein] [protein_id=QRW15890.1] [location=complement(join(1248923..1249167,1249224..1249479,1249544..1249766,1249823..1249966,1250024..1250051,1250116..1250242,1250291..1250325,1250378..1250398,1250460..1250500,1250559..1250758))] [gbkey=CDS]",0.0547945205479452,0.05707762557077625,0.02511415525114155,0.05251141552511415,0.00684931506849315,0.0273972602739726,0.0593607305936073,0.0821917808219178,0.0273972602739726,0.04794520547945205,0.1004566210045662,0.0593607305936073,0.0182648401826484,0.045662100456621,0.0821917808219178,0.0821917808219178,0.0502283105022831,0.0228310502283105,0.03881278538812785,0.0593607305936073
"lcl|CP059658.1_cds_QRW15891.1_374 [locus_tag=RhiXN_03892] [protein=chitin deacetylase] [protein_id=QRW15891.1] [location=join(1252457..1252640,1252692..1252975,1253170..1253379,1253429..1253932)] [gbkey=CDS]",0.12244897959183673,0.025510204081632654,0.04591836734693878,0.05102040816326531,0.007653061224489796,0.03316326530612245,0.03571428571428571,0.06887755102040816,0.02806122448979592,0.04591836734693878,0.07653061224489796,0.03316326530612245,0.015306122448979591,0.02806122448979592,0.07653061224489796,0.10714285714285714,0.08928571428571429,0.02806122448979592,0.017857142857142856,0.06377551020408163
"lcl|CP059658.1_cds_QRW15892.1_375 [locus_tag=RhiXN_03893] [protein=carbohydrate esterase family 10 protein] [protein_id=QRW15892.1] [location=complement(join(1256089..1256856,1256915..1257183,1257239..1257497))] [gbkey=CDS]",0.06279069767441861,0.05581395348837209,0.030232558139534883,0.05116279069767442,0.009302325581395349,0.02558139534883721,0.05581395348837209,0.09069767441860466,0.02558139534883721,0.06046511627906977,0.09302325581395349,0.03255813953488372,0.023255813953488372,0.044186046511627906,0.08372093023255814,0.08139534883720931,0.06046511627906977,0.01627906976744186,0.03488372093023256,0.06279069767441861
"lcl|CP059658.1_cds_QRW15893.1_376 [locus_tag=RhiXN_03894] [protein=hypothetical protein] [protein_id=QRW15893.1] [location=join(1258611..1258754,1258810..1258819,1258872..1258906,1258964..1258976,1259032..1259082,1259138..1259162,1259218..1259249,1259307..1259569)] [gbkey=CDS]",0.08994708994708994,0.031746031746031744,0.0582010582010582,0.042328042328042326,0.026455026455026454,0.021164021164021163,0.026455026455026454,0.10052910052910052,0.026455026455026454,0.047619047619047616,0.08465608465608465,0.037037037037037035,0.005291005291005291,0.031746031746031744,0.06349206349206349,0.06878306878306878,0.07936507936507936,0.031746031746031744,0.026455026455026454,0.10052910052910052
lcl|CP059658.1_cds_QRW15894.1_377 [locus_tag=RhiXN_03895] [protein=hypothetical protein] [protein_id=QRW15894.1] [location=complement(1259991..1261310)] [gbkey=CDS],0.1004566210045662,0.06621004566210045,0.0228310502283105,0.0410958904109589,0.01598173515981735,0.02054794520547945,0.06164383561643835,0.06164383561643835,0.02511415525114155,0.0547945205479452,0.1324200913242009,0.02054794520547945,0.01141552511415525,0.03881278538812785,0.07077625570776255,0.07990867579908675,0.08904109589041095,0.0091324200913242,0.02054794520547945,0.05707762557077625
"lcl|CP059658.1_cds_QRW15895.1_378 [locus_tag=RhiXN_03896] [protein=vacuolar membrane protein] [protein_id=QRW15895.1] [location=complement(join(1261803..1262280,1262335..1262471,1262528..1262798,1262849..1263084))] [gbkey=CDS]",0.05913978494623656,0.04838709677419355,0.024193548387096774,0.053763440860215055,0.005376344086021506,0.024193548387096774,0.02956989247311828,0.06720430107526881,0.021505376344086023,0.056451612903225805,0.09408602150537634,0.051075268817204304,0.016129032258064516,0.043010752688172046,0.08602150537634409,0.11827956989247312,0.07258064516129033,0.03225806451612903,0.016129032258064516,0.08064516129032258
"lcl|CP059658.1_cds_QRW15896.1_379 [locus_tag=RhiXN_03897] [protein=AAA family ATPase] [protein_id=QRW15896.1] [location=join(1263298..1263572,1263622..1263744,1263798..1264032,1264092..1264491,1264544..1264716,1264766..1264900,1264952..1265254,1265303..1265467,1265518..1265599,1265649..1265849,1265900..1265979,1266041..1266367)] [gbkey=CDS]",0.08182912154031288,0.056558363417569195,0.0457280385078219,0.056558363417569195,0.0048134777376654635,0.04693140794223827,0.05174488567990373,0.09987966305655836,0.02045728038507822,0.061371841155234655,0.0950661853188929,0.048134777376654635,0.027677496991576414,0.04332129963898917,0.05776173285198556,0.07099879663056559,0.04091456077015644,0.0036101083032490976,0.013237063778580024,0.07340553549939831
lcl|CP059658.1_cds_QRW15897.1_380 [locus_tag=RhiXN_03898] [protein=GTP cyclohydrolase II] [protein_id=QRW15897.1] [location=1267194..1268867] [gbkey=CDS],0.09892086330935251,0.08453237410071943,0.025179856115107913,0.05755395683453238,0.01079136690647482,0.04136690647482014,0.07194244604316546,0.07553956834532374,0.03597122302158273,0.04316546762589928,0.07913669064748201,0.02697841726618705,0.02158273381294964,0.019784172661870502,0.07553956834532374,0.08093525179856115,0.05755395683453238,0.00539568345323741,0.019784172661870502,0.0683453237410072
"lcl|CP059658.1_cds_QRW15898.1_381 [locus_tag=RhiXN_03899] [protein=importin beta N-terminal domain] [protein_id=QRW15898.1] [location=join(1269145..1269377,1269439..1269511,1269566..1269627,1269680..1269857,1269916..1270122,1270181..1270475,1270529..1270636,1270689..1270846,1270900..1270990,1271047..1271139,1271187..1271244,1271295..1271475,1271533..1271682,1271740..1271785,1271840..1271943,1271998..1272069,1272119..1272331,1272381..1272557,1272609..1272767,1272815..1273017,1273073..1273166,1273216..1273389)] [gbkey=CDS]",0.09606147934678194,0.04899135446685879,0.03362151777137368,0.05859750240153699,0.008645533141210375,0.06340057636887608,0.06532180595581172,0.04130643611911623,0.020172910662824207,0.04899135446685879,0.11623439000960614,0.04130643611911623,0.023054755043227664,0.03554274735830932,0.04610951008645533,0.07204610951008646,0.05571565802113353,0.021133525456292025,0.01921229586935639,0.0845341018251681
"lcl|CP059658.1_cds_QRW15899.1_382 [locus_tag=RhiXN_03900] [protein=peroxisomal biogenesis factor 2] [protein_id=QRW15899.1] [location=complement(join(1273458..1273919,1273964..1274056,1274111..1274228,1274278..1274497,1274554..1274716,1274768..1274965))] [gbkey=CDS]",0.09615384615384616,0.08173076923076923,0.021634615384615384,0.0625,0.016826923076923076,0.02403846153846154,0.05048076923076923,0.040865384615384616,0.028846153846153848,0.040865384615384616,0.13942307692307693,0.03365384615384615,0.014423076923076924,0.03125,0.0673076923076923,0.11057692307692307,0.052884615384615384,0.026442307692307692,0.026442307692307692,0.03365384615384615
"lcl|CP059658.1_cds_QRW15900.1_383 [locus_tag=RhiXN_03901] [protein=CorA-like magnesium transporter protein] [protein_id=QRW15900.1] [location=join(1275440..1275564,1275628..1275739,1275794..1276094,1276419..1276469,1276516..1276647,1276704..1276805,1276857..1276957,1277014..1277040)] [gbkey=CDS]",0.05714285714285714,0.07936507936507936,0.02857142857142857,0.0761904761904762,0.009523809523809525,0.047619047619047616,0.044444444444444446,0.031746031746031744,0.02857142857142857,0.0761904761904762,0.1365079365079365,0.044444444444444446,0.015873015873015872,0.03492063492063492,0.047619047619047616,0.08888888888888889,0.050793650793650794,0.009523809523809525,0.03492063492063492,0.05714285714285714
"lcl|CP059658.1_cds_QRW15901.1_384 [locus_tag=RhiXN_03902] [protein=cytochrome P450 family protein] [protein_id=QRW15901.1] [location=join(1277949..1278182,1278217..1278327,1278395..1278845,1278949..1279107,1279165..1279299,1279356..1279381,1279484..1279508,1279561..1279661,1279723..1279753,1279809..1279875,1279936..1280002,1280055..1280145,1280201..1280364,1281403..1281533,1281753..1282010,1282061..1282243,1282300..1282496,1282654..1282699,1282748..1282827,1282882..1283033,1283085..1283116,1283166..1283215,1283268..1283333,1283393..1283458,1283510..1283551,1283607..1283762,1283818..1284083)] [gbkey=CDS]",0.07630878438331855,0.06832298136645963,0.038154392191659274,0.06654835847382432,0.009760425909494233,0.032830523513753325,0.05323868677905945,0.06832298136645963,0.031055900621118012,0.061224489795918366,0.1002661934338953,0.05235137533274179,0.025732031943212066,0.037267080745341616,0.04791481810115351,0.06832298136645963,0.048802129547471165,0.015971606033717833,0.03460514640638864,0.06299911268855368
"lcl|CP059658.1_cds_QRW15902.1_385 [locus_tag=RhiXN_03903] [protein=carbohydrate esterase family 10 protein] [protein_id=QRW15902.1] [location=complement(join(1284370..1285136,1285203..1285365))] [gbkey=CDS]",0.08116883116883117,0.06818181818181818,0.03571428571428571,0.07467532467532467,0.006493506493506494,0.01948051948051948,0.045454545454545456,0.07467532467532467,0.02922077922077922,0.06168831168831169,0.09415584415584416,0.025974025974025976,0.022727272727272728,0.03571428571428571,0.08116883116883117,0.06168831168831169,0.032467532467532464,0.012987012987012988,0.05194805194805195,0.08441558441558442
"lcl|CP059658.1_cds_QRW15903.1_386 [locus_tag=RhiXN_03904] [protein=CsbD domain-containing protein] [protein_id=QRW15903.1] [location=complement(join(1286263..1286314,1286369..1286492,1286546..1286660,1287085..1287294))] [gbkey=CDS]",0.12121212121212122,0.03636363636363636,0.048484848484848485,0.04242424242424243,0,0.10303030303030303,0.06666666666666667,0.09090909090909091,0.024242424242424242,0.04242424242424243,0.06060606060606061,0.10303030303030303,0,0,0.01818181818181818,0.08484848484848485,0.048484848484848485,0.006060606060606061,0.024242424242424242,0.07878787878787878
"lcl|CP059658.1_cds_QRW15904.1_387 [locus_tag=RhiXN_03905] [protein=CorA-like magnesium transporter protein] [protein_id=QRW15904.1] [location=join(1287486..1287731,1287787..1287894,1287950..1288041,1288101..1288244,1288302..1288645,1288698..1288832,1288882..1288983,1289039..1289139,1289204..1289295,1289350..1289416,1289468..1289558,1289612..1289660,1289722..1289860)] [gbkey=CDS]",0.058098591549295774,0.0721830985915493,0.035211267605633804,0.07042253521126761,0.0035211267605633804,0.02992957746478873,0.04929577464788732,0.051056338028169015,0.03873239436619718,0.045774647887323945,0.09507042253521127,0.056338028169014086,0.03169014084507042,0.040492957746478875,0.05985915492957746,0.08098591549295775,0.08274647887323944,0.007042253521126761,0.03169014084507042,0.05985915492957746
"lcl|CP059658.1_cds_QRW15905.1_388 [locus_tag=RhiXN_03906] [protein=ribosomal protein S18] [protein_id=QRW15905.1] [location=complement(join(1290853..1291342,1291418..1291578))] [gbkey=CDS]",0.10697674418604651,0.11627906976744186,0.03255813953488372,0.037209302325581395,0.009302325581395349,0.03255813953488372,0.04186046511627907,0.04186046511627907,0.023255813953488372,0.04186046511627907,0.06976744186046512,0.05581395348837209,0.023255813953488372,0.04186046511627907,0.08837209302325581,0.07906976744186046,0.09302325581395349,0.013953488372093023,0.018604651162790697,0.03255813953488372
"lcl|CP059658.1_cds_QRW15906.1_389 [locus_tag=RhiXN_03907] [protein=protein kinase response regulator receiver domain-containing protein] [protein_id=QRW15906.1] [location=join(1291796..1291824,1291910..1292331,1292385..1292710)] [gbkey=CDS]",0.07392996108949416,0.08949416342412451,0.03501945525291829,0.07782101167315175,0.007782101167315175,0.023346303501945526,0.03501945525291829,0.023346303501945526,0.03501945525291829,0.0311284046692607,0.10116731517509728,0.023346303501945526,0.01556420233463035,0.01556420233463035,0.14785992217898833,0.1245136186770428,0.06614785992217899,0.007782101167315175,0.019455252918287938,0.04669260700389105
"lcl|CP059658.1_cds_QRW15907.1_390 [locus_tag=RhiXN_03908] [protein=protein kinase response regulator receiver domain-containing protein] [protein_id=QRW15907.1] [location=join(1292778..1293445,1293500..1295015,1295090..1295428,1295482..1295612,1295672..1296257,1296312..1296998,1297063..1297597,1297652..1297929)] [gbkey=CDS]",0.07097591888466413,0.058935361216730035,0.025982256020278833,0.053865652724968315,0.005703422053231939,0.04752851711026616,0.08238276299112801,0.060202788339670466,0.02091254752851711,0.051964512040557666,0.0741444866920152,0.036755386565272496,0.025982256020278833,0.023447401774397972,0.0944233206590621,0.10202788339670468,0.0779467680608365,0.013307984790874524,0.015209125475285171,0.058301647655259824
"lcl|CP059658.1_cds_QRW15908.1_391 [locus_tag=RhiXN_03909] [protein=hypothetical protein] [protein_id=QRW15908.1] [location=join(1298250..1298314,1298390..1298551,1298599..1299043,1299095..1299250,1299302..1299736,1299786..1300274)] [gbkey=CDS]",0.08247422680412371,0.06872852233676977,0.037800687285223365,0.05154639175257732,0.005154639175257732,0.11683848797250859,0.054982817869415807,0.07560137457044673,0.03608247422680412,0.030927835051546393,0.06013745704467354,0.041237113402061855,0.03608247422680412,0.029209621993127148,0.08419243986254296,0.06872852233676977,0.0429553264604811,0.012027491408934709,0.01718213058419244,0.048109965635738834
"lcl|CP059658.1_cds_QRW15909.1_392 [locus_tag=RhiXN_03910] [protein=alpha/beta hydrolase family protein] [protein_id=QRW15909.1] [location=join(1302426..1302429,1302493..1302755,1302808..1303572)] [gbkey=CDS]",0.1023391812865497,0.06725146198830409,0.03216374269005848,0.06432748538011696,0.005847953216374269,0.008771929824561403,0.04678362573099415,0.0847953216374269,0.017543859649122806,0.05555555555555555,0.1023391812865497,0.03508771929824561,0.011695906432748537,0.02631578947368421,0.07894736842105263,0.06432748538011696,0.05555555555555555,0.014619883040935672,0.049707602339181284,0.07602339181286549
"lcl|CP059658.1_cds_QRW15910.1_393 [locus_tag=RhiXN_03911] [protein=carbohydrate esterase family 10 protein] [protein_id=QRW15910.1] [location=join(1305002..1305188,1305238..1305500,1305560..1305732,1305783..1306121,1306153..1306324)] [gbkey=CDS]",0.08776595744680851,0.05585106382978723,0.023936170212765957,0.06914893617021277,0.010638297872340425,0.023936170212765957,0.0425531914893617,0.0851063829787234,0.026595744680851064,0.06914893617021277,0.10904255319148937,0.047872340425531915,0.010638297872340425,0.026595744680851064,0.05585106382978723,0.061170212765957445,0.061170212765957445,0.015957446808510637,0.0398936170212766,0.07712765957446809
"lcl|CP059658.1_cds_QRW15911.1_394 [locus_tag=RhiXN_03912] [protein=26S proteasome non-ATPase regulatory subunit 14] [protein_id=QRW15911.1] [location=complement(join(1306505..1306693,1306755..1307099,1307172..1307302,1307337..1307526,1307589..1307628,1307682..1307767))] [gbkey=CDS]",0.06461538461538462,0.046153846153846156,0.03076923076923077,0.043076923076923075,0.003076923076923077,0.04923076923076923,0.07076923076923076,0.08307692307692308,0.04,0.04,0.09538461538461539,0.055384615384615386,0.046153846153846156,0.021538461538461538,0.036923076923076927,0.07692307692307693,0.04923076923076923,0.012307692307692308,0.03076923076923077,0.10461538461538461
"lcl|CP059658.1_cds_QRW15912.1_395 [locus_tag=RhiXN_03913] [protein=hypothetical protein] [protein_id=QRW15912.1] [location=join(1307929..1308240,1308291..1308363,1308412..1308530)] [gbkey=CDS]",0.0963855421686747,0.08433734939759036,0.024096385542168676,0.030120481927710843,0.012048192771084338,0.024096385542168676,0.04216867469879518,0.1746987951807229,0.006024096385542169,0.018072289156626505,0.10240963855421686,0.03614457831325301,0.024096385542168676,0.03614457831325301,0.030120481927710843,0.03614457831325301,0.06626506024096386,0.03614457831325301,0.04216867469879518,0.0783132530120482
"lcl|CP059658.1_cds_QRW15913.1_396 [locus_tag=RhiXN_03914] [protein=Serine/threonine-protein kinase] [protein_id=QRW15913.1] [location=join(1308803..1309506,1309557..1309688,1309743..1309812,1309908..1310528,1310585..1310638,1310704..1311295,1311963..1312173,1312232..1312559,1312625..1312851,1312913..1312967,1313019..1313100,1313154..1313267,1313317..1313501,1313550..1313864)] [gbkey=CDS]",0.1001628664495114,0.06596091205211727,0.04071661237785016,0.05537459283387622,0.007328990228013029,0.03420195439739414,0.059446254071661236,0.06596091205211727,0.02280130293159609,0.03420195439739414,0.07654723127035831,0.06188925081433225,0.018729641693811076,0.033387622149837134,0.06514657980456026,0.0993485342019544,0.059446254071661236,0.008957654723127036,0.021172638436482084,0.06921824104234528
"lcl|CP059658.1_cds_QRW15914.1_397 [locus_tag=RhiXN_03915] [protein=altered inheritance of mitochondria protein 32] [protein_id=QRW15914.1] [location=complement(join(1314016..1314188,1314247..1314444,1314495..1314551,1314604..1315003,1315060..1315293))] [gbkey=CDS]",0.07670454545454546,0.05113636363636364,0.03125,0.05965909090909091,0.028409090909090908,0.028409090909090908,0.06818181818181818,0.07386363636363637,0.03977272727272727,0.036931818181818184,0.08238636363636363,0.048295454545454544,0.011363636363636364,0.022727272727272728,0.06818181818181818,0.10227272727272728,0.048295454545454544,0.017045454545454544,0.019886363636363636,0.08522727272727272
"lcl|CP059658.1_cds_QRW15915.1_398 [locus_tag=RhiXN_03916] [protein=vacuolar protein sorting-associated protein, Vps52/Sac2 family protein] [protein_id=QRW15915.1] [location=join(1316005..1316133,1316186..1316388,1316443..1316503,1316596..1316682,1316735..1316881,1316937..1317284,1317321..1317584,1317637..1317716,1317764..1317890,1317935..1318033)] [gbkey=CDS]",0.0935672514619883,0.08771929824561403,0.02729044834307992,0.04678362573099415,0.01364522417153996,0.04483430799220273,0.07407407407407407,0.056530214424951264,0.005847953216374269,0.05263157894736842,0.12280701754385964,0.04483430799220273,0.011695906432748537,0.03313840155945419,0.05847953216374269,0.0935672514619883,0.042884990253411304,0.009746588693957114,0.03313840155945419,0.04678362573099415
"lcl|CP059658.1_cds_QRW15916.1_399 [locus_tag=RhiXN_03917] [protein=cellular morphogenesis-like protein] [protein_id=QRW15916.1] [location=complement(join(1318447..1318637,1318689..1318965,1319015..1319286,1319337..1319589,1319645..1319716,1319756..1319974,1320039..1320660,1320711..1320863,1320912..1321054,1321106..1321258,1321335..1321505,1322023..1322179,1322230..1322320,1322381..1322576,1322650..1322739,1322793..1322932,1322994..1323068,1323122..1323461))] [gbkey=CDS]",0.10889443059019119,0.05403158769742311,0.04738154613466334,0.04821280133000831,0.014131338320864505,0.02743142144638404,0.05070656691604322,0.060681629260182876,0.029925187032418952,0.057356608478802994,0.09975062344139651,0.04239401496259352,0.012468827930174564,0.025768911055694097,0.06816292601828762,0.07896924355777224,0.06982543640897755,0.014131338320864505,0.024106400665004156,0.0656691604322527
"lcl|CP059658.1_cds_QRW15917.1_400 [locus_tag=RhiXN_03918] [protein=BRCA1 carboxy-terminus (BRCT) domain protein] [protein_id=QRW15917.1] [location=complement(join(1323906..1323979,1324038..1324174,1324228..1324456,1324510..1324634,1324692..1324834))] [gbkey=CDS]",0.06837606837606838,0.06837606837606838,0.042735042735042736,0.03418803418803419,0.01282051282051282,0.038461538461538464,0.05555555555555555,0.06837606837606838,0.04700854700854701,0.05555555555555555,0.05982905982905983,0.08974358974358974,0.004273504273504274,0.017094017094017096,0.042735042735042736,0.11538461538461539,0.07264957264957266,0.008547008547008548,0.03418803418803419,0.0641025641025641
"lcl|CP059658.1_cds_QRW15918.1_401 [locus_tag=RhiXN_03919] [protein=hypothetical protein] [protein_id=QRW15918.1] [location=join(1325130..1325181,1325235..1325430,1325477..1325516,1325566..1325651,1325706..1325784,1325832..1325919,1325976..1326082)] [gbkey=CDS]",0.06074766355140187,0.04672897196261682,0.056074766355140186,0.056074766355140186,0,0.04205607476635514,0.08411214953271028,0.06074766355140187,0.004672897196261682,0.09813084112149532,0.07476635514018691,0.04672897196261682,0.03271028037383177,0.03271028037383177,0.07476635514018691,0.056074766355140186,0.07476635514018691,0.009345794392523364,0.03271028037383177,0.056074766355140186
"lcl|CP059658.1_cds_QRW15919.1_402 [locus_tag=RhiXN_03920] [protein=eukaryotic translation initiation factor 1A,X-chromosomal] [protein_id=QRW15919.1] [location=join(1326179..1326494,1326548..1326662,1326723..1326858)] [gbkey=CDS]",0.0481283422459893,0.09090909090909091,0.03208556149732621,0.0748663101604278,0.0106951871657754,0.0427807486631016,0.10695187165775401,0.08021390374331551,0.026737967914438502,0.06417112299465241,0.058823529411764705,0.053475935828877004,0.0053475935828877,0.0374331550802139,0.026737967914438502,0.09090909090909091,0.053475935828877004,0.0213903743315508,0.0106951871657754,0.06417112299465241
"lcl|CP059658.1_cds_QRW15920.1_403 [locus_tag=RhiXN_03921] [protein=hypothetical protein] [protein_id=QRW15920.1] [location=complement(join(1327095..1327530,1327581..1328931,1328975..1329013,1329064..1329164,1329212..1329905,1329973..1331615,1331668..1332042,1332096..1332318,1332370..1332562,1332615..1332791))] [gbkey=CDS]",0.1079219288174512,0.08610792192881746,0.027554535017221583,0.05166475315729047,0.004018369690011481,0.04305396096440873,0.08668197474167623,0.04420206659012629,0.018369690011481057,0.038461538461538464,0.09931113662456946,0.05166475315729047,0.021814006888633754,0.020091848450057407,0.06601607347876004,0.10619977037887486,0.06257175660160735,0.009184845005740528,0.009184845005740528,0.045924225028702644
"lcl|CP059658.1_cds_QRW15921.1_404 [locus_tag=RhiXN_03922] [protein=amidohydrolase family protein] [protein_id=QRW15921.1] [location=complement(join(1333351..1333401,1333453..1333531,1333606..1333891,1334297..1334575,1334630..1334903,1334956..1335101,1335153..1335293,1335359..1335395))] [gbkey=CDS]",0.09090909090909091,0.07226107226107226,0.04195804195804196,0.05128205128205128,0.013986013986013986,0.03496503496503497,0.07692307692307693,0.05128205128205128,0.02564102564102564,0.03496503496503497,0.10955710955710955,0.053613053613053616,0.013986013986013986,0.030303030303030304,0.06060606060606061,0.06060606060606061,0.06993006993006994,0.011655011655011656,0.030303030303030304,0.06526806526806526
"lcl|CP059658.1_cds_QRW15922.1_405 [locus_tag=RhiXN_03923] [protein=metal homeostatis protein bsd2] [protein_id=QRW15922.1] [location=join(1335754..1336332,1336393..1336729,1336800..1337158)] [gbkey=CDS]",0.11347517730496454,0.054373522458628844,0.05200945626477541,0.04491725768321513,0,0.04018912529550828,0.04491725768321513,0.09219858156028368,0.026004728132387706,0.037825059101654845,0.07328605200945626,0.0070921985815602835,0.028368794326241134,0.037825059101654845,0.1016548463356974,0.07092198581560284,0.06855791962174941,0.018912529550827423,0.03309692671394799,0.054373522458628844
"lcl|CP059658.1_cds_QRW15923.1_406 [locus_tag=RhiXN_03924] [protein=cAMP-independent regulatory protein pac2] [protein_id=QRW15923.1] [location=join(1338011..1338160,1338214..1338295,1338355..1338389,1338444..1338595,1338681..1338891,1338958..1339635,1339704..1340078,1340137..1340262,1340320..1340506,1340581..1340675)] [gbkey=CDS]",0.07625899280575539,0.07050359712230216,0.027338129496402876,0.05467625899280575,0.010071942446043165,0.034532374100719423,0.051798561151079135,0.06762589928057554,0.034532374100719423,0.03741007194244604,0.07050359712230216,0.033093525179856115,0.02446043165467626,0.04460431654676259,0.08920863309352518,0.09784172661870504,0.06906474820143885,0.014388489208633094,0.03597122302158273,0.05611510791366906
"lcl|CP059658.1_cds_QRW15924.1_407 [locus_tag=RhiXN_03925] [protein=Permease for cytosine/purines, uracil, thiamine, allantoin] [protein_id=QRW15924.1] [location=complement(join(1341107..1341308,1341363..1341417,1341476..1341526,1341593..1341704,1341770..1341807,1341871..1341966,1342034..1342109,1342176..1342425,1342484..1342675,1342730..1342835,1342887..1342972,1343032..1343172,1343222..1343301,1343352..1343373,1343432..1343586))] [gbkey=CDS]",0.07971014492753623,0.04710144927536232,0.03804347826086957,0.028985507246376812,0.014492753623188406,0.025362318840579712,0.036231884057971016,0.07246376811594203,0.021739130434782608,0.08152173913043478,0.08333333333333333,0.025362318840579712,0.025362318840579712,0.057971014492753624,0.05434782608695652,0.09963768115942029,0.04710144927536232,0.04528985507246377,0.03260869565217391,0.08333333333333333
"lcl|CP059658.1_cds_QRW15925.1_408 [locus_tag=RhiXN_03926] [protein=kinesin motor domain protein] [protein_id=QRW15925.1] [location=join(1344132..1344165,1344213..1344580,1344632..1346260,1346317..1347351)] [gbkey=CDS]",0.10294117647058823,0.08627450980392157,0.0392156862745098,0.050980392156862744,0.00980392156862745,0.0392156862745098,0.058823529411764705,0.07647058823529412,0.011764705882352941,0.03431372549019608,0.08431372549019608,0.04411764705882353,0.018627450980392157,0.018627450980392157,0.05784313725490196,0.10392156862745099,0.0696078431372549,0.00392156862745098,0.01568627450980392,0.07352941176470588
"lcl|CP059658.1_cds_QRW15926.1_409 [locus_tag=RhiXN_03927] [protein=kinesin-like protein 6] [protein_id=QRW15926.1] [location=join(1348075..1348457,1348555..1348870,1348933..1349082,1349145..1349303,1349359..1349515,1349574..1349634,1349688..1349818,1349876..1350018,1350057..1350316,1350395..1350578,1350635..1350808,1350859..1350912,1350969..1351175)] [gbkey=CDS]",0.07585335018963338,0.07964601769911504,0.0493046776232617,0.06447534766118837,0.029077117572692796,0.039190897597977246,0.045512010113780026,0.05941845764854614,0.03792667509481669,0.025284450063211124,0.07458912768647281,0.03666245259165613,0.015170670037926675,0.022756005056890013,0.0922882427307206,0.11630847029077118,0.0632111251580278,0.006321112515802781,0.015170670037926675,0.051833122629582805
"lcl|CP059658.1_cds_QRW15927.1_410 [locus_tag=RhiXN_03928] [protein=Metallopeptidase family M24] [protein_id=QRW15927.1] [location=complement(join(1351437..1351618,1351656..1351702,1351764..1351770,1351822..1351864,1351919..1351951,1352005..1352019,1352081..1352108,1352194..1352211,1352257..1352300,1352351..1352476,1352539..1352775))] [gbkey=CDS]",0.06976744186046512,0.09689922480620156,0.015503875968992248,0.04263565891472868,0.023255813953488372,0.03488372093023256,0.03875968992248062,0.05426356589147287,0.03875968992248062,0.06589147286821706,0.07364341085271318,0.027131782945736434,0.03488372093023256,0.031007751937984496,0.08914728682170543,0.09302325581395349,0.05813953488372093,0.015503875968992248,0.04263565891472868,0.05426356589147287
"lcl|CP059658.1_cds_QRW15928.1_411 [locus_tag=RhiXN_03929] [protein=Metallopeptidase family M24] [protein_id=QRW15928.1] [location=complement(join(1353186..1353246,1353300..1353403,1353472..1353489,1353548..1353686,1353837..1353964,1354029..1354048,1354102..1354122,1354176..1354249,1354303..1354396,1354463..1354520,1354593..1354681,1354733..1354805))] [gbkey=CDS]",0.06872852233676977,0.061855670103092786,0.037800687285223365,0.05154639175257732,0.03436426116838488,0.024054982817869417,0.07903780068728522,0.06872852233676977,0.030927835051546393,0.07903780068728522,0.07560137457044673,0.054982817869415807,0.01718213058419244,0.024054982817869417,0.07216494845360824,0.044673539518900345,0.06872852233676977,0.01718213058419244,0.024054982817869417,0.06529209621993128
"lcl|CP059658.1_cds_QRW15929.1_412 [locus_tag=RhiXN_03930] [protein=Metallopeptidase family M24] [protein_id=QRW15929.1] [location=complement(join(1355837..1356411,1356465..1356500,1356552..1356631,1356685..1356792,1356844..1356989,1357045..1357154,1357202..1357315,1357372..1357562,1357618..1357651,1357704..1357782,1357838..1357940,1358008..1358147))] [gbkey=CDS]",0.07894736842105263,0.04912280701754386,0.02982456140350877,0.06842105263157895,0.008771929824561403,0.031578947368421054,0.03859649122807018,0.08070175438596491,0.02982456140350877,0.04035087719298246,0.09824561403508772,0.05789473684210526,0.017543859649122806,0.031578947368421054,0.08947368421052632,0.09824561403508772,0.07719298245614035,0.015789473684210527,0.015789473684210527,0.042105263157894736
"lcl|CP059658.1_cds_QRW15930.1_413 [locus_tag=RhiXN_03931] [protein=glycoside hydrolase family 88 protein] [protein_id=QRW15930.1] [location=complement(join(1359574..1359812,1359873..1360035,1360099..1360232,1360287..1360462,1360522..1360542,1360597..1360664,1360730..1360794,1360864..1361129,1361188..1361222,1361288..1361392))] [gbkey=CDS]",0.13270142180094788,0.037914691943127965,0.035545023696682464,0.06635071090047394,0.009478672985781991,0.035545023696682464,0.035545023696682464,0.07582938388625593,0.02843601895734597,0.045023696682464455,0.08530805687203792,0.052132701421800945,0.026066350710900472,0.03317535545023697,0.04265402843601896,0.07819905213270142,0.04976303317535545,0.023696682464454975,0.052132701421800945,0.054502369668246446
"lcl|CP059658.1_cds_QRW15931.1_414 [locus_tag=RhiXN_03932] [protein=enolase C-terminal domain-like protein] [protein_id=QRW15931.1] [location=complement(join(1362913..1363037,1363087..1363161,1363215..1363256,1363311..1363416,1363501..1363593,1363643..1363695,1363748..1363819,1363866..1363967,1364025..1364181,1364224..1364286,1364335..1364488,1364545..1364660))] [gbkey=CDS]",0.09375,0.06770833333333333,0.028645833333333332,0.049479166666666664,0.0078125,0.03125,0.08072916666666667,0.09114583333333333,0.026041666666666668,0.06510416666666667,0.09635416666666667,0.046875,0.020833333333333332,0.033854166666666664,0.044270833333333336,0.0390625,0.046875,0.033854166666666664,0.0234375,0.07291666666666667
"lcl|CP059658.1_cds_QRW15932.1_415 [locus_tag=RhiXN_03933] [protein=vacuolar protein sorting-associated protein, Vps51/Vps67 family protein] [protein_id=QRW15932.1] [location=join(1365066..1365310,1365364..1365408,1365476..1365660,1365714..1365904,1366003..1366134,1366168..1367125,1367178..1367391,1367440..1367561,1367613..1367708,1367758..1367874,1368147..1368238,1368289..1368477,1368533..1368547)] [gbkey=CDS]",0.09942196531791908,0.07283236994219654,0.03468208092485549,0.05433526011560694,0.008092485549132947,0.04161849710982659,0.055491329479768786,0.04046242774566474,0.017341040462427744,0.055491329479768786,0.11098265895953757,0.048554913294797684,0.015028901734104046,0.027745664739884393,0.056647398843930635,0.10520231213872833,0.07514450867052024,0.010404624277456647,0.017341040462427744,0.05317919075144509
"lcl|CP059658.1_cds_QRW15933.1_416 [locus_tag=RhiXN_03934] [protein=glycoside hydrolase family 31 protein] [protein_id=QRW15933.1] [location=complement(join(1368721..1369200,1369260..1369439,1369490..1369606,1369660..1369669,1369726..1369907,1369955..1370069,1370129..1370218,1370270..1370368,1370424..1370462,1370516..1370523,1370582..1370618,1370745..1370782,1370835..1371081,1371137..1371537,1371588..1371658,1371707..1371854))] [gbkey=CDS]",0.07047872340425532,0.05585106382978723,0.03590425531914894,0.04521276595744681,0.009308510638297872,0.034574468085106384,0.0625,0.09308510638297872,0.02526595744680851,0.043882978723404256,0.09175531914893617,0.047872340425531915,0.013297872340425532,0.05319148936170213,0.0625,0.05851063829787234,0.06382978723404255,0.0199468085106383,0.04521276595744681,0.0678191489361702
"lcl|CP059658.1_cds_QRW15934.1_417 [locus_tag=RhiXN_03935] [protein=Sugar (and other) transporter] [protein_id=QRW15934.1] [location=join(1373522..1373586,1373643..1373745,1373801..1373830,1373879..1374049,1374099..1374159,1374218..1374225,1374281..1374305,1374360..1374485,1374540..1374693,1375001..1375085,1375133..1375180,1375248..1375401,1375465..1375498,1375554..1375572,1375686..1375785,1375835..1375853,1375903..1376053)] [gbkey=CDS]",0.0935412026726058,0.0334075723830735,0.044543429844097995,0.024498886414253896,0.013363028953229399,0.0400890868596882,0.04899777282850779,0.09799554565701558,0.015590200445434299,0.0801781737193764,0.0935412026726058,0.035634743875278395,0.0334075723830735,0.0757238307349666,0.0334075723830735,0.08463251670378619,0.0378619153674833,0.017817371937639197,0.024498886414253896,0.07126948775055679
"lcl|CP059658.1_cds_QRW15935.1_418 [locus_tag=RhiXN_03936] [protein=hypothetical protein] [protein_id=QRW15935.1] [location=complement(join(1376271..1376679,1376743..1376759,1376824..1376991,1377044..1377104,1377159..1377228,1377285..1377301,1377356..1377426,1377475..1377675,1377740..1377940,1377990..1378064,1378121..1378145,1378202..1378488))] [gbkey=CDS]",0.09022556390977443,0.03759398496240601,0.018796992481203006,0.03007518796992481,0.0037593984962406013,0.02631578947368421,0.046992481203007516,0.10338345864661654,0.046992481203007516,0.08270676691729323,0.10526315789473684,0.041353383458646614,0.03195488721804511,0.03571428571428571,0.041353383458646614,0.06954887218045112,0.05639097744360902,0.03007518796992481,0.02819548872180451,0.07330827067669173
"lcl|CP059658.1_cds_QRW15936.1_419 [locus_tag=RhiXN_03937] [protein=Fungal specific transcription factor domain] [protein_id=QRW15936.1] [location=join(1379810..1379913,1379981..1380079,1380130..1380498,1380553..1380986,1381041..1381164,1381221..1381293,1381345..1381461,1381513..1381683,1381736..1381917,1381977..1382205,1382266..1382501,1382554..1382642,1382704..1382721,1382776..1383241,1383298..1383349)] [gbkey=CDS]",0.0957562568008705,0.06311207834602829,0.035908596300326445,0.05767138193688792,0.01632208922742111,0.041349292709466814,0.046789989118607184,0.060935799782372145,0.030467899891186073,0.03917301414581066,0.09684439608269858,0.03264417845484222,0.01958650707290533,0.046789989118607184,0.07399347116430903,0.0957562568008705,0.05984766050054407,0.011969532100108813,0.020674646354733407,0.0544069640914037
"lcl|CP059658.1_cds_QRW15937.1_420 [locus_tag=RhiXN_03938] [protein=hypothetical protein] [protein_id=QRW15937.1] [location=complement(join(1383706..1383816,1383886..1383936,1383997..1384236))] [gbkey=CDS]",0.06818181818181818,0.09090909090909091,0.045454545454545456,0.022727272727272728,0.022727272727272728,0.06818181818181818,0.06060606060606061,0.03787878787878788,0.007575757575757576,0.06060606060606061,0.12878787878787878,0.022727272727272728,0.015151515151515152,0.045454545454545456,0.06818181818181818,0.13636363636363635,0.05303030303030303,0,0.007575757575757576,0.03787878787878788
"lcl|CP059658.1_cds_QRW15938.1_421 [locus_tag=RhiXN_03939] [protein=ubiquinol-cytochrome C reductase complex 14kD subunit] [protein_id=QRW15938.1] [location=join(1384900..1385038,1385104..1385132,1385199..1385318,1385385..1385483)] [gbkey=CDS]",0.08661417322834646,0.08661417322834646,0.031496062992125984,0.05511811023622047,0,0.07874015748031496,0.07874015748031496,0.047244094488188976,0.031496062992125984,0.03937007874015748,0.10236220472440945,0.07086614173228346,0,0.031496062992125984,0.05511811023622047,0.023622047244094488,0.03937007874015748,0.015748031496062992,0.05511811023622047,0.07086614173228346
"lcl|CP059658.1_cds_QRW15939.1_422 [locus_tag=RhiXN_03940] [protein=LETM1 and EF-hand domain-containing protein anon-60Da, mitochondrial] [protein_id=QRW15939.1] [location=join(1385936..1386499,1386556..1386699,1386749..1386896,1386953..1387143,1387190..1387447,1387507..1387872,1387936..1388254,1388307..1388407)] [gbkey=CDS]",0.07482014388489208,0.07338129496402877,0.031654676258992806,0.0618705035971223,0.004316546762589928,0.04028776978417266,0.09928057553956834,0.04460431654676259,0.011510791366906475,0.04460431654676259,0.12661870503597122,0.07050359712230216,0.01870503597122302,0.02446043165467626,0.04892086330935252,0.0920863309352518,0.050359712230215826,0.008633093525179856,0.012949640287769784,0.060431654676258995
"lcl|CP059658.1_cds_QRW15940.1_423 [locus_tag=RhiXN_03941] [protein=Transposase family Tnp2 protein] [protein_id=QRW15940.1] [location=complement(join(1390440..1390678,1392668..1392965,1393018..1393259,1393313..1393373,1393431..1393626,1393802..1394073))] [gbkey=CDS]",0.07373271889400922,0.041474654377880185,0.0576036866359447,0.04838709677419355,0.018433179723502304,0.06682027649769585,0.041474654377880185,0.052995391705069124,0.02534562211981567,0.05069124423963134,0.0944700460829493,0.07142857142857142,0.013824884792626729,0.029953917050691243,0.06221198156682028,0.0576036866359447,0.04608294930875576,0.02534562211981567,0.04838709677419355,0.07373271889400922
"lcl|CP059658.1_cds_QRW15941.1_424 [locus_tag=RhiXN_03942] [protein=Transposase family Tnp2 protein] [protein_id=QRW15941.1] [location=complement(join(1395229..1395401,1395454..1395853))] [gbkey=CDS]",0.05291005291005291,0.042328042328042326,0.07407407407407407,0.07407407407407407,0.015873015873015872,0.047619047619047616,0.06878306878306878,0.037037037037037035,0.015873015873015872,0.08465608465608465,0.1164021164021164,0.047619047619047616,0.015873015873015872,0.031746031746031744,0.07936507936507936,0.06349206349206349,0.06349206349206349,0.005291005291005291,0.037037037037037035,0.026455026455026454
"lcl|CP059658.1_cds_QRW15942.1_425 [locus_tag=RhiXN_03943] [protein=hypothetical protein] [protein_id=QRW15942.1] [location=join(1396560..1396917,1396969..1397135,1397188..1397286,1397342..1397500,1397555..1397608,1397658..1397720,1397765..1397884,1397940..1398017,1398068..1398175,1398221..1398331,1398382..1398489,1398540..1398623,1398672..1399222,1399282..1399345)] [gbkey=CDS]",0.11898016997167139,0.0679886685552408,0.06657223796033994,0.0679886685552408,0.018413597733711047,0.042492917847025496,0.05099150141643059,0.060906515580736544,0.0169971671388102,0.0226628895184136,0.046742209631728045,0.10623229461756374,0.0084985835694051,0.00141643059490085,0.1048158640226629,0.06515580736543909,0.06373937677053824,0.00424929178470255,0.0226628895184136,0.042492917847025496
"lcl|CP059658.1_cds_QRW15943.1_426 [locus_tag=RhiXN_03944] [protein=membrane-associating domain protein] [protein_id=QRW15943.1] [location=complement(join(1400945..1401177,1401236..1401304,1401357..1401422,1401484..1401575,1401628..1401706,1401756..1401821,1401885..1401921))] [gbkey=CDS]",0.10849056603773585,0.018867924528301886,0.02830188679245283,0.018867924528301886,0.014150943396226415,0.0660377358490566,0.014150943396226415,0.08490566037735849,0.018867924528301886,0.05660377358490566,0.11320754716981132,0.014150943396226415,0.02358490566037736,0.05188679245283019,0.0330188679245283,0.11320754716981132,0.06132075471698113,0.03773584905660377,0.0330188679245283,0.08962264150943396
"lcl|CP059658.1_cds_QRW15944.1_427 [locus_tag=RhiXN_03945] [protein=type VI Secretion system protein VasG] [protein_id=QRW15944.1] [location=join(1402551..1402693,1402746..1402905,1402955..1403405,1403460..1403467,1403518..1403601,1403654..1404253,1404304..1406259)] [gbkey=CDS]",0.08480565371024736,0.05653710247349823,0.029151943462897525,0.05918727915194346,0.006183745583038869,0.045053003533568906,0.06625441696113074,0.030918727915194347,0.019434628975265017,0.06713780918727916,0.13250883392226148,0.019434628975265017,0.015017667844522967,0.03180212014134275,0.06713780918727916,0.09628975265017668,0.06537102473498234,0.018551236749116608,0.022968197879858657,0.06625441696113074
"lcl|CP059658.1_cds_QRW15945.1_428 [locus_tag=RhiXN_03946] [protein=mitochondrial distribution and morphology protein 34] [protein_id=QRW15945.1] [location=complement(join(1406739..1408538,1408609..1408722,1408781..1408922,1408981..1408985))] [gbkey=CDS]",0.061313868613138686,0.08029197080291971,0.024817518248175182,0.043795620437956206,0.00145985401459854,0.051094890510948905,0.061313868613138686,0.072992700729927,0.030656934306569343,0.033576642335766425,0.08321167883211679,0.0364963503649635,0.013138686131386862,0.027737226277372264,0.10364963503649635,0.12116788321167883,0.05401459854014599,0.00583941605839416,0.027737226277372264,0.06569343065693431
"lcl|CP059658.1_cds_QRW15946.1_429 [locus_tag=RhiXN_03947] [protein=2OG-Fe(II) oxygenase family protein] [protein_id=QRW15946.1] [location=join(1409172..1409460,1409524..1410102,1410156..1410193,1410240..1410304,1410354..1410478,1410565..1410728)] [gbkey=CDS]",0.05980861244019139,0.07177033492822966,0.04066985645933014,0.06937799043062201,0.009569377990430622,0.03349282296650718,0.06698564593301436,0.07416267942583732,0.0215311004784689,0.045454545454545456,0.0861244019138756,0.04784688995215311,0.011961722488038277,0.02631578947368421,0.07894736842105263,0.08133971291866028,0.050239234449760764,0.02631578947368421,0.028708133971291867,0.06937799043062201
"lcl|CP059658.1_cds_QRW15947.1_430 [locus_tag=RhiXN_03948] [protein=Up-regulated during septation protein] [protein_id=QRW15947.1] [location=join(1410944..1411420,1411520..1412593,1412650..1413197,1413283..1413646)] [gbkey=CDS]",0.12576312576312576,0.06593406593406594,0.03296703296703297,0.045177045177045176,0.001221001221001221,0.08302808302808302,0.09768009768009768,0.040293040293040296,0.01098901098901099,0.045177045177045176,0.10134310134310134,0.06471306471306472,0.020757020757020756,0.014652014652014652,0.054945054945054944,0.08913308913308914,0.06227106227106227,0.002442002442002442,0.003663003663003663,0.03785103785103785
"lcl|CP059658.1_cds_QRW15948.1_431 [locus_tag=RhiXN_03949] [protein=helix loop helix DNA-binding domain protein] [protein_id=QRW15948.1] [location=join(1414458..1414779,1414847..1415181,1415244..1415465)] [gbkey=CDS]",0.09965635738831616,0.061855670103092786,0.03436426116838488,0.037800687285223365,0.003436426116838488,0.07216494845360824,0.05154639175257732,0.0859106529209622,0.03436426116838488,0.024054982817869417,0.07903780068728522,0.048109965635738834,0.030927835051546393,0.037800687285223365,0.09965635738831616,0.08934707903780069,0.037800687285223365,0.006872852233676976,0.024054982817869417,0.041237113402061855
"lcl|CP059658.1_cds_QRW15949.1_432 [locus_tag=RhiXN_03950] [protein=sulfate anion transporter] [protein_id=QRW15949.1] [location=complement(join(1420229..1420716,1420780..1421127,1421184..1421336,1421393..1421614,1421676..1421987,1422040..1422134,1422193..1422488,1422543..1422655,1422712..1422799,1422853..1422977,1423030..1423171,1423239..1423357,1423885..1424071))] [gbkey=CDS]",0.10850111856823266,0.058165548098434,0.03803131991051454,0.03467561521252797,0.005592841163310962,0.021252796420581657,0.035794183445190156,0.07046979865771812,0.021252796420581657,0.09284116331096197,0.08389261744966443,0.0436241610738255,0.012304250559284116,0.053691275167785234,0.06040268456375839,0.07829977628635347,0.058165548098434,0.010067114093959731,0.03467561521252797,0.07829977628635347
"lcl|CP059658.1_cds_QRW15950.1_433 [locus_tag=RhiXN_03951] [protein=NYN domain protein] [protein_id=QRW15950.1] [location=complement(join(1425067..1426689,1426740..1427920,1427975..1428005))] [gbkey=CDS]",0.08377518557794274,0.06786850477200425,0.03711558854718982,0.03923647932131495,0.013785790031813362,0.031813361611876985,0.04984093319194061,0.0689289501590668,0.019088016967126194,0.03923647932131495,0.07635206786850478,0.03499469777306469,0.009544008483563097,0.02332979851537646,0.1261930010604454,0.11876988335100742,0.06998939554612937,0.006362672322375398,0.014846235418875928,0.0689289501590668
"lcl|CP059658.1_cds_QRW15951.1_434 [locus_tag=RhiXN_03952] [protein=hypothetical protein] [protein_id=QRW15951.1] [location=complement(join(1428706..1428819,1428870..1428908,1428956..1429066))] [gbkey=CDS]",0.09302325581395349,0.09302325581395349,0.046511627906976744,0.05813953488372093,0,0,0.06976744186046512,0.03488372093023256,0.03488372093023256,0.023255813953488372,0.08139534883720931,0.05813953488372093,0.011627906976744186,0.06976744186046512,0.10465116279069768,0.06976744186046512,0.046511627906976744,0.023255813953488372,0.046511627906976744,0.03488372093023256
"lcl|CP059658.1_cds_QRW15952.1_435 [locus_tag=RhiXN_03953] [protein=hypothetical protein] [protein_id=QRW15952.1] [location=complement(join(1432289..1432356,1432421..1432979,1433032..1434883,1434940..1435428,1435477..1435535))] [gbkey=CDS]",0.11320754716981132,0.09731876861966236,0.027805362462760674,0.06554121151936444,0.00893743793445879,0.03574975173783516,0.06752730883813307,0.06554121151936444,0.022840119165839126,0.039721946375372394,0.0903674280039722,0.027805362462760674,0.020854021847070508,0.033763654419066536,0.0605759682224429,0.0804369414101291,0.041708043694141016,0.01787487586891758,0.016881827209533268,0.06554121151936444
"lcl|CP059658.1_cds_QRW15953.1_436 [locus_tag=RhiXN_03954] [protein=NYN domain protein] [protein_id=QRW15953.1] [location=join(1437453..1437486,1437539..1438416,1438468..1438545,1441545..1441926,1442013..1442350,1442446..1442967)] [gbkey=CDS]",0.07951482479784366,0.03099730458221024,0.05121293800539083,0.03099730458221024,0.01078167115902965,0.04851752021563342,0.026954177897574125,0.15633423180592992,0.03369272237196765,0.025606469002695417,0.07142857142857142,0.03099730458221024,0.0646900269541779,0.016172506738544475,0.11320754716981132,0.0862533692722372,0.04851752021563342,0.006738544474393531,0.01752021563342318,0.04986522911051213
"lcl|CP059658.1_cds_QRW15954.1_437 [locus_tag=RhiXN_03955] [protein=Formin-like protein 5] [protein_id=QRW15954.1] [location=join(1443146..1443241,1443294..1443863,1443914..1444013,1444069..1444602,1444653..1445179)] [gbkey=CDS]",0.054365733113673806,0.06919275123558484,0.04612850082372323,0.03459637561779242,0.008237232289950576,0.04942339373970346,0.044481054365733116,0.11037891268533773,0.03130148270181219,0.029654036243822075,0.0757825370675453,0.029654036243822075,0.04118616144975288,0.029654036243822075,0.12026359143327842,0.06919275123558484,0.051070840197693576,0.018121911037891267,0.02471169686985173,0.06260296540362438
"lcl|CP059658.1_cds_QRW15955.1_438 [locus_tag=RhiXN_03956] [protein=cyclin] [protein_id=QRW15955.1] [location=complement(join(1446108..1446404,1446600..1446655,1446708..1446810,1446863..1446892))] [gbkey=CDS]",0.09375,0.0375,0.01875,0.075,0.00625,0.05625,0.08125,0.075,0.0125,0.04375,0.125,0.0375,0.01875,0.04375,0.01875,0.08125,0.05625,0.01875,0.05,0.05
"lcl|CP059658.1_cds_QRW15956.1_439 [locus_tag=RhiXN_03957] [protein=hypothetical protein] [protein_id=QRW15956.1] [location=join(1447556..1447653,1447706..1447777,1447829..1447994)] [gbkey=CDS]",0.1,0.07272727272727272,0.045454545454545456,0.05454545454545454,0.02727272727272727,0.01818181818181818,0.045454545454545456,0.08181818181818182,0.00909090909090909,0.045454545454545456,0.12727272727272726,0.03636363636363636,0.03636363636363636,0.02727272727272727,0.01818181818181818,0.09090909090909091,0.045454545454545456,0.01818181818181818,0.02727272727272727,0.07272727272727272
"lcl|CP059658.1_cds_QRW15957.1_440 [locus_tag=RhiXN_03958] [protein=hypothetical protein] [protein_id=QRW15957.1] [location=join(1448607..1448769,1448822..1449006,1449059..1449132,1449190..1449388)] [gbkey=CDS]",0.09268292682926829,0.014634146341463415,0.03902439024390244,0.04878048780487805,0.02926829268292683,0.03902439024390244,0.03902439024390244,0.06341463414634146,0.024390243902439025,0.08292682926829269,0.13170731707317074,0.03414634146341464,0.05853658536585366,0.00975609756097561,0.02926829268292683,0.08292682926829269,0.07317073170731707,0.004878048780487805,0.03902439024390244,0.06341463414634146
"lcl|CP059658.1_cds_QRW15958.1_441 [locus_tag=RhiXN_03959] [protein=hypothetical protein] [protein_id=QRW15958.1] [location=complement(join(1449533..1449712,1449764..1449802,1449856..1449881,1449933..1449954,1450030..1450041,1450087..1450193,1450257..1450347,1450484..1450563,1450614..1450657,1450705..1450748,1450882..1450910,1451571..1451706))] [gbkey=CDS]",0.03731343283582089,0.05223880597014925,0.041044776119402986,0.04477611940298507,0.014925373134328358,0.033582089552238806,0.033582089552238806,0.06716417910447761,0.033582089552238806,0.03731343283582089,0.1455223880597015,0.04477611940298507,0.018656716417910446,0.03731343283582089,0.0708955223880597,0.09328358208955224,0.07835820895522388,0.011194029850746268,0.03731343283582089,0.06716417910447761
"lcl|CP059658.1_cds_QRW15959.1_442 [locus_tag=RhiXN_03960] [protein=TCP-1/cpn60 chaperonin family (T-complex protein 1)] [protein_id=QRW15959.1] [location=complement(join(1453058..1453294,1453343..1453396,1453445..1453673,1453766..1454111,1454166..1454210,1454293..1454368,1454423..1454549,1454601..1454905,1454956..1454997,1455045..1455065))] [gbkey=CDS]",0.1016260162601626,0.054878048780487805,0.04065040650406504,0.056910569105691054,0.008130081300813009,0.028455284552845527,0.08536585365853659,0.07317073170731707,0.018292682926829267,0.07723577235772358,0.10772357723577236,0.06910569105691057,0.02032520325203252,0.026422764227642278,0.018292682926829267,0.06910569105691057,0.052845528455284556,0.0020325203252032522,0.02032520325203252,0.06910569105691057
"lcl|CP059658.1_cds_QRW15960.1_443 [locus_tag=RhiXN_03961] [protein=hypothetical protein] [protein_id=QRW15960.1] [location=join(1455709..1455830,1455881..1456065,1456121..1456471,1456522..1456775)] [gbkey=CDS]",0.12582781456953643,0.10596026490066225,0.023178807947019868,0.033112582781456956,0,0.04966887417218543,0.07947019867549669,0.039735099337748346,0.019867549668874173,0.04304635761589404,0.059602649006622516,0.09271523178807947,0.006622516556291391,0.019867549668874173,0.06622516556291391,0.052980132450331126,0.06622516556291391,0.016556291390728478,0.03642384105960265,0.06291390728476821
"lcl|CP059658.1_cds_QRW15961.1_444 [locus_tag=RhiXN_03962] [protein=ribosomal protein 60S L18 and 50S L18e] [protein_id=QRW15961.1] [location=complement(join(1457036..1457410,1457465..1458157,1458761..1458802,1458855..1459232,1459281..1459325,1459376..1459462,1459511..1459600))] [gbkey=CDS]",0.0897887323943662,0.06338028169014084,0.02992957746478873,0.03697183098591549,0.01056338028169014,0.022887323943661973,0.03873239436619718,0.06866197183098592,0.01584507042253521,0.061619718309859156,0.10387323943661972,0.05457746478873239,0.014084507042253521,0.07042253521126761,0.056338028169014086,0.06690140845070422,0.08098591549295775,0.008802816901408451,0.02992957746478873,0.07570422535211267
"lcl|CP059658.1_cds_QRW15962.1_445 [locus_tag=RhiXN_03963] [protein=RNA recognition motif protein] [protein_id=QRW15962.1] [location=join(1459725..1459727,1459779..1459949,1460033..1460158,1460219..1460302,1460359..1460691)] [gbkey=CDS]",0.06329113924050633,0.16877637130801687,0.03375527426160337,0.0970464135021097,0.004219409282700422,0.016877637130801686,0.05485232067510549,0.08016877637130802,0.02531645569620253,0.04219409282700422,0.029535864978902954,0.02109704641350211,0.008438818565400843,0.02109704641350211,0.09282700421940929,0.08016877637130802,0.07172995780590717,0.008438818565400843,0.03375527426160337,0.046413502109704644
"lcl|CP059658.1_cds_QRW15963.1_446 [locus_tag=RhiXN_03964] [protein=DNA-directed RNA polymerase III subunit C6] [protein_id=QRW15963.1] [location=join(1461333..1461627,1461682..1461767,1461818..1461937,1461992..1462605,1462660..1462865,1462920..1463168,1463223..1463776,1463834..1463860,1463916..1464432,1464495..1464780,1464830..1465058,1465116..1465592)] [gbkey=CDS]",0.0665024630541872,0.0755336617405583,0.042692939244663386,0.05829228243021346,0.015599343185550082,0.0361247947454844,0.05665024630541872,0.08702791461412152,0.019704433497536946,0.05747126436781609,0.08538587848932677,0.040229885057471264,0.03201970443349754,0.04187192118226601,0.05172413793103448,0.0722495894909688,0.05172413793103448,0.0090311986863711,0.03284072249589491,0.06732348111658457
"lcl|CP059658.1_cds_QRW15964.1_447 [locus_tag=RhiXN_03965] [protein=hypothetical protein] [protein_id=QRW15964.1] [location=complement(join(1465890..1467593,1467657..1467752,1467806..1468371,1468425..1468552,1468603..1468614,1468668..1468692,1468725..1468827,1468884..1469200,1469262..1469274))] [gbkey=CDS]",0.08620689655172414,0.08316430020283976,0.02129817444219067,0.05172413793103448,0.006085192697768763,0.035496957403651115,0.060851926977687626,0.07403651115618662,0.016227180527383367,0.04056795131845842,0.08113590263691683,0.04563894523326572,0.016227180527383367,0.019269776876267748,0.09634888438133875,0.1359026369168357,0.06288032454361055,0.005070993914807302,0.010141987829614604,0.05172413793103448
"lcl|CP059658.1_cds_QRW15965.1_448 [locus_tag=RhiXN_03966] [protein=hypothetical protein] [protein_id=QRW15965.1] [location=complement(join(1469480..1469998,1470063..1470328,1470550..1470562,1470610..1470788,1470968..1473238,1473285..1474279,1474355..1474650))] [gbkey=CDS]",0.09265387160820648,0.05757776307081403,0.04169424222369292,0.03772336201191264,0.0026472534745201853,0.08537392455327597,0.04169424222369292,0.05625413633355394,0.03242885506287227,0.03309066843150232,0.05029781601588352,0.03838517538054269,0.019192587690271344,0.008603573792190603,0.1442753143613501,0.10456651224354732,0.06353408338848444,0.0066181336863004635,0.020516214427531435,0.0628722700198544
"lcl|CP059658.1_cds_QRW15966.1_449 [locus_tag=RhiXN_03967] [protein=methyltransferase domain protein] [protein_id=QRW15966.1] [location=join(1474890..1475030,1475087..1475198,1475271..1475457,1475558..1475625,1475681..1475809,1475880..1475930,1475983..1476038,1476090..1476170)] [gbkey=CDS]",0.07326007326007326,0.08791208791208792,0.029304029304029304,0.09157509157509157,0.003663003663003663,0.029304029304029304,0.06227106227106227,0.06593406593406594,0.018315018315018316,0.05860805860805861,0.11355311355311355,0.03663003663003663,0.029304029304029304,0.03663003663003663,0.05860805860805861,0.05860805860805861,0.054945054945054944,0.01098901098901099,0.018315018315018316,0.06227106227106227
"lcl|CP059658.1_cds_QRW15967.1_450 [locus_tag=RhiXN_03968] [protein=carbohydrate esterase family 1 protein] [protein_id=QRW15967.1] [location=complement(join(1476260..1476484,1476537..1476661,1476723..1476847,1476902..1476930,1476987..1477337))] [gbkey=CDS]",0.0989399293286219,0.03180212014134275,0.02120141342756184,0.03180212014134275,0,0.038869257950530034,0.04240282685512368,0.08833922261484099,0.0353356890459364,0.09187279151943463,0.10600706713780919,0.04240282685512368,0.0353356890459364,0.038869257950530034,0.0706713780918728,0.08480565371024736,0.053003533568904596,0.02120141342756184,0.0176678445229682,0.04946996466431095
"lcl|CP059658.1_cds_QRW15968.1_451 [locus_tag=RhiXN_03969] [protein=tRNA (guanine-N(1))-methyltransferase] [protein_id=QRW15968.1] [location=join(1477450..1477534,1477576..1477802,1477855..1478427,1478486..1478593,1478646..1478906)] [gbkey=CDS]",0.07932692307692307,0.0889423076923077,0.038461538461538464,0.06971153846153846,0.007211538461538462,0.04326923076923077,0.10817307692307693,0.055288461538461536,0.014423076923076924,0.03125,0.06490384615384616,0.06490384615384616,0.014423076923076924,0.016826923076923076,0.06009615384615385,0.06490384615384616,0.09375,0.014423076923076924,0.021634615384615384,0.04807692307692308
"lcl|CP059658.1_cds_QRW15969.1_452 [locus_tag=RhiXN_03970] [protein=RNA recognition motif protein] [protein_id=QRW15969.1] [location=complement(join(1479591..1480316,1480371..1480529,1480585..1481997,1482061..1482897))] [gbkey=CDS]",0.07766059443911794,0.04410354745925216,0.058485139022051776,0.030680728667305847,0.0019175455417066154,0.052732502396931925,0.040268456375838924,0.1112176414189837,0.02109300095877277,0.02205177372962608,0.07190795781399809,0.020134228187919462,0.023010546500479387,0.04697986577181208,0.12847555129434324,0.12751677852348994,0.06615532118887824,0.003835091083413231,0.014381591562799617,0.037392138063279005
lcl|CP059658.1_cds_QRW15970.1_453 [locus_tag=RhiXN_03971] [protein=hypothetical protein] [protein_id=QRW15970.1] [location=complement(1484099..1484437)] [gbkey=CDS],0.11711711711711711,0.04504504504504504,0.02702702702702703,0.009009009009009009,0.009009009009009009,0.02702702702702703,0.04504504504504504,0.09009009009009009,0.04504504504504504,0.04504504504504504,0.07207207207207207,0.018018018018018018,0.018018018018018018,0.05405405405405406,0.16216216216216217,0.06306306306306306,0.04504504504504504,0.02702702702702703,0.04504504504504504,0.036036036036036036
"lcl|CP059658.1_cds_QRW15971.1_454 [locus_tag=RhiXN_03972] [protein=Required for nuclear transport of RNA pol II C-terminus 1] [protein_id=QRW15971.1] [location=join(1484879..1485047,1485099..1485465,1485526..1485722,1485772..1485842,1485893..1486431,1486488..1486706,1486877..1487013,1487059..1487652,1487703..1488223)] [gbkey=CDS]",0.07905982905982906,0.057692307692307696,0.02564102564102564,0.05448717948717949,0.005341880341880342,0.041666666666666664,0.06944444444444445,0.056623931623931624,0.013888888888888888,0.056623931623931624,0.14316239316239315,0.03632478632478633,0.016025641025641024,0.0202991452991453,0.07478632478632478,0.08547008547008547,0.05876068376068376,0.009615384615384616,0.016025641025641024,0.07905982905982906
"lcl|CP059658.1_cds_QRW15972.1_455 [locus_tag=RhiXN_03973] [protein=Myb-like DNA-binding domain protein] [protein_id=QRW15972.1] [location=join(1488356..1489556,1489608..1489722,1489777..1489895,1489948..1490101,1490154..1490237,1490287..1490438,1490492..1490793)] [gbkey=CDS]",0.09335219236209336,0.05233380480905234,0.04950495049504951,0.055162659123055166,0.0014144271570014145,0.06082036775106082,0.06506364922206506,0.05233380480905234,0.03818953323903819,0.055162659123055166,0.0594059405940594,0.06364922206506365,0.015558698727015558,0.02545968882602546,0.08062234794908062,0.09193776520509193,0.056577086280056574,0.016973125884016973,0.014144271570014143,0.05233380480905234
"lcl|CP059658.1_cds_QRW15973.1_456 [locus_tag=RhiXN_03974] [protein=hypothetical protein] [protein_id=QRW15973.1] [location=complement(join(1490978..1492118,1492170..1492192))] [gbkey=CDS]",0.054404145077720206,0.08290155440414508,0.031088082901554404,0.054404145077720206,0.023316062176165803,0.038860103626943004,0.04922279792746114,0.03626943005181347,0.04145077720207254,0.04145077720207254,0.16839378238341968,0.015544041450777202,0.010362694300518135,0.04404145077720207,0.05699481865284974,0.10362694300518134,0.07253886010362694,0.010362694300518135,0.018134715025906734,0.046632124352331605
"lcl|CP059658.1_cds_QRW15974.1_457 [locus_tag=RhiXN_03975] [protein=NADH dehydrogenase (ubiquinone) 1 alpha subcomplex 8] [protein_id=QRW15974.1] [location=join(1493015..1493171,1493270..1493430,1493506..1493565,1493644..1493733)] [gbkey=CDS]",0.07792207792207792,0.045454545454545456,0.045454545454545456,0.05844155844155844,0.05194805194805195,0.032467532467532464,0.06493506493506493,0.03896103896103896,0.03896103896103896,0.03896103896103896,0.06493506493506493,0.09740259740259741,0.012987012987012988,0.03896103896103896,0.08441558441558442,0.07142857142857142,0.05194805194805195,0.006493506493506494,0.032467532467532464,0.045454545454545456
"lcl|CP059658.1_cds_QRW15975.1_458 [locus_tag=RhiXN_03976] [protein=hypothetical protein] [protein_id=QRW15975.1] [location=complement(join(1494282..1494695,1494758..1495015,1495075..1495300,1495357..1495400))] [gbkey=CDS]",0.09935897435897435,0.08653846153846154,0.016025641025641024,0.028846153846153848,0.02564102564102564,0.03205128205128205,0.057692307692307696,0.07051282051282051,0.035256410256410256,0.04807692307692308,0.11538461538461539,0.019230769230769232,0.022435897435897436,0.028846153846153848,0.04807692307692308,0.10576923076923077,0.04487179487179487,0.01282051282051282,0.035256410256410256,0.0673076923076923
"lcl|CP059658.1_cds_QRW15976.1_459 [locus_tag=RhiXN_03977] [protein=Serine/threonine-protein phosphatase] [protein_id=QRW15976.1] [location=complement(join(1496097..1496743,1496812..1496993,1497058..1497221,1497289..1497458,1497524..1497599,1497649..1497697,1497755..1497906,1497954..1498789,1498842..1498919,1498968..1499064,1499115..1499308,1499364..1499486,1499539..1499728,1499781..1500161))] [gbkey=CDS]",0.0774077407740774,0.0639063906390639,0.0306030603060306,0.0675067506750675,0.013501350135013501,0.04590459045904591,0.0747074707470747,0.07200720072007201,0.027002700270027002,0.046804680468046804,0.0891089108910891,0.036003600360036005,0.0306030603060306,0.036003600360036005,0.0639063906390639,0.09000900090009001,0.05310531053105311,0.008100810081008101,0.021602160216021602,0.052205220522052204
"lcl|CP059658.1_cds_QRW15977.1_460 [locus_tag=RhiXN_03978] [protein=2OG-Fe(II) oxygenase family protein] [protein_id=QRW15977.1] [location=complement(join(1500394..1500574,1500628..1500726,1500778..1500878,1500937..1500959,1501017..1501151,1501209..1501375,1501422..1501460,1501510..1501751))] [gbkey=CDS]",0.0672782874617737,0.05504587155963303,0.03669724770642202,0.08256880733944955,0.0061162079510703364,0.0581039755351682,0.05504587155963303,0.0581039755351682,0.027522935779816515,0.039755351681957186,0.10091743119266056,0.05504587155963303,0.01834862385321101,0.04892966360856269,0.05198776758409786,0.09174311926605505,0.04281345565749235,0.012232415902140673,0.03058103975535168,0.06116207951070336
"lcl|CP059658.1_cds_QRW15978.1_461 [locus_tag=RhiXN_03979] [protein=prolyl 3,4-dihydroxylase ofd1] [protein_id=QRW15978.1] [location=join(1502270..1502473,1502533..1502773,1502824..1503053,1503107..1503180,1503232..1503310,1503367..1503999,1504050..1504424)] [gbkey=CDS]",0.08196721311475409,0.04918032786885246,0.036065573770491806,0.08032786885245902,0.009836065573770493,0.027868852459016394,0.07704918032786885,0.07704918032786885,0.019672131147540985,0.03278688524590164,0.09672131147540984,0.05573770491803279,0.009836065573770493,0.03442622950819672,0.06885245901639345,0.08524590163934426,0.03934426229508197,0.019672131147540985,0.040983606557377046,0.05737704918032787
"lcl|CP059658.1_cds_QRW15979.1_462 [locus_tag=RhiXN_03980] [protein=RNA recognition motif protein] [protein_id=QRW15979.1] [location=complement(join(1504472..1504880,1504942..1505290,1505343..1505440,1505492..1505961))] [gbkey=CDS]",0.10227272727272728,0.0659090909090909,0.04772727272727273,0.05454545454545454,0.0022727272727272726,0.04090909090909091,0.08863636363636364,0.08181818181818182,0.01818181818181818,0.03636363636363636,0.05454545454545454,0.10681818181818181,0.015909090909090907,0.03636363636363636,0.07272727272727272,0.056818181818181816,0.056818181818181816,0.006818181818181818,0.00909090909090909,0.045454545454545456
"lcl|CP059658.1_cds_QRW15980.1_463 [locus_tag=RhiXN_03981] [protein=Ferric reductase like transmembrane component] [protein_id=QRW15980.1] [location=join(1508200..1508264,1508313..1508330,1508381..1508703,1508768..1508794,1508855..1508985,1509041..1509142,1509196..1509358,1509424..1509934,1509992..1510344,1510401..1510513,1511024..1511229,1511286..1511321,1511382..1511796,1511864..1511942,1511994..1512081,1512139..1512250,1512302..1512443,1512496..1513436)] [gbkey=CDS]",0.08326787117046347,0.07619795758051846,0.028279654359780047,0.03534956794972506,0.007069913589945012,0.02670856245090338,0.0384917517674784,0.056559308719560095,0.028279654359780047,0.07305577376276512,0.11704634721131187,0.029850746268656716,0.01178318931657502,0.04320502749410841,0.05734485467399843,0.11626080125687353,0.05734485467399843,0.014925373134328358,0.02513747054202671,0.07384131971720345
lcl|CP059658.1_cds_QRW15981.1_464 [locus_tag=RhiXN_03982] [protein=hypothetical protein] [protein_id=QRW15981.1] [location=complement(1516840..1517397)] [gbkey=CDS],0.11413043478260869,0.10326086956521739,0.03804347826086957,0.02717391304347826,0.010869565217391304,0.03804347826086957,0.05434782608695652,0.059782608695652176,0.02717391304347826,0.043478260869565216,0.09239130434782608,0.03260869565217391,0.010869565217391304,0.016304347826086956,0.09782608695652174,0.08695652173913043,0.043478260869565216,0.005434782608695652,0.021739130434782608,0.07608695652173914
"lcl|CP059658.1_cds_QRW15982.1_465 [locus_tag=RhiXN_03983] [protein=hypothetical protein] [protein_id=QRW15982.1] [location=join(1517927..1518180,1518245..1519242,1519294..1519436)] [gbkey=CDS]",0.1771058315334773,0.07127429805615551,0.01511879049676026,0.012958963282937365,0.004319654427645789,0.01079913606911447,0.017278617710583154,0.08423326133909287,0.004319654427645789,0.02159827213822894,0.03023758099352052,0.03455723542116631,0.0064794816414686825,0.012958963282937365,0.3045356371490281,0.10151187904967603,0.04319654427645788,0,0.004319654427645789,0.04319654427645788
"lcl|CP059658.1_cds_QRW15983.1_466 [locus_tag=RhiXN_03984] [protein=aminotransferase class I and II protein] [protein_id=QRW15983.1] [location=join(1519735..1519835,1519892..1520139,1520194..1520528,1520596..1520689,1520764..1521035,1521102..1521175,1521236..1521290,1521346..1521468)] [gbkey=CDS]",0.09722222222222222,0.05787037037037037,0.041666666666666664,0.05787037037037037,0.011574074074074073,0.020833333333333332,0.06944444444444445,0.06712962962962964,0.018518518518518517,0.05787037037037037,0.08101851851851852,0.04861111111111111,0.018518518518518517,0.05324074074074074,0.06481481481481481,0.05787037037037037,0.06481481481481481,0.016203703703703703,0.037037037037037035,0.05787037037037037
"lcl|CP059658.1_cds_QRW15984.1_467 [locus_tag=RhiXN_03985] [protein=thioredoxin] [protein_id=QRW15984.1] [location=complement(join(1521722..1522010,1522064..1522710,1522762..1523074,1523133..1523371,1523436..1523480))] [gbkey=CDS]",0.12180746561886051,0.0137524557956778,0.03143418467583497,0.07858546168958742,0.011787819253438114,0.023575638506876228,0.06679764243614932,0.05697445972495088,0.015717092337917484,0.03929273084479371,0.09037328094302555,0.08447937131630648,0.005893909626719057,0.047151277013752456,0.04911591355599214,0.07858546168958742,0.07269155206286837,0.007858546168958742,0.03339882121807466,0.07072691552062868
"lcl|CP059658.1_cds_QRW15985.1_468 [locus_tag=RhiXN_03986] [protein=isochorismatase domain-containing protein 2] [protein_id=QRW15985.1] [location=complement(join(1523919..1524046,1524089..1524184,1524245..1524422,1524482..1524539,1524614..1524692,1524752..1524794,1524847..1524911,1524977..1525077,1525252..1525343))] [gbkey=CDS]",0.08992805755395683,0.07913669064748201,0.03597122302158273,0.04316546762589928,0.01079136690647482,0.04316546762589928,0.0539568345323741,0.046762589928057555,0.017985611510791366,0.07553956834532374,0.10431654676258993,0.04316546762589928,0.02877697841726619,0.039568345323741004,0.04316546762589928,0.08992805755395683,0.05755395683453238,0.01079136690647482,0.02158273381294964,0.06474820143884892
"lcl|CP059658.1_cds_QRW15986.1_469 [locus_tag=RhiXN_03987] [protein=inositol-hexakisphosphate kinase] [protein_id=QRW15986.1] [location=join(1526803..1528563,1528615..1529635,1529730..1529833,1529880..1530116,1530189..1531007)] [gbkey=CDS]",0.06554878048780488,0.1013719512195122,0.02972560975609756,0.057164634146341466,0.006097560975609756,0.03125,0.06173780487804878,0.057164634146341466,0.02972560975609756,0.040396341463414635,0.07164634146341463,0.041158536585365856,0.012957317073170731,0.025914634146341462,0.09375,0.1211890243902439,0.08689024390243902,0.005335365853658537,0.01753048780487805,0.04344512195121951
"lcl|CP059658.1_cds_QRW15987.1_470 [locus_tag=RhiXN_03988] [protein=cytochrome b5] [protein_id=QRW15987.1] [location=join(1531397..1531521,1531577..1531701,1531757..1531827,1531891..1531968,1532019..1532089,1532140..1532518)] [gbkey=CDS]",0.10676156583629894,0.08185053380782918,0.03558718861209965,0.06761565836298933,0.0071174377224199285,0.028469750889679714,0.09252669039145907,0.07829181494661921,0.03202846975088968,0.03558718861209965,0.06405693950177936,0.08185053380782918,0.0035587188612099642,0.02491103202846975,0.0711743772241993,0.03914590747330961,0.046263345195729534,0.017793594306049824,0.028469750889679714,0.05693950177935943
"lcl|CP059658.1_cds_QRW15988.1_471 [locus_tag=RhiXN_03989] [protein=DEAD/DEAH box helicase] [protein_id=QRW15988.1] [location=join(1532685..1532767,1532907..1533050,1533122..1533263,1533312..1533394,1533531..1533540,1533591..1533716,1533773..1533880,1533932..1534009,1534060..1534068,1534120..1534195,1534241..1534254,1534302..1534423,1534472..1534560,1534609..1534721,1534913..1534995,1535045..1535315)] [gbkey=CDS]",0.06601941747572816,0.06407766990291262,0.04660194174757282,0.040776699029126215,0.005825242718446602,0.040776699029126215,0.05825242718446602,0.07572815533980583,0.019417475728155338,0.05631067961165048,0.09514563106796116,0.06990291262135923,0.02524271844660194,0.038834951456310676,0.05242718446601942,0.07572815533980583,0.05825242718446602,0.013592233009708738,0.017475728155339806,0.07961165048543689
"lcl|CP059658.1_cds_QRW15989.1_472 [locus_tag=RhiXN_03990] [protein=activating signal cointegrator 1 complex subunit 3] [protein_id=QRW15989.1] [location=join(1535372..1535414,1535497..1535535,1535589..1535665,1535716..1535820,1535876..1535892,1535943..1536076,1536127..1536326,1536380..1536439,1536493..1536588,1536640..1536669,1536702..1536845,1536902..1537908,1537960..1539232)] [gbkey=CDS]",0.08480894687791239,0.06244175209692451,0.03727865796831314,0.05498602050326188,0.010251630941286114,0.03821062441752097,0.05684995340167754,0.06430568499534017,0.021435228331780055,0.05312208760484623,0.10344827586206896,0.04287045666356011,0.022367194780987885,0.03727865796831314,0.05032618825722274,0.07455731593662628,0.06616961789375582,0.014911463187325256,0.027958993476234855,0.07642124883504194
"lcl|CP059658.1_cds_QRW15990.1_473 [locus_tag=RhiXN_03991] [protein=nucleoporin] [protein_id=QRW15990.1] [location=join(1540556..1541063,1541125..1541466,1541508..1541813,1541858..1542744,1542782..1542905,1542973..1543126,1543168..1543214,1543275..1543476,1543661..1543882,1543957..1543999,1544046..1544210,1544256..1544410,1544469..1544670,1544724..1544813,1544873..1545010)] [gbkey=CDS]",0.10310142497904443,0.07376362112321877,0.022632020117351215,0.0586756077116513,0.010896898575020955,0.03520536462699078,0.05699916177703269,0.06873428331936295,0.028499580888516344,0.05280804694048617,0.11986588432523052,0.024308466051969825,0.01760268231349539,0.03436714165968147,0.056160938809723386,0.08130762782900251,0.04945515507124895,0.015088013411567477,0.02933780385582565,0.06119027661357921
"lcl|CP059658.1_cds_QRW15991.1_474 [locus_tag=RhiXN_03992] [protein=Fungal specific transcription factor domain] [protein_id=QRW15991.1] [location=complement(join(1545217..1545434,1545496..1545585,1545660..1545900,1545942..1546097,1546168..1546267,1546316..1546521))] [gbkey=CDS]",0.09850746268656717,0.07164179104477612,0.023880597014925373,0.05970149253731343,0.008955223880597015,0.03582089552238806,0.03283582089552239,0.04477611940298507,0.04477611940298507,0.05970149253731343,0.11343283582089553,0.041791044776119404,0.020895522388059702,0.04776119402985075,0.06865671641791045,0.09850746268656717,0.04477611940298507,0.03880597014925373,0.011940298507462687,0.03283582089552239
"lcl|CP059658.1_cds_QRW15992.1_475 [locus_tag=RhiXN_03993] [protein=small nuclear ribonucleoprotein] [protein_id=QRW15992.1] [location=complement(join(1547004..1547122,1547194..1547303,1547355..1547433,1547488..1547626,1548171..1548323,1548367..1548466,1548519..1548778,1548826..1548867,1548927..1549321,1549374..1549479,1549518..1549626,1549675..1549834,1549882..1550050,1550920..1551108,1551163..1551264,1551323..1551535,1551594..1551602))] [gbkey=CDS]",0.11274509803921569,0.06495098039215687,0.03308823529411765,0.04779411764705882,0.013480392156862746,0.04656862745098039,0.06985294117647059,0.058823529411764705,0.020833333333333332,0.04779411764705882,0.09436274509803921,0.07720588235294118,0.024509803921568627,0.01838235294117647,0.051470588235294115,0.09558823529411764,0.0428921568627451,0,0.022058823529411766,0.05759803921568627
"lcl|CP059658.1_cds_QRW15993.1_476 [locus_tag=RhiXN_03994] [protein=hypothetical protein] [protein_id=QRW15993.1] [location=complement(join(1551858..1552229,1552300..1552552,1552689..1552980,1553022..1553320,1553379..1553563,1553614..1554010,1554058..1554260,1554321..1554372,1554428..1554636))] [gbkey=CDS]",0.05851063829787234,0.09840425531914894,0.022606382978723406,0.03856382978723404,0.003989361702127659,0.0425531914893617,0.05319148936170213,0.04920212765957447,0.03856382978723404,0.03856382978723404,0.05851063829787234,0.034574468085106384,0.0199468085106383,0.022606382978723406,0.15425531914893617,0.1077127659574468,0.07047872340425532,0.015957446808510637,0.0199468085106383,0.05186170212765957
"lcl|CP059658.1_cds_QRW15994.1_477 [locus_tag=RhiXN_03995] [protein=hypothetical protein] [protein_id=QRW15994.1] [location=join(1554809..1554909,1554961..1555090,1555146..1555343)] [gbkey=CDS]",0.0851063829787234,0.1347517730496454,0.02127659574468085,0.05673758865248227,0.0070921985815602835,0.03546099290780142,0.04964539007092199,0.10638297872340426,0.02127659574468085,0.0070921985815602835,0.09929078014184398,0.03546099290780142,0.014184397163120567,0.02127659574468085,0.06382978723404255,0.07801418439716312,0.028368794326241134,0.02127659574468085,0.04964539007092199,0.06382978723404255
"lcl|CP059658.1_cds_QRW15995.1_478 [locus_tag=RhiXN_03996] [protein=hypothetical protein] [protein_id=QRW15995.1] [location=complement(join(1557053..1557380,1557431..1557615))] [gbkey=CDS]",0.11834319526627218,0.08284023668639054,0.05917159763313609,0.0650887573964497,0.011834319526627219,0.04142011834319527,0.03550295857988166,0.09467455621301775,0.047337278106508875,0.029585798816568046,0.10059171597633136,0.04142011834319527,0.011834319526627219,0.029585798816568046,0.07100591715976332,0.07692307692307693,0.01775147928994083,0.01775147928994083,0.023668639053254437,0.023668639053254437
"lcl|CP059658.1_cds_QRW15996.1_479 [locus_tag=RhiXN_03997] [protein=aldo/keto reductase family protein] [protein_id=QRW15996.1] [location=complement(join(1557659..1557767,1557828..1557938,1557987..1558109,1558174..1558262))] [gbkey=CDS]",0.06338028169014084,0.09859154929577464,0.035211267605633804,0.04929577464788732,0.007042253521126761,0.02112676056338028,0.06338028169014084,0.07042253521126761,0.014084507042253521,0.07746478873239436,0.1056338028169014,0.028169014084507043,0.007042253521126761,0.028169014084507043,0.06338028169014084,0.07042253521126761,0.07746478873239436,0.014084507042253521,0.035211267605633804,0.07042253521126761
"lcl|CP059658.1_cds_QRW15997.1_480 [locus_tag=RhiXN_03998] [protein=translation initiation factor eIF-2B beta subunit] [protein_id=QRW15997.1] [location=complement(join(1558651..1558806,1558943..1559050,1559103..1559310,1559369..1559711,1559931..1560047,1560123..1560203,1560289..1560425,1560475..1560684,1561083..1561271,1561319..1561571,1561625..1561692,1561759..1561883,1562295..1562441,1562496..1562654))] [gbkey=CDS]",0.1111111111111111,0.1084967320261438,0.03529411764705882,0.043137254901960784,0.011764705882352941,0.047058823529411764,0.040522875816993466,0.06274509803921569,0.027450980392156862,0.0392156862745098,0.07973856209150326,0.03137254901960784,0.026143790849673203,0.01699346405228758,0.08366013071895424,0.07450980392156863,0.054901960784313725,0.009150326797385621,0.04183006535947712,0.054901960784313725
"lcl|CP059658.1_cds_QRW15998.1_481 [locus_tag=RhiXN_03999] [protein=5'-3' exoribonuclease] [protein_id=QRW15998.1] [location=join(1562852..1562854,1562901..1562949,1562998..1563134,1563280..1563486,1563659..1564539,1564604..1564684,1564734..1564791,1564847..1564940,1564988..1565286,1565350..1565934)] [gbkey=CDS]",0.07537688442211055,0.06407035175879397,0.038944723618090454,0.06532663316582915,0.008793969849246231,0.032663316582914576,0.08165829145728644,0.11557788944723618,0.017587939698492462,0.03768844221105527,0.06532663316582915,0.04648241206030151,0.017587939698492462,0.032663316582914576,0.07914572864321608,0.06407035175879397,0.04773869346733668,0.010050251256281407,0.04271356783919598,0.056532663316582916
"lcl|CP059658.1_cds_QRW15999.1_482 [locus_tag=RhiXN_04000] [protein=hypothetical protein] [protein_id=QRW15999.1] [location=complement(join(1566223..1566338,1566394..1566442,1566502..1566535,1566589..1566624,1566704..1566837,1566894..1566951,1567010..1567038,1567113..1567271))] [gbkey=CDS]",0.1477832512315271,0.059113300492610835,0.034482758620689655,0.03940886699507389,0,0.03940886699507389,0.06403940886699508,0.04433497536945813,0.014778325123152709,0.03940886699507389,0.06403940886699508,0.04926108374384237,0.014778325123152709,0.03940886699507389,0.04926108374384237,0.04433497536945813,0.08866995073891626,0.014778325123152709,0.04926108374384237,0.10344827586206896
"lcl|CP059658.1_cds_QRW16000.1_483 [locus_tag=RhiXN_04001] [protein=alpha/beta hydrolase family protein] [protein_id=QRW16000.1] [location=complement(join(1567551..1567648,1567700..1567813,1567865..1567948,1568000..1568102,1568161..1568247,1568306..1568359,1568395..1568570,1568623..1568827,1569001..1569053,1569109..1569264,1569317..1569541,1569590..1569920))] [gbkey=CDS]",0.10535714285714286,0.08392857142857142,0.0375,0.05,0.0035714285714285713,0.03214285714285714,0.06964285714285715,0.08035714285714286,0.017857142857142856,0.039285714285714285,0.08392857142857142,0.04642857142857143,0.026785714285714284,0.039285714285714285,0.05178571428571429,0.06607142857142857,0.048214285714285716,0.026785714285714284,0.02857142857142857,0.0625
"lcl|CP059658.1_cds_QRW16001.1_484 [locus_tag=RhiXN_04002] [protein=fatty acid elongase] [protein_id=QRW16001.1] [location=join(1570291..1570323,1570374..1570450,1570500..1570656,1570712..1571047)] [gbkey=CDS]",0.1306532663316583,0.035175879396984924,0.035175879396984924,0.02512562814070352,0.010050251256281407,0.04020100502512563,0.035175879396984924,0.06030150753768844,0.04020100502512563,0.05527638190954774,0.12060301507537688,0.04522613065326633,0.01507537688442211,0.06532663316582915,0.05025125628140704,0.06532663316582915,0.03015075376884422,0.01507537688442211,0.05527638190954774,0.07035175879396985
"lcl|CP059658.1_cds_QRW16002.1_485 [locus_tag=RhiXN_04003] [protein=hypothetical protein] [protein_id=QRW16002.1] [location=complement(join(1571308..1571482,1571539..1571727,1571791..1571813,1571874..1571909))] [gbkey=CDS]",0.1079136690647482,0.02158273381294964,0.014388489208633094,0.05755395683453238,0.02158273381294964,0.04316546762589928,0.08633093525179857,0.02877697841726619,0.02158273381294964,0.03597122302158273,0.04316546762589928,0.14388489208633093,0,0.02158273381294964,0.09352517985611511,0.07913669064748201,0.07913669064748201,0.007194244604316547,0.03597122302158273,0.05755395683453238
"lcl|CP059658.1_cds_QRW16003.1_486 [locus_tag=RhiXN_04004] [protein=acyl-CoA-binding protein] [protein_id=QRW16003.1] [location=join(1573160..1573236,1573300..1573332,1573384..1573454,1573508..1573571,1573622..1573700,1573751..1573850,1573905..1575013)] [gbkey=CDS]",0.0962671905697446,0.0825147347740668,0.0275049115913556,0.043222003929273084,0.0019646365422396855,0.06286836935166994,0.05108055009823183,0.05304518664047151,0.03732809430255403,0.047151277013752456,0.07465618860510806,0.023575638506876228,0.0275049115913556,0.021611001964636542,0.09037328094302555,0.11591355599214145,0.05697445972495088,0.0137524557956778,0.025540275049115914,0.047151277013752456
"lcl|CP059658.1_cds_QRW16004.1_487 [locus_tag=RhiXN_04005] [protein=alcohol dehydrogenase] [protein_id=QRW16004.1] [location=complement(join(1575153..1575197,1575251..1575339,1575390..1575465,1575517..1575526,1575583..1575683,1575741..1575994,1576046..1576193,1576246..1576325,1576386..1576439,1576491..1576521,1576573..1576611,1576663..1576738,1576790..1576917,1576972..1576992))] [gbkey=CDS]",0.07591623036649214,0.041884816753926704,0.01832460732984293,0.049738219895287955,0.03664921465968586,0.02617801047120419,0.06806282722513089,0.13612565445026178,0.02617801047120419,0.06282722513089005,0.049738219895287955,0.07068062827225131,0.015706806282722512,0.03664921465968586,0.041884816753926704,0.03926701570680628,0.07068062827225131,0.013089005235602094,0.01832460732984293,0.10209424083769633
"lcl|CP059658.1_cds_QRW16005.1_488 [locus_tag=RhiXN_04006] [protein=major facilitator superfamily transporter] [protein_id=QRW16005.1] [location=join(1578911..1578952,1579014..1579077,1579127..1579315,1579375..1579505,1579559..1579828,1579884..1580588)] [gbkey=CDS]",0.12043010752688173,0.025806451612903226,0.025806451612903226,0.021505376344086023,0.008602150537634409,0.03870967741935484,0.030107526881720432,0.1032258064516129,0.0064516129032258064,0.09032258064516129,0.13548387096774195,0.02795698924731183,0.021505376344086023,0.060215053763440864,0.03870967741935484,0.06451612903225806,0.05161290322580645,0.021505376344086023,0.034408602150537634,0.07311827956989247
"lcl|CP059658.1_cds_QRW16006.1_489 [locus_tag=RhiXN_04007] [protein=vacuolar protein sorting-associated protein 74] [protein_id=QRW16006.1] [location=join(1581835..1582092,1582144..1582390,1582440..1582723,1582778..1583077)] [gbkey=CDS]",0.09695290858725762,0.09141274238227147,0.030470914127423823,0.06371191135734072,0.008310249307479225,0.0221606648199446,0.07479224376731301,0.09695290858725762,0.002770083102493075,0.04709141274238227,0.10803324099722991,0.04155124653739612,0.027700831024930747,0.0221606648199446,0.036011080332409975,0.0664819944598338,0.0664819944598338,0.0110803324099723,0.0221606648199446,0.06371191135734072
"lcl|CP059658.1_cds_QRW16007.1_490 [locus_tag=RhiXN_04008] [protein=activator of 90 kDa heat shock protein ATPase] [protein_id=QRW16007.1] [location=complement(join(1583388..1583546,1583602..1583617,1583674..1583797,1583846..1583972,1584030..1584401,1584458..1584546,1584604..1584647,1584706..1584828,1584891..1584958))] [gbkey=CDS]",0.08064516129032258,0.02956989247311828,0.03225806451612903,0.04838709677419355,0.008064516129032258,0.03225806451612903,0.05913978494623656,0.06989247311827956,0.013440860215053764,0.043010752688172046,0.07526881720430108,0.07258064516129033,0.010752688172043012,0.024193548387096774,0.04838709677419355,0.13172043010752688,0.09408602150537634,0.026881720430107527,0.02956989247311828,0.06989247311827956
"lcl|CP059658.1_cds_QRW16008.1_491 [locus_tag=RhiXN_04009] [protein=SH3 domain-containing protein] [protein_id=QRW16008.1] [location=complement(join(1585510..1585581,1585635..1585737,1585789..1586365,1586415..1586936,1586998..1587031))] [gbkey=CDS]",0.10368663594470046,0.04838709677419355,0.027649769585253458,0.03686635944700461,0.0069124423963133645,0.03917050691244239,0.02534562211981567,0.06451612903225806,0.002304147465437788,0.052995391705069124,0.06912442396313365,0.016129032258064516,0.01152073732718894,0.018433179723502304,0.1313364055299539,0.1175115207373272,0.1152073732718894,0.004608294930875576,0.027649769585253458,0.08064516129032258
"lcl|CP059658.1_cds_QRW16009.1_492 [locus_tag=RhiXN_04010] [protein=mitochondrial import protein Pam17] [protein_id=QRW16009.1] [location=join(1587550..1587741,1587790..1587928,1587990..1588007,1588069..1588077,1588129..1588249,1588307..1588337)] [gbkey=CDS]",0.047619047619047616,0.07738095238095238,0.041666666666666664,0.023809523809523808,0.005952380952380952,0.023809523809523808,0.03571428571428571,0.08333333333333333,0.023809523809523808,0.07142857142857142,0.09523809523809523,0.03571428571428571,0.011904761904761904,0.03571428571428571,0.07738095238095238,0.08928571428571429,0.07142857142857142,0.017857142857142856,0.041666666666666664,0.08928571428571429
"lcl|CP059658.1_cds_QRW16010.1_493 [locus_tag=RhiXN_04011] [protein=hypothetical protein] [protein_id=QRW16010.1] [location=join(1589260..1589448,1589529..1589707,1589769..1590552)] [gbkey=CDS]",0.08376963350785341,0.07591623036649214,0.031413612565445025,0.031413612565445025,0.010471204188481676,0.028795811518324606,0.049738219895287955,0.07591623036649214,0.03926701570680628,0.03926701570680628,0.07068062827225131,0.002617801047120419,0.013089005235602094,0.02356020942408377,0.08900523560209424,0.15706806282722513,0.10471204188481675,0.007853403141361256,0.015706806282722512,0.049738219895287955
"lcl|CP059658.1_cds_QRW16011.1_494 [locus_tag=RhiXN_04012] [protein=hypothetical protein] [protein_id=QRW16011.1] [location=join(1590963..1591257,1591313..1591423,1591476..1591547,1591598..1591744,1591807..1591916,1591968..1592004,1592056..1592075,1592127..1592289,1592341..1592594)] [gbkey=CDS]",0.12219451371571072,0.04239401496259352,0.029925187032418952,0.05236907730673317,0.0024937655860349127,0.04488778054862843,0.05486284289276808,0.10972568578553615,0.012468827930174564,0.04488778054862843,0.08728179551122195,0.0798004987531172,0.004987531172069825,0.02743142144638404,0.04239401496259352,0.059850374064837904,0.06982543640897755,0.017456359102244388,0.032418952618453865,0.06234413965087282
"lcl|CP059658.1_cds_QRW16012.1_495 [locus_tag=RhiXN_04013] [protein=PX domain protein] [protein_id=QRW16012.1] [location=join(1593173..1594192,1594243..1594329,1594378..1594891,1594942..1595038,1595089..1595234,1595284..1595338,1595393..1595829,1595885..1596010,1596062..1596900,1596956..1596988)] [gbkey=CDS]",0.0967741935483871,0.07616487455197132,0.02867383512544803,0.06272401433691756,8.960573476702509e-4,0.043010752688172046,0.06720430107526881,0.056451612903225805,0.024193548387096774,0.044802867383512544,0.10125448028673835,0.047491039426523295,0.01971326164874552,0.03942652329749104,0.06810035842293907,0.1003584229390681,0.05017921146953405,0.002688172043010753,0.016129032258064516,0.053763440860215055
"lcl|CP059658.1_cds_QRW16013.1_496 [locus_tag=RhiXN_04014] [protein=AGC/NDR protein kinase] [protein_id=QRW16013.1] [location=complement(join(1597272..1597314,1597367..1597594,1597653..1597894,1597945..1598209,1598262..1598503,1598554..1598637,1598699..1598876,1598938..1599119))] [gbkey=CDS]",0.07613168724279835,0.06172839506172839,0.02880658436213992,0.06790123456790123,0.0102880658436214,0.043209876543209874,0.059670781893004114,0.05761316872427984,0.03292181069958848,0.05555555555555555,0.09259259259259259,0.06172839506172839,0.024691358024691357,0.051440329218107,0.03909465020576132,0.06172839506172839,0.06378600823045268,0.012345679012345678,0.043209876543209874,0.05555555555555555
"lcl|CP059658.1_cds_QRW16014.1_497 [locus_tag=RhiXN_04015] [protein=hypothetical protein] [protein_id=QRW16014.1] [location=join(1599417..1599823,1599877..1599949,1599998..1600108,1600158..1600566,1600618..1600691,1600765..1600812,1600881..1601332,1601387..1601415,1601479..1601662,1601719..1601844,1601903..1602059,1602126..1602551)] [gbkey=CDS]",0.0963855421686747,0.06867469879518072,0.027710843373493974,0.05783132530120482,0.014457831325301205,0.02891566265060241,0.07108433734939759,0.05783132530120482,0.03493975903614458,0.051807228915662654,0.0927710843373494,0.06144578313253012,0.020481927710843374,0.03493975903614458,0.06746987951807229,0.08674698795180723,0.05060240963855422,0.004819277108433735,0.012048192771084338,0.05903614457831325
"lcl|CP059658.1_cds_QRW16015.1_498 [locus_tag=RhiXN_04016] [protein=endoplasmic reticulum membrane protein] [protein_id=QRW16015.1] [location=complement(join(1602705..1602767,1602823..1602903,1602962..1603042,1603103..1603285,1603354..1603464))] [gbkey=CDS]",0.12280701754385964,0.07602339181286549,0.023391812865497075,0.05263157894736842,0,0.03508771929824561,0.1286549707602339,0.023391812865497075,0.011695906432748537,0.029239766081871343,0.1111111111111111,0.14619883040935672,0.005847953216374269,0.017543859649122806,0.04678362573099415,0.03508771929824561,0.04678362573099415,0,0.017543859649122806,0.07017543859649122
"lcl|CP059658.1_cds_QRW16016.1_499 [locus_tag=RhiXN_04017] [protein=endoplasmic reticulum membrane protein] [protein_id=QRW16016.1] [location=complement(join(1603569..1603915,1604010..1604184))] [gbkey=CDS]",0.09302325581395349,0.05232558139534884,0.023255813953488372,0.05232558139534884,0,0.03488372093023256,0.05232558139534884,0.08139534883720931,0.01744186046511628,0.06976744186046512,0.10465116279069768,0.05232558139534884,0.011627906976744186,0.0872093023255814,0.05232558139534884,0.05232558139534884,0.029069767441860465,0.01744186046511628,0.06395348837209303,0.05232558139534884
"lcl|CP059658.1_cds_QRW16017.1_500 [locus_tag=RhiXN_04018] [protein=hypothetical protein] [protein_id=QRW16017.1] [location=join(1604512..1604620,1604740..1605019,1605075..1605184,1605289..1605646,1605702..1605852,1605929..1606104,1606193..1606547)] [gbkey=CDS]",0.07632093933463796,0.05283757338551859,0.03131115459882583,0.043052837573385516,0.007827788649706457,0.0821917808219178,0.05870841487279843,0.06457925636007827,0.029354207436399216,0.046966731898238745,0.08023483365949119,0.05870841487279843,0.0136986301369863,0.0136986301369863,0.08610567514677103,0.08414872798434442,0.08023483365949119,0.007827788649706457,0.029354207436399216,0.05283757338551859
"lcl|CP059658.1_cds_QRW16018.1_501 [locus_tag=RhiXN_04019] [protein=Cyclin, N-terminal domain] [protein_id=QRW16018.1] [location=join(1607775..1607940,1607993..1608193,1608253..1609190)] [gbkey=CDS]",0.08083140877598152,0.03926096997690531,0.03233256351039261,0.046189376443418015,0.020785219399538105,0.04157043879907621,0.07390300230946882,0.03464203233256351,0.03002309468822171,0.046189376443418015,0.09930715935334873,0.013856812933025405,0.020785219399538105,0.04157043879907621,0.08775981524249422,0.12240184757505773,0.050808314087759814,0.011547344110854504,0.03464203233256351,0.07159353348729793
"lcl|CP059658.1_cds_QRW16019.1_502 [locus_tag=RhiXN_04020] [protein=Septin] [protein_id=QRW16019.1] [location=complement(join(1609586..1609676,1609766..1609912,1609963..1610313,1610367..1610448,1610509..1610637,1610700..1610820))] [gbkey=CDS]",0.06557377049180328,0.07540983606557378,0.04262295081967213,0.06885245901639345,0.013114754098360656,0.036065573770491806,0.06885245901639345,0.04590163934426229,0.036065573770491806,0.08852459016393442,0.08196721311475409,0.05901639344262295,0.009836065573770493,0.03934426229508197,0.04262295081967213,0.06557377049180328,0.04918032786885246,0.006557377049180328,0.022950819672131147,0.08196721311475409
"lcl|CP059658.1_cds_QRW16020.1_503 [locus_tag=RhiXN_04021] [protein=mRNA surveillance protein pelota protein] [protein_id=QRW16020.1] [location=join(1611746..1611784,1611834..1611899,1611962..1611990,1612039..1612394,1612452..1612558,1612607..1612849,1612908..1612963,1613028..1613144,1613215..1613321,1613469..1613608)] [gbkey=CDS]",0.09330143540669857,0.07177033492822966,0.023923444976076555,0.04784688995215311,0.004784688995215311,0.03588516746411483,0.09330143540669857,0.07177033492822966,0.03827751196172249,0.05980861244019139,0.07894736842105263,0.04784688995215311,0.019138755980861243,0.03110047846889952,0.03110047846889952,0.07894736842105263,0.050239234449760764,0.007177033492822967,0.019138755980861243,0.09569377990430622
"lcl|CP059658.1_cds_QRW16021.1_504 [locus_tag=RhiXN_04022] [protein=helix loop helix DNA-binding domain protein] [protein_id=QRW16021.1] [location=complement(join(1614736..1614962,1615039..1615321,1615359..1616071,1616129..1616332,1616389..1616441,1616493..1617037,1617084..1617637,1617687..1619318,1619370..1619583,1619632..1619676))] [gbkey=CDS]",0.0846774193548387,0.09005376344086022,0.023521505376344086,0.05913978494623656,0.008064516129032258,0.0456989247311828,0.07459677419354839,0.06182795698924731,0.030913978494623656,0.04233870967741935,0.06653225806451613,0.05846774193548387,0.016129032258064516,0.02217741935483871,0.09744623655913978,0.0793010752688172,0.04502688172043011,0.0114247311827957,0.02217741935483871,0.06048387096774194
"lcl|CP059658.1_cds_QRW16022.1_505 [locus_tag=RhiXN_04023] [protein=alpha-ketoacid dehydrogenase kinase] [protein_id=QRW16022.1] [location=complement(join(1619976..1620005,1620082..1620149,1620258..1620506,1620622..1620730,1620801..1620976,1621044..1621228,1621286..1621366,1621441..1621450,1621505..1621622,1621681..1621722,1621775..1621948))] [gbkey=CDS]",0.06796116504854369,0.08980582524271845,0.03640776699029126,0.05339805825242718,0.0024271844660194173,0.038834951456310676,0.06067961165048544,0.0825242718446602,0.03398058252427184,0.043689320388349516,0.11893203883495146,0.02912621359223301,0.02669902912621359,0.038834951456310676,0.05825242718446602,0.06310679611650485,0.050970873786407765,0.014563106796116505,0.03155339805825243,0.05825242718446602
"lcl|CP059658.1_cds_QRW16023.1_506 [locus_tag=RhiXN_04024] [protein=mediator complex subunit Med22] [protein_id=QRW16023.1] [location=join(1622169..1622236,1622280..1622330,1622392..1622827,1622852..1623208)] [gbkey=CDS]",0.12582781456953643,0.052980132450331126,0.013245033112582781,0.059602649006622516,0.0033112582781456954,0.046357615894039736,0.0695364238410596,0.06291390728476821,0.019867549668874173,0.056291390728476824,0.08940397350993377,0.033112582781456956,0.016556291390728478,0.04304635761589404,0.08278145695364239,0.059602649006622516,0.059602649006622516,0.019867549668874173,0.023178807947019868,0.06291390728476821
"lcl|CP059658.1_cds_QRW16024.1_507 [locus_tag=RhiXN_04025] [protein=endoglucanase] [protein_id=QRW16024.1] [location=complement(join(1623400..1623788,1623824..1624158,1624206..1624375,1624429..1624821,1624874..1624927,1624979..1625035,1625086..1625112,1625168..1625254,1625308..1625448,1625498..1625656))] [gbkey=CDS]",0.11627906976744186,0.02159468438538206,0.06312292358803986,0.054817275747508304,0.013289036544850499,0.024916943521594685,0.04152823920265781,0.09302325581395349,0.024916943521594685,0.03986710963455149,0.08637873754152824,0.04318936877076412,0.013289036544850499,0.04318936877076412,0.04152823920265781,0.07973421926910298,0.07308970099667775,0.02823920265780731,0.05813953488372093,0.03986710963455149
"lcl|CP059658.1_cds_QRW16025.1_508 [locus_tag=RhiXN_04026] [protein=endoglucanase] [protein_id=QRW16025.1] [location=complement(join(1626447..1626805,1626862..1626909,1626965..1627251,1627304..1627473,1627522..1627914,1627971..1628024,1628083..1628139,1628195..1628221,1628282..1628368,1628430..1628573,1628636..1628785))] [gbkey=CDS]",0.1,0.03389830508474576,0.05423728813559322,0.05254237288135593,0.011864406779661017,0.04406779661016949,0.04406779661016949,0.09322033898305085,0.023728813559322035,0.03898305084745763,0.07457627118644068,0.03898305084745763,0.01694915254237288,0.04915254237288136,0.04406779661016949,0.07966101694915254,0.059322033898305086,0.0288135593220339,0.05593220338983051,0.05593220338983051
"lcl|CP059658.1_cds_QRW16026.1_509 [locus_tag=RhiXN_04027] [protein=ATP-dependent protease La (LON) substrate-binding domain] [protein_id=QRW16026.1] [location=complement(join(1630770..1630935,1631732..1631853,1631907..1632147,1632201..1632434,1632487..1632631,1632679..1632805,1632853..1634001))] [gbkey=CDS]",0.06198347107438017,0.08539944903581267,0.03581267217630854,0.05234159779614325,0.028925619834710745,0.026170798898071626,0.0674931129476584,0.049586776859504134,0.03168044077134986,0.028925619834710745,0.08677685950413223,0.02066115702479339,0.026170798898071626,0.02203856749311295,0.13085399449035812,0.08264462809917356,0.08953168044077135,0.009641873278236915,0.015151515151515152,0.048209366391184574
"lcl|CP059658.1_cds_QRW16027.1_510 [locus_tag=RhiXN_04028] [protein=glucose-6-phosphate 1-dehydrogenase] [protein_id=QRW16027.1] [location=complement(join(1634552..1634628,1634714..1634855,1634925..1635229,1635298..1635499,1635566..1635642,1635709..1635851,1635908..1636368,1636421..1636455,1636513..1636582))] [gbkey=CDS]",0.06573705179282868,0.049800796812749,0.035856573705179286,0.04780876494023904,0.00597609561752988,0.03187250996015936,0.08565737051792828,0.07768924302788845,0.01593625498007968,0.07569721115537849,0.0796812749003984,0.07768924302788845,0.017928286852589643,0.045816733067729085,0.061752988047808766,0.053784860557768925,0.049800796812749,0.013944223107569721,0.043824701195219126,0.06374501992031872
"lcl|CP059658.1_cds_QRW16028.1_511 [locus_tag=RhiXN_04029] [protein=THO complex subunit 5] [protein_id=QRW16028.1] [location=join(1637601..1637914,1637966..1638109,1638166..1638310)] [gbkey=CDS]",0.07537688442211055,0.08040201005025126,0.05527638190954774,0.06030150753768844,0.020100502512562814,0.05025125628140704,0.11055276381909548,0.020100502512562814,0.035175879396984924,0.035175879396984924,0.15577889447236182,0.04020100502512563,0.010050251256281407,0.010050251256281407,0.03015075376884422,0.09547738693467336,0.05025125628140704,0,0.01507537688442211,0.05025125628140704
"lcl|CP059658.1_cds_QRW16029.1_512 [locus_tag=RhiXN_04030] [protein=ubiquitin-conjugating enzyme] [protein_id=QRW16029.1] [location=complement(join(1638613..1638740,1638795..1638923,1638973..1639025,1639091..1639205,1639257..1639336,1639910..1640075,1640132..1640229,1640289..1640349,1640405..1640461,1640513..1640549))] [gbkey=CDS]",0.08496732026143791,0.05228758169934641,0.049019607843137254,0.058823529411764705,0.00980392156862745,0.02287581699346405,0.08496732026143791,0.07516339869281045,0.016339869281045753,0.049019607843137254,0.08169934640522876,0.0392156862745098,0.0457516339869281,0.042483660130718956,0.05228758169934641,0.0718954248366013,0.03594771241830065,0.016339869281045753,0.0457516339869281,0.06535947712418301
"lcl|CP059658.1_cds_QRW16030.1_513 [locus_tag=RhiXN_04031] [protein=AMP binding enzyme] [protein_id=QRW16030.1] [location=complement(join(1641010..1641081,1641135..1641146,1641201..1641453,1641508..1641544,1641602..1641637,1641689..1641747,1641798..1641840,1641890..1641980,1642035..1642057,1642110..1642147,1642207..1642246,1642297..1642310,1643132..1643193,1643244..1643255,1643304..1643551,1643607..1643643,1643695..1643726,1643773..1643831,1643885..1643927,1643985..1644075,1644131..1644153,1644206..1644243,1644303..1644342,1645400..1645788,1645839..1646044,1646098..1646205,1646260..1646300,1646353..1646433,1646484..1646575,1646637..1646697,1646751..1646775,1647420..1647543,1647593..1647639,1647699..1647964,1648014..1648063,1648115..1648124,1648174..1648247,1648481..1648499,1648557..1648695,1648748..1648772,1648828..1648963,1649025..1649029,1649083..1649197,1649248..1649522,1649587..1649634,1649692..1649783,1649840..1649988,1650051..1650171,1650226..1650435))] [gbkey=CDS]",0.07526132404181185,0.06202090592334495,0.02926829268292683,0.04390243902439024,0.012543554006968641,0.03623693379790941,0.04250871080139373,0.07804878048780488,0.02229965156794425,0.06550522648083623,0.08571428571428572,0.03414634146341464,0.021602787456445994,0.03832752613240418,0.06411149825783972,0.09268292682926829,0.06341463414634146,0.018815331010452963,0.03554006968641115,0.07804878048780488
"lcl|CP059658.1_cds_QRW16031.1_514 [locus_tag=RhiXN_04032] [protein=hypothetical protein] [protein_id=QRW16031.1] [location=join(1651193..1651248,1651306..1651370,1651427..1651499,1651552..1651630,1651685..1651852)] [gbkey=CDS]",0.11724137931034483,0.06896551724137931,0.020689655172413793,0.06206896551724138,0.013793103448275862,0.020689655172413793,0.06206896551724138,0.013793103448275862,0.034482758620689655,0.06896551724137931,0.1103448275862069,0.020689655172413793,0,0.006896551724137931,0.07586206896551724,0.12413793103448276,0.06206896551724138,0.006896551724137931,0.04827586206896552,0.06206896551724138
"lcl|CP059658.1_cds_QRW16032.1_515 [locus_tag=RhiXN_04033] [protein=hypothetical protein] [protein_id=QRW16032.1] [location=join(1652792..1652987,1653046..1653064,1653119..1653242,1653292..1653307,1653381..1653403,1653435..1653449,1653504..1653535,1653585..1653654,1653710..1653773,1653829..1653874,1653930..1654014,1654059..1654092,1654155..1654206,1654262..1654292,1654349..1654366,1654426..1654580,1654645..1654773,1654825..1654963,1655020..1655313)] [gbkey=CDS]",0.05859375,0.060546875,0.044921875,0.06640625,0.01171875,0.01953125,0.056640625,0.05078125,0.033203125,0.05859375,0.072265625,0.07421875,0.01171875,0.046875,0.0703125,0.087890625,0.0546875,0.0234375,0.0390625,0.05859375
"lcl|CP059658.1_cds_QRW16033.1_516 [locus_tag=RhiXN_04034] [protein=RFX-like transcription factor daf-19] [protein_id=QRW16033.1] [location=join(1657425..1658020,1658071..1658264,1658320..1658415,1658480..1658741,1658768..1659014,1659070..1659136,1659163..1659246,1659301..1659665,1659730..1659785,1659843..1660130,1660180..1660303)] [gbkey=CDS]",0.11378002528445007,0.05941845764854614,0.040455120101137804,0.05309734513274336,0.008849557522123894,0.05056890012642225,0.04298356510745891,0.04804045512010114,0.03286978508217446,0.035398230088495575,0.08470290771175727,0.020227560050568902,0.03286978508217446,0.045512010113780026,0.06573957016434892,0.10998735777496839,0.07079646017699115,0.010113780025284451,0.018963337547408345,0.05562579013906448
"lcl|CP059658.1_cds_QRW16034.1_517 [locus_tag=RhiXN_04035] [protein=patatin-like phospholipase protein] [protein_id=QRW16034.1] [location=complement(join(1661005..1661217,1661273..1661670,1661718..1662256,1662307..1662377,1662430..1662603,1662654..1662881))] [gbkey=CDS]",0.13172541743970315,0.05380333951762523,0.04081632653061224,0.061224489795918366,0.0037105751391465678,0.07050092764378478,0.1150278293135436,0.05009276437847866,0.0037105751391465678,0.04452690166975881,0.059369202226345084,0.12430426716141002,0.0018552875695732839,0.016697588126159554,0.04823747680890538,0.0575139146567718,0.04452690166975881,0.0037105751391465678,0.014842300556586271,0.05380333951762523
"lcl|CP059658.1_cds_QRW16035.1_518 [locus_tag=RhiXN_04036] [protein=ribosomal protein L7Ae/L30e/S12e/Gadd45 family] [protein_id=QRW16035.1] [location=complement(join(1663167..1663461,1663511..1663580,1663633..1663702,1663749..1663808,1663865..1664056))] [gbkey=CDS]",0.08370044052863436,0.02643171806167401,0.00881057268722467,0.07048458149779736,0.00881057268722467,0.01762114537444934,0.11894273127753303,0.04405286343612335,0.022026431718061675,0.04405286343612335,0.07048458149779736,0.16299559471365638,0.01762114537444934,0.013215859030837005,0.04405286343612335,0.06167400881057269,0.04405286343612335,0,0.022026431718061675,0.11894273127753303
"lcl|CP059658.1_cds_QRW16036.1_519 [locus_tag=RhiXN_04037] [protein=patatin-like phospholipase protein] [protein_id=QRW16036.1] [location=complement(join(1664181..1664891,1664944..1665027,1665078..1665188,1665242..1665414,1665465..1665505,1665564..1665686,1665738..1665886,1665942..1666364,1666415..1666534,1666600..1666632,1666683..1666798,1666846..1666933,1666991..1667060,1667107..1667271,1667316..1667386))] [gbkey=CDS]",0.07888349514563107,0.09466019417475728,0.03519417475728155,0.05703883495145631,0.00849514563106796,0.03033980582524272,0.06553398058252427,0.06310679611650485,0.023058252427184466,0.044902912621359224,0.10800970873786407,0.044902912621359224,0.009708737864077669,0.04854368932038835,0.061893203883495146,0.08131067961165049,0.044902912621359224,0.024271844660194174,0.021844660194174758,0.05339805825242718
"lcl|CP059658.1_cds_QRW16037.1_520 [locus_tag=RhiXN_04038] [protein=Serine/threonine-protein kinase] [protein_id=QRW16037.1] [location=join(1668005..1668403,1668455..1670955,1671008..1671093,1671200..1671250,1671315..1672190,1672248..1672310,1672385..1673019)] [gbkey=CDS]",0.08664495114006515,0.06514657980456026,0.02280130293159609,0.04104234527687296,0.003908794788273616,0.035830618892508145,0.08143322475570032,0.048859934853420196,0.018892508143322474,0.03778501628664495,0.08664495114006515,0.02280130293159609,0.010423452768729642,0.020846905537459284,0.11596091205211727,0.10488599348534201,0.08013029315960912,0.013680781758957655,0.026710097719869708,0.0755700325732899
"lcl|CP059658.1_cds_QRW16038.1_521 [locus_tag=RhiXN_04039] [protein=PUB domain-containing protein] [protein_id=QRW16038.1] [location=complement(join(1673570..1673791,1673846..1674037,1674086..1674139,1674190..1674267,1674329..1674337,1674386..1674592))] [gbkey=CDS]",0.10317460317460317,0.0873015873015873,0.031746031746031744,0.05555555555555555,0,0.05952380952380952,0.0873015873015873,0.047619047619047616,0.01984126984126984,0.03968253968253968,0.07936507936507936,0.06349206349206349,0.011904761904761904,0.03571428571428571,0.07539682539682539,0.06349206349206349,0.06349206349206349,0.003968253968253968,0.015873015873015872,0.05555555555555555
"lcl|CP059658.1_cds_QRW16039.1_522 [locus_tag=RhiXN_04040] [protein=vacuolar membrane-associated protein IML1] [protein_id=QRW16039.1] [location=join(1674977..1675298,1675358..1675404,1675453..1675556,1675614..1675638,1675690..1676588,1676635..1678166,1678221..1678983,1679034..1679380,1679432..1680057)] [gbkey=CDS]",0.07598197037990985,0.0746941403734707,0.031551835157759174,0.05859626529298133,0.010946555054732776,0.03734707018673535,0.054732775273663874,0.0540888602704443,0.03477141017385705,0.04829362524146812,0.08628461043142305,0.03734707018673535,0.015453960077269801,0.043142305215711524,0.0824211204121056,0.07726980038634901,0.0695428203477141,0.018673535093367676,0.0231809401159047,0.06567933032839665
"lcl|CP059658.1_cds_QRW16040.1_523 [locus_tag=RhiXN_04041] [protein=RNA polymerase II transcription mediator complex subunit 9] [protein_id=QRW16040.1] [location=complement(join(1680112..1680115,1680181..1680308,1680376..1680534))] [gbkey=CDS]",0.10526315789473684,0.05263157894736842,0.021052631578947368,0.031578947368421054,0,0.21052631578947367,0.05263157894736842,0.021052631578947368,0,0.031578947368421054,0.09473684210526316,0.031578947368421054,0.042105263157894736,0.010526315789473684,0.08421052631578947,0.08421052631578947,0.07368421052631578,0,0,0.05263157894736842
"lcl|CP059658.1_cds_QRW16041.1_524 [locus_tag=RhiXN_04042] [protein=Daxx domain protein] [protein_id=QRW16041.1] [location=join(1680851..1681241,1681353..1681846)] [gbkey=CDS]",0.09897610921501707,0.08191126279863481,0.013651877133105802,0.051194539249146756,0,0.027303754266211604,0.09556313993174062,0.07849829351535836,0.05802047781569966,0.03754266211604096,0.04436860068259386,0.034129692832764506,0.023890784982935155,0.013651877133105802,0.1296928327645051,0.11604095563139932,0.03754266211604096,0.006825938566552901,0.006825938566552901,0.04436860068259386
"lcl|CP059658.1_cds_QRW16042.1_525 [locus_tag=RhiXN_04043] [protein=Zinc finger, C3HC4 type (RING finger) protein] [protein_id=QRW16042.1] [location=join(1682058..1682300,1682354..1682724,1682792..1682822,1682887..1683024,1683090..1683282,1683377..1683525,1683586..1684503)] [gbkey=CDS]",0.08394698085419734,0.07658321060382917,0.020618556701030927,0.035346097201767304,0.022091310751104567,0.023564064801178203,0.07952871870397643,0.05154639175257732,0.025036818851251842,0.050073637702503684,0.10898379970544919,0.023564064801178203,0.01914580265095729,0.023564064801178203,0.08394698085419734,0.09720176730486009,0.05743740795287187,0.016200294550810016,0.030927835051546393,0.07069219440353461
"lcl|CP059658.1_cds_QRW16043.1_526 [locus_tag=RhiXN_04044] [protein=eukaryotic translation initiation factor 2C 2] [protein_id=QRW16043.1] [location=complement(join(1685020..1685037,1685095..1685220,1685281..1685288,1685341..1685420,1685481..1685538,1685587..1685633,1685684..1685834,1685920..1685945,1686000..1686222,1686267..1686343,1686398..1686660,1686719..1686774,1686830..1686989,1687085..1687165,1687222..1687437,1687491..1687728,1687784..1687843,1687894..1688100,1688149..1688240,1688291..1688445,1688507..1688521,1688573..1688773,1689031..1689294,1689343..1689514,1689568..1690060,1690111..1690391,1690447..1690518,1690566..1690652))] [gbkey=CDS]",0.0703902065799541,0.07957153787299158,0.03978576893649579,0.060443764345830146,0.009181331293037491,0.05279265493496557,0.03978576893649579,0.06885998469778118,0.02754399387911247,0.04973221117061974,0.090283091048202,0.036725325172149964,0.020657995409334353,0.04437643458301454,0.06579954093343535,0.0757459831675593,0.04973221117061974,0.01224177505738332,0.03136954858454476,0.07498087222647284
"lcl|CP059658.1_cds_QRW16044.1_527 [locus_tag=RhiXN_04045] [protein=Zinc-finger double-stranded RNA-binding domain-containing protein] [protein_id=QRW16044.1] [location=join(1691077..1691331,1691389..1691490,1691561..1692061)] [gbkey=CDS]",0.05985915492957746,0.07394366197183098,0.07746478873239436,0.05985915492957746,0.07042253521126761,0.04929577464788732,0.06690140845070422,0.045774647887323945,0.06690140845070422,0.028169014084507043,0.08098591549295775,0.035211267605633804,0.014084507042253521,0.045774647887323945,0.02112676056338028,0.07394366197183098,0.045774647887323945,0.017605633802816902,0.04225352112676056,0.02464788732394366
"lcl|CP059658.1_cds_QRW16045.1_528 [locus_tag=RhiXN_04046] [protein=Fungal specific transcription factor domain] [protein_id=QRW16045.1] [location=complement(join(1692575..1692765,1692832..1693312,1693367..1693634,1693685..1693839,1693896..1693974,1694041..1694106,1694159..1694364,1694421..1694536,1694587..1694665,1694723..1694741,1694798..1694903,1694951..1695393,1695443..1695580,1695631..1696202))] [gbkey=CDS]",0.07312049433573635,0.04943357363542739,0.035015447991761074,0.061791967044284246,0.013388259526261586,0.05870236869207003,0.04737384140061792,0.08650875386199794,0.03810504634397528,0.032955715756951595,0.09062821833161688,0.04531410916580844,0.03192584963954686,0.03192584963954686,0.082389289392379,0.09062821833161688,0.04840370751802266,0.008238928939237899,0.03192584963954686,0.042224510813594233
"lcl|CP059658.1_cds_QRW16046.1_529 [locus_tag=RhiXN_04047] [protein=D-tyrosyl-tRNA(Tyr) deacylase] [protein_id=QRW16046.1] [location=join(1696862..1696904,1696966..1697028,1697095..1697134,1697186..1697330,1697388..1697393,1697441..1697519,1697591..1697703)] [gbkey=CDS]",0.06832298136645963,0.043478260869565216,0.037267080745341616,0.06832298136645963,0.012422360248447204,0.018633540372670808,0.055900621118012424,0.06832298136645963,0.006211180124223602,0.07453416149068323,0.06832298136645963,0.07453416149068323,0.043478260869565216,0.043478260869565216,0.037267080745341616,0.10559006211180125,0.055900621118012424,0.006211180124223602,0.024844720496894408,0.08695652173913043
"lcl|CP059658.1_cds_QRW16047.1_530 [locus_tag=RhiXN_04048] [protein=hypothetical protein] [protein_id=QRW16047.1] [location=join(1698408..1698509,1698570..1699281,1699331..1699623)] [gbkey=CDS]",0.08991825613079019,0.04904632152588556,0.027247956403269755,0.04904632152588556,0.01634877384196185,0.027247956403269755,0.0681198910081744,0.051771117166212535,0.01907356948228883,0.0653950953678474,0.14168937329700274,0.021798365122615803,0.02452316076294278,0.0326975476839237,0.07084468664850137,0.11171662125340599,0.05449591280653951,0.010899182561307902,0.02452316076294278,0.043596730245231606
"lcl|CP059658.1_cds_QRW16048.1_531 [locus_tag=RhiXN_04049] [protein=kinesin family protein] [protein_id=QRW16048.1] [location=complement(join(1700121..1701413,1702212..1703697,1703747..1704590,1704937..1705904,1705961..1705995))] [gbkey=CDS]",0.09415584415584416,0.07077922077922078,0.024025974025974027,0.05584415584415584,0.00909090909090909,0.03896103896103896,0.05389610389610389,0.06558441558441558,0.03831168831168831,0.04350649350649351,0.11038961038961038,0.03441558441558441,0.025324675324675326,0.02727272727272727,0.044805194805194806,0.07987012987012987,0.06818181818181818,0.007792207792207792,0.033766233766233764,0.07402597402597402
"lcl|CP059658.1_cds_QRW16049.1_532 [locus_tag=RhiXN_04050] [protein=Helicase conserved C-terminal domain] [protein_id=QRW16049.1] [location=complement(join(1706019..1706179,1706246..1706381,1707104..1707169,1707234..1707596,1707647..1707806,1707857..1708044,1708101..1708245,1708283..1708308,1708371..1708475,1708539..1708866,1708907..1709130))] [gbkey=CDS]",0.09651898734177215,0.08386075949367089,0.03322784810126582,0.058544303797468354,0.006329113924050633,0.02531645569620253,0.056962025316455694,0.058544303797468354,0.03639240506329114,0.03955696202531646,0.08227848101265822,0.05221518987341772,0.014240506329113924,0.02531645569620253,0.056962025316455694,0.10917721518987342,0.07753164556962025,0.004746835443037975,0.01740506329113924,0.06487341772151899
"lcl|CP059658.1_cds_QRW16050.1_533 [locus_tag=RhiXN_04051] [protein=smad nuclear interacting protein] [protein_id=QRW16050.1] [location=join(1709237..1709669,1709718..1709769,1709825..1709828,1709882..1709926,1709986..1710079,1710130..1710157,1710894..1711122,1711181..1711312,1711363..1711491,1711717..1711840,1711906..1711980,1712041..1712046,1712106..1712114,1712226..1712318,1712368..1712457,1712511..1712525,1712577..1712681,1712741..1712788,1712846..1712913)] [gbkey=CDS]",0.13874788494077833,0.08460236886632826,0.043993231810490696,0.06091370558375635,0.005076142131979695,0.047377326565143825,0.04060913705583756,0.1319796954314721,0.00676818950930626,0.011844331641285956,0.050761421319796954,0.032148900169204735,0.001692047377326565,0.01353637901861252,0.09983079526226735,0.077834179357022,0.09644670050761421,0.00676818950930626,0.011844331641285956,0.03722504230118443
"lcl|CP059658.1_cds_QRW16051.1_534 [locus_tag=RhiXN_04052] [protein=chitin deacetylase] [protein_id=QRW16051.1] [location=complement(join(1713147..1713368,1713419..1713526,1713582..1713699,1713756..1713828,1713888..1713991,1714046..1714115,1714169..1714226,1714282..1714393,1714449..1714604,1714656..1714753,1714807..1715034,1716289..1716409,1716467..1716476,1716536..1716617,1716673..1716716,1716777..1716838,1716890..1716940,1716992..1717130,1717188..1717282,1717335..1717483))] [gbkey=CDS]",0.08882521489971347,0.044412607449856735,0.04871060171919771,0.04154727793696275,0.014326647564469915,0.03008595988538682,0.04154727793696275,0.0673352435530086,0.03151862464183381,0.05300859598853868,0.0830945558739255,0.044412607449856735,0.022922636103151862,0.04871060171919771,0.05157593123209169,0.07163323782234957,0.07449856733524356,0.024355300859598854,0.03581661891117478,0.08166189111747851
"lcl|CP059658.1_cds_QRW16052.1_535 [locus_tag=RhiXN_04053] [protein=chitin deacetylase] [protein_id=QRW16052.1] [location=complement(join(1718373..1718390,1718445..1718559,1718618..1718627,1718692..1718773,1718829..1718872,1718922..1718983,1719033..1719083,1719133..1719271,1719324..1719349,1719415..1719483,1719533..1719663))] [gbkey=CDS]",0.10931174089068826,0.024291497975708502,0.048582995951417005,0.044534412955465584,0.016194331983805668,0.06477732793522267,0.032388663967611336,0.08097165991902834,0.024291497975708502,0.05668016194331984,0.06477732793522267,0.024291497975708502,0.008097165991902834,0.044534412955465584,0.048582995951417005,0.09716599190283401,0.09716599190283401,0.012145748987854251,0.04048582995951417,0.06072874493927125
"lcl|CP059658.1_cds_QRW16053.1_536 [locus_tag=RhiXN_04054] [protein=U5 snRNP complex subunit] [protein_id=QRW16053.1] [location=join(1720125..1720325,1720380..1720452,1720504..1720907,1720964..1721342,1721413..1721477)] [gbkey=CDS]",0.11290322580645161,0.07526881720430108,0.026881720430107527,0.06451612903225806,0.010752688172043012,0.026881720430107527,0.0456989247311828,0.08333333333333333,0.02956989247311828,0.051075268817204304,0.08870967741935484,0.03225806451612903,0.005376344086021506,0.02956989247311828,0.06182795698924731,0.07526881720430108,0.07795698924731183,0.01881720430107527,0.016129032258064516,0.06720430107526881
"lcl|CP059658.1_cds_QRW16054.1_537 [locus_tag=RhiXN_04055] [protein=pre-mRNA-splicing factor ISY1] [protein_id=QRW16054.1] [location=complement(join(1721861..1722189,1722261..1722395,1722446..1722501,1722552..1722723,1722793..1722962,1723014..1723036,1723091..1723093))] [gbkey=CDS]",0.0782312925170068,0.07482993197278912,0.03741496598639456,0.07482993197278912,0.006802721088435374,0.047619047619047616,0.11564625850340136,0.06462585034013606,0.017006802721088437,0.03741496598639456,0.10204081632653061,0.07482993197278912,0.030612244897959183,0.017006802721088437,0.05782312925170068,0.05442176870748299,0.034013605442176874,0.01020408163265306,0.034013605442176874,0.030612244897959183
"lcl|CP059658.1_cds_QRW16055.1_538 [locus_tag=RhiXN_04056] [protein=hypothetical protein] [protein_id=QRW16055.1] [location=join(1723904..1723945,1724024..1724386)] [gbkey=CDS]",0.12781954887218044,0.05263157894736842,0.022556390977443608,0.06015037593984962,0.015037593984962405,0.03007518796992481,0.05263157894736842,0.045112781954887216,0.03759398496240601,0.022556390977443608,0.12781954887218044,0.03759398496240601,0.045112781954887216,0.03759398496240601,0.06015037593984962,0.07518796992481203,0.05263157894736842,0.03007518796992481,0.022556390977443608,0.045112781954887216
"lcl|CP059658.1_cds_QRW16056.1_539 [locus_tag=RhiXN_04057] [protein=hypothetical protein] [protein_id=QRW16056.1] [location=complement(join(1724712..1725107,1725157..1725233,1725284..1725376,1725438..1725639))] [gbkey=CDS]",0.07874015748031496,0.05511811023622047,0.027559055118110236,0.003937007874015748,0.003937007874015748,0.01968503937007874,0.03543307086614173,0.16141732283464566,0.027559055118110236,0.047244094488188976,0.07086614173228346,0.04330708661417323,0.007874015748031496,0.015748031496062992,0.06692913385826772,0.20866141732283464,0.06299212598425197,0.007874015748031496,0.011811023622047244,0.04330708661417323
"lcl|CP059658.1_cds_QRW16057.1_540 [locus_tag=RhiXN_04058] [protein=kinase domain protein] [protein_id=QRW16057.1] [location=join(1725883..1726158,1726220..1726324,1726373..1726880,1726933..1726993,1727046..1727210,1727262..1727475)] [gbkey=CDS]",0.08390022675736962,0.06802721088435375,0.02947845804988662,0.047619047619047616,0.015873015873015872,0.045351473922902494,0.049886621315192746,0.06349206349206349,0.036281179138321996,0.05442176870748299,0.09750566893424037,0.05215419501133787,0.024943310657596373,0.031746031746031744,0.06575963718820861,0.05895691609977324,0.05895691609977324,0.013605442176870748,0.03854875283446712,0.06349206349206349
"lcl|CP059658.1_cds_QRW16058.1_541 [locus_tag=RhiXN_04059] [protein=SPFH domain / Band 7 family] [protein_id=QRW16058.1] [location=complement(join(1727646..1727996,1728054..1728226,1728280..1728438,1728487..1728568,1728622..1728695,1728752..1729227,1729284..1729343,1729394..1729752))] [gbkey=CDS]",0.11458333333333333,0.05381944444444445,0.043402777777777776,0.059027777777777776,0.006944444444444444,0.05381944444444445,0.0625,0.07118055555555555,0.020833333333333332,0.046875,0.07291666666666667,0.052083333333333336,0.024305555555555556,0.03125,0.04861111111111111,0.043402777777777776,0.078125,0.010416666666666666,0.022569444444444444,0.08333333333333333
"lcl|CP059658.1_cds_QRW16059.1_542 [locus_tag=RhiXN_04060] [protein=thioesterase superfamily protein] [protein_id=QRW16059.1] [location=complement(join(1730451..1730537,1730600..1730669,1730726..1730842,1730909..1730923,1730982..1731024,1731084..1731297))] [gbkey=CDS]",0.07222222222222222,0.03333333333333333,0.05,0.05555555555555555,0.027777777777777776,0.03333333333333333,0.03888888888888889,0.08888888888888889,0.022222222222222223,0.07777777777777778,0.10555555555555556,0.05,0.027777777777777776,0.011111111111111112,0.03333333333333333,0.08333333333333333,0.06666666666666667,0.016666666666666666,0.022222222222222223,0.08333333333333333
"lcl|CP059658.1_cds_QRW16060.1_543 [locus_tag=RhiXN_04061] [protein=histone deacetylase family protein] [protein_id=QRW16060.1] [location=complement(join(1731524..1731888,1731945..1732096,1732143..1732507,1732557..1732930,1732977..1733051,1733110..1733227,1733287..1733399,1733447..1733519))] [gbkey=CDS]",0.06813996316758748,0.07550644567219153,0.03683241252302026,0.07734806629834254,0.01289134438305709,0.02578268876611418,0.06998158379373849,0.09392265193370165,0.03683241252302026,0.049723756906077346,0.06813996316758748,0.02578268876611418,0.02578268876611418,0.03683241252302026,0.04788213627992634,0.08103130755064457,0.04419889502762431,0.014732965009208104,0.0423572744014733,0.06629834254143646
"lcl|CP059658.1_cds_QRW16061.1_544 [locus_tag=RhiXN_04062] [protein=ubiquitin family protein] [protein_id=QRW16061.1] [location=complement(join(1733761..1733845,1733899..1733981,1734032..1734061,1734117..1734134,1734192..1734209))] [gbkey=CDS]",0.05263157894736842,0.06578947368421052,0.013157894736842105,0.05263157894736842,0,0.05263157894736842,0.10526315789473684,0.09210526315789473,0.013157894736842105,0.09210526315789473,0.11842105263157894,0.09210526315789473,0.013157894736842105,0.013157894736842105,0.039473684210526314,0.05263157894736842,0.05263157894736842,0,0.013157894736842105,0.06578947368421052
lcl|CP059658.1_cds_QRW16062.1_545 [locus_tag=RhiXN_04063] [protein=2OG-Fe(II) oxygenase family protein] [protein_id=QRW16062.1] [location=complement(1734441..1735310)] [gbkey=CDS],0.0763888888888889,0.059027777777777776,0.024305555555555556,0.04861111111111111,0.006944444444444444,0.04513888888888889,0.08680555555555555,0.0798611111111111,0.03819444444444445,0.08333333333333333,0.0763888888888889,0.027777777777777776,0.027777777777777776,0.027777777777777776,0.06944444444444445,0.10069444444444445,0.03125,0.013888888888888888,0.027777777777777776,0.04861111111111111
"lcl|CP059658.1_cds_QRW16063.1_546 [locus_tag=RhiXN_04064] [protein=histone deacetylase family protein] [protein_id=QRW16063.1] [location=complement(join(1735488..1735895,1735947..1736304,1736357..1736604))] [gbkey=CDS]",0.07142857142857142,0.07738095238095238,0.03571428571428571,0.03571428571428571,0.02976190476190476,0.03869047619047619,0.06845238095238096,0.03869047619047619,0.03273809523809524,0.08035714285714286,0.11011904761904762,0.044642857142857144,0.008928571428571428,0.03273809523809524,0.07142857142857142,0.08928571428571429,0.03273809523809524,0.020833333333333332,0.023809523809523808,0.05654761904761905
"lcl|CP059658.1_cds_QRW16064.1_547 [locus_tag=RhiXN_04065] [protein=nucleoporin] [protein_id=QRW16064.1] [location=join(1738563..1738744,1740247..1740309,1740359..1741578,1741628..1745646,1745698..1746105)] [gbkey=CDS]",0.08409785932721713,0.05555555555555555,0.030071355759429153,0.05147808358817533,0.012232415902140673,0.03771661569826707,0.06116207951070336,0.04994903160040775,0.0290519877675841,0.063710499490316,0.1401630988786952,0.03058103975535168,0.01529051987767584,0.0382262996941896,0.0509683995922528,0.09276248725790011,0.05657492354740061,0.014780835881753314,0.01834862385321101,0.0672782874617737
"lcl|CP059658.1_cds_QRW16065.1_548 [locus_tag=RhiXN_04066] [protein=Metallopeptidase family M24] [protein_id=QRW16065.1] [location=complement(join(1746178..1746270,1746324..1746342,1746397..1746467,1746526..1746575,1746635..1747011,1747064..1747140,1747196..1747279,1747332..1747673))] [gbkey=CDS]",0.07859078590785908,0.05420054200542006,0.037940379403794036,0.07046070460704607,0.013550135501355014,0.037940379403794036,0.051490514905149054,0.07588075880758807,0.04065040650406504,0.08401084010840108,0.07046070460704607,0.037940379403794036,0.005420054200542005,0.02981029810298103,0.08130081300813008,0.056910569105691054,0.07859078590785908,0.01084010840108401,0.037940379403794036,0.04607046070460705
"lcl|CP059658.1_cds_QRW16066.1_549 [locus_tag=RhiXN_04067] [protein=hypothetical protein] [protein_id=QRW16066.1] [location=complement(join(1748004..1748348,1748405..1748925,1748985..1749312,1749368..1749766,1749817..1749908,1749957..1750228,1750285..1750346,1750402..1750530,1750597..1750737,1750791..1751270))] [gbkey=CDS]",0.0749185667752443,0.05754614549402823,0.04451682953311618,0.0499457111834962,0.02062975027144408,0.04234527687296417,0.04560260586319218,0.04560260586319218,0.033659066232356136,0.051031487513572206,0.12160694896851248,0.04560260586319218,0.014115092290988056,0.04125950054288816,0.048859934853420196,0.0988056460369164,0.06948968512486428,0.011943539630836048,0.0249728555917481,0.05754614549402823
"lcl|CP059658.1_cds_QRW16067.1_550 [locus_tag=RhiXN_04068] [protein=DNA repair protein RAD8] [protein_id=QRW16067.1] [location=join(1751747..1752042,1752093..1752215,1752273..1752369,1752420..1752813,1752864..1752993,1753044..1754595,1754650..1755952,1756008..1757018,1757068..1757168,1757221..1757408,1757460..1758281,1758337..1758552,1758603..1758789,1759194..1759313,1759380..1759470,1759522..1759646,1759923..1760188,1760239..1760317,1760368..1760418)] [gbkey=CDS]",0.08774139378673383,0.0688497061293031,0.031486146095717885,0.06507136859781697,0.019731318219983206,0.0327455919395466,0.08396305625524769,0.05793450881612091,0.02476910159529807,0.04659949622166247,0.08648194794290512,0.07388748950461797,0.018471872376154493,0.030226700251889168,0.054575986565911,0.06339210747271201,0.047858942065491183,0.01595298068849706,0.018052057094878254,0.07220822837951302
"lcl|CP059658.1_cds_QRW16068.1_551 [locus_tag=RhiXN_04069] [protein=hypothetical protein] [protein_id=QRW16068.1] [location=join(1761369..1761563,1762066..1762343,1762396..1762930,1763006..1763044,1763108..1763231,1763303..1763775)] [gbkey=CDS]",0.09340659340659341,0.08241758241758242,0.0347985347985348,0.040293040293040296,0.005494505494505495,0.047619047619047616,0.07875457875457875,0.04395604395604396,0.02197802197802198,0.05860805860805861,0.08424908424908426,0.056776556776556776,0.018315018315018316,0.027472527472527472,0.0695970695970696,0.08424908424908426,0.054945054945054944,0.020146520146520148,0.029304029304029304,0.047619047619047616
"lcl|CP059658.1_cds_QRW16069.1_552 [locus_tag=RhiXN_04070] [protein=hypothetical protein] [protein_id=QRW16069.1] [location=join(1764455..1764478,1764532..1764609,1764663..1764718,1764768..1764852)] [gbkey=CDS]",0.06329113924050633,0.11392405063291139,0.02531645569620253,0.06329113924050633,0,0.02531645569620253,0.05063291139240506,0.06329113924050633,0.0759493670886076,0.05063291139240506,0.0379746835443038,0,0.012658227848101266,0,0.05063291139240506,0.012658227848101266,0.0759493670886076,0.012658227848101266,0.10126582278481013,0.16455696202531644
"lcl|CP059658.1_cds_QRW16070.1_553 [locus_tag=RhiXN_04071] [protein=ubiquitin carboxyl-terminal hydrolase] [protein_id=QRW16070.1] [location=complement(join(1765253..1766149,1766202..1766531,1766592..1766965,1767036..1767147,1767199..1767269,1767327..1767600))] [gbkey=CDS]",0.059941520467836254,0.0847953216374269,0.023391812865497075,0.049707602339181284,0.01608187134502924,0.04532163742690058,0.054093567251461985,0.06432748538011696,0.02046783625730994,0.039473684210526314,0.09649122807017543,0.038011695906432746,0.019005847953216373,0.03216374269005848,0.07309941520467836,0.1067251461988304,0.07748538011695906,0.005847953216374269,0.024853801169590642,0.06871345029239766
"lcl|CP059658.1_cds_QRW16071.1_554 [locus_tag=RhiXN_04072] [protein=aminotransferase class I and II protein] [protein_id=QRW16071.1] [location=join(1770144..1770321,1770375..1770742,1770795..1770846,1770901..1771054,1771103..1771148,1771198..1771372,1771432..1771752,1771805..1771947,1772009..1772071)] [gbkey=CDS]",0.05622489959839357,0.05220883534136546,0.0321285140562249,0.05823293172690763,0.010040160642570281,0.03815261044176707,0.05622489959839357,0.06827309236947791,0.020080321285140562,0.04417670682730924,0.0783132530120482,0.05220883534136546,0.0321285140562249,0.05220883534136546,0.0642570281124498,0.09036144578313253,0.05823293172690763,0.02208835341365462,0.04417670682730924,0.07028112449799197
"lcl|CP059658.1_cds_QRW16072.1_555 [locus_tag=RhiXN_04073] [protein=peptidyl-prolyl cis-trans isomerase, cyclophilin-type protein] [protein_id=QRW16072.1] [location=join(1772326..1772458,1772533..1772889,1772939..1773292,1773388..1773442,1773492..1773891)] [gbkey=CDS]",0.060324825986078884,0.12529002320185614,0.030162412993039442,0.11136890951276102,0.018561484918793503,0.016241299303944315,0.06496519721577726,0.08120649651972157,0.025522041763341066,0.03248259860788863,0.07424593967517401,0.04408352668213457,0.02088167053364269,0.04176334106728538,0.05568445475638051,0.05568445475638051,0.048723897911832945,0.004640371229698376,0.02320185614849188,0.06496519721577726
"lcl|CP059658.1_cds_QRW16073.1_556 [locus_tag=RhiXN_04074] [protein=glycoside hydrolase family 61 protein] [protein_id=QRW16073.1] [location=join(1774324..1774375,1774434..1774544,1774598..1774732,1774778..1774830,1774874..1774993,1775058..1775171,1775340..1775357,1775430..1775585)] [gbkey=CDS]",0.10756972111553785,0.027888446215139442,0.05179282868525897,0.035856573705179286,0.01195219123505976,0.035856573705179286,0.01195219123505976,0.10756972111553785,0.027888446215139442,0.06772908366533864,0.06772908366533864,0.03187250996015936,0.00398406374501992,0.01593625498007968,0.05976095617529881,0.099601593625498,0.0796812749003984,0.027888446215139442,0.043824701195219126,0.08366533864541832
"lcl|CP059658.1_cds_QRW16074.1_557 [locus_tag=RhiXN_04075] [protein=hypothetical protein] [protein_id=QRW16074.1] [location=join(1776395..1776406,1776459..1776640,1776682..1777136,1777194..1777480)] [gbkey=CDS]",0.1064516129032258,0.04838709677419355,0.025806451612903226,0.05806451612903226,0.016129032258064516,0.03225806451612903,0.041935483870967745,0.04838709677419355,0.025806451612903226,0.035483870967741936,0.14193548387096774,0.016129032258064516,0.03870967741935484,0.02903225806451613,0.09032258064516129,0.06774193548387097,0.05806451612903226,0.00967741935483871,0.02258064516129032,0.08709677419354839
"lcl|CP059658.1_cds_QRW16075.1_558 [locus_tag=RhiXN_04076] [protein=kinase domain protein] [protein_id=QRW16075.1] [location=complement(join(1777901..1778361,1778497..1778646,1778780..1778849,1779006..1779128,1779183..1779371,1779427..1779776,1779829..1780639))] [gbkey=CDS]",0.08798882681564246,0.0782122905027933,0.03212290502793296,0.08379888268156424,0.018156424581005588,0.036312849162011177,0.0893854748603352,0.05446927374301676,0.030726256983240222,0.0335195530726257,0.0782122905027933,0.040502793296089384,0.019553072625698324,0.030726256983240222,0.06424581005586592,0.06564245810055866,0.061452513966480445,0.009776536312849162,0.019553072625698324,0.06564245810055866
"lcl|CP059658.1_cds_QRW16076.1_559 [locus_tag=RhiXN_04077] [protein=cryptochrome-2] [protein_id=QRW16076.1] [location=complement(join(1782170..1782255,1782307..1783191,1783473..1783740,1783788..1783895,1783947..1784017,1784078..1784234,1784286..1784394,1784420..1784521,1784583..1784639,1784688..1785081,1785132..1785510,1785558..1785669,1785726..1785736,1785787..1785933))] [gbkey=CDS]",0.07291666666666667,0.06770833333333333,0.03229166666666667,0.05520833333333333,0.011458333333333333,0.03229166666666667,0.07916666666666666,0.07291666666666667,0.026041666666666668,0.0375,0.08541666666666667,0.07604166666666666,0.013541666666666667,0.0375,0.06354166666666666,0.06666666666666667,0.059375,0.020833333333333332,0.03125,0.058333333333333334
"lcl|CP059658.1_cds_QRW16077.1_560 [locus_tag=RhiXN_04078] [protein=20S proteasome subunit] [protein_id=QRW16077.1] [location=join(1786579..1786649,1786708..1786816,1786864..1786935,1787005..1787099,1787158..1787206)] [gbkey=CDS]",0.07692307692307693,0.046153846153846156,0.007692307692307693,0.08461538461538462,0.007692307692307693,0.015384615384615385,0.07692307692307693,0.06923076923076923,0.015384615384615385,0.06923076923076923,0.1,0.046153846153846156,0.007692307692307693,0.06153846153846154,0.08461538461538462,0.05384615384615385,0.07692307692307693,0.015384615384615385,0.015384615384615385,0.06923076923076923
"lcl|CP059658.1_cds_QRW16078.1_561 [locus_tag=RhiXN_04079] [protein=20S proteasome subunit] [protein_id=QRW16078.1] [location=join(1787549..1787753,1787797..1787918,1787972..1788247)] [gbkey=CDS]",0.08542713567839195,0.07035175879396985,0.06030150753768844,0.05025125628140704,0,0.03015075376884422,0.06532663316582915,0.08040201005025126,0.005025125628140704,0.05025125628140704,0.07537688442211055,0.020100502512562814,0.01507537688442211,0.020100502512562814,0.09547738693467336,0.10050251256281408,0.08040201005025126,0.02512562814070352,0.020100502512562814,0.05025125628140704
"lcl|CP059658.1_cds_QRW16079.1_562 [locus_tag=RhiXN_04080] [protein=beta-lactamase superfamily protein] [protein_id=QRW16079.1] [location=complement(join(1788541..1788778,1788834..1788950,1789001..1789107))] [gbkey=CDS]",0.10526315789473684,0.07894736842105263,0.03289473684210526,0.05263157894736842,0.006578947368421052,0.05263157894736842,0.046052631578947366,0.05921052631578947,0.03289473684210526,0.06578947368421052,0.046052631578947366,0.02631578947368421,0.019736842105263157,0.03289473684210526,0.09868421052631579,0.08552631578947369,0.05263157894736842,0.02631578947368421,0.019736842105263157,0.05921052631578947
"lcl|CP059658.1_cds_QRW16080.1_563 [locus_tag=RhiXN_04081] [protein=peptide-N(4)-(N-acetyl-beta-glucosaminyl)asparagine amidase A] [protein_id=QRW16080.1] [location=join(1793613..1794056,1794096..1794188,1794245..1794268,1794335..1794397,1794467..1794618,1794666..1794750,1794800..1794880,1794936..1795010,1795062..1795150,1795203..1795351,1795414..1795442,1795501..1795823,1795876..1795928,1795977..1796010,1796055..1796334)] [gbkey=CDS]",0.07621951219512195,0.04420731707317073,0.06554878048780488,0.051829268292682924,0.007621951219512195,0.03048780487804878,0.036585365853658534,0.06554878048780488,0.01524390243902439,0.06097560975609756,0.07469512195121951,0.04420731707317073,0.004573170731707317,0.04573170731707317,0.053353658536585365,0.10365853658536585,0.08841463414634146,0.022865853658536585,0.041158536585365856,0.06707317073170732
"lcl|CP059658.1_cds_QRW16081.1_564 [locus_tag=RhiXN_04082] [protein=hypothetical protein] [protein_id=QRW16081.1] [location=complement(join(1796669..1796888,1796957..1797251,1797311..1798365,1798419..1798463,1798511..1798629))] [gbkey=CDS]",0.06076388888888889,0.0798611111111111,0.03819444444444445,0.06770833333333333,0.015625,0.024305555555555556,0.0642361111111111,0.0625,0.029513888888888888,0.026041666666666668,0.09027777777777778,0.036458333333333336,0.026041666666666668,0.020833333333333332,0.09895833333333333,0.11979166666666667,0.0642361111111111,0.012152777777777778,0.013888888888888888,0.04861111111111111
"lcl|CP059658.1_cds_QRW16082.1_565 [locus_tag=RhiXN_04083] [protein=nucleoporin nsp1] [protein_id=QRW16082.1] [location=join(1798956..1799046,1799111..1799560,1799689..1799790,1799842..1800057,1800119..1800372,1800465..1800661,1800719..1801061)] [gbkey=CDS]",0.19672131147540983,0.020036429872495445,0.029143897996357013,0.03642987249544627,0,0.025500910746812388,0.03825136612021858,0.122040072859745,0.0018214936247723133,0.029143897996357013,0.058287795992714025,0.04189435336976321,0.00546448087431694,0.04007285974499089,0.09289617486338798,0.10200364298724955,0.12386156648451731,0.0036429872495446266,0.009107468123861567,0.023679417122040074
"lcl|CP059658.1_cds_QRW16083.1_566 [locus_tag=RhiXN_04084] [protein=bromodomain associated protein] [protein_id=QRW16083.1] [location=complement(join(1801254..1801711,1801777..1801884,1801939..1802352,1802404..1802610,1802664..1802734,1802789..1802879,1802938..1802975,1803029..1803078,1803134..1803319))] [gbkey=CDS]",0.07977736549165121,0.059369202226345084,0.03153988868274583,0.061224489795918366,0.0018552875695732839,0.03710575139146568,0.06679035250463822,0.04081632653061224,0.02411873840445269,0.04638218923933209,0.05194805194805195,0.055658627087198514,0.025974025974025976,0.02040816326530612,0.11317254174397032,0.11873840445269017,0.07977736549165121,0.0074211502782931356,0.02040816326530612,0.0575139146567718
"lcl|CP059658.1_cds_QRW16084.1_567 [locus_tag=RhiXN_04085] [protein=hypothetical protein] [protein_id=QRW16084.1] [location=join(1806211..1806297,1806354..1806668)] [gbkey=CDS]",0.13636363636363635,0.03787878787878788,0.022727272727272728,0.030303030303030304,0,0.09090909090909091,0.030303030303030304,0.030303030303030304,0.06060606060606061,0.015151515151515152,0.07575757575757576,0.015151515151515152,0.030303030303030304,0.03787878787878788,0.14393939393939395,0.12878787878787878,0.045454545454545456,0.007575757575757576,0.03787878787878788,0.022727272727272728
"lcl|CP059658.1_cds_QRW16085.1_568 [locus_tag=RhiXN_04086] [protein=calcineurin subunit B] [protein_id=QRW16085.1] [location=complement(join(1807766..1807804,1807858..1807906,1807956..1808011,1808061..1808155,1808210..1808292,1808343..1808441,1808492..1808712))] [gbkey=CDS]",0.08018867924528301,0.06132075471698113,0.0330188679245283,0.08490566037735849,0,0.03773584905660377,0.07547169811320754,0.08018867924528301,0.0047169811320754715,0.05188679245283019,0.08490566037735849,0.05660377358490566,0.04716981132075472,0.07547169811320754,0.018867924528301886,0.08962264150943396,0.05660377358490566,0,0.014150943396226415,0.04716981132075472
"lcl|CP059658.1_cds_QRW16086.1_569 [locus_tag=RhiXN_04087] [protein=tRNA modification GTPase MnmE] [protein_id=QRW16086.1] [location=join(1809079..1809129,1809189..1809537,1809597..1809838,1809898..1810018,1810067..1810210,1810264..1810702,1810770..1810873,1810925..1811055)] [gbkey=CDS]",0.10095238095238095,0.08761904761904762,0.02666666666666667,0.05523809523809524,0.011428571428571429,0.02095238095238095,0.07809523809523809,0.0761904761904762,0.02857142857142857,0.07809523809523809,0.11238095238095239,0.0380952380952381,0.0038095238095238095,0.03428571428571429,0.03619047619047619,0.0761904761904762,0.05523809523809524,0.005714285714285714,0.017142857142857144,0.05714285714285714
"lcl|CP059658.1_cds_QRW16087.1_570 [locus_tag=RhiXN_04088] [protein=transmembrane protein] [protein_id=QRW16087.1] [location=join(1811238..1812241,1812292..1813181,1813220..1813497,1813547..1815314,1815366..1815790,1815841..1816101)] [gbkey=CDS]",0.06623376623376623,0.06428571428571428,0.04350649350649351,0.06168831168831169,0.015584415584415584,0.03506493506493506,0.052597402597402594,0.053246753246753244,0.023376623376623377,0.05,0.08246753246753247,0.03506493506493506,0.016233766233766232,0.046103896103896105,0.07207792207792207,0.10324675324675325,0.06623376623376623,0.014285714285714285,0.024025974025974027,0.07467532467532467
"lcl|CP059658.1_cds_QRW16088.1_571 [locus_tag=RhiXN_04089] [protein=BAG domain protein] [protein_id=QRW16088.1] [location=complement(join(1816986..1817261,1817315..1818394,1818508..1818804,1818912..1819183,1820563..1820639,1820706..1821006,1821064..1821157,1821212..1821392,1821652..1821749,1822153..1822381,1822435..1822528,1822669..1822906,1822957..1823051,1823105..1823401,1823447..1823951,1824005..1824107,1824165..1824299,1824357..1824481))] [gbkey=CDS]",0.09819639278557114,0.06813627254509018,0.023380093520374082,0.049432197728790914,0.014696058784235137,0.052104208416833664,0.0841683366733467,0.05410821643286573,0.02004008016032064,0.050100200400801605,0.08817635270541083,0.03807615230460922,0.008016032064128256,0.026720106880427523,0.07414829659318638,0.09418837675350701,0.06479625918503674,0.008016032064128256,0.020708082832331328,0.06279225116900468
"lcl|CP059658.1_cds_QRW16089.1_572 [locus_tag=RhiXN_04090] [protein=hypothetical protein] [protein_id=QRW16089.1] [location=complement(join(1825916..1826101,1826295..1826378,1826421..1826764,1826829..1827129))] [gbkey=CDS]",0.09570957095709572,0.0594059405940594,0.0594059405940594,0.0627062706270627,0.006600660066006601,0.039603960396039604,0.07920792079207921,0.0462046204620462,0.009900990099009901,0.039603960396039604,0.066006600660066,0.0462046204620462,0.019801980198019802,0.019801980198019802,0.10561056105610561,0.11221122112211221,0.0627062706270627,0.006600660066006601,0.013201320132013201,0.04950495049504951
"lcl|CP059658.1_cds_QRW16090.1_573 [locus_tag=RhiXN_04091] [protein=hypothetical protein] [protein_id=QRW16090.1] [location=complement(join(1827640..1827840,1827892..1828086,1828143..1828360,1828413..1828578,1828629..1829188,1829248..1829973,1830033..1830429))] [gbkey=CDS]",0.08302808302808302,0.050061050061050064,0.042735042735042736,0.04884004884004884,0.003663003663003663,0.03540903540903541,0.08669108669108669,0.04884004884004884,0.018315018315018316,0.05616605616605617,0.0927960927960928,0.08791208791208792,0.02564102564102564,0.03418803418803419,0.05616605616605617,0.08302808302808302,0.054945054945054944,0.014652014652014652,0.020757020757020756,0.05616605616605617
"lcl|CP059658.1_cds_QRW16091.1_574 [locus_tag=RhiXN_04092] [protein=arginyl-tRNA-protein transferase] [protein_id=QRW16091.1] [location=join(1830998..1831024,1831085..1831182,1831366..1831454,1831503..1831609,1831676..1832002,1832062..1832140,1832191..1832261,1832315..1832488,1832544..1832645)] [gbkey=CDS]",0.0449438202247191,0.042134831460674156,0.03932584269662921,0.0449438202247191,0.016853932584269662,0.0449438202247191,0.08146067415730338,0.05337078651685393,0.02247191011235955,0.06460674157303371,0.0898876404494382,0.05898876404494382,0.025280898876404494,0.025280898876404494,0.05337078651685393,0.10955056179775281,0.05056179775280899,0.016853932584269662,0.06460674157303371,0.05056179775280899
"lcl|CP059658.1_cds_QRW16092.1_575 [locus_tag=RhiXN_04093] [protein=alpha-1,3-glucosyltransferase] [protein_id=QRW16092.1] [location=join(1833618..1833685,1833733..1833811,1833869..1833884,1833934..1834111,1834161..1834392,1834531..1834672,1834722..1834876,1834924..1835060,1835117..1835582)] [gbkey=CDS]",0.08997955010224949,0.04703476482617587,0.02044989775051125,0.02044989775051125,0.014314928425357873,0.022494887525562373,0.03067484662576687,0.05725971370143149,0.026584867075664622,0.06339468302658487,0.1554192229038855,0.018404907975460124,0.024539877300613498,0.05725971370143149,0.05521472392638037,0.081799591002045,0.06339468302658487,0.026584867075664622,0.05725971370143149,0.06748466257668712
"lcl|CP059658.1_cds_QRW16093.1_576 [locus_tag=RhiXN_04094] [protein=ribonucleoside-diphosphate reductase subunit M2] [protein_id=QRW16093.1] [location=complement(join(1835862..1835883,1835941..1836086,1836138..1836259,1836313..1836725,1836776..1836942,1836993..1837064,1837115..1837396))] [gbkey=CDS]",0.08374384236453201,0.054187192118226604,0.03694581280788178,0.07635467980295567,0.009852216748768473,0.03201970443349754,0.08620689655172414,0.03694581280788178,0.019704433497536946,0.05665024630541872,0.0960591133004926,0.059113300492610835,0.024630541871921183,0.07389162561576355,0.03940886699507389,0.0665024630541872,0.06403940886699508,0.014778325123152709,0.022167487684729065,0.046798029556650245
"lcl|CP059658.1_cds_QRW16094.1_577 [locus_tag=RhiXN_04095] [protein=hypothetical protein] [protein_id=QRW16094.1] [location=join(1838493..1839065,1839124..1841328)] [gbkey=CDS]",0.06818181818181818,0.07034632034632035,0.03463203463203463,0.04112554112554113,0.005411255411255411,0.04329004329004329,0.046536796536796536,0.05411255411255411,0.03896103896103896,0.020562770562770564,0.0854978354978355,0.03463203463203463,0.010822510822510822,0.01406926406926407,0.11796536796536797,0.16017316017316016,0.08008658008658008,0.005411255411255411,0.015151515151515152,0.05303030303030303
"lcl|CP059658.1_cds_QRW16095.1_578 [locus_tag=RhiXN_04096] [protein=hypothetical protein] [protein_id=QRW16095.1] [location=join(1842804..1843007,1843057..1843289,1843354..1843467,1843526..1843886,1843964..1843976,1844029..1844114)] [gbkey=CDS]",0.1044776119402985,0.07462686567164178,0.03283582089552239,0.056716417910447764,0.01791044776119403,0.0626865671641791,0.056716417910447764,0.07462686567164178,0.023880597014925373,0.056716417910447764,0.1044776119402985,0.04776119402985075,0.020895522388059702,0.026865671641791045,0.026865671641791045,0.07462686567164178,0.041791044776119404,0.005970149253731343,0.041791044776119404,0.04776119402985075
"lcl|CP059658.1_cds_QRW16096.1_579 [locus_tag=RhiXN_04097] [protein=proteasome subunit alpha type protein] [protein_id=QRW16096.1] [location=complement(join(1845083..1845245,1845375..1845487,1845545..1845688,1845744..1845845,1845895..1846018,1846067..1846170))] [gbkey=CDS]",0.12096774193548387,0.06451612903225806,0.028225806451612902,0.06854838709677419,0,0.024193548387096774,0.06854838709677419,0.0846774193548387,0.020161290322580645,0.06854838709677419,0.10483870967741936,0.05241935483870968,0.012096774193548387,0.016129032258064516,0.04032258064516129,0.06451612903225806,0.05241935483870968,0.008064516129032258,0.04435483870967742,0.056451612903225805
"lcl|CP059658.1_cds_QRW16097.1_580 [locus_tag=RhiXN_04098] [protein=nuclear pore complex protein] [protein_id=QRW16097.1] [location=join(1846414..1846713,1846768..1846922,1846975..1847097,1847149..1847364,1847423..1847870,1847928..1848038,1848092..1848158,1848236..1848275,1848378..1849005,1849058..1849196,1849250..1849284)] [gbkey=CDS]",0.09707446808510638,0.05319148936170213,0.031914893617021274,0.04521276595744681,0.010638297872340425,0.05186170212765957,0.06648936170212766,0.057180851063829786,0.017287234042553192,0.047872340425531915,0.10904255319148937,0.04654255319148936,0.013297872340425532,0.023936170212765957,0.06648936170212766,0.0851063829787234,0.07313829787234043,0.013297872340425532,0.02127659574468085,0.06914893617021277
"lcl|CP059658.1_cds_QRW16098.1_581 [locus_tag=RhiXN_04099] [protein=HSF-type DNA-binding domain protein] [protein_id=QRW16098.1] [location=complement(join(1850128..1850541,1850596..1850784,1850838..1850896,1851150..1851899,1851953..1852418,1852465..1852681,1852736..1853112))] [gbkey=CDS]",0.06447688564476886,0.05596107055961071,0.05961070559610705,0.06447688564476886,0.0012165450121654502,0.09610705596107055,0.0535279805352798,0.07420924574209246,0.025547445255474453,0.04257907542579075,0.052311435523114354,0.04257907542579075,0.051094890510948905,0.038929440389294405,0.08880778588807786,0.0851581508515815,0.037712895377128956,0.0036496350364963502,0.025547445255474453,0.0364963503649635
"lcl|CP059658.1_cds_QRW16099.1_582 [locus_tag=RhiXN_04100] [protein=fructose-1,6-bisphosphatase I] [protein_id=QRW16099.1] [location=join(1856977..1857026,1857083..1857211,1857267..1857429,1857482..1857574,1857628..1857801,1857857..1857996,1858052..1858331)] [gbkey=CDS]",0.07917888563049853,0.04105571847507331,0.04105571847507331,0.05865102639296188,0.008797653958944282,0.020527859237536656,0.06158357771260997,0.0967741935483871,0.01466275659824047,0.06744868035190615,0.09970674486803519,0.06744868035190615,0.02346041055718475,0.03225806451612903,0.0469208211143695,0.06744868035190615,0.05865102639296188,0,0.04398826979472141,0.07038123167155426
"lcl|CP059658.1_cds_QRW16100.1_583 [locus_tag=RhiXN_04101] [protein=mRNA cleavage and polyadenylation factor CLP1] [protein_id=QRW16100.1] [location=complement(join(1858605..1859639,1859691..1859855,1859907..1860216,1860272..1860644,1860697..1860942,1860995..1861329,1861386..1862127,1862180..1862266,1862319..1862508,1862853..1862913,1862976..1863162,1863215..1863419,1863476..1863582,1863633..1863740,1863793..1864039,1864094..1864352,1864477..1864529,1864584..1864694))] [gbkey=CDS]",0.0735202492211838,0.06230529595015576,0.037383177570093455,0.05109034267912772,0.012461059190031152,0.038006230529595016,0.07040498442367601,0.05482866043613707,0.021806853582554516,0.048598130841121495,0.10093457943925234,0.05358255451713396,0.01557632398753894,0.02866043613707165,0.0616822429906542,0.09657320872274143,0.07289719626168224,0.011214953271028037,0.028037383177570093,0.06043613707165109
"lcl|CP059658.1_cds_QRW16101.1_584 [locus_tag=RhiXN_04102] [protein=NADH dehydrogenase] [protein_id=QRW16101.1] [location=join(1864906..1865403,1865463..1865728,1865775..1865896,1865948..1866054,1866110..1866148,1866197..1866246,1866301..1866349,1866405..1866614,1866665..1866742,1866797..1866893,1866950..1867110,1867161..1867331,1867381..1867422,1867481..1867569,1867624..1867657)] [gbkey=CDS]",0.08071748878923767,0.06726457399103139,0.03587443946188341,0.05530642750373692,0.005979073243647235,0.03139013452914798,0.052316890881913304,0.07324364723467862,0.02242152466367713,0.0687593423019432,0.10014947683109118,0.05082212257100149,0.014947683109118086,0.0343796711509716,0.05680119581464873,0.0687593423019432,0.053811659192825115,0.01195814648729447,0.04035874439461883,0.07473841554559044
"lcl|CP059658.1_cds_QRW16102.1_585 [locus_tag=RhiXN_04103] [protein=Fungal Zn(2)-Cys(6) binuclear cluster domain] [protein_id=QRW16102.1] [location=join(1870429..1870542,1870600..1870704,1870761..1870796,1870856..1870967,1871017..1871274,1871337..1871557)] [gbkey=CDS]",0.03214285714285714,0.05714285714285714,0.039285714285714285,0.039285714285714285,0.02857142857142857,0.05714285714285714,0.039285714285714285,0.060714285714285714,0.03571428571428571,0.03571428571428571,0.07142857142857142,0.03571428571428571,0.017857142857142856,0.017857142857142856,0.1,0.1357142857142857,0.09285714285714286,0.0035714285714285713,0.06428571428571428,0.03571428571428571
"lcl|CP059658.1_cds_QRW16103.1_586 [locus_tag=RhiXN_04104] [protein=ATP synthase alpha/beta family] [protein_id=QRW16103.1] [location=complement(join(1872338..1872550,1872606..1872963,1873018..1873204,1873261..1873956,1874111..1874276))] [gbkey=CDS]",0.10966542750929369,0.055762081784386616,0.024163568773234202,0.05204460966542751,0.0018587360594795538,0.046468401486988845,0.06505576208178439,0.08921933085501858,0.01486988847583643,0.06505576208178439,0.08921933085501858,0.046468401486988845,0.020446096654275093,0.031598513011152414,0.05018587360594796,0.05762081784386617,0.08178438661710037,0,0.01858736059479554,0.07992565055762081
"lcl|CP059658.1_cds_QRW16104.1_587 [locus_tag=RhiXN_04105] [protein=Fungal Zn(2)-Cys(6) binuclear cluster domain] [protein_id=QRW16104.1] [location=complement(join(1877235..1877272,1877339..1877539,1877593..1877772,1877830..1878013,1878079..1878171,1878222..1878296))] [gbkey=CDS]",0.09019607843137255,0.054901960784313725,0.03137254901960784,0.054901960784313725,0.0392156862745098,0.047058823529411764,0.03529411764705882,0.047058823529411764,0.0196078431372549,0.023529411764705882,0.058823529411764705,0.050980392156862744,0.00784313725490196,0.03137254901960784,0.12941176470588237,0.09411764705882353,0.07058823529411765,0.011764705882352941,0.06274509803921569,0.0392156862745098
"lcl|CP059658.1_cds_QRW16105.1_588 [locus_tag=RhiXN_04106] [protein=co-chaperone GrpE] [protein_id=QRW16105.1] [location=join(1880094..1880359,1880407..1880577,1880630..1880790,1880844..1881026,1881084..1881329,1881380..1881591,1881643..1882180,1882445..1882490,1882543..1883968,1884019..1884064,1884125..1884540,1884929..1885090,1885156..1885572)] [gbkey=CDS]",0.08053221288515407,0.07142857142857142,0.04061624649859944,0.05672268907563025,7.002801120448179e-4,0.037815126050420166,0.07282913165266107,0.07983193277310924,0.01680672268907563,0.04411764705882353,0.07703081232492998,0.04411764705882353,0.014705882352941176,0.01680672268907563,0.0784313725490196,0.10714285714285714,0.06932773109243698,0.009103641456582634,0.022408963585434174,0.05952380952380952
"lcl|CP059658.1_cds_QRW16106.1_589 [locus_tag=RhiXN_04107] [protein=phenylalanyl-tRNA synthetase] [protein_id=QRW16106.1] [location=complement(join(1885731..1885815,1885868..1885941,1885999..1886273,1886322..1887107,1887161..1887200))] [gbkey=CDS]",0.06220095693779904,0.05980861244019139,0.0430622009569378,0.05502392344497608,0.009569377990430622,0.03827751196172249,0.08133971291866028,0.05980861244019139,0.03588516746411483,0.05741626794258373,0.09330143540669857,0.05502392344497608,0.011961722488038277,0.04784688995215311,0.050239234449760764,0.05980861244019139,0.06698564593301436,0.02631578947368421,0.03110047846889952,0.05502392344497608
"lcl|CP059658.1_cds_QRW16107.1_590 [locus_tag=RhiXN_04108] [protein=intradiol ring-cleavage dioxygenase] [protein_id=QRW16107.1] [location=complement(join(1887795..1887837,1887905..1888041,1888110..1888115,1888175..1888211,1888276..1888339,1888399..1888423,1888496..1888597,1888659..1888715,1888790..1888857,1888911..1888931,1888993..1889026,1889079..1889231,1889280..1889344,1889395..1889452))] [gbkey=CDS]",0.09027777777777778,0.06597222222222222,0.04861111111111111,0.041666666666666664,0.013888888888888888,0.03125,0.04861111111111111,0.08333333333333333,0.024305555555555556,0.052083333333333336,0.09375,0.024305555555555556,0.017361111111111112,0.03125,0.03819444444444445,0.06944444444444445,0.1284722222222222,0.010416666666666666,0.034722222222222224,0.052083333333333336
"lcl|CP059658.1_cds_QRW16108.1_591 [locus_tag=RhiXN_04109] [protein=hypothetical protein] [protein_id=QRW16108.1] [location=complement(join(1892078..1892126,1892192..1892576,1892630..1892837,1892888..1893052))] [gbkey=CDS]",0.12359550561797752,0.07865168539325842,0.033707865168539325,0.04868913857677903,0,0.026217228464419477,0.07116104868913857,0.10486891385767791,0.018726591760299626,0.0299625468164794,0.10861423220973783,0.0599250936329588,0,0.011235955056179775,0.056179775280898875,0.07116104868913857,0.056179775280898875,0.011235955056179775,0.03745318352059925,0.052434456928838954
"lcl|CP059658.1_cds_QRW16109.1_592 [locus_tag=RhiXN_04110] [protein=DSBA-like thioredoxin domain protein] [protein_id=QRW16109.1] [location=join(1894033..1894115,1894170..1894209,1894261..1894293,1894357..1894398,1894448..1894484,1894536..1894657,1894711..1894942,1894992..1895022,1895073..1895133)] [gbkey=CDS]",0.057777777777777775,0.06666666666666667,0.044444444444444446,0.057777777777777775,0.008888888888888889,0.013333333333333334,0.06666666666666667,0.057777777777777775,0,0.05333333333333334,0.09333333333333334,0.06666666666666667,0.022222222222222223,0.06222222222222222,0.07555555555555556,0.08,0.04,0.02666666666666667,0.035555555555555556,0.07111111111111111
"lcl|CP059658.1_cds_QRW16110.1_593 [locus_tag=RhiXN_04111] [protein=hypothetical protein] [protein_id=QRW16110.1] [location=complement(join(1895268..1896005,1896059..1896160))] [gbkey=CDS]",0.05755395683453238,0.10071942446043165,0.02877697841726619,0.0539568345323741,0.02158273381294964,0.025179856115107913,0.0539568345323741,0.0683453237410072,0.025179856115107913,0.02877697841726619,0.07194244604316546,0.03597122302158273,0.017985611510791366,0.03597122302158273,0.11151079136690648,0.15467625899280577,0.046762589928057555,0,0.039568345323741004,0.02158273381294964
"lcl|CP059658.1_cds_QRW16111.1_594 [locus_tag=RhiXN_04112] [protein=heat shock protein HSP90 family protein] [protein_id=QRW16111.1] [location=complement(join(1898191..1898200,1898254..1898603,1898658..1899052,1899105..1899380,1899436..1899688,1899741..1899914,1899965..1900303,1900393..1900598,1900648..1900717))] [gbkey=CDS]",0.059506531204644414,0.036284470246734396,0.036284470246734396,0.06676342525399129,0.00725689404934688,0.02902757619738752,0.12481857764876633,0.0420899854862119,0.010159651669085631,0.07256894049346879,0.09579100145137881,0.10595065312046444,0.02177068214804064,0.04354136429608128,0.030478955007256895,0.07692307692307693,0.05224963715529753,0.005805515239477504,0.027576197387518143,0.055152394775036286
"lcl|CP059658.1_cds_QRW16112.1_595 [locus_tag=RhiXN_04113] [protein=aminotransferase class-V protein] [protein_id=QRW16112.1] [location=join(1901147..1902252,1902310..1902320,1902376..1902461)] [gbkey=CDS]",0.09774436090225563,0.040100250626566414,0.047619047619047616,0.03759398496240601,0.002506265664160401,0.03508771929824561,0.07017543859649122,0.06516290726817042,0.02506265664160401,0.06766917293233082,0.07769423558897243,0.07017543859649122,0.012531328320802004,0.040100250626566414,0.05513784461152882,0.07769423558897243,0.05012531328320802,0.012531328320802004,0.03258145363408521,0.08270676691729323
"lcl|CP059658.1_cds_QRW16113.1_596 [locus_tag=RhiXN_04114] [protein=methyltransferase domain protein] [protein_id=QRW16113.1] [location=complement(join(1902539..1902915,1902966..1903068,1903132..1903200,1903249..1903482,1903541..1903681))] [gbkey=CDS]",0.09477124183006536,0.05555555555555555,0.032679738562091505,0.049019607843137254,0.0032679738562091504,0.05555555555555555,0.05228758169934641,0.07516339869281045,0.0392156862745098,0.06209150326797386,0.08169934640522876,0.0457516339869281,0.016339869281045753,0.026143790849673203,0.06535947712418301,0.0718954248366013,0.049019607843137254,0.0196078431372549,0.029411764705882353,0.07516339869281045
"lcl|CP059658.1_cds_QRW16114.1_597 [locus_tag=RhiXN_04115] [protein=hypothetical protein] [protein_id=QRW16114.1] [location=join(1903792..1904140,1904196..1904263,1904314..1904346,1904405..1904497)] [gbkey=CDS]",0.055865921787709494,0.05027932960893855,0.0111731843575419,0.05027932960893855,0.01675977653631285,0.0111731843575419,0.0893854748603352,0.061452513966480445,0.0111731843575419,0.0335195530726257,0.061452513966480445,0.1452513966480447,0.00558659217877095,0.0335195530726257,0.061452513966480445,0.10614525139664804,0.1005586592178771,0.00558659217877095,0.00558659217877095,0.08379888268156424
"lcl|CP059658.1_cds_QRW16115.1_598 [locus_tag=RhiXN_04116] [protein=cell cycle checkpoint Rad17] [protein_id=QRW16115.1] [location=complement(join(1904645..1904674,1904727..1905381,1905438..1905739,1905800..1905906,1905970..1906185,1906251..1906413,1906520..1906722,1906775..1906808))] [gbkey=CDS]",0.09154929577464789,0.040492957746478875,0.02992957746478873,0.0528169014084507,0.01232394366197183,0.058098591549295774,0.08274647887323944,0.06514084507042253,0.01584507042253521,0.045774647887323945,0.09683098591549295,0.04929577464788732,0.017605633802816902,0.04753521126760563,0.0880281690140845,0.08626760563380281,0.056338028169014086,0.0035211267605633804,0.01232394366197183,0.04753521126760563
"lcl|CP059658.1_cds_QRW16116.1_599 [locus_tag=RhiXN_04117] [protein=F-box-like domain-containing protein] [protein_id=QRW16116.1] [location=join(1907065..1907197,1907267..1907775,1907826..1907900,1907960..1908172)] [gbkey=CDS]",0.05519480519480519,0.03571428571428571,0.01948051948051948,0.04220779220779221,0.016233766233766232,0.05519480519480519,0.048701298701298704,0.04220779220779221,0.032467532467532464,0.06493506493506493,0.1461038961038961,0.048701298701298704,0.022727272727272728,0.045454545454545456,0.05844155844155844,0.10714285714285714,0.06818181818181818,0.006493506493506494,0.032467532467532464,0.05194805194805195
"lcl|CP059658.1_cds_QRW16117.1_600 [locus_tag=RhiXN_04118] [protein=acetolactate synthase I/II/III large subunit] [protein_id=QRW16117.1] [location=complement(join(1908645..1908922,1908980..1909172,1909227..1909636,1909694..1910685,1910736..1910941))] [gbkey=CDS]",0.1085383502170767,0.05209840810419682,0.03762662807525326,0.049204052098408106,0.00723589001447178,0.049204052098408106,0.04775687409551375,0.07814761215629522,0.023154848046309694,0.05065123010130246,0.07814761215629522,0.05499276410998553,0.03328509406657019,0.04052098408104197,0.0694645441389291,0.06367583212735166,0.049204052098408106,0.008683068017366137,0.020260492040520984,0.07814761215629522
"lcl|CP059658.1_cds_QRW16118.1_601 [locus_tag=RhiXN_04119] [protein=HORMA domain protein] [protein_id=QRW16118.1] [location=join(1911767..1911814,1911866..1911945,1911998..1912029,1912097..1912239,1912294..1912356,1912405..1912424,1912475..1912505,1912562..1912717,1912773..1912824,1912878..1913027,1913080..1913104,1913155..1913479,1913535..1913700,1913762..1913895,1913948..1914006,1914060..1914068,1914127..1914270,1914325..1914392,1914547..1914758,1914811..1914882,1914935..1914948,1914995..1915274)] [gbkey=CDS]",0.07509881422924901,0.06324110671936758,0.04216073781291173,0.05401844532279315,0.015810276679841896,0.048748353096179184,0.07114624505928854,0.061923583662714096,0.022397891963109356,0.048748353096179184,0.06982872200263504,0.05533596837944664,0.023715415019762844,0.030303030303030304,0.06851119894598155,0.08300395256916997,0.06719367588932806,0.005270092226613966,0.025032938076416336,0.06851119894598155
"lcl|CP059658.1_cds_QRW16119.1_602 [locus_tag=RhiXN_04120] [protein=Adaptor complexes medium subunit family] [protein_id=QRW16119.1] [location=complement(join(1915495..1915500,1915551..1915785,1915838..1916071,1916129..1916164,1916206..1916259,1916310..1916418,1916468..1916600,1916651..1916742,1916811..1916941,1916990..1917121,1917168..1917202,1917260..1917289,1917342..1917350))] [gbkey=CDS]",0.06829268292682927,0.05609756097560976,0.05365853658536585,0.046341463414634146,0.007317073170731708,0.03414634146341464,0.06097560975609756,0.046341463414634146,0.012195121951219513,0.05121951219512195,0.09024390243902439,0.06341463414634146,0.014634146341463415,0.05853658536585366,0.03902439024390244,0.07073170731707316,0.07073170731707316,0.00975609756097561,0.03414634146341464,0.11219512195121951
"lcl|CP059658.1_cds_QRW16120.1_603 [locus_tag=RhiXN_04121] [protein=ubiquitin homeostasis protein lub1] [protein_id=QRW16120.1] [location=join(1917884..1917967,1918032..1918041,1918107..1918124,1918181..1918233,1918287..1918352,1918416..1918486,1918543..1918588,1918713..1919018,1919070..1919188,1919243..1919281,1919345..1919376,1919438..1919457,1919618..1920114,1920164..1920549,1920610..1920764,1920814..1920851,1920907..1921030,1921078..1921237,1921290..1921436,1921486..1921643,1921690..1921776,1921832..1922018,1922070..1922305,1922363..1922442,1922494..1922566,1922622..1922687,1922743..1922883)] [gbkey=CDS]",0.08841732979664015,0.03536693191865606,0.05305039787798409,0.05128205128205128,0.002652519893899204,0.04420866489832007,0.03801945181255526,0.07603890362511052,0.020335985853227233,0.038903625110521665,0.09195402298850575,0.042440318302387266,0.007957559681697613,0.04155614500442087,0.060123784261715295,0.08930150309460655,0.07780725022104333,0.022104332449160036,0.03536693191865606,0.08311229000884174
"lcl|CP059658.1_cds_QRW16121.1_604 [locus_tag=RhiXN_04122] [protein=phospholipase] [protein_id=QRW16121.1] [location=join(1923342..1923559,1923619..1924051)] [gbkey=CDS]",0.11162790697674418,0.03255813953488372,0.027906976744186046,0.05116279069767442,0.009302325581395349,0.03255813953488372,0.046511627906976744,0.09767441860465116,0.03255813953488372,0.05581395348837209,0.08837209302325581,0.05116279069767442,0.023255813953488372,0.023255813953488372,0.05581395348837209,0.08837209302325581,0.05116279069767442,0.013953488372093023,0.009302325581395349,0.09767441860465116
"lcl|CP059658.1_cds_QRW16122.1_605 [locus_tag=RhiXN_04123] [protein=hypothetical protein] [protein_id=QRW16122.1] [location=complement(join(1924156..1924844,1924914..1925021,1925074..1925198,1925250..1925529,1925559..1925669,1925720..1925793,1925845..1925866,1925924..1926011,1926066..1926184,1926239..1926412,1926464..1926676,1926732..1927044,1927106..1927502,1927565..1927632))] [gbkey=CDS]",0.08648648648648649,0.057297297297297295,0.032432432432432434,0.046486486486486484,0.016216216216216217,0.03783783783783784,0.05945945945945946,0.04540540540540541,0.02702702702702703,0.04972972972972973,0.10918918918918918,0.02810810810810811,0.022702702702702703,0.03027027027027027,0.06702702702702702,0.10702702702702703,0.06702702702702702,0.02702702702702703,0.017297297297297298,0.06594594594594595
"lcl|CP059658.1_cds_QRW16123.1_606 [locus_tag=RhiXN_04124] [protein=GTP-binding protein GTR1] [protein_id=QRW16123.1] [location=join(1927976..1927989,1928040..1928072,1928132..1928609,1928664..1928923,1928973..1929088,1929141..1929247)] [gbkey=CDS]",0.05688622754491018,0.0658682634730539,0.04790419161676647,0.05688622754491018,0.020958083832335328,0.03592814371257485,0.06287425149700598,0.05688622754491018,0.017964071856287425,0.0718562874251497,0.09580838323353294,0.05389221556886228,0.023952095808383235,0.06287425149700598,0.041916167664670656,0.09281437125748503,0.059880239520958084,0.008982035928143712,0.020958083832335328,0.04491017964071856
"lcl|CP059658.1_cds_QRW16124.1_607 [locus_tag=RhiXN_04125] [protein=hypothetical protein] [protein_id=QRW16124.1] [location=join(1929550..1929560,1929618..1929827,1929885..1930086,1930184..1930318,1930374..1931153,1931206..1931892,1931946..1932127,1932177..1932588,1932641..1932808,1932864..1932926,1932977..1933381)] [gbkey=CDS]",0.06463527239150507,0.057248384118190214,0.034164358264081256,0.08587257617728532,0.00554016620498615,0.03970452446906741,0.07017543859649122,0.06278855032317636,0.0221606648199446,0.04801477377654663,0.08587257617728532,0.0221606648199446,0.0221606648199446,0.04247460757156048,0.07848568790397045,0.10710987996306556,0.05909510618651893,0.009233610341643583,0.01569713758079409,0.06740535549399815
"lcl|CP059658.1_cds_QRW16125.1_608 [locus_tag=RhiXN_04126] [protein=fumarylacetoacetate hydrolase domain-containing protein 2] [protein_id=QRW16125.1] [location=complement(join(1933479..1933618,1933672..1933693,1933756..1933851,1933914..1933971,1934031..1934133,1934197..1934274,1934334..1934484,1934543..1934572))] [gbkey=CDS]",0.0625,0.04017857142857143,0.04017857142857143,0.05357142857142857,0,0.022321428571428572,0.0625,0.09375,0.03125,0.06696428571428571,0.09375,0.08035714285714286,0.022321428571428572,0.04017857142857143,0.06696428571428571,0.04017857142857143,0.07142857142857142,0.008928571428571428,0.026785714285714284,0.07589285714285714
"lcl|CP059658.1_cds_QRW16126.1_609 [locus_tag=RhiXN_04127] [protein=Sodium/calcium exchanger protein] [protein_id=QRW16126.1] [location=complement(join(1934981..1934994,1935049..1935163,1935217..1935281,1935335..1935356,1935409..1935498,1935551..1935630,1935682..1935725,1935780..1935871,1935926..1936119,1936173..1936194,1936243..1936252,1936309..1936357,1936419..1936476,1936547..1936572,1936662..1936698,1936761..1936844,1936899..1937243))] [gbkey=CDS]",0.08277404921700224,0.026845637583892617,0.03803131991051454,0.02237136465324385,0.008948545861297539,0.024608501118568233,0.06263982102908278,0.08053691275167785,0.024608501118568233,0.087248322147651,0.13870246085011187,0.024608501118568233,0.026845637583892617,0.04697986577181208,0.04697986577181208,0.087248322147651,0.049217002237136466,0.015659955257270694,0.020134228187919462,0.08501118568232663
"lcl|CP059658.1_cds_QRW16127.1_610 [locus_tag=RhiXN_04128] [protein=aldo/keto reductase family protein] [protein_id=QRW16127.1] [location=join(1939507..1939652,1939710..1939752,1939803..1939826,1939932..1939980,1940033..1940046,1940113..1940131,1940183..1940272,1940328..1940391,1940474..1940574,1940633..1940722,1940768..1940955)] [gbkey=CDS]",0.10583941605839416,0.0364963503649635,0.032846715328467155,0.051094890510948905,0.010948905109489052,0.029197080291970802,0.08029197080291971,0.06934306569343066,0.01824817518248175,0.051094890510948905,0.10218978102189781,0.08029197080291971,0.014598540145985401,0.01824817518248175,0.058394160583941604,0.06204379562043796,0.058394160583941604,0.029197080291970802,0.025547445255474453,0.06569343065693431
"lcl|CP059658.1_cds_QRW16128.1_611 [locus_tag=RhiXN_04129] [protein=phospholipid-translocating P-type ATPase] [protein_id=QRW16128.1] [location=complement(join(1941240..1941786,1941843..1942009,1942062..1942154,1942207..1942313,1942363..1942449,1942498..1942580,1942628..1942691,1942751..1942912,1942954..1943011,1943186..1943370,1943423..1943695,1943745..1944231,1944303..1944467,1944530..1944704,1944788..1944991,1945047..1945418,1945475..1945841,1945903..1945913,1945990..1946258))] [gbkey=CDS]",0.09069767441860466,0.06976744186046512,0.04961240310077519,0.06124031007751938,0.010852713178294573,0.030232558139534883,0.05891472868217054,0.06356589147286822,0.01937984496124031,0.06356589147286822,0.07209302325581396,0.046511627906976744,0.02558139534883721,0.046511627906976744,0.05116279069767442,0.06589147286821706,0.059689922480620154,0.01317829457364341,0.03488372093023256,0.06666666666666667
"lcl|CP059658.1_cds_QRW16129.1_612 [locus_tag=RhiXN_04130] [protein=hypothetical protein] [protein_id=QRW16129.1] [location=complement(join(1947119..1947578,1947634..1948740,1948780..1948973))] [gbkey=CDS]",0.09572649572649573,0.0735042735042735,0.035897435897435895,0.041025641025641026,0,0.06666666666666667,0.042735042735042736,0.06666666666666667,0.020512820512820513,0.03076923076923077,0.06153846153846154,0.017094017094017096,0.017094017094017096,0.020512820512820513,0.1623931623931624,0.10256410256410256,0.05811965811965812,0.006837606837606838,0.03076923076923077,0.04957264957264957
"lcl|CP059658.1_cds_QRW16130.1_613 [locus_tag=RhiXN_04131] [protein=phospholipase] [protein_id=QRW16130.1] [location=join(1949422..1949503,1949564..1949659,1949722..1949921,1949972..1950004,1950063..1950222,1950263..1950300)] [gbkey=CDS]",0.05970149253731343,0.06965174129353234,0.03980099502487562,0.06467661691542288,0.01990049751243781,0.05970149253731343,0.0845771144278607,0.03980099502487562,0.014925373134328358,0.03980099502487562,0.0945273631840796,0.01990049751243781,0.014925373134328358,0.03482587064676617,0.06965174129353234,0.1044776119402985,0.06467661691542288,0.014925373134328358,0.024875621890547265,0.06467661691542288
lcl|CP059658.1_cds_QRW16131.1_614 [locus_tag=RhiXN_04132] [protein=phospholipase] [protein_id=QRW16131.1] [location=1950497..1950829] [gbkey=CDS],0.11009174311926606,0.045871559633027525,0.01834862385321101,0.06422018348623854,0.009174311926605505,0.009174311926605505,0.08256880733944955,0.08256880733944955,0.03669724770642202,0.05504587155963303,0.06422018348623854,0.01834862385321101,0.03669724770642202,0.009174311926605505,0.06422018348623854,0.08256880733944955,0.05504587155963303,0.06422018348623854,0.01834862385321101,0.07339449541284404
"lcl|CP059658.1_cds_QRW16132.1_615 [locus_tag=RhiXN_04133] [protein=The BTB (BR-C, ttk and bab)/POZ (Pox virus and Zinc finger) domain] [protein_id=QRW16132.1] [location=complement(join(1950948..1951683,1951744..1951888,1951954..1952140))] [gbkey=CDS]",0.062146892655367235,0.03954802259887006,0.02824858757062147,0.07909604519774012,0.01977401129943503,0.03672316384180791,0.05649717514124294,0.04519774011299435,0.031073446327683617,0.06779661016949153,0.059322033898305086,0.06779661016949153,0.022598870056497175,0.06497175141242938,0.06779661016949153,0.0903954802259887,0.062146892655367235,0.011299435028248588,0.03389830508474576,0.05367231638418079
"lcl|CP059658.1_cds_QRW16133.1_616 [locus_tag=RhiXN_04134] [protein=phenylalanyl-tRNA synthetase] [protein_id=QRW16133.1] [location=join(1952322..1952479,1952633..1952789,1952880..1952959,1953013..1953099,1953149..1953277,1953447..1953766,1953822..1953898,1953950..1954108,1954156..1954251)] [gbkey=CDS]",0.08353221957040573,0.07398568019093078,0.028639618138424822,0.057279236276849645,0.007159904534606206,0.045346062052505964,0.059665871121718374,0.09069212410501193,0.016706443914081145,0.045346062052505964,0.09785202863961814,0.06921241050119331,0.021479713603818614,0.050119331742243436,0.0405727923627685,0.07398568019093078,0.057279236276849645,0.016706443914081145,0.014319809069212411,0.050119331742243436
lcl|CP059658.1_cds_QRW16134.1_617 [locus_tag=RhiXN_04135] [protein=oxidoreductase FAD/NAD(P)-binding protein] [protein_id=QRW16134.1] [location=complement(1955123..1955548)] [gbkey=CDS],0.06428571428571428,0.05714285714285714,0.05714285714285714,0.02857142857142857,0.014285714285714285,0.02857142857142857,0.02857142857142857,0.06428571428571428,0.03571428571428571,0.05,0.07857142857142857,0.04285714285714286,0.007142857142857143,0.03571428571428571,0.08571428571428572,0.11428571428571428,0.08571428571428572,0.014285714285714285,0.03571428571428571,0.07142857142857142
"lcl|CP059658.1_cds_QRW16135.1_618 [locus_tag=RhiXN_04136] [protein=Golgi apparatus membrane protein TVP38] [protein_id=QRW16135.1] [location=join(1955897..1955957,1956008..1956058,1956121..1956292,1956358..1956373,1956438..1956595,1956650..1956778,1956828..1957023)] [gbkey=CDS]",0.10424710424710425,0.05791505791505792,0.03088803088803089,0.0694980694980695,0.003861003861003861,0.03474903474903475,0.03861003861003861,0.08108108108108109,0.015444015444015444,0.0888030888030888,0.11969111969111969,0.03474903474903475,0.019305019305019305,0.05019305019305019,0.02702702702702703,0.08108108108108109,0.05791505791505792,0.03088803088803089,0.011583011583011582,0.04247104247104247
"lcl|CP059658.1_cds_QRW16136.1_619 [locus_tag=RhiXN_04137] [protein=syntaxin protein 18] [protein_id=QRW16136.1] [location=complement(join(1957129..1957826,1957901..1958150,1958210..1958371))] [gbkey=CDS]",0.11141304347826086,0.08695652173913043,0.057065217391304345,0.057065217391304345,0.008152173913043478,0.057065217391304345,0.07880434782608696,0.024456521739130436,0.016304347826086956,0.03260869565217391,0.11413043478260869,0.03260869565217391,0.01358695652173913,0.021739130434782608,0.03804347826086957,0.09510869565217392,0.07065217391304347,0.01358695652173913,0.019021739130434784,0.051630434782608696
"lcl|CP059658.1_cds_QRW16137.1_620 [locus_tag=RhiXN_04138] [protein=hypothetical protein] [protein_id=QRW16137.1] [location=complement(join(1958773..1958926,1959060..1959205,1959262..1959423))] [gbkey=CDS]",0.09210526315789473,0.05921052631578947,0.046052631578947366,0.03289473684210526,0.03289473684210526,0.039473684210526314,0.039473684210526314,0.06578947368421052,0,0.07894736842105263,0.06578947368421052,0.05921052631578947,0.006578947368421052,0.02631578947368421,0.07894736842105263,0.11842105263157894,0.039473684210526314,0.006578947368421052,0.03289473684210526,0.07894736842105263
"lcl|CP059658.1_cds_QRW16138.1_621 [locus_tag=RhiXN_04139] [protein=diphthamide biosynthesis protein] [protein_id=QRW16138.1] [location=join(1959517..1959631,1959684..1959901,1959948..1960007,1960075..1960179,1960230..1960253,1960300..1960391,1960449..1960795,1960845..1961078,1961128..1961216,1961270..1961545)] [gbkey=CDS]",0.07335907335907337,0.05405405405405406,0.03088803088803089,0.0637065637065637,0.019305019305019305,0.04633204633204633,0.07142857142857142,0.0637065637065637,0.025096525096525095,0.06563706563706563,0.09845559845559845,0.04247104247104247,0.025096525096525095,0.02895752895752896,0.059845559845559844,0.07528957528957529,0.04826254826254826,0.005791505791505791,0.02702702702702703,0.07528957528957529
"lcl|CP059658.1_cds_QRW16139.1_622 [locus_tag=RhiXN_04140] [protein=hypothetical protein] [protein_id=QRW16139.1] [location=join(1962199..1962282,1962350..1962465,1962517..1962734,1962825..1962941,1962997..1963119,1963176..1963316,1963367..1963407)] [gbkey=CDS]",0.05755395683453238,0.06474820143884892,0.046762589928057555,0.06474820143884892,0.007194244604316547,0.04316546762589928,0.12589928057553956,0.050359712230215826,0.017985611510791366,0.06115107913669065,0.06115107913669065,0.03597122302158273,0.02158273381294964,0.03237410071942446,0.05755395683453238,0.08633093525179857,0.04316546762589928,0.02158273381294964,0.025179856115107913,0.07553956834532374
"lcl|CP059658.1_cds_QRW16140.1_623 [locus_tag=RhiXN_04141] [protein=major facilitator superfamily transporter] [protein_id=QRW16140.1] [location=join(1963767..1964047,1964101..1964204,1964252..1964427,1964494..1964843,1964893..1964997,1965042..1965166,1965223..1965581,1965635..1965946,1966004..1966123,1966178..1966282)] [gbkey=CDS]",0.09601181683899557,0.07090103397341212,0.029542097488921712,0.03840472673559823,0.008862629246676515,0.0310192023633678,0.04874446085672083,0.09010339734121123,0.0103397341211226,0.05465288035450517,0.10930576070901034,0.025110782865583457,0.029542097488921712,0.04431314623338257,0.056129985228951254,0.06646971935007386,0.07385524372230429,0.023633677991137372,0.014771048744460856,0.07828655834564253
"lcl|CP059658.1_cds_QRW16141.1_624 [locus_tag=RhiXN_04142] [protein=ankyrin repeats] [protein_id=QRW16141.1] [location=join(1966779..1966901,1966976..1967191,1967260..1967324,1967376..1967483,1967626..1967777,1967835..1968613,1968667..1968912)] [gbkey=CDS]",0.11051693404634581,0.0855614973262032,0.0481283422459893,0.0338680926916221,0.0035650623885918,0.044563279857397504,0.06060606060606061,0.09803921568627451,0.0213903743315508,0.017825311942959002,0.08912655971479501,0.023172905525846704,0.024955436720142603,0.03208556149732621,0.08021390374331551,0.11229946524064172,0.053475935828877004,0.0053475935828877,0.0142602495543672,0.040998217468805706
"lcl|CP059658.1_cds_QRW16142.1_625 [locus_tag=RhiXN_04143] [protein=Niemann-Pick type C-related protein 1] [protein_id=QRW16142.1] [location=join(1969310..1969402,1969458..1971128,1971176..1972046,1972094..1973106,1973160..1973285,1973338..1973507,1973561..1973603)] [gbkey=CDS]",0.08364732479276564,0.06028636021100226,0.027128862094951016,0.048982667671439335,0.0293896006028636,0.033157498116051246,0.058025621703089676,0.0828937452901281,0.016578749058025623,0.0452147701582517,0.09947249434815374,0.028636021100226075,0.01733232856066315,0.04973624717407687,0.05124340617935192,0.08138658628485305,0.0587792012057272,0.014318010550113038,0.02637528259231349,0.08741522230595328
"lcl|CP059658.1_cds_QRW16143.1_626 [locus_tag=RhiXN_04144] [protein=RNA recognition motif protein] [protein_id=QRW16143.1] [location=complement(join(1973655..1973719,1973783..1974034,1974069..1974323,1974373..1974604))] [gbkey=CDS]",0.11278195488721804,0.14661654135338345,0.022556390977443608,0.045112781954887216,0,0.02631578947368421,0.022556390977443608,0.08646616541353383,0.03007518796992481,0.03007518796992481,0.07894736842105263,0.02631578947368421,0.015037593984962405,0.02631578947368421,0.13157894736842105,0.08270676691729323,0.05263157894736842,0,0.007518796992481203,0.05639097744360902
"lcl|CP059658.1_cds_QRW16144.1_627 [locus_tag=RhiXN_04145] [protein=phenylalanyl-tRNA synthetase beta chain] [protein_id=QRW16144.1] [location=join(1974677..1974707,1974780..1974818,1974867..1974921,1974986..1975019,1975067..1975095,1975165..1975285,1975338..1975604,1975658..1975899,1975949..1976185,1976239..1976278,1976305..1976352,1976409..1976540,1976594..1976866,1976896..1977354)] [gbkey=CDS]",0.08545727136431784,0.06896551724137931,0.031484257871064465,0.047976011994003,0.008995502248875561,0.025487256371814093,0.07796101949025487,0.044977511244377814,0.017991004497751123,0.06446776611694154,0.10644677661169415,0.049475262368815595,0.013493253373313344,0.03298350824587706,0.08095952023988005,0.06746626686656672,0.08095952023988005,0.0074962518740629685,0.03298350824587706,0.053973013493253376
"lcl|CP059658.1_cds_QRW16145.1_628 [locus_tag=RhiXN_04146] [protein=alphaherpesvirus glycoprotein E domain protein] [protein_id=QRW16145.1] [location=complement(join(1978485..1978932,1978987..1979037,1979098..1979270))] [gbkey=CDS]",0.05855855855855856,0.11711711711711711,0.036036036036036036,0.02252252252252252,0,0.04054054054054054,0.05405405405405406,0.07657657657657657,0.02252252252252252,0.03153153153153153,0.09009009009009009,0.02252252252252252,0.009009009009009009,0.02702702702702703,0.05855855855855856,0.14864864864864866,0.11711711711711711,0.013513513513513514,0.02252252252252252,0.03153153153153153
"lcl|CP059658.1_cds_QRW16146.1_629 [locus_tag=RhiXN_04147] [protein=alphaherpesvirus glycoprotein E domain protein] [protein_id=QRW16146.1] [location=complement(join(1979789..1980272,1980323..1980527,1980575..1980614,1980670..1980711,1980769..1980834,1980893..1981134,1981185..1981329,1981405..1981455))] [gbkey=CDS]",0.06855791962174941,0.030732860520094562,0.0591016548463357,0.04018912529550828,0.014184397163120567,0.02364066193853428,0.037825059101654845,0.08274231678486997,0.02364066193853428,0.04018912529550828,0.061465721040189124,0.030732860520094562,0.016548463356973995,0.03309692671394799,0.0851063829787234,0.10638297872340426,0.09929078014184398,0.014184397163120567,0.0591016548463357,0.07328605200945626
"lcl|CP059658.1_cds_QRW16147.1_630 [locus_tag=RhiXN_04148] [protein=hypothetical protein] [protein_id=QRW16147.1] [location=complement(join(1982366..1983523,1983586..1983654,1983711..1984073,1984121..1984123))] [gbkey=CDS]",0.06994328922495274,0.04914933837429111,0.030245746691871456,0.054820415879017016,0.017013232514177693,0.03213610586011342,0.06994328922495274,0.024574669187145556,0.026465028355387523,0.06049149338374291,0.1342155009451796,0.02835538752362949,0.01890359168241966,0.05103969754253308,0.07939508506616257,0.08506616257088846,0.05671077504725898,0.017013232514177693,0.024574669187145556,0.06994328922495274
"lcl|CP059658.1_cds_QRW16148.1_631 [locus_tag=RhiXN_04149] [protein=hypothetical protein] [protein_id=QRW16148.1] [location=complement(join(1985380..1987278,1987328..1987707,1987766..1987973,1988028..1988152,1988207..1988543,1988608..1988675,1988756..1989032))] [gbkey=CDS]",0.10948905109489052,0.10036496350364964,0.041970802919708027,0.04744525547445255,0.004562043795620438,0.03467153284671533,0.06751824817518248,0.07208029197080291,0.01551094890510949,0.035583941605839414,0.07481751824817519,0.02281021897810219,0.016423357664233577,0.01551094890510949,0.07572992700729927,0.11222627737226278,0.06843065693430657,0.008211678832116789,0.0072992700729927005,0.06934306569343066
"lcl|CP059658.1_cds_QRW16149.1_632 [locus_tag=RhiXN_04150] [protein=hypothetical protein] [protein_id=QRW16149.1] [location=complement(join(1989426..1989719,1989776..1990186))] [gbkey=CDS]",0.07725321888412018,0.09871244635193133,0.02575107296137339,0.04291845493562232,0.030042918454935622,0.02145922746781116,0.05150214592274678,0.07725321888412018,0.02575107296137339,0.03862660944206009,0.12875536480686695,0.03862660944206009,0.008583690987124463,0.02575107296137339,0.055793991416309016,0.06437768240343347,0.07296137339055794,0.017167381974248927,0.04291845493562232,0.055793991416309016
"lcl|CP059658.1_cds_QRW16150.1_633 [locus_tag=RhiXN_04151] [protein=vacuolar import and degradation protein 27] [protein_id=QRW16150.1] [location=complement(join(1990713..1990841,1990898..1990952,1991009..1991128,1991203..1991828,1991885..1992120,1992174..1992285,1992338..1992496,1992550..1992629,1992690..1993235,1993287..1993402,1993452..1993542,1993598..1993615,1993679..1993697))] [gbkey=CDS]",0.09256844850065189,0.0469361147327249,0.03389830508474576,0.07431551499348109,0.005215123859191656,0.04302477183833116,0.08344198174706649,0.05345501955671447,0.01694915254237288,0.03780964797913951,0.07431551499348109,0.05867014341590613,0.01955671447196871,0.0469361147327249,0.0560625814863103,0.08213820078226858,0.06779661016949153,0.014341590612777053,0.03389830508474576,0.05867014341590613
"lcl|CP059658.1_cds_QRW16151.1_634 [locus_tag=RhiXN_04152] [protein=pyruvate dehydrogenase E1 component beta subunit] [protein_id=QRW16151.1] [location=join(1994044..1994184,1994245..1994352,1994406..1994521,1994574..1994607,1994664..1994873,1994934..1995019,1995115..1995231,1995282..1995417,1995469..1995555)] [gbkey=CDS]",0.13411078717201166,0.061224489795918366,0.043731778425655975,0.03498542274052478,0.011661807580174927,0.026239067055393587,0.07580174927113703,0.07871720116618076,0.0029154518950437317,0.05539358600583091,0.07580174927113703,0.043731778425655975,0.03206997084548105,0.04081632653061224,0.05830903790087463,0.05539358600583091,0.04664723032069971,0.011661807580174927,0.029154518950437316,0.08163265306122448
"lcl|CP059658.1_cds_QRW16152.1_635 [locus_tag=RhiXN_04153] [protein=histidinol dehydrogenase] [protein_id=QRW16152.1] [location=complement(join(1995693..1995915,1995969..1996324,1996411..1998399))] [gbkey=CDS]",0.10889929742388758,0.04566744730679157,0.0234192037470726,0.05269320843091335,0.01405152224824356,0.03747072599531616,0.0585480093676815,0.06908665105386416,0.01288056206088993,0.05737704918032787,0.09718969555035128,0.04800936768149883,0.01288056206088993,0.03044496487119438,0.06323185011709602,0.08430913348946135,0.06908665105386416,0.00468384074941452,0.01873536299765808,0.09133489461358314
"lcl|CP059658.1_cds_QRW16153.1_636 [locus_tag=RhiXN_04154] [protein=short chain dehydrogenase] [protein_id=QRW16153.1] [location=complement(join(1998569..1998667,1998725..1998849,1998901..1999086,1999135..1999258,1999309..1999542,1999592..1999723,1999783..1999821))] [gbkey=CDS]",0.10610932475884244,0.03858520900321544,0.022508038585209004,0.05787781350482315,0.01607717041800643,0.03536977491961415,0.05144694533762058,0.08681672025723473,0.03536977491961415,0.05787781350482315,0.09003215434083602,0.0707395498392283,0.028938906752411574,0.03215434083601286,0.04180064308681672,0.0707395498392283,0.04823151125401929,0.01929260450160772,0.03536977491961415,0.05466237942122187
"lcl|CP059658.1_cds_QRW16154.1_637 [locus_tag=RhiXN_04155] [protein=CrcB domain protein] [protein_id=QRW16154.1] [location=join(2000109..2000521,2000579..2000610,2000664..2000761,2000813..2001418)] [gbkey=CDS]",0.08136482939632546,0.04461942257217848,0.02099737532808399,0.02099737532808399,0.015748031496062992,0.03412073490813648,0.02099737532808399,0.09711286089238845,0.031496062992125984,0.05774278215223097,0.12598425196850394,0.023622047244094488,0.013123359580052493,0.049868766404199474,0.06824146981627296,0.11023622047244094,0.08136482939632546,0.023622047244094488,0.028871391076115485,0.049868766404199474
"lcl|CP059658.1_cds_QRW16155.1_638 [locus_tag=RhiXN_04156] [protein=tspO/MBR-related protein] [protein_id=QRW16155.1] [location=complement(join(2001829..2001987,2002037..2002089,2002150..2002241,2002299..2002362,2002417..2002486,2002554..2002679,2003044..2003128,2003186..2003315,2003370..2003451))] [gbkey=CDS]",0.11578947368421053,0.0456140350877193,0.028070175438596492,0.028070175438596492,0.007017543859649123,0.042105263157894736,0.056140350877192984,0.06315789473684211,0.02456140350877193,0.0456140350877193,0.12982456140350876,0.031578947368421054,0.017543859649122806,0.028070175438596492,0.08070175438596491,0.06315789473684211,0.08070175438596491,0.028070175438596492,0.042105263157894736,0.042105263157894736
"lcl|CP059658.1_cds_QRW16156.1_639 [locus_tag=RhiXN_04157] [protein=RNA-dependent RNA polymerase] [protein_id=QRW16156.1] [location=join(2004628..2005069,2005136..2005249,2005309..2005408,2005459..2005474,2005545..2005797,2005845..2006240,2006298..2006356,2006415..2006500,2006552..2007043,2007107..2007275,2007343..2007636,2007696..2007796,2007864..2008665,2008725..2009173,2009234..2009331,2009382..2009742,2009806..2009923,2009974..2010593,2011014..2011319,2011369..2011618,2011675..2011907,2011959..2012060,2012116..2012209,2012263..2012349,2012399..2012485)] [gbkey=CDS]",0.07692307692307693,0.07496325330720235,0.034296913277805,0.06271435570798628,0.008819206271435572,0.03723664870161685,0.06075453209211171,0.05389514943655071,0.02645761881430671,0.05585497305242528,0.09897109260166585,0.049485546300832926,0.02253797158255757,0.040666340029397355,0.0514453699167075,0.07594316511513964,0.059284664380205784,0.015188633023027927,0.02645761881430671,0.06810387065164135
"lcl|CP059658.1_cds_QRW16157.1_640 [locus_tag=RhiXN_04158] [protein=carbohydrate esterase family 16 protein] [protein_id=QRW16157.1] [location=complement(join(2012676..2012879,2012934..2013041,2013108..2013341,2013401..2013540,2013606..2013863,2013917..2014070))] [gbkey=CDS]",0.09340659340659341,0.02197802197802198,0.057692307692307696,0.046703296703296704,0.016483516483516484,0.03296703296703297,0.01098901098901099,0.09065934065934066,0.008241758241758242,0.03571428571428571,0.07417582417582418,0.04120879120879121,0.005494505494505495,0.04395604395604396,0.054945054945054944,0.11813186813186813,0.09615384615384616,0.02197802197802198,0.04945054945054945,0.07967032967032966
"lcl|CP059658.1_cds_QRW16158.1_641 [locus_tag=RhiXN_04159] [protein=glycoside hydrolase family 3 protein] [protein_id=QRW16158.1] [location=complement(join(2014524..2014626,2014681..2014923,2014981..2015066,2015125..2015178,2015228..2015279,2015332..2015418,2015467..2015638,2015714..2015721,2015774..2015947,2016005..2016281,2016341..2016386,2016438..2016525,2016582..2016654,2016717..2016811,2016864..2016883,2016954..2017040,2017096..2017131,2017182..2017239,2017294..2017308,2017370..2017404,2017459..2017486,2017538..2017606,2017672..2017804,2017859..2017957,2018018..2018147,2018283..2018327))] [gbkey=CDS]",0.09362808842652796,0.04811443433029909,0.054616384915474644,0.05071521456436931,0.0091027308192457735,0.0247074122236671,0.04031209362808843,0.10533159947984395,0.015604681404421327,0.054616384915474644,0.07282184655396619,0.036410923276983094,0.01950585175552666,0.0377113133940182,0.04681404421326398,0.08842652795838751,0.07672301690507152,0.01950585175552666,0.0377113133940182,0.06762028608582575
"lcl|CP059658.1_cds_QRW16159.1_642 [locus_tag=RhiXN_04160] [protein=RING hydroxylating beta subunit domain-containing protein] [protein_id=QRW16159.1] [location=join(2018614..2018711,2018769..2019252,2019301..2019435,2019485..2019724,2019772..2020029,2020086..2020142,2020196..2020378,2020435..2020590,2020639..2020839,2020894..2021010,2021062..2021355,2021410..2021874,2021923..2022201,2022251..2022475,2022535..2023422)] [gbkey=CDS]",0.10014727540500737,0.050073637702503684,0.03460972017673049,0.054491899852724596,0.003681885125184094,0.07216494845360824,0.08247422680412371,0.047128129602356406,0.018409425625920472,0.045655375552282766,0.11045655375552282,0.061855670103092786,0.01914580265095729,0.014727540500736377,0.041237113402061855,0.10014727540500737,0.07069219440353461,0.005154639175257732,0.005891016200294551,0.061855670103092786
"lcl|CP059658.1_cds_QRW16160.1_643 [locus_tag=RhiXN_04161] [protein=hypothetical protein] [protein_id=QRW16160.1] [location=complement(join(2023635..2023801,2023873..2024029,2024062..2024172))] [gbkey=CDS]",0.11888111888111888,0.04895104895104895,0,0.06293706293706294,0.013986013986013986,0.02097902097902098,0.06993006993006994,0.06993006993006994,0.03496503496503497,0.04895104895104895,0.06993006993006994,0.055944055944055944,0.006993006993006993,0.03496503496503497,0.06293706293706294,0.06993006993006994,0.055944055944055944,0.04195804195804196,0.04895104895104895,0.06293706293706294
"lcl|CP059658.1_cds_QRW16161.1_644 [locus_tag=RhiXN_04162] [protein=leucine-rich repeat protein] [protein_id=QRW16161.1] [location=join(2024321..2024344,2024396..2024427,2024483..2025160,2025415..2025921,2025985..2026082,2026136..2027342,2027451..2027766,2027824..2027944,2028625..2029573,2029637..2029718,2029871..2030566)] [gbkey=CDS]",0.08737244897959184,0.09183673469387756,0.024872448979591837,0.04400510204081633,0.004464285714285714,0.04400510204081633,0.08163265306122448,0.056760204081632654,0.02423469387755102,0.0389030612244898,0.06313775510204081,0.04145408163265306,0.02423469387755102,0.011479591836734694,0.11160714285714286,0.08482142857142858,0.07971938775510204,0.003826530612244898,0.009566326530612245,0.07206632653061225
"lcl|CP059658.1_cds_QRW16162.1_645 [locus_tag=RhiXN_04163] [protein=methylenetetrahydrofolate dehydrogenase (NAD+)] [protein_id=QRW16162.1] [location=join(2031326..2031690,2031775..2032119,2032330..2032423,2032492..2032822,2032898..2033063,2033117..2033164,2033218..2033299,2033348..2033405,2033456..2033505,2033558..2033892,2033943..2034072,2034127..2034351,2034409..2034602,2034655..2034962,2035016..2035078,2035130..2035197,2035251..2035286,2035340..2035393)] [gbkey=CDS]",0.10692464358452139,0.06109979633401222,0.031568228105906315,0.0539714867617108,0.01120162932790224,0.026476578411405296,0.05295315682281059,0.09368635437881874,0.023421588594704685,0.05091649694501019,0.09775967413441955,0.0560081466395112,0.021384928716904276,0.0274949083503055,0.048879837067209775,0.06720977596741344,0.06720977596741344,0.0050916496945010185,0.016293279022403257,0.08044806517311609
"lcl|CP059658.1_cds_QRW16163.1_646 [locus_tag=RhiXN_04164] [protein=ricin-type beta-trefoil lectin domain protein] [protein_id=QRW16163.1] [location=join(2036085..2036402,2036455..2036491,2037259..2037319,2037370..2037628,2037760..2037850,2038563..2039106,2039211..2039339,2039393..2039417,2039480..2039604,2039671..2039798,2039849..2039870,2039938..2039954,2040015..2040164,2040214..2040325,2040395..2040472,2040520..2040582,2040681..2040816,2041012..2041157,2041215..2041348,2041402..2041427,2041481..2041525,2041584..2041676,2041728..2041754,2041805..2041897,2041950..2042010,2042061..2042413,2042470..2042565,2042614..2042691,2042738..2042875,2042926..2043120)] [gbkey=CDS]",0.08505564387917329,0.06041335453100159,0.05246422893481717,0.046104928457869634,0.0047694753577106515,0.06915739268680444,0.10731319554848967,0.03259141494435612,0.025437201907790145,0.04531001589825119,0.10492845786963434,0.07233704292527822,0.012718600953895072,0.01987281399046105,0.04213036565977742,0.0890302066772655,0.06597774244833068,0.007154213036565978,0.01589825119236884,0.04133545310015898
"lcl|CP059658.1_cds_QRW16164.1_647 [locus_tag=RhiXN_04165] [protein=Grap2/cyclin-D-interacting protein] [protein_id=QRW16164.1] [location=complement(join(2043571..2043840,2043897..2044102,2044314..2044470,2044523..2044626,2044685..2044703))] [gbkey=CDS]",0.112,0.064,0.024,0.076,0.004,0.044,0.088,0.04,0.02,0.064,0.108,0.04,0.016,0.02,0.036,0.116,0.056,0.012,0.012,0.048
"lcl|CP059658.1_cds_QRW16165.1_648 [locus_tag=RhiXN_04166] [protein=intermembrane space AAA protease IAP protein] [protein_id=QRW16165.1] [location=join(2045407..2045418,2045472..2045862,2045918..2045980,2046031..2046167,2046215..2046361,2046415..2046591,2046646..2046740,2046791..2046887,2046937..2047010,2047087..2047138,2047191..2047358,2047413..2047512,2047568..2047805,2047858..2047924,2047980..2048168)] [gbkey=CDS]",0.09145427286356822,0.06146926536731634,0.019490254872563718,0.043478260869565216,0.0029985007496251873,0.03298350824587706,0.07646176911544228,0.08095952023988005,0.020989505247376312,0.043478260869565216,0.10194902548725637,0.05547226386806597,0.01649175412293853,0.034482758620689655,0.06596701649175413,0.07796101949025487,0.07196401799100449,0.0074962518740629685,0.020989505247376312,0.0734632683658171
"lcl|CP059658.1_cds_QRW16166.1_649 [locus_tag=RhiXN_04167] [protein=Golgi apparatus membrane protein] [protein_id=QRW16166.1] [location=join(2048851..2048947,2049001..2049040,2049100..2049416,2049469..2049645,2049697..2049773,2049823..2050069,2050125..2050333)] [gbkey=CDS]",0.09326424870466321,0.05181347150259067,0.02072538860103627,0.03367875647668394,0.02072538860103627,0.04404145077720207,0.04145077720207254,0.08031088082901554,0.012953367875647668,0.08808290155440414,0.11917098445595854,0.03626943005181347,0.03626943005181347,0.07512953367875648,0.031088082901554404,0.054404145077720206,0.046632124352331605,0.012953367875647668,0.025906735751295335,0.07512953367875648
"lcl|CP059658.1_cds_QRW16167.1_650 [locus_tag=RhiXN_04168] [protein=C2H2 zinc finger] [protein_id=QRW16167.1] [location=join(2050847..2051778,2051840..2051906,2051960..2052072,2052125..2052247,2052304..2052790)] [gbkey=CDS]",0.09090909090909091,0.06643356643356643,0.03671328671328671,0.09265734265734266,0.013986013986013986,0.038461538461538464,0.06468531468531469,0.08741258741258741,0.057692307692307696,0.02972027972027972,0.05244755244755245,0.013986013986013986,0.017482517482517484,0.015734265734265736,0.10314685314685315,0.10839160839160839,0.05244755244755245,0.0034965034965034965,0.015734265734265736,0.038461538461538464
"lcl|CP059658.1_cds_QRW16168.1_651 [locus_tag=RhiXN_04169] [protein=aldehyde dehydrogenase family protein] [protein_id=QRW16168.1] [location=complement(join(2054351..2054615,2054669..2054881,2054943..2055038,2055094..2055205,2055261..2055277,2055332..2055507,2055556..2055698,2055744..2055800,2055848..2055874,2055926..2055932,2055984..2056052,2056106..2056177,2056233..2056304,2056355..2056398,2056450..2056545,2056598..2056704,2057125..2057168,2057221..2057282,2057339..2057397,2057453..2057725,2057777..2057793,2057847..2058021,2058074..2058176,2058232..2058340))] [gbkey=CDS]",0.10211706102117062,0.0460772104607721,0.033623910336239106,0.0448318804483188,0.0136986301369863,0.024906600249066,0.08094645080946451,0.07721046077210461,0.017434620174346202,0.062266500622665005,0.08841843088418432,0.052303860523038606,0.009962640099626401,0.038605230386052306,0.062266500622665005,0.07098381070983811,0.057285180572851806,0.0112079701120797,0.023661270236612703,0.0821917808219178
"lcl|CP059658.1_cds_QRW16169.1_652 [locus_tag=RhiXN_04170] [protein=Cell division control protein 14, SIN component] [protein_id=QRW16169.1] [location=complement(join(2058642..2059287,2059347..2060108,2060165..2060545,2060813..2060937,2060988..2061181,2061229..2061367,2061424..2061450))] [gbkey=CDS]",0.08333333333333333,0.08994708994708994,0.03439153439153439,0.0582010582010582,0.005291005291005291,0.03306878306878307,0.05026455026455026,0.0582010582010582,0.017195767195767195,0.03835978835978836,0.07936507936507936,0.05423280423280423,0.013227513227513227,0.013227513227513227,0.0873015873015873,0.14285714285714285,0.07804232804232804,0.0026455026455026454,0.011904761904761904,0.04894179894179894
"lcl|CP059658.1_cds_QRW16170.1_653 [locus_tag=RhiXN_04171] [protein=TBC domain-containing protein] [protein_id=QRW16170.1] [location=join(2061561..2061677,2061728..2061778,2061826..2062053,2062102..2062846,2062898..2062912,2062990..2063147,2063244..2063564,2063605..2063830,2063897..2064107,2064198..2064702)] [gbkey=CDS]",0.08634772462077013,0.06884480746791131,0.030338389731621937,0.05367561260210035,0.003500583430571762,0.050175029171528586,0.06301050175029171,0.06534422403733955,0.029171528588098017,0.03150525087514586,0.06534422403733955,0.01750291715285881,0.01750291715285881,0.022170361726954493,0.1073512252042007,0.15402567094515754,0.06884480746791131,0.007001166861143524,0.01750291715285881,0.040840140023337225
"lcl|CP059658.1_cds_QRW16171.1_654 [locus_tag=RhiXN_04172] [protein=TBC1 domain protein 10B] [protein_id=QRW16171.1] [location=join(2064759..2064964,2065012..2065998,2066049..2066156,2066205..2066370,2066430..2066501,2066550..2066590,2066638..2066705,2066761..2066859,2066939..2067039)] [gbkey=CDS]",0.06677524429967427,0.07003257328990228,0.02768729641693811,0.04234527687296417,0.004885993485342019,0.04560260586319218,0.03745928338762215,0.06026058631921824,0.026058631921824105,0.03257328990228013,0.08631921824104234,0.043973941368078175,0.029315960912052116,0.026058631921824105,0.11237785016286644,0.1254071661237785,0.07003257328990228,0.006514657980456026,0.017915309446254073,0.06840390879478828
lcl|CP059658.1_cds_QRW16172.1_655 [locus_tag=RhiXN_04173] [protein=pseudouridine synthase] [protein_id=QRW16172.1] [location=complement(2067293..2067637)] [gbkey=CDS],0.09734513274336283,0.035398230088495575,0.02654867256637168,0.10619469026548672,0,0.04424778761061947,0.07079646017699115,0.061946902654867256,0.017699115044247787,0.04424778761061947,0.10619469026548672,0.035398230088495575,0.035398230088495575,0.017699115044247787,0.04424778761061947,0.07079646017699115,0.10619469026548672,0,0.02654867256637168,0.05309734513274336
"lcl|CP059658.1_cds_QRW16173.1_656 [locus_tag=RhiXN_04174] [protein=pseudouridine synthase] [protein_id=QRW16173.1] [location=complement(join(2067757..2067961,2068020..2068042,2068089..2068261,2068314..2068338,2068378..2068596,2068640..2068642))] [gbkey=CDS]",0.07009345794392523,0.10747663551401869,0.03271028037383177,0.07476635514018691,0.009345794392523364,0.004672897196261682,0.08878504672897196,0.07009345794392523,0.014018691588785047,0.0514018691588785,0.08878504672897196,0.056074766355140186,0.02336448598130841,0.02336448598130841,0.0514018691588785,0.06542056074766354,0.0514018691588785,0.02336448598130841,0.04205607476635514,0.0514018691588785
"lcl|CP059658.1_cds_QRW16174.1_657 [locus_tag=RhiXN_04175] [protein=pseudouridine synthase] [protein_id=QRW16174.1] [location=complement(join(2069408..2069804,2069878..2070179,2070477..2070605,2070812..2071198,2071242..2071446,2071511..2072028))] [gbkey=CDS]",0.06987577639751552,0.06055900621118013,0.027950310559006212,0.06987577639751552,0.012422360248447204,0.024844720496894408,0.07298136645962733,0.08385093167701864,0.027950310559006212,0.06366459627329192,0.09472049689440994,0.046583850931677016,0.015527950310559006,0.04192546583850932,0.06677018633540373,0.07763975155279502,0.05124223602484472,0.012422360248447204,0.024844720496894408,0.05434782608695652
"lcl|CP059658.1_cds_QRW16175.1_658 [locus_tag=RhiXN_04176] [protein=FMN-dependent alpha-hydroxy acid dehydrogenase] [protein_id=QRW16175.1] [location=join(2072753..2072867,2072890..2072928,2072978..2072994,2073052..2073079,2073134..2073196,2073248..2073348,2073398..2073523,2073577..2074059,2074112..2074185,2074243..2074341,2074578..2074728,2074789..2074974,2075030..2075037,2075089..2075159,2075215..2075475,2075533..2075744,2075797..2075877,2075931..2076077,2076129..2076230,2076280..2076401,2076453..2076634,2076693..2076856)] [gbkey=CDS]",0.09872611464968153,0.059447983014861996,0.028662420382165606,0.055201698513800426,0.012738853503184714,0.03397027600849257,0.06050955414012739,0.08067940552016985,0.020169851380042462,0.05201698513800425,0.08386411889596602,0.05732484076433121,0.018046709129511677,0.036093418259023353,0.05626326963906582,0.06369426751592357,0.05626326963906582,0.006369426751592357,0.032908704883227176,0.0870488322717622
"lcl|CP059658.1_cds_QRW16176.1_659 [locus_tag=RhiXN_04177] [protein=cytochrome b2 (L-lactate ferricytochrome C oxidoreductase) protein] [protein_id=QRW16176.1] [location=join(2077234..2077339,2077392..2077891,2077960..2078351,2078410..2078595,2078647..2078686)] [gbkey=CDS]",0.17733990147783252,0.022167487684729065,0.03694581280788178,0.034482758620689655,0.007389162561576354,0.05172413793103448,0.03201970443349754,0.09113300492610837,0.0049261083743842365,0.04187192118226601,0.07635467980295567,0.017241379310344827,0.012315270935960592,0.03940886699507389,0.07635467980295567,0.10098522167487685,0.08866995073891626,0,0.017241379310344827,0.07142857142857142
"lcl|CP059658.1_cds_QRW16177.1_660 [locus_tag=RhiXN_04178] [protein=Sugar (and other) transporter] [protein_id=QRW16177.1] [location=complement(join(2079015..2079156,2079208..2079304,2079357..2079436,2079491..2079627,2079682..2079805,2079856..2079925,2079974..2079978,2080055..2080080,2080132..2080242,2080296..2080407,2080472..2080494,2080545..2080671,2080735..2080845,2080906..2080959,2081021..2081172,2081227..2081286,2081343..2081386,2081453..2081462))] [gbkey=CDS]",0.08924949290060852,0.038539553752535496,0.038539553752535496,0.036511156186612576,0.018255578093306288,0.032454361054766734,0.04462474645030426,0.09533468559837728,0.016227180527383367,0.07505070993914807,0.09127789046653144,0.034482758620689655,0.036511156186612576,0.07910750507099391,0.04462474645030426,0.058823529411764705,0.04056795131845842,0.02028397565922921,0.032454361054766734,0.07707910750507099
"lcl|CP059658.1_cds_QRW16178.1_661 [locus_tag=RhiXN_04179] [protein=hypothetical protein] [protein_id=QRW16178.1] [location=complement(join(2082811..2083064,2083113..2083123,2083178..2083273,2083327..2083406))] [gbkey=CDS]",0.1310344827586207,0.06206896551724138,0.04827586206896552,0.04827586206896552,0.027586206896551724,0.04827586206896552,0.020689655172413793,0.06896551724137931,0.013793103448275862,0.034482758620689655,0.08275862068965517,0.027586206896551724,0.013793103448275862,0.041379310344827586,0.034482758620689655,0.11724137931034483,0.06206896551724138,0.020689655172413793,0.013793103448275862,0.08275862068965517
"lcl|CP059658.1_cds_QRW16179.1_662 [locus_tag=RhiXN_04180] [protein=ribosomal protein L7Ae/L30e/S12e/Gadd45 family] [protein_id=QRW16179.1] [location=complement(join(2084466..2084525,2084570..2084803,2084878..2084955))] [gbkey=CDS]",0.13934426229508196,0.040983606557377046,0.040983606557377046,0.04918032786885246,0.02459016393442623,0.02459016393442623,0.10655737704918032,0.06557377049180328,0.02459016393442623,0.040983606557377046,0.13934426229508196,0.08196721311475409,0.00819672131147541,0.00819672131147541,0.01639344262295082,0.03278688524590164,0.040983606557377046,0.00819672131147541,0.02459016393442623,0.08196721311475409
"lcl|CP059658.1_cds_QRW16180.1_663 [locus_tag=RhiXN_04181] [protein=Chitin biosynthesis protein CHS5] [protein_id=QRW16180.1] [location=complement(join(2085204..2085738,2085791..2086320,2086365..2086565,2086617..2086630,2087232..2087235,2087296..2087364,2087417..2087518,2087578..2087780,2087853..2087927,2087989..2088207,2088265..2088453,2088510..2088944,2089003..2089124,2089179..2089375))] [gbkey=CDS]",0.06853582554517133,0.06230529595015576,0.029075804776739357,0.055036344755970926,0.012461059190031152,0.04153686396677051,0.060228452751817235,0.07268951194184839,0.01973001038421599,0.06334371754932502,0.07995846313603323,0.04361370716510903,0.020768431983385256,0.029075804776739357,0.07372793354101766,0.07684319833852545,0.07995846313603323,0.013499480789200415,0.020768431983385256,0.07684319833852545
"lcl|CP059658.1_cds_QRW16181.1_664 [locus_tag=RhiXN_04182] [protein=hypothetical protein] [protein_id=QRW16181.1] [location=join(2090705..2090802,2090874..2091076,2091131..2091211,2091261..2091334,2091388..2091528,2091585..2091763,2091815..2091995)] [gbkey=CDS]",0.10410094637223975,0.031545741324921134,0.028391167192429023,0.0473186119873817,0.012618296529968454,0.03470031545741325,0.04416403785488959,0.10410094637223975,0.03470031545741325,0.028391167192429023,0.08517350157728706,0.050473186119873815,0.00946372239747634,0.028391167192429023,0.03470031545741325,0.14826498422712933,0.05362776025236593,0.03470031545741325,0.00946372239747634,0.07570977917981073
"lcl|CP059658.1_cds_QRW16182.1_665 [locus_tag=RhiXN_04183] [protein=FMN-dependent alpha-hydroxy acid dehydrogenase] [protein_id=QRW16182.1] [location=join(2092193..2092211,2092262..2092347,2092410..2092763,2092817..2092958,2093009..2093959,2094011..2094114,2094167..2094259,2094311..2094438,2094492..2094747,2094800..2094988,2095038..2095233,2095284..2095520,2095571..2095814,2095865..2095944,2096093..2096193,2096358..2096400,2096463..2096740,2096794..2096861,2096919..2097171,2097274..2097353,2097447..2097567,2097755..2097808,2097883..2098318,2098396..2098532)] [gbkey=CDS]",0.08914728682170543,0.05878552971576227,0.029069767441860465,0.0665374677002584,0.014857881136950904,0.03682170542635659,0.06782945736434108,0.08204134366925064,0.029069767441860465,0.05813953488372093,0.1078811369509044,0.03940568475452196,0.012919896640826873,0.027777777777777776,0.05878552971576227,0.06136950904392765,0.05555555555555555,0.012919896640826873,0.02454780361757106,0.0665374677002584
"lcl|CP059658.1_cds_QRW16183.1_666 [locus_tag=RhiXN_04184] [protein=hypothetical protein] [protein_id=QRW16183.1] [location=join(2099719..2100075,2100131..2100301)] [gbkey=CDS]",0.05172413793103448,0.034482758620689655,0.005747126436781609,0.06896551724137931,0,0.06321839080459771,0.022988505747126436,0.017241379310344827,0.017241379310344827,0.022988505747126436,0.08045977011494253,0.022988505747126436,0.011494252873563218,0.04597701149425287,0.16091954022988506,0.1896551724137931,0.09770114942528736,0.005747126436781609,0.011494252873563218,0.06896551724137931
"lcl|CP059658.1_cds_QRW16184.1_667 [locus_tag=RhiXN_04185] [protein=hypothetical protein] [protein_id=QRW16184.1] [location=join(2100577..2101347,2101405..2101947,2102010..2102315)] [gbkey=CDS]",0.10594795539033457,0.09665427509293681,0.024163568773234202,0.04275092936802974,0.020446096654275093,0.026022304832713755,0.04460966542750929,0.08921933085501858,0.020446096654275093,0.03531598513011153,0.08364312267657993,0.027881040892193308,0.01858736059479554,0.013011152416356878,0.05204460966542751,0.11524163568773234,0.06505576208178439,0.007434944237918215,0.01486988847583643,0.09665427509293681
"lcl|CP059658.1_cds_QRW16185.1_668 [locus_tag=RhiXN_04186] [protein=GNL3L/Grn1 putative GTPase] [protein_id=QRW16185.1] [location=complement(join(2102936..2103574,2103635..2103762,2103842..2104019,2104096..2104134,2104188..2104426,2104477..2104768,2104821..2104903,2104968..2105078,2105697..2105890,2105964..2106205))] [gbkey=CDS]",0.09396914446002805,0.05329593267882188,0.0182328190743338,0.0546984572230014,0.0070126227208976155,0.04207573632538569,0.08274894810659186,0.06311360448807854,0.0182328190743338,0.0364656381486676,0.06872370266479663,0.08415147265077139,0.0070126227208976155,0.033660589060308554,0.08415147265077139,0.09817671809256662,0.056100981767180924,0.0070126227208976155,0.025245441795231416,0.06591865357643759
"lcl|CP059658.1_cds_QRW16186.1_669 [locus_tag=RhiXN_04187] [protein=autophagy-related protein 22] [protein_id=QRW16186.1] [location=join(2108704..2108773,2108827..2108929,2108985..2109331,2109382..2109503,2109557..2110122,2110179..2110394,2110453..2110649,2110696..2110725,2110775..2110959)] [gbkey=CDS]",0.11967213114754098,0.036065573770491806,0.018032786885245903,0.03442622950819672,0.011475409836065573,0.01639344262295082,0.03114754098360656,0.07540983606557378,0.013114754098360656,0.06229508196721312,0.12295081967213115,0.03114754098360656,0.02622950819672131,0.04918032786885246,0.08524590163934426,0.09180327868852459,0.05573770491803279,0.022950819672131147,0.02459016393442623,0.07213114754098361
"lcl|CP059658.1_cds_QRW16187.1_670 [locus_tag=RhiXN_04188] [protein=plasma membrane proteolipid] [protein_id=QRW16187.1] [location=complement(join(2111114..2111322,2111391..2111510,2111539..2111723,2111785..2111923,2111981..2112055,2112117..2112213))] [gbkey=CDS]",0.08058608058608059,0.09157509157509157,0.04395604395604396,0.07692307692307693,0.003663003663003663,0.029304029304029304,0.040293040293040296,0.09157509157509157,0.040293040293040296,0.05128205128205128,0.04395604395604396,0.05860805860805861,0.003663003663003663,0.047619047619047616,0.08424908424908426,0.06593406593406594,0.05128205128205128,0.02564102564102564,0.029304029304029304,0.040293040293040296
"lcl|CP059658.1_cds_QRW16188.1_671 [locus_tag=RhiXN_04189] [protein=plasma membrane proteolipid] [protein_id=QRW16188.1] [location=complement(join(2112966..2113572,2113621..2113759,2113830..2113904,2113961..2114063))] [gbkey=CDS]",0.05555555555555555,0.10784313725490197,0.05228758169934641,0.06209150326797386,0,0.042483660130718956,0.0784313725490196,0.09477124183006536,0.026143790849673203,0.026143790849673203,0.06862745098039216,0.07516339869281045,0.0032679738562091504,0.0457516339869281,0.05555555555555555,0.07516339869281045,0.058823529411764705,0.0196078431372549,0.03594771241830065,0.016339869281045753
"lcl|CP059658.1_cds_QRW16189.1_672 [locus_tag=RhiXN_04190] [protein=hypothetical protein] [protein_id=QRW16189.1] [location=complement(join(2114513..2114884,2114923..2115015,2115079..2115144,2115203..2115588,2115639..2115720,2115792..2115884,2115935..2116029,2116106..2116182,2116230..2116352,2116408..2116506,2116557..2116591,2116644..2116677,2116734..2116897,2116966..2117093,2117143..2117199,2117253..2117376,2117433..2117592,2117646..2117653,2117715..2117728,2117785..2117791,2117847..2117888))] [gbkey=CDS]",0.07723035952063914,0.06657789613848203,0.041278295605858856,0.05992010652463382,0.007989347536617843,0.033288948069241014,0.07989347536617843,0.06391478029294274,0.022636484687083888,0.05725699067909454,0.09187749667110519,0.05193075898801598,0.02929427430093209,0.03595206391478029,0.047936085219707054,0.07856191744340879,0.0559254327563249,0.007989347536617843,0.02929427430093209,0.06125166444740346
"lcl|CP059658.1_cds_QRW16190.1_673 [locus_tag=RhiXN_04191] [protein=vacuolar membrane protein] [protein_id=QRW16190.1] [location=join(2118914..2119039,2119093..2119189,2119242..2119334,2119386..2119636,2119692..2119718,2119772..2120470)] [gbkey=CDS]",0.08158508158508158,0.04428904428904429,0.039627039627039624,0.07226107226107226,0.02097902097902098,0.055944055944055944,0.02564102564102564,0.09324009324009325,0.027972027972027972,0.046620046620046623,0.07226107226107226,0.053613053613053616,0.018648018648018648,0.053613053613053616,0.0675990675990676,0.06060606060606061,0.03496503496503497,0.011655011655011656,0.08158508158508158,0.037296037296037296
"lcl|CP059658.1_cds_QRW16191.1_674 [locus_tag=RhiXN_04192] [protein=vacuole protein] [protein_id=QRW16191.1] [location=join(2120957..2121134,2121170..2121801)] [gbkey=CDS]",0.08955223880597014,0.06343283582089553,0.026119402985074626,0.055970149253731345,0.014925373134328358,0.011194029850746268,0.03731343283582089,0.041044776119402986,0.014925373134328358,0.018656716417910446,0.0708955223880597,0.048507462686567165,0.033582089552238806,0.029850746268656716,0.16044776119402984,0.16791044776119404,0.048507462686567165,0.014925373134328358,0.022388059701492536,0.029850746268656716
"lcl|CP059658.1_cds_QRW16192.1_675 [locus_tag=RhiXN_04193] [protein=cytochrome P450 family protein] [protein_id=QRW16192.1] [location=complement(join(2122948..2122962,2123013..2123232,2123292..2123320,2123388..2123547,2123602..2123634,2123694..2123760,2123823..2124073,2124148..2124226,2124292..2124384,2124442..2124471,2124533..2124626,2124694..2124719,2124772..2124815,2124867..2124958,2125011..2125108,2125164..2125308))] [gbkey=CDS]",0.09795918367346938,0.07142857142857142,0.02857142857142857,0.044897959183673466,0.006122448979591836,0.03469387755102041,0.05510204081632653,0.06326530612244897,0.0326530612244898,0.0673469387755102,0.11224489795918367,0.04285714285714286,0.02040816326530612,0.03469387755102041,0.05918367346938776,0.07551020408163266,0.053061224489795916,0.014285714285714285,0.030612244897959183,0.05510204081632653
"lcl|CP059658.1_cds_QRW16193.1_676 [locus_tag=RhiXN_04194] [protein=methylenetetrahydrofolate dehydrogenase (NAD+)] [protein_id=QRW16193.1] [location=join(2126229..2126296,2126352..2126426,2126482..2126542,2126593..2126877,2126927..2127015,2127069..2127609,2127660..2127718,2127771..2127819)] [gbkey=CDS]",0.10073710073710074,0.06388206388206388,0.036855036855036855,0.04668304668304668,0.0171990171990172,0.03194103194103194,0.056511056511056514,0.07125307125307126,0.019656019656019656,0.05896805896805897,0.07371007371007371,0.056511056511056514,0.014742014742014743,0.022113022113022112,0.06142506142506143,0.09090909090909091,0.051597051597051594,0.007371007371007371,0.03931203931203931,0.07862407862407862
"lcl|CP059658.1_cds_QRW16194.1_677 [locus_tag=RhiXN_04195] [protein=hypothetical protein] [protein_id=QRW16194.1] [location=complement(join(2128026..2128166,2128219..2128315,2128372..2128526,2128580..2128692,2128743..2128929))] [gbkey=CDS]",0.07860262008733625,0.039301310043668124,0.039301310043668124,0.043668122270742356,0,0.034934497816593885,0.03056768558951965,0.07423580786026202,0.026200873362445413,0.06550218340611354,0.09606986899563319,0.03056768558951965,0.03056768558951965,0.034934497816593885,0.08733624454148471,0.08733624454148471,0.06986899563318777,0.03056768558951965,0.03056768558951965,0.06986899563318777
"lcl|CP059658.1_cds_QRW16195.1_678 [locus_tag=RhiXN_04196] [protein=ricin-type beta-trefoil lectin domain protein] [protein_id=QRW16195.1] [location=join(2129357..2129518,2129571..2129665,2129728..2129842,2129913..2129977,2130030..2130071,2130152..2130425,2130474..2130509,2130757..2130772,2131429..2131486,2131547..2131685)] [gbkey=CDS]",0.05120481927710843,0.060240963855421686,0.04216867469879518,0.06927710843373494,0.006024096385542169,0.09036144578313253,0.08132530120481928,0.06626506024096386,0.045180722891566265,0.03614457831325301,0.09337349397590361,0.0572289156626506,0.02108433734939759,0.02108433734939759,0.02108433734939759,0.0783132530120482,0.06626506024096386,0.02108433734939759,0.03313253012048193,0.0391566265060241
"lcl|CP059658.1_cds_QRW16196.1_679 [locus_tag=RhiXN_04197] [protein=SVP1-like protein 2] [protein_id=QRW16196.1] [location=join(2135434..2135494,2135548..2135838,2135931..2136405,2136462..2137056)] [gbkey=CDS]",0.09110169491525423,0.0847457627118644,0.02754237288135593,0.036016949152542374,0.01059322033898305,0.03177966101694915,0.0635593220338983,0.07627118644067797,0.01694915254237288,0.038135593220338986,0.08050847457627118,0.0423728813559322,0.01059322033898305,0.0211864406779661,0.1016949152542373,0.0826271186440678,0.06567796610169492,0.023305084745762712,0.0211864406779661,0.07415254237288135
"lcl|CP059658.1_cds_QRW16197.1_680 [locus_tag=RhiXN_04198] [protein=hypothetical protein] [protein_id=QRW16197.1] [location=complement(join(2137582..2137758,2137810..2138226))] [gbkey=CDS]",0.08163265306122448,0.05102040816326531,0.02040816326530612,0.030612244897959183,0,0.04591836734693878,0.04081632653061224,0.09183673469387756,0.05102040816326531,0.04081632653061224,0.15816326530612246,0.03571428571428571,0.015306122448979591,0.00510204081632653,0.12244897959183673,0.08163265306122448,0.05612244897959184,0.00510204081632653,0.025510204081632654,0.04081632653061224
"lcl|CP059658.1_cds_QRW16198.1_681 [locus_tag=RhiXN_04199] [protein=cytochrome b5] [protein_id=QRW16198.1] [location=complement(join(2138267..2138854,2142957..2143009,2143068..2143139,2143201..2143261,2143327..2143424,2143478..2143514,2143566..2143594,2143647..2143725))] [gbkey=CDS]",0.08011869436201781,0.026706231454005934,0.01483679525222552,0.10089020771513353,0.008902077151335312,0.02967359050445104,0.07418397626112759,0.10979228486646884,0.02373887240356083,0.032640949554896145,0.08011869436201781,0.04747774480712166,0.011869436201780416,0.06231454005934718,0.0712166172106825,0.10682492581602374,0.05341246290801187,0.011869436201780416,0.011869436201780416,0.04154302670623145
"lcl|CP059658.1_cds_QRW16199.1_682 [locus_tag=RhiXN_04200] [protein=Tip elongation aberrant protein Tea4] [protein_id=QRW16199.1] [location=join(2144132..2144173,2144220..2144633,2144686..2146993,2147047..2148158,2148210..2148251)] [gbkey=CDS]",0.08205521472392638,0.08588957055214724,0.036042944785276074,0.08128834355828221,0,0.06134969325153374,0.07515337423312883,0.07745398773006135,0.020705521472392636,0.032208588957055216,0.06825153374233128,0.0352760736196319,0.016104294478527608,0.024539877300613498,0.06365030674846625,0.10659509202453987,0.04984662576687116,0.003834355828220859,0.020705521472392636,0.059049079754601226
"lcl|CP059658.1_cds_QRW16200.1_683 [locus_tag=RhiXN_04201] [protein=phosphoribosylaminoimidazole carboxylase] [protein_id=QRW16200.1] [location=join(2148543..2148570,2148628..2149079,2149130..2149382,2149433..2150166,2150225..2150419)] [gbkey=CDS]",0.09601449275362318,0.05615942028985507,0.036231884057971016,0.043478260869565216,0.007246376811594203,0.03804347826086957,0.05615942028985507,0.09239130434782608,0.028985507246376812,0.05434782608695652,0.09239130434782608,0.03985507246376811,0.03985507246376811,0.019927536231884056,0.05434782608695652,0.06340579710144928,0.04891304347826087,0.0018115942028985507,0.021739130434782608,0.10869565217391304
"lcl|CP059658.1_cds_QRW16201.1_684 [locus_tag=RhiXN_04202] [protein=hypothetical protein] [protein_id=QRW16201.1] [location=join(2150863..2150965,2151019..2151554,2151615..2151719,2151761..2152402)] [gbkey=CDS]",0.07173913043478261,0.08043478260869565,0.01956521739130435,0.034782608695652174,0.008695652173913044,0.034782608695652174,0.03260869565217391,0.05434782608695652,0.03260869565217391,0.036956521739130437,0.09347826086956522,0.021739130434782608,0.01956521739130435,0.030434782608695653,0.10652173913043478,0.14565217391304347,0.08478260869565217,0.008695652173913044,0.017391304347826087,0.06521739130434782
"lcl|CP059658.1_cds_QRW16202.1_685 [locus_tag=RhiXN_04203] [protein=ribosome assembly protein] [protein_id=QRW16202.1] [location=join(2152731..2152859,2152903..2153196,2153260..2153418)] [gbkey=CDS]",0.08854166666666667,0.09895833333333333,0.015625,0.036458333333333336,0,0.010416666666666666,0.07291666666666667,0.057291666666666664,0.020833333333333332,0.03125,0.08854166666666667,0.041666666666666664,0.015625,0.052083333333333336,0.07291666666666667,0.19791666666666666,0.0625,0.005208333333333333,0,0.03125
"lcl|CP059658.1_cds_QRW16203.1_686 [locus_tag=RhiXN_04204] [protein=replication factor C subunit 1] [protein_id=QRW16203.1] [location=complement(join(2153541..2153693,2153745..2153853,2153904..2154055,2154108..2154270,2154325..2154444,2154498..2154634,2154705..2154843,2154896..2155033,2155088..2155135,2155184..2155269,2155315..2155440,2155499..2155552,2155604..2155790,2155844..2155963,2156015..2156296,2156350..2156517,2156573..2156971,2157029..2157322,2157375..2157398,2157450..2157471,2157539..2157635))] [gbkey=CDS]",0.0946215139442231,0.04282868525896414,0.0348605577689243,0.054780876494023904,0.00199203187250996,0.04282868525896414,0.0697211155378486,0.07470119521912351,0.014940239043824702,0.045816733067729085,0.07171314741035857,0.11354581673306773,0.0249003984063745,0.02888446215139442,0.06673306772908366,0.08665338645418327,0.06274900398406374,0.0099601593625498,0.01195219123505976,0.045816733067729085
"lcl|CP059658.1_cds_QRW16204.1_687 [locus_tag=RhiXN_04205] [protein=HD domain-containing protein] [protein_id=QRW16204.1] [location=complement(join(2157988..2158158,2158206..2158410,2158458..2158548,2158610..2158659,2158715..2158902,2158958..2158987,2159040..2159182,2159238..2159362,2159416..2159478,2159527..2159595,2159653..2159796,2159852..2159903,2159952..2160053,2160110..2160124,2160187..2160219,2160282..2160343,2160398..2160549))] [gbkey=CDS]",0.06039076376554174,0.06927175843694494,0.037300177619893425,0.06216696269982238,0.015985790408525755,0.04262877442273535,0.0674955595026643,0.047957371225577264,0.035523978685612786,0.05328596802841918,0.08348134991119005,0.05150976909413854,0.02664298401420959,0.037300177619893425,0.07104795737122557,0.08170515097690942,0.0586145648312611,0.0053285968028419185,0.03019538188277087,0.06216696269982238
"lcl|CP059658.1_cds_QRW16205.1_688 [locus_tag=RhiXN_04206] [protein=major facilitator superfamily transporter] [protein_id=QRW16205.1] [location=complement(join(2160776..2160929,2160984..2161147,2161202..2161242,2161293..2161502,2161556..2161696,2161752..2161772,2161826..2162438,2162487..2162700,2162762..2162809,2162864..2162876,2162932..2163016,2163080..2163172))] [gbkey=CDS]",0.11390284757118928,0.06030150753768844,0.038525963149078725,0.04522613065326633,0.011725293132328308,0.031825795644891124,0.03015075376884422,0.08877721943048576,0.023450586264656615,0.048576214405360134,0.11222780569514237,0.018425460636515914,0.020100502512562814,0.05695142378559464,0.038525963149078725,0.10552763819095477,0.048576214405360134,0.01507537688442211,0.02680067001675042,0.06532663316582915
"lcl|CP059658.1_cds_QRW16206.1_689 [locus_tag=RhiXN_04207] [protein=Transcriptional repressor TCF25] [protein_id=QRW16206.1] [location=join(2163407..2163562,2163612..2163677,2163725..2164048,2164106..2164343,2164393..2164514)] [gbkey=CDS]",0.07666666666666666,0.05,0.03,0.05,0.0033333333333333335,0.06,0.10333333333333333,0.07,0.023333333333333334,0.023333333333333334,0.09,0.10666666666666667,0.013333333333333334,0.02666666666666667,0.043333333333333335,0.08,0.056666666666666664,0.013333333333333334,0.013333333333333334,0.06666666666666667
"lcl|CP059658.1_cds_QRW16207.1_690 [locus_tag=RhiXN_04208] [protein=Transcriptional repressor TCF25] [protein_id=QRW16207.1] [location=join(2164590..2164699,2164750..2165041,2165101..2165243,2165297..2165801)] [gbkey=CDS]",0.11206896551724138,0.05459770114942529,0.02586206896551724,0.06896551724137931,0.005747126436781609,0.02586206896551724,0.034482758620689655,0.07471264367816093,0.04597701149425287,0.0603448275862069,0.10632183908045977,0.031609195402298854,0.022988505747126436,0.028735632183908046,0.07183908045977011,0.07183908045977011,0.05459770114942529,0.022988505747126436,0.040229885057471264,0.040229885057471264
"lcl|CP059658.1_cds_QRW16208.1_691 [locus_tag=RhiXN_04209] [protein=endonuclease/exonuclease/phosphatase family protein] [protein_id=QRW16208.1] [location=join(2166438..2166915,2166969..2167007,2167057..2167246,2167283..2167621,2167672..2168959,2169012..2169093,2169142..2169363,2169416..2169678,2169731..2169949,2170008..2170496)] [gbkey=CDS]",0.05995004163197336,0.07077435470441298,0.035803497085761866,0.06078268109908409,0.009991673605328892,0.02414654454621149,0.04579517069109076,0.06328059950041633,0.030807660283097418,0.0507910074937552,0.08492922564529559,0.04579517069109076,0.019150707743547043,0.0324729392173189,0.09075770191507078,0.10074937552039967,0.06577851790174855,0.01665278934221482,0.025811823480432972,0.06577851790174855
"lcl|CP059658.1_cds_QRW16209.1_692 [locus_tag=RhiXN_04210] [protein=inositol-1,4,5-trisphosphate 5-phosphatase 11] [protein_id=QRW16209.1] [location=2170942..2172603] [gbkey=CDS]",0.08695652173913043,0.06884057971014493,0.050724637681159424,0.034420289855072464,0.014492753623188406,0.036231884057971016,0.036231884057971016,0.04710144927536232,0.03260869565217391,0.04891304347826087,0.1105072463768116,0.050724637681159424,0.021739130434782608,0.041666666666666664,0.06159420289855073,0.10144927536231885,0.05434782608695652,0.012681159420289856,0.03260869565217391,0.05615942028985507
"lcl|CP059658.1_cds_QRW16210.1_693 [locus_tag=RhiXN_04211] [protein=pre-rRNA-processing protein ESF2] [protein_id=QRW16210.1] [location=complement(join(2172800..2173300,2173356..2173506,2173558..2173654,2173711..2173870,2173926..2174246,2174297..2174437,2174496..2174930,2174981..2175234,2175309..2175368,2175426..2175696))] [gbkey=CDS]",0.07672955974842767,0.09685534591194969,0.03522012578616352,0.07169811320754717,0.013836477987421384,0.022641509433962263,0.09182389937106918,0.0729559748427673,0.027672955974842768,0.02389937106918239,0.05408805031446541,0.050314465408805034,0.025157232704402517,0.031446540880503145,0.11320754716981132,0.05157232704402516,0.04150943396226415,0.012578616352201259,0.04779874213836478,0.0389937106918239
"lcl|CP059658.1_cds_QRW16211.1_694 [locus_tag=RhiXN_04212] [protein=extracellular metalloprotease] [protein_id=QRW16211.1] [location=complement(join(2175966..2176148,2176200..2176309,2176361..2176582,2176638..2176795,2176837..2176965,2177017..2177105,2177889..2177938,2177995..2178033,2178084..2178244,2178297..2178480,2178534..2178648,2178708..2178848,2179191..2179388))] [gbkey=CDS]",0.09644670050761421,0.07614213197969544,0.025380710659898477,0.049069373942470386,0.011844331641285956,0.043993231810490696,0.06260575296108291,0.06091370558375635,0.03553299492385787,0.025380710659898477,0.09306260575296109,0.06260575296108291,0.01353637901861252,0.023688663282571912,0.050761421319796954,0.06598984771573604,0.09475465313028765,0.01692047377326565,0.030456852791878174,0.06091370558375635
"lcl|CP059658.1_cds_QRW16212.1_695 [locus_tag=RhiXN_04213] [protein=extracellular metalloprotease] [protein_id=QRW16212.1] [location=complement(join(2179562..2179621,2179674..2179719,2179776..2180180,2180238..2180358,2180416..2180531,2180595..2180863))] [gbkey=CDS]",0.10089020771513353,0.02967359050445104,0.04154302670623145,0.03560830860534125,0.01483679525222552,0.03560830860534125,0.020771513353115726,0.09792284866468842,0.026706231454005934,0.03857566765578635,0.0830860534124629,0.02967359050445104,0.017804154302670624,0.04451038575667656,0.04747774480712166,0.11572700296735905,0.09792284866468842,0.01483679525222552,0.05341246290801187,0.05341246290801187
lcl|CP059658.1_cds_QRW16213.1_696 [locus_tag=RhiXN_04214] [protein=hypothetical protein] [protein_id=QRW16213.1] [location=complement(2181879..2182394)] [gbkey=CDS],0.10588235294117647,0.07058823529411765,0.023529411764705882,0.07058823529411765,0.0058823529411764705,0.041176470588235294,0.058823529411764705,0.06470588235294118,0.03529411764705882,0.01764705882352941,0.12941176470588237,0.041176470588235294,0.011764705882352941,0.01764705882352941,0.03529411764705882,0.10588235294117647,0.07058823529411765,0.011764705882352941,0.011764705882352941,0.07058823529411765
"lcl|CP059658.1_cds_QRW16214.1_697 [locus_tag=RhiXN_04215] [protein=hypothetical protein] [protein_id=QRW16214.1] [location=join(2182580..2182590,2182638..2182688,2182739..2182835,2182892..2182945,2183010..2184131)] [gbkey=CDS]",0.07674943566591422,0.10609480812641084,0.03160270880361174,0.04740406320541761,0.004514672686230248,0.022573363431151242,0.06320541760722348,0.060948081264108354,0.03160270880361174,0.029345372460496615,0.07674943566591422,0.013544018058690745,0.013544018058690745,0.03160270880361174,0.10609480812641084,0.13544018058690746,0.07900677200902935,0.013544018058690745,0.013544018058690745,0.04288939051918736
"lcl|CP059658.1_cds_QRW16215.1_698 [locus_tag=RhiXN_04216] [protein=NADH dehydrogenase] [protein_id=QRW16215.1] [location=join(2185005..2185150,2185571..2185712,2186163..2186225)] [gbkey=CDS]",0.08695652173913043,0.09565217391304348,0.02608695652173913,0.02608695652173913,0.008695652173913044,0.017391304347826087,0.08695652173913043,0.10434782608695652,0.008695652173913044,0.043478260869565216,0.08695652173913043,0.08695652173913043,0.008695652173913044,0.02608695652173913,0.06086956521739131,0.034782608695652174,0.02608695652173913,0.017391304347826087,0.06086956521739131,0.08695652173913043
"lcl|CP059658.1_cds_QRW16216.1_699 [locus_tag=RhiXN_04217] [protein=HMG (high mobility group) box protein] [protein_id=QRW16216.1] [location=join(2186601..2187669,2187756..2187934,2187992..2188312,2188372..2188695)] [gbkey=CDS]",0.09538950715421304,0.06836248012718601,0.03179650238473768,0.06200317965023847,0.003179650238473768,0.04133545310015898,0.0492845786963434,0.05564387917329094,0.02702702702702703,0.03656597774244833,0.06677265500794913,0.03815580286168521,0.02384737678855326,0.04133545310015898,0.09697933227344992,0.12400635930047695,0.07472178060413355,0.01589825119236884,0.02066772655007949,0.02702702702702703
"lcl|CP059658.1_cds_QRW16217.1_700 [locus_tag=RhiXN_04218] [protein=transcription initiation factor IIB] [protein_id=QRW16217.1] [location=complement(join(2197325..2197408,2197453..2197818,2197878..2198165,2198350..2198499))] [gbkey=CDS]",0.1292517006802721,0.061224489795918366,0.04081632653061224,0.05782312925170068,0.023809523809523808,0.05102040816326531,0.07142857142857142,0.0782312925170068,0.013605442176870748,0.04421768707482993,0.0782312925170068,0.061224489795918366,0.02040816326530612,0.034013605442176874,0.05102040816326531,0.06802721088435375,0.04081632653061224,0.003401360544217687,0.017006802721088437,0.05442176870748299
"lcl|CP059658.1_cds_QRW16218.1_701 [locus_tag=RhiXN_04219] [protein=hypothetical protein] [protein_id=QRW16218.1] [location=complement(join(2198634..2198905,2199134..2200562))] [gbkey=CDS]",0.0831858407079646,0.06371681415929203,0.035398230088495575,0.03008849557522124,0,0.047787610619469026,0.04601769911504425,0.09557522123893805,0.047787610619469026,0.035398230088495575,0.04424778761061947,0.03008849557522124,0.008849557522123894,0.019469026548672566,0.18230088495575222,0.061946902654867256,0.07256637168141593,0.012389380530973451,0.04247787610619469,0.04070796460176991
lcl|CP059658.1_cds_QRW16219.1_702 [locus_tag=RhiXN_04220] [protein=hypothetical protein] [protein_id=QRW16219.1] [location=complement(2200615..2200986)] [gbkey=CDS],0.07377049180327869,0.07377049180327869,0.00819672131147541,0.11475409836065574,0,0.040983606557377046,0.04918032786885246,0.03278688524590164,0.02459016393442623,0.040983606557377046,0.04918032786885246,0.040983606557377046,0,0.01639344262295082,0.13934426229508196,0.14754098360655737,0.08196721311475409,0.02459016393442623,0,0.040983606557377046
"lcl|CP059658.1_cds_QRW16220.1_703 [locus_tag=RhiXN_04221] [protein=ABC transporter] [protein_id=QRW16220.1] [location=join(2201396..2201467,2201512..2201568,2201618..2201647,2201700..2201953,2202014..2202243,2202290..2202360,2202409..2202494,2202590..2202878,2202942..2203064,2203119..2203738,2203800..2204966,2205035..2205332,2205399..2205498,2205550..2205650,2205707..2205760,2205813..2205881,2205932..2206007,2206057..2206176,2206237..2206343,2206406..2206544,2206603..2206913,2206977..2207190,2207242..2207457,2207612..2207634,2207881..2208088,2208141..2208386,2208440..2208501,2208612..2208723,2208780..2209063)] [gbkey=CDS]",0.09366823652537938,0.06436420722135008,0.03087388801674516,0.04866562009419152,0.013082155939298797,0.029304029304029304,0.0423861852433281,0.07221350078492936,0.029304029304029304,0.0575614861329147,0.10779696493982208,0.032443746729461015,0.024071166928309785,0.0423861852433281,0.05180533751962323,0.08267922553636839,0.06227106227106227,0.020931449502878074,0.029827315541601257,0.06436420722135008
"lcl|CP059658.1_cds_QRW16221.1_704 [locus_tag=RhiXN_04222] [protein=hypothetical protein] [protein_id=QRW16221.1] [location=join(2209090..2209128,2209178..2209274,2209367..2209500,2209553..2209798)] [gbkey=CDS]",0.09411764705882353,0.058823529411764705,0.041176470588235294,0.058823529411764705,0,0.052941176470588235,0.029411764705882353,0.09411764705882353,0.011764705882352941,0.011764705882352941,0.07647058823529412,0.029411764705882353,0.03529411764705882,0.023529411764705882,0.11176470588235295,0.14705882352941177,0.07058823529411765,0,0.011764705882352941,0.041176470588235294
"lcl|CP059658.1_cds_QRW16222.1_705 [locus_tag=RhiXN_04223] [protein=cytochrome P450 family protein] [protein_id=QRW16222.1] [location=complement(join(2210121..2210198,2210314..2210413,2210611..2211039,2211095..2211285,2211339..2211610,2211673..2211827,2211958..2212025,2212072..2212176,2212357..2212415,2212488..2212647,2212710..2212812,2212864..2212901))] [gbkey=CDS]",0.09931506849315068,0.06164383561643835,0.03424657534246575,0.04965753424657534,0.02054794520547945,0.0273972602739726,0.07191780821917808,0.07876712328767123,0.0273972602739726,0.04280821917808219,0.0958904109589041,0.04965753424657534,0.02054794520547945,0.03424657534246575,0.07191780821917808,0.05821917808219178,0.04794520547945205,0.02054794520547945,0.02910958904109589,0.05821917808219178
lcl|CP059658.1_cds_QRW16223.1_706 [locus_tag=RhiXN_04224] [protein=F-box-like protein] [protein_id=QRW16223.1] [location=2213811..2215490] [gbkey=CDS],0.08602150537634409,0.0985663082437276,0.03225806451612903,0.053763440860215055,0.01971326164874552,0.035842293906810034,0.06272401433691756,0.03942652329749104,0.035842293906810034,0.05555555555555555,0.13799283154121864,0.012544802867383513,0.005376344086021506,0.025089605734767026,0.07885304659498207,0.08960573476702509,0.06093189964157706,0.007168458781362007,0.012544802867383513,0.05017921146953405
"lcl|CP059658.1_cds_QRW16224.1_707 [locus_tag=RhiXN_04225] [protein=alpha/beta hydrolase family protein] [protein_id=QRW16224.1] [location=complement(join(2220601..2220774,2220861..2220952,2221121..2221151,2221387..2221524,2221656..2221785,2221842..2222014,2222064..2222148,2222210..2222355))] [gbkey=CDS]",0.06230529595015576,0.0778816199376947,0.01557632398753894,0.059190031152647975,0.012461059190031152,0.03426791277258567,0.06542056074766354,0.06542056074766354,0.03115264797507788,0.0529595015576324,0.08722741433021806,0.06230529595015576,0.018691588785046728,0.03426791277258567,0.08411214953271028,0.04361370716510903,0.04361370716510903,0.03115264797507788,0.037383177570093455,0.08099688473520249
"lcl|CP059658.1_cds_QRW16225.1_708 [locus_tag=RhiXN_04226] [protein=WD40 domain-containing protein] [protein_id=QRW16225.1] [location=join(2222501..2222599,2222656..2222802,2222850..2222988,2223042..2223238,2223290..2223447,2223502..2223588,2223637..2223718,2223772..2223930)] [gbkey=CDS]",0.0847457627118644,0.05649717514124294,0.03672316384180791,0.062146892655367235,0.02824858757062147,0.025423728813559324,0.05084745762711865,0.06779661016949153,0.02824858757062147,0.062146892655367235,0.07062146892655367,0.03672316384180791,0.025423728813559324,0.03954802259887006,0.062146892655367235,0.09887005649717515,0.059322033898305086,0.01977401129943503,0.031073446327683617,0.05367231638418079
"lcl|CP059658.1_cds_QRW16226.1_709 [locus_tag=RhiXN_04227] [protein=amino acid permease] [protein_id=QRW16226.1] [location=complement(join(2226152..2226323,2226378..2226401,2226459..2226529,2226587..2226746,2226796..2226979,2227035..2227133,2227192..2227249,2227301..2227373,2227431..2227462,2227522..2227900,2227956..2227985,2228039..2228118,2228185..2228328,2228398..2228699,2228788..2228943,2229008..2229518,2229572..2229742,2229794..2229859,2229910..2230005,2230059..2230169,2230222..2230839,2230913..2231059,2231119..2231154,2231220..2231250,2231326..2231345,2231406..2231549))] [gbkey=CDS]",0.08058326937835764,0.06753645433614736,0.039140445126630855,0.05832693783576362,0.02072141212586339,0.02916346891788181,0.056792018419033,0.08902532617037605,0.01918649270913277,0.056024558710667687,0.07214121258633922,0.04604758250191865,0.016116653875671526,0.0498848810437452,0.059094397544128936,0.0851880276285495,0.05372217958557176,0.01841903300076746,0.021488871834228703,0.06139677666922486
"lcl|CP059658.1_cds_QRW16227.1_710 [locus_tag=RhiXN_04228] [protein=hypothetical protein] [protein_id=QRW16227.1] [location=join(2231778..2231861,2231915..2232538,2232600..2232707,2232766..2232816,2232884..2232921,2232977..2233085)] [gbkey=CDS]",0.10416666666666667,0.08333333333333333,0.03571428571428571,0.07738095238095238,0,0.05952380952380952,0.0625,0.026785714285714284,0.020833333333333332,0.026785714285714284,0.05357142857142857,0.08630952380952381,0.002976190476190476,0.011904761904761904,0.07738095238095238,0.14285714285714285,0.0625,0.002976190476190476,0.011904761904761904,0.050595238095238096
"lcl|CP059658.1_cds_QRW16228.1_711 [locus_tag=RhiXN_04229] [protein=homeobox domain protein] [protein_id=QRW16228.1] [location=complement(join(2233677..2234412,2234478..2235604,2235679..2235691,2235779..2235978))] [gbkey=CDS]",0.11739130434782609,0.10144927536231885,0.014492753623188406,0.03333333333333333,0.0014492753623188406,0.0391304347826087,0.06811594202898551,0.0536231884057971,0.04057971014492753,0.021739130434782608,0.057971014492753624,0.030434782608695653,0.013043478260869565,0.01884057971014493,0.1318840579710145,0.12608695652173912,0.057971014492753624,0.013043478260869565,0.02608695652173913,0.03333333333333333
"lcl|CP059658.1_cds_QRW16229.1_712 [locus_tag=RhiXN_04230] [protein=hypothetical protein] [protein_id=QRW16229.1] [location=complement(join(2236340..2236471,2236520..2237128,2237213..2237425,2237490..2239534,2239604..2239672,2239736..2239853))] [gbkey=CDS]",0.07264150943396226,0.08867924528301886,0.024528301886792454,0.04245283018867924,0.008490566037735849,0.052830188679245285,0.05471698113207547,0.0509433962264151,0.016981132075471698,0.033962264150943396,0.0669811320754717,0.040566037735849055,0.01509433962264151,0.016037735849056604,0.11037735849056604,0.15377358490566037,0.07830188679245283,0.0047169811320754715,0.007547169811320755,0.06037735849056604
"lcl|CP059658.1_cds_QRW16230.1_713 [locus_tag=RhiXN_04231] [protein=transmembrane adaptor Erv26] [protein_id=QRW16230.1] [location=join(2240614..2240628,2240678..2241015,2241071..2241135,2241196..2241755)] [gbkey=CDS]",0.08950617283950617,0.08024691358024691,0.040123456790123455,0.043209876543209874,0.006172839506172839,0.027777777777777776,0.021604938271604937,0.08333333333333333,0.021604938271604937,0.06481481481481481,0.10802469135802469,0.018518518518518517,0.012345679012345678,0.05555555555555555,0.10493827160493827,0.08950617283950617,0.05864197530864197,0.021604938271604937,0.018518518518518517,0.033950617283950615
"lcl|CP059658.1_cds_QRW16231.1_714 [locus_tag=RhiXN_04232] [protein=RNA recognition motif protein] [protein_id=QRW16231.1] [location=complement(join(2241981..2242093,2242149..2242221,2242271..2242385,2242438..2242499,2242563..2242580))] [gbkey=CDS]",0.096,0.064,0.064,0.056,0,0.032,0.072,0.072,0.032,0.056,0.104,0.08,0.016,0.032,0.04,0.016,0.056,0,0.056,0.056
"lcl|CP059658.1_cds_QRW16232.1_715 [locus_tag=RhiXN_04233] [protein=peptidase] [protein_id=QRW16232.1] [location=complement(join(2247181..2247498,2247554..2247653,2247715..2248040))] [gbkey=CDS]",0.06910569105691057,0.052845528455284556,0.016260162601626018,0.052845528455284556,0.012195121951219513,0.044715447154471545,0.07317073170731707,0.09349593495934959,0.02032520325203252,0.044715447154471545,0.08130081300813008,0.06910569105691057,0.0040650406504065045,0.044715447154471545,0.08130081300813008,0.044715447154471545,0.056910569105691054,0.024390243902439025,0.02032520325203252,0.09349593495934959
"lcl|CP059658.1_cds_QRW16233.1_716 [locus_tag=RhiXN_04234] [protein=Prefoldin subunit] [protein_id=QRW16233.1] [location=complement(join(2248312..2248482,2248669..2248787,2248843..2248979,2249037..2249127,2249179..2249203))] [gbkey=CDS]",0.05027932960893855,0.0893854748603352,0.03910614525139665,0.0446927374301676,0.00558659217877095,0.07262569832402235,0.1005586592178771,0.07262569832402235,0.0223463687150838,0.055865921787709494,0.0782122905027933,0.05027932960893855,0.0223463687150838,0.027932960893854747,0.061452513966480445,0.061452513966480445,0.0670391061452514,0.0111731843575419,0.01675977653631285,0.05027932960893855
"lcl|CP059658.1_cds_QRW16234.1_717 [locus_tag=RhiXN_04235] [protein=NADH dehydrogenase (ubiquinone) Fe-S protein 8] [protein_id=QRW16234.1] [location=join(2249370..2249631,2249686..2249734,2249786..2249874,2249927..2250019,2250079..2250095,2250150..2250204,2250253..2250363,2250440..2250495)] [gbkey=CDS]",0.10330578512396695,0.08677685950413223,0.03305785123966942,0.03305785123966942,0.0371900826446281,0.024793388429752067,0.09090909090909091,0.049586776859504134,0.02066115702479339,0.05371900826446281,0.10330578512396695,0.04132231404958678,0.012396694214876033,0.045454545454545456,0.07024793388429752,0.06198347107438017,0.07024793388429752,0.004132231404958678,0.0371900826446281,0.02066115702479339
"lcl|CP059658.1_cds_QRW16235.1_718 [locus_tag=RhiXN_04236] [protein=hypothetical protein] [protein_id=QRW16235.1] [location=complement(join(2250595..2251095,2251131..2251201,2251270..2251428,2251483..2251563,2251622..2251760,2251814..2251922,2251970..2252004,2252062..2252187,2252342..2252401,2252450..2252534,2252588..2252668,2252719..2252728,2252785..2252827,2252881..2252947,2253000..2253076,2253126..2253432,2253489..2253903,2253966..2254032,2254081..2254107,2254159..2254311,2254361..2254428,2254482..2254898,2254962..2255202))] [gbkey=CDS]",0.08730873087308731,0.07200720072007201,0.04590459045904591,0.06030603060306031,0.0063006300630063005,0.04410441044104411,0.05490549054905491,0.06030603060306031,0.027002700270027002,0.0558055805580558,0.09090909090909091,0.032403240324032405,0.016201620162016202,0.0369036903690369,0.05850585058505851,0.08370837083708371,0.06840684068406841,0.012601260126012601,0.0315031503150315,0.05490549054905491
"lcl|CP059658.1_cds_QRW16236.1_719 [locus_tag=RhiXN_04237] [protein=hypothetical protein] [protein_id=QRW16236.1] [location=complement(join(2255389..2255522,2255578..2255693,2255749..2256271,2256332..2256534,2256583..2256799,2256856..2257052,2257104..2257204,2257349..2257444))] [gbkey=CDS]",0.09297912713472485,0.056925996204933584,0.04364326375711575,0.04743833017077799,0.007590132827324478,0.04174573055028463,0.11005692599620494,0.06451612903225806,0.04554079696394687,0.04174573055028463,0.10056925996204934,0.056925996204933584,0.015180265654648957,0.028462998102466792,0.04364326375711575,0.06451612903225806,0.06072106261859583,0.009487666034155597,0.03795066413662239,0.030360531309297913
"lcl|CP059658.1_cds_QRW16237.1_720 [locus_tag=RhiXN_04238] [protein=DEAD/DEAH box helicase] [protein_id=QRW16237.1] [location=join(2257688..2257802,2257850..2258559,2258603..2258656,2258709..2258770,2258821..2258904,2258958..2259027,2259088..2259150,2259199..2259234)] [gbkey=CDS]",0.06565656565656566,0.07323232323232323,0.03535353535353535,0.07575757575757576,0.010101010101010102,0.050505050505050504,0.05808080808080808,0.05303030303030303,0.015151515151515152,0.08333333333333333,0.09090909090909091,0.047979797979797977,0.025252525252525252,0.03787878787878788,0.025252525252525252,0.05555555555555555,0.07575757575757576,0.010101010101010102,0.027777777777777776,0.08333333333333333
"lcl|CP059658.1_cds_QRW16238.1_721 [locus_tag=RhiXN_04239] [protein=hepatocellular carcinoma-associated antigen 59] [protein_id=QRW16238.1] [location=complement(join(2259562..2259597,2259646..2259791,2259847..2259968,2260024..2260236,2260287..2260385,2260449..2260631,2260688..2260833))] [gbkey=CDS]",0.0670926517571885,0.09904153354632587,0.04792332268370607,0.08626198083067092,0,0.038338658146964855,0.13738019169329074,0.05750798722044728,0.009584664536741214,0.02875399361022364,0.06389776357827476,0.11182108626198083,0.03514376996805112,0.019169329073482427,0.04472843450479233,0.054313099041533544,0.054313099041533544,0,0.01597444089456869,0.02875399361022364
"lcl|CP059658.1_cds_QRW16239.1_722 [locus_tag=RhiXN_04240] [protein=vacuolar protein-sorting-associated protein 46] [protein_id=QRW16239.1] [location=join(2261041..2261059,2261105..2261124,2261186..2261263,2261328..2261543,2261598..2261691,2261749..2261933)] [gbkey=CDS]",0.10396039603960396,0.0594059405940594,0.054455445544554455,0.07920792079207921,0,0.07425742574257425,0.08415841584158416,0.01485148514851485,0,0.0297029702970297,0.09405940594059406,0.08415841584158416,0.04950495049504951,0.019801980198019802,0.01485148514851485,0.07920792079207921,0.08415841584158416,0,0.009900990099009901,0.06435643564356436
"lcl|CP059658.1_cds_QRW16240.1_723 [locus_tag=RhiXN_04241] [protein=hypothetical protein] [protein_id=QRW16240.1] [location=complement(join(2262375..2262434,2262473..2262616,2262677..2263245,2263305..2263377,2263443..2264765,2264828..2265241,2265299..2265409))] [gbkey=CDS]",0.08035714285714286,0.03236607142857143,0.029017857142857144,0.07589285714285714,0.002232142857142857,0.06361607142857142,0.11383928571428571,0.04575892857142857,0.018973214285714284,0.05133928571428571,0.06138392857142857,0.04017857142857143,0.013392857142857142,0.010044642857142858,0.08258928571428571,0.11830357142857142,0.07924107142857142,0,0.010044642857142858,0.07142857142857142
"lcl|CP059658.1_cds_QRW16241.1_724 [locus_tag=RhiXN_04242] [protein=ubiquitin carboxyl-terminal hydrolase] [protein_id=QRW16241.1] [location=join(2265772..2265855,2265907..2266122)] [gbkey=CDS]",0.05102040816326531,0.02040816326530612,0.061224489795918366,0.030612244897959183,0.030612244897959183,0.02040816326530612,0.08163265306122448,0.05102040816326531,0.04081632653061224,0.05102040816326531,0.08163265306122448,0.04081632653061224,0.02040816326530612,0.030612244897959183,0.12244897959183673,0.10204081632653061,0.09183673469387756,0.01020408163265306,0.04081632653061224,0.02040816326530612
"lcl|CP059658.1_cds_QRW16242.1_725 [locus_tag=RhiXN_04243] [protein=ubiquitin carboxyl-terminal hydrolase] [protein_id=QRW16242.1] [location=join(2266352..2266729,2266789..2267664)] [gbkey=CDS]",0.057692307692307696,0.06009615384615385,0.04326923076923077,0.06490384615384616,0.014423076923076924,0.04326923076923077,0.040865384615384616,0.07211538461538461,0.028846153846153848,0.028846153846153848,0.06009615384615385,0.08653846153846154,0.014423076923076924,0.036057692307692304,0.07692307692307693,0.12740384615384615,0.0625,0.007211538461538462,0.026442307692307692,0.04807692307692308
"lcl|CP059658.1_cds_QRW16243.1_726 [locus_tag=RhiXN_04244] [protein=alpha/beta hydrolase family protein] [protein_id=QRW16243.1] [location=join(2270983..2271290,2271344..2271412,2271476..2272364,2272419..2272586)] [gbkey=CDS]",0.10504201680672269,0.04831932773109244,0.03991596638655462,0.037815126050420166,0.023109243697478993,0.031512605042016806,0.03571428571428571,0.08823529411764706,0.025210084033613446,0.046218487394957986,0.07983193277310924,0.023109243697478993,0.023109243697478993,0.046218487394957986,0.052521008403361345,0.11554621848739496,0.05672268907563025,0.02100840336134454,0.03571428571428571,0.06512605042016807
"lcl|CP059658.1_cds_QRW16244.1_727 [locus_tag=RhiXN_04245] [protein=lipin-1] [protein_id=QRW16244.1] [location=join(2272900..2273100,2273250..2273534,2273589..2274039,2274090..2274156,2274210..2274987,2275045..2275158,2275214..2275353,2275414..2275653,2275717..2275944,2276000..2276678)] [gbkey=CDS]",0.0764872521246459,0.06987724268177525,0.033050047214353166,0.08120868744098206,0.003777148253068933,0.023607176581680833,0.07554296506137866,0.0708215297450425,0.021718602455146365,0.0453257790368272,0.08120868744098206,0.03777148253068933,0.021718602455146365,0.030217186024551465,0.07837582625118036,0.10953729933899906,0.06232294617563739,0.012275731822474031,0.02077431539187913,0.044381491973559964
"lcl|CP059658.1_cds_QRW16245.1_728 [locus_tag=RhiXN_04246] [protein=GTPase activating protein for Arf protein] [protein_id=QRW16245.1] [location=complement(join(2277005..2277322,2277349..2277462,2277517..2277756,2277813..2278037,2278090..2278218,2278296..2278353,2278418..2278479,2278550..2278560,2278611..2278688,2278739..2279075))] [gbkey=CDS]",0.10153256704980843,0.05172413793103448,0.040229885057471264,0.05555555555555555,0.019157088122605363,0.03065134099616858,0.04597701149425287,0.10727969348659004,0.03065134099616858,0.02490421455938697,0.06321839080459771,0.0421455938697318,0.013409961685823755,0.022988505747126436,0.08237547892720307,0.09961685823754789,0.06704980842911877,0.028735632183908046,0.02490421455938697,0.04789272030651341
"lcl|CP059658.1_cds_QRW16246.1_729 [locus_tag=RhiXN_04247] [protein=velvet factor] [protein_id=QRW16246.1] [location=join(2280128..2280168,2280247..2280592,2280655..2281267,2281331..2281370,2281433..2281551,2281616..2281788)] [gbkey=CDS]",0.09728506787330317,0.05203619909502263,0.04072398190045249,0.05203619909502263,0,0.05203619909502263,0.033936651583710405,0.09954751131221719,0.04524886877828054,0.013574660633484163,0.042986425339366516,0.013574660633484163,0.011312217194570135,0.02262443438914027,0.16063348416289594,0.08597285067873303,0.08144796380090498,0.006787330316742082,0.04751131221719457,0.04072398190045249
"lcl|CP059658.1_cds_QRW16247.1_730 [locus_tag=RhiXN_04248] [protein=pentatricopeptide repeat-containing protein 5, mitochondrial] [protein_id=QRW16247.1] [location=complement(join(2281930..2285009,2285081..2285350,2285395..2285632,2285933..2285945,2286001..2286193,2286250..2286278,2286333..2286336,2286398..2286419,2286491..2286574))] [gbkey=CDS]",0.0962566844919786,0.06951871657754011,0.03819709702062643,0.053475935828877004,0.0030557677616501145,0.04048892284186402,0.058823529411764705,0.060351413292589765,0.02826585179526356,0.05194805194805195,0.10007639419404125,0.04507257448433919,0.023682200152788387,0.03208556149732621,0.04430863254392666,0.08632543926661573,0.059587471352177235,0.015278838808250574,0.03208556149732621,0.061115355233002294
"lcl|CP059658.1_cds_QRW16248.1_731 [locus_tag=RhiXN_04249] [protein=DNA mismatch repair protein] [protein_id=QRW16248.1] [location=complement(join(2286780..2286867,2286920..2287019,2287081..2287258,2287310..2287885,2288083..2288484,2288547..2288687,2288738..2288820,2288871..2288886,2288942..2289019,2289071..2289124,2289181..2289336,2289380..2289469,2289519..2289604,2289656..2289718,2289779..2290034))] [gbkey=CDS]",0.060991105463786534,0.07369758576874205,0.03303684879288437,0.05844980940279543,0.017789072426937738,0.043202033036848796,0.0698856416772554,0.052096569250317665,0.029224904701397714,0.04955527318932656,0.096569250317662,0.03939008894536213,0.012706480304955527,0.048284625158831,0.05082592121982211,0.09275730622617535,0.07369758576874205,0.012706480304955527,0.01905972045743329,0.06607369758576874
"lcl|CP059658.1_cds_QRW16249.1_732 [locus_tag=RhiXN_04250] [protein=ribosome biogenesis regulatory protein] [protein_id=QRW16249.1] [location=join(2290208..2290248,2290296..2290391,2290447..2290781,2290833..2290943,2290989..2291019,2291072..2291387)] [gbkey=CDS]",0.11038961038961038,0.08116883116883117,0.03571428571428571,0.07467532467532467,0,0.03896103896103896,0.07792207792207792,0.06818181818181818,0.00974025974025974,0.045454545454545456,0.06168831168831169,0.12337662337662338,0.006493506493506494,0.00974025974025974,0.06493506493506493,0.05519480519480519,0.05519480519480519,0.01948051948051948,0.00974025974025974,0.05194805194805195
"lcl|CP059658.1_cds_QRW16250.1_733 [locus_tag=RhiXN_04251] [protein=Type 2A phosphatase-associated protein 41] [protein_id=QRW16250.1] [location=complement(join(2291465..2291698,2291753..2291920,2291974..2292241,2292299..2292717))] [gbkey=CDS]",0.055401662049861494,0.06371191135734072,0.04155124653739612,0.07202216066481995,0.0110803324099723,0.0221606648199446,0.07756232686980609,0.060941828254847646,0.01662049861495845,0.04709141274238227,0.09695290858725762,0.0332409972299169,0.013850415512465374,0.0332409972299169,0.09695290858725762,0.08587257617728532,0.060941828254847646,0.0221606648199446,0.024930747922437674,0.06371191135734072
"lcl|CP059658.1_cds_QRW16251.1_734 [locus_tag=RhiXN_04252] [protein=WD40 domain protein] [protein_id=QRW16251.1] [location=complement(join(2293195..2293521,2293592..2293700,2293759..2293910,2293967..2294316,2294382..2294486,2294633..2294673,2294730..2294901,2294961..2295141))] [gbkey=CDS]",0.07756813417190776,0.05241090146750524,0.039832285115303984,0.06708595387840671,0.006289308176100629,0.03563941299790356,0.03563941299790356,0.08385744234800839,0.020964360587002098,0.04821802935010482,0.07127882599580712,0.020964360587002098,0.027253668763102725,0.018867924528301886,0.09014675052410902,0.11530398322851153,0.07337526205450734,0.031446540880503145,0.025157232704402517,0.05870020964360587
"lcl|CP059658.1_cds_QRW16252.1_735 [locus_tag=RhiXN_04253] [protein=hypothetical protein] [protein_id=QRW16252.1] [location=join(2296195..2296204,2296251..2296687)] [gbkey=CDS]",0.047619047619047616,0.061224489795918366,0.02040816326530612,0.034013605442176874,0,0.013605442176870748,0.047619047619047616,0.061224489795918366,0.05442176870748299,0.07482993197278912,0.08843537414965986,0.02040816326530612,0.027210884353741496,0.027210884353741496,0.08163265306122448,0.1360544217687075,0.10884353741496598,0.034013605442176874,0.006802721088435374,0.05442176870748299
"lcl|CP059658.1_cds_QRW16253.1_736 [locus_tag=RhiXN_04254] [protein=isochorismatase domain-containing protein 2] [protein_id=QRW16253.1] [location=join(2297396..2297551,2297617..2297760,2297816..2297896,2297955..2297981,2298037..2298192,2298247..2298336)] [gbkey=CDS]",0.06018518518518518,0.041666666666666664,0.027777777777777776,0.06018518518518518,0.018518518518518517,0.041666666666666664,0.06018518518518518,0.07407407407407407,0.032407407407407406,0.05555555555555555,0.08333333333333333,0.041666666666666664,0.013888888888888888,0.037037037037037035,0.05555555555555555,0.06944444444444445,0.06481481481481481,0.009259259259259259,0.05092592592592592,0.10185185185185185
"lcl|CP059658.1_cds_QRW16254.1_737 [locus_tag=RhiXN_04255] [protein=exosome complex exonuclease DIS3/RRP44] [protein_id=QRW16254.1] [location=join(2298948..2300213,2300267..2300729,2300778..2301007,2301059..2301471,2301525..2301870,2301915..2302072,2302122..2302496,2302549..2302672,2302726..2302875,2302930..2303031,2303081..2303372,2303426..2303489,2303546..2303744,2303795..2303948,2303990..2304255,2305208..2305375)] [gbkey=CDS]",0.09949622166246852,0.06738035264483627,0.057304785894206546,0.04848866498740554,0.006297229219143577,0.08312342569269521,0.06360201511335013,0.0743073047858942,0.020780856423173802,0.0371536523929471,0.07178841309823678,0.04659949622166247,0.01952141057934509,0.03211586901763224,0.06486146095717885,0.0743073047858942,0.05415617128463476,0.005667506297229219,0.0163727959697733,0.05667506297229219
"lcl|CP059658.1_cds_QRW16255.1_738 [locus_tag=RhiXN_04256] [protein=U3 small nucleolar RNA-associated protein] [protein_id=QRW16255.1] [location=join(2305724..2305772,2305830..2305929,2305985..2306092,2306304..2306412,2306475..2306705)] [gbkey=CDS]",0.050761421319796954,0.06598984771573604,0.04060913705583756,0.06598984771573604,0.01015228426395939,0.04060913705583756,0.09644670050761421,0.1065989847715736,0.02030456852791878,0.03553299492385787,0.08121827411167512,0.050761421319796954,0.01015228426395939,0.025380710659898477,0.09644670050761421,0.06091370558375635,0.04568527918781726,0.02030456852791878,0.005076142131979695,0.07106598984771574
"lcl|CP059658.1_cds_QRW16256.1_739 [locus_tag=RhiXN_04257] [protein=hypothetical protein] [protein_id=QRW16256.1] [location=join(2307458..2307571,2307621..2307660,2307698..2307718,2307782..2307980,2308036..2308097,2308155..2308279,2308325..2308454,2308516..2308654,2308716..2308743,2308799..2308970,2309018..2309133)] [gbkey=CDS]",0.060526315789473685,0.05263157894736842,0.018421052631578946,0.04736842105263158,0.005263157894736842,0.042105263157894736,0.060526315789473685,0.042105263157894736,0.039473684210526314,0.05526315789473684,0.08947368421052632,0.06315789473684211,0.018421052631578946,0.02894736842105263,0.07368421052631578,0.09210526315789473,0.07894736842105263,0.013157894736842105,0.02631578947368421,0.09210526315789473
"lcl|CP059658.1_cds_QRW16257.1_740 [locus_tag=RhiXN_04258] [protein=Isocitrate/isopropylmalate dehydrogenase] [protein_id=QRW16257.1] [location=complement(join(2309626..2309647,2309705..2309810,2309873..2309921,2309982..2310112,2310184..2310271,2310347..2310358,2310411..2310580,2310634..2310651,2310702..2310764,2310789..2310807,2310862..2310914,2310971..2311004,2311061..2311126,2311178..2311357))] [gbkey=CDS]",0.09850746268656717,0.03880597014925373,0.04477611940298507,0.05373134328358209,0.011940298507462687,0.014925373134328358,0.03880597014925373,0.08955223880597014,0.029850746268656716,0.07164179104477612,0.08955223880597014,0.056716417910447764,0.023880597014925373,0.03880597014925373,0.05970149253731343,0.07761194029850746,0.06567164179104477,0.0029850746268656717,0.029850746268656716,0.0626865671641791
"lcl|CP059658.1_cds_QRW16258.1_741 [locus_tag=RhiXN_04259] [protein=Fungal specific transcription factor domain] [protein_id=QRW16258.1] [location=join(2313449..2313525,2313578..2313647,2313721..2313778,2313953..2314230,2314281..2314307,2314373..2315105,2315163..2315233,2315289..2315399,2315464..2315504,2315561..2316235,2316289..2316356,2316406..2316647)] [gbkey=CDS]",0.0785276073619632,0.07975460122699386,0.026993865030674847,0.05030674846625767,0.012269938650306749,0.04049079754601227,0.05276073619631902,0.0638036809815951,0.03680981595092025,0.05766871165644172,0.1067484662576687,0.03067484662576687,0.0098159509202454,0.03558282208588957,0.06748466257668712,0.09570552147239264,0.06993865030674846,0.006134969325153374,0.03190184049079755,0.046625766871165646
"lcl|CP059658.1_cds_QRW16259.1_742 [locus_tag=RhiXN_04260] [protein=vacuolar protein sorting-associated protein VPS24] [protein_id=QRW16259.1] [location=join(2317340..2317456,2317510..2317687,2317751..2317872,2317923..2318078,2318141..2318227)] [gbkey=CDS]",0.07339449541284404,0.06422018348623854,0.013761467889908258,0.05504587155963303,0,0.0779816513761468,0.13761467889908258,0.05504587155963303,0.013761467889908258,0.027522935779816515,0.10550458715596331,0.09174311926605505,0.05504587155963303,0.013761467889908258,0.01834862385321101,0.05963302752293578,0.06880733944954129,0.0045871559633027525,0.0045871559633027525,0.05963302752293578
"lcl|CP059658.1_cds_QRW16260.1_743 [locus_tag=RhiXN_04261] [protein=beta-catenin-like protein 1] [protein_id=QRW16260.1] [location=join(2318522..2318545,2318605..2318662,2318715..2318983,2319065..2319171,2319221..2319506,2319556..2319649,2319702..2320074,2320125..2320260,2320315..2320460,2320511..2320550,2320604..2320735,2320783..2320971)] [gbkey=CDS]",0.08928571428571429,0.05357142857142857,0.03896103896103896,0.08116883116883117,0.00487012987012987,0.032467532467532464,0.1038961038961039,0.07305194805194805,0.00974025974025974,0.05519480519480519,0.10551948051948051,0.056818181818181816,0.022727272727272728,0.037337662337662336,0.037337662337662336,0.06655844155844155,0.05032467532467533,0.003246753246753247,0.00974025974025974,0.06818181818181818
"lcl|CP059658.1_cds_QRW16261.1_744 [locus_tag=RhiXN_04262] [protein=U3 small nucleolar RNA-associated protein 15] [protein_id=QRW16261.1] [location=complement(join(2321022..2321179,2321235..2321415,2321466..2321792,2321847..2322387,2322436..2322488,2322544..2322572,2322605..2322857))] [gbkey=CDS]",0.09375,0.0859375,0.025390625,0.06640625,0.01171875,0.029296875,0.02734375,0.06640625,0.02734375,0.064453125,0.09765625,0.048828125,0.021484375,0.03515625,0.048828125,0.083984375,0.080078125,0.005859375,0.021484375,0.05859375
"lcl|CP059658.1_cds_QRW16262.1_745 [locus_tag=RhiXN_04263] [protein=translationally-controlled tumor protein] [protein_id=QRW16262.1] [location=join(2323077..2323135,2323193..2323266,2323328..2323458,2323512..2323634,2323686..2323755,2323813..2323859)] [gbkey=CDS]",0.08433734939759036,0.012048192771084338,0.04819277108433735,0.08433734939759036,0.006024096385542169,0.024096385542168676,0.09036144578313253,0.060240963855421686,0,0.04819277108433735,0.09036144578313253,0.1144578313253012,0.018072289156626505,0.04819277108433735,0.018072289156626505,0.060240963855421686,0.030120481927710843,0.006024096385542169,0.06626506024096386,0.09036144578313253
"lcl|CP059658.1_cds_QRW16263.1_746 [locus_tag=RhiXN_04264] [protein=hypothetical protein] [protein_id=QRW16263.1] [location=complement(join(2324073..2324142,2324191..2324263,2324322..2324349,2324404..2324787))] [gbkey=CDS]",0.09289617486338798,0.0546448087431694,0.04371584699453552,0.0546448087431694,0.01092896174863388,0.09289617486338798,0.04918032786885246,0.060109289617486336,0.0273224043715847,0.01092896174863388,0.07650273224043716,0.03825136612021858,0.02185792349726776,0.03278688524590164,0.08196721311475409,0.09836065573770492,0.0546448087431694,0.02185792349726776,0.03278688524590164,0.04371584699453552
"lcl|CP059658.1_cds_QRW16264.1_747 [locus_tag=RhiXN_04265] [protein=hypothetical protein] [protein_id=QRW16264.1] [location=complement(join(2324851..2324854,2324908..2325185))] [gbkey=CDS]",0.043478260869565216,0.010869565217391304,0.07608695652173914,0.03260869565217391,0,0.21739130434782608,0,0.10869565217391304,0.021739130434782608,0.010869565217391304,0,0,0.06521739130434782,0.021739130434782608,0.13043478260869565,0.13043478260869565,0.021739130434782608,0.010869565217391304,0.08695652173913043,0.010869565217391304
"lcl|CP059658.1_cds_QRW16265.1_748 [locus_tag=RhiXN_04266] [protein=transporter protein Sec22] [protein_id=QRW16265.1] [location=join(2325343..2325414,2325466..2325575,2325622..2325782,2325834..2325995,2326050..2326127,2326179..2326255)] [gbkey=CDS]",0.0963302752293578,0.0779816513761468,0.027522935779816515,0.05504587155963303,0.013761467889908258,0.03211009174311927,0.06880733944954129,0.04128440366972477,0.013761467889908258,0.05045871559633028,0.10091743119266056,0.06422018348623854,0.01834862385321101,0.04128440366972477,0.03211009174311927,0.0871559633027523,0.06422018348623854,0.009174311926605505,0.05045871559633028,0.05504587155963303
"lcl|CP059658.1_cds_QRW16266.1_749 [locus_tag=RhiXN_04267] [protein=hypothetical protein] [protein_id=QRW16266.1] [location=join(2329144..2329318,2329370..2329459,2329514..2329582,2329644..2329690,2329742..2329964,2330036..2330109,2330174..2330342,2330404..2330456,2330508..2330582)] [gbkey=CDS]",0.08359133126934984,0.07120743034055728,0.03715170278637771,0.018575851393188854,0.01238390092879257,0.021671826625386997,0.04024767801857585,0.07430340557275542,0.02786377708978328,0.08978328173374613,0.09287925696594428,0.030959752321981424,0.04024767801857585,0.05263157894736842,0.043343653250773995,0.06811145510835913,0.06811145510835913,0.018575851393188854,0.043343653250773995,0.06501547987616099
"lcl|CP059658.1_cds_QRW16267.1_750 [locus_tag=RhiXN_04268] [protein=Bystin] [protein_id=QRW16267.1] [location=complement(join(2330722..2330875,2330924..2331069,2331117..2331263,2331317..2331525,2331583..2331664,2331718..2331754,2331803..2331860,2331916..2332087,2332144..2332362,2332414..2332563))] [gbkey=CDS]",0.09210526315789473,0.06140350877192982,0.041666666666666664,0.07456140350877193,0.006578947368421052,0.02850877192982456,0.08771929824561403,0.043859649122807015,0.03070175438596491,0.03728070175438596,0.1074561403508772,0.07236842105263158,0.017543859649122806,0.021929824561403508,0.06359649122807018,0.06140350877192982,0.046052631578947366,0.006578947368421052,0.03070175438596491,0.06798245614035088
"lcl|CP059658.1_cds_QRW16268.1_751 [locus_tag=RhiXN_04269] [protein=hypothetical protein] [protein_id=QRW16268.1] [location=join(2332708..2332760,2332817..2332851,2332905..2332931,2332987..2333048,2333106..2333153,2333200..2333326,2333379..2333559,2333618..2333674,2333728..2333955,2334013..2334042,2334092..2334216,2334270..2334440,2334498..2334516,2334650..2334776)] [gbkey=CDS]",0.07009345794392523,0.0397196261682243,0.04205607476635514,0.037383177570093455,0.011682242990654205,0.04672897196261682,0.02102803738317757,0.07710280373831775,0.009345794392523364,0.07476635514018691,0.11448598130841121,0.02336448598130841,0.02336448598130841,0.08411214953271028,0.053738317757009345,0.09579439252336448,0.04906542056074766,0.02336448598130841,0.03271028037383177,0.07009345794392523
"lcl|CP059658.1_cds_QRW16269.1_752 [locus_tag=RhiXN_04270] [protein=GMC oxidoreductase] [protein_id=QRW16269.1] [location=join(2335430..2335469,2335516..2335651,2335705..2335768,2335822..2335894,2335946..2336000,2336052..2336310,2336369..2336519,2336574..2336757,2336814..2337091,2337151..2337551)] [gbkey=CDS]",0.08256880733944955,0.047706422018348627,0.060550458715596334,0.05688073394495413,0.007339449541284404,0.03302752293577982,0.012844036697247707,0.09541284403669725,0.009174311926605505,0.07339449541284404,0.06972477064220184,0.04036697247706422,0.014678899082568808,0.029357798165137616,0.05321100917431193,0.08073394495412844,0.09357798165137615,0.025688073394495414,0.03853211009174312,0.07522935779816514
"lcl|CP059658.1_cds_QRW16270.1_753 [locus_tag=RhiXN_04271] [protein=EAF domain-containing protein] [protein_id=QRW16270.1] [location=complement(join(2338438..2338490,2338541..2339492,2339543..2339626,2339680..2339798,2339857..2340086,2340139..2340194,2340240..2340316,2340544..2340595,2340654..2340707,2340759..2340857,2340905..2341117,2341170..2341408,2341464..2341657,2341715..2342043,2342095..2342187,2342240..2342348,2342402..2342573,2342624..2342781,2342831..2343195,2343250..2343324))] [gbkey=CDS]",0.08958837772397095,0.04923325262308313,0.033091202582728005,0.058918482647296204,0.004842615012106538,0.0387409200968523,0.0774818401937046,0.07506053268765134,0.01775625504439064,0.041969330104923326,0.07909604519774012,0.0387409200968523,0.01694915254237288,0.031476997578692496,0.08635996771589992,0.07021791767554479,0.07263922518159806,0.016142050040355124,0.033091202582728005,0.06860371267150928
"lcl|CP059658.1_cds_QRW16271.1_754 [locus_tag=RhiXN_04272] [protein=Pumilio-family RNA binding repeat] [protein_id=QRW16271.1] [location=join(2343691..2343961,2344009..2344162,2344209..2344293,2344344..2344433,2344488..2344917,2344968..2345314,2345369..2345449,2345501..2345637,2345693..2345909,2345966..2346430)] [gbkey=CDS]",0.0845442536327609,0.059445178335535004,0.03830911492734478,0.0726552179656539,0.010568031704095112,0.04227212681638045,0.06340819022457067,0.047556142668428,0.02906208718626156,0.05019815059445178,0.10303830911492734,0.07001321003963012,0.018494055482166448,0.02774108322324967,0.043593130779392336,0.10700132100396301,0.052840158520475564,0.0066050198150594455,0.01453104359313078,0.05812417437252312
"lcl|CP059658.1_cds_QRW16272.1_755 [locus_tag=RhiXN_04273] [protein=stress-induced-phosphoprotein 1] [protein_id=QRW16272.1] [location=join(2346651..2346659,2346716..2346895,2346946..2347114,2347170..2347335,2347387..2347414,2347594..2347771,2347823..2347896,2347949..2348191,2348245..2348410,2348466..2348542,2348600..2348743,2348803..2348949)] [gbkey=CDS]",0.16380952380952382,0.049523809523809526,0.04380952380952381,0.06857142857142857,0.005714285714285714,0.049523809523809526,0.08952380952380952,0.0419047619047619,0.011428571428571429,0.05904761904761905,0.06857142857142857,0.10285714285714286,0.017142857142857144,0.030476190476190476,0.03619047619047619,0.05142857142857143,0.0419047619047619,0.007619047619047619,0.03238095238095238,0.02857142857142857
"lcl|CP059658.1_cds_QRW16273.1_756 [locus_tag=RhiXN_04274] [protein=GDP-mannose 4,6-dehydratase] [protein_id=QRW16273.1] [location=join(2349294..2349837,2349889..2350035,2350086..2350128,2350187..2350241,2350277..2350333,2350394..2350806,2350864..2350900)] [gbkey=CDS]",0.04186046511627907,0.05581395348837209,0.03953488372093023,0.06511627906976744,0.0069767441860465115,0.04186046511627907,0.05813953488372093,0.07209302325581396,0.03488372093023256,0.05581395348837209,0.05813953488372093,0.06046511627906977,0.027906976744186046,0.046511627906976744,0.06744186046511629,0.06046511627906977,0.07209302325581396,0.009302325581395349,0.037209302325581395,0.08837209302325581
"lcl|CP059658.1_cds_QRW16274.1_757 [locus_tag=RhiXN_04275] [protein=hypothetical protein] [protein_id=QRW16274.1] [location=join(2351131..2351174,2351227..2351557,2351625..2351772,2351888..2352197,2352241..2352604)] [gbkey=CDS]",0.09319899244332494,0.055415617128463476,0.04030226700251889,0.0327455919395466,0.017632241813602016,0.030226700251889168,0.06801007556675064,0.07808564231738035,0.0327455919395466,0.05289672544080604,0.08060453400503778,0.047858942065491183,0.005037783375314861,0.047858942065491183,0.055415617128463476,0.08816120906801007,0.05289672544080604,0.012594458438287154,0.027707808564231738,0.08060453400503778
"lcl|CP059658.1_cds_QRW16275.1_758 [locus_tag=RhiXN_04276] [protein=hypothetical protein] [protein_id=QRW16275.1] [location=complement(join(2353192..2353257,2353327..2353433,2353488..2353598,2353656..2353772,2353827..2353901,2353962..2354070))] [gbkey=CDS]",0.06735751295336788,0.08290155440414508,0.046632124352331605,0.06217616580310881,0.031088082901554404,0.05181347150259067,0.03626943005181347,0.07772020725388601,0.031088082901554404,0.05181347150259067,0.08808290155440414,0.06735751295336788,0.010362694300518135,0.04145077720207254,0.06735751295336788,0.031088082901554404,0.046632124352331605,0.015544041450777202,0.031088082901554404,0.06217616580310881
"lcl|CP059658.1_cds_QRW16276.1_759 [locus_tag=RhiXN_04277] [protein=hypothetical protein] [protein_id=QRW16276.1] [location=complement(join(2354578..2354642,2354695..2354786,2354826..2354896))] [gbkey=CDS]",0.0945945945945946,0.16216216216216217,0,0.06756756756756757,0.05405405405405406,0.04054054054054054,0,0.05405405405405406,0.02702702702702703,0.013513513513513514,0.10810810810810811,0.013513513513513514,0.04054054054054054,0.013513513513513514,0.10810810810810811,0.05405405405405406,0.04054054054054054,0.02702702702702703,0.02702702702702703,0.05405405405405406
"lcl|CP059658.1_cds_QRW16277.1_760 [locus_tag=RhiXN_04278] [protein=GMC oxidoreductase] [protein_id=QRW16277.1] [location=complement(join(2355875..2356057,2356095..2356276,2356330..2356843,2356944..2357029,2357084..2357234,2357292..2357550,2357599..2357653,2357708..2357780,2357834..2357897,2357947..2358190,2358422..2358540,2358594..2358852,2358906..2358951))] [gbkey=CDS]",0.08075370121130551,0.040376850605652756,0.05787348586810229,0.04306864064602961,0.008075370121130552,0.024226110363391656,0.018842530282637954,0.10363391655450875,0.014804845222072678,0.05787348586810229,0.06864064602960969,0.039030955585464336,0.018842530282637954,0.033647375504710635,0.06864064602960969,0.09152086137281291,0.09421265141318977,0.02557200538358008,0.040376850605652756,0.06998654104979811
"lcl|CP059658.1_cds_QRW16278.1_761 [locus_tag=RhiXN_04279] [protein=cytochrome b561 domain-containing protein] [protein_id=QRW16278.1] [location=complement(join(2360104..2360250,2360305..2360553,2360610..2361030,2361056..2361095,2361150..2361254,2361310..2361322,2361378..2361456,2361512..2361560,2361614..2361656,2361707..2361802))] [gbkey=CDS]",0.11650485436893204,0.04611650485436893,0.024271844660194174,0.02669902912621359,0.019417475728155338,0.03398058252427184,0.019417475728155338,0.10194174757281553,0.02669902912621359,0.06796116504854369,0.09951456310679611,0.019417475728155338,0.014563106796116505,0.0412621359223301,0.050970873786407765,0.06796116504854369,0.07766990291262135,0.02669902912621359,0.03155339805825243,0.08737864077669903
"lcl|CP059658.1_cds_QRW16279.1_762 [locus_tag=RhiXN_04280] [protein=short chain dehydrogenase] [protein_id=QRW16279.1] [location=complement(join(2362512..2362572,2362634..2362644,2362695..2362723,2362780..2362914,2363003..2363157,2363221..2363344,2363706..2363835,2363891..2363980,2364048..2364243,2364305..2364396,2364463..2364605,2365015..2365074,2365135..2365211,2365601..2365687,2365739..2365957,2366008..2366033))] [gbkey=CDS]",0.07734806629834254,0.06077348066298342,0.03867403314917127,0.06813996316758748,0.003683241252302026,0.034990791896869246,0.08287292817679558,0.08103130755064457,0.01841620626151013,0.06077348066298342,0.10497237569060773,0.058931860036832415,0.020257826887661142,0.03130755064456722,0.05156537753222836,0.058931860036832415,0.058931860036832415,0.011049723756906077,0.011049723756906077,0.06629834254143646
"lcl|CP059658.1_cds_QRW16280.1_763 [locus_tag=RhiXN_04281] [protein=orotidine-5'-phosphate decarboxylase] [protein_id=QRW16280.1] [location=join(2366193..2366360,2366438..2366549,2366602..2367119)] [gbkey=CDS]",0.056818181818181816,0.07575757575757576,0.03787878787878788,0.07575757575757576,0.011363636363636364,0.03787878787878788,0.06060606060606061,0.0946969696969697,0.022727272727272728,0.06818181818181818,0.08712121212121213,0.045454545454545456,0.011363636363636364,0.030303030303030304,0.030303030303030304,0.08333333333333333,0.06439393939393939,0.007575757575757576,0.03409090909090909,0.06439393939393939
"lcl|CP059658.1_cds_QRW16281.1_764 [locus_tag=RhiXN_04282] [protein=Tyrosine kinase domain-containing protein] [protein_id=QRW16281.1] [location=complement(join(2367428..2367724,2367774..2367782,2367844..2367921,2367972..2368097,2368156..2368176,2368231..2368278,2368550..2368756,2368826..2368916,2368965..2369554,2369617..2370450))] [gbkey=CDS]",0.06797385620915032,0.06013071895424837,0.03529411764705882,0.06405228758169934,0.02483660130718954,0.032679738562091505,0.05751633986928104,0.050980392156862744,0.0392156862745098,0.06535947712418301,0.10326797385620914,0.05751633986928104,0.01437908496732026,0.032679738562091505,0.047058823529411764,0.08888888888888889,0.05359477124183006,0.022222222222222223,0.0196078431372549,0.06274509803921569
"lcl|CP059658.1_cds_QRW16282.1_765 [locus_tag=RhiXN_04283] [protein=deoxyribodipyrimidine photo-lyase] [protein_id=QRW16282.1] [location=complement(join(2372240..2372421,2372477..2372618,2372669..2372776,2372829..2372933,2372986..2373038,2373093..2373443,2373492..2373626,2373679..2373700,2373749..2374012,2374068..2374225,2374281..2374608,2374667..2374743,2375079..2375133))] [gbkey=CDS]",0.0851063829787234,0.0790273556231003,0.034954407294832825,0.07142857142857142,0.013677811550151976,0.03343465045592705,0.0668693009118541,0.057750759878419454,0.02735562310030395,0.0425531914893617,0.07598784194528875,0.06838905775075987,0.022796352583586626,0.031914893617021274,0.057750759878419454,0.06990881458966565,0.0425531914893617,0.019756838905775075,0.03951367781155015,0.05927051671732523
"lcl|CP059658.1_cds_QRW16283.1_766 [locus_tag=RhiXN_04284] [protein=transketolase] [protein_id=QRW16283.1] [location=join(2375541..2375758,2375810..2376060,2376108..2376315,2376447..2377104,2377154..2377681,2377732..2377837,2377891..2377976)] [gbkey=CDS]",0.10395314787701318,0.03513909224011713,0.03953147877013177,0.04538799414348463,0.005856515373352855,0.03367496339677892,0.0629575402635432,0.10395314787701318,0.03367496339677892,0.0527086383601757,0.09077598828696926,0.055636896046852125,0.007320644216691069,0.03806734992679356,0.04685212298682284,0.06881405563689605,0.04978038067349927,0.013177159590043924,0.036603221083455345,0.07613469985358712
"lcl|CP059658.1_cds_QRW16284.1_767 [locus_tag=RhiXN_04285] [protein=Tyrosine kinase family catalytic domain protein] [protein_id=QRW16284.1] [location=join(2379793..2380572,2380625..2380831,2380882..2381052,2381102..2381149,2381200..2381220,2381266..2381391,2381445..2381531,2381582..2381590,2381640..2381722,2382206..2382409,2382475..2382561,2382621..2382712,2383070..2383806,2383854..2384121,2384285..2386341,2386482..2386718)] [gbkey=CDS]",0.09331797235023041,0.06682027649769585,0.029953917050691243,0.04665898617511521,0.012096774193548387,0.03168202764976959,0.05357142857142857,0.08237327188940093,0.029953917050691243,0.03456221198156682,0.07315668202764977,0.027649769585253458,0.012672811059907835,0.018433179723502304,0.0846774193548387,0.12730414746543778,0.06048387096774194,0.013248847926267281,0.0293778801843318,0.07200460829493087
"lcl|CP059658.1_cds_QRW16285.1_768 [locus_tag=RhiXN_04286] [protein=proteophosphoglycan 5] [protein_id=QRW16285.1] [location=join(2386742..2386891,2386945..2387862)] [gbkey=CDS]",0.09322033898305085,0.07062146892655367,0.03389830508474576,0.03389830508474576,0,0.06497175141242938,0.062146892655367235,0.07627118644067797,0.022598870056497175,0.01977401129943503,0.05367231638418079,0.07909604519774012,0.022598870056497175,0.022598870056497175,0.10451977401129943,0.14124293785310735,0.0423728813559322,0,0.022598870056497175,0.03389830508474576
"lcl|CP059658.1_cds_QRW16286.1_769 [locus_tag=RhiXN_04287] [protein=RhoGEF domain protein] [protein_id=QRW16286.1] [location=complement(join(2388339..2388378,2388430..2388602,2388653..2388775,2388831..2389073,2389123..2389260,2389311..2390533,2390587..2391153,2391204..2391411,2391466..2391794,2391847..2392425,2392478..2392580,2392631..2392753,2392806..2392991,2393046..2393281,2393334..2393640))] [gbkey=CDS]",0.10826771653543307,0.08530183727034121,0.01706036745406824,0.05643044619422572,0.007217847769028871,0.026246719160104987,0.06430446194225722,0.07480314960629922,0.013779527559055118,0.04133858267716536,0.08202099737532809,0.04199475065616798,0.025590551181102362,0.024278215223097113,0.07742782152230972,0.11089238845144357,0.06692913385826772,0.005905511811023622,0.015748031496062992,0.05446194225721785
"lcl|CP059658.1_cds_QRW16287.1_770 [locus_tag=RhiXN_04288] [protein=ubiquitin-protein ligase] [protein_id=QRW16287.1] [location=complement(join(2394504..2394666,2394726..2394875,2394929..2395490,2396041..2396904,2396964..2397141,2397210..2398827,2398879..2398955,2399023..2399085,2400150..2400771,2400829..2400953))] [gbkey=CDS]",0.07404891304347826,0.07540760869565218,0.025815217391304348,0.06114130434782609,0.015625,0.04008152173913043,0.06929347826086957,0.06182065217391304,0.03125,0.04076086956521739,0.09850543478260869,0.028532608695652172,0.01970108695652174,0.022418478260869564,0.08220108695652174,0.08220108695652174,0.07336956521739131,0.021059782608695652,0.024456521739130436,0.052309782608695655
"lcl|CP059658.1_cds_QRW16288.1_771 [locus_tag=RhiXN_04289] [protein=hypothetical protein] [protein_id=QRW16288.1] [location=join(2401040..2401147,2401272..2401304,2401352..2401685,2401735..2401868)] [gbkey=CDS]",0.0845771144278607,0.05472636815920398,0.03482587064676617,0.07960199004975124,0.004975124378109453,0.024875621890547265,0.07960199004975124,0.03980099502487562,0.014925373134328358,0.04975124378109453,0.1044776119402985,0.05970149253731343,0.014925373134328358,0.01990049751243781,0.07960199004975124,0.05472636815920398,0.06965174129353234,0.014925373134328358,0.014925373134328358,0.09950248756218906
"lcl|CP059658.1_cds_QRW16289.1_772 [locus_tag=RhiXN_04290] [protein=hypothetical protein] [protein_id=QRW16289.1] [location=complement(join(2401987..2402055,2402122..2402205,2402282..2402341))] [gbkey=CDS]",0.10144927536231885,0.11594202898550725,0.057971014492753624,0.057971014492753624,0,0.014492753623188406,0.07246376811594203,0.07246376811594203,0,0,0.07246376811594203,0.043478260869565216,0.043478260869565216,0.043478260869565216,0.028985507246376812,0.08695652173913043,0.11594202898550725,0.028985507246376812,0.028985507246376812,0.014492753623188406
"lcl|CP059658.1_cds_QRW16290.1_773 [locus_tag=RhiXN_04291] [protein=alpha/beta hydrolase family protein] [protein_id=QRW16290.1] [location=join(2402617..2402692,2402811..2402989,2403051..2403065,2403121..2403236,2403298..2403409,2403471..2403886,2403944..2404421)] [gbkey=CDS]",0.11471861471861472,0.049783549783549784,0.02813852813852814,0.04112554112554113,0.006493506493506494,0.045454545454545456,0.06926406926406926,0.08658008658008658,0.023809523809523808,0.049783549783549784,0.06277056277056277,0.04329004329004329,0.015151515151515152,0.030303030303030304,0.08225108225108226,0.06277056277056277,0.05627705627705628,0.01948051948051948,0.025974025974025976,0.08658008658008658
"lcl|CP059658.1_cds_QRW16291.1_774 [locus_tag=RhiXN_04292] [protein=GNAT family acetyltransferase] [protein_id=QRW16291.1] [location=complement(join(2404467..2404522,2404573..2404701,2404756..2404865,2404919..2405006,2405066..2405135,2405183..2405203))] [gbkey=CDS]",0.09615384615384616,0.07051282051282051,0.038461538461538464,0.038461538461538464,0.00641025641025641,0.038461538461538464,0.08333333333333333,0.0641025641025641,0.038461538461538464,0.038461538461538464,0.08974358974358974,0.07051282051282051,0.057692307692307696,0.00641025641025641,0.03205128205128205,0.04487179487179487,0.038461538461538464,0.00641025641025641,0.08333333333333333,0.057692307692307696
"lcl|CP059658.1_cds_QRW16292.1_775 [locus_tag=RhiXN_04293] [protein=NADH dehydrogenase] [protein_id=QRW16292.1] [location=join(2405339..2405549,2405608..2405742,2405797..2405897,2405954..2406052)] [gbkey=CDS]",0.09444444444444444,0.07777777777777778,0.03333333333333333,0.03888888888888889,0.016666666666666666,0.016666666666666666,0.05,0.07222222222222222,0.016666666666666666,0.05,0.12777777777777777,0.03888888888888889,0.011111111111111112,0.044444444444444446,0.07777777777777778,0.06666666666666667,0.08333333333333333,0.022222222222222223,0.011111111111111112,0.05
"lcl|CP059658.1_cds_QRW16293.1_776 [locus_tag=RhiXN_04294] [protein=aspartyl protease] [protein_id=QRW16293.1] [location=join(2406783..2406860,2406920..2407031,2407105..2407291,2407341..2407427,2407476..2407515,2407571..2407700,2407776..2407990)] [gbkey=CDS]",0.08185053380782918,0.028469750889679714,0.03202846975088968,0.060498220640569395,0.014234875444839857,0.03202846975088968,0.03558718861209965,0.12811387900355872,0.021352313167259787,0.05693950177935943,0.09608540925266904,0.046263345195729534,0,0.060498220640569395,0.0498220640569395,0.06761565836298933,0.07473309608540925,0.0071174377224199285,0.042704626334519574,0.06405693950177936
"lcl|CP059658.1_cds_QRW16294.1_777 [locus_tag=RhiXN_04295] [protein=Zinc-binding dehydrogenase] [protein_id=QRW16294.1] [location=join(2408917..2408973,2409034..2409109,2409228..2409246,2409297..2409465,2409527..2409649,2409697..2409783,2409837..2410051,2410104..2410248,2410303..2410434)] [gbkey=CDS]",0.0855457227138643,0.029498525073746312,0.035398230088495575,0.05309734513274336,0.017699115044247787,0.02359882005899705,0.05014749262536873,0.11209439528023599,0.02064896755162242,0.05604719764011799,0.09144542772861357,0.08259587020648967,0.02064896755162242,0.04129793510324484,0.05309734513274336,0.058997050147492625,0.05014749262536873,0.008849557522123894,0.029498525073746312,0.07964601769911504
"lcl|CP059658.1_cds_QRW16295.1_778 [locus_tag=RhiXN_04296] [protein=CLASP amino-terminal protein] [protein_id=QRW16295.1] [location=join(2411111..2411179,2411235..2411570,2411625..2411704,2411755..2412083,2412134..2412534,2412584..2412991,2413044..2413088,2413143..2413208,2413264..2413549,2413606..2413635,2413694..2413882,2413933..2414142,2414198..2414524,2414590..2415941,2416012..2416289,2416340..2417338,2417392..2417687,2417750..2417834,2417891..2418393,2418447..2418706)] [gbkey=CDS]",0.1265474552957359,0.055937643282897756,0.03255387436955525,0.055937643282897756,0.007336084364970197,0.03163686382393398,0.05685465382851903,0.061898211829436035,0.015589179275561669,0.0453920220082531,0.09949564419990829,0.06785878037597433,0.016964695093993582,0.023383768913342505,0.07840440165061899,0.07977991746905089,0.0614397065566254,0.006419073819348923,0.015589179275561669,0.06098120128381476
"lcl|CP059658.1_cds_QRW16296.1_779 [locus_tag=RhiXN_04297] [protein=acyltransferase] [protein_id=QRW16296.1] [location=join(2418937..2419213,2419269..2420312,2420360..2420606,2420659..2420803,2420853..2421659,2422432..2422631,2422683..2423343)] [gbkey=CDS]",0.08888888888888889,0.08,0.024888888888888887,0.048,0.009777777777777778,0.030222222222222223,0.05688888888888889,0.06844444444444445,0.022222222222222223,0.052444444444444446,0.104,0.04,0.024,0.042666666666666665,0.06222222222222222,0.09333333333333334,0.048,0.014222222222222223,0.024888888888888887,0.06488888888888888
"lcl|CP059658.1_cds_QRW16297.1_780 [locus_tag=RhiXN_04298] [protein=ribosomal protein S21] [protein_id=QRW16297.1] [location=complement(join(2425361..2425380,2425447..2425471,2425562..2426062))] [gbkey=CDS]",0.08888888888888889,0.12222222222222222,0.022222222222222223,0.03888888888888889,0,0.016666666666666666,0.044444444444444446,0.05555555555555555,0.027777777777777776,0.05,0.08888888888888889,0.027777777777777776,0.011111111111111112,0.016666666666666666,0.06666666666666667,0.14444444444444443,0.06111111111111111,0.016666666666666666,0.03333333333333333,0.06666666666666667
"lcl|CP059658.1_cds_QRW16298.1_781 [locus_tag=RhiXN_04299] [protein=WD40 repeat protein] [protein_id=QRW16298.1] [location=join(2426198..2426236,2426288..2426321,2426379..2426441,2426495..2426625,2426684..2426818,2426874..2426929,2426981..2427099,2427161..2427318)] [gbkey=CDS]",0.05761316872427984,0.04938271604938271,0.024691358024691357,0.09053497942386832,0,0.037037037037037035,0.16872427983539096,0.04526748971193416,0.00823045267489712,0.04938271604938271,0.08641975308641975,0.08641975308641975,0.024691358024691357,0.024691358024691357,0.02880658436213992,0.06172839506172839,0.06584362139917696,0.00823045267489712,0.024691358024691357,0.05761316872427984
"lcl|CP059658.1_cds_QRW16299.1_782 [locus_tag=RhiXN_04300] [protein=hypothetical protein] [protein_id=QRW16299.1] [location=complement(join(2427386..2427595,2427656..2427715,2427768..2427845,2427890..2427916))] [gbkey=CDS]",0.0975609756097561,0.11382113821138211,0.06504065040650407,0.04878048780487805,0,0.06504065040650407,0.06504065040650407,0.016260162601626018,0.008130081300813009,0.016260162601626018,0.07317073170731707,0.14634146341463414,0.008130081300813009,0.016260162601626018,0.04065040650406504,0.10569105691056911,0.06504065040650407,0,0.008130081300813009,0.04065040650406504
"lcl|CP059658.1_cds_QRW16300.1_783 [locus_tag=RhiXN_04301] [protein=hypothetical protein] [protein_id=QRW16300.1] [location=join(2429729..2429772,2429824..2429906,2429969..2429998,2430053..2430180)] [gbkey=CDS]",0.11827956989247312,0.11827956989247312,0.07526881720430108,0.043010752688172046,0,0.021505376344086023,0,0.043010752688172046,0.021505376344086023,0.07526881720430108,0.06451612903225806,0.043010752688172046,0.021505376344086023,0.021505376344086023,0.053763440860215055,0.12903225806451613,0.07526881720430108,0,0.03225806451612903,0.043010752688172046
"lcl|CP059658.1_cds_QRW16301.1_784 [locus_tag=RhiXN_04302] [protein=Cyclin, N-terminal domain] [protein_id=QRW16301.1] [location=complement(join(2430384..2430651,2430731..2430978,2431030..2431173,2431224..2431305,2431356..2431501))] [gbkey=CDS]",0.09183673469387756,0.03741496598639456,0.04081632653061224,0.05782312925170068,0.023809523809523808,0.04421768707482993,0.05782312925170068,0.034013605442176874,0.030612244897959183,0.05442176870748299,0.12244897959183673,0.04421768707482993,0.02040816326530612,0.05102040816326531,0.034013605442176874,0.08503401360544217,0.05782312925170068,0.017006802721088437,0.027210884353741496,0.06802721088435375
"lcl|CP059658.1_cds_QRW16302.1_785 [locus_tag=RhiXN_04303] [protein=DnaJ domain protein] [protein_id=QRW16302.1] [location=complement(join(2431736..2432358,2432465..2432849))] [gbkey=CDS]",0.10479041916167664,0.07784431137724551,0.03293413173652695,0.09580838323353294,0,0.02694610778443114,0.08982035928143713,0.08383233532934131,0.017964071856287425,0.03293413173652695,0.05688622754491018,0.10479041916167664,0.014970059880239521,0.02694610778443114,0.02694610778443114,0.08982035928143713,0.03293413173652695,0.008982035928143712,0.03293413173652695,0.041916167664670656
"lcl|CP059658.1_cds_QRW16303.1_786 [locus_tag=RhiXN_04304] [protein=major facilitator superfamily transporter] [protein_id=QRW16303.1] [location=complement(join(2433085..2433153,2433213..2433277,2433333..2433351,2433408..2433506,2433566..2433663,2433720..2433974,2434046..2434151,2434206..2434362,2434419..2434457,2434512..2434554,2434658..2434810,2434863..2434963,2435010..2435070,2435122..2435204,2435262..2435524))] [gbkey=CDS]",0.09532710280373832,0.052336448598130844,0.03364485981308411,0.03177570093457944,0.020560747663551402,0.05046728971962617,0.022429906542056073,0.0616822429906542,0.018691588785046728,0.06728971962616823,0.11401869158878504,0.022429906542056073,0.024299065420560748,0.06355140186915888,0.0616822429906542,0.08224299065420561,0.05794392523364486,0.028037383177570093,0.029906542056074768,0.0616822429906542
"lcl|CP059658.1_cds_QRW16304.1_787 [locus_tag=RhiXN_04305] [protein=protein phosphatase] [protein_id=QRW16304.1] [location=join(2435887..2436000,2436059..2436337,2436402..2436416,2436476..2436524,2436569..2436766,2436815..2436875,2436933..2437019,2437069..2437183,2437239..2437377,2437650..2437687,2437751..2437761,2437815..2437854)] [gbkey=CDS]",0.08947368421052632,0.05263157894736842,0.031578947368421054,0.06315789473684211,0.015789473684210527,0.04473684210526316,0.04473684210526316,0.06842105263157895,0.02894736842105263,0.060526315789473685,0.09473684210526316,0.05,0.007894736842105263,0.04473684210526316,0.06578947368421052,0.10263157894736842,0.042105263157894736,0.013157894736842105,0.02368421052631579,0.05526315789473684
"lcl|CP059658.1_cds_QRW16305.1_788 [locus_tag=RhiXN_04306] [protein=dipeptidyl peptidase 3] [protein_id=QRW16305.1] [location=complement(join(2437974..2438115,2438178..2438332,2438402..2438581,2438658..2438699,2438757..2438794,2438854..2438968,2439030..2439075,2439129..2439271,2439336..2439350,2439404..2439454,2439560..2439565,2439628..2439647,2439700..2439729,2439783..2439813,2439925..2439999,2440051..2440094,2440146..2440181,2440229..2440260,2440311..2440353,2440409..2440584,2440644..2440753,2440812..2440871,2440942..2441073,2441137..2441457))] [gbkey=CDS]",0.09131075110456553,0.03829160530191458,0.030927835051546393,0.055964653902798235,0.008836524300441826,0.030927835051546393,0.09131075110456553,0.06774668630338733,0.01914580265095729,0.050073637702503684,0.09131075110456553,0.08394698085419734,0.007363770250368188,0.048600883652430045,0.039764359351988215,0.061855670103092786,0.053019145802650956,0.014727540500736377,0.03829160530191458,0.07658321060382917
"lcl|CP059658.1_cds_QRW16306.1_789 [locus_tag=RhiXN_04307] [protein=agmatinase] [protein_id=QRW16306.1] [location=complement(join(2441754..2441875,2441934..2441945,2442015..2442046,2442107..2442166,2442214..2442232,2442289..2442309,2442363..2442382,2442433..2442566,2442620..2443012,2443061..2443107,2443160..2443514))] [gbkey=CDS]",0.10173697270471464,0.052109181141439205,0.01488833746898263,0.0794044665012407,0.01240694789081886,0.019851116625310174,0.04466501240694789,0.09429280397022333,0.03722084367245657,0.06699751861042183,0.06947890818858561,0.04466501240694789,0.02977667493796526,0.02977667493796526,0.05707196029776675,0.062034739454094295,0.06699751861042183,0.01240694789081886,0.03225806451612903,0.07196029776674938
lcl|CP059658.1_cds_QRW16307.1_790 [locus_tag=RhiXN_04308] [protein=hypothetical protein] [protein_id=QRW16307.1] [location=complement(2443763..2445316)] [gbkey=CDS],0.10852713178294573,0.08333333333333333,0.040697674418604654,0.02131782945736434,0.001937984496124031,0.044573643410852716,0.08527131782945736,0.0755813953488372,0.027131782945736434,0.03875968992248062,0.12015503875968993,0.03294573643410853,0.011627906976744186,0.03488372093023256,0.060077519379844964,0.07945736434108527,0.050387596899224806,0.027131782945736434,0.01744186046511628,0.03875968992248062
"lcl|CP059658.1_cds_QRW16308.1_791 [locus_tag=RhiXN_04309] [protein=cytochrome P450 family protein] [protein_id=QRW16308.1] [location=join(2446201..2446332,2446380..2446514,2446563..2446599,2446660..2446780,2446830..2447008,2447062..2447117,2447169..2447307,2447372..2447486,2447541..2447667,2447728..2447913,2447993..2448001)] [gbkey=CDS]",0.05121951219512195,0.07804878048780488,0.046341463414634146,0.07073170731707316,0.007317073170731708,0.03170731707317073,0.06097560975609756,0.05121951219512195,0.01951219512195122,0.05121951219512195,0.1024390243902439,0.046341463414634146,0.02195121951219512,0.06829268292682927,0.05365853658536585,0.09024390243902439,0.06341463414634146,0.01707317073170732,0.024390243902439025,0.04390243902439024
"lcl|CP059658.1_cds_QRW16309.1_792 [locus_tag=RhiXN_04310] [protein=copper resistance-associated P-type ATPase] [protein_id=QRW16309.1] [location=complement(join(2448069..2448701,2448737..2450733,2450787..2451047,2451093..2451130,2451182..2451303,2451361..2451552,2451815..2452076,2452132..2452963,2453017..2453647,2453710..2453977,2454036..2454452,2454506..2454757,2454823..2455065,2455125..2455509,2455551..2455566))] [gbkey=CDS]",0.08803301237964237,0.055479138010087116,0.026593305823016965,0.05685465382851903,0.015589179275561669,0.029802842732691424,0.0687757909215956,0.06602475928473177,0.02246675836772123,0.052269601100412656,0.1031636863823934,0.03897294818890417,0.020174232003668042,0.03530490600641907,0.0541036221916552,0.09628610729023383,0.059147180192572216,0.010087116001834021,0.019715726730857405,0.0811554332874828
"lcl|CP059658.1_cds_QRW16310.1_793 [locus_tag=RhiXN_04311] [protein=hypothetical protein] [protein_id=QRW16310.1] [location=complement(join(2456267..2456365,2456422..2456628))] [gbkey=CDS]",0.11,0.04,0.03,0.02,0.04,0.03,0.16,0.04,0.03,0,0.08,0.1,0.01,0.02,0.08,0.07,0.06,0.02,0.04,0.02
"lcl|CP059658.1_cds_QRW16311.1_794 [locus_tag=RhiXN_04312] [protein=hypothetical protein] [protein_id=QRW16311.1] [location=join(2457009..2457071,2457131..2457217,2457272..2457766)] [gbkey=CDS]",0.09389671361502347,0.009389671361502348,0.023474178403755867,0,0.009389671361502348,0.009389671361502348,0.028169014084507043,0.046948356807511735,0.009389671361502348,0.06572769953051644,0.046948356807511735,0.014084507042253521,0,0.03286384976525822,0.12206572769953052,0.22065727699530516,0.1784037558685446,0,0.014084507042253521,0.07511737089201878
"lcl|CP059658.1_cds_QRW16312.1_795 [locus_tag=RhiXN_04313] [protein=hypothetical protein] [protein_id=QRW16312.1] [location=join(2458898..2458951,2459009..2459131,2459183..2459266,2459302..2460024)] [gbkey=CDS]",0.08895705521472393,0.027607361963190184,0.015337423312883436,0.06748466257668712,0.003067484662576687,0.009202453987730062,0.03987730061349693,0.024539877300613498,0.012269938650306749,0.06441717791411043,0.049079754601226995,0.003067484662576687,0.003067484662576687,0.024539877300613498,0.11042944785276074,0.1196319018404908,0.2668711656441718,0,0.009202453987730062,0.06134969325153374
"lcl|CP059658.1_cds_QRW16313.1_796 [locus_tag=RhiXN_04314] [protein=chromosome transmission fidelity protein 1] [protein_id=QRW16313.1] [location=complement(join(2461413..2461730,2461788..2461968,2462019..2462125,2462176..2462268,2462332..2462904,2462976..2463223,2463274..2463383,2463435..2463531,2463584..2463707,2463757..2463975,2464019..2464234,2464284..2464361,2464415..2464447))] [gbkey=CDS]",0.06775407779171895,0.07151819322459223,0.03513174404015056,0.05771643663739021,0.015056461731493099,0.027603513174404015,0.07904642409033877,0.0451693851944793,0.018820577164366373,0.06524466750313676,0.10037641154328733,0.05520702634880803,0.03136762860727729,0.03889585947302384,0.0451693851944793,0.07026348808030113,0.05897114178168131,0.006273525721455458,0.03513174404015056,0.07528230865746549
"lcl|CP059658.1_cds_QRW16314.1_797 [locus_tag=RhiXN_04315] [protein=lipid phosphate phosphatase 1] [protein_id=QRW16314.1] [location=join(2464795..2464950,2465009..2465092,2465137..2465165,2465218..2465295,2465355..2465473,2465526..2465593,2465647..2465781,2465842..2465929,2465985..2466352)] [gbkey=CDS]",0.10187667560321716,0.05361930294906166,0.05093833780160858,0.05361930294906166,0.013404825737265416,0.029490616621983913,0.0160857908847185,0.06702412868632708,0.03485254691689008,0.08042895442359249,0.08310991957104558,0.024128686327077747,0.00804289544235925,0.07238605898123325,0.06702412868632708,0.0777479892761394,0.058981233243967826,0.024128686327077747,0.040214477211796246,0.04289544235924933
"lcl|CP059658.1_cds_QRW16315.1_798 [locus_tag=RhiXN_04316] [protein=hypothetical protein] [protein_id=QRW16315.1] [location=complement(join(2470252..2471045,2471102..2471492))] [gbkey=CDS]",0.058524173027989825,0.09923664122137404,0.017811704834605598,0.022900763358778626,0.002544529262086514,0.030534351145038167,0.03307888040712468,0.03307888040712468,0.015267175572519083,0.030534351145038167,0.05597964376590331,0.03816793893129771,0.007633587786259542,0.015267175572519083,0.183206106870229,0.183206106870229,0.10178117048346055,0.015267175572519083,0.01272264631043257,0.043256997455470736
"lcl|CP059658.1_cds_QRW16316.1_799 [locus_tag=RhiXN_04317] [protein=PCI domain-containing protein] [protein_id=QRW16316.1] [location=complement(join(2472535..2472776,2472828..2472975))] [gbkey=CDS]",0.140625,0.0703125,0.0078125,0.046875,0,0.0625,0.0546875,0.078125,0.015625,0.0703125,0.09375,0.0625,0,0.0078125,0.0078125,0.0859375,0.09375,0.0234375,0.0078125,0.0703125
"lcl|CP059658.1_cds_QRW16317.1_800 [locus_tag=RhiXN_04318] [protein=PCI domain-containing protein] [protein_id=QRW16317.1] [location=complement(join(2473026..2473296,2473357..2473575,2473633..2473774,2473853..2474042,2474097..2474144))] [gbkey=CDS]",0.10069444444444445,0.059027777777777776,0.034722222222222224,0.06597222222222222,0,0.03125,0.0798611111111111,0.052083333333333336,0.03125,0.027777777777777776,0.125,0.041666666666666664,0.006944444444444444,0.052083333333333336,0.03819444444444445,0.10069444444444445,0.04513888888888889,0.010416666666666666,0.027777777777777776,0.06944444444444445
"lcl|CP059658.1_cds_QRW16318.1_801 [locus_tag=RhiXN_04319] [protein=U3 small nucleolar RNA-associated protein 12] [protein_id=QRW16318.1] [location=complement(join(2474537..2474739,2474835..2475015,2475075..2475623,2475677..2475766,2475826..2476968))] [gbkey=CDS]",0.10833333333333334,0.04861111111111111,0.02638888888888889,0.07916666666666666,0.006944444444444444,0.029166666666666667,0.07083333333333333,0.06944444444444445,0.025,0.03888888888888889,0.1,0.05,0.005555555555555556,0.015277777777777777,0.059722222222222225,0.1,0.07222222222222222,0.008333333333333333,0.011111111111111112,0.075
"lcl|CP059658.1_cds_QRW16319.1_802 [locus_tag=RhiXN_04320] [protein=lipoate-protein ligase A] [protein_id=QRW16319.1] [location=join(2478421..2478474,2478532..2478747,2478799..2478873,2478929..2479120)] [gbkey=CDS]",0.03954802259887006,0.06779661016949153,0.03389830508474576,0.062146892655367235,0.011299435028248588,0.03389830508474576,0.06779661016949153,0.062146892655367235,0.02824858757062147,0.04519774011299435,0.10734463276836158,0.04519774011299435,0.011299435028248588,0.03954802259887006,0.02824858757062147,0.096045197740113,0.0903954802259887,0.02824858757062147,0.03389830508474576,0.06779661016949153
"lcl|CP059658.1_cds_QRW16320.1_803 [locus_tag=RhiXN_04321] [protein=SCF E3 ubiquitin ligase complex F-box protein grrA] [protein_id=QRW16320.1] [location=complement(join(2479281..2480198,2480286..2480572,2480631..2480698,2480761..2481100,2481157..2481994))] [gbkey=CDS]",0.0834355828220859,0.07484662576687116,0.04171779141104295,0.05766871165644172,0.023312883435582823,0.029447852760736196,0.03680981595092025,0.06503067484662577,0.023312883435582823,0.046625766871165646,0.12269938650306748,0.018404907975460124,0.013496932515337423,0.024539877300613498,0.06012269938650307,0.1165644171779141,0.07484662576687116,0.006134969325153374,0.020858895705521473,0.06012269938650307
"lcl|CP059658.1_cds_QRW16321.1_804 [locus_tag=RhiXN_04322] [protein=vacuolar transporter chaperone 1] [protein_id=QRW16321.1] [location=complement(join(2482690..2482733,2482791..2482815,2482872..2482969,2483031..2483067,2483124..2483291))] [gbkey=CDS]",0.13114754098360656,0.07377049180327869,0.02459016393442623,0.02459016393442623,0.00819672131147541,0.02459016393442623,0.02459016393442623,0.07377049180327869,0.01639344262295082,0.07377049180327869,0.13114754098360656,0.03278688524590164,0.01639344262295082,0.06557377049180328,0.040983606557377046,0.040983606557377046,0.05737704918032787,0.01639344262295082,0.02459016393442623,0.09836065573770492
"lcl|CP059658.1_cds_QRW16322.1_805 [locus_tag=RhiXN_04323] [protein=SWR1-complex protein 4] [protein_id=QRW16322.1] [location=join(2483500..2483759,2483811..2483901,2483965..2484034,2484081..2484156,2484413..2484810,2484867..2485246,2485327..2485437)] [gbkey=CDS]",0.08260869565217391,0.08043478260869565,0.036956521739130437,0.058695652173913045,0.002173913043478261,0.036956521739130437,0.06956521739130435,0.06956521739130435,0.017391304347826087,0.041304347826086954,0.08043478260869565,0.08043478260869565,0.015217391304347827,0.01956521739130435,0.06304347826086956,0.09130434782608696,0.07391304347826087,0.008695652173913044,0.02391304347826087,0.04782608695652174
"lcl|CP059658.1_cds_QRW16323.1_806 [locus_tag=RhiXN_04324] [protein=Sugar (and other) transporter] [protein_id=QRW16323.1] [location=complement(join(2485729..2485877,2485928..2486144,2486260..2486431,2486481..2486551,2486606..2486909,2486965..2487034,2487085..2487196,2487244..2487298,2487449..2487518,2487566..2487575))] [gbkey=CDS]",0.12745098039215685,0.04656862745098039,0.03431372549019608,0.0392156862745098,0.014705882352941176,0.029411764705882353,0.029411764705882353,0.09068627450980392,0.00980392156862745,0.0661764705882353,0.10784313725490197,0.02696078431372549,0.024509803921568627,0.058823529411764705,0.056372549019607844,0.0784313725490196,0.03431372549019608,0.022058823529411766,0.031862745098039214,0.07107843137254902
"lcl|CP059658.1_cds_QRW16324.1_807 [locus_tag=RhiXN_04325] [protein=THOC7 domain-containing protein] [protein_id=QRW16324.1] [location=join(2487900..2487948,2488001..2488288,2488353..2488497,2488560..2489028)] [gbkey=CDS]",0.1111111111111111,0.06666666666666667,0.044444444444444446,0.08253968253968254,0,0.047619047619047616,0.11428571428571428,0.044444444444444446,0.025396825396825397,0.0380952380952381,0.09206349206349207,0.047619047619047616,0.015873015873015872,0.015873015873015872,0.06984126984126984,0.05714285714285714,0.05714285714285714,0.0031746031746031746,0.01904761904761905,0.047619047619047616
"lcl|CP059658.1_cds_QRW16325.1_808 [locus_tag=RhiXN_04326] [protein=hypothetical protein] [protein_id=QRW16325.1] [location=complement(join(2489117..2489303,2489365..2489546,2489605..2489889,2489980..2490173,2490228..2490391,2490459..2490577))] [gbkey=CDS]",0.06933333333333333,0.037333333333333336,0.02666666666666667,0.07466666666666667,0.010666666666666666,0.06133333333333333,0.06666666666666667,0.034666666666666665,0.02666666666666667,0.048,0.14666666666666667,0.06133333333333333,0.021333333333333333,0.05333333333333334,0.042666666666666665,0.072,0.058666666666666666,0.013333333333333334,0.018666666666666668,0.056
"lcl|CP059658.1_cds_QRW16326.1_809 [locus_tag=RhiXN_04327] [protein=oligosaccharyltransferase complex subunit] [protein_id=QRW16326.1] [location=join(2491059..2491369,2491426..2491629,2491682..2491981,2492034..2492589,2492652..2492774)] [gbkey=CDS]",0.0967741935483871,0.04435483870967742,0.04435483870967742,0.04233870967741935,0.0020161290322580645,0.03225806451612903,0.04233870967741935,0.05241935483870968,0.04032258064516129,0.04435483870967742,0.10080645161290322,0.05040322580645161,0.008064516129032258,0.034274193548387094,0.0625,0.0907258064516129,0.08266129032258064,0.008064516129032258,0.04435483870967742,0.07661290322580645
"lcl|CP059658.1_cds_QRW16327.1_810 [locus_tag=RhiXN_04328] [protein=cytochrome P450 family protein] [protein_id=QRW16327.1] [location=complement(join(2493284..2493452,2493512..2493607,2493662..2493771,2493824..2493895,2493954..2494059,2494111..2494146,2494203..2494216,2494267..2494356,2494407..2494776,2494840..2494994,2495057..2495193,2495256..2495352,2495448..2495498,2495641..2495748))] [gbkey=CDS]",0.08971962616822429,0.07289719626168224,0.03364485981308411,0.04299065420560748,0.013084112149532711,0.03364485981308411,0.05046728971962617,0.06355140186915888,0.014953271028037384,0.056074766355140186,0.11401869158878504,0.03925233644859813,0.028037383177570093,0.03551401869158879,0.0616822429906542,0.05794392523364486,0.06728971962616823,0.029906542056074768,0.037383177570093455,0.05794392523364486
"lcl|CP059658.1_cds_QRW16328.1_811 [locus_tag=RhiXN_04329] [protein=Retrotransposable element Tf2 protein] [protein_id=QRW16328.1] [location=complement(join(2497616..2497766,2497819..2498333,2498384..2498461,2498537..2499395,2499455..2499684))] [gbkey=CDS]",0.07060755336617405,0.07060755336617405,0.034482758620689655,0.05582922824302135,0.006568144499178982,0.041050903119868636,0.07717569786535304,0.05090311986863711,0.027914614121510674,0.042692939244663386,0.10509031198686371,0.07389162561576355,0.014778325123152709,0.0361247947454844,0.07389162561576355,0.059113300492610835,0.05090311986863711,0.024630541871921183,0.034482758620689655,0.04926108374384237
"lcl|CP059658.1_cds_QRW16329.1_812 [locus_tag=RhiXN_04330] [protein=Retrotransposable element Tf2 protein] [protein_id=QRW16329.1] [location=complement(join(2499706..2500471,2500513..2501019,2501046..2501466,2501517..2502496,2503484..2503734,2503793..2504428,2504476..2504559,2504616..2504717))] [gbkey=CDS]",0.07618283881315156,0.05854049719326383,0.03287890938251804,0.04891740176423416,0.0136327185244587,0.0408981555733761,0.053728949478749,0.05533279871692061,0.02165196471531676,0.056134723336006415,0.09783480352846832,0.06655974338412189,0.015236567762630313,0.03688853247794707,0.0817963111467522,0.08580593424218123,0.06655974338412189,0.012028869286287089,0.020048115477145148,0.05934242181234964
"lcl|CP059658.1_cds_QRW16330.1_813 [locus_tag=RhiXN_04331] [protein=Retrotransposable element Tf2 protein] [protein_id=QRW16330.1] [location=complement(join(2505687..2509038,2509146..2510470))] [gbkey=CDS]",0.07964033397559409,0.05973025048169557,0.037251123956326265,0.05009633911368015,0.012202954399486191,0.03789338471419396,0.07129094412331406,0.057161207450224794,0.029543994861913937,0.04174694926140013,0.09698137443802184,0.07321772639691715,0.01605651894669236,0.03982016698779704,0.07514450867052024,0.06037251123956326,0.05973025048169557,0.020552344251766216,0.026332691072575465,0.05523442517662171
"lcl|CP059658.1_cds_QRW16331.1_814 [locus_tag=RhiXN_04332] [protein=hypothetical protein] [protein_id=QRW16331.1] [location=join(2511937..2512359,2512409..2512775,2512835..2513975,2514029..2514128,2514190..2514921)] [gbkey=CDS]",0.0750816104461371,0.056583242655059846,0.04461371055495103,0.0544069640914037,0.014145810663764961,0.05223068552774755,0.08161044613710555,0.055495103373231776,0.03482045701849837,0.0544069640914037,0.11316648531011969,0.04787812840043525,0.01958650707290533,0.04352557127312296,0.03482045701849837,0.08705114254624592,0.058759521218716,0.013057671381936888,0.020674646354733407,0.03808487486398259
"lcl|CP059658.1_cds_QRW16332.1_815 [locus_tag=RhiXN_04333] [protein=pentatricopeptide repeat-containing protein 5, mitochondrial] [protein_id=QRW16332.1] [location=join(2515490..2515954,2516016..2517410)] [gbkey=CDS]",0.10517799352750809,0.061488673139158574,0.05177993527508091,0.04692556634304207,0.008090614886731391,0.032362459546925564,0.0372168284789644,0.045307443365695796,0.025889967637540454,0.05177993527508091,0.11003236245954692,0.059870550161812294,0.014563106796116505,0.02912621359223301,0.06957928802588997,0.07281553398058252,0.06310679611650485,0.014563106796116505,0.0372168284789644,0.06310679611650485
lcl|CP059658.1_cds_QRW16333.1_816 [locus_tag=RhiXN_04334] [protein=hypothetical protein] [protein_id=QRW16333.1] [location=complement(2520086..2521897)] [gbkey=CDS],0.059800664451827246,0.07142857142857142,0.04152823920265781,0.05149501661129568,0.008305647840531562,0.023255813953488372,0.044850498338870434,0.07308970099667775,0.02823920265780731,0.04983388704318937,0.07807308970099668,0.03156146179401993,0.011627906976744186,0.026578073089700997,0.09302325581395349,0.1362126245847176,0.08471760797342193,0.014950166112956811,0.02159468438538206,0.04983388704318937
"lcl|CP059658.1_cds_QRW16334.1_817 [locus_tag=RhiXN_04335] [protein=ribosomal protein L22p/L17e] [protein_id=QRW16334.1] [location=join(2523258..2523283,2523335..2523503,2523551..2523758,2523826..2524061)] [gbkey=CDS]",0.09004739336492891,0.0947867298578199,0.037914691943127965,0.052132701421800945,0.004739336492890996,0.04265402843601896,0.05687203791469194,0.06635071090047394,0.02843601895734597,0.052132701421800945,0.07109004739336493,0.0947867298578199,0.018957345971563982,0.037914691943127965,0.052132701421800945,0.05687203791469194,0.052132701421800945,0.014218009478672985,0.023696682464454975,0.052132701421800945
"lcl|CP059658.1_cds_QRW16335.1_818 [locus_tag=RhiXN_04336] [protein=transmembrane protein] [protein_id=QRW16335.1] [location=join(2524605..2525006,2525137..2525236,2525291..2525348,2525404..2525479)] [gbkey=CDS]",0.08095238095238096,0.0380952380952381,0.05238095238095238,0.04285714285714286,0.009523809523809525,0.05714285714285714,0.0380952380952381,0.12857142857142856,0.0380952380952381,0.05714285714285714,0.0761904761904762,0.03333333333333333,0.014285714285714285,0.06666666666666667,0.02857142857142857,0.047619047619047616,0.06190476190476191,0.014285714285714285,0.05238095238095238,0.06190476190476191
"lcl|CP059658.1_cds_QRW16336.1_819 [locus_tag=RhiXN_04337] [protein=iron containing alcohol dehydrogenase family protein] [protein_id=QRW16336.1] [location=join(2525915..2526034,2526086..2526130,2526182..2526217,2526268..2526318,2526368..2526498,2526552..2526596,2526650..2526701,2526787..2526975,2527029..2527231,2527288..2527360,2527406..2527488,2527567..2527718,2527769..2527933,2527984..2528051)] [gbkey=CDS]",0.09168443496801706,0.046908315565031986,0.04051172707889126,0.057569296375266525,0.010660980810234541,0.023454157782515993,0.042643923240938165,0.08315565031982942,0.03411513859275053,0.05970149253731343,0.08315565031982942,0.046908315565031986,0.014925373134328358,0.042643923240938165,0.057569296375266525,0.08315565031982942,0.06823027718550106,0.008528784648187633,0.02771855010660981,0.0767590618336887
"lcl|CP059658.1_cds_QRW16337.1_820 [locus_tag=RhiXN_04338] [protein=transmembrane protein] [protein_id=QRW16337.1] [location=complement(join(2528153..2528252,2528303..2528636,2528687..2528705))] [gbkey=CDS]",0.08053691275167785,0.12080536912751678,0.026845637583892617,0.006711409395973154,0.006711409395973154,0.026845637583892617,0.020134228187919462,0.053691275167785234,0.006711409395973154,0.040268456375838924,0.053691275167785234,0.026845637583892617,0.013422818791946308,0.03355704697986577,0.12080536912751678,0.22818791946308725,0.053691275167785234,0,0.026845637583892617,0.053691275167785234
"lcl|CP059658.1_cds_QRW16338.1_821 [locus_tag=RhiXN_04339] [protein=potassium/sodium hyperpolarization-activated cyclic nucleotide-gated channel 4] [protein_id=QRW16338.1] [location=join(2529626..2529688,2529739..2529938,2529989..2530055,2530106..2530193,2530407..2530468,2530868..2530943,2530995..2531117,2531165..2531254,2531305..2531541,2531590..2531643,2531692..2532047,2532106..2532293,2532341..2532463,2532516..2534016)] [gbkey=CDS]",0.09683426443202979,0.04748603351955307,0.0297951582867784,0.04283054003724395,0.0148975791433892,0.027932960893854747,0.049348230912476726,0.06890130353817504,0.017690875232774673,0.06890130353817504,0.10614525139664804,0.038175046554934824,0.027001862197392923,0.04748603351955307,0.05027932960893855,0.07635009310986965,0.07541899441340782,0.010242085661080074,0.0186219739292365,0.0856610800744879
"lcl|CP059658.1_cds_QRW16339.1_822 [locus_tag=RhiXN_04340] [protein=Histidine biosynthesis protein] [protein_id=QRW16339.1] [location=complement(join(2534299..2534377,2534476..2534539,2534593..2534643,2534700..2534798,2534852..2534922,2535421..2535655,2535717..2535835,2535968..2536110))] [gbkey=CDS]",0.08070175438596491,0.07719298245614035,0.0456140350877193,0.06315789473684211,0.014035087719298246,0.03508771929824561,0.056140350877192984,0.08421052631578947,0.021052631578947368,0.042105263157894736,0.11228070175438597,0.031578947368421054,0.010526315789473684,0.03859649122807018,0.03508771929824561,0.08771929824561403,0.04912280701754386,0.017543859649122806,0.017543859649122806,0.08070175438596491
"lcl|CP059658.1_cds_QRW16340.1_823 [locus_tag=RhiXN_04341] [protein=gamma interferon inducible lysosomal thiol reductase GILT protein] [protein_id=QRW16340.1] [location=complement(join(2536371..2536472,2536532..2536601,2536657..2536959,2537013..2537105,2537161..2537183,2537232..2537339))] [gbkey=CDS]",0.06060606060606061,0.06060606060606061,0.047619047619047616,0.07792207792207792,0.047619047619047616,0.012987012987012988,0.06493506493506493,0.06926406926406926,0.03463203463203463,0.08225108225108226,0.09523809523809523,0.047619047619047616,0.012987012987012988,0.021645021645021644,0.030303030303030304,0.07792207792207792,0.04329004329004329,0.017316017316017316,0.030303030303030304,0.06493506493506493
"lcl|CP059658.1_cds_QRW16341.1_824 [locus_tag=RhiXN_04342] [protein=TB2/DP1, HVA22 family domain-containing protein] [protein_id=QRW16341.1] [location=join(2537514..2537690,2537737..2537850,2537908..2539800)] [gbkey=CDS]",0.09366391184573003,0.07988980716253444,0.01652892561983471,0.046831955922865015,0.0027548209366391185,0.0371900826446281,0.045454545454545456,0.05234159779614325,0.013774104683195593,0.03856749311294766,0.06198347107438017,0.0371900826446281,0.01790633608815427,0.027548209366391185,0.15151515151515152,0.1046831955922865,0.07575757575757576,0.011019283746556474,0.03581267217630854,0.049586776859504134
"lcl|CP059658.1_cds_QRW16342.1_825 [locus_tag=RhiXN_04343] [protein=hypothetical protein] [protein_id=QRW16342.1] [location=join(2539831..2539942,2540012..2540088)] [gbkey=CDS]",0.11475409836065574,0.09836065573770492,0.01639344262295082,0.08196721311475409,0,0.03278688524590164,0.06557377049180328,0.08196721311475409,0,0.01639344262295082,0.11475409836065574,0.11475409836065574,0,0.03278688524590164,0.01639344262295082,0.06557377049180328,0.04918032786885246,0,0.01639344262295082,0.08196721311475409
"lcl|CP059658.1_cds_QRW16343.1_826 [locus_tag=RhiXN_04344] [protein=AcnD-accessory protein PrpF] [protein_id=QRW16343.1] [location=complement(join(2540479..2541045,2541099..2541416,2541470..2541538,2541596..2541767,2541817..2541872))] [gbkey=CDS]",0.11989795918367346,0.04591836734693878,0.04081632653061224,0.05612244897959184,0.007653061224489796,0.025510204081632654,0.030612244897959183,0.07653061224489796,0.025510204081632654,0.08163265306122448,0.06887755102040816,0.03316326530612245,0.017857142857142856,0.012755102040816327,0.07653061224489796,0.08928571428571429,0.07397959183673469,0.01020408163265306,0.00510204081632653,0.10204081632653061
"lcl|CP059658.1_cds_QRW16344.1_827 [locus_tag=RhiXN_04345] [protein=Serine/threonine-protein kinase] [protein_id=QRW16344.1] [location=join(2542845..2542954,2543005..2543360,2543408..2543703,2543753..2544151,2544248..2544417,2544473..2544725,2544773..2544906,2544958..2545183)] [gbkey=CDS]",0.08359133126934984,0.058823529411764705,0.03869969040247678,0.05572755417956656,0.0046439628482972135,0.032507739938080496,0.07120743034055728,0.08668730650154799,0.02631578947368421,0.05263157894736842,0.0913312693498452,0.05417956656346749,0.018575851393188854,0.02631578947368421,0.058823529411764705,0.08978328173374613,0.05417956656346749,0.007739938080495356,0.02786377708978328,0.06037151702786378
"lcl|CP059658.1_cds_QRW16345.1_828 [locus_tag=RhiXN_04346] [protein=ribosomal L29 protein] [protein_id=QRW16345.1] [location=complement(join(2545620..2545700,2545756..2545906,2545963..2546067,2546124..2546164))] [gbkey=CDS]",0.08870967741935484,0.10483870967741936,0.024193548387096774,0.04032258064516129,0,0.056451612903225805,0.04032258064516129,0.03225806451612903,0.008064516129032258,0.03225806451612903,0.12903225806451613,0.20161290322580644,0,0.008064516129032258,0.016129032258064516,0.056451612903225805,0.056451612903225805,0,0.03225806451612903,0.07258064516129033
"lcl|CP059658.1_cds_QRW16346.1_829 [locus_tag=RhiXN_04347] [protein=hypothetical protein] [protein_id=QRW16346.1] [location=join(2546556..2546644,2546716..2546774,2546845..2547515)] [gbkey=CDS]",0.07011070110701106,0.08118081180811808,0.04428044280442804,0.055350553505535055,0,0.033210332103321034,0.06642066420664207,0.08856088560885608,0.014760147601476014,0.02952029520295203,0.05166051660516605,0.025830258302583026,0.007380073800738007,0.04059040590405904,0.1070110701107011,0.13284132841328414,0.08118081180811808,0.007380073800738007,0.01845018450184502,0.04428044280442804
"lcl|CP059658.1_cds_QRW16347.1_830 [locus_tag=RhiXN_04348] [protein=hypothetical protein] [protein_id=QRW16347.1] [location=complement(join(2548039..2548215,2548276..2548822,2548871..2549217))] [gbkey=CDS]",0.061971830985915494,0.061971830985915494,0.02535211267605634,0.07042253521126761,0.016901408450704224,0.036619718309859155,0.061971830985915494,0.05070422535211268,0.036619718309859155,0.05352112676056338,0.08732394366197183,0.016901408450704224,0.01971830985915493,0.04788732394366197,0.056338028169014086,0.15211267605633802,0.061971830985915494,0.03380281690140845,0.016901408450704224,0.030985915492957747
"lcl|CP059658.1_cds_QRW16348.1_831 [locus_tag=RhiXN_04349] [protein=CsbD domain-containing protein] [protein_id=QRW16348.1] [location=complement(join(2549989..2550678,2550727..2550753))] [gbkey=CDS]",0.10970464135021098,0.02531645569620253,0.0759493670886076,0.03375527426160337,0,0.05907172995780591,0.04219409282700422,0.11814345991561181,0.05485232067510549,0.016877637130801686,0.04219409282700422,0.0379746835443038,0.03375527426160337,0.004219409282700422,0.06329113924050633,0.10126582278481013,0.11814345991561181,0,0.0379746835443038,0.02531645569620253
"lcl|CP059658.1_cds_QRW16349.1_832 [locus_tag=RhiXN_04350] [protein=RNA polymerase I-specific transcription-initiation factor] [protein_id=QRW16349.1] [location=join(2551829..2551987,2552051..2552965,2553017..2553559)] [gbkey=CDS]",0.07635009310986965,0.0446927374301676,0.027932960893854747,0.09124767225325885,0.00931098696461825,0.035381750465549346,0.0893854748603352,0.04655493482309125,0.0223463687150838,0.061452513966480445,0.1042830540037244,0.03165735567970205,0.01675977653631285,0.04283054003724395,0.0633147113594041,0.0893854748603352,0.04283054003724395,0.00931098696461825,0.027932960893854747,0.0670391061452514
"lcl|CP059658.1_cds_QRW16350.1_833 [locus_tag=RhiXN_04351] [protein=RhoA GTPase effector DIA/diaphanous protein] [protein_id=QRW16350.1] [location=join(2554502..2554694,2554746..2554838,2554898..2555042,2555108..2555278,2555332..2555426,2555489..2555632,2555696..2555834,2555883..2555939,2556539..2556732,2556785..2557135,2557187..2557752,2557811..2558583,2558642..2558717,2558772..2559158,2559207..2559475,2559526..2559594,2559647..2559788,2559848..2559946,2559996..2560106,2560164..2560247,2560300..2560948,2560998..2561137,2561187..2561400,2561459..2561586,2561639..2561704,2561754..2561909,2561969..2562052,2562108..2562246,2562299..2562426,2562484..2562657,2562712..2562771,2562838..2563059)] [gbkey=CDS]",0.0779467680608365,0.06606463878326996,0.03184410646387833,0.05180608365019011,0.019011406844106463,0.043726235741444866,0.07081749049429657,0.06368821292775666,0.013307984790874524,0.046102661596958174,0.08840304182509506,0.046102661596958174,0.017110266159695818,0.028041825095057035,0.08555133079847908,0.10693916349809886,0.05988593155893536,0.010456273764258554,0.014733840304182509,0.05846007604562738
"lcl|CP059658.1_cds_QRW16351.1_834 [locus_tag=RhiXN_04352] [protein=inosine-uridine preferring nucleoside hydrolase] [protein_id=QRW16351.1] [location=complement(join(2563424..2564179,2564236..2564364,2564426..2564497,2564554..2564610))] [gbkey=CDS]",0.09821428571428571,0.03869047619047619,0.03869047619047619,0.047619047619047616,0.017857142857142856,0.011904761904761904,0.05357142857142857,0.09226190476190477,0.026785714285714284,0.0625,0.11607142857142858,0.03273809523809524,0.011904761904761904,0.02976190476190476,0.06845238095238096,0.08333333333333333,0.050595238095238096,0.011904761904761904,0.03869047619047619,0.06845238095238096
"lcl|CP059658.1_cds_QRW16352.1_835 [locus_tag=RhiXN_04353] [protein=hypothetical protein] [protein_id=QRW16352.1] [location=join(2565284..2565689,2565753..2566012,2566075..2566170)] [gbkey=CDS]",0.08333333333333333,0.09523809523809523,0.03968253968253968,0.03571428571428571,0.023809523809523808,0.023809523809523808,0.05952380952380952,0.05555555555555555,0.04365079365079365,0.03571428571428571,0.07539682539682539,0.047619047619047616,0.015873015873015872,0.01984126984126984,0.03968253968253968,0.0873015873015873,0.07539682539682539,0.015873015873015872,0.047619047619047616,0.07936507936507936
"lcl|CP059658.1_cds_QRW16353.1_836 [locus_tag=RhiXN_04354] [protein=eukaryotic translation initiation factor 3] [protein_id=QRW16353.1] [location=complement(join(2566381..2566461,2566520..2566642,2566690..2566820,2566868..2566959,2567021..2567167,2567219..2567479,2567534..2567601))] [gbkey=CDS]",0.0802675585284281,0.043478260869565216,0.043478260869565216,0.043478260869565216,0.0033444816053511705,0.043478260869565216,0.0802675585284281,0.05351170568561873,0.023411371237458192,0.046822742474916385,0.11036789297658862,0.033444816053511704,0.013377926421404682,0.020066889632107024,0.046822742474916385,0.08695652173913043,0.07692307692307693,0.0033444816053511705,0.04013377926421405,0.10702341137123746
"lcl|CP059658.1_cds_QRW16354.1_837 [locus_tag=RhiXN_04355] [protein=TOM7-domain-containing protein] [protein_id=QRW16354.1] [location=join(2567737..2567757,2567811..2567843,2567892..2567971,2568028..2568049)] [gbkey=CDS]",0.02,0.04,0.02,0.02,0,0.02,0.06,0.06,0.02,0.14,0.14,0.06,0,0.02,0.08,0.1,0.08,0.02,0.06,0.04
"lcl|CP059658.1_cds_QRW16355.1_838 [locus_tag=RhiXN_04356] [protein=E3 ubiquitin-protein ligase] [protein_id=QRW16355.1] [location=complement(join(2568610..2568696,2568765..2569144,2569199..2569581,2569649..2569743))] [gbkey=CDS]",0.09584664536741214,0.08945686900958466,0.025559105431309903,0.0926517571884984,0.009584664536741214,0.04472843450479233,0.10223642172523961,0.04792332268370607,0.03194888178913738,0.025559105431309903,0.06070287539936102,0.019169329073482427,0.025559105431309903,0.019169329073482427,0.10223642172523961,0.06070287539936102,0.06070287539936102,0.003194888178913738,0.01597444089456869,0.0670926517571885
"lcl|CP059658.1_cds_QRW16356.1_839 [locus_tag=RhiXN_04357] [protein=vacuolar protein sorting-associated protein 5] [protein_id=QRW16356.1] [location=complement(join(2570374..2571054,2571106..2571234,2571283..2571351,2571409..2571545,2571608..2571782,2571836..2571945,2572001..2572157,2572206..2572514))] [gbkey=CDS]",0.10732538330494037,0.07836456558773425,0.030664395229982964,0.044293015332197615,0.005110732538330494,0.05792163543441227,0.06303236797274275,0.06473594548551959,0.02555366269165247,0.04599659284497445,0.08858603066439523,0.03747870528109029,0.01192504258943782,0.018739352640545145,0.11925042589437819,0.07325383304940375,0.05792163543441227,0.005110732538330494,0.017035775127768313,0.04770017035775128
"lcl|CP059658.1_cds_QRW16357.1_840 [locus_tag=RhiXN_04358] [protein=SIP1 domain-containing protein] [protein_id=QRW16357.1] [location=join(2572622..2572767,2572816..2572984)] [gbkey=CDS]",0.07766990291262135,0.08737864077669903,0.04854368932038835,0.08737864077669903,0.009708737864077669,0.04854368932038835,0.08737864077669903,0.02912621359223301,0.009708737864077669,0.02912621359223301,0.06796116504854369,0.038834951456310676,0.009708737864077669,0.04854368932038835,0.1262135922330097,0.06796116504854369,0.06796116504854369,0.009708737864077669,0.019417475728155338,0.02912621359223301
"lcl|CP059658.1_cds_QRW16358.1_841 [locus_tag=RhiXN_04359] [protein=SIP1 domain-containing protein] [protein_id=QRW16358.1] [location=join(2573090..2573278,2573340..2573390,2573447..2573956)] [gbkey=CDS]",0.07258064516129033,0.06854838709677419,0.024193548387096774,0.06854838709677419,0.004032258064516129,0.028225806451612902,0.0846774193548387,0.06048387096774194,0.036290322580645164,0.06451612903225806,0.09274193548387097,0.04838709677419355,0.016129032258064516,0.016129032258064516,0.08064516129032258,0.07661290322580645,0.04032258064516129,0.024193548387096774,0.024193548387096774,0.06854838709677419
"lcl|CP059658.1_cds_QRW16359.1_842 [locus_tag=RhiXN_04360] [protein=Complex 1 protein (LYR family)] [protein_id=QRW16359.1] [location=join(2574055..2574200,2574256..2574344,2574407..2574434,2574490..2574505,2574558..2574590)] [gbkey=CDS]",0.10784313725490197,0.11764705882352941,0.06862745098039216,0.0392156862745098,0,0.00980392156862745,0.0784313725490196,0.0196078431372549,0.049019607843137254,0.06862745098039216,0.0784313725490196,0.049019607843137254,0.0196078431372549,0.0196078431372549,0.09803921568627451,0.049019607843137254,0.029411764705882353,0.029411764705882353,0.0392156862745098,0.029411764705882353
"lcl|CP059658.1_cds_QRW16360.1_843 [locus_tag=RhiXN_04361] [protein=vacuole-associated enzyme activator complex component (Vac14)] [protein_id=QRW16360.1] [location=complement(join(2574696..2574946,2575019..2575519,2575579..2575639,2575783..2576167,2576219..2576381,2576433..2576512,2576563..2576681,2576735..2576839,2576892..2577104,2577151..2577216,2577268..2577881,2577915..2577992,2578045..2578349,2578407..2578768,2578822..2579143,2579198..2579283))] [gbkey=CDS]",0.08906882591093117,0.05748987854251012,0.0340080971659919,0.05425101214574899,0.008097165991902834,0.04129554655870445,0.06720647773279352,0.051821862348178135,0.02348178137651822,0.05748987854251012,0.12388663967611337,0.046153846153846156,0.014574898785425101,0.03562753036437247,0.06153846153846154,0.09878542510121457,0.05506072874493927,0.006477732793522267,0.021052631578947368,0.05263157894736842
"lcl|CP059658.1_cds_QRW16361.1_844 [locus_tag=RhiXN_04362] [protein=ATPase] [protein_id=QRW16361.1] [location=complement(join(2579711..2579842,2579905..2580029,2580096..2580428,2580483..2580592,2580662..2580747,2580807..2580900,2580969..2581105,2581167..2581327,2581394..2581407,2581451..2581761))] [gbkey=CDS]",0.09418837675350701,0.06613226452905811,0.03006012024048096,0.07615230460921844,0.018036072144288578,0.02004008016032064,0.06012024048096192,0.06613226452905811,0.028056112224448898,0.05410821643286573,0.0841683366733467,0.04008016032064128,0.022044088176352707,0.04408817635270541,0.05811623246492986,0.08216432865731463,0.06613226452905811,0.008016032064128256,0.028056112224448898,0.05410821643286573
"lcl|CP059658.1_cds_QRW16362.1_845 [locus_tag=RhiXN_04363] [protein=AAA domain protein] [protein_id=QRW16362.1] [location=join(2583106..2583138,2583198..2583773)] [gbkey=CDS]",0.05472636815920398,0.12437810945273632,0.04975124378109453,0.03482587064676617,0,0.06467661691542288,0.04477611940298507,0.06965174129353234,0.03482587064676617,0.024875621890547265,0.01990049751243781,0.04477611940298507,0.014925373134328358,0.01990049751243781,0.0945273631840796,0.11442786069651742,0.07960199004975124,0.009950248756218905,0.029850746268656716,0.06965174129353234
"lcl|CP059658.1_cds_QRW16363.1_846 [locus_tag=RhiXN_04364] [protein=hypothetical protein] [protein_id=QRW16363.1] [location=complement(join(2584083..2584201,2584266..2585030,2585092..2585282,2585342..2585562))] [gbkey=CDS]",0.09767441860465116,0.07674418604651163,0.027906976744186046,0.06046511627906977,0,0.04883720930232558,0.05813953488372093,0.05116279069767442,0.020930232558139535,0.020930232558139535,0.06279069767441861,0.06046511627906977,0.02558139534883721,0,0.09767441860465116,0.14186046511627906,0.08604651162790698,0.0069767441860465115,0.0069767441860465115,0.04883720930232558
"lcl|CP059658.1_cds_QRW16364.1_847 [locus_tag=RhiXN_04365] [protein=glutathione S-transferase, microsomal] [protein_id=QRW16364.1] [location=join(2586356..2586414,2586479..2586555,2586610..2586672,2586725..2586835,2586890..2586936,2586989..2587087)] [gbkey=CDS]",0.11333333333333333,0.04666666666666667,0.02666666666666667,0.02666666666666667,0.006666666666666667,0.02666666666666667,0.03333333333333333,0.1,0.013333333333333334,0.04,0.12666666666666668,0.05333333333333334,0.006666666666666667,0.06,0.04,0.07333333333333333,0.08666666666666667,0.02,0.06,0.04
"lcl|CP059658.1_cds_QRW16365.1_848 [locus_tag=RhiXN_04366] [protein=intradiol ring-cleavage dioxygenase] [protein_id=QRW16365.1] [location=join(2587921..2587984,2588044..2588096,2588149..2588379,2588436..2588615,2588674..2588926,2588983..2589025,2589082..2589102,2589164..2589206,2589263..2589399,2589455..2589504,2589567..2589664)] [gbkey=CDS]",0.08226221079691516,0.04884318766066838,0.05141388174807198,0.05398457583547558,0.010282776349614395,0.04627249357326478,0.04113110539845758,0.11825192802056556,0.028277634961439587,0.06683804627249357,0.061696658097686374,0.015424164524421594,0.010282776349614395,0.03598971722365039,0.07197943444730077,0.04113110539845758,0.12339331619537275,0.007712082262210797,0.030848329048843187,0.05398457583547558
"lcl|CP059658.1_cds_QRW16366.1_849 [locus_tag=RhiXN_04367] [protein=actin-related protein 2/3 complex subunit 3] [protein_id=QRW16366.1] [location=complement(join(2589977..2590122,2590179..2590469,2590523..2590622,2590679..2590684))] [gbkey=CDS]",0.09497206703910614,0.08379888268156424,0.05027932960893855,0.0670391061452514,0.01675977653631285,0.0335195530726257,0.03910614525139665,0.0446927374301676,0.0111731843575419,0.0670391061452514,0.12849162011173185,0.0335195530726257,0.0111731843575419,0.0446927374301676,0.0782122905027933,0.0670391061452514,0.05027932960893855,0.0111731843575419,0.0335195530726257,0.0335195530726257
"lcl|CP059658.1_cds_QRW16367.1_850 [locus_tag=RhiXN_04368] [protein=ion transport domain-containing protein] [protein_id=QRW16367.1] [location=join(2590809..2590887,2590935..2591080,2591139..2591181,2591231..2591429,2591480..2591630,2591683..2591755,2591810..2591843,2591891..2591922,2591974..2592069,2592121..2592330,2592384..2592475,2592532..2592601,2592654..2592729,2592786..2592812,2592862..2592931,2592984..2593050,2593104..2593121,2593177..2593225,2593274..2593304,2593363..2593599,2593660..2593764)] [gbkey=CDS]",0.08688783570300158,0.05529225908372828,0.0315955766192733,0.053712480252764615,0.011058451816745656,0.037914691943127965,0.05845181674565561,0.04107424960505529,0.018957345971563982,0.0679304897314376,0.12006319115323855,0.03317535545023697,0.0315955766192733,0.06477093206951026,0.03949447077409163,0.07582938388625593,0.06477093206951026,0.014218009478672985,0.03475513428120063,0.05845181674565561
"lcl|CP059658.1_cds_QRW16368.1_851 [locus_tag=RhiXN_04369] [protein=endonuclease/exonuclease/phosphatase family protein] [protein_id=QRW16368.1] [location=complement(join(2594022..2594191,2594245..2594742,2594799..2594881,2594936..2594956,2595007..2595317,2595374..2595477,2595532..2595553,2595622..2595837))] [gbkey=CDS]",0.08879492600422834,0.07399577167019028,0.02959830866807611,0.06342494714587738,0.010570824524312896,0.03382663847780127,0.0824524312896406,0.07399577167019028,0.03171247357293869,0.048625792811839326,0.10570824524312897,0.048625792811839326,0.014799154334038054,0.02959830866807611,0.048625792811839326,0.06765327695560254,0.05496828752642706,0.010570824524312896,0.02536997885835095,0.05708245243128964
"lcl|CP059658.1_cds_QRW16369.1_852 [locus_tag=RhiXN_04370] [protein=agmatinase] [protein_id=QRW16369.1] [location=join(2596574..2596847,2596909..2596955,2597009..2597398,2597457..2597631,2597697..2597715,2597768..2597846)] [gbkey=CDS]",0.07975460122699386,0.05214723926380368,0.03680981595092025,0.0705521472392638,0.009202453987730062,0.03680981595092025,0.03374233128834356,0.09202453987730061,0.024539877300613498,0.0950920245398773,0.049079754601226995,0.027607361963190184,0.03680981595092025,0.03680981595092025,0.0705521472392638,0.05214723926380368,0.08588957055214724,0.015337423312883436,0.04294478527607362,0.05214723926380368
"lcl|CP059658.1_cds_QRW16370.1_853 [locus_tag=RhiXN_04371] [protein=AAA family ATPase] [protein_id=QRW16370.1] [location=complement(join(2598534..2598751,2598811..2598868,2598927..2598948,2599000..2599153,2599261..2599303,2599355..2599398,2599456..2599533,2599595..2599720,2599780..2599852,2599904..2600029,2600087..2600330,2600399..2600432,2600490..2600679))] [gbkey=CDS]",0.049145299145299144,0.057692307692307696,0.04487179487179487,0.07692307692307693,0.004273504273504274,0.042735042735042736,0.06196581196581197,0.06623931623931624,0.021367521367521368,0.038461538461538464,0.09615384615384616,0.05982905982905983,0.014957264957264958,0.0641025641025641,0.04700854700854701,0.07264957264957266,0.05982905982905983,0.02564102564102564,0.027777777777777776,0.06837606837606838
"lcl|CP059658.1_cds_QRW16371.1_854 [locus_tag=RhiXN_04372] [protein=MAS20 protein import receptor] [protein_id=QRW16371.1] [location=join(2601275..2601395,2601450..2601644,2601701..2602569)] [gbkey=CDS]",0.17048346055979643,0.035623409669211195,0.01272264631043257,0.05597964376590331,0,0.035623409669211195,0.13231552162849872,0.035623409669211195,0.02544529262086514,0.020356234096692113,0.05089058524173028,0.043256997455470736,0.022900763358778626,0.017811704834605598,0.09414758269720101,0.09923664122137404,0.06361323155216285,0.002544529262086514,0.020356234096692113,0.061068702290076333
"lcl|CP059658.1_cds_QRW16372.1_855 [locus_tag=RhiXN_04373] [protein=MAS20 protein import receptor] [protein_id=QRW16372.1] [location=join(2602888..2603019,2603088..2603126,2603180..2603767,2603859..2603957,2604019..2604399)] [gbkey=CDS]",0.0851581508515815,0.06326034063260341,0.0364963503649635,0.05596107055961071,0.021897810218978103,0.024330900243309004,0.10948905109489052,0.05596107055961071,0.014598540145985401,0.0340632603406326,0.0851581508515815,0.0681265206812652,0.014598540145985401,0.024330900243309004,0.06326034063260341,0.07542579075425791,0.06326034063260341,0.0024330900243309003,0.0267639902676399,0.07542579075425791
"lcl|CP059658.1_cds_QRW16373.1_856 [locus_tag=RhiXN_04374] [protein=major facilitator superfamily transporter] [protein_id=QRW16373.1] [location=complement(join(2604513..2604699,2604756..2604984,2605037..2605256,2605309..2605315,2605368..2605617,2605668..2605702,2605755..2605797,2605847..2605912,2605961..2606219,2606277..2606299,2606356..2606440,2606497..2606739))] [gbkey=CDS]",0.08043875685557587,0.03290676416819013,0.031078610603290677,0.025594149908592323,0.016453382084095063,0.04204753199268738,0.03656307129798903,0.0712979890310786,0.010968921389396709,0.06581352833638025,0.12614259597806216,0.027422303473491772,0.02010968921389397,0.06946983546617916,0.0712979890310786,0.04753199268738574,0.08043875685557587,0.038391224862888484,0.038391224862888484,0.06764168190127971
"lcl|CP059658.1_cds_QRW16374.1_857 [locus_tag=RhiXN_04375] [protein=Isoleucyl-tRNA synthetase] [protein_id=QRW16374.1] [location=complement(join(2607129..2607182,2607234..2608386,2608440..2608740,2608799..2608949,2609013..2609144))] [gbkey=CDS]",0.05546218487394958,0.06554621848739496,0.02857142857142857,0.03865546218487395,0.018487394957983194,0.03697478991596639,0.05042016806722689,0.0773109243697479,0.02689075630252101,0.06386554621848739,0.11260504201680673,0.025210084033613446,0.020168067226890758,0.047058823529411764,0.07058823529411765,0.09915966386554621,0.06722689075630252,0.020168067226890758,0.02689075630252101,0.04873949579831933
"lcl|CP059658.1_cds_QRW16375.1_858 [locus_tag=RhiXN_04376] [protein=ApbA domain-containing protein] [protein_id=QRW16375.1] [location=join(2609543..2609570,2609659..2609677,2609735..2610041,2610100..2610198,2610256..2610429,2610484..2610709,2610760..2610929)] [gbkey=CDS]",0.07964601769911504,0.07374631268436578,0.04129793510324484,0.04424778761061947,0.0058997050147492625,0.02654867256637168,0.06489675516224189,0.06784660766961652,0.02064896755162242,0.06489675516224189,0.0855457227138643,0.06489675516224189,0.02654867256637168,0.02064896755162242,0.05309734513274336,0.07669616519174041,0.058997050147492625,0.011799410029498525,0.02654867256637168,0.0855457227138643
"lcl|CP059658.1_cds_QRW16376.1_859 [locus_tag=RhiXN_04377] [protein=cleavage and polyadenylation specificity factor subunit 2] [protein_id=QRW16376.1] [location=complement(join(2610965..2611366,2611432..2611614,2611664..2611810,2611868..2612319,2612496..2612710,2612762..2613062,2613115..2613390,2613446..2613792,2613854..2614062))] [gbkey=CDS]",0.09857482185273159,0.06413301662707839,0.028503562945368172,0.0665083135391924,0.010688836104513063,0.0332541567695962,0.07244655581947744,0.06294536817102138,0.023752969121140142,0.04513064133016627,0.0997624703087886,0.04275534441805225,0.017814726840855107,0.030878859857482184,0.0510688836104513,0.07719714964370546,0.06769596199524941,0.009501187648456057,0.015439429928741092,0.08194774346793349
"lcl|CP059658.1_cds_QRW16377.1_860 [locus_tag=RhiXN_04378] [protein=ADP-ribosylation factor family] [protein_id=QRW16377.1] [location=join(2614453..2614507,2614615..2614644,2614702..2614764,2614820..2614912,2614962..2615236,2615292..2615321)] [gbkey=CDS]",0.05555555555555555,0.06666666666666667,0.05,0.05555555555555555,0.005555555555555556,0.03888888888888889,0.07222222222222222,0.08333333333333333,0.011111111111111112,0.07222222222222222,0.12222222222222222,0.06111111111111111,0.027777777777777776,0.03333333333333333,0.016666666666666666,0.05,0.06666666666666667,0.022222222222222223,0.027777777777777776,0.06111111111111111
"lcl|CP059658.1_cds_QRW16378.1_861 [locus_tag=RhiXN_04379] [protein=exocyst complex component Sec15] [protein_id=QRW16378.1] [location=complement(join(2615610..2615816,2615871..2616011,2616141..2616423,2616525..2616679,2616757..2616852,2616905..2616962,2617040..2617155,2617214..2617315,2617376..2617651,2617748..2617869,2617931..2618225,2618296..2618559,2618726..2618836,2618892..2618948))] [gbkey=CDS]",0.07905138339920949,0.0764163372859025,0.030303030303030304,0.06324110671936758,0.006587615283267457,0.05401844532279315,0.061923583662714096,0.048748353096179184,0.021080368906455864,0.043478260869565216,0.11462450592885376,0.039525691699604744,0.021080368906455864,0.03820816864295125,0.030303030303030304,0.08168642951251646,0.07509881422924901,0.007905138339920948,0.030303030303030304,0.0764163372859025
"lcl|CP059658.1_cds_QRW16379.1_862 [locus_tag=RhiXN_04380] [protein=regulator of G protein signaling domain protein] [protein_id=QRW16379.1] [location=join(2620951..2621040,2621091..2621182,2621232..2621991,2622050..2622910,2622968..2623225)] [gbkey=CDS]",0.09927007299270073,0.072992700729927,0.03795620437956204,0.04525547445255475,0.008759124087591242,0.043795620437956206,0.06861313868613139,0.06423357664233577,0.029197080291970802,0.04817518248175182,0.07591240875912408,0.04525547445255475,0.024817518248175182,0.051094890510948905,0.06569343065693431,0.06861313868613139,0.07591240875912408,0.00583941605839416,0.020437956204379562,0.04817518248175182
"lcl|CP059658.1_cds_QRW16380.1_863 [locus_tag=RhiXN_04381] [protein=AAA family ATPase] [protein_id=QRW16380.1] [location=complement(join(2624445..2624612,2624839..2624967,2625359..2625483,2625543..2625633,2625692..2625762,2625811..2626028,2626080..2626122,2626176..2626436,2626493..2626666,2626721..2626747,2626809..2626839))] [gbkey=CDS]",0.0990990990990991,0.07657657657657657,0.04279279279279279,0.07207207207207207,0.01126126126126126,0.024774774774774775,0.06306306306306306,0.060810810810810814,0.024774774774774775,0.06981981981981981,0.10810810810810811,0.024774774774774775,0.018018018018018018,0.02027027027027027,0.04954954954954955,0.06531531531531531,0.04054054054054054,0.015765765765765764,0.02027027027027027,0.09234234234234234
"lcl|CP059658.1_cds_QRW16381.1_864 [locus_tag=RhiXN_04382] [protein=hypothetical protein] [protein_id=QRW16381.1] [location=join(2627800..2627973,2628032..2628310,2628381..2628482,2628536..2628691)] [gbkey=CDS]",0.0851063829787234,0.04680851063829787,0.03404255319148936,0.03404255319148936,0.01702127659574468,0.05106382978723404,0.0851063829787234,0.06382978723404255,0.02553191489361702,0.05106382978723404,0.0851063829787234,0.03829787234042553,0.01276595744680851,0.01702127659574468,0.06808510638297872,0.1276595744680851,0.08936170212765958,0,0.00425531914893617,0.06382978723404255
lcl|CP059658.1_cds_QRW16382.1_865 [locus_tag=RhiXN_04383] [protein=hypothetical protein] [protein_id=QRW16382.1] [location=2628807..2629865] [gbkey=CDS],0.08547008547008547,0.06837606837606838,0.037037037037037035,0.05698005698005698,0.005698005698005698,0.04843304843304843,0.05128205128205128,0.05128205128205128,0.019943019943019943,0.02564102564102564,0.09116809116809117,0.037037037037037035,0.011396011396011397,0.022792022792022793,0.1111111111111111,0.1111111111111111,0.07692307692307693,0.017094017094017096,0.019943019943019943,0.05128205128205128
"lcl|CP059658.1_cds_QRW16383.1_866 [locus_tag=RhiXN_04384] [protein=inhibitor of growth protein amino-terminal histone-binding protein] [protein_id=QRW16383.1] [location=complement(join(2630049..2630213,2630271..2630309,2630364..2630605,2630659..2631162,2631216..2631287,2631341..2631380))] [gbkey=CDS]",0.13352272727272727,0.06818181818181818,0.04261363636363636,0.056818181818181816,0.02556818181818182,0.0625,0.0625,0.05397727272727273,0.008522727272727272,0.048295454545454544,0.056818181818181816,0.05397727272727273,0.019886363636363636,0.017045454545454544,0.10511363636363637,0.06818181818181818,0.04261363636363636,0.005681818181818182,0.011363636363636364,0.056818181818181816
"lcl|CP059658.1_cds_QRW16384.1_867 [locus_tag=RhiXN_04385] [protein=hypothetical protein] [protein_id=QRW16384.1] [location=join(2632086..2632164,2632194..2632320,2632365..2632728)] [gbkey=CDS]",0.06382978723404255,0.06914893617021277,0.015957446808510637,0.05319148936170213,0.015957446808510637,0.010638297872340425,0.09042553191489362,0.03723404255319149,0.07446808510638298,0.010638297872340425,0.06914893617021277,0.05851063829787234,0.010638297872340425,0.031914893617021274,0.14361702127659576,0.15425531914893617,0.0425531914893617,0.010638297872340425,0.010638297872340425,0.026595744680851064
lcl|CP059658.1_cds_QRW16385.1_868 [locus_tag=RhiXN_04386] [protein=phosphatase regulatory subunit domain-containing protein] [protein_id=QRW16385.1] [location=2632865..2633323] [gbkey=CDS],0.10596026490066225,0.07947019867549669,0.046357615894039736,0.052980132450331126,0.006622516556291391,0.026490066225165563,0.059602649006622516,0.09271523178807947,0.013245033112582781,0.026490066225165563,0.06622516556291391,0.026490066225165563,0.013245033112582781,0.039735099337748346,0.059602649006622516,0.07947019867549669,0.06622516556291391,0.033112582781456956,0.026490066225165563,0.07947019867549669
"lcl|CP059658.1_cds_QRW16386.1_869 [locus_tag=RhiXN_04387] [protein=membrane protein] [protein_id=QRW16386.1] [location=complement(join(2633518..2634100,2634136..2634842,2634902..2635095,2635266..2635988,2636041..2636082,2636135..2636221,2636269..2636774,2636821..2637090,2637310..2637329,2637380..2637481,2637533..2637666,2637748..2637965,2638034..2638058,2638128..2638191))] [gbkey=CDS]",0.08094848732624693,0.05723630417007359,0.03761242845461979,0.05478331970564186,0.011447260834014717,0.04333605887162715,0.029435813573180702,0.08994276369582993,0.017988552739165987,0.06541291905151267,0.08421913327882256,0.03188879803761243,0.012264922322158627,0.04578904333605887,0.06623058053965658,0.10384300899427637,0.047424366312346686,0.022076860179885527,0.03188879803761243,0.06623058053965658
"lcl|CP059658.1_cds_QRW16387.1_870 [locus_tag=RhiXN_04388] [protein=hypothetical protein] [protein_id=QRW16387.1] [location=join(2638804..2638829,2638898..2638926,2638983..2639017,2639088..2639143,2639217..2640009)] [gbkey=CDS]",0.10610932475884244,0.0932475884244373,0.028938906752411574,0.05787781350482315,0.01929260450160772,0.04180064308681672,0.04501607717041801,0.07395498392282958,0.006430868167202572,0.02572347266881029,0.05787781350482315,0.022508038585209004,0.022508038585209004,0.012861736334405145,0.10289389067524116,0.1414790996784566,0.06430868167202572,0.012861736334405145,0.03215434083601286,0.03215434083601286
"lcl|CP059658.1_cds_QRW16388.1_871 [locus_tag=RhiXN_04389] [protein=ankyrin repeats] [protein_id=QRW16388.1] [location=complement(join(2640461..2640522,2640583..2640627,2640681..2640877,2640936..2641225,2641279..2641616,2641667..2641783,2642014..2642057,2642114..2642314,2642362..2642739,2642800..2642891,2642938..2643006,2643054..2643124,2643173..2643296,2643346..2643477,2643530..2643579,2643632..2644059,2644116..2644210))] [gbkey=CDS]",0.10561056105610561,0.06050605060506051,0.020902090209020903,0.06820682068206821,0.0231023102310231,0.0462046204620462,0.05720572057205721,0.066006600660066,0.0231023102310231,0.0297029702970297,0.09130913091309131,0.026402640264026403,0.0088008800880088,0.0187018701870187,0.0858085808580858,0.10231023102310231,0.061606160616061605,0.0176017601760176,0.022002200220022004,0.06490649064906491
"lcl|CP059658.1_cds_QRW16389.1_872 [locus_tag=RhiXN_04390] [protein=hypothetical protein] [protein_id=QRW16389.1] [location=join(2644303..2644373,2644438..2644603,2644689..2644841,2644940..2645177,2645228..2645324,2645387..2645507)] [gbkey=CDS]",0.07142857142857142,0.060714285714285714,0.03214285714285714,0.06785714285714285,0,0.025,0.02857142857142857,0.125,0.014285714285714285,0.02857142857142857,0.075,0.03214285714285714,0.010714285714285714,0.05357142857142857,0.15357142857142858,0.09642857142857143,0.060714285714285714,0.007142857142857143,0.025,0.03214285714285714
"lcl|CP059658.1_cds_QRW16390.1_873 [locus_tag=RhiXN_04391] [protein=hypothetical protein] [protein_id=QRW16390.1] [location=join(2647527..2647651,2647857..2648079,2648138..2648361,2648415..2648595)] [gbkey=CDS]",0.08032128514056225,0.10040160642570281,0.0321285140562249,0.10843373493975904,0.004016064257028112,0.04417670682730924,0.12048192771084337,0.05622489959839357,0.01606425702811245,0.04819277108433735,0.0642570281124498,0.040160642570281124,0.05220883534136546,0.012048192771084338,0.06827309236947791,0.05622489959839357,0.0321285140562249,0,0.028112449799196786,0.03614457831325301
"lcl|CP059658.1_cds_QRW16391.1_874 [locus_tag=RhiXN_04392] [protein=ER membrane protein complex subunit 3] [protein_id=QRW16391.1] [location=complement(join(2648811..2649031,2649146..2649307,2649373..2649665,2649722..2649807,2649855..2649881,2649933..2649963,2650011..2650024))] [gbkey=CDS]",0.08333333333333333,0.050724637681159424,0.028985507246376812,0.05434782608695652,0,0.057971014492753624,0.03260869565217391,0.057971014492753624,0.014492753623188406,0.03985507246376811,0.13043478260869565,0.05434782608695652,0.050724637681159424,0.057971014492753624,0.07971014492753623,0.06521739130434782,0.05434782608695652,0.021739130434782608,0.014492753623188406,0.050724637681159424
"lcl|CP059658.1_cds_QRW16392.1_875 [locus_tag=RhiXN_04393] [protein=hypothetical protein] [protein_id=QRW16392.1] [location=join(2650291..2650362,2650425..2651094,2651151..2652545,2652598..2653184,2653318..2654058)] [gbkey=CDS]",0.08759757155247182,0.0797918473547268,0.03555941023417172,0.042497831743278404,0.007805724197745013,0.028620988725065046,0.07545533391153512,0.053772766695576756,0.013009540329575022,0.031222896790980052,0.07025151777970512,0.046834345186470075,0.017346053772766695,0.028620988725065046,0.09106678230702515,0.14310494362532525,0.06764960971379011,0.009540329575021683,0.008673026886383347,0.06157849089332177
"lcl|CP059658.1_cds_QRW16393.1_876 [locus_tag=RhiXN_04394] [protein=hypothetical protein] [protein_id=QRW16393.1] [location=complement(join(2654564..2654644,2654705..2654714,2654773..2656034,2656090..2656596,2656662..2657189,2657234..2657297,2657352..2657384,2657436..2657548))] [gbkey=CDS]",0.08680555555555555,0.08217592592592593,0.023148148148148147,0.052083333333333336,0.006944444444444444,0.03125,0.047453703703703706,0.08101851851851852,0.015046296296296295,0.03587962962962963,0.0798611111111111,0.032407407407407406,0.017361111111111112,0.028935185185185185,0.10532407407407407,0.11921296296296297,0.06018518518518518,0.019675925925925927,0.023148148148148147,0.052083333333333336
"lcl|CP059658.1_cds_QRW16394.1_877 [locus_tag=RhiXN_04395] [protein=hypothetical protein] [protein_id=QRW16394.1] [location=complement(join(2660265..2661540,2661596..2661886,2661939..2662224,2662295..2662708,2662764..2662775,2662847..2663224,2663274..2663316))] [gbkey=CDS]",0.08908685968819599,0.08797327394209355,0.035634743875278395,0.0757238307349666,0.0022271714922048997,0.0645879732739421,0.062360801781737196,0.07126948775055679,0.0200445434298441,0.02338530066815145,0.08908685968819599,0.035634743875278395,0.031180400890868598,0.022271714922048998,0.08574610244988864,0.0957683741648107,0.044543429844097995,0.011135857461024499,0.01670378619153675,0.035634743875278395
lcl|CP059658.1_cds_QRW16395.1_878 [locus_tag=RhiXN_04396] [protein=hypothetical protein] [protein_id=QRW16395.1] [location=2666372..2666713] [gbkey=CDS],0.125,0.08035714285714286,0.03571428571428571,0.03571428571428571,0.026785714285714284,0.008928571428571428,0.05357142857142857,0.08928571428571429,0.008928571428571428,0.07142857142857142,0.03571428571428571,0.05357142857142857,0.008928571428571428,0.026785714285714284,0.09821428571428571,0.0625,0.044642857142857144,0.008928571428571428,0.03571428571428571,0.08928571428571429
"lcl|CP059658.1_cds_QRW16396.1_879 [locus_tag=RhiXN_04397] [protein=GATA type zinc finger] [protein_id=QRW16396.1] [location=join(2668442..2669307,2669364..2669384,2669440..2669522,2669583..2670049)] [gbkey=CDS]",0.09433962264150944,0.050314465408805034,0.023060796645702306,0.05450733752620545,0.008385744234800839,0.05660377358490566,0.04821802935010482,0.05660377358490566,0.023060796645702306,0.031446540880503145,0.06289308176100629,0.012578616352201259,0.012578616352201259,0.018867924528301886,0.1111111111111111,0.15513626834381553,0.0649895178197065,0.010482180293501049,0.04612159329140461,0.05870020964360587
"lcl|CP059658.1_cds_QRW16397.1_880 [locus_tag=RhiXN_04398] [protein=hypothetical protein] [protein_id=QRW16397.1] [location=complement(join(2670574..2670804,2670908..2670963,2671022..2671357,2671422..2671662))] [gbkey=CDS]",0.07692307692307693,0.06293706293706294,0.055944055944055944,0.038461538461538464,0.01048951048951049,0.03146853146853147,0.05244755244755245,0.055944055944055944,0.03146853146853147,0.05944055944055944,0.08741258741258741,0.02097902097902098,0.01048951048951049,0.02097902097902098,0.06293706293706294,0.11888111888111888,0.07692307692307693,0.02097902097902098,0.03496503496503497,0.06993006993006994
"lcl|CP059658.1_cds_QRW16398.1_881 [locus_tag=RhiXN_04399] [protein=2-dehydropantoate 2-reductase] [protein_id=QRW16398.1] [location=join(2671969..2671986,2672068..2672147,2672199..2672270,2672356..2672412,2672469..2672670,2672727..2672896,2672974..2673085,2673139..2673489)] [gbkey=CDS]",0.11079545454545454,0.05397727272727273,0.019886363636363636,0.04261363636363636,0.014204545454545454,0.022727272727272728,0.045454545454545456,0.07670454545454546,0.028409090909090908,0.06534090909090909,0.09943181818181818,0.048295454545454544,0.017045454545454544,0.045454545454545456,0.06818181818181818,0.06818181818181818,0.05965909090909091,0.014204545454545454,0.019886363636363636,0.07954545454545454
"lcl|CP059658.1_cds_QRW16399.1_882 [locus_tag=RhiXN_04400] [protein=DEAD/DEAH box helicase] [protein_id=QRW16399.1] [location=complement(join(2673557..2673670,2673739..2673823,2673877..2673917,2673978..2674564,2674626..2675271,2675326..2675526,2675580..2675856,2675912..2676139,2676193..2676676,2676738..2677467))] [gbkey=CDS]",0.10806023029229407,0.0983170947741364,0.02745792736935341,0.08680248007085917,0.007971656333038087,0.03365810451727192,0.07705934455270151,0.05580159433126661,0.013286093888396812,0.045172719220549155,0.06200177147918512,0.071744906997342775,0.023029229406554472,0.02037201062887511,0.06200177147918512,0.06288751107174491,0.06643046944198405,0.00354295837023915,0.018600531443755536,0.05580159433126661
"lcl|CP059658.1_cds_QRW16400.1_883 [locus_tag=RhiXN_04401] [protein=Cys/Met metabolism PLP-dependent enzyme] [protein_id=QRW16400.1] [location=complement(join(2678183..2678248,2678309..2678419,2678482..2678535,2678596..2678812,2678976..2679039,2679088..2679187,2679243..2679350,2679404..2679502,2679559..2679606,2679658..2679791,2679856..2679952))] [gbkey=CDS]",0.0989010989010989,0.057692307692307696,0.027472527472527472,0.057692307692307696,0.008241758241758242,0.038461538461538464,0.06318681318681318,0.07692307692307693,0.03296703296703297,0.0521978021978022,0.10714285714285714,0.04945054945054945,0.008241758241758242,0.019230769230769232,0.06318681318681318,0.06043956043956044,0.04945054945054945,0.016483516483516484,0.038461538461538464,0.07417582417582418
"lcl|CP059658.1_cds_QRW16401.1_884 [locus_tag=RhiXN_04402] [protein=rare lipoprotein A-like double-psi beta-barrel protein] [protein_id=QRW16401.1] [location=join(2680301..2680752,2680805..2680865,2680934..2681006,2681067..2681132,2681240..2681349)] [gbkey=CDS]",0.0992063492063492,0.04365079365079365,0.051587301587301584,0.05952380952380952,0.031746031746031744,0.031746031746031744,0.03968253968253968,0.07539682539682539,0.01984126984126984,0.03968253968253968,0.05952380952380952,0.05952380952380952,0.01984126984126984,0.027777777777777776,0.051587301587301584,0.09126984126984126,0.05952380952380952,0.031746031746031744,0.031746031746031744,0.07539682539682539
"lcl|CP059658.1_cds_QRW16402.1_885 [locus_tag=RhiXN_04403] [protein=small nucleolar ribonucleoprotein complex subunit Dip2] [protein_id=QRW16402.1] [location=complement(join(2681601..2681792,2681884..2682030,2682085..2682201,2682258..2682542,2682596..2682727,2682779..2682997,2683063..2683236,2683286..2683584,2683640..2683817,2683867..2684250,2684313..2684637,2684693..2684958,2685006..2685116,2685166..2685201))] [gbkey=CDS]",0.08604407135362015,0.06295907660020986,0.02938090241343127,0.06505771248688352,0.01049317943336831,0.035676810073452254,0.06610703043022036,0.05981112277019937,0.03147953830010493,0.05456453305351522,0.0944386149003148,0.05666316894018888,0.017838405036726127,0.03462749213011543,0.02938090241343127,0.08499475341028331,0.06295907660020986,0.016789087093389297,0.01993704092339979,0.080797481636936
"lcl|CP059658.1_cds_QRW16403.1_886 [locus_tag=RhiXN_04404] [protein=aspartyl aminopeptidase] [protein_id=QRW16403.1] [location=join(2685426..2685469,2685524..2685664,2685720..2685819,2685872..2685913,2685965..2686213,2686266..2686468,2686521..2686607,2686658..2686785,2686833..2686930,2686982..2687172,2687233..2687237,2687289..2687325,2687383..2687409,2687460..2687532)] [gbkey=CDS]",0.07399577167019028,0.052854122621564484,0.052854122621564484,0.048625792811839326,0.006342494714587738,0.035940803382663845,0.05708245243128964,0.06765327695560254,0.035940803382663845,0.0613107822410148,0.08456659619450317,0.040169133192389,0.016913319238900635,0.0507399577167019,0.05708245243128964,0.10359408033826638,0.0507399577167019,0.010570824524312896,0.023255813953488372,0.06976744186046512
"lcl|CP059658.1_cds_QRW16404.1_887 [locus_tag=RhiXN_04405] [protein=hypothetical protein] [protein_id=QRW16404.1] [location=join(2687717..2687765,2687821..2687887,2687943..2688045)] [gbkey=CDS]",0.09859154929577464,0.056338028169014086,0.07042253521126761,0.04225352112676056,0,0.04225352112676056,0.028169014084507043,0.056338028169014086,0,0.09859154929577464,0.056338028169014086,0.028169014084507043,0,0.014084507042253521,0.1267605633802817,0.09859154929577464,0.08450704225352113,0,0.014084507042253521,0.08450704225352113
"lcl|CP059658.1_cds_QRW16405.1_888 [locus_tag=RhiXN_04406] [protein=aldo/keto reductase family protein] [protein_id=QRW16405.1] [location=complement(join(2688235..2688436,2688503..2688693,2688749..2688868,2688928..2689024,2689080..2689228,2689288..2689305,2689361..2689378,2689442..2689498,2689551..2689607,2689659..2689712,2689765..2689836))] [gbkey=CDS]",0.09037900874635568,0.04664723032069971,0.03206997084548105,0.06705539358600583,0.0029154518950437317,0.03498542274052478,0.05539358600583091,0.08746355685131195,0.026239067055393587,0.08454810495626822,0.09329446064139942,0.07871720116618076,0.0058309037900874635,0.026239067055393587,0.04664723032069971,0.04081632653061224,0.07871720116618076,0.0058309037900874635,0.037900874635568516,0.05830903790087463
"lcl|CP059658.1_cds_QRW16406.1_889 [locus_tag=RhiXN_04407] [protein=hypothetical protein] [protein_id=QRW16406.1] [location=join(2690257..2690280,2690333..2690362,2690406..2690558,2690611..2690732,2690785..2690886,2690940..2691402,2691480..2691740)] [gbkey=CDS]",0.11488250652741515,0.06266318537859007,0.020887728459530026,0.0391644908616188,0.020887728459530026,0.02610966057441253,0.02349869451697128,0.06527415143603134,0.015665796344647518,0.06005221932114883,0.10966057441253264,0.033942558746736295,0.018276762402088774,0.057441253263707574,0.06527415143603134,0.09921671018276762,0.057441253263707574,0.020887728459530026,0.018276762402088774,0.07049608355091384
"lcl|CP059658.1_cds_QRW16407.1_890 [locus_tag=RhiXN_04408] [protein=heat shock protein HSP90 family protein] [protein_id=QRW16407.1] [location=complement(join(2691829..2692108,2692164..2692369,2692429..2692495,2692561..2692716,2692783..2692792,2692974..2693048,2693099..2693235,2693294..2693460,2693513..2693677,2693793..2694002,2694103..2694146,2694201..2694348,2694411..2694534,2694582..2694739))] [gbkey=CDS]",0.0571870170015456,0.04173106646058733,0.04636785162287481,0.07882534775888717,0.00463678516228748,0.03554868624420402,0.10046367851622875,0.05100463678516229,0.012364760432766615,0.05409582689335394,0.09582689335394126,0.080370942812983,0.021638330757341576,0.04791344667697063,0.05255023183925812,0.07573415765069552,0.05564142194744977,0.010819165378670788,0.012364760432766615,0.06491499227202473
"lcl|CP059658.1_cds_QRW16408.1_891 [locus_tag=RhiXN_04409] [protein=dihydrofolate synthase] [protein_id=QRW16408.1] [location=join(2695176..2695196,2695245..2695376,2695435..2695549,2695632..2695735,2695789..2696038,2696083..2696159,2696222..2696276,2696328..2696563)] [gbkey=CDS]",0.08841463414634146,0.057926829268292686,0.024390243902439025,0.051829268292682924,0.01524390243902439,0.04878048780487805,0.06402439024390244,0.06402439024390244,0.03048780487804878,0.057926829268292686,0.10060975609756098,0.057926829268292686,0.01524390243902439,0.03353658536585366,0.054878048780487805,0.051829268292682924,0.06707317073170732,0.01524390243902439,0.03048780487804878,0.0701219512195122
"lcl|CP059658.1_cds_QRW16409.1_892 [locus_tag=RhiXN_04410] [protein=tetrahydrofolylpolyglutamate synthase] [protein_id=QRW16409.1] [location=join(2697439..2697493,2697545..2697745,2697805..2698124,2698465..2698742,2698796..2698799)] [gbkey=CDS]",0.09154929577464789,0.07394366197183098,0.02464788732394366,0.04225352112676056,0.0035211267605633804,0.06338028169014084,0.07746478873239436,0.03169014084507042,0.0035211267605633804,0.04225352112676056,0.056338028169014086,0.07746478873239436,0,0.007042253521126761,0.07746478873239436,0.16901408450704225,0.0528169014084507,0.014084507042253521,0.02112676056338028,0.07042253521126761
"lcl|CP059658.1_cds_QRW16410.1_893 [locus_tag=RhiXN_04411] [protein=tetrahydrofolylpolyglutamate synthase] [protein_id=QRW16410.1] [location=join(2698988..2699028,2699072..2699114,2699175..2699495)] [gbkey=CDS]",0.03007518796992481,0.10526315789473684,0.045112781954887216,0.06766917293233082,0.015037593984962405,0.022556390977443608,0.05263157894736842,0.05263157894736842,0.03759398496240601,0.03759398496240601,0.10526315789473684,0.03007518796992481,0.03007518796992481,0.022556390977443608,0.09774436090225563,0.16541353383458646,0.03759398496240601,0,0.015037593984962405,0.03007518796992481
"lcl|CP059658.1_cds_QRW16411.1_894 [locus_tag=RhiXN_04412] [protein=Elongation factor Tu GTP binding domain] [protein_id=QRW16411.1] [location=join(2701515..2701608,2701657..2701972,2702034..2702728,2702778..2704087)] [gbkey=CDS]",0.09464508094645081,0.062266500622665005,0.023661270236612703,0.05105853051058531,0.0024906600249066002,0.029887920298879204,0.0684931506849315,0.07721046077210461,0.023661270236612703,0.0547945205479452,0.10834371108343711,0.031133250311332503,0.012453300124533,0.017434620174346202,0.057285180572851806,0.10585305105853052,0.06724782067247821,0.0136986301369863,0.014943960149439602,0.08343711083437111
"lcl|CP059658.1_cds_QRW16412.1_895 [locus_tag=RhiXN_04413] [protein=hypothetical protein] [protein_id=QRW16412.1] [location=complement(join(2704534..2705117,2705161..2705261,2705317..2705588))] [gbkey=CDS]",0.08517350157728706,0.06624605678233439,0.028391167192429023,0.06309148264984227,0.006309148264984227,0.03785488958990536,0.028391167192429023,0.08517350157728706,0.015772870662460567,0.0473186119873817,0.0914826498422713,0.04100946372239748,0.012618296529968454,0.03785488958990536,0.10410094637223975,0.09779179810725552,0.0694006309148265,0.0031545741324921135,0.015772870662460567,0.06309148264984227
"lcl|CP059658.1_cds_QRW16413.1_896 [locus_tag=RhiXN_04414] [protein=alpha/beta hydrolase family protein] [protein_id=QRW16413.1] [location=complement(join(2706784..2707098,2707164..2707379,2707438..2707744,2707802..2708004))] [gbkey=CDS]",0.0782608695652174,0.06086956521739131,0.028985507246376812,0.06666666666666667,0.011594202898550725,0.028985507246376812,0.05507246376811594,0.06376811594202898,0.034782608695652174,0.06376811594202898,0.07246376811594203,0.04057971014492753,0.011594202898550725,0.043478260869565216,0.06956521739130435,0.08985507246376812,0.07246376811594203,0.02608695652173913,0.02608695652173913,0.05507246376811594
"lcl|CP059658.1_cds_QRW16414.1_897 [locus_tag=RhiXN_04415] [protein=eukaryotic translation initiation factor 4G] [protein_id=QRW16414.1] [location=join(2708126..2708198,2708249..2708331,2708384..2708451,2708534..2708720,2708778..2708933,2708993..2709394,2709448..2709645,2709702..2709970,2710024..2710211,2710283..2710849,2710906..2711126,2711196..2711306)] [gbkey=CDS]",0.10011918951132301,0.066746126340882,0.027413587604290822,0.04767580452920143,0.014302741358760428,0.03218116805721097,0.073897497020262215,0.07747318235995232,0.023837902264600714,0.04290822407628129,0.10250297973778308,0.03814064362336114,0.021454112038140644,0.028605482717520857,0.06197854588796186,0.06793802145411204,0.052443384982121574,0.021454112038140644,0.03098927294398093,0.06793802145411204
"lcl|CP059658.1_cds_QRW16415.1_898 [locus_tag=RhiXN_04416] [protein=PfkB family carbohydrate kinase] [protein_id=QRW16415.1] [location=complement(join(2711607..2711855,2711922..2712152,2712211..2712406,2712457..2712559,2712607..2713009,2713066..2713194,2713240..2713527,2713819..2714118,2714258..2714369,2714552..2714717,2714779..2714820,2714883..2715345,2715502..2715600,2715682..2715804))] [gbkey=CDS]",0.11594202898550725,0.050724637681159424,0.037267080745341616,0.035196687370600416,0.008281573498964804,0.053830227743271224,0.057971014492753624,0.06314699792960662,0.025879917184265012,0.048654244306418216,0.09316770186335403,0.042443064182194616,0.014492753623188406,0.022774327122153208,0.08799171842650104,0.08695652173913043,0.054865424430641824,0.011387163561076604,0.031055900621118012,0.057971014492753624
"lcl|CP059658.1_cds_QRW16416.1_899 [locus_tag=RhiXN_04417] [protein=ribosomal protein L6] [protein_id=QRW16416.1] [location=join(2716537..2716797,2716861..2716965,2717017..2717125,2717183..2717242,2717291..2717331)] [gbkey=CDS]",0.04736842105263158,0.07368421052631578,0.05263157894736842,0.04736842105263158,0.015789473684210527,0.042105263157894736,0.06842105263157895,0.07894736842105263,0.02631578947368421,0.07894736842105263,0.07894736842105263,0.08421052631578947,0.021052631578947368,0.021052631578947368,0.015789473684210527,0.05789473684210526,0.05263157894736842,0.005263157894736842,0.015789473684210527,0.11578947368421053
"lcl|CP059658.1_cds_QRW16417.1_900 [locus_tag=RhiXN_04418] [protein=isoprenylcysteine carboxyl methyltransferase] [protein_id=QRW16417.1] [location=complement(join(2717688..2717871,2717924..2718027,2718106..2718224,2718289..2718640))] [gbkey=CDS]",0.09163346613545817,0.035856573705179286,0.04780876494023904,0.02390438247011952,0,0.02390438247011952,0.0199203187250996,0.05976095617529881,0.055776892430278883,0.05179282868525897,0.08366533864541832,0.02390438247011952,0.0199203187250996,0.0796812749003984,0.07171314741035857,0.09163346613545817,0.10358565737051793,0.035856573705179286,0.027888446215139442,0.05179282868525897
"lcl|CP059658.1_cds_QRW16418.1_901 [locus_tag=RhiXN_04419] [protein=nucleolus protein] [protein_id=QRW16418.1] [location=join(2718896..2718915,2718976..2719154,2719211..2719318,2719372..2719463,2719513..2719956,2720021..2720068,2720121..2720219,2720270..2720341,2720392..2720475,2720531..2720590,2720645..2720795,2720846..2720881,2720937..2720940,2720990..2721499,2721557..2721692)] [gbkey=CDS]",0.09425625920471281,0.041237113402061855,0.03240058910162003,0.050073637702503684,0.027982326951399118,0.030927835051546393,0.048600883652430045,0.08394698085419734,0.022091310751104567,0.053019145802650956,0.07658321060382917,0.06332842415316642,0.011782032400589101,0.039764359351988215,0.0898379970544919,0.0780559646539028,0.055964653902798235,0.014727540500736377,0.025036818851251842,0.060382916053019146
"lcl|CP059658.1_cds_QRW16419.1_902 [locus_tag=RhiXN_04420] [protein=hypothetical protein] [protein_id=QRW16419.1] [location=join(2723763..2723877,2723932..2724054,2724114..2724251,2724309..2725267,2725317..2725418,2725472..2725510)] [gbkey=CDS]",0.08571428571428572,0.07142857142857142,0.026530612244897958,0.04897959183673469,0.0163265306122449,0.02857142857142857,0.061224489795918366,0.06938775510204082,0.024489795918367346,0.04285714285714286,0.10204081632653061,0.04693877551020408,0.02857142857142857,0.0326530612244898,0.05714285714285714,0.10408163265306122,0.0673469387755102,0.014285714285714285,0.024489795918367346,0.04693877551020408
"lcl|CP059658.1_cds_QRW16420.1_903 [locus_tag=RhiXN_04421] [protein=histone acetyltransferase SAGA, TRRAP/TRA1 component, PI-3 kinase superfamily TRA1 protein] [protein_id=QRW16420.1] [location=join(2726662..2726755,2726817..2726974,2727026..2727340,2727389..2727541,2727603..2727737,2727789..2727920,2727970..2728609,2728656..2729854,2729904..2731000,2731052..2733083,2733134..2736094,2736147..2736623,2736680..2736787,2736842..2737048,2737104..2737306,2737357..2737660,2737711..2737888,2737940..2738091,2738141..2738317,2738377..2738487)] [gbkey=CDS]",0.08063175394846218,0.05846494873926295,0.03657522859517872,0.049044056525353284,0.012468827930174564,0.049598226655583263,0.06289830978110279,0.042671100027708506,0.03408146300914381,0.05126073704627321,0.12413410917151566,0.04544195067885841,0.02881684677195899,0.04156275976724855,0.058187863674147966,0.07093377666943752,0.057356608478802994,0.012745912995289554,0.022166805209199225,0.06095871432529787
"lcl|CP059658.1_cds_QRW16421.1_904 [locus_tag=RhiXN_04422] [protein=histone acetyltransferase SAGA, TRRAP/TRA1 component, PI-3 kinase superfamily TRA1 protein] [protein_id=QRW16421.1] [location=join(2738979..2739389,2739443..2739451,2739649..2739842,2739886..2739970,2740024..2740345,2740404..2740508,2740565..2740647,2740699..2740893)] [gbkey=CDS]",0.07939914163090128,0.07510729613733906,0.060085836909871244,0.07939914163090128,0.019313304721030045,0.032188841201716736,0.07510729613733906,0.0815450643776824,0.027896995708154508,0.03862660944206009,0.07296137339055794,0.03648068669527897,0.012875536480686695,0.034334763948497854,0.03862660944206009,0.0944206008583691,0.055793991416309016,0.01072961373390558,0.019313304721030045,0.055793991416309016
"lcl|CP059658.1_cds_QRW16422.1_905 [locus_tag=RhiXN_04423] [protein=Cdc2-related kinase, arginine/serine-rich] [protein_id=QRW16422.1] [location=join(2741516..2742315,2742397..2743039,2743087..2744104,2744158..2744506,2744569..2744763,2744820..2744954,2745009..2745117)] [gbkey=CDS]",0.06938020351526364,0.11748381128584644,0.032377428307123035,0.04995374653098982,0.0027752081406105457,0.03515263644773358,0.058279370952821465,0.04717853839037928,0.03700277520814061,0.03145235892691952,0.0545790934320074,0.04810360777058279,0.018501387604070305,0.020351526364477335,0.09620721554116558,0.13043478260869565,0.06567992599444958,0.01572617946345976,0.02497687326549491,0.04440333024976873
"lcl|CP059658.1_cds_QRW16423.1_906 [locus_tag=RhiXN_04424] [protein=COP9 signalosome complex subunit 4] [protein_id=QRW16423.1] [location=complement(join(2745333..2745386,2745436..2746345,2746399..2746502,2746558..2746866))] [gbkey=CDS]",0.12472647702407003,0.06783369803063458,0.03282275711159737,0.07658643326039387,0.00437636761487965,0.05689277899343545,0.07658643326039387,0.0437636761487965,0.019693654266958426,0.04814004376367615,0.12253829321663019,0.04814004376367615,0.01312910284463895,0.019693654266958426,0.03282275711159737,0.07221006564551423,0.04814004376367615,0.006564551422319475,0.02188183807439825,0.06345733041575492
"lcl|CP059658.1_cds_QRW16424.1_907 [locus_tag=RhiXN_04425] [protein=Reverse transcriptase (RNA-dependent DNA polymerase)] [protein_id=QRW16424.1] [location=join(2746928..2748132,2748201..2748805,2748858..2749296,2749422..2750316,2750373..2752011,2752065..2752921)] [gbkey=CDS]",0.09424920127795527,0.06230031948881789,0.056975505857294995,0.0516506922257721,0.01437699680511182,0.0308839190628328,0.04845580404685836,0.04952076677316294,0.0362087326943557,0.07348242811501597,0.07827476038338659,0.054313099041533544,0.013312034078807242,0.03141640042598509,0.077209797657082,0.07667731629392971,0.07401490947816826,0.013844515441959531,0.025026624068157616,0.03780617678381257
"lcl|CP059658.1_cds_QRW16425.1_908 [locus_tag=RhiXN_04426] [protein=pathogenesis-related protein PR5K (thaumatin family)] [protein_id=QRW16425.1] [location=complement(join(2753656..2753763,2753817..2753882,2753946..2754026,2754078..2754243,2754298..2754311,2754374..2754457))] [gbkey=CDS]",0.10526315789473684,0.029239766081871343,0.06432748538011696,0.04678362573099415,0.07602339181286549,0.04678362573099415,0.011695906432748537,0.0935672514619883,0.029239766081871343,0.04093567251461988,0.06432748538011696,0.011695906432748537,0.011695906432748537,0.04093567251461988,0.03508771929824561,0.08771929824561403,0.09941520467836257,0.017543859649122806,0.029239766081871343,0.05847953216374269
"lcl|CP059658.1_cds_QRW16426.1_909 [locus_tag=RhiXN_04427] [protein=NmrA-like family domain-containing protein 1] [protein_id=QRW16426.1] [location=join(2755613..2755710,2755785..2755935,2755997..2756062,2756120..2756247,2756302..2756394,2756455..2756548,2756641..2756817)] [gbkey=CDS]",0.09737827715355805,0.02247191011235955,0.04119850187265917,0.06367041198501873,0.003745318352059925,0.0299625468164794,0.0449438202247191,0.0749063670411985,0.02247191011235955,0.052434456928838954,0.10486891385767791,0.08614232209737828,0,0.04119850187265917,0.056179775280898875,0.08614232209737828,0.033707865168539325,0.0149812734082397,0.026217228464419477,0.09737827715355805
"lcl|CP059658.1_cds_QRW16427.1_910 [locus_tag=RhiXN_04428] [protein=NmrA-like family domain-containing protein 1] [protein_id=QRW16427.1] [location=join(2758225..2758341,2758393..2758542,2758619..2758660,2758716..2758843,2758898..2758990,2759051..2759175,2759237..2759415)] [gbkey=CDS]",0.10144927536231885,0.04710144927536232,0.04710144927536232,0.06159420289855073,0,0.018115942028985508,0.06159420289855073,0.07971014492753623,0.010869565217391304,0.03260869565217391,0.10869565217391304,0.06521739130434782,0.007246376811594203,0.04710144927536232,0.050724637681159424,0.06521739130434782,0.05434782608695652,0.014492753623188406,0.028985507246376812,0.09782608695652174
"lcl|CP059658.1_cds_QRW16428.1_911 [locus_tag=RhiXN_04429] [protein=hypothetical protein] [protein_id=QRW16428.1] [location=complement(join(2760164..2760229,2760288..2760416,2760476..2760754))] [gbkey=CDS]",0.08333333333333333,0.03205128205128205,0.019230769230769232,0.10256410256410256,0,0.02564102564102564,0.08333333333333333,0.038461538461538464,0.05128205128205128,0.03205128205128205,0.07692307692307693,0.03205128205128205,0.03205128205128205,0.02564102564102564,0.07692307692307693,0.10256410256410256,0.07051282051282051,0.02564102564102564,0.0641025641025641,0.02564102564102564
"lcl|CP059658.1_cds_QRW16429.1_912 [locus_tag=RhiXN_04430] [protein=hypothetical protein] [protein_id=QRW16429.1] [location=complement(join(2761260..2761577,2761604..2761639,2761697..2761872,2761942..2762011,2762061..2762101,2762163..2762241,2762274..2762576))] [gbkey=CDS]",0.10324483775811209,0.0943952802359882,0.02064896755162242,0.0855457227138643,0.011799410029498525,0.029498525073746312,0.0943952802359882,0.07079646017699115,0.014749262536873156,0.02654867256637168,0.10619469026548672,0.05014749262536873,0.017699115044247787,0.017699115044247787,0.06784660766961652,0.07374631268436578,0.038348082595870206,0.014749262536873156,0.02064896755162242,0.04129793510324484
lcl|CP059658.1_cds_QRW16430.1_913 [locus_tag=RhiXN_04431] [protein=hypothetical protein] [protein_id=QRW16430.1] [location=complement(2763299..2763742)] [gbkey=CDS],0.1232876712328767,0.0958904109589041,0.0136986301369863,0.03424657534246575,0,0.02054794520547945,0.0547945205479452,0.07534246575342465,0.03424657534246575,0.03424657534246575,0.06164383561643835,0.00684931506849315,0.02054794520547945,0.0410958904109589,0.1095890410958904,0.1506849315068493,0.0547945205479452,0.00684931506849315,0.0136986301369863,0.04794520547945205
"lcl|CP059658.1_cds_QRW16431.1_914 [locus_tag=RhiXN_04432] [protein=hypothetical protein] [protein_id=QRW16431.1] [location=complement(join(2763804..2764009,2764087..2764126,2764176..2764248,2764300..2764436,2764540..2764773))] [gbkey=CDS]",0.05701754385964912,0.09649122807017543,0.03070175438596491,0.02631578947368421,0.021929824561403508,0.03070175438596491,0.05701754385964912,0.07456140350877193,0.02631578947368421,0.06578947368421052,0.07456140350877193,0.03508771929824561,0.013157894736842105,0.03508771929824561,0.08333333333333333,0.10964912280701754,0.08771929824561403,0,0.013157894736842105,0.06140350877192982
"lcl|CP059658.1_cds_QRW16432.1_915 [locus_tag=RhiXN_04433] [protein=hypothetical protein] [protein_id=QRW16432.1] [location=complement(join(2766098..2766312,2766371..2766563,2766797..2767193,2767249..2767301,2767367..2767507,2767578..2768042,2768077..2768104,2768155..2768179,2768229..2768292))] [gbkey=CDS]",0.09523809523809523,0.06666666666666667,0.030476190476190476,0.045714285714285714,0.011428571428571429,0.02857142857142857,0.07809523809523809,0.05523809523809524,0.03238095238095238,0.05714285714285714,0.08190476190476191,0.09333333333333334,0.009523809523809525,0.030476190476190476,0.06095238095238095,0.06095238095238095,0.07047619047619047,0.013333333333333334,0.022857142857142857,0.05523809523809524
"lcl|CP059658.1_cds_QRW16433.1_916 [locus_tag=RhiXN_04434] [protein=Serine/threonine-protein kinase] [protein_id=QRW16433.1] [location=join(2768480..2768513,2768573..2768942,2768992..2769088,2769191..2769247,2769308..2769419,2769485..2769515,2769571..2770082,2770134..2770219,2770272..2770676,2770730..2770909)] [gbkey=CDS]",0.07667731629392971,0.0878594249201278,0.03514376996805112,0.052715654952076675,0.007987220447284345,0.054313099041533544,0.09744408945686901,0.07507987220447285,0.03194888178913738,0.04313099041533546,0.0670926517571885,0.054313099041533544,0.025559105431309903,0.03354632587859425,0.05591054313099041,0.0670926517571885,0.038338658146964855,0.007987220447284345,0.023961661341853034,0.06389776357827476
"lcl|CP059658.1_cds_QRW16434.1_917 [locus_tag=RhiXN_04435] [protein=pre-mRNA-splicing factor 38-associated hydrophilic carboxy-terminal protein] [protein_id=QRW16434.1] [location=complement(join(2771694..2772252,2772313..2772340,2772479..2772695,2772757..2772849))] [gbkey=CDS]",0.0707070707070707,0.16161616161616163,0.026936026936026935,0.08080808080808081,0,0.04377104377104377,0.08080808080808081,0.11447811447811448,0.016835016835016835,0.030303030303030304,0.09764309764309764,0.026936026936026935,0.003367003367003367,0,0.08417508417508418,0.09090909090909091,0.04040404040404041,0.003367003367003367,0.003367003367003367,0.02356902356902357
"lcl|CP059658.1_cds_QRW16435.1_918 [locus_tag=RhiXN_04436] [protein=Transcription initiation factor IID, 31kD subunit] [protein_id=QRW16435.1] [location=join(2772978..2773095,2773146..2773285,2773348..2773839)] [gbkey=CDS]",0.12903225806451613,0.028225806451612902,0.024193548387096774,0.12096774193548387,0,0.04435483870967742,0.08870967741935484,0.07661290322580645,0.028225806451612902,0.03225806451612903,0.06854838709677419,0.03225806451612903,0.028225806451612902,0.012096774193548387,0.09274193548387097,0.04838709677419355,0.05241935483870968,0.008064516129032258,0.024193548387096774,0.06048387096774194
"lcl|CP059658.1_cds_QRW16436.1_919 [locus_tag=RhiXN_04437] [protein=ICE-like protease (caspase) p20 domain protein] [protein_id=QRW16436.1] [location=complement(join(2775583..2775732,2775797..2775895,2775949..2776740,2776791..2776822,2776874..2776942,2777020..2777151,2777201..2777335,2777394..2777495,2777570..2777627))] [gbkey=CDS]",0.07485604606525911,0.06333973128598848,0.030710172744721688,0.05758157389635317,0.023032629558541268,0.044145873320537425,0.061420345489443376,0.07293666026871401,0.028790786948176585,0.05566218809980806,0.09213051823416507,0.046065259117082535,0.023032629558541268,0.023032629558541268,0.05758157389635317,0.09788867562380038,0.05566218809980806,0.011516314779270634,0.026871401151631478,0.053742802303262956
"lcl|CP059658.1_cds_QRW16437.1_920 [locus_tag=RhiXN_04438] [protein=major facilitator superfamily transporter] [protein_id=QRW16437.1] [location=join(2779141..2779207,2779272..2779435,2779487..2779509,2779559..2779666,2779717..2779800,2779848..2780254,2780307..2780960,2781028..2781158)] [gbkey=CDS]",0.10110294117647059,0.0661764705882353,0.025735294117647058,0.027573529411764705,0.009191176470588236,0.027573529411764705,0.03308823529411765,0.07536764705882353,0.014705882352941176,0.06066176470588235,0.12316176470588236,0.03676470588235294,0.022058823529411766,0.04963235294117647,0.04779411764705882,0.11213235294117647,0.0661764705882353,0.012867647058823529,0.01838235294117647,0.06985294117647059
"lcl|CP059658.1_cds_QRW16438.1_921 [locus_tag=RhiXN_04439] [protein=hypothetical protein] [protein_id=QRW16438.1] [location=complement(join(2782284..2782369,2782425..2782560,2782618..2782690,2782739..2783088,2783156..2783254,2783308..2783379,2783433..2783490,2783547..2783656,2783711..2783815,2783866..2783994))] [gbkey=CDS]",0.07920792079207921,0.04207920792079208,0.04207920792079208,0.05198019801980198,0.0049504950495049506,0.027227722772277228,0.04702970297029703,0.07673267326732673,0.022277227722772276,0.054455445544554455,0.11633663366336634,0.0594059405940594,0.01485148514851485,0.04207920792079208,0.054455445544554455,0.11138613861386139,0.06188118811881188,0.01485148514851485,0.01485148514851485,0.06188118811881188
"lcl|CP059658.1_cds_QRW16439.1_922 [locus_tag=RhiXN_04440] [protein=Magnesium transporter NIPA] [protein_id=QRW16439.1] [location=join(2784109..2784683,2784735..2784828,2784881..2785202,2785258..2785355,2785420..2785488,2785544..2785679,2785734..2786062)] [gbkey=CDS]",0.09647495361781076,0.06679035250463822,0.029684601113172542,0.03710575139146568,0.012987012987012988,0.029684601113172542,0.03153988868274583,0.0686456400742115,0.02040816326530612,0.055658627087198514,0.10204081632653061,0.022263450834879406,0.0074211502782931356,0.04638218923933209,0.0686456400742115,0.12059369202226346,0.07421150278293136,0.016697588126159554,0.02040816326530612,0.07235621521335807
"lcl|CP059658.1_cds_QRW16440.1_923 [locus_tag=RhiXN_04441] [protein=SRP40, carboxy-terminal domain protein] [protein_id=QRW16440.1] [location=complement(join(2786836..2786991,2787047..2787091,2787119..2787241,2787380..2788080,2788132..2788233,2788283..2788293,2788355..2788529,2788581..2788596))] [gbkey=CDS]",0.08390022675736962,0.03854875283446712,0.036281179138321996,0.08163265306122448,0.0045351473922902496,0.011337868480725623,0.06802721088435375,0.07029478458049887,0.011337868480725623,0.022675736961451247,0.034013605442176874,0.08390022675736962,0.0022675736961451248,0.018140589569160998,0.05895691609977324,0.19501133786848074,0.09297052154195011,0.0022675736961451248,0.013605442176870748,0.07029478458049887
"lcl|CP059658.1_cds_QRW16441.1_924 [locus_tag=RhiXN_04442] [protein=GATA type zinc finger] [protein_id=QRW16441.1] [location=join(2788745..2788946,2789016..2789370,2789427..2789638,2789702..2789964,2790023..2790100,2790200..2790310)] [gbkey=CDS]",0.11358024691358025,0.06419753086419754,0.05432098765432099,0.0345679012345679,0.012345679012345678,0.02962962962962963,0.05432098765432099,0.08395061728395062,0.019753086419753086,0.04197530864197531,0.07901234567901234,0.04691358024691358,0.007407407407407408,0.02962962962962963,0.08641975308641975,0.12098765432098765,0.05432098765432099,0.012345679012345678,0.024691358024691357,0.02962962962962963
"lcl|CP059658.1_cds_QRW16442.1_925 [locus_tag=RhiXN_04443] [protein=hypothetical protein] [protein_id=QRW16442.1] [location=complement(join(2791281..2792306,2792469..2792992,2793048..2793126))] [gbkey=CDS]",0.07393715341959335,0.09981515711645102,0.024029574861367836,0.059149722735674676,0.011090573012939002,0.029574861367837338,0.04066543438077634,0.08502772643253234,0.036968576709796676,0.05730129390018484,0.10351201478743069,0.02033271719038817,0.012939001848428836,0.02033271719038817,0.06099815157116451,0.06839186691312385,0.07393715341959335,0.018484288354898338,0.022181146025878003,0.08133086876155268
"lcl|CP059658.1_cds_QRW16443.1_926 [locus_tag=RhiXN_04444] [protein=LSM domain-containing protein] [protein_id=QRW16443.1] [location=complement(join(2796739..2797106,2797163..2797289))] [gbkey=CDS]",0.05521472392638037,0.024539877300613498,0.024539877300613498,0.04294478527607362,0.006134969325153374,0.04294478527607362,0.03067484662576687,0.06134969325153374,0.05521472392638037,0.06134969325153374,0.12269938650306748,0.03067484662576687,0.018404907975460124,0.024539877300613498,0.12269938650306748,0.15337423312883436,0.05521472392638037,0.006134969325153374,0.03067484662576687,0.03067484662576687
"lcl|CP059658.1_cds_QRW16444.1_927 [locus_tag=RhiXN_04445] [protein=LSM domain-containing protein] [protein_id=QRW16444.1] [location=complement(join(2797603..2797656,2797720..2797866,2797922..2797954))] [gbkey=CDS]",0.05263157894736842,0.06578947368421052,0.02631578947368421,0.05263157894736842,0,0.039473684210526314,0.07894736842105263,0.07894736842105263,0.02631578947368421,0.06578947368421052,0.09210526315789473,0.07894736842105263,0.02631578947368421,0.06578947368421052,0.039473684210526314,0.06578947368421052,0.039473684210526314,0,0,0.10526315789473684
"lcl|CP059658.1_cds_QRW16445.1_928 [locus_tag=RhiXN_04446] [protein=hypothetical protein] [protein_id=QRW16445.1] [location=join(2798321..2798738,2798841..2799535)] [gbkey=CDS]",0.12466124661246612,0.07317073170731707,0.07588075880758807,0.06233062330623306,0,0.02981029810298103,0.04336043360433604,0.07046070460704607,0.01084010840108401,0.018970189701897018,0.04878048780487805,0.06775067750677506,0.008130081300813009,0.008130081300813009,0.12737127371273713,0.12195121951219512,0.06233062330623306,0.008130081300813009,0.0027100271002710027,0.03523035230352303
lcl|CP059658.1_cds_QRW16446.1_929 [locus_tag=RhiXN_04447] [protein=hypothetical protein] [protein_id=QRW16446.1] [location=2799619..2799990] [gbkey=CDS],0.04918032786885246,0.04918032786885246,0.05737704918032787,0.00819672131147541,0,0.05737704918032787,0.00819672131147541,0.08196721311475409,0.13114754098360656,0.00819672131147541,0.04918032786885246,0.01639344262295082,0.00819672131147541,0.01639344262295082,0.22131147540983606,0.13934426229508196,0.01639344262295082,0,0.05737704918032787,0.02459016393442623
"lcl|CP059658.1_cds_QRW16447.1_930 [locus_tag=RhiXN_04448] [protein=distribution and morphology protein] [protein_id=QRW16447.1] [location=complement(join(2800300..2800434,2800490..2800937,2800985..2801417,2801485..2801671))] [gbkey=CDS]",0.08020050125313283,0.08270676691729323,0.045112781954887216,0.05263157894736842,0.007518796992481203,0.012531328320802004,0.06516290726817042,0.08521303258145363,0.012531328320802004,0.05012531328320802,0.08521303258145363,0.03258145363408521,0.022556390977443608,0.03508771929824561,0.06516290726817042,0.10776942355889724,0.05764411027568922,0.017543859649122806,0.03007518796992481,0.05263157894736842
"lcl|CP059658.1_cds_QRW16448.1_931 [locus_tag=RhiXN_04449] [protein=hypothetical protein] [protein_id=QRW16448.1] [location=join(2802286..2802372,2802430..2802532,2802562..2802590,2802642..2802875)] [gbkey=CDS]",0.14093959731543623,0.03355704697986577,0.040268456375838924,0.026845637583892617,0,0.0738255033557047,0.087248322147651,0.053691275167785234,0.013422818791946308,0.053691275167785234,0.12751677852348994,0.03355704697986577,0,0,0.04697986577181208,0.11409395973154363,0.06040268456375839,0.013422818791946308,0.026845637583892617,0.053691275167785234
"lcl|CP059658.1_cds_QRW16449.1_932 [locus_tag=RhiXN_04450] [protein=hypothetical protein] [protein_id=QRW16449.1] [location=join(2806283..2806361,2806458..2806657,2806716..2806990,2807061..2807176,2807232..2807250,2807307..2807429,2807482..2807597,2807654..2807726,2807776..2807844,2807901..2807943,2808003..2808065,2808122..2808224,2808282..2808382,2808444..2808480,2808524..2808867,2808919..2809116,2809172..2809189)] [gbkey=CDS]",0.0669710806697108,0.045662100456621,0.0289193302891933,0.0578386605783866,0.0106544901065449,0.0547945205479452,0.0669710806697108,0.0639269406392694,0.0258751902587519,0.0547945205479452,0.1156773211567732,0.0502283105022831,0.0213089802130898,0.0197869101978691,0.0700152207001522,0.0882800608828006,0.0547945205479452,0.0167427701674277,0.0167427701674277,0.0700152207001522
"lcl|CP059658.1_cds_QRW16450.1_933 [locus_tag=RhiXN_04451] [protein=Fungal specific transcription factor domain] [protein_id=QRW16450.1] [location=join(2809375..2809529,2809571..2809607,2809662..2809684,2809740..2809795,2809841..2809875,2809928..2810381,2810430..2810701,2810761..2810947,2811004..2811034,2811085..2811179,2811306..2811310,2811364..2811424,2811478..2811596,2811654..2811669,2811725..2811772,2811879..2811932,2811982..2812077,2812175..2812659)] [gbkey=CDS]",0.11336032388663968,0.05668016194331984,0.037786774628879895,0.044534412955465584,0.01349527665317139,0.059379217273954114,0.059379217273954114,0.04993252361673414,0.037786774628879895,0.05398110661268556,0.0931174089068826,0.017543859649122806,0.02564102564102564,0.03913630229419703,0.06882591093117409,0.09176788124156546,0.044534412955465584,0.01349527665317139,0.018893387314439947,0.06072874493927125
"lcl|CP059658.1_cds_QRW16451.1_934 [locus_tag=RhiXN_04452] [protein=formate/nitrite transporter family protein] [protein_id=QRW16451.1] [location=join(2813617..2813722,2813779..2813914,2813965..2814007,2814065..2814131,2814182..2814353,2814419..2814468,2814532..2814596,2814652..2814706,2814783..2814788,2814844..2814850,2814904..2814940,2814997..2815059,2815121..2815234)] [gbkey=CDS]",0.09508196721311475,0.04262295081967213,0.04590163934426229,0.02622950819672131,0.009836065573770493,0.029508196721311476,0.013114754098360656,0.08852459016393442,0.029508196721311476,0.06557377049180328,0.12131147540983607,0.03278688524590164,0.04590163934426229,0.07868852459016394,0.04590163934426229,0.05573770491803279,0.04262295081967213,0.022950819672131147,0.009836065573770493,0.09836065573770492
"lcl|CP059658.1_cds_QRW16452.1_935 [locus_tag=RhiXN_04453] [protein=ubiquitin-conjugating enzyme E1] [protein_id=QRW16452.1] [location=complement(join(2815595..2815678,2815732..2815892,2815943..2816048,2816104..2816208,2816232..2816370,2816423..2816586,2816675..2816749,2816809..2817066,2817118..2817188,2817232..2817315,2817370..2817438,2817503..2817911))] [gbkey=CDS]",0.06108202443280977,0.034904013961605584,0.04886561954624782,0.06457242582897033,0.015706806282722512,0.05235602094240838,0.059336823734729496,0.06108202443280977,0.02443280977312391,0.06282722513089005,0.078534031413612565,0.06980802792321117,0.017452006980802792,0.04886561954624782,0.07329842931937172,0.08202443280977312,0.05410122164048865,0.013961605584642234,0.02268760907504363,0.05410122164048865
"lcl|CP059658.1_cds_QRW16453.1_936 [locus_tag=RhiXN_04454] [protein=Ran-specific GTPase-activating protein 1] [protein_id=QRW16453.1] [location=complement(join(2817968..2818243,2818297..2818322,2818376..2818529,2818580..2818671,2818723..2818831,2818893..2818948,2819014..2819190,2819245..2819309,2819733..2820081,2820145..2820284,2820327..2820466,2820535..2820627,2821142..2821165))] [gbkey=CDS]",0.0920353982300885,0.05309734513274336,0.033628318584070796,0.06725663716814159,0.010619469026548672,0.03185840707964602,0.0920353982300885,0.07079646017699115,0.021238938053097345,0.05663716814159292,0.08141592920353982,0.06548672566371681,0.007079646017699115,0.049557522123893805,0.05486725663716814,0.05486725663716814,0.07079646017699115,0.012389380530973451,0.012389380530973451,0.061946902654867256
"lcl|CP059658.1_cds_QRW16454.1_937 [locus_tag=RhiXN_04455] [protein=hypothetical protein] [protein_id=QRW16454.1] [location=join(2821370..2821397,2821452..2821487,2821535..2821738,2821790..2821821)] [gbkey=CDS]",0.05102040816326531,0.10204081632653061,0,0.05102040816326531,0.02040816326530612,0.061224489795918366,0.08163265306122448,0.08163265306122448,0.01020408163265306,0.07142857142857142,0.05102040816326531,0.030612244897959183,0.01020408163265306,0,0.061224489795918366,0.061224489795918366,0.07142857142857142,0.01020408163265306,0.030612244897959183,0.14285714285714285
lcl|CP059658.1_cds_QRW16455.1_938 [locus_tag=RhiXN_04456] [protein=hypothetical protein] [protein_id=QRW16455.1] [location=complement(2822340..2822702)] [gbkey=CDS],0.11764705882352941,0.11764705882352941,0.03361344537815126,0.01680672268907563,0,0.04201680672268908,0.05042016806722689,0.008403361344537815,0.01680672268907563,0.03361344537815126,0.08403361344537816,0.01680672268907563,0.008403361344537815,0.01680672268907563,0.21008403361344538,0.08403361344537816,0.058823529411764705,0.01680672268907563,0.025210084033613446,0.04201680672268908
"lcl|CP059658.1_cds_QRW16456.1_939 [locus_tag=RhiXN_04457] [protein=transmembrane protein] [protein_id=QRW16456.1] [location=join(2823230..2823460,2823524..2823703,2823770..2823875,2823940..2823980)] [gbkey=CDS]",0.06521739130434782,0.043478260869565216,0.005434782608695652,0.05434782608695652,0.016304347826086956,0.043478260869565216,0.043478260869565216,0.06521739130434782,0.03804347826086957,0.059782608695652176,0.07608695652173914,0.03804347826086957,0.016304347826086956,0.02717391304347826,0.11413043478260869,0.07065217391304347,0.059782608695652176,0.021739130434782608,0.06521739130434782,0.07608695652173914
"lcl|CP059658.1_cds_QRW16457.1_940 [locus_tag=RhiXN_04458] [protein=diphthamide biosynthesis protein] [protein_id=QRW16457.1] [location=join(2824882..2825249,2825480..2825791,2825880..2825967,2826045..2826255,2826390..2826539,2827881..2827956,2828011..2828422,2828507..2828523,2828576..2828700,2828742..2829256)] [gbkey=CDS]",0.09656084656084656,0.07804232804232804,0.03968253968253968,0.04894179894179894,0.009259259259259259,0.04497354497354497,0.037037037037037035,0.07275132275132275,0.03571428571428571,0.03835978835978836,0.07275132275132275,0.031746031746031744,0.011904761904761904,0.017195767195767195,0.1388888888888889,0.07407407407407407,0.06746031746031746,0.006613756613756613,0.03835978835978836,0.03968253968253968
"lcl|CP059658.1_cds_QRW16458.1_941 [locus_tag=RhiXN_04459] [protein=Cactin] [protein_id=QRW16458.1] [location=join(2832365..2832612,2832667..2832916,2832974..2833294,2833343..2833435,2833491..2833715,2833766..2834074,2834127..2834437,2834490..2834699,2834754..2834814,2834869..2834883)] [gbkey=CDS]",0.06774668630338733,0.1134020618556701,0.03829160530191458,0.08247422680412371,0.0029455081001472753,0.044182621502209134,0.11045655375552282,0.03829160530191458,0.022091310751104567,0.039764359351988215,0.0780559646539028,0.07658321060382917,0.011782032400589101,0.030927835051546393,0.03240058910162003,0.07952871870397643,0.042709867452135494,0.013254786450662739,0.033873343151693665,0.041237113402061855
"lcl|CP059658.1_cds_QRW16459.1_942 [locus_tag=RhiXN_04460] [protein=Zinc finger, CCHC-type] [protein_id=QRW16459.1] [location=join(2837553..2837584,2837651..2837680,2837739..2838579)] [gbkey=CDS]",0.08695652173913043,0.05016722408026756,0.03678929765886288,0.026755852842809364,0.016722408026755852,0.05016722408026756,0.056856187290969896,0.07692307692307693,0.033444816053511704,0.05351170568561873,0.06688963210702341,0.043478260869565216,0.013377926421404682,0.016722408026755852,0.10702341137123746,0.13043478260869565,0.056856187290969896,0.0033444816053511705,0.030100334448160536,0.043478260869565216
"lcl|CP059658.1_cds_QRW16460.1_943 [locus_tag=RhiXN_04461] [protein=Zinc finger, CCHC-type] [protein_id=QRW16460.1] [location=join(2839066..2839248,2839301..2839338,2839393..2839518,2839570..2839648,2839699..2839740)] [gbkey=CDS]",0.09740259740259741,0.06493506493506493,0.05194805194805195,0.025974025974025976,0.09090909090909091,0.045454545454545456,0.025974025974025976,0.16883116883116883,0.03896103896103896,0.025974025974025976,0.025974025974025976,0.045454545454545456,0.012987012987012988,0.01948051948051948,0.07142857142857142,0.06493506493506493,0.03896103896103896,0,0.03896103896103896,0.045454545454545456
"lcl|CP059658.1_cds_QRW16461.1_944 [locus_tag=RhiXN_04462] [protein=thymocyte nuclear protein 1] [protein_id=QRW16461.1] [location=complement(join(2840143..2840344,2840374..2840680,2840736..2840760,2840796..2840833,2840884..2840993,2841045..2841073,2841123..2841188))] [gbkey=CDS]",0.07003891050583658,0.07003891050583658,0.042801556420233464,0.0622568093385214,0.007782101167315175,0.027237354085603113,0.06614785992217899,0.05058365758754864,0.01556420233463035,0.019455252918287938,0.0622568093385214,0.10116731517509728,0.019455252918287938,0.0311284046692607,0.058365758754863814,0.1245136186770428,0.054474708171206226,0.019455252918287938,0.027237354085603113,0.07003891050583658
"lcl|CP059658.1_cds_QRW16462.1_945 [locus_tag=RhiXN_04463] [protein=peptidyl-prolyl cis-trans isomerase, cyclophilin-type protein] [protein_id=QRW16462.1] [location=complement(join(2841669..2841959,2842016..2842180,2842247..2842359,2842386..2842929,2843109..2843183,2843256..2843768,2843824..2844349,2844405..2845006,2845720..2845787,2845839..2845862,2845915..2846041,2846095..2846136,2846184..2846213,2846269..2846346))] [gbkey=CDS]",0.07800751879699248,0.06296992481203008,0.03477443609022556,0.05263157894736842,0.009398496240601503,0.044172932330827065,0.08364661654135339,0.06860902255639098,0.012218045112781954,0.03477443609022556,0.07424812030075188,0.06296992481203008,0.008458646616541353,0.02631578947368421,0.08834586466165413,0.10150375939849623,0.08082706766917293,0.010338345864661654,0.02443609022556391,0.041353383458646614
"lcl|CP059658.1_cds_QRW16463.1_946 [locus_tag=RhiXN_04464] [protein=GTPase-activating protein] [protein_id=QRW16463.1] [location=join(2846457..2846630,2846696..2846842,2846906..2847674,2847819..2848312,2848404..2848504,2848729..2848840,2848899..2848976,2849036..2849281,2849332..2849387,2849443..2849689,2849732..2849885,2849962..2850078,2850138..2850435,2850486..2850552,2850606..2850881,2850937..2851143,2851198..2851653,2851706..2851723,2851772..2851916,2851968..2852046,2852096..2852278,2852337..2852375,2852426..2852482,2852530..2852743,2852792..2853151,2853206..2853334,2853385..2853432,2853491..2853647,2853706..2853801,2853857..2853972,2854025..2854207,2854255..2854471,2854524..2854804,2854852..2855052,2855105..2855564,2855611..2856571,2856621..2856880,2856938..2857032)] [gbkey=CDS]",0.09153400868306802,0.06222865412445731,0.04377713458755427,0.049927641099855286,0.01447178002894356,0.03690303907380608,0.05788712011577424,0.04811866859623734,0.019536903039073805,0.05752532561505065,0.11577424023154848,0.03762662807525326,0.023878437047756874,0.03907380607814761,0.052821997105643996,0.08646888567293777,0.05969609261939218,0.009768451519536902,0.02532561505065123,0.06765557163531115
"lcl|CP059658.1_cds_QRW16464.1_947 [locus_tag=RhiXN_04465] [protein=hypothetical protein] [protein_id=QRW16464.1] [location=complement(join(2857414..2857521,2857580..2857645,2857712..2857792,2857843..2858008,2858064..2858077,2858145..2858228))] [gbkey=CDS]",0.07602339181286549,0.04093567251461988,0.06432748538011696,0.05263157894736842,0.07017543859649122,0.029239766081871343,0.005847953216374269,0.1111111111111111,0.005847953216374269,0.03508771929824561,0.04093567251461988,0.011695906432748537,0.011695906432748537,0.023391812865497075,0.04093567251461988,0.1286549707602339,0.09941520467836257,0.011695906432748537,0.04678362573099415,0.0935672514619883
"lcl|CP059658.1_cds_QRW16465.1_948 [locus_tag=RhiXN_04466] [protein=guanosine-diphosphatase] [protein_id=QRW16465.1] [location=complement(join(2859607..2861592,2861647..2861858,2861899..2861988,2862036..2862168))] [gbkey=CDS]",0.0782608695652174,0.062111801242236024,0.037267080745341616,0.049689440993788817,0.012422360248447204,0.02981366459627329,0.049689440993788817,0.07950310559006211,0.02732919254658385,0.043478260869565216,0.08695652173913043,0.037267080745341616,0.018633540372670808,0.03354037267080745,0.07577639751552795,0.11180124223602485,0.07080745341614907,0.016149068322981366,0.02360248447204969,0.055900621118012424
"lcl|CP059658.1_cds_QRW16466.1_949 [locus_tag=RhiXN_04467] [protein=ICE-like protease (caspase) p20 domain protein] [protein_id=QRW16466.1] [location=join(2862822..2862859,2862924..2863193,2863235..2863382,2863439..2863499,2863628..2863687,2863742..2863788,2863844..2863931,2864000..2864013,2864064..2864177,2864235..2864248,2864311..2864396,2864449..2864531,2864583..2864630)] [gbkey=CDS]",0.07887323943661972,0.03380281690140845,0.028169014084507043,0.08732394366197183,0.014084507042253521,0.05070422535211268,0.07605633802816901,0.07605633802816901,0.030985915492957747,0.04788732394366197,0.09014084507042254,0.036619718309859155,0.014084507042253521,0.04788732394366197,0.0676056338028169,0.07887323943661972,0.03943661971830986,0.008450704225352112,0.04225352112676056,0.05070422535211268
lcl|CP059658.1_cds_QRW16467.1_950 [locus_tag=RhiXN_04468] [protein=hypothetical protein] [protein_id=QRW16467.1] [location=complement(2864694..2865170)] [gbkey=CDS],0.10191082802547771,0.044585987261146494,0.05732484076433121,0.044585987261146494,0,0.06369426751592357,0.03821656050955414,0.06369426751592357,0.012738853503184714,0.07006369426751592,0.08280254777070063,0.03184713375796178,0.012738853503184714,0.03821656050955414,0.05732484076433121,0.10828025477707007,0.06369426751592357,0.006369426751592357,0.025477707006369428,0.07643312101910828
"lcl|CP059658.1_cds_QRW16468.1_951 [locus_tag=RhiXN_04469] [protein=insulysin] [protein_id=QRW16468.1] [location=complement(join(2865810..2866267,2866323..2866772,2866821..2866920,2866973..2867064,2867115..2867235,2867302..2867515,2867566..2867717,2867769..2867864,2867917..2868305,2868358..2868523,2868573..2868662,2868712..2868827,2868876..2869249,2869318..2869385,2869435..2869473,2869538..2869585,2869640..2869993))] [gbkey=CDS]",0.07407407407407407,0.05871725383920506,0.03884372177055104,0.04968383017163505,0.006323396567299007,0.028003613369467027,0.08581752484191509,0.04607046070460705,0.03342366757000903,0.053297199638663056,0.1020776874435411,0.05871725383920506,0.02077687443541102,0.03432700993676603,0.051490514905149054,0.09033423667570009,0.05871725383920506,0.02168021680216802,0.03523035230352303,0.052393857271906055
"lcl|CP059658.1_cds_QRW16469.1_952 [locus_tag=RhiXN_04470] [protein=mitochondrial import inner membrane translocase subunit TIM54] [protein_id=QRW16469.1] [location=join(2870214..2870295,2870353..2870485,2870551..2870563,2870631..2870698,2870749..2870839,2870901..2870924,2870974..2870983,2871034..2871149,2871200..2871260,2871311..2871383,2871435..2871444,2871490..2871521,2871577..2871719,2871772..2871854,2871913..2871987,2872047..2872137,2872192..2872279,2872340..2872538,2872589..2872613,2872668..2872765,2872829..2872844,2872904..2873041,2873097..2873332,2873443..2873463,2873517..2873573,2873622..2873647,2873698..2873734,2873939..2874047,2874102..2874297,2874359..2874365,2874422..2874490,2874546..2874805,2874862..2875048,2875102..2875150,2875212..2875319,2875373..2875417,2875486..2875529,2875588..2876220,2876276..2876575,2876640..2876722,2877620..2877677,2877731..2878104,2878146..2878887)] [gbkey=CDS]",0.055995475113122174,0.06391402714932126,0.03676470588235294,0.06165158371040724,0.013574660633484163,0.035633484162895926,0.06900452488687783,0.057692307692307696,0.023755656108597284,0.06221719457013575,0.08823529411764706,0.06278280542986425,0.019230769230769232,0.032805429864253395,0.07126696832579185,0.08880090497737557,0.06787330316742081,0.012443438914027148,0.025452488687782805,0.05090497737556561
"lcl|CP059658.1_cds_QRW16470.1_953 [locus_tag=RhiXN_04471] [protein=hypothetical protein] [protein_id=QRW16470.1] [location=complement(join(2878992..2879090,2879140..2879268,2879335..2879370))] [gbkey=CDS]",0.1511627906976744,0.03488372093023256,0.05813953488372093,0.05813953488372093,0,0.03488372093023256,0.09302325581395349,0.05813953488372093,0,0.05813953488372093,0.10465116279069768,0.09302325581395349,0.023255813953488372,0.011627906976744186,0.011627906976744186,0.06976744186046512,0.046511627906976744,0,0.03488372093023256,0.05813953488372093
"lcl|CP059658.1_cds_QRW16471.1_954 [locus_tag=RhiXN_04472] [protein=Serine/threonine-protein kinase] [protein_id=QRW16471.1] [location=join(2879671..2879751,2879801..2879889,2879944..2880008,2880060..2880081,2880136..2880181,2880236..2880286,2880347..2880446,2880524..2880572,2880632..2880664,2880717..2880744,2880803..2880831,2880878..2880912,2880966..2880991,2881045..2881062,2881116..2881146,2881210..2881275,2881335..2881384,2881439..2881477,2881529..2881534,2881586..2881607,2881654..2881683,2881731..2881788,2881845..2882001,2882051..2882167)] [gbkey=CDS]",0.06280193236714976,0.04589371980676329,0.03864734299516908,0.05314009661835749,0.016908212560386472,0.057971014492753624,0.06280193236714976,0.0748792270531401,0.04589371980676329,0.0748792270531401,0.08695652173913043,0.043478260869565216,0.021739130434782608,0.033816425120772944,0.04830917874396135,0.05555555555555555,0.06038647342995169,0.012077294685990338,0.036231884057971016,0.06763285024154589
"lcl|CP059658.1_cds_QRW16472.1_955 [locus_tag=RhiXN_04473] [protein=cyclin-dependent kinase inhibitor] [protein_id=QRW16472.1] [location=complement(join(2882355..2882461,2882519..2882670,2882735..2882779,2882832..2882869))] [gbkey=CDS]",0.11607142857142858,0.07142857142857142,0.008928571428571428,0.05357142857142857,0,0.03571428571428571,0.08035714285714286,0.03571428571428571,0.044642857142857144,0.05357142857142857,0.08035714285714286,0.08035714285714286,0,0.017857142857142856,0.08928571428571429,0.07142857142857142,0.026785714285714284,0.026785714285714284,0.0625,0.044642857142857144
"lcl|CP059658.1_cds_QRW16473.1_956 [locus_tag=RhiXN_04474] [protein=adaptin ear-binding coat-associated protein] [protein_id=QRW16473.1] [location=complement(join(2883158..2883408,2883460..2883609,2883663..2883668,2883724..2883842,2883896..2883920,2883974..2883982,2884040..2884082))] [gbkey=CDS]",0.08040201005025126,0.07537688442211055,0.03015075376884422,0.06030150753768844,0.010050251256281407,0.04020100502512563,0.07537688442211055,0.09045226130653267,0.005025125628140704,0.06030150753768844,0.06532663316582915,0.05025125628140704,0.020100502512562814,0.04020100502512563,0.07537688442211055,0.10050251256281408,0.04522613065326633,0.010050251256281407,0.03015075376884422,0.035175879396984924
"lcl|CP059658.1_cds_QRW16474.1_957 [locus_tag=RhiXN_04475] [protein=damaged DNA binding protein] [protein_id=QRW16474.1] [location=join(2884308..2884483,2884536..2884819,2884868..2884967,2885019..2885115,2885172..2885362,2885416..2885621,2885685..2885758,2885809..2885929,2885978..2886040,2886093..2886338,2886614..2886707,2886956..2887385,2887435..2887539,2887590..2887677,2887734..2887943,2887993..2888386,2888437..2888551,2888600..2888692,2888744..2888842)] [gbkey=CDS]",0.06886792452830189,0.04905660377358491,0.05,0.05377358490566038,0.012264150943396227,0.03773584905660377,0.06320754716981132,0.07169811320754717,0.013207547169811321,0.059433962264150944,0.08679245283018867,0.05566037735849057,0.018867924528301886,0.031132075471698113,0.052830188679245285,0.08962264150943396,0.07547169811320754,0.016981132075471698,0.02547169811320755,0.06792452830188679
"lcl|CP059658.1_cds_QRW16475.1_958 [locus_tag=RhiXN_04476] [protein=enoyl-CoA hydratase/isomerase family protein] [protein_id=QRW16475.1] [location=join(2889225..2889315,2889377..2889430,2889488..2889534,2889587..2889686,2889739..2889783,2889835..2889909,2890316..2890356,2890413..2890523,2890574..2890655,2890706..2890769,2890825..2890892,2890942..2891134,2891187..2891592,2891653..2892078)] [gbkey=CDS]",0.10851419031719532,0.05175292153589316,0.03171953255425709,0.05008347245409015,0.008347245409015025,0.0333889816360601,0.07512520868113523,0.07512520868113523,0.021702838063439065,0.05175292153589316,0.08848080133555926,0.05342237061769616,0.02003338898163606,0.038397328881469114,0.05509181969949917,0.06844741235392321,0.08180300500834725,0.00667779632721202,0.021702838063439065,0.05843071786310518
"lcl|CP059658.1_cds_QRW16476.1_959 [locus_tag=RhiXN_04477] [protein=indoleamine 2,3-dioxygenase] [protein_id=QRW16476.1] [location=join(2893579..2893956,2894021..2894791,2894844..2895140,2895208..2895318)] [gbkey=CDS]",0.10058027079303675,0.07156673114119923,0.0367504835589942,0.05222437137330754,0.019342359767891684,0.030947775628626693,0.05609284332688588,0.05222437137330754,0.02127659574468085,0.04642166344294004,0.10058027079303675,0.0367504835589942,0.029013539651837523,0.0367504835589942,0.07156673114119923,0.09864603481624758,0.0425531914893617,0.013539651837524178,0.02127659574468085,0.061895551257253385
"lcl|CP059658.1_cds_QRW16477.1_960 [locus_tag=RhiXN_04478] [protein=RNA recognition motif protein] [protein_id=QRW16477.1] [location=join(2899331..2899355,2899413..2899421,2899491..2899579,2899629..2899738,2899791..2899866,2900112..2900185,2900235..2900334,2900388..2900515,2900568..2900678,2900740..2900791)] [gbkey=CDS]",0.0390625,0.22265625,0.04296875,0.18359375,0.00390625,0.01953125,0.04296875,0.0703125,0.02734375,0.02734375,0.03515625,0.0234375,0.00390625,0.04296875,0.03125,0.05859375,0.0234375,0.00390625,0.0390625,0.05859375
"lcl|CP059658.1_cds_QRW16478.1_961 [locus_tag=RhiXN_04479] [protein=aminotransferase class-V protein] [protein_id=QRW16478.1] [location=complement(join(2900963..2901032,2901092..2901215,2901270..2901342,2901401..2901427,2901484..2901618,2901836..2902462,2902536..2902649,2902706..2902779,2902829..2902894,2903162..2903204,2903257..2903415,2903468..2903535,2903587..2903658,2903715..2903724,2903773..2903817,2903870..2903937,2903985..2904065,2904125..2904393,2904452..2904559,2904616..2904782,2904933..2905047,2905094..2905110))] [gbkey=CDS]",0.07600950118764846,0.052256532066508314,0.035629453681710214,0.060570071258907364,0.013064133016627079,0.02494061757719715,0.0688836104513064,0.0688836104513064,0.028503562945368172,0.05344418052256532,0.1021377672209026,0.06175771971496437,0.022565320665083134,0.032066508313539195,0.05463182897862233,0.0688836104513064,0.05938242280285035,0.011876484560570071,0.023752969121140142,0.08076009501187649
"lcl|CP059658.1_cds_QRW16479.1_962 [locus_tag=RhiXN_04480] [protein=hypothetical protein] [protein_id=QRW16479.1] [location=join(2905251..2905340,2905394..2905403,2905460..2905773,2905829..2905885,2905948..2906255,2906303..2906390,2906448..2906723,2906779..2906871)] [gbkey=CDS]",0.09268292682926829,0.05853658536585366,0.04878048780487805,0.07560975609756097,0,0.07317073170731707,0.05609756097560976,0.0975609756097561,0.012195121951219513,0.041463414634146344,0.07560975609756097,0.05853658536585366,0.004878048780487805,0.05609756097560976,0.04390243902439024,0.06585365853658537,0.046341463414634146,0.004878048780487805,0.012195121951219513,0.07560975609756097
"lcl|CP059658.1_cds_QRW16480.1_963 [locus_tag=RhiXN_04481] [protein=agmatinase] [protein_id=QRW16480.1] [location=complement(join(2907157..2907525,2907578..2907636,2907690..2908253,2908308..2908470,2908520..2908634,2908685..2908828,2908884..2908952,2909001..2909251,2910569..2910604,2910668..2911195,2911255..2911521))] [gbkey=CDS]",0.08558030480656506,0.04689331770222743,0.041031652989449004,0.05275498241500586,0.015240328253223915,0.04220398593200469,0.031652989449003514,0.0984759671746776,0.01992966002344666,0.053927315357561546,0.08089097303634232,0.022274325908558032,0.022274325908558032,0.029308323563892145,0.07620164126611957,0.08675263774912075,0.06916764361078546,0.015240328253223915,0.037514654161781943,0.07268464243845252
"lcl|CP059658.1_cds_QRW16481.1_964 [locus_tag=RhiXN_04482] [protein=acyl-CoA dehydrogenase] [protein_id=QRW16481.1] [location=join(2912133..2912150,2912344..2912487,2912547..2912630,2912687..2912879,2912926..2913034,2913090..2913225,2913280..2913334,2913395..2913485,2913554..2913645,2913702..2913713,2913773..2913855,2913913..2914006,2914086..2914198)] [gbkey=CDS]",0.09852216748768473,0.05665024630541872,0.03940886699507389,0.059113300492610835,0.017241379310344827,0.03694581280788178,0.05172413793103448,0.10344827586206896,0.012315270935960592,0.046798029556650245,0.10344827586206896,0.04187192118226601,0.03201970443349754,0.03940886699507389,0.027093596059113302,0.06403940886699508,0.059113300492610835,0.007389162561576354,0.03940886699507389,0.06403940886699508
"lcl|CP059658.1_cds_QRW16482.1_965 [locus_tag=RhiXN_04483] [protein=aminotransferase class I and II protein] [protein_id=QRW16482.1] [location=join(2917044..2917721,2917779..2918232,2918307..2918346,2918407..2918665,2919461..2919725,2919940..2920042,2920098..2920147,2920295..2920369,2920428..2920515,2920571..2920630,2920685..2920768,2920829..2920841,2920896..2920928,2920980..2921029,2921086..2921100,2921165..2921174,2921234..2921296,2921354..2921429,2921485..2921495,2921548..2921656,2921707..2921737,2921789..2921843,2921900..2922049,2922125..2922170,2922227..2922291,2922355..2922397,2922455..2922516,2922556..2922621)] [gbkey=CDS]",0.07086614173228346,0.06299212598425197,0.038385826771653545,0.051181102362204724,0.013779527559055118,0.040354330708661415,0.0531496062992126,0.07677165354330709,0.040354330708661415,0.03740157480314961,0.07381889763779527,0.038385826771653545,0.015748031496062992,0.028543307086614175,0.08858267716535433,0.1141732283464567,0.05216535433070866,0.010826771653543307,0.03248031496062992,0.060039370078740155
"lcl|CP059658.1_cds_QRW16483.1_966 [locus_tag=RhiXN_04484] [protein=kinesin motor domain protein] [protein_id=QRW16483.1] [location=join(2923545..2924252,2924304..2924651,2924764..2925195,2925428..2926038,2926087..2926337,2926453..2926544,2926602..2927270,2927322..2927459,2927511..2928587,2928643..2928905,2928957..2929068,2929120..2929749,2929803..2931195,2931250..2931530)] [gbkey=CDS]",0.1075867981140163,0.07629661380197171,0.031290184312044576,0.05272181740248607,0.0038576939562794685,0.0488641234462066,0.1093013287612516,0.05100728675525075,0.030861551650235748,0.036862408915559364,0.09601371624517788,0.057008144020574365,0.019717102443206173,0.014573510501500214,0.04414916416630947,0.09515645092156022,0.05143591941705958,0.008144020574367767,0.015430775825117874,0.04972138876982426
"lcl|CP059658.1_cds_QRW16484.1_967 [locus_tag=RhiXN_04485] [protein=glycoside hydrolase family 131 protein] [protein_id=QRW16484.1] [location=join(2932035..2932123,2932179..2932257,2932315..2932369,2932428..2932500,2932560..2932604,2932656..2932719,2932788..2932803,2932861..2932979,2933033..2933153,2933215..2933275,2933356..2933398)] [gbkey=CDS]",0.05533596837944664,0.015810276679841896,0.07114624505928854,0.03162055335968379,0,0.03557312252964427,0.03162055335968379,0.1225296442687747,0.023715415019762844,0.05533596837944664,0.08300395256916997,0.039525691699604744,0.003952569169960474,0.019762845849802372,0.05138339920948617,0.09090909090909091,0.09881422924901186,0.039525691699604744,0.05928853754940711,0.07114624505928854
"lcl|CP059658.1_cds_QRW16485.1_968 [locus_tag=RhiXN_04486] [protein=Enoyl-(Acyl carrier protein) reductase] [protein_id=QRW16485.1] [location=join(2933912..2934184,2934267..2934353,2934409..2934473,2934548..2934671,2934725..2934836,2934897..2934924,2934989..2935127,2935279..2935309,2935374..2935443,2935513..2935573,2935631..2935687,2935740..2935826)] [gbkey=CDS]",0.10904255319148937,0.061170212765957445,0.03723404255319149,0.047872340425531915,0.013297872340425532,0.03723404255319149,0.07446808510638298,0.07180851063829788,0.023936170212765957,0.04521276595744681,0.0797872340425532,0.06648936170212766,0.02127659574468085,0.034574468085106384,0.02925531914893617,0.07712765957446809,0.05319148936170213,0.010638297872340425,0.02925531914893617,0.07712765957446809
"lcl|CP059658.1_cds_QRW16486.1_969 [locus_tag=RhiXN_04487] [protein=hypothetical protein] [protein_id=QRW16486.1] [location=join(2936289..2936574,2936636..2936790,2936849..2937460)] [gbkey=CDS]",0.08595988538681948,0.09169054441260745,0.025787965616045846,0.05157593123209169,0.008595988538681949,0.04011461318051576,0.054441260744985676,0.07449856733524356,0.04297994269340974,0.045845272206303724,0.08022922636103152,0.0057306590257879654,0.014326647564469915,0.025787965616045846,0.10315186246418338,0.08882521489971347,0.07736389684813753,0.014326647564469915,0.022922636103151862,0.045845272206303724
"lcl|CP059658.1_cds_QRW16487.1_970 [locus_tag=RhiXN_04488] [protein=YTH domain family protein] [protein_id=QRW16487.1] [location=join(2941660..2941849,2942005..2942153,2942287..2943510,2943564..2943727,2943783..2943938,2943997..2944135,2944199..2944453)] [gbkey=CDS]",0.0845442536327609,0.06340819022457067,0.05680317040951123,0.04095112285336856,0.002642007926023778,0.07529722589167767,0.03830911492734478,0.11096433289299867,0.02509907529722589,0.03302509907529723,0.05548216644649934,0.022457067371202115,0.03302509907529723,0.031704095112285335,0.10568031704095113,0.095112285336856,0.052840158520475564,0.013210039630118891,0.022457067371202115,0.036988110964332896
"lcl|CP059658.1_cds_QRW16488.1_971 [locus_tag=RhiXN_04489] [protein=hypothetical protein] [protein_id=QRW16488.1] [location=join(2945213..2945222,2945274..2945587)] [gbkey=CDS]",0.03773584905660377,0.05660377358490566,0.02830188679245283,0.03773584905660377,0.009433962264150943,0.05660377358490566,0.08490566037735849,0.04716981132075472,0.03773584905660377,0.04716981132075472,0.12264150943396226,0.03773584905660377,0.009433962264150943,0.04716981132075472,0.10377358490566038,0.10377358490566038,0.02830188679245283,0.018867924528301886,0.018867924528301886,0.0660377358490566
"lcl|CP059658.1_cds_QRW16489.1_972 [locus_tag=RhiXN_04490] [protein=hypothetical protein] [protein_id=QRW16489.1] [location=complement(join(2946483..2946841,2946880..2946988))] [gbkey=CDS]",0.08441558441558442,0.05194805194805195,0.03896103896103896,0.07792207792207792,0.012987012987012988,0.032467532467532464,0.07792207792207792,0.032467532467532464,0.025974025974025976,0.05194805194805195,0.08441558441558442,0.05194805194805195,0.006493506493506494,0.006493506493506494,0.09740259740259741,0.12337662337662338,0.05194805194805195,0.012987012987012988,0.01948051948051948,0.05844155844155844
"lcl|CP059658.1_cds_QRW16490.1_973 [locus_tag=RhiXN_04491] [protein=GMC oxidoreductase] [protein_id=QRW16490.1] [location=join(2951055..2951083,2951137..2951216,2951268..2951432,2951484..2951688,2951757..2951916,2951967..2952209,2952308..2952376,2952425..2952644,2952698..2952873,2952930..2953057,2953110..2953446,2953498..2953506)] [gbkey=CDS]",0.07603305785123966,0.04132231404958678,0.05289256198347107,0.06446280991735537,0.009917355371900827,0.03966942148760331,0.03471074380165289,0.09256198347107437,0.01818181818181818,0.05619834710743802,0.09421487603305785,0.04462809917355372,0.01487603305785124,0.03140495867768595,0.04628099173553719,0.09256198347107437,0.06942148760330578,0.023140495867768594,0.04628099173553719,0.0512396694214876
"lcl|CP059658.1_cds_QRW16491.1_974 [locus_tag=RhiXN_04492] [protein=Fingers domain of DNA polymerase lambda] [protein_id=QRW16491.1] [location=join(2954747..2954992,2955039..2955377,2955436..2955445,2955496..2955569,2955633..2955881)] [gbkey=CDS]",0.10197368421052631,0.07894736842105263,0.019736842105263157,0.03618421052631579,0.013157894736842105,0.039473684210526314,0.06907894736842106,0.049342105263157895,0.039473684210526314,0.05263157894736842,0.10855263157894737,0.05921052631578947,0.009868421052631578,0.023026315789473683,0.0625,0.08552631578947369,0.08223684210526316,0.006578947368421052,0.023026315789473683,0.039473684210526314
"lcl|CP059658.1_cds_QRW16492.1_975 [locus_tag=RhiXN_04493] [protein=hypothetical protein] [protein_id=QRW16492.1] [location=complement(join(2957411..2957697,2957733..2959062))] [gbkey=CDS]",0.09497206703910614,0.08007448789571694,0.0260707635009311,0.0260707635009311,0.0037243947858473,0.0446927374301676,0.0521415270018622,0.04655493482309125,0.0223463687150838,0.0335195530726257,0.09683426443202979,0.03165735567970205,0.0074487895716946,0.0148975791433892,0.12849162011173185,0.12849162011173185,0.07076350093109869,0.0037243947858473,0.020484171322160148,0.0670391061452514
"lcl|CP059658.1_cds_QRW16493.1_976 [locus_tag=RhiXN_04494] [protein=hypothetical protein] [protein_id=QRW16493.1] [location=join(2959346..2959557,2959612..2960011)] [gbkey=CDS]",0.09900990099009901,0.0891089108910891,0.04455445544554455,0.01485148514851485,0.019801980198019802,0.06435643564356436,0.039603960396039604,0.054455445544554455,0.024752475247524754,0.04950495049504951,0.07920792079207921,0.0594059405940594,0.009900990099009901,0.01485148514851485,0.09405940594059406,0.11386138613861387,0.06435643564356436,0.0049504950495049506,0.0049504950495049506,0.054455445544554455
"lcl|CP059658.1_cds_QRW16494.1_977 [locus_tag=RhiXN_04495] [protein=RTA1-like protein] [protein_id=QRW16494.1] [location=complement(join(2960227..2960317,2960376..2960488,2960545..2960730,2960787..2960846,2960895..2961035,2961097..2961161,2961223..2961382,2961439..2961552))] [gbkey=CDS]",0.09740259740259741,0.05194805194805195,0.022727272727272728,0.03571428571428571,0.016233766233766232,0.016233766233766232,0.025974025974025976,0.08116883116883117,0.016233766233766232,0.05844155844155844,0.14285714285714285,0.032467532467532464,0.012987012987012988,0.06818181818181818,0.06818181818181818,0.06493506493506493,0.05194805194805195,0.01948051948051948,0.048701298701298704,0.06818181818181818
"lcl|CP059658.1_cds_QRW16495.1_978 [locus_tag=RhiXN_04496] [protein=Core histone H2A/H2B/H3/H4] [protein_id=QRW16495.1] [location=join(2962138..2962300,2962358..2962497,2962561..2962694,2962752..2962836)] [gbkey=CDS]",0.09302325581395349,0.12790697674418605,0.011627906976744186,0.06976744186046512,0.005813953488372093,0.05813953488372093,0.05232558139534884,0.06395348837209303,0.011627906976744186,0.03488372093023256,0.0755813953488372,0.08139534883720931,0.023255813953488372,0.011627906976744186,0.05813953488372093,0.08139534883720931,0.0755813953488372,0.005813953488372093,0.023255813953488372,0.03488372093023256
"lcl|CP059658.1_cds_QRW16496.1_979 [locus_tag=RhiXN_04497] [protein=tubulin-specific chaperone A] [protein_id=QRW16496.1] [location=complement(join(2962959..2963042,2963096..2963181,2963220..2963356,2963415..2963479))] [gbkey=CDS]",0.09016393442622951,0.06557377049180328,0.04918032786885246,0.07377049180327869,0,0.05737704918032787,0.11475409836065574,0.02459016393442623,0.00819672131147541,0.05737704918032787,0.11475409836065574,0.09016393442622951,0.02459016393442623,0.01639344262295082,0.01639344262295082,0.07377049180327869,0.02459016393442623,0.00819672131147541,0.02459016393442623,0.06557377049180328
"lcl|CP059658.1_cds_QRW16497.1_980 [locus_tag=RhiXN_04498] [protein=Zinc finger HIT domain-containing protein] [protein_id=QRW16497.1] [location=join(2963639..2964045,2964278..2964506,2964551..2964730)] [gbkey=CDS]",0.05925925925925926,0.05555555555555555,0.018518518518518517,0.06296296296296296,0.02962962962962963,0.044444444444444446,0.07407407407407407,0.0962962962962963,0.011111111111111112,0.02962962962962963,0.07407407407407407,0.08518518518518518,0.011111111111111112,0.014814814814814815,0.05925925925925926,0.1037037037037037,0.05185185185185185,0.018518518518518517,0.044444444444444446,0.05555555555555555
"lcl|CP059658.1_cds_QRW16498.1_981 [locus_tag=RhiXN_04499] [protein=Fe-S cluster assembly protein DRE2] [protein_id=QRW16498.1] [location=complement(join(2964824..2964885,2964981..2965604,2965654..2965816))] [gbkey=CDS]",0.18505338078291814,0.03914590747330961,0.02491103202846975,0.05693950177935943,0.028469750889679714,0.03914590747330961,0.042704626334519574,0.07473309608540925,0.010676156583629894,0.03202846975088968,0.09608540925266904,0.05693950177935943,0.010676156583629894,0.021352313167259787,0.06405693950177936,0.06405693950177936,0.06761565836298933,0.0035587188612099642,0.014234875444839857,0.06761565836298933
"lcl|CP059658.1_cds_QRW16499.1_982 [locus_tag=RhiXN_04500] [protein=E3 ubiquitin-protein ligase CCNP1IP1] [protein_id=QRW16499.1] [location=join(2965983..2966061,2966118..2966129,2966191..2966259,2966313..2966322,2966371..2966406,2966662..2966734,2966806..2966836,2966890..2966981,2967043..2967546)] [gbkey=CDS]",0.11666666666666667,0.08333333333333333,0.05,0.03666666666666667,0.03,0.05,0.05333333333333334,0.04,0.03,0.04,0.12333333333333334,0.056666666666666664,0.006666666666666667,0.03666666666666667,0.05333333333333334,0.06333333333333334,0.07,0,0.02,0.04
"lcl|CP059658.1_cds_QRW16500.1_983 [locus_tag=RhiXN_04501] [protein=Nascent polypeptide-associated complex subunit alpha, muscle-specific form] [protein_id=QRW16500.1] [location=complement(join(2967839..2967896,2967950..2968269))] [gbkey=CDS]",0.08064516129032258,0.12096774193548387,0.024193548387096774,0.04838709677419355,0.008064516129032258,0.016129032258064516,0.04838709677419355,0.1935483870967742,0.016129032258064516,0.024193548387096774,0.04838709677419355,0,0.03225806451612903,0.016129032258064516,0.04838709677419355,0.12903225806451613,0.03225806451612903,0.008064516129032258,0.04032258064516129,0.06451612903225806
"lcl|CP059658.1_cds_QRW16501.1_984 [locus_tag=RhiXN_04502] [protein=Nascent polypeptide-associated complex subunit alpha, muscle-specific form] [protein_id=QRW16501.1] [location=complement(join(2968301..2968514,2968545..2969043,2969097..2969199))] [gbkey=CDS]",0.1,0.12962962962962962,0.022222222222222223,0.02962962962962963,0.003703703703703704,0.025925925925925925,0.040740740740740744,0.11481481481481481,0.018518518518518517,0.03333333333333333,0.05185185185185185,0.044444444444444446,0.014814814814814815,0.018518518518518517,0.11481481481481481,0.08888888888888889,0.06666666666666667,0.003703703703703704,0.022222222222222223,0.05555555555555555
"lcl|CP059658.1_cds_QRW16502.1_985 [locus_tag=RhiXN_04503] [protein=aconitate hydratase] [protein_id=QRW16502.1] [location=complement(join(2969719..2970436,2970494..2970919,2970993..2971057,2971147..2971297,2971351..2971581,2971641..2971830,2971887..2972536,2972604..2972770,2972845..2972880,2973037..2973211,2973269..2973334,2973385..2973429,2973483..2973524,2973581..2973642))] [gbkey=CDS]",0.10437375745526839,0.08349900596421471,0.02385685884691849,0.07157057654075547,0.011928429423459244,0.032803180914512925,0.055666003976143144,0.06262425447316103,0.033797216699801194,0.0268389662027833,0.07554671968190854,0.02882703777335984,0.012922465208747515,0.0268389662027833,0.09045725646123261,0.09542743538767395,0.07455268389662027,0.008946322067594433,0.015904572564612324,0.0636182902584493
"lcl|CP059658.1_cds_QRW16503.1_986 [locus_tag=RhiXN_04504] [protein=ribosomal L29e protein family] [protein_id=QRW16503.1] [location=join(2977417..2977433,2977494..2977578,2977641..2977652,2977716..2977751,2977809..2977850)] [gbkey=CDS]",0.1935483870967742,0.06451612903225806,0.0967741935483871,0.016129032258064516,0,0.04838709677419355,0.016129032258064516,0.06451612903225806,0.06451612903225806,0.016129032258064516,0.03225806451612903,0.20967741935483872,0.016129032258064516,0.016129032258064516,0.016129032258064516,0.03225806451612903,0.04838709677419355,0,0.03225806451612903,0.016129032258064516
"lcl|CP059658.1_cds_QRW16504.1_987 [locus_tag=RhiXN_04505] [protein=transcription factor tau subunit sfc1] [protein_id=QRW16504.1] [location=complement(join(2978059..2978175,2978224..2978293,2978335..2978450,2978497..2978641,2978702..2978812,2978860..2978967,2979026..2979105,2979156..2979233,2979292..2979427,2979545..2979668,2979718..2979795,2979847..2979931,2980000..2980369,2980930..2980996,2981052..2981184,2981232..2981277,2981329..2981531,2981585..2981644))] [gbkey=CDS]",0.07072135785007072,0.07496463932107496,0.03536067892503536,0.06789250353606789,0.002828854314002829,0.055162659123055166,0.06930693069306931,0.07637906647807638,0.021216407355021217,0.055162659123055166,0.07920792079207921,0.05799151343705799,0.018387553041018388,0.03536067892503536,0.0594059405940594,0.06647807637906648,0.05799151343705799,0.011315417256011316,0.028288543140028287,0.056577086280056574
"lcl|CP059658.1_cds_QRW16505.1_988 [locus_tag=RhiXN_04506] [protein=hypothetical protein] [protein_id=QRW16505.1] [location=join(2981804..2981996,2982047..2982076,2982127..2982169,2982221..2982305,2982362..2982418)] [gbkey=CDS]",0.1044776119402985,0.08208955223880597,0.06716417910447761,0.03731343283582089,0,0.022388059701492536,0.07462686567164178,0.022388059701492536,0.014925373134328358,0.03731343283582089,0.08955223880597014,0.06716417910447761,0.03731343283582089,0.07462686567164178,0.09701492537313433,0.06716417910447761,0.04477611940298507,0.007462686567164179,0.022388059701492536,0.029850746268656716
"lcl|CP059658.1_cds_QRW16506.1_989 [locus_tag=RhiXN_04507] [protein=RNA recognition motif protein] [protein_id=QRW16506.1] [location=complement(join(2982590..2982720,2982777..2982968,2983020..2983335))] [gbkey=CDS]",0.11374407582938388,0.05687203791469194,0.04265402843601896,0.08530805687203792,0,0.04265402843601896,0.023696682464454975,0.10426540284360189,0.014218009478672985,0.014218009478672985,0.061611374407582936,0.10900473933649289,0.009478672985781991,0.02843601895734597,0.04739336492890995,0.08530805687203792,0.018957345971563982,0.023696682464454975,0.061611374407582936,0.05687203791469194
"lcl|CP059658.1_cds_QRW16507.1_990 [locus_tag=RhiXN_04508] [protein=ribosomal large subunit proteins 60S L5, and 50S L18] [protein_id=QRW16507.1] [location=join(2983671..2983758,2983809..2983851,2983898..2984058,2984117..2984474,2984542..2984932)] [gbkey=CDS]",0.0927536231884058,0.10434782608695652,0.03188405797101449,0.04927536231884058,0.008695652173913044,0.020289855072463767,0.043478260869565216,0.04927536231884058,0.011594202898550725,0.02608695652173913,0.09565217391304348,0.08695652173913043,0.008695652173913044,0.04057971014492753,0.043478260869565216,0.08115942028985507,0.07246376811594203,0.014492753623188406,0.05217391304347826,0.06666666666666667
"lcl|CP059658.1_cds_QRW16508.1_991 [locus_tag=RhiXN_04509] [protein=hypothetical protein] [protein_id=QRW16508.1] [location=complement(join(2985333..2985850,2985900..2986149,2986196..2986214,2986605..2986822))] [gbkey=CDS]",0.08708708708708708,0.07507507507507508,0.018018018018018018,0.03003003003003003,0.006006006006006006,0.03303303303303303,0.024024024024024024,0.09009009009009009,0.03303303303303303,0.03303303303303303,0.13513513513513514,0.04504504504504504,0.015015015015015015,0.04504504504504504,0.057057057057057055,0.08108108108108109,0.05105105105105105,0.012012012012012012,0.024024024024024024,0.10510510510510511
"lcl|CP059658.1_cds_QRW16509.1_992 [locus_tag=RhiXN_04510] [protein=hypothetical protein] [protein_id=QRW16509.1] [location=join(2988454..2988610,2988664..2990174,2990230..2991162)] [gbkey=CDS]",0.12254335260115606,0.10289017341040463,0.026589595375722544,0.03352601156069364,0.013872832369942197,0.03468208092485549,0.04161849710982659,0.06473988439306358,0.026589595375722544,0.027745664739884393,0.07167630057803469,0.019653179190751446,0.021965317919075144,0.019653179190751446,0.10520231213872833,0.14450867052023122,0.05433526011560694,0.008092485549132947,0.006936416184971098,0.05317919075144509
"lcl|CP059658.1_cds_QRW16510.1_993 [locus_tag=RhiXN_04511] [protein=hypothetical protein] [protein_id=QRW16510.1] [location=join(2993059..2993105,2993160..2993190,2993231..2993253,2993305..2993426,2993477..2994015,2994067..2994197,2994247..2994328,2994396..2994515,2994594..2994708,2994764..2994810)] [gbkey=CDS]",0.05515587529976019,0.06235011990407674,0.0407673860911271,0.0671462829736211,0.011990407673860911,0.026378896882494004,0.08633093525179857,0.07434052757793765,0.03117505995203837,0.03836930455635491,0.09112709832134293,0.05995203836930456,0.019184652278177457,0.04316546762589928,0.05275779376498801,0.05275779376498801,0.047961630695443645,0.03117505995203837,0.0407673860911271,0.0671462829736211
"lcl|CP059658.1_cds_QRW16511.1_994 [locus_tag=RhiXN_04512] [protein=major facilitator superfamily transporter] [protein_id=QRW16511.1] [location=join(2996183..2996482,2996534..2996701,2996755..2997006,2997061..2997165,2997218..2998108)] [gbkey=CDS]",0.11403508771929824,0.054385964912280704,0.02456140350877193,0.017543859649122806,0.008771929824561403,0.015789473684210527,0.04736842105263158,0.08596491228070176,0.014035087719298246,0.06140350877192982,0.09824561403508772,0.02631578947368421,0.031578947368421054,0.07017543859649122,0.07543859649122807,0.08596491228070176,0.05087719298245614,0.017543859649122806,0.03684210526315789,0.06315789473684211
"lcl|CP059658.1_cds_QRW16512.1_995 [locus_tag=RhiXN_04513] [protein=short chain dehydrogenase] [protein_id=QRW16512.1] [location=complement(join(2998878..2998908,2998961..2999005,2999055..2999120,2999180..2999257,2999314..2999550,2999607..2999747,2999797..2999840))] [gbkey=CDS]",0.10849056603773585,0.06132075471698113,0.03773584905660377,0.04245283018867924,0,0.018867924528301886,0.05660377358490566,0.09433962264150944,0.014150943396226415,0.06132075471698113,0.11320754716981132,0.04716981132075472,0.009433962264150943,0.02830188679245283,0.04716981132075472,0.12264150943396226,0.05188679245283019,0.014150943396226415,0.009433962264150943,0.06132075471698113
"lcl|CP059658.1_cds_QRW16513.1_996 [locus_tag=RhiXN_04514] [protein=clathrin adaptor complex small chain] [protein_id=QRW16513.1] [location=join(3000163..3000256,3000315..3000445,3000501..3000517,3000571..3000598,3000648..3000713,3000766..3000843)] [gbkey=CDS]",0.051470588235294115,0.07352941176470588,0.03676470588235294,0.058823529411764705,0.022058823529411766,0.029411764705882353,0.08823529411764706,0.04411764705882353,0.007352941176470588,0.0661764705882353,0.11029411764705882,0.0661764705882353,0.007352941176470588,0.04411764705882353,0.007352941176470588,0.09558823529411764,0.04411764705882353,0,0.04411764705882353,0.10294117647058823
"lcl|CP059658.1_cds_QRW16514.1_997 [locus_tag=RhiXN_04515] [protein=TLC domain protein] [protein_id=QRW16514.1] [location=complement(join(3001135..3001237,3001296..3001382,3001439..3001483,3001538..3001603,3001659..3001735,3001788..3002029,3002098..3002210,3002266..3002387,3002444..3002616,3002678..3002898,3002954..3003048))] [gbkey=CDS]",0.06053811659192825,0.05829596412556054,0.03587443946188341,0.06950672645739911,0,0.020179372197309416,0.04484304932735426,0.04484304932735426,0.02242152466367713,0.06053811659192825,0.12780269058295965,0.042600896860986545,0.026905829596412557,0.06278026905829596,0.04932735426008968,0.08968609865470852,0.033632286995515695,0.03587443946188341,0.0515695067264574,0.06278026905829596
"lcl|CP059658.1_cds_QRW16515.1_998 [locus_tag=RhiXN_04516] [protein=DNA replication complex GINS protein SLD5] [protein_id=QRW16515.1] [location=join(3003374..3003493,3003556..3003670,3003726..3003822,3003873..3003990,3004043..3004222)] [gbkey=CDS]",0.09134615384615384,0.0625,0.02403846153846154,0.04807692307692308,0.009615384615384616,0.02403846153846154,0.09134615384615384,0.052884615384615384,0.009615384615384616,0.0673076923076923,0.11538461538461539,0.057692307692307696,0.03365384615384615,0.052884615384615384,0.07211538461538461,0.0625,0.04807692307692308,0.019230769230769232,0.019230769230769232,0.038461538461538464
"lcl|CP059658.1_cds_QRW16516.1_999 [locus_tag=RhiXN_04517] [protein=exonuclease domain protein] [protein_id=QRW16516.1] [location=complement(join(3004366..3004507,3004561..3004671,3004725..3004844,3004902..3005205,3005260..3005629,3005681..3005803,3005853..3005954,3006031..3006476,3006541..3006574))] [gbkey=CDS]",0.10652920962199312,0.08247422680412371,0.048109965635738834,0.03608247422680412,0.018900343642611683,0.03951890034364261,0.05326460481099656,0.06701030927835051,0.029209621993127148,0.044673539518900345,0.07560137457044673,0.037800687285223365,0.012027491408934709,0.022336769759450172,0.08762886597938144,0.0859106529209622,0.06013745704467354,0.005154639175257732,0.020618556701030927,0.06701030927835051
"lcl|CP059658.1_cds_QRW16517.1_1000 [locus_tag=RhiXN_04518] [protein=hypothetical protein] [protein_id=QRW16517.1] [location=complement(join(3007910..3008158,3008249..3008323,3008377..3008512,3008564..3008875,3008928..3009139,3009341..3009358,3009415..3009600,3009648..3009705,3009759..3009970))] [gbkey=CDS]",0.0640495867768595,0.07024793388429752,0.030991735537190084,0.03512396694214876,0.01859504132231405,0.0371900826446281,0.045454545454545456,0.07231404958677685,0.030991735537190084,0.05165289256198347,0.12190082644628099,0.03925619834710744,0.014462809917355372,0.05578512396694215,0.07024793388429752,0.07644628099173553,0.05165289256198347,0.01652892561983471,0.03305785123966942,0.0640495867768595
"lcl|CP059658.1_cds_QRW16518.1_1001 [locus_tag=RhiXN_04519] [protein=Isocitrate/isopropylmalate dehydrogenase] [protein_id=QRW16518.1] [location=join(3010310..3010363,3010418..3010480,3010531..3010563,3010616..3010799,3010858..3011154,3011291..3011342,3011396..3011531,3011653..3011788,3011845..3011894)] [gbkey=CDS]",0.0960960960960961,0.06006006006006006,0.05405405405405406,0.03903903903903904,0.006006006006006006,0.02702702702702703,0.05105105105105105,0.08408408408408409,0.015015015015015015,0.06606606606606606,0.07507507507507508,0.04804804804804805,0.03003003003003003,0.03303303303303303,0.042042042042042045,0.07207207207207207,0.07207207207207207,0.006006006006006006,0.036036036036036036,0.08708708708708708
"lcl|CP059658.1_cds_QRW16519.1_1002 [locus_tag=RhiXN_04520] [protein=DnaJ domain protein] [protein_id=QRW16519.1] [location=complement(join(3012051..3012296,3012348..3012690,3012754..3012836,3012904..3013010,3013063..3013177))] [gbkey=CDS]",0.08783783783783784,0.06418918918918919,0.030405405405405407,0.04391891891891892,0.006756756756756757,0.016891891891891893,0.06756756756756757,0.09797297297297297,0.013513513513513514,0.02364864864864865,0.09797297297297297,0.08108108108108109,0.010135135135135136,0.04391891891891892,0.05067567567567568,0.07094594594594594,0.06418918918918919,0.016891891891891893,0.037162162162162164,0.07432432432432433
"lcl|CP059658.1_cds_QRW16520.1_1003 [locus_tag=RhiXN_04521] [protein=hypothetical protein] [protein_id=QRW16520.1] [location=join(3014642..3014714,3014760..3014824,3014885..3015271)] [gbkey=CDS]",0.06936416184971098,0.017341040462427744,0.046242774566473986,0.06936416184971098,0,0.05202312138728324,0.03468208092485549,0.06358381502890173,0.06358381502890173,0.06936416184971098,0.09248554913294797,0.028901734104046242,0.017341040462427744,0.023121387283236993,0.07514450867052024,0.09826589595375723,0.09826589595375723,0.005780346820809248,0.04046242774566474,0.03468208092485549
"lcl|CP059658.1_cds_QRW16521.1_1004 [locus_tag=RhiXN_04522] [protein=polyketide cyclase/dehydrase and lipid transport domain-containing protein] [protein_id=QRW16521.1] [location=complement(join(3016111..3016404,3016459..3016678,3016753..3016910))] [gbkey=CDS]",0.06306306306306306,0.05855855855855856,0.04504504504504504,0.02702702702702703,0.018018018018018018,0.04054054054054054,0.05855855855855856,0.05855855855855856,0.02702702702702703,0.02702702702702703,0.08108108108108109,0.03153153153153153,0.02252252252252252,0.06306306306306306,0.08558558558558559,0.11261261261261261,0.06756756756756757,0.009009009009009009,0.036036036036036036,0.06756756756756757
"lcl|CP059658.1_cds_QRW16522.1_1005 [locus_tag=RhiXN_04523] [protein=Tyrosine kinase specific for activated] [protein_id=QRW16522.1] [location=join(3017349..3017822,3017854..3018060,3018182..3019162)] [gbkey=CDS]",0.08514492753623189,0.07971014492753623,0.019927536231884056,0.050724637681159424,0.010869565217391304,0.019927536231884056,0.04528985507246377,0.05434782608695652,0.025362318840579712,0.021739130434782608,0.11413043478260869,0.02355072463768116,0.009057971014492754,0.030797101449275364,0.1286231884057971,0.125,0.06521739130434782,0.009057971014492754,0.028985507246376812,0.05253623188405797
"lcl|CP059658.1_cds_QRW16523.1_1006 [locus_tag=RhiXN_04524] [protein=glutamine synthetase] [protein_id=QRW16523.1] [location=complement(join(3019456..3019505,3019564..3020094,3020156..3020516,3020569..3020612,3020662..3020737))] [gbkey=CDS]",0.07670454545454546,0.056818181818181816,0.03409090909090909,0.06818181818181818,0.014204545454545454,0.02556818181818182,0.0625,0.11363636363636363,0.03977272727272727,0.06534090909090909,0.07386363636363637,0.05397727272727273,0.017045454545454544,0.03409090909090909,0.05397727272727273,0.05113636363636364,0.04261363636363636,0.022727272727272728,0.04261363636363636,0.05113636363636364
"lcl|CP059658.1_cds_QRW16524.1_1007 [locus_tag=RhiXN_04525] [protein=hypothetical protein] [protein_id=QRW16524.1] [location=complement(join(3023745..3024127,3024206..3024230))] [gbkey=CDS]",0.08955223880597014,0.05223880597014925,0.029850746268656716,0.04477611940298507,0.007462686567164179,0.022388059701492536,0.11940298507462686,0.05970149253731343,0.03731343283582089,0.05970149253731343,0.08955223880597014,0.007462686567164179,0,0.05970149253731343,0.04477611940298507,0.07462686567164178,0.1044776119402985,0.007462686567164179,0.03731343283582089,0.05223880597014925
"lcl|CP059658.1_cds_QRW16525.1_1008 [locus_tag=RhiXN_04526] [protein=cytochrome P450 family protein] [protein_id=QRW16525.1] [location=join(3025038..3025065,3025130..3025262,3025317..3025416,3025473..3025561,3025621..3025769,3025835..3025938,3025995..3026099,3026155..3026193,3026241..3026475,3026526..3026704,3026746..3026811)] [gbkey=CDS]",0.06633906633906633,0.05896805896805897,0.03931203931203931,0.05405405405405406,0.007371007371007371,0.029484029484029485,0.06388206388206388,0.06633906633906633,0.02702702702702703,0.0687960687960688,0.09090909090909091,0.051597051597051594,0.0343980343980344,0.0343980343980344,0.06142506142506143,0.056511056511056514,0.04668304668304668,0.022113022113022112,0.04176904176904177,0.07862407862407862
"lcl|CP059658.1_cds_QRW16526.1_1009 [locus_tag=RhiXN_04527] [protein=Fungal specific transcription factor domain] [protein_id=QRW16526.1] [location=complement(join(3027539..3028334,3028367..3028555,3028609..3028757,3028811..3028832,3028880..3029012,3029062..3029870,3029962..3029996))] [gbkey=CDS]",0.07898448519040903,0.04936530324400564,0.0380818053596615,0.06346967559943582,0.012693935119887164,0.05218617771509168,0.05218617771509168,0.06205923836389281,0.01692524682651622,0.0691114245416079,0.0930888575458392,0.028208744710860368,0.031029619181946404,0.039492242595204514,0.05923836389280677,0.10155148095909731,0.05782792665726375,0.018335684062059238,0.028208744710860368,0.047954866008462625
"lcl|CP059658.1_cds_QRW16527.1_1010 [locus_tag=RhiXN_04528] [protein=RNA recognition motif protein] [protein_id=QRW16527.1] [location=complement(join(3031161..3031819,3031879..3032094,3032246..3032381,3032435..3032949,3033064..3033178,3033230..3033385,3033409..3033794,3033836..3034082))] [gbkey=CDS]",0.09405940594059406,0.053217821782178217,0.043316831683168314,0.03094059405940594,0.0049504950495049506,0.055693069306930694,0.04579207920792079,0.11757425742574257,0.03094059405940594,0.03094059405940594,0.08168316831683169,0.019801980198019802,0.02103960396039604,0.04084158415841584,0.07673267326732673,0.125,0.04826732673267327,0.007425742574257425,0.023514851485148515,0.04826732673267327
"lcl|CP059658.1_cds_QRW16528.1_1011 [locus_tag=RhiXN_04529] [protein=hypothetical protein] [protein_id=QRW16528.1] [location=join(3034366..3034398,3034481..3034715,3034775..3034938)] [gbkey=CDS]",0.1056338028169014,0.07042253521126761,0.035211267605633804,0.056338028169014086,0.035211267605633804,0.014084507042253521,0.014084507042253521,0.08450704225352113,0.07042253521126761,0.04929577464788732,0.09859154929577464,0.04929577464788732,0,0.014084507042253521,0.1056338028169014,0.07042253521126761,0.06338028169014084,0.007042253521126761,0.02112676056338028,0.035211267605633804
"lcl|CP059658.1_cds_QRW16529.1_1012 [locus_tag=RhiXN_04530] [protein=hypothetical protein] [protein_id=QRW16529.1] [location=join(3040168..3040223,3040274..3040459,3040528..3040635,3040685..3040986,3041034..3041056,3041118..3041515,3041554..3041785)] [gbkey=CDS]",0.06928406466512702,0.053117782909930716,0.053117782909930716,0.04387990762124711,0.018475750577367205,0.02771362586605081,0.06928406466512702,0.057736720554272515,0.04387990762124711,0.05542725173210162,0.10854503464203233,0.03464203233256351,0.025404157043879907,0.02771362586605081,0.09237875288683603,0.07621247113163972,0.03002309468822171,0.013856812933025405,0.03233256351039261,0.06697459584295612
"lcl|CP059658.1_cds_QRW16530.1_1013 [locus_tag=RhiXN_04531] [protein=hypothetical protein] [protein_id=QRW16530.1] [location=join(3042443..3042575,3042652..3042845)] [gbkey=CDS]",0.1308411214953271,0.06542056074766354,0.04672897196261682,0.018691588785046728,0,0.018691588785046728,0.018691588785046728,0.11214953271028037,0,0.028037383177570093,0.1308411214953271,0.028037383177570093,0,0.04672897196261682,0.06542056074766354,0.08411214953271028,0.09345794392523364,0.009345794392523364,0.07476635514018691,0.028037383177570093
"lcl|CP059658.1_cds_QRW16531.1_1014 [locus_tag=RhiXN_04532] [protein=structural constituent of cell wall] [protein_id=QRW16531.1] [location=complement(join(3043197..3043264,3043315..3043413,3043492..3043846,3043902..3044089,3044148..3044327,3044404..3044514,3044585..3045453,3045503..3045634,3045692..3045908,3045938..3046242,3046297..3046440,3046494..3047755,3047800..3047859))] [gbkey=CDS]",0.08207831325301204,0.0730421686746988,0.01957831325301205,0.05271084337349398,0.004518072289156626,0.03614457831325301,0.08960843373493976,0.0625,0.02635542168674699,0.022590361445783132,0.07680722891566265,0.035391566265060244,0.016566265060240965,0.021837349397590362,0.09789156626506024,0.11671686746987951,0.07153614457831325,0.009036144578313253,0.01581325301204819,0.06927710843373494
"lcl|CP059658.1_cds_QRW16532.1_1015 [locus_tag=RhiXN_04533] [protein=hypothetical protein] [protein_id=QRW16532.1] [location=complement(join(3053386..3053748,3053827..3054410,3054553..3054836,3054891..3054955))] [gbkey=CDS]",0.07441860465116279,0.06976744186046512,0.03953488372093023,0.04883720930232558,0.020930232558139535,0.027906976744186046,0.04883720930232558,0.046511627906976744,0.04186046511627907,0.07906976744186046,0.1,0.023255813953488372,0.011627906976744186,0.046511627906976744,0.06976744186046512,0.09767441860465116,0.06279069767441861,0.020930232558139535,0.03488372093023256,0.03488372093023256
"lcl|CP059658.1_cds_QRW16533.1_1016 [locus_tag=RhiXN_04534] [protein=hypothetical protein] [protein_id=QRW16533.1] [location=complement(join(3055416..3055862,3055926..3056183,3056392..3056430))] [gbkey=CDS]",0.06504065040650407,0.09349593495934959,0.016260162601626018,0.06097560975609756,0.0040650406504065045,0.028455284552845527,0.08943089430894309,0.06910569105691057,0.02032520325203252,0.06097560975609756,0.10569105691056911,0.04878048780487805,0.012195121951219513,0.02032520325203252,0.04878048780487805,0.08943089430894309,0.07723577235772358,0.0040650406504065045,0.024390243902439025,0.06097560975609756
"lcl|CP059658.1_cds_QRW16534.1_1017 [locus_tag=RhiXN_04535] [protein=coatomer subunit beta] [protein_id=QRW16534.1] [location=complement(join(3056800..3057013,3057235..3057367,3057726..3058007,3058061..3058269,3058325..3058432,3058481..3058570,3058617..3058642,3058751..3058884,3058927..3058950,3058994..3059221,3059280..3059855,3059923..3059970,3060012..3060078,3060132..3060293,3060346..3060363))] [gbkey=CDS]",0.11154345006485085,0.041504539559014265,0.04669260700389105,0.07522697795071336,0.011673151750972763,0.0311284046692607,0.07003891050583658,0.06874189364461739,0.02464332036316472,0.038910505836575876,0.0907911802853437,0.04798962386511025,0.011673151750972763,0.03761348897535668,0.04539559014267185,0.05317769130998703,0.0648508430609598,0.02204928664072633,0.0324254215304799,0.07392996108949416
lcl|CP059658.1_cds_QRW16535.1_1018 [locus_tag=RhiXN_04536] [protein=F-box-like domain protein] [protein_id=QRW16535.1] [location=complement(3060777..3061409)] [gbkey=CDS],0.06220095693779904,0.08133971291866028,0.028708133971291867,0.03827751196172249,0.019138755980861243,0.014354066985645933,0.06220095693779904,0.07655502392344497,0.019138755980861243,0.06220095693779904,0.16267942583732056,0.023923444976076555,0.019138755980861243,0.028708133971291867,0.09569377990430622,0.05741626794258373,0.07177033492822966,0.009569377990430622,0.014354066985645933,0.05263157894736842
"lcl|CP059658.1_cds_QRW16536.1_1019 [locus_tag=RhiXN_04537] [protein=hypothetical protein] [protein_id=QRW16536.1] [location=complement(join(3063627..3063663,3063741..3064051,3064099..3064191))] [gbkey=CDS]",0.07586206896551724,0.06206896551724138,0.07586206896551724,0.06896551724137931,0.020689655172413793,0.027586206896551724,0.06896551724137931,0.06206896551724138,0.07586206896551724,0.04827586206896552,0.09655172413793103,0.020689655172413793,0.020689655172413793,0.027586206896551724,0.06206896551724138,0.041379310344827586,0.027586206896551724,0.020689655172413793,0.041379310344827586,0.05517241379310345
"lcl|CP059658.1_cds_QRW16537.1_1020 [locus_tag=RhiXN_04538] [protein=F-box-like domain protein] [protein_id=QRW16537.1] [location=complement(join(3066076..3066612,3066662..3067028,3067086..3067117,3067184..3067367,3067424..3067491))] [gbkey=CDS]",0.05583756345177665,0.08375634517766498,0.04568527918781726,0.04568527918781726,0.015228426395939087,0.03807106598984772,0.04568527918781726,0.050761421319796954,0.04060913705583756,0.050761421319796954,0.14720812182741116,0.04060913705583756,0.005076142131979695,0.03299492385786802,0.06852791878172589,0.07614213197969544,0.050761421319796954,0.02284263959390863,0.027918781725888325,0.05583756345177665
"lcl|CP059658.1_cds_QRW16538.1_1021 [locus_tag=RhiXN_04539] [protein=F-box-like domain-containing protein] [protein_id=QRW16538.1] [location=complement(join(3068187..3068735,3068790..3069159,3069222..3069298,3069362..3069524,3069582..3069667))] [gbkey=CDS]",0.053268765133171914,0.09200968523002422,0.03389830508474576,0.05084745762711865,0.031476997578692496,0.031476997578692496,0.05811138014527845,0.053268765133171914,0.04116222760290557,0.0774818401937046,0.09685230024213075,0.021791767554479417,0.01694915254237288,0.03631961259079903,0.07263922518159806,0.07506053268765134,0.04600484261501211,0.029055690072639227,0.029055690072639227,0.053268765133171914
"lcl|CP059658.1_cds_QRW16539.1_1022 [locus_tag=RhiXN_04540] [protein=F-box-like domain-containing protein] [protein_id=QRW16539.1] [location=complement(join(3069894..3070379,3070432..3070473,3070613..3070804,3071118..3071167,3071222..3071582,3071643..3071682,3071737..3071926,3072173..3072192,3072286..3072707,3072758..3073529,3073681..3073711,3073770..3073779))] [gbkey=CDS]",0.0839080459770115,0.067816091954023,0.041379310344827586,0.04252873563218391,0.011494252873563218,0.0367816091954023,0.04942528735632184,0.06321839080459771,0.029885057471264367,0.05747126436781609,0.10344827586206896,0.03333333333333333,0.01839080459770115,0.035632183908045977,0.05172413793103448,0.08850574712643679,0.07126436781609195,0.021839080459770115,0.026436781609195402,0.06551724137931035
"lcl|CP059658.1_cds_QRW16540.1_1023 [locus_tag=RhiXN_04541] [protein=F-box-like domain-containing protein] [protein_id=QRW16540.1] [location=complement(join(3074120..3074677,3074760..3075273,3075329..3075745,3075820..3075938,3075995..3076012,3076119..3076148,3076206..3076334))] [gbkey=CDS]",0.0893760539629005,0.06070826306913996,0.04215851602023609,0.03372681281618887,0.021922428330522766,0.03035413153456998,0.06070826306913996,0.050590219224283306,0.03709949409780776,0.0387858347386172,0.11467116357504216,0.02023608768971332,0.01854974704890388,0.0387858347386172,0.0657672849915683,0.1163575042158516,0.06913996627318718,0.016863406408094434,0.03372681281618887,0.04047217537942664
"lcl|CP059658.1_cds_QRW16541.1_1024 [locus_tag=RhiXN_04542] [protein=hypothetical protein] [protein_id=QRW16541.1] [location=complement(join(3079319..3080461,3080514..3081032,3081082..3081127,3081183..3081553,3081622..3081711,3081774..3082135,3082193..3082274))] [gbkey=CDS]",0.07940161104718067,0.07825086306098965,0.02991944764096663,0.04833141542002301,0.004602991944764097,0.04027617951668585,0.05753739930955121,0.05063291139240506,0.04027617951668585,0.03682393555811277,0.08400460299194476,0.023014959723820484,0.018411967779056387,0.02186421173762946,0.10241657077100115,0.14039125431530494,0.08170310701956271,0.004602991944764097,0.009205983889528193,0.04833141542002301
"lcl|CP059658.1_cds_QRW16542.1_1025 [locus_tag=RhiXN_04543] [protein=hypothetical protein] [protein_id=QRW16542.1] [location=join(3084355..3084689,3084938..3084949,3085074..3085116,3085172..3085257,3085312..3085484,3085536..3085616,3085691..3085896,3085956..3085967,3086028..3086093)] [gbkey=CDS]",0.08333333333333333,0.08035714285714286,0.03273809523809524,0.03571428571428571,0.01488095238095238,0.026785714285714284,0.06845238095238096,0.05357142857142857,0.026785714285714284,0.05357142857142857,0.0744047619047619,0.05357142857142857,0.03571428571428571,0.05357142857142857,0.07142857142857142,0.050595238095238096,0.047619047619047616,0.023809523809523808,0.03273809523809524,0.08035714285714286
"lcl|CP059658.1_cds_QRW16543.1_1026 [locus_tag=RhiXN_04544] [protein=hypothetical protein] [protein_id=QRW16543.1] [location=complement(join(3086115..3086497,3086550..3086607))] [gbkey=CDS]",0.06206896551724138,0.08275862068965517,0.06206896551724138,0.04827586206896552,0.006896551724137931,0.041379310344827586,0.06896551724137931,0.027586206896551724,0.027586206896551724,0.027586206896551724,0.10344827586206896,0.041379310344827586,0.027586206896551724,0.034482758620689655,0.09655172413793103,0.07586206896551724,0.05517241379310345,0.05517241379310345,0.020689655172413793,0.034482758620689655
"lcl|CP059658.1_cds_QRW16544.1_1027 [locus_tag=RhiXN_04545] [protein=hypothetical protein] [protein_id=QRW16544.1] [location=join(3087056..3088836,3088889..3088980,3089094..3089527,3089593..3089928)] [gbkey=CDS]",0.07622298065984073,0.06484641638225255,0.023890784982935155,0.04436860068259386,0.010238907849829351,0.034129692832764506,0.05460750853242321,0.05915813424345848,0.019340159271899887,0.040955631399317405,0.07849829351535836,0.07622298065984073,0.01478953356086462,0.027303754266211604,0.09328782707622298,0.1296928327645051,0.06143344709897611,0.012514220705346985,0.013651877133105802,0.06484641638225255
"lcl|CP059658.1_cds_QRW16545.1_1028 [locus_tag=RhiXN_04546] [protein=tripeptidyl-peptidase I] [protein_id=QRW16545.1] [location=join(3090536..3090714,3090770..3090880,3090944..3091161,3091222..3091383,3091436..3091615,3091669..3091991,3092052..3092134,3092201..3092276,3092327..3092377,3092431..3092637,3092696..3092763,3092817..3092913)] [gbkey=CDS]",0.08747855917667238,0.036020583190394515,0.04631217838765009,0.0411663807890223,0.010291595197255575,0.0274442538593482,0.05317324185248713,0.10120068610634649,0.022298456260720412,0.0411663807890223,0.08576329331046312,0.044596912521440824,0.005145797598627788,0.04288164665523156,0.07375643224699828,0.07718696397941681,0.06518010291595197,0.012006861063464836,0.051457975986277875,0.07547169811320754
"lcl|CP059658.1_cds_QRW16546.1_1029 [locus_tag=RhiXN_04547] [protein=alpha/beta hydrolase family protein] [protein_id=QRW16546.1] [location=complement(join(3093648..3094040,3094095..3094342,3094405..3095269))] [gbkey=CDS]",0.08,0.062,0.036,0.042,0.012,0.032,0.038,0.072,0.032,0.038,0.096,0.024,0.02,0.022,0.096,0.114,0.076,0.018,0.04,0.05
"lcl|CP059658.1_cds_QRW16547.1_1030 [locus_tag=RhiXN_04548] [protein=hypothetical protein] [protein_id=QRW16547.1] [location=complement(join(3096336..3096422,3096476..3096630,3096694..3096949,3097003..3097160,3097238..3097493,3097563..3097726,3097774..3098083,3098159..3098233,3098280..3098324))] [gbkey=CDS]",0.068,0.074,0.044,0.072,0.018,0.028,0.076,0.07,0.03,0.066,0.084,0.028,0.024,0.038,0.038,0.106,0.034,0.022,0.028,0.052
"lcl|CP059658.1_cds_QRW16548.1_1031 [locus_tag=RhiXN_04549] [protein=protein phosphatase 2C] [protein_id=QRW16548.1] [location=join(3099783..3100762,3100809..3100870,3100920..3100986,3101039..3101606)] [gbkey=CDS]",0.09874326750448834,0.07719928186714542,0.03770197486535009,0.05565529622980251,0.0017953321364452424,0.03052064631956912,0.05745062836624776,0.07001795332136446,0.017953321364452424,0.04488330341113106,0.09874326750448834,0.04308797127468582,0.012567324955116697,0.02333931777378815,0.05565529622980251,0.10053859964093358,0.06283662477558348,0.019748653500897665,0.03052064631956912,0.06104129263913824
"lcl|CP059658.1_cds_QRW16549.1_1032 [locus_tag=RhiXN_04550] [protein=major facilitator superfamily transporter] [protein_id=QRW16549.1] [location=join(3102400..3102615,3102676..3102822,3102901..3103134,3103218..3103322,3103380..3103518,3103576..3103891,3103959..3104063,3104213..3104287,3104812..3105163,3105218..3105566,3106856..3107226)] [gbkey=CDS]",0.06991260923845194,0.04744069912609238,0.02871410736579276,0.03745318352059925,0.01373283395755306,0.039950062421972535,0.05368289637952559,0.08239700374531835,0.02871410736579276,0.056179775280898875,0.10861423220973783,0.03870162297128589,0.02247191011235955,0.052434456928838954,0.05867665418227216,0.08614232209737828,0.04369538077403246,0.03245942571785269,0.02746566791510612,0.07116104868913857
"lcl|CP059658.1_cds_QRW16550.1_1033 [locus_tag=RhiXN_04551] [protein=chromosome segregation protein sudA] [protein_id=QRW16550.1] [location=join(3108345..3108631,3108679..3108844,3108900..3109011,3109080..3109125,3109178..3109331,3109390..3109640,3109694..3109970,3110029..3110150,3110221..3110402,3110460..3110562,3110617..3110680,3110939..3111071,3111125..3111210,3111252..3111266,3111328..3111400,3111451..3111574,3111634..3111753,3111834..3111910,3111951..3112084,3112138..3112224,3112272..3112345,3112397..3112574)] [gbkey=CDS]",0.07974816369359916,0.07555089192025184,0.05141657922350472,0.05456453305351522,0.011542497376705142,0.05771248688352571,0.10178384050367262,0.05036726128016789,0.017838405036726127,0.05141657922350472,0.09758656873032528,0.08604407135362015,0.022035676810073453,0.01888772298006296,0.03777544596012592,0.05876180482686254,0.04512067156348373,0.008394543546694649,0.017838405036726127,0.055613850996852045
"lcl|CP059658.1_cds_QRW16551.1_1034 [locus_tag=RhiXN_04552] [protein=3' exoribonuclease family domain-containing protein] [protein_id=QRW16551.1] [location=complement(join(3112715..3112931,3112982..3113009,3113127..3113299,3113356..3113461,3113520..3113597,3113695..3113854))] [gbkey=CDS]",0.1111111111111111,0.047619047619047616,0.031746031746031744,0.06349206349206349,0.015873015873015872,0.027777777777777776,0.05952380952380952,0.05952380952380952,0.015873015873015872,0.09523809523809523,0.07539682539682539,0.04365079365079365,0.007936507936507936,0.04365079365079365,0.05952380952380952,0.08333333333333333,0.06746031746031746,0.007936507936507936,0.015873015873015872,0.06746031746031746
"lcl|CP059658.1_cds_QRW16552.1_1035 [locus_tag=RhiXN_04553] [protein=RNA binding motif domain-containing protein] [protein_id=QRW16552.1] [location=join(3114166..3114223,3114282..3114422,3114472..3114782,3114845..3115182,3115230..3115554,3115596..3115629,3115698..3115897)] [gbkey=CDS]",0.09421841541755889,0.07922912205567452,0.034261241970021415,0.042826552462526764,0.006423982869379015,0.044967880085653104,0.07066381156316917,0.057815845824411134,0.021413276231263382,0.047109207708779445,0.06423982869379015,0.059957173447537475,0.010706638115631691,0.04068522483940043,0.0728051391862955,0.08779443254817987,0.047109207708779445,0.032119914346895075,0.017130620985010708,0.06852248394004283
"lcl|CP059658.1_cds_QRW16553.1_1036 [locus_tag=RhiXN_04554] [protein=hypothetical protein] [protein_id=QRW16553.1] [location=join(3116306..3116450,3116494..3116508,3116559..3116707)] [gbkey=CDS]",0.0891089108910891,0.0297029702970297,0.07920792079207921,0.0891089108910891,0,0.12871287128712872,0.0594059405940594,0.1782178217821782,0.009900990099009901,0.04950495049504951,0.04950495049504951,0.0594059405940594,0.019801980198019802,0.009900990099009901,0.019801980198019802,0.0594059405940594,0.0297029702970297,0,0.019801980198019802,0.019801980198019802
"lcl|CP059658.1_cds_QRW16554.1_1037 [locus_tag=RhiXN_04555] [protein=CorA-like magnesium transporter protein] [protein_id=QRW16554.1] [location=complement(join(3118846..3118918,3118978..3119050,3119106..3119286,3119346..3119369,3119423..3119555,3119598..3119818,3119897..3119990,3120042..3120128,3120182..3120358,3120412..3120853,3121080..3121291,3121347..3121402))] [gbkey=CDS]",0.06791171477079797,0.0730050933786078,0.050933786078098474,0.04923599320882852,0.015280135823429542,0.030560271646859084,0.05432937181663837,0.06621392190152801,0.03904923599320883,0.06112054329371817,0.09507640067911714,0.04753820033955857,0.027164685908319185,0.022071307300509338,0.057724957555178265,0.0899830220713073,0.06451612903225806,0.01697792869269949,0.022071307300509338,0.04923599320882852
"lcl|CP059658.1_cds_QRW16555.1_1038 [locus_tag=RhiXN_04556] [protein=polygalacturonase] [protein_id=QRW16555.1] [location=join(3122167..3122478,3122550..3122651,3122709..3122981,3123046..3123174,3123244..3123480,3123545..3123630,3123695..3123953)] [gbkey=CDS]",0.07974137931034483,0.032327586206896554,0.08405172413793104,0.04525862068965517,0.01939655172413793,0.028017241379310345,0.028017241379310345,0.09698275862068965,0.032327586206896554,0.05387931034482758,0.0603448275862069,0.032327586206896554,0.01293103448275862,0.05172413793103448,0.04956896551724138,0.07758620689655173,0.07112068965517242,0.028017241379310345,0.028017241379310345,0.08836206896551724
"lcl|CP059658.1_cds_QRW16556.1_1039 [locus_tag=RhiXN_04557] [protein=hypothetical protein] [protein_id=QRW16556.1] [location=complement(join(3124515..3125482,3127202..3127349))] [gbkey=CDS]",0.12162162162162163,0.0945945945945946,0.032432432432432434,0.06756756756756757,0.002702702702702703,0.03513513513513514,0.1,0.03783783783783784,0.02702702702702703,0.04054054054054054,0.043243243243243246,0.07297297297297298,0.032432432432432434,0.008108108108108109,0.06486486486486487,0.1,0.051351351351351354,0.010810810810810811,0.016216216216216217,0.04054054054054054
"lcl|CP059658.1_cds_QRW16557.1_1040 [locus_tag=RhiXN_04558] [protein=Isocitrate/isopropylmalate dehydrogenase] [protein_id=QRW16557.1] [location=join(3132760..3132770,3132827..3132861,3132953..3133156,3133207..3133789,3133863..3134229)] [gbkey=CDS]",0.07035175879396985,0.04522613065326633,0.03768844221105527,0.06532663316582915,0.002512562814070352,0.01256281407035176,0.06281407035175879,0.11557788944723618,0.01256281407035176,0.0678391959798995,0.09798994974874371,0.08040201005025126,0.017587939698492462,0.03015075376884422,0.052763819095477386,0.06532663316582915,0.05025125628140704,0.007537688442211055,0.017587939698492462,0.08793969849246232
"lcl|CP059658.1_cds_QRW16558.1_1041 [locus_tag=RhiXN_04559] [protein=histone demethylase JARID1] [protein_id=QRW16558.1] [location=join(3135021..3135602,3135663..3135860,3135906..3136226,3136274..3136292,3136342..3136418,3136474..3136540,3136589..3136922,3136970..3137148,3137197..3137224,3137272..3137296,3137350..3137517,3137591..3137754,3137809..3137941,3138058..3140021,3140053..3140094,3140137..3140416)] [gbkey=CDS]",0.06426229508196721,0.07737704918032787,0.036065573770491806,0.06491803278688525,0.019672131147540985,0.04131147540983607,0.06426229508196721,0.05442622950819672,0.02622950819672131,0.0380327868852459,0.09245901639344262,0.04786885245901639,0.026885245901639345,0.03475409836065574,0.08655737704918033,0.07081967213114754,0.06098360655737705,0.015081967213114755,0.022295081967213116,0.05573770491803279
"lcl|CP059658.1_cds_QRW16559.1_1042 [locus_tag=RhiXN_04560] [protein=glycosyltransferase family 71 protein] [protein_id=QRW16559.1] [location=complement(join(3141400..3141441,3141491..3141577,3141634..3141642,3141696..3141811,3141868..3141933,3141984..3142062,3143034..3143138))] [gbkey=CDS]",0.0783132530120482,0.05421686746987952,0.04216867469879518,0.060240963855421686,0.006024096385542169,0.03614457831325301,0.03614457831325301,0.0963855421686747,0.03614457831325301,0.03614457831325301,0.0963855421686747,0.03614457831325301,0.018072289156626505,0.060240963855421686,0.07228915662650602,0.05421686746987952,0.030120481927710843,0.04819277108433735,0.04216867469879518,0.060240963855421686
"lcl|CP059658.1_cds_QRW16560.1_1043 [locus_tag=RhiXN_04561] [protein=20S-pre-rRNA D-site endonuclease NOB1] [protein_id=QRW16560.1] [location=join(3143778..3144003,3144053..3144168,3144233..3144774,3144835..3145191,3145244..3145281,3148405..3148555,3148797..3148887,3148977..3149168,3149225..3149366,3149422..3149430,3149487..3149556,3149629..3149680,3149737..3149943)] [gbkey=CDS]",0.0877914951989026,0.0438957475994513,0.04252400548696845,0.05898491083676269,0.009602194787379973,0.037037037037037035,0.07407407407407407,0.06995884773662552,0.024691358024691357,0.03566529492455418,0.09327846364883402,0.06858710562414266,0.01783264746227709,0.01783264746227709,0.05761316872427984,0.07544581618655692,0.08093278463648834,0.00823045267489712,0.027434842249657063,0.06858710562414266
"lcl|CP059658.1_cds_QRW16561.1_1044 [locus_tag=RhiXN_04562] [protein=P-loop containing nucleoside triphosphate hydrolase protein] [protein_id=QRW16561.1] [location=join(3151582..3151657,3151726..3151839,3152069..3152133)] [gbkey=CDS]",0.13253012048192772,0.03614457831325301,0.024096385542168676,0.07228915662650602,0,0.012048192771084338,0.07228915662650602,0.04819277108433735,0.012048192771084338,0.0963855421686747,0.07228915662650602,0.13253012048192772,0.024096385542168676,0.03614457831325301,0,0.07228915662650602,0.04819277108433735,0.012048192771084338,0.012048192771084338,0.08433734939759036
"lcl|CP059658.1_cds_QRW16562.1_1045 [locus_tag=RhiXN_04563] [protein=hAT family dimerization protein] [protein_id=QRW16562.1] [location=complement(join(3152670..3152720,3152793..3152966,3153052..3153200,3153253..3153689,3153743..3154095,3154166..3154381,3154430..3154972,3155048..3155245))] [gbkey=CDS]",0.10070921985815603,0.07943262411347518,0.03971631205673759,0.05390070921985816,0.015602836879432624,0.04539007092198582,0.06099290780141844,0.05390070921985816,0.02269503546099291,0.0524822695035461,0.10212765957446808,0.04397163120567376,0.015602836879432624,0.03687943262411347,0.05531914893617021,0.05390070921985816,0.05815602836879433,0.019858156028368795,0.031205673758865248,0.05815602836879433
"lcl|CP059658.1_cds_QRW16563.1_1046 [locus_tag=RhiXN_04564] [protein=translation initiation factor SUI1] [protein_id=QRW16563.1] [location=join(3155701..3155815,3156094..3156215,3156271..3156279,3156387..3156543,3156591..3156808)] [gbkey=CDS]",0.12682926829268293,0.014634146341463415,0.02926829268292683,0.05853658536585366,0.014634146341463415,0.06829268292682927,0.08292682926829269,0.05365853658536585,0.01951219512195122,0.06829268292682927,0.07317073170731707,0.12682926829268293,0.00975609756097561,0.03414634146341464,0.04878048780487805,0.05853658536585366,0.02926829268292683,0,0.004878048780487805,0.07804878048780488
"lcl|CP059658.1_cds_QRW16564.1_1047 [locus_tag=RhiXN_04565] [protein=C2H2 zinc finger] [protein_id=QRW16564.1] [location=join(3165663..3166247,3166300..3166457,3166513..3166596,3166787..3167209,3167232..3167889)] [gbkey=CDS]",0.1167192429022082,0.04574132492113565,0.04100946372239748,0.026813880126182965,0.007886435331230283,0.07413249211356467,0.012618296529968454,0.0694006309148265,0.04416403785488959,0.01892744479495268,0.04258675078864353,0.014195583596214511,0.017350157728706624,0.006309148264984227,0.18454258675078863,0.14511041009463724,0.04416403785488959,0.0031545741324921135,0.04889589905362776,0.03627760252365931
"lcl|CP059658.1_cds_QRW16565.1_1048 [locus_tag=RhiXN_04566] [protein=hypothetical protein] [protein_id=QRW16565.1] [location=complement(join(3172068..3172102,3172150..3172294,3172380..3172879,3172945..3172950,3173026..3173115,3173168..3173240))] [gbkey=CDS]",0.099644128113879,0.07473309608540925,0.05338078291814947,0.0498220640569395,0.014234875444839857,0.060498220640569395,0.10320284697508897,0.06761565836298933,0.042704626334519574,0.0498220640569395,0.08185053380782918,0.010676156583629894,0.021352313167259787,0.03914590747330961,0.03914590747330961,0.06405693950177936,0.046263345195729534,0.010676156583629894,0.028469750889679714,0.042704626334519574
"lcl|CP059658.1_cds_QRW16566.1_1049 [locus_tag=RhiXN_04567] [protein=ribosomal protein L1p/L10e family] [protein_id=QRW16566.1] [location=join(3174883..3175055,3175123..3175225)] [gbkey=CDS]",0.07777777777777778,0.12222222222222222,0.022222222222222223,0.05555555555555555,0.044444444444444446,0.08888888888888889,0.05555555555555555,0.05555555555555555,0,0.06666666666666667,0.1111111111111111,0.05555555555555555,0.011111111111111112,0.011111111111111112,0.044444444444444446,0.03333333333333333,0.022222222222222223,0,0.05555555555555555,0.06666666666666667
"lcl|CP059658.1_cds_QRW16567.1_1050 [locus_tag=RhiXN_04568] [protein=ribosomal protein L1p/L10e family] [protein_id=QRW16567.1] [location=join(3175294..3175382,3175442..3175556,3175605..3175779,3175836..3175933)] [gbkey=CDS]",0.07006369426751592,0.03184713375796178,0.03821656050955414,0.05732484076433121,0.01910828025477707,0.03821656050955414,0.03821656050955414,0.03184713375796178,0.025477707006369428,0.05732484076433121,0.1337579617834395,0.12738853503184713,0.025477707006369428,0.03184713375796178,0.03821656050955414,0.07643312101910828,0.044585987261146494,0.006369426751592357,0.012738853503184714,0.09554140127388536
"lcl|CP059658.1_cds_QRW16568.1_1051 [locus_tag=RhiXN_04569] [protein=hypothetical protein] [protein_id=QRW16568.1] [location=complement(join(3176466..3176930,3177011..3177070,3177139..3177192,3177251..3177520,3177578..3177646))] [gbkey=CDS]",0.09539473684210527,0.0756578947368421,0.009868421052631578,0.05263157894736842,0,0.049342105263157895,0.07236842105263158,0.049342105263157895,0.039473684210526314,0.02631578947368421,0.05592105263157895,0.01644736842105263,0.019736842105263157,0.049342105263157895,0.1118421052631579,0.14802631578947367,0.05263157894736842,0.006578947368421052,0.009868421052631578,0.05921052631578947
"lcl|CP059658.1_cds_QRW16569.1_1052 [locus_tag=RhiXN_04570] [protein=Zinc-binding dehydrogenase] [protein_id=QRW16569.1] [location=join(3182614..3182777,3182833..3182865,3182916..3183078,3183133..3183191,3183247..3183599,3183653..3183789,3183847..3184026)] [gbkey=CDS]",0.08587257617728532,0.0443213296398892,0.0221606648199446,0.055401662049861494,0.00554016620498615,0.0332409972299169,0.05817174515235457,0.10249307479224377,0.0221606648199446,0.07479224376731301,0.08033240997229917,0.06371191135734072,0.0110803324099723,0.036011080332409975,0.04709141274238227,0.0664819944598338,0.060941828254847646,0.0221606648199446,0.024930747922437674,0.08310249307479224
"lcl|CP059658.1_cds_QRW16570.1_1053 [locus_tag=RhiXN_04571] [protein=chitin synthase] [protein_id=QRW16570.1] [location=join(3185737..3186071,3186139..3189368,3189425..3189779,3189839..3190058,3190139..3190261,3190316..3190765,3190825..3190848,3190901..3190990,3191048..3191112,3191170..3191336,3191425..3192181,3192238..3192343)] [gbkey=CDS]",0.08164300202839757,0.056795131845841784,0.037525354969574036,0.056795131845841784,0.013691683569979716,0.036511156186612576,0.05273833671399594,0.08316430020283976,0.02129817444219067,0.0537525354969574,0.0907707910750507,0.03701825557809331,0.029411764705882353,0.038539553752535496,0.048174442190669374,0.07910750507099391,0.06795131845841786,0.014705882352941176,0.03600405679513185,0.06440162271805273
"lcl|CP059658.1_cds_QRW16571.1_1054 [locus_tag=RhiXN_04572] [protein=hypothetical protein] [protein_id=QRW16571.1] [location=join(3193503..3193744,3193795..3194182,3194235..3194717)] [gbkey=CDS]",0.06504065040650407,0.04878048780487805,0.051490514905149054,0.05420054200542006,0.02168021680216802,0.037940379403794036,0.07588075880758807,0.05420054200542006,0.032520325203252036,0.056910569105691054,0.0975609756097561,0.07046070460704607,0.01084010840108401,0.037940379403794036,0.056910569105691054,0.06504065040650407,0.05420054200542006,0.018970189701897018,0.02710027100271003,0.06233062330623306
"lcl|CP059658.1_cds_QRW16572.1_1055 [locus_tag=RhiXN_04573] [protein=UBA domain-containing protein] [protein_id=QRW16572.1] [location=join(3197139..3198050,3198104..3199664,3199726..3199804,3199859..3199934,3199989..3200081)] [gbkey=CDS]",0.12154696132596685,0.0718232044198895,0.03867403314917127,0.05856353591160221,0.0022099447513812156,0.05303867403314917,0.055248618784530384,0.06519337016574586,0.016574585635359115,0.027624309392265192,0.06961325966850829,0.05082872928176796,0.013259668508287293,0.020994475138121547,0.08839779005524862,0.112707182320442,0.061878453038674036,0.014364640883977901,0.0077348066298342545,0.049723756906077346
"lcl|CP059658.1_cds_QRW16573.1_1056 [locus_tag=RhiXN_04574] [protein=hypothetical protein] [protein_id=QRW16573.1] [location=complement(join(3200675..3201034,3201094..3201513))] [gbkey=CDS]",0.06589147286821706,0.05813953488372093,0.023255813953488372,0.04263565891472868,0.027131782945736434,0.05426356589147287,0.10077519379844961,0.050387596899224806,0.03875968992248062,0.05813953488372093,0.11627906976744186,0.03488372093023256,0.003875968992248062,0.03488372093023256,0.06976744186046512,0.06589147286821706,0.05813953488372093,0.015503875968992248,0.03488372093023256,0.046511627906976744
"lcl|CP059658.1_cds_QRW16574.1_1057 [locus_tag=RhiXN_04575] [protein=peptidase C14] [protein_id=QRW16574.1] [location=complement(join(3205909..3206139,3206203..3208236,3208285..3209490,3209613..3209761,3209812..3209818,3209872..3209919,3209968..3210106,3210165..3210295,3210349..3210531))] [gbkey=CDS]",0.06331877729257641,0.06695778748180495,0.03202328966521106,0.0611353711790393,0.017467248908296942,0.03857350800582242,0.048034934497816595,0.06622998544395925,0.03275109170305677,0.06695778748180495,0.09534206695778748,0.04585152838427948,0.018922852983988356,0.03202328966521106,0.04148471615720524,0.10116448326055313,0.06550218340611354,0.021834061135371178,0.021106259097525473,0.06331877729257641
"lcl|CP059658.1_cds_QRW16575.1_1058 [locus_tag=RhiXN_04576] [protein=proteophosphoglycan ppg4] [protein_id=QRW16575.1] [location=join(3212495..3212957,3213127..3213306,3213360..3213583,3213787..3218011,3218067..3218275)] [gbkey=CDS]",0.08101983002832862,0.09291784702549576,0.027195467422096317,0.06175637393767705,0.0011331444759206798,0.039660056657223795,0.052691218130311614,0.09348441926345609,0.037960339943342775,0.028328611898016998,0.04759206798866856,0.042492917847025496,0.028328611898016998,0.029461756373937678,0.11671388101983003,0.09178470254957508,0.054957507082152975,0.017563739376770537,0.018130311614730877,0.036827195467422094
"lcl|CP059658.1_cds_QRW16576.1_1059 [locus_tag=RhiXN_04577] [protein=lactonase, 7-bladed beta-propeller] [protein_id=QRW16576.1] [location=join(3218905..3219132,3219183..3219263,3219320..3219469,3219543..3219651,3219704..3220170)] [gbkey=CDS]",0.09037900874635568,0.01749271137026239,0.04664723032069971,0.02040816326530612,0,0.061224489795918366,0.029154518950437316,0.11370262390670553,0.02040816326530612,0.06705539358600583,0.08454810495626822,0.037900874635568516,0.0058309037900874635,0.026239067055393587,0.0641399416909621,0.119533527696793,0.09620991253644315,0.008746355685131196,0.03498542274052478,0.05539358600583091
"lcl|CP059658.1_cds_QRW16577.1_1060 [locus_tag=RhiXN_04578] [protein=Sodium/hydrogen exchanger family] [protein_id=QRW16577.1] [location=complement(join(3220209..3220459,3220516..3220656,3220712..3220847,3220880..3221019,3221067..3221258,3221310..3221502,3221555..3221634,3221685..3221708,3221760..3221838,3221871..3222056))] [gbkey=CDS]",0.09745762711864407,0.0423728813559322,0.023305084745762712,0.0423728813559322,0.012711864406779662,0.02754237288135593,0.05084745762711865,0.09110169491525423,0.0211864406779661,0.07627118644067797,0.125,0.0211864406779661,0.00847457627118644,0.06567796610169492,0.046610169491525424,0.09533898305084745,0.0423728813559322,0.02754237288135593,0.0211864406779661,0.0614406779661017
"lcl|CP059658.1_cds_QRW16578.1_1061 [locus_tag=RhiXN_04579] [protein=hypothetical protein] [protein_id=QRW16578.1] [location=complement(join(3222887..3222961,3223017..3223079,3223137..3223403))] [gbkey=CDS]",0.14285714285714285,0.10526315789473684,0.015037593984962405,0.06015037593984962,0.007518796992481203,0.07518796992481203,0.06766917293233082,0.09022556390977443,0.03007518796992481,0.03759398496240601,0.05263157894736842,0.05263157894736842,0.045112781954887216,0.03007518796992481,0.015037593984962405,0.07518796992481203,0.015037593984962405,0.03759398496240601,0.007518796992481203,0.03759398496240601
"lcl|CP059658.1_cds_QRW16579.1_1062 [locus_tag=RhiXN_04580] [protein=hypothetical protein] [protein_id=QRW16579.1] [location=join(3224213..3224479,3224537..3224599,3224655..3224729)] [gbkey=CDS]",0.14285714285714285,0.10526315789473684,0.015037593984962405,0.06015037593984962,0.007518796992481203,0.07518796992481203,0.06766917293233082,0.09022556390977443,0.03007518796992481,0.03759398496240601,0.05263157894736842,0.05263157894736842,0.045112781954887216,0.03007518796992481,0.015037593984962405,0.07518796992481203,0.015037593984962405,0.03759398496240601,0.007518796992481203,0.03759398496240601
"lcl|CP059658.1_cds_QRW16580.1_1063 [locus_tag=RhiXN_04581] [protein=glycoside hydrolase family 61 protein] [protein_id=QRW16580.1] [location=complement(join(3226749..3227153,3227189..3227328,3227378..3227746,3227796..3227868))] [gbkey=CDS]",0.10703363914373089,0.039755351681957186,0.04892966360856269,0.06116207951070336,0.009174311926605505,0.021406727828746176,0.024464831804281346,0.09480122324159021,0.024464831804281346,0.039755351681957186,0.05504587155963303,0.0856269113149847,0.021406727828746176,0.024464831804281346,0.06422018348623854,0.10397553516819572,0.06422018348623854,0.01834862385321101,0.024464831804281346,0.0672782874617737
"lcl|CP059658.1_cds_QRW16581.1_1064 [locus_tag=RhiXN_04582] [protein=glycoside hydrolase family 61 protein] [protein_id=QRW16581.1] [location=complement(join(3229954..3230615,3230668..3231030,3231087..3231159))] [gbkey=CDS]",0.08791208791208792,0.03021978021978022,0.03021978021978022,0.06043956043956044,0.01098901098901099,0.016483516483516484,0.06593406593406594,0.09065934065934066,0.024725274725274724,0.0521978021978022,0.038461538461538464,0.07692307692307693,0.016483516483516484,0.03296703296703297,0.08241758241758242,0.09340659340659341,0.10714285714285714,0.013736263736263736,0.03021978021978022,0.038461538461538464
"lcl|CP059658.1_cds_QRW16582.1_1065 [locus_tag=RhiXN_04583] [protein=hypothetical protein] [protein_id=QRW16582.1] [location=join(3231767..3231949,3232011..3232359,3232418..3232488)] [gbkey=CDS]",0.08040201005025126,0.05025125628140704,0.05527638190954774,0.05025125628140704,0,0.035175879396984924,0.05527638190954774,0.06532663316582915,0.005025125628140704,0.04522613065326633,0.10552763819095477,0.02512562814070352,0.020100502512562814,0.035175879396984924,0.09045226130653267,0.09045226130653267,0.07537688442211055,0.01507537688442211,0.020100502512562814,0.08040201005025126
"lcl|CP059658.1_cds_QRW16583.1_1066 [locus_tag=RhiXN_04584] [protein=DEAD/DEAH box helicase] [protein_id=QRW16583.1] [location=join(3234183..3235092,3235146..3235296,3235353..3236043,3236096..3236140,3236192..3236427,3236480..3236552,3236625..3236693,3236748..3236783)] [gbkey=CDS]",0.07346938775510205,0.06258503401360545,0.05170068027210884,0.053061224489795916,0.014965986394557823,0.04625850340136054,0.07210884353741497,0.058503401360544216,0.017687074829931974,0.0707482993197279,0.09115646258503401,0.04081632653061224,0.021768707482993196,0.02040816326530612,0.04625850340136054,0.07346938775510205,0.0653061224489796,0.012244897959183673,0.047619047619047616,0.05986394557823129
"lcl|CP059658.1_cds_QRW16584.1_1067 [locus_tag=RhiXN_04585] [protein=hypothetical protein] [protein_id=QRW16584.1] [location=complement(join(3236990..3237193,3237258..3238094))] [gbkey=CDS]",0.08985507246376812,0.05507246376811594,0.02318840579710145,0.07536231884057971,0.002898550724637681,0.04927536231884058,0.0782608695652174,0.04927536231884058,0.02608695652173913,0.043478260869565216,0.06666666666666667,0.04057971014492753,0.02608695652173913,0.017391304347826087,0.03188405797101449,0.1072463768115942,0.07246376811594203,0.03768115942028986,0.014492753623188406,0.0927536231884058
"lcl|CP059658.1_cds_QRW16585.1_1068 [locus_tag=RhiXN_04586] [protein=adiponectin receptor] [protein_id=QRW16585.1] [location=join(3239898..3240058,3240121..3240164,3240232..3240249,3240300..3240490,3240542..3240584,3240656..3240748,3240807..3241014,3241072..3241156)] [gbkey=CDS]",0.12186379928315412,0.035842293906810034,0.02867383512544803,0.021505376344086023,0.03225806451612903,0.025089605734767026,0.014336917562724014,0.08960573476702509,0.035842293906810034,0.05734767025089606,0.1003584229390681,0.014336917562724014,0.021505376344086023,0.053763440860215055,0.03942652329749104,0.06451612903225806,0.07168458781362007,0.025089605734767026,0.06810035842293907,0.07885304659498207
"lcl|CP059658.1_cds_QRW16586.1_1069 [locus_tag=RhiXN_04587] [protein=regulator of G protein signaling domain protein] [protein_id=QRW16586.1] [location=complement(join(3241459..3242022,3242068..3242205,3242526..3242834,3242888..3242921,3242971..3243080))] [gbkey=CDS]",0.06788511749347259,0.08877284595300261,0.018276762402088774,0.04177545691906005,0.013054830287206266,0.03655352480417755,0.044386422976501305,0.07049608355091384,0.020887728459530026,0.06005221932114883,0.08616187989556136,0.02349869451697128,0.013054830287206266,0.04177545691906005,0.09921671018276762,0.10182767624020887,0.0391644908616188,0.02610966057441253,0.028720626631853787,0.0783289817232376
"lcl|CP059658.1_cds_QRW16587.1_1070 [locus_tag=RhiXN_04588] [protein=DEAD/DEAH box helicase] [protein_id=QRW16587.1] [location=complement(join(3244407..3245074,3245132..3245278,3245335..3245410,3245471..3245595,3245631..3246255))] [gbkey=CDS]",0.08256880733944955,0.04954128440366973,0.05871559633027523,0.05688073394495413,0.014678899082568808,0.044036697247706424,0.07339449541284404,0.045871559633027525,0.02018348623853211,0.06788990825688074,0.10642201834862386,0.04954128440366973,0.025688073394495414,0.023853211009174313,0.05321100917431193,0.08623853211009175,0.05137614678899083,0.011009174311926606,0.027522935779816515,0.05137614678899083
"lcl|CP059658.1_cds_QRW16588.1_1071 [locus_tag=RhiXN_04589] [protein=gag-polypeptide of LTR copia-type] [protein_id=QRW16588.1] [location=complement(join(3246619..3246654,3246705..3246773,3246850..3246925,3246977..3247194,3247248..3247292,3247345..3247736,3247796..3248045,3248107..3248216,3248274..3249195))] [gbkey=CDS]",0.08380681818181818,0.05397727272727273,0.0625,0.0625,0.022727272727272728,0.03835227272727273,0.06676136363636363,0.048295454545454544,0.015625,0.06818181818181818,0.09801136363636363,0.048295454545454544,0.015625,0.019886363636363636,0.05397727272727273,0.078125,0.04971590909090909,0.014204545454545454,0.03835227272727273,0.061079545454545456
"lcl|CP059658.1_cds_QRW16589.1_1072 [locus_tag=RhiXN_04590] [protein=SPFH domain / Band 7 family] [protein_id=QRW16589.1] [location=join(3250316..3250562,3250621..3250740,3250815..3250941,3250995..3251622)] [gbkey=CDS]",0.12365591397849462,0.05913978494623656,0.026881720430107527,0.04838709677419355,0.010752688172043012,0.07795698924731183,0.04838709677419355,0.08333333333333333,0.013440860215053764,0.05913978494623656,0.06720430107526881,0.026881720430107527,0.01881720430107527,0.026881720430107527,0.056451612903225805,0.0913978494623656,0.043010752688172046,0.005376344086021506,0.01881720430107527,0.09408602150537634
"lcl|CP059658.1_cds_QRW16590.1_1073 [locus_tag=RhiXN_04591] [protein=glycoside hydrolase family 128 protein] [protein_id=QRW16590.1] [location=join(3252964..3253150,3253203..3253291,3253345..3253443,3253500..3253607,3253662..3253783,3254236..3254325,3254385..3254536,3254598..3254658,3254716..3254754,3254808..3254995,3255059..3255147,3255206..3255304,3255354..3255461,3255514..3255645)] [gbkey=CDS]",0.10982658959537572,0.04046242774566474,0.0674373795761079,0.04431599229287091,0.015414258188824663,0.04238921001926782,0.030828516377649325,0.08285163776493257,0.009633911368015413,0.06165703275529865,0.06936416184971098,0.019267822736030827,0.01348747591522158,0.046242774566473986,0.05202312138728324,0.08863198458574181,0.08285163776493257,0.030828516377649325,0.04816955684007707,0.04431599229287091
"lcl|CP059658.1_cds_QRW16591.1_1074 [locus_tag=RhiXN_04592] [protein=hypothetical protein] [protein_id=QRW16591.1] [location=join(3256206..3256547,3256605..3256753,3256807..3256897)] [gbkey=CDS]",0.11979166666666667,0.020833333333333332,0.020833333333333332,0.06770833333333333,0.026041666666666668,0.026041666666666668,0.010416666666666666,0.057291666666666664,0.015625,0.09895833333333333,0.13020833333333334,0.052083333333333336,0.010416666666666666,0.041666666666666664,0.005208333333333333,0.08333333333333333,0.0625,0,0.005208333333333333,0.14583333333333334
"lcl|CP059658.1_cds_QRW16592.1_1075 [locus_tag=RhiXN_04593] [protein=hypothetical protein] [protein_id=QRW16592.1] [location=join(3257635..3257988,3258046..3258108,3258172..3258246)] [gbkey=CDS]",0.09876543209876543,0.10493827160493827,0.012345679012345678,0.05555555555555555,0.012345679012345678,0.07407407407407407,0.05555555555555555,0.07407407407407407,0.037037037037037035,0.030864197530864196,0.043209876543209874,0.037037037037037035,0.043209876543209874,0.037037037037037035,0.06172839506172839,0.08641975308641975,0.030864197530864196,0.030864197530864196,0.030864197530864196,0.043209876543209874
"lcl|CP059658.1_cds_QRW16593.1_1076 [locus_tag=RhiXN_04594] [protein=aldehyde dehydrogenase family protein] [protein_id=QRW16593.1] [location=join(3258577..3258627,3258688..3258795,3258845..3259123,3259176..3259261,3259315..3259331,3259385..3259399,3259455..3259606,3259670..3259799,3259856..3259942,3259992..3260133,3260194..3260276,3260335..3260435,3260486..3260568,3260627..3260876)] [gbkey=CDS]",0.11026615969581749,0.034220532319391636,0.03802281368821293,0.043726235741444866,0.009505703422053232,0.045627376425855515,0.055133079847908745,0.08555133079847908,0.024714828897338403,0.060836501901140684,0.06844106463878327,0.06463878326996197,0.015209125475285171,0.045627376425855515,0.06273764258555133,0.06273764258555133,0.04752851711026616,0.013307984790874524,0.04182509505703422,0.07034220532319392
"lcl|CP059658.1_cds_QRW16594.1_1077 [locus_tag=RhiXN_04595] [protein=hypothetical protein] [protein_id=QRW16594.1] [location=complement(join(3261063..3261187,3261259..3261373,3261432..3261449))] [gbkey=CDS]",0.15476190476190477,0.011904761904761904,0.03571428571428571,0,0,0.023809523809523808,0.10714285714285714,0.13095238095238096,0.07142857142857142,0.03571428571428571,0.08333333333333333,0.07142857142857142,0,0,0.08333333333333333,0.05952380952380952,0.05952380952380952,0,0,0.07142857142857142
"lcl|CP059658.1_cds_QRW16595.1_1078 [locus_tag=RhiXN_04596] [protein=hypothetical protein] [protein_id=QRW16595.1] [location=complement(join(3261886..3262152,3262206..3262481,3262538..3262891,3262947..3263081))] [gbkey=CDS]",0.06140350877192982,0.023391812865497075,0.1023391812865497,0.03508771929824561,0,0.029239766081871343,0.02631578947368421,0.17543859649122806,0.0847953216374269,0.011695906432748537,0.03216374269005848,0.03216374269005848,0.017543859649122806,0.0029239766081871343,0.09064327485380116,0.02631578947368421,0.2134502923976608,0,0.005847953216374269,0.029239766081871343
"lcl|CP059658.1_cds_QRW16596.1_1079 [locus_tag=RhiXN_04597] [protein=hypothetical protein] [protein_id=QRW16596.1] [location=complement(join(3266475..3266633,3266688..3266927))] [gbkey=CDS]",0.06870229007633588,0.09923664122137404,0.030534351145038167,0.04580152671755725,0.015267175572519083,0.03816793893129771,0.06870229007633588,0.06870229007633588,0.022900763358778626,0.04580152671755725,0.10687022900763359,0.030534351145038167,0.007633587786259542,0.022900763358778626,0.04580152671755725,0.09923664122137404,0.05343511450381679,0.05343511450381679,0.03816793893129771,0.03816793893129771
"lcl|CP059658.1_cds_QRW16597.1_1080 [locus_tag=RhiXN_04598] [protein=aspartate-semialdehyde dehydrogenase] [protein_id=QRW16597.1] [location=complement(join(3268277..3269091,3269152..3269440))] [gbkey=CDS]",0.10109289617486339,0.0546448087431694,0.0273224043715847,0.040983606557377046,0.01912568306010929,0.03551912568306011,0.05191256830601093,0.08469945355191257,0.0273224043715847,0.07103825136612021,0.07377049180327869,0.03825136612021858,0.00546448087431694,0.040983606557377046,0.08469945355191257,0.07103825136612021,0.040983606557377046,0.00546448087431694,0.01639344262295082,0.1092896174863388
"lcl|CP059658.1_cds_QRW16598.1_1081 [locus_tag=RhiXN_04599] [protein=Reverse transcriptase from mobile element jockey protein] [protein_id=QRW16598.1] [location=join(3269587..3269592,3269645..3273025)] [gbkey=CDS]",0.09937888198757763,0.06654835847382432,0.05235137533274179,0.04525288376220053,0.01685891748003549,0.032830523513753325,0.03904170363797693,0.05412599822537711,0.037267080745341616,0.06566104702750665,0.09582963620230701,0.055013309671694766,0.01419698314108252,0.04081632653061224,0.0771960958296362,0.07275953859804792,0.055900621118012424,0.019520851818988466,0.018633540372670808,0.04081632653061224
"lcl|CP059658.1_cds_QRW16599.1_1082 [locus_tag=RhiXN_04600] [protein=hypothetical protein] [protein_id=QRW16599.1] [location=join(3273363..3273675,3273728..3273757,3273845..3273858,3273919..3273941,3274357..3274576,3274632..3274694,3274762..3274905)] [gbkey=CDS]",0.12734082397003746,0.0599250936329588,0.052434456928838954,0.0149812734082397,0.018726591760299626,0.04868913857677903,0.0449438202247191,0.09737827715355805,0.02247191011235955,0.0449438202247191,0.10112359550561797,0.0299625468164794,0.0149812734082397,0.052434456928838954,0.04119850187265917,0.09737827715355805,0.03745318352059925,0.0149812734082397,0.0149812734082397,0.06367041198501873
"lcl|CP059658.1_cds_QRW16600.1_1083 [locus_tag=RhiXN_04601] [protein=glycoside hydrolase family 3 protein] [protein_id=QRW16600.1] [location=complement(join(3275318..3275567,3275624..3275740,3275799..3275877,3275933..3276304,3276359..3276628,3276681..3276771,3276833..3276895,3276965..3277363,3277417..3277524,3277579..3277668,3277725..3277782,3277837..3277896,3277949..3277988,3278032..3278145,3278204..3278407,3278467..3278583,3278637..3278673,3278727..3278771,3278821..3278922))] [gbkey=CDS]",0.09195402298850575,0.05172413793103448,0.04367816091954023,0.05057471264367816,0.006896551724137931,0.02413793103448276,0.0735632183908046,0.09425287356321839,0.021839080459770115,0.05747126436781609,0.09425287356321839,0.04597701149425287,0.010344827586206896,0.040229885057471264,0.04942528735632184,0.07126436781609195,0.05632183908045977,0.017241379310344827,0.026436781609195402,0.07241379310344828
lcl|CP059658.1_cds_QRW16601.1_1084 [locus_tag=RhiXN_04602] [protein=14-3-3 protein] [protein_id=QRW16601.1] [location=complement(3279728..3280204)] [gbkey=CDS],0.10191082802547771,0.07643312101910828,0.006369426751592357,0.03821656050955414,0.01910828025477707,0.03821656050955414,0.03821656050955414,0.03184713375796178,0.07006369426751592,0.044585987261146494,0.12101910828025478,0.025477707006369428,0,0.03821656050955414,0.10191082802547771,0.09554140127388536,0.03821656050955414,0,0.012738853503184714,0.10191082802547771
"lcl|CP059658.1_cds_QRW16602.1_1085 [locus_tag=RhiXN_04603] [protein=14-3-3 protein] [protein_id=QRW16602.1] [location=complement(join(3281268..3281673,3281732..3282038,3282092..3282158,3282206..3282240,3282283..3282406))] [gbkey=CDS]",0.1157556270096463,0.05144694533762058,0.028938906752411574,0.07717041800643087,0.012861736334405145,0.022508038585209004,0.09967845659163987,0.04501607717041801,0.01607717041800643,0.04501607717041801,0.09967845659163987,0.06430868167202572,0.02572347266881029,0.022508038585209004,0.028938906752411574,0.10289389067524116,0.03215434083601286,0.012861736334405145,0.04180064308681672,0.05466237942122187
"lcl|CP059658.1_cds_QRW16603.1_1086 [locus_tag=RhiXN_04604] [protein=pectate lyase] [protein_id=QRW16603.1] [location=complement(join(3286491..3286588,3286645..3286808,3286860..3287188,3287254..3287315,3287376..3287545,3287599..3287834,3287888..3287944,3287999..3288061))] [gbkey=CDS]",0.09462915601023018,0.03580562659846547,0.06649616368286446,0.05115089514066496,0.0025575447570332483,0.01278772378516624,0.020460358056265986,0.08951406649616368,0.030690537084398978,0.04092071611253197,0.08951406649616368,0.04859335038363171,0.005115089514066497,0.03324808184143223,0.03324808184143223,0.11764705882352941,0.07672634271099744,0.01278772378516624,0.04859335038363171,0.08951406649616368
"lcl|CP059658.1_cds_QRW16604.1_1087 [locus_tag=RhiXN_04605] [protein=histone deacetylase family protein] [protein_id=QRW16604.1] [location=join(3289370..3289411,3289467..3289576,3289633..3290437)] [gbkey=CDS]",0.0694006309148265,0.15141955835962145,0.01892744479495268,0.08517350157728706,0.0031545741324921135,0.012618296529968454,0.04416403785488959,0.14826498422712933,0.01892744479495268,0.015772870662460567,0.05993690851735016,0.01892744479495268,0.006309148264984227,0.022082018927444796,0.0914826498422713,0.08201892744479496,0.06624605678233439,0.00946372239747634,0.022082018927444796,0.05362776025236593
"lcl|CP059658.1_cds_QRW16605.1_1088 [locus_tag=RhiXN_04606] [protein=iron-regulated transporter] [protein_id=QRW16605.1] [location=join(3290793..3290897,3290960..3291063,3291115..3291195,3291251..3292016)] [gbkey=CDS]",0.08571428571428572,0.07428571428571429,0.02,0.04,0.014285714285714285,0.022857142857142857,0.04,0.054285714285714284,0.022857142857142857,0.08857142857142856,0.10285714285714286,0.02,0.02,0.07142857142857142,0.05714285714285714,0.08571428571428572,0.07714285714285714,0.011428571428571429,0.022857142857142857,0.06857142857142857
"lcl|CP059658.1_cds_QRW16606.1_1089 [locus_tag=RhiXN_04607] [protein=hypothetical protein] [protein_id=QRW16606.1] [location=join(3293603..3293772,3293827..3294010,3294070..3294150,3294206..3294364,3294423..3294563)] [gbkey=CDS]",0.11934156378600823,0.0411522633744856,0.024691358024691357,0.04938271604938271,0.012345679012345678,0.024691358024691357,0.04526748971193416,0.09053497942386832,0.024691358024691357,0.03292181069958848,0.07407407407407407,0.053497942386831275,0.037037037037037035,0.03292181069958848,0.05761316872427984,0.04938271604938271,0.06995884773662552,0.00411522633744856,0.037037037037037035,0.11934156378600823
"lcl|CP059658.1_cds_QRW16607.1_1090 [locus_tag=RhiXN_04608] [protein=thiazole biosynthetic enzyme] [protein_id=QRW16607.1] [location=join(3294973..3295039,3295117..3295163,3295223..3295333)] [gbkey=CDS]",0.0958904109589041,0.0410958904109589,0.0547945205479452,0.0410958904109589,0,0,0.0958904109589041,0.1232876712328767,0.0547945205479452,0.0821917808219178,0.0547945205479452,0.0410958904109589,0.0684931506849315,0.0273972602739726,0.0547945205479452,0.0547945205479452,0.0547945205479452,0,0,0.0547945205479452
"lcl|CP059658.1_cds_QRW16608.1_1091 [locus_tag=RhiXN_04609] [protein=hypothetical protein] [protein_id=QRW16608.1] [location=join(3298118..3299173,3299230..3299997,3300047..3300154,3300205..3300572,3300625..3301060,3301112..3301307,3301356..3301828,3301896..3302288)] [gbkey=CDS]",0.08860759493670886,0.07357594936708861,0.03243670886075949,0.055379746835443035,0.0015822784810126582,0.030063291139240507,0.06091772151898734,0.07278481012658228,0.015822784810126583,0.038765822784810125,0.055379746835443035,0.04667721518987342,0.015031645569620253,0.028481012658227847,0.11075949367088607,0.125,0.07357594936708861,0.012658227848101266,0.01819620253164557,0.04430379746835443
"lcl|CP059658.1_cds_QRW16609.1_1092 [locus_tag=RhiXN_04610] [protein=tetratricopeptide repeat domain-containing protein] [protein_id=QRW16609.1] [location=join(3302677..3304629,3304677..3305453)] [gbkey=CDS]",0.09030837004405286,0.08039647577092511,0.03634361233480176,0.0671806167400881,0.00881057268722467,0.03524229074889868,0.07819383259911894,0.053964757709251104,0.01762114537444934,0.039647577092511016,0.13656387665198239,0.03854625550660793,0.015418502202643172,0.02753303964757709,0.040748898678414094,0.07268722466960352,0.053964757709251104,0.024229074889867842,0.022026431718061675,0.0605726872246696
"lcl|CP059658.1_cds_QRW16610.1_1093 [locus_tag=RhiXN_04611] [protein=ATP-dependent DNA helicase PIF1] [protein_id=QRW16610.1] [location=join(3308942..3309058,3309108..3309212,3309269..3309373,3309430..3309495,3309550..3309681,3309733..3313732,3313784..3313872)] [gbkey=CDS]",0.078125,0.06640625,0.050130208333333336,0.048177083333333336,0.018229166666666668,0.07486979166666667,0.06315104166666667,0.06640625,0.027994791666666668,0.0546875,0.10026041666666667,0.03125,0.015625,0.039713541666666664,0.06510416666666667,0.051432291666666664,0.05078125,0.013671875,0.030598958333333332,0.053385416666666664
"lcl|CP059658.1_cds_QRW16611.1_1094 [locus_tag=RhiXN_04612] [protein=Transposase family tnp2] [protein_id=QRW16611.1] [location=complement(join(3314787..3315060,3315111..3315172,3315219..3315469,3315528..3315847,3315895..3316042,3316577..3317048,3317820..3318022,3318077..3318343,3318400..3318468,3318534..3318645,3318697..3318825))] [gbkey=CDS]",0.06388526727509779,0.05736636245110821,0.06258148631029987,0.06779661016949153,0.02216427640156454,0.04041720990873533,0.06388526727509779,0.0560625814863103,0.02346805736636245,0.05997392438070404,0.08213820078226858,0.05345501955671447,0.024771838331160364,0.035202086049543675,0.061277705345501955,0.05084745762711865,0.05084745762711865,0.01564537157757497,0.05084745762711865,0.05736636245110821
"lcl|CP059658.1_cds_QRW16612.1_1095 [locus_tag=RhiXN_04613] [protein=hypothetical protein] [protein_id=QRW16612.1] [location=join(3319297..3319351,3319401..3319421,3319474..3319606,3319663..3319710,3319784..3320375,3320424..3320540,3320877..3321371,3321429..3321503,3321552..3321629,3321680..3321751,3321799..3321807,3322387..3322485,3322537..3322617)] [gbkey=CDS]",0.06260032102728733,0.08025682182985554,0.05778491171749599,0.07062600321027288,0.006420545746388443,0.04173354735152488,0.06420545746388442,0.048154093097913325,0.030497592295345103,0.025682182985553772,0.060995184590690206,0.11075441412520064,0.0032102728731942215,0.02086677367576244,0.09630818619582665,0.08025682182985554,0.06741573033707865,0.006420545746388443,0.02247191011235955,0.04333868378812199
"lcl|CP059658.1_cds_QRW16613.1_1096 [locus_tag=RhiXN_04614] [protein=Reverse transcriptase from mobile element jockey protein] [protein_id=QRW16613.1] [location=join(3327378..3327399,3327554..3327942)] [gbkey=CDS]",0.05185185185185185,0.06666666666666667,0.014814814814814815,0.02962962962962963,0.037037037037037035,0.044444444444444446,0.0962962962962963,0.06666666666666667,0.05185185185185185,0.06666666666666667,0.0962962962962963,0.02962962962962963,0.007407407407407408,0.037037037037037035,0.11851851851851852,0.05925925925925926,0.06666666666666667,0.007407407407407408,0.037037037037037035,0.014814814814814815
"lcl|CP059658.1_cds_QRW16614.1_1097 [locus_tag=RhiXN_04615] [protein=dynein heavy chain, cytoplasmic] [protein_id=QRW16614.1] [location=complement(join(3329380..3329681,3329730..3329876,3329956..3330308,3330361..3330566,3330620..3330727,3330782..3330913,3330966..3331160,3331217..3331305,3331359..3331524))] [gbkey=CDS]",0.08687943262411348,0.08333333333333333,0.031914893617021274,0.06560283687943262,0.005319148936170213,0.06382978723404255,0.07446808510638298,0.09219858156028368,0.012411347517730497,0.040780141843971635,0.05673758865248227,0.03546099290780142,0.01950354609929078,0.03368794326241135,0.0726950354609929,0.08156028368794327,0.0726950354609929,0.005319148936170213,0.02304964539007092,0.0425531914893617
lcl|CP059658.1_cds_QRW16615.1_1098 [locus_tag=RhiXN_04616] [protein=hypothetical protein] [protein_id=QRW16615.1] [location=3335492..3335851] [gbkey=CDS],0.05084745762711865,0.03389830508474576,0.05084745762711865,0.025423728813559324,0.00847457627118644,0.0423728813559322,0.07627118644067797,0.09322033898305085,0.0423728813559322,0.0847457627118644,0.11016949152542373,0.059322033898305086,0.025423728813559324,0,0.059322033898305086,0.0423728813559322,0.05084745762711865,0.01694915254237288,0.059322033898305086,0.06779661016949153
"lcl|CP059658.1_cds_QRW16616.1_1099 [locus_tag=RhiXN_04617] [protein=hypothetical protein] [protein_id=QRW16616.1] [location=join(3339739..3339930,3340004..3340024)] [gbkey=CDS]",0.08695652173913043,0.043478260869565216,0.014492753623188406,0.07246376811594203,0.028985507246376812,0.10144927536231885,0.028985507246376812,0.028985507246376812,0.014492753623188406,0.014492753623188406,0.13043478260869565,0.028985507246376812,0,0.014492753623188406,0.057971014492753624,0.15942028985507245,0.10144927536231885,0.014492753623188406,0.014492753623188406,0.043478260869565216
"lcl|CP059658.1_cds_QRW16617.1_1100 [locus_tag=RhiXN_04618] [protein=ATP-dependent DNA helicase PIF1] [protein_id=QRW16617.1] [location=complement(join(3341035..3341067,3341119..3341130,3341177..3342340))] [gbkey=CDS]",0.06982543640897755,0.022443890274314215,0.04738154613466334,0.05236907730673317,0.0399002493765586,0.07481296758104738,0.06234413965087282,0.06982543640897755,0.022443890274314215,0.06982543640897755,0.11970074812967581,0.04738154613466334,0.0199501246882793,0.0399002493765586,0.04239401496259352,0.06234413965087282,0.059850374064837904,0.00997506234413965,0.0199501246882793,0.04738154613466334
"lcl|CP059658.1_cds_QRW16618.1_1101 [locus_tag=RhiXN_04619] [protein=Retrotransposon-derived protein PEG10] [protein_id=QRW16618.1] [location=join(3347149..3347671,3347702..3347989,3350174..3350332,3350383..3350599,3350735..3350933)] [gbkey=CDS]",0.05,0.06086956521739131,0.043478260869565216,0.058695652173913045,0.010869565217391304,0.036956521739130437,0.10434782608695652,0.043478260869565216,0.015217391304347827,0.06739130434782609,0.09130434782608696,0.10652173913043478,0.02608695652173913,0.034782608695652174,0.05,0.06304347826086956,0.06956521739130435,0.010869565217391304,0.02391304347826087,0.03260869565217391
