seq_id,value
"lcl|CP059658.1_cds_QRW15518.1_1 [locus_tag=RhiXN_03519] [protein=hypothetical protein] [protein_id=QRW15518.1] [location=join(284..286,338..613,666..740,800..958,1034..1273,1354..1735,1810..1991,2045..2071,2122..2229)] [gbkey=CDS]",0.4723374827109267
"lcl|CP059658.1_cds_QRW15519.1_2 [locus_tag=RhiXN_03520] [protein=hypothetical protein] [protein_id=QRW15519.1] [location=complement(join(3906..4062,4121..4284,4340..4956,5017..5182,5473..5589,5643..5711,5753..5881,5916..5966))] [gbkey=CDS]",0.4972677595628415
"lcl|CP059658.1_cds_QRW15520.1_3 [locus_tag=RhiXN_03521] [protein=hypothetical protein] [protein_id=QRW15520.1] [location=complement(join(9821..10756,10815..10968,11020..11036,11087..11179,11235..11419,11471..11527,11577..11619,11685..11833,11882..12318,12368..12445,12494..12522,13645..14499,14551..14647,14698..14851,14901..15623,15672..16113))] [gbkey=CDS]",0.49763673193787983
"lcl|CP059658.1_cds_QRW15521.1_4 [locus_tag=RhiXN_03522] [protein=other/TTK protein kinase] [protein_id=QRW15521.1] [location=join(16753..17434,17486..18531,18791..19138,19477..19707,19964..20285,20346..20497,20547..20609)] [gbkey=CDS]",0.5443974630021141
"lcl|CP059658.1_cds_QRW15522.1_5 [locus_tag=RhiXN_03523] [protein=hypothetical protein] [protein_id=QRW15522.1] [location=join(24527..25334,25390..25454,25502..25911,25962..26132,26180..26507,26561..27155,27211..28853,28913..28966,29016..29398,29431..29837,30442..30653)] [gbkey=CDS]",0.43550295857988164
lcl|CP059658.1_cds_QRW15523.1_6 [locus_tag=RhiXN_03524] [protein=Retrovirus-related Pol polyprotein from transposon] [protein_id=QRW15523.1] [location=30716..31171] [gbkey=CDS],0.46
"lcl|CP059658.1_cds_QRW15524.1_7 [locus_tag=RhiXN_03525] [protein=hypothetical protein] [protein_id=QRW15524.1] [location=join(33233..33821,33881..33913,33974..34704)] [gbkey=CDS]",0.5270972531551597
"lcl|CP059658.1_cds_QRW15525.1_8 [locus_tag=RhiXN_03526] [protein=hypothetical protein] [protein_id=QRW15525.1] [location=complement(join(40143..40744,40805..41486))] [gbkey=CDS]",0.5446009389671361
"lcl|CP059658.1_cds_QRW15526.1_9 [locus_tag=RhiXN_03527] [protein=Retrovirus-related Pol polyprotein from transposon] [protein_id=QRW15526.1] [location=complement(join(41690..49117,49165..49229,49285..50092))] [gbkey=CDS]",0.43050030138637735
"lcl|CP059658.1_cds_QRW15527.1_10 [locus_tag=RhiXN_03528] [protein=hypothetical protein] [protein_id=QRW15527.1] [location=join(53413..53569,53623..53990,54041..55084)] [gbkey=CDS]",0.5374280230326296
"lcl|CP059658.1_cds_QRW15528.1_11 [locus_tag=RhiXN_03529] [protein=DDE superfamily endonuclease] [protein_id=QRW15528.1] [location=complement(join(55644..55777,55839..56160))] [gbkey=CDS]",0.49333333333333335
"lcl|CP059658.1_cds_QRW15529.1_12 [locus_tag=RhiXN_03530] [protein=hypothetical protein] [protein_id=QRW15529.1] [location=join(57440..57694,58243..58626)] [gbkey=CDS]",0.5118483412322274
"lcl|CP059658.1_cds_QRW15530.1_13 [locus_tag=RhiXN_03531] [protein=Dyp-type peroxidase family] [protein_id=QRW15530.1] [location=complement(join(64412..64623,64673..64780,64834..65052,65115..65324,65370..65452,65505..65524,65576..66015,66065..66121,66182..66215))] [gbkey=CDS]",0.5112563543936093
"lcl|CP059658.1_cds_QRW15531.1_14 [locus_tag=RhiXN_03532] [protein=hypothetical protein] [protein_id=QRW15531.1] [location=complement(join(70444..71045,71107..71788))] [gbkey=CDS]",0.5226917057902973
"lcl|CP059658.1_cds_QRW15532.1_15 [locus_tag=RhiXN_03533] [protein=Retrovirus-related Pol polyprotein from transposon] [protein_id=QRW15532.1] [location=complement(join(71992..75680,75741..76139,76197..76455,76515..80335,80396..80457,81670..81725))] [gbkey=CDS]",0.43067632850241544
"lcl|CP059658.1_cds_QRW15533.1_16 [locus_tag=RhiXN_03534] [protein=hypothetical protein] [protein_id=QRW15533.1] [location=complement(join(91837..92017,92072..92133))] [gbkey=CDS]",0.4978902953586498
"lcl|CP059658.1_cds_QRW15534.1_17 [locus_tag=RhiXN_03535] [protein=RNA-directed DNA polymerase from transposon BS] [protein_id=QRW15534.1] [location=complement(join(92791..93597,93652..93786,94666..94934,94998..95081,95134..95464,95753..95782))] [gbkey=CDS]",0.5424242424242425
lcl|CP059658.1_cds_QRW15535.1_18 [locus_tag=RhiXN_03536] [protein=Retrotransposon-derived protein PEG10] [protein_id=QRW15535.1] [location=98656..100050] [gbkey=CDS],0.5557955363570914
"lcl|CP059658.1_cds_QRW15536.1_19 [locus_tag=RhiXN_03537] [protein=Retrotransposon gag protein] [protein_id=QRW15536.1] [location=join(101072..102152,102218..102423)] [gbkey=CDS]",0.5761124121779859
"lcl|CP059658.1_cds_QRW15537.1_20 [locus_tag=RhiXN_03538] [protein=Retrotransposable element Tf2 protein] [protein_id=QRW15537.1] [location=join(102663..104725,104767..105853)] [gbkey=CDS]",0.4910941475826972
lcl|CP059658.1_cds_QRW15538.1_21 [locus_tag=RhiXN_03539] [protein=Retrotransposable element Tf2 protein] [protein_id=QRW15538.1] [location=106656..107393] [gbkey=CDS],0.49043715846994534
lcl|CP059658.1_cds_QRW15539.1_22 [locus_tag=RhiXN_03540] [protein=Retrotransposable element Tf2 protein] [protein_id=QRW15539.1] [location=107418..108350] [gbkey=CDS],0.46817691477885653
lcl|CP059658.1_cds_QRW15540.1_23 [locus_tag=RhiXN_03541] [protein=Retrotransposable element Tf2 protein] [protein_id=QRW15540.1] [location=108387..109916] [gbkey=CDS],0.49081364829396323
"lcl|CP059658.1_cds_QRW15541.1_24 [locus_tag=RhiXN_03542] [protein=Retrotransposable element Tf2 protein] [protein_id=QRW15541.1] [location=complement(join(111666..112799,113352..113981))] [gbkey=CDS]",0.4459613196814562
lcl|CP059658.1_cds_QRW15542.1_25 [locus_tag=RhiXN_03543] [protein=Retrotransposon-derived protein PEG10] [protein_id=QRW15542.1] [location=complement(114230..115414)] [gbkey=CDS],0.5131467345207803
"lcl|CP059658.1_cds_QRW15543.1_26 [locus_tag=RhiXN_03544] [protein=Retrotransposable element Tf2 protein] [protein_id=QRW15543.1] [location=complement(join(116305..117963,118010..119323))] [gbkey=CDS]",0.4775867880013482
"lcl|CP059658.1_cds_QRW15544.1_27 [locus_tag=RhiXN_03545] [protein=hypothetical protein] [protein_id=QRW15544.1] [location=join(120181..120372,120428..120714,120766..121123,121177..121410)] [gbkey=CDS]",0.5211267605633803
"lcl|CP059658.1_cds_QRW15545.1_28 [locus_tag=RhiXN_03546] [protein=Retrotransposable element Tf2 protein] [protein_id=QRW15545.1] [location=complement(join(121947..123025,123065..125318))] [gbkey=CDS]",0.4803125939284641
lcl|CP059658.1_cds_QRW15546.1_29 [locus_tag=RhiXN_03547] [protein=Retrotransposon-derived protein PEG10] [protein_id=QRW15546.1] [location=complement(125354..126550)] [gbkey=CDS],0.5566750629722922
"lcl|CP059658.1_cds_QRW15547.1_30 [locus_tag=RhiXN_03548] [protein=Vegetative incompatibility protein HET-E-1] [protein_id=QRW15547.1] [location=complement(join(128339..128691,129419..129791,129989..130612))] [gbkey=CDS]",0.4568452380952381
lcl|CP059658.1_cds_QRW15548.1_31 [locus_tag=RhiXN_03549] [protein=Transposon Ty3-G Gag-Pol polyprotein] [protein_id=QRW15548.1] [location=complement(132925..133368)] [gbkey=CDS],0.4406392694063927
"lcl|CP059658.1_cds_QRW15549.1_32 [locus_tag=RhiXN_03550] [protein=Retrotransposon gag protein] [protein_id=QRW15549.1] [location=complement(join(133404..133725,133783..134072,134147..134277,134340..134741,136435..137254))] [gbkey=CDS]",0.5533435426237876
"lcl|CP059658.1_cds_QRW15550.1_33 [locus_tag=RhiXN_03551] [protein=reticuline oxidase] [protein_id=QRW15550.1] [location=join(138885..138900,139067..139105,139164..139324,139378..139572,139623..139699,139749..139807,139869..140026,140079..140167,140216..140337,140389..140460,140583..141048,141095..141192,141256..141511,141573..141858)] [gbkey=CDS]",0.5004789272030651
"lcl|CP059658.1_cds_QRW15551.1_34 [locus_tag=RhiXN_03552] [protein=hypothetical protein] [protein_id=QRW15551.1] [location=join(142837..143026,143079..143233,143287..143435,143492..143621)] [gbkey=CDS]",0.5080906148867314
"lcl|CP059658.1_cds_QRW15552.1_35 [locus_tag=RhiXN_03553] [protein=replicase polyprotein 1ab] [protein_id=QRW15552.1] [location=complement(join(144136..144217,144271..144419,144476..144630,144681..144861))] [gbkey=CDS]",0.5098039215686274
"lcl|CP059658.1_cds_QRW15553.1_36 [locus_tag=RhiXN_03554] [protein=transmembrane protein] [protein_id=QRW15553.1] [location=join(147441..147449,147507..147595,147646..147682,147733..147821,147874..147976,148030..148626)] [gbkey=CDS]",0.45860566448801743
"lcl|CP059658.1_cds_QRW15554.1_37 [locus_tag=RhiXN_03555] [protein=replicase polyprotein 1ab] [protein_id=QRW15554.1] [location=complement(join(150695..150773,150828..150976,151033..151187,151242..151347))] [gbkey=CDS]",0.4720496894409938
"lcl|CP059658.1_cds_QRW15555.1_38 [locus_tag=RhiXN_03556] [protein=S1/P1 nuclease] [protein_id=QRW15555.1] [location=join(153407..153473,153528..153690,153743..153886,153936..154033,154086..154115,154166..154367,154415..154589,154643..154807)] [gbkey=CDS]",0.4595375722543353
"lcl|CP059658.1_cds_QRW15556.1_39 [locus_tag=RhiXN_03557] [protein=phospholipase] [protein_id=QRW15556.1] [location=join(156237..156291,156352..156369,156425..156536,156632..157355,157410..157423,157471..157532,157587..157769,157818..157872,157922..158021,158071..158164,158213..158267,158317..158642,158705..158744,158796..158829,158889..158918,158997..159055,159133..159180,159229..159475,159527..159703)] [gbkey=CDS]",0.4903172641120725
"lcl|CP059658.1_cds_QRW15557.1_40 [locus_tag=RhiXN_03558] [protein=hypothetical protein] [protein_id=QRW15557.1] [location=complement(join(162419..162488,162544..162695,162754..163197,163252..163341,163400..163473,163565..163865))] [gbkey=CDS]",0.4817777777777778
"lcl|CP059658.1_cds_QRW15558.1_41 [locus_tag=RhiXN_03559] [protein=GMC oxidoreductase] [protein_id=QRW15558.1] [location=join(163964..164139,164174..164273,164351..164414,164465..164521,164578..164682,164739..164854)] [gbkey=CDS]",0.4934640522875817
"lcl|CP059658.1_cds_QRW15559.1_42 [locus_tag=RhiXN_03560] [protein=transmembrane protein, putative] [protein_id=QRW15559.1] [location=complement(join(165680..165785,165854..166002,166074..166234,166313..166538))] [gbkey=CDS]",0.5078616352201258
"lcl|CP059658.1_cds_QRW15560.1_43 [locus_tag=RhiXN_03561] [protein=hypothetical protein] [protein_id=QRW15560.1] [location=complement(join(167333..167468,167562..167671,167722..167793,167850..167878,167931..168117))] [gbkey=CDS]",0.5170454545454546
"lcl|CP059658.1_cds_QRW15561.1_44 [locus_tag=RhiXN_03562] [protein=hypothetical protein] [protein_id=QRW15561.1] [location=complement(join(168825..168936,168990..169138,169193..169350,169405..169597))] [gbkey=CDS]",0.5181518151815182
"lcl|CP059658.1_cds_QRW15562.1_45 [locus_tag=RhiXN_03563] [protein=hypothetical protein] [protein_id=QRW15562.1] [location=complement(join(170457..170547,170614..170762,170816..170973,171031..171211))] [gbkey=CDS]",0.5008726003490401
"lcl|CP059658.1_cds_QRW15563.1_46 [locus_tag=RhiXN_03564] [protein=cytochrome P450 family protein] [protein_id=QRW15563.1] [location=complement(join(172114..172191,172246..172345,172409..172837,172897..173353,173413..173598,173656..173767,173826..173884,173941..174097,174155..174217))] [gbkey=CDS]",0.5155963302752293
"lcl|CP059658.1_cds_QRW15564.1_47 [locus_tag=RhiXN_03565] [protein=response regulator receiver] [protein_id=QRW15564.1] [location=complement(join(177804..178841,178899..179023,179073..179596,179718..179879,179951..180477,180573..180839,180915..181613,181685..181818,181875..181922,181984..182038,183052..183548,183584..184506,184566..184797,184860..184944,184992..185107,185161..185558,185609..185637,185686..185690,185742..185761,185824..185954,186006..186020,186150..186245))] [gbkey=CDS]",0.5166666666666667
"lcl|CP059658.1_cds_QRW15565.1_48 [locus_tag=RhiXN_03566] [protein=hypothetical protein] [protein_id=QRW15565.1] [location=join(188627..188816,188867..189024,189071..189219,189274..189361)] [gbkey=CDS]",0.5094991364421416
"lcl|CP059658.1_cds_QRW15566.1_49 [locus_tag=RhiXN_03567] [protein=Metallopeptidase family M24] [protein_id=QRW15566.1] [location=join(191096..191113,191180..191237,191297..191390,191442..191515,191569..191589,191643..191662,191724..191851,191983..192124,192180..192197,192262..192365,192426..192480)] [gbkey=CDS]",0.48622589531680444
"lcl|CP059658.1_cds_QRW15567.1_50 [locus_tag=RhiXN_03568] [protein=hypothetical protein] [protein_id=QRW15567.1] [location=join(193628..193811,193866..194026,194091..194201,194261..194371)] [gbkey=CDS]",0.49554367201426025
"lcl|CP059658.1_cds_QRW15568.1_51 [locus_tag=RhiXN_03569] [protein=hypothetical protein] [protein_id=QRW15568.1] [location=join(195537..195720,195779..195936,195989..196137,196196..196283)] [gbkey=CDS]",0.5008726003490401
"lcl|CP059658.1_cds_QRW15569.1_52 [locus_tag=RhiXN_03570] [protein=hypothetical protein] [protein_id=QRW15569.1] [location=join(198604..198672,198925..199050,199119..199478)] [gbkey=CDS]",0.5209471766848816
"lcl|CP059658.1_cds_QRW15570.1_53 [locus_tag=RhiXN_03571] [protein=kinase domain protein] [protein_id=QRW15570.1] [location=complement(join(201919..202273,202330..202367,202425..202715,202765..202962))] [gbkey=CDS]",0.478310502283105
"lcl|CP059658.1_cds_QRW15571.1_54 [locus_tag=RhiXN_03572] [protein=hypothetical protein] [protein_id=QRW15571.1] [location=join(203498..203700,203770..203926,203986..204075,204133..204190,204253..204297,204358..204498,204562..204606,204660..204723,204777..204885)] [gbkey=CDS]",0.49337748344370863
lcl|CP059658.1_cds_QRW15572.1_55 [locus_tag=RhiXN_03573] [protein=Retrotransposon gag protein] [protein_id=QRW15572.1] [location=209789..211159] [gbkey=CDS],0.45274725274725275
lcl|CP059658.1_cds_QRW15573.1_56 [locus_tag=RhiXN_03574] [protein=Retrotransposable element Tf2 protein] [protein_id=QRW15573.1] [location=complement(213365..216736)] [gbkey=CDS],0.4800950683303625
lcl|CP059658.1_cds_QRW15574.1_57 [locus_tag=RhiXN_03575] [protein=Retrotransposon-derived protein PEG10] [protein_id=QRW15574.1] [location=complement(216772..217968)] [gbkey=CDS],0.5692695214105793
"lcl|CP059658.1_cds_QRW15575.1_58 [locus_tag=RhiXN_03576] [protein=Retrotransposable element Tf2 protein] [protein_id=QRW15575.1] [location=join(219061..220290,220326..221447)] [gbkey=CDS]",0.4121909633418585
"lcl|CP059658.1_cds_QRW15576.1_59 [locus_tag=RhiXN_03577] [protein=Retrotransposable element Tf2 protein] [protein_id=QRW15576.1] [location=join(223690..224089,224138..224664,224701..224835,224889..225437)] [gbkey=CDS]",0.5003115264797507
lcl|CP059658.1_cds_QRW15577.1_60 [locus_tag=RhiXN_03578] [protein=Retrotransposable element Tf2 protein] [protein_id=QRW15577.1] [location=225501..228089] [gbkey=CDS],0.45605884630274873
"lcl|CP059658.1_cds_QRW15578.1_61 [locus_tag=RhiXN_03579] [protein=Retrotransposon-derived protein PEG10] [protein_id=QRW15578.1] [location=join(229129..229422,230265..230281,230346..231696)] [gbkey=CDS]",0.5440821256038647
"lcl|CP059658.1_cds_QRW15579.1_62 [locus_tag=RhiXN_03580] [protein=Retrotransposable element Tf2 protein] [protein_id=QRW15579.1] [location=join(231819..233437,233471..234830,234884..235048,235099..235107)] [gbkey=CDS]",0.46933587543692407
"lcl|CP059658.1_cds_QRW15580.1_63 [locus_tag=RhiXN_03581] [protein=Retrotransposable element Tf2 protein] [protein_id=QRW15580.1] [location=complement(join(235975..237096,237142..239010))] [gbkey=CDS]",0.4184254606365159
"lcl|CP059658.1_cds_QRW15581.1_64 [locus_tag=RhiXN_03582] [protein=Retrotransposon gag protein] [protein_id=QRW15581.1] [location=complement(join(239414..239758,239794..240228,240294..240824))] [gbkey=CDS]",0.4528735632183908
"lcl|CP059658.1_cds_QRW15582.1_65 [locus_tag=RhiXN_03583] [protein=Retrotransposable element Tf2 protein] [protein_id=QRW15582.1] [location=join(240867..240920,242461..243401,243476..244367)] [gbkey=CDS]",0.5225943646996278
"lcl|CP059658.1_cds_QRW15583.1_66 [locus_tag=RhiXN_03584] [protein=Retrotransposable element Tf2 protein] [protein_id=QRW15583.1] [location=join(244425..245114,245142..246697,246763..246835)] [gbkey=CDS]",0.48811067877215736
lcl|CP059658.1_cds_QRW15584.1_67 [locus_tag=RhiXN_03585] [protein=Transposon Ty3-G Gag-Pol polyprotein] [protein_id=QRW15584.1] [location=complement(256379..257065)] [gbkey=CDS],0.447870778267254
"lcl|CP059658.1_cds_QRW15585.1_68 [locus_tag=RhiXN_03586] [protein=Retrotransposable element Tf2 protein] [protein_id=QRW15585.1] [location=join(259113..259365,259396..259497,259552..260159)] [gbkey=CDS]",0.43051201671891326
lcl|CP059658.1_cds_QRW15586.1_69 [locus_tag=RhiXN_03587] [protein=Transposon Tf2-7 polyprotein] [protein_id=QRW15586.1] [location=260805..261281] [gbkey=CDS],0.4182590233545648
"lcl|CP059658.1_cds_QRW15587.1_70 [locus_tag=RhiXN_03588] [protein=kinase domain protein] [protein_id=QRW15587.1] [location=complement(join(265667..265763,267360..267490,267544..267859,267909..267946,268006..268296,268347..268550))] [gbkey=CDS]",0.48552754435107376
"lcl|CP059658.1_cds_QRW15588.1_71 [locus_tag=RhiXN_03589] [protein=hypothetical protein] [protein_id=QRW15588.1] [location=join(269090..269292,269368..269524,269582..269756,269856..269900,269957..270097,270166..270210,270267..270330,270386..270494)] [gbkey=CDS]",0.5133976420150054
"lcl|CP059658.1_cds_QRW15589.1_72 [locus_tag=RhiXN_03590] [protein=hypothetical protein] [protein_id=QRW15589.1] [location=join(275114..275196,275240..275260,275307..275418)] [gbkey=CDS]",0.47619047619047616
lcl|CP059658.1_cds_QRW15590.1_73 [locus_tag=RhiXN_03591] [protein=Copia-like polyprotein/retrotransposon] [protein_id=QRW15590.1] [location=complement(285002..285622)] [gbkey=CDS],0.43577235772357725
lcl|CP059658.1_cds_QRW15591.1_74 [locus_tag=RhiXN_03592] [protein=Retrovirus-related Pol polyprotein from transposon TNT 1-94] [protein_id=QRW15591.1] [location=complement(286403..287473)] [gbkey=CDS],0.49295774647887325
"lcl|CP059658.1_cds_QRW15592.1_75 [locus_tag=RhiXN_03593] [protein=Retrotransposable element Tf2 protein] [protein_id=QRW15592.1] [location=join(291802..292731,292851..293108,293165..293845)] [gbkey=CDS]",0.40365002683843265
lcl|CP059658.1_cds_QRW15593.1_76 [locus_tag=RhiXN_03594] [protein=Retrovirus-related Pol polyprotein from transposon] [protein_id=QRW15593.1] [location=300125..308527] [gbkey=CDS],0.4294390853876384
"lcl|CP059658.1_cds_QRW15594.1_77 [locus_tag=RhiXN_03595] [protein=hypothetical protein] [protein_id=QRW15594.1] [location=join(308731..309412,309474..310075)] [gbkey=CDS]",0.5258215962441315
"lcl|CP059658.1_cds_QRW15595.1_78 [locus_tag=RhiXN_03596] [protein=Retrovirus-related Pol polyprotein from transposon TNT 1-94] [protein_id=QRW15595.1] [location=complement(join(313476..314635,314684..315137))] [gbkey=CDS]",0.44092039800995025
"lcl|CP059658.1_cds_QRW15596.1_79 [locus_tag=RhiXN_03597] [protein=LON domain serine protease] [protein_id=QRW15596.1] [location=complement(join(318703..318850,318907..319019))] [gbkey=CDS]",0.47058823529411764
"lcl|CP059658.1_cds_QRW15597.1_80 [locus_tag=RhiXN_03598] [protein=Retrotransposon gag protein] [protein_id=QRW15597.1] [location=join(324664..324849,324910..325114,325165..326021)] [gbkey=CDS]",0.5901771336553945
lcl|CP059658.1_cds_QRW15598.1_81 [locus_tag=RhiXN_03599] [protein=Retrotransposable element Tf2 protein] [protein_id=QRW15598.1] [location=326099..329449] [gbkey=CDS],0.5031390134529148
"lcl|CP059658.1_cds_QRW15599.1_82 [locus_tag=RhiXN_03600] [protein=kinase domain protein] [protein_id=QRW15599.1] [location=complement(join(335367..335681,335737..335940))] [gbkey=CDS]",0.47368421052631576
"lcl|CP059658.1_cds_QRW15600.1_83 [locus_tag=RhiXN_03601] [protein=hypothetical protein] [protein_id=QRW15600.1] [location=join(336440..336642,336729..336885,336944..337033,337098..337263,337326..337466,337535..337579,337635..337698,337754..337862)] [gbkey=CDS]",0.5128998968008256
"lcl|CP059658.1_cds_QRW15601.1_84 [locus_tag=RhiXN_03602] [protein=intradiol ring-cleavage dioxygenase] [protein_id=QRW15601.1] [location=complement(join(341107..341177,341229..341278,341337..341580,341633..341757,341784..341941,341994..342173,342223..342573,342613..342755,342816..342879))] [gbkey=CDS]",0.5152173913043478
"lcl|CP059658.1_cds_QRW15602.1_85 [locus_tag=RhiXN_03603] [protein=beta-1,4-D-glucan cellobiohydrolase] [protein_id=QRW15602.1] [location=join(344454..345293,345359..346156,346205..346249,346303..346392)] [gbkey=CDS]",0.5257498585172609
"lcl|CP059658.1_cds_QRW15603.1_86 [locus_tag=RhiXN_03604] [protein=hypothetical protein] [protein_id=QRW15603.1] [location=join(348473..348793,348848..348996,349053..349134)] [gbkey=CDS]",0.4542124542124542
"lcl|CP059658.1_cds_QRW15604.1_87 [locus_tag=RhiXN_03605] [protein=transmembrane protein] [protein_id=QRW15604.1] [location=complement(join(350627..350705,350752..350900,350958..351115,351179..351362))] [gbkey=CDS]",0.48404255319148937
"lcl|CP059658.1_cds_QRW15605.1_88 [locus_tag=RhiXN_03606] [protein=aconitate hydratase] [protein_id=QRW15605.1] [location=complement(join(352944..353153,353252..353383))] [gbkey=CDS]",0.6101190476190477
"lcl|CP059658.1_cds_QRW15606.1_89 [locus_tag=RhiXN_03607] [protein=Reverse transcriptase] [protein_id=QRW15606.1] [location=complement(join(355186..357252,357322..357585,357640..357696))] [gbkey=CDS]",0.45046179680940385
lcl|CP059658.1_cds_QRW15607.1_90 [locus_tag=RhiXN_03608] [protein=integrase core domain protein] [protein_id=QRW15607.1] [location=complement(357810..358865)] [gbkey=CDS],0.4180952380952381
lcl|CP059658.1_cds_QRW15608.1_91 [locus_tag=RhiXN_03609] [protein=Copia-like polyprotein/retrotransposon] [protein_id=QRW15608.1] [location=complement(359556..360746)] [gbkey=CDS],0.45907172995780593
"lcl|CP059658.1_cds_QRW15609.1_92 [locus_tag=RhiXN_03610] [protein=nitrosoguanidine resistance protein SNG1] [protein_id=QRW15609.1] [location=complement(join(361281..361479,361533..361906,361958..362223,362283..362444,362494..362596,362660..362774,362830..362935,362989..363325))] [gbkey=CDS]",0.4975845410628019
"lcl|CP059658.1_cds_QRW15610.1_93 [locus_tag=RhiXN_03611] [protein=JmjC domain, hydroxylase] [protein_id=QRW15610.1] [location=join(365569..365716,365762..366724,367637..368797,368865..369044,369098..369358,369409..369495,369546..369811,369862..369970,370021..370895,370950..371100,371151..371173,371223..371564,371615..371872)] [gbkey=CDS]",0.5325861353258613
"lcl|CP059658.1_cds_QRW15611.1_94 [locus_tag=RhiXN_03612] [protein=nitrosoguanidine resistance protein SNG1] [protein_id=QRW15611.1] [location=join(373464..373485,373547..373759,373824..373914,373964..374078,374169..374238,374292..374449,374504..374646,374704..374770,374826..375199,375256..375454)] [gbkey=CDS]",0.5172890733056709
"lcl|CP059658.1_cds_QRW15612.1_95 [locus_tag=RhiXN_03613] [protein=hypothetical protein] [protein_id=QRW15612.1] [location=join(375666..375741,375816..375972,376025..376062,376118..376362)] [gbkey=CDS]",0.5058823529411764
"lcl|CP059658.1_cds_QRW15613.1_96 [locus_tag=RhiXN_03614] [protein=hypothetical protein] [protein_id=QRW15613.1] [location=complement(join(378699..378810,378866..378929,378985..379029,379087..379221,379417..379570,379621..379777,379836..380038))] [gbkey=CDS]",0.5
"lcl|CP059658.1_cds_QRW15614.1_97 [locus_tag=RhiXN_03615] [protein=kinase domain protein] [protein_id=QRW15614.1] [location=join(380561..380764,380825..381115,381166..381203,381257..381572,381628..381891)] [gbkey=CDS]",0.47335140018066846
lcl|CP059658.1_cds_QRW15615.1_98 [locus_tag=RhiXN_03616] [protein=Retrotransposable element Tf2 protein] [protein_id=QRW15615.1] [location=complement(388200..391235)] [gbkey=CDS],0.4066006600660066
"lcl|CP059658.1_cds_QRW15616.1_99 [locus_tag=RhiXN_03617] [protein=Zinc finger, CCHC-type] [protein_id=QRW15616.1] [location=complement(join(391640..392421,392582..393041))] [gbkey=CDS]",0.4627831715210356
"lcl|CP059658.1_cds_QRW15617.1_100 [locus_tag=RhiXN_03618] [protein=Retrotransposon-derived protein PEG10] [protein_id=QRW15617.1] [location=join(398842..399007,399578..400545)] [gbkey=CDS]",0.5336879432624113
"lcl|CP059658.1_cds_QRW15618.1_101 [locus_tag=RhiXN_03619] [protein=Retrotransposable element Tf2 protein] [protein_id=QRW15618.1] [location=complement(join(401081..404470,404524..405397,405427..405674))] [gbkey=CDS]",0.5075454948956947
"lcl|CP059658.1_cds_QRW15619.1_102 [locus_tag=RhiXN_03620] [protein=Retrotransposable element Tf2 protein] [protein_id=QRW15619.1] [location=join(406985..407150,407232..407425,407475..409028)] [gbkey=CDS]",0.4460167714884696
"lcl|CP059658.1_cds_QRW15620.1_103 [locus_tag=RhiXN_03621] [protein=pectate lyase] [protein_id=QRW15620.1] [location=complement(join(412402..412488,412543..412606,412661..412773,412830..412911,412968..412989,413054..413094,413151..413165,413218..413281,413341..413354,413424..413432,413489..413544,413603..413635,413703..413717,413780..413909,413962..414056,414110..414205,414275..414338,414392..414540))] [gbkey=CDS]",0.5153105861767279
"lcl|CP059658.1_cds_QRW15621.1_104 [locus_tag=RhiXN_03622] [protein=hypothetical protein] [protein_id=QRW15621.1] [location=complement(join(417635..418710,418851..418950))] [gbkey=CDS]",0.4905982905982906
"lcl|CP059658.1_cds_QRW15622.1_105 [locus_tag=RhiXN_03623] [protein=Retrovirus-related Pol polyprotein from transposon TNT 1-94] [protein_id=QRW15622.1] [location=join(420798..421234,421279..421507)] [gbkey=CDS]",0.45151515151515154
lcl|CP059658.1_cds_QRW15623.1_106 [locus_tag=RhiXN_03624] [protein=Retrovirus-related Pol polyprotein from transposon TNT 1-94] [protein_id=QRW15623.1] [location=421899..422372] [gbkey=CDS],0.4166666666666667
"lcl|CP059658.1_cds_QRW15624.1_107 [locus_tag=RhiXN_03625] [protein=Gag-Pol polyprotein/retrotransposon] [protein_id=QRW15624.1] [location=join(423985..424104,424151..424185,424274..425711)] [gbkey=CDS]",0.46250787649653435
"lcl|CP059658.1_cds_QRW15625.1_108 [locus_tag=RhiXN_03626] [protein=kinase domain protein] [protein_id=QRW15625.1] [location=complement(join(428863..429126,429183..429498,429550..429587,429638..429934,429987..430325))] [gbkey=CDS]",0.46955128205128205
"lcl|CP059658.1_cds_QRW15626.1_109 [locus_tag=RhiXN_03627] [protein=TPR-2 domain protein] [protein_id=QRW15626.1] [location=join(430831..431054,431110..431275,431322..431405,431466..431535,431594..431655)] [gbkey=CDS]",0.49
"lcl|CP059658.1_cds_QRW15627.1_110 [locus_tag=RhiXN_03628] [protein=kinase domain protein] [protein_id=QRW15627.1] [location=complement(join(433371..433740,433793..433830,433881..434177,434234..434449))] [gbkey=CDS]",0.46885245901639344
"lcl|CP059658.1_cds_QRW15628.1_111 [locus_tag=RhiXN_03629] [protein=TPR-2 domain protein] [protein_id=QRW15628.1] [location=join(435150..435304,435354..435519,435581..435661,435710..435776,435836..435886,435944..436134)] [gbkey=CDS]",0.45673758865248226
"lcl|CP059658.1_cds_QRW15629.1_112 [locus_tag=RhiXN_03630] [protein=Retrotransposable element Tf2 protein] [protein_id=QRW15629.1] [location=complement(join(441131..441922,442592..442729))] [gbkey=CDS]",0.46645021645021645
lcl|CP059658.1_cds_QRW15630.1_113 [locus_tag=RhiXN_03631] [protein=Retrotransposable element Tf2 protein] [protein_id=QRW15630.1] [location=complement(444041..444433)] [gbkey=CDS],0.4702842377260982
"lcl|CP059658.1_cds_QRW15631.1_114 [locus_tag=RhiXN_03632] [protein=Retrotransposable element Tf2 protein] [protein_id=QRW15631.1] [location=complement(join(445424..446079,446160..447294,447326..448184,448238..448500))] [gbkey=CDS]",0.4041967664258686
"lcl|CP059658.1_cds_QRW15632.1_115 [locus_tag=RhiXN_03633] [protein=Retrotransposon gag protein] [protein_id=QRW15632.1] [location=complement(join(448862..450121,450175..450393))] [gbkey=CDS]",0.4697895451459606
lcl|CP059658.1_cds_QRW15633.1_116 [locus_tag=RhiXN_03634] [protein=Retrotransposable element Tf2 protein] [protein_id=QRW15633.1] [location=454584..455042] [gbkey=CDS],0.4105960264900662
"lcl|CP059658.1_cds_QRW15634.1_117 [locus_tag=RhiXN_03635] [protein=kinase domain protein] [protein_id=QRW15634.1] [location=complement(join(463038..463040,463239..463364,463418..463733,463786..463823,463876..464166,464222..464428))] [gbkey=CDS]",0.48615384615384616
"lcl|CP059658.1_cds_QRW15635.1_118 [locus_tag=RhiXN_03636] [protein=hypothetical protein] [protein_id=QRW15635.1] [location=join(464949..465151,465222..465378,465428..465508,465558..465612,465684..465716,465774..465911,465962..466006,466057..466120,466172..466262)] [gbkey=CDS]",0.4901277584204414
"lcl|CP059658.1_cds_QRW15636.1_119 [locus_tag=RhiXN_03637] [protein=TPR-1 domain protein] [protein_id=QRW15636.1] [location=complement(join(471277..472147,472215..472737,472791..473171,473226..473265))] [gbkey=CDS]",0.5207296849087893
"lcl|CP059658.1_cds_QRW15637.1_120 [locus_tag=RhiXN_03638] [protein=hypothetical protein] [protein_id=QRW15637.1] [location=join(474336..474456,474516..474551,474614..474681,475035..475150,475200..475225,475274..475374)] [gbkey=CDS]",0.47619047619047616
"lcl|CP059658.1_cds_QRW15638.1_121 [locus_tag=RhiXN_03639] [protein=hypothetical protein] [protein_id=QRW15638.1] [location=join(478607..478769,478821..478847,478902..479063,479115..479178,479227..479281,479331..479449,479500..479525,479587..479653,479702..479816,479869..479955,480000..480123,480186..480358,480413..480904)] [gbkey=CDS]",0.4982014388489209
"lcl|CP059658.1_cds_QRW15639.1_122 [locus_tag=RhiXN_03640] [protein=hypothetical protein] [protein_id=QRW15639.1] [location=join(482053..482111,482167..482221,482275..482387,482452..482477,482532..482592,482655..482721,482804..482905,482962..483291,483341..483470,483527..483624)] [gbkey=CDS]",0.4801932367149758
"lcl|CP059658.1_cds_QRW15640.1_123 [locus_tag=RhiXN_03641] [protein=hypothetical protein] [protein_id=QRW15640.1] [location=join(484409..484526,484604..484630,484694..484834,484885..484948,485001..485055,485106..485239,485293..485318,485379..485442,485506..485614,485669..485752,485807..486127,486185..486251,487803..488443)] [gbkey=CDS]",0.46287262872628726
"lcl|CP059658.1_cds_QRW15641.1_124 [locus_tag=RhiXN_03642] [protein=intradiol ring-cleavage dioxygenase] [protein_id=QRW15641.1] [location=complement(join(489418..489482,489535..489828,489889..489963,490016..490112,490172..490351,490411..490943,490994..491057))] [gbkey=CDS]",0.521505376344086
"lcl|CP059658.1_cds_QRW15642.1_125 [locus_tag=RhiXN_03643] [protein=co-chaperone] [protein_id=QRW15642.1] [location=complement(join(493405..493684,493746..494432,494491..494684,494735..495139))] [gbkey=CDS]",0.5608974358974359
"lcl|CP059658.1_cds_QRW15643.1_126 [locus_tag=RhiXN_03644] [protein=methionine-R-sulfoxide reductase] [protein_id=QRW15643.1] [location=join(495368..495470,495526..495642,495696..496024)] [gbkey=CDS]",0.5340699815837937
"lcl|CP059658.1_cds_QRW15644.1_127 [locus_tag=RhiXN_03645] [protein=5'-methylthioadenosine phosphorylase] [protein_id=QRW15644.1] [location=complement(join(496283..496456,496542..496656,496719..496741,496825..496953,496999..497158,497214..497333,497388..497445,497508..497523))] [gbkey=CDS]",0.523447401774398
"lcl|CP059658.1_cds_QRW15645.1_128 [locus_tag=RhiXN_03646] [protein=Multicopper oxidase] [protein_id=QRW15645.1] [location=join(498960..498980,499020..499165,499223..499400,499456..499613,499665..499779,499832..499848,499928..500044,500093..500181,500236..500326,500370..500424,500475..500582,500638..500695,500774..500967,501019..501135)] [gbkey=CDS]",0.5699588477366255
"lcl|CP059658.1_cds_QRW15646.1_129 [locus_tag=RhiXN_03647] [protein=Retrotransposable element Tf2 protein] [protein_id=QRW15646.1] [location=complement(join(502631..502792,502840..503013,503063..503125))] [gbkey=CDS]",0.48091603053435117
"lcl|CP059658.1_cds_QRW15647.1_130 [locus_tag=RhiXN_03648] [protein=Retrotransposable element Tf2 protein] [protein_id=QRW15647.1] [location=complement(join(503160..504196,504242..504644,504703..506028))] [gbkey=CDS]",0.4822463768115942
"lcl|CP059658.1_cds_QRW15648.1_131 [locus_tag=RhiXN_03649] [protein=Retrotransposon gag protein] [protein_id=QRW15648.1] [location=complement(join(506064..506745,506785..507414,508387..508520))] [gbkey=CDS]",0.5451388888888888
lcl|CP059658.1_cds_QRW15649.1_132 [locus_tag=RhiXN_03650] [protein=Retrotransposable element Tf2 protein] [protein_id=QRW15649.1] [location=511221..512339] [gbkey=CDS],0.564240790655885
lcl|CP059658.1_cds_QRW15650.1_133 [locus_tag=RhiXN_03651] [protein=hypothetical protein] [protein_id=QRW15650.1] [location=512579..513136] [gbkey=CDS],0.5108695652173914
"lcl|CP059658.1_cds_QRW15651.1_134 [locus_tag=RhiXN_03652] [protein=Retrotransposable element Tf2 protein] [protein_id=QRW15651.1] [location=join(513282..515598,515671..515948)] [gbkey=CDS]",0.49130938586326767
"lcl|CP059658.1_cds_QRW15652.1_135 [locus_tag=RhiXN_03653] [protein=hypothetical protein] [protein_id=QRW15652.1] [location=join(518791..519271,519860..522702,522754..523232,523284..523326)] [gbkey=CDS]",0.5796875
"lcl|CP059658.1_cds_QRW15653.1_136 [locus_tag=RhiXN_03654] [protein=DNA-directed RNA polymerase II subunit RPB7] [protein_id=QRW15653.1] [location=join(523593..523604,523662..523817,523870..523983,524044..524094,524156..524221,524304..524369,524439..524486)] [gbkey=CDS]",0.5285996055226825
"lcl|CP059658.1_cds_QRW15654.1_137 [locus_tag=RhiXN_03655] [protein=hypothetical protein] [protein_id=QRW15654.1] [location=complement(join(524938..525304,525352..525532,525579..525633,525682..526097,526140..527223))] [gbkey=CDS]",0.6552217453505007
"lcl|CP059658.1_cds_QRW15655.1_138 [locus_tag=RhiXN_03656] [protein=hypothetical protein] [protein_id=QRW15655.1] [location=join(532114..532145,532198..532378,532516..532767)] [gbkey=CDS]",0.5664488017429193
"lcl|CP059658.1_cds_QRW15656.1_139 [locus_tag=RhiXN_03657] [protein=hypothetical protein] [protein_id=QRW15656.1] [location=complement(join(532867..533416,533467..533600,533650..533691,533743..533819,533870..533896,533976..534079,534491..535576,535628..535710,535777..536295))] [gbkey=CDS]",0.4969418960244648
"lcl|CP059658.1_cds_QRW15657.1_140 [locus_tag=RhiXN_03658] [protein=cellobiose dehydrogenase] [protein_id=QRW15657.1] [location=complement(join(536691..536746,536802..536906,536969..536981,537042..537120,537178..537226,537293..537335,537392..537542,537590..537704,537787..537896,538441..538580))] [gbkey=CDS]",0.5146198830409356
"lcl|CP059658.1_cds_QRW15658.1_141 [locus_tag=RhiXN_03659] [protein=Multicopper oxidase] [protein_id=QRW15658.1] [location=complement(join(538989..539062,539121..539235,539291..539598,539651..539807,539859..540091,540145..540202,540258..540365,540420..540464,540518..540609,540666..540754,540806..540951,541003..541019,541072..541187,541241..541398,541455..541538))] [gbkey=CDS]",0.5691192865105908
"lcl|CP059658.1_cds_QRW15659.1_142 [locus_tag=RhiXN_03660] [protein=intradiol ring-cleavage dioxygenase] [protein_id=QRW15659.1] [location=join(545286..545349,545400..545527,545588..545938,546000..546179,546230..546422,546476..546550,546610..546903,546957..547069)] [gbkey=CDS]",0.5589080459770115
"lcl|CP059658.1_cds_QRW15660.1_143 [locus_tag=RhiXN_03661] [protein=alpha/beta hydrolase family protein] [protein_id=QRW15660.1] [location=complement(join(547303..547371,547419..547450,547499..547893,547957..548119,548174..548540))] [gbkey=CDS]",0.5166666666666667
"lcl|CP059658.1_cds_QRW15661.1_144 [locus_tag=RhiXN_03662] [protein=SH3 domain-containing protein] [protein_id=QRW15661.1] [location=join(549971..550019,550082..551019)] [gbkey=CDS]",0.5259938837920489
"lcl|CP059658.1_cds_QRW15662.1_145 [locus_tag=RhiXN_03663] [protein=flavin-containing monooxygenase/FMO family protein] [protein_id=QRW15662.1] [location=complement(join(551542..551886,551943..551977,552028..552228,552293..552415,552473..552539,552592..552660,552716..552805,552865..552949,553008..553382,553434..553483,553545..553583,553633..553693,553752..553798))] [gbkey=CDS]",0.4781783681214421
"lcl|CP059658.1_cds_QRW15663.1_146 [locus_tag=RhiXN_03664] [protein=Enoyl-(Acyl carrier protein) reductase] [protein_id=QRW15663.1] [location=complement(join(554450..554554,554606..554793,554848..554947,555000..555107,555158..555234,555284..555438,555494..555531,555593..555985))] [gbkey=CDS]",0.5155440414507773
"lcl|CP059658.1_cds_QRW15664.1_147 [locus_tag=RhiXN_03665] [protein=aminotransferase class I and II protein] [protein_id=QRW15664.1] [location=complement(join(556116..556332,556389..556612,556663..556721,556777..556911,556958..557155,557203..557246,557298..557694,557754..557823,557884..557961))] [gbkey=CDS]",0.4823446327683616
"lcl|CP059658.1_cds_QRW15665.1_148 [locus_tag=RhiXN_03666] [protein=Ferric reductase like transmembrane component] [protein_id=QRW15665.1] [location=join(558581..558757,558855..559526,559568..559639,559691..559760,559813..559995,560050..560189,560315..560425,560482..560952,561003..561184,561578..561641,561701..561936,561994..562044,562093..562165,562209..562282,562327..562531,562627..563695,563751..563764,563820..563849,563923..564444)] [gbkey=CDS]",0.5793650793650794
"lcl|CP059658.1_cds_QRW15666.1_149 [locus_tag=RhiXN_03667] [protein=hypothetical protein] [protein_id=QRW15666.1] [location=complement(join(564931..565012,565063..565183,565239..565440))] [gbkey=CDS]",0.48370927318295737
"lcl|CP059658.1_cds_QRW15667.1_150 [locus_tag=RhiXN_03668] [protein=hypothetical protein] [protein_id=QRW15667.1] [location=join(566455..566495,566546..566605,566655..566693,566747..566796,566849..566884,567176..567221,567275..567330,567460..567549,567603..567670,567723..567789,568193..568210,568262..568296,568411..568510,568559..568830)] [gbkey=CDS]",0.5010288065843621
"lcl|CP059658.1_cds_QRW15668.1_151 [locus_tag=RhiXN_03669] [protein=4-hydroxyacetophenone monooxygenase] [protein_id=QRW15668.1] [location=join(570483..570532,570586..570646,570704..570742,570803..570852,570904..571237)] [gbkey=CDS]",0.45265151515151514
"lcl|CP059658.1_cds_QRW15669.1_152 [locus_tag=RhiXN_03670] [protein=actin] [protein_id=QRW15669.1] [location=join(573943..573966,574018..574054,574115..574120,574180..574207,574262..574330,574381..575255,575310..575387,576271..576295,576344..576404,576464..576502,576556..576605,576662..577036,577087..577171,577230..577319,577377..577445,577493..577559,577700..577756,577816..578016,578067..578101,578178..578297,578338..578362,578392..578681)] [gbkey=CDS]",0.4862962962962963
"lcl|CP059658.1_cds_QRW15670.1_153 [locus_tag=RhiXN_03671] [protein=ribosomal Proteins L2, C-terminal domain] [protein_id=QRW15670.1] [location=join(579272..579429,579492..579658,579713..579830,579886..580009,580065..580262)] [gbkey=CDS]",0.5942028985507246
"lcl|CP059658.1_cds_QRW15671.1_154 [locus_tag=RhiXN_03672] [protein=MYND Zn-finger protein] [protein_id=QRW15671.1] [location=join(581617..581877,581947..582356,582417..582893,582946..583031,583070..583354,583398..583487,583560..583573)] [gbkey=CDS]",0.47990105132962274
"lcl|CP059658.1_cds_QRW15672.1_155 [locus_tag=RhiXN_03673] [protein=Multicopper oxidase] [protein_id=QRW15672.1] [location=join(585382..585465,585517..585674,585726..585841,585894..585910,585962..586107,586159..586247,586299..586390,586444..586488,586541..586648,586701..586758,586811..587043,587095..587251,587304..587611,587668..587782,587842..587915)] [gbkey=CDS]",0.5117056856187291
"lcl|CP059658.1_cds_QRW15673.1_156 [locus_tag=RhiXN_03674] [protein=hypothetical protein] [protein_id=QRW15673.1] [location=join(589462..589747,589798..589949,590006..590154,590222..590330)] [gbkey=CDS]",0.4927536231884058
"lcl|CP059658.1_cds_QRW15674.1_157 [locus_tag=RhiXN_03675] [protein=aldo/keto reductase family protein] [protein_id=QRW15674.1] [location=complement(join(591128..591299,591359..591549,591601..591720,591771..591867,591928..592056,592115..592155,592212..592229,592282..592338,592398..592454,592509..592568,592630..592698))] [gbkey=CDS]",0.48855721393034823
"lcl|CP059658.1_cds_QRW15675.1_158 [locus_tag=RhiXN_03676] [protein=ABC transporter G family member 21] [protein_id=QRW15675.1] [location=join(595074..595449,595507..595628,595695..595812,595870..596105,596157..596759,596808..596966,597017..597256,597308..597441,597501..597809,597870..598083)] [gbkey=CDS]",0.49101796407185627
"lcl|CP059658.1_cds_QRW15676.1_159 [locus_tag=RhiXN_03677] [protein=hypothetical protein] [protein_id=QRW15676.1] [location=join(598128..599293,599346..599541,599597..599855,599913..600073)] [gbkey=CDS]",0.5208333333333334
"lcl|CP059658.1_cds_QRW15677.1_160 [locus_tag=RhiXN_03678] [protein=hypothetical protein] [protein_id=QRW15677.1] [location=complement(join(600951..601075,601126..601154,601215..601306,601341..601439,601495..601545))] [gbkey=CDS]",0.48205128205128206
"lcl|CP059658.1_cds_QRW15678.1_161 [locus_tag=RhiXN_03679] [protein=major facilitator superfamily transporter] [protein_id=QRW15678.1] [location=join(606362..606396,606460..606534,606588..606723,606776..606920,607356..607510,607560..607651,607707..607887)] [gbkey=CDS]",0.4932349323493235
"lcl|CP059658.1_cds_QRW15679.1_162 [locus_tag=RhiXN_03680] [protein=mitochondrial carrier protein] [protein_id=QRW15679.1] [location=complement(join(607946..608119,608173..608236,608303..608357,608411..608467,608524..608686,608735..608945,608999..609091,609135..609219,609274..609310))] [gbkey=CDS]",0.5091103965702036
"lcl|CP059658.1_cds_QRW15680.1_163 [locus_tag=RhiXN_03681] [protein=hypothetical protein] [protein_id=QRW15680.1] [location=complement(join(613382..613435,613515..613593,613662..613765,613821..613985))] [gbkey=CDS]",0.51010101010101
"lcl|CP059658.1_cds_QRW15681.1_164 [locus_tag=RhiXN_03682] [protein=carbohydrate esterase family 10 protein] [protein_id=QRW15681.1] [location=join(614675..614825,615226..615485,615536..615643,615773..615829,615882..615985,616039..616505,616622..616726,616780..616966,617020..617087,617141..617229,617285..617316,617365..617486,617535..617673,617729..617801)] [gbkey=CDS]",0.495398773006135
"lcl|CP059658.1_cds_QRW15682.1_165 [locus_tag=RhiXN_03683] [protein=alanyl-tRNA synthetase] [protein_id=QRW15682.1] [location=complement(join(617944..618216,618260..618545,618636..619107,619171..619267,619929..620102,620154..620215,620265..620430))] [gbkey=CDS]",0.515748031496063
"lcl|CP059658.1_cds_QRW15683.1_166 [locus_tag=RhiXN_03684] [protein=actin] [protein_id=QRW15683.1] [location=complement(join(620649..620659,620712..620789,620840..621486,621536..621574,621624..621692,621753..621780,621833..621838,621890..621926,621978..622001))] [gbkey=CDS]",0.5326902465166131
"lcl|CP059658.1_cds_QRW15684.1_167 [locus_tag=RhiXN_03685] [protein=Metallopeptidase family M24] [protein_id=QRW15684.1] [location=complement(join(622829..623081,623130..623219,623268..623583,623648..623787,623844..623925,623972..624001,624118..624301))] [gbkey=CDS]",0.4701561065197429
"lcl|CP059658.1_cds_QRW15685.1_168 [locus_tag=RhiXN_03686] [protein=Retrotransposon-derived protein PEG10] [protein_id=QRW15685.1] [location=join(627334..627499,627549..627700,629025..629306)] [gbkey=CDS]",0.5303030303030303
"lcl|CP059658.1_cds_QRW15686.1_169 [locus_tag=RhiXN_03687] [protein=Retrotransposable element Tf2 protein] [protein_id=QRW15686.1] [location=join(630815..630959,631013..631023,631069..631387,631417..631814)] [gbkey=CDS]",0.47635524798154555
"lcl|CP059658.1_cds_QRW15687.1_170 [locus_tag=RhiXN_03688] [protein=Retrotransposable element Tf2 protein] [protein_id=QRW15687.1] [location=join(631850..632071,632127..632744)] [gbkey=CDS]",0.4712230215827338
"lcl|CP059658.1_cds_QRW15688.1_171 [locus_tag=RhiXN_03689] [protein=Retrotransposon-derived protein PEG10] [protein_id=QRW15688.1] [location=join(634212..634412,634807..635041,635824..635953,635992..636394)] [gbkey=CDS]",0.5306334371754933
lcl|CP059658.1_cds_QRW15689.1_172 [locus_tag=RhiXN_03690] [protein=Retrotransposable element Tf2 protein] [protein_id=QRW15689.1] [location=636644..637234] [gbkey=CDS],0.49230769230769234
lcl|CP059658.1_cds_QRW15690.1_173 [locus_tag=RhiXN_03691] [protein=Retrotransposable element Tf2 protein] [protein_id=QRW15690.1] [location=637368..638228] [gbkey=CDS],0.45964912280701753
lcl|CP059658.1_cds_QRW15691.1_174 [locus_tag=RhiXN_03692] [protein=hypothetical protein] [protein_id=QRW15691.1] [location=638288..638833] [gbkey=CDS],0.4666666666666667
"lcl|CP059658.1_cds_QRW15692.1_175 [locus_tag=RhiXN_03693] [protein=Retrotransposable element Tf2 protein] [protein_id=QRW15692.1] [location=join(638873..638876,638926..639754,639819..640023)] [gbkey=CDS]",0.4418604651162791
"lcl|CP059658.1_cds_QRW15693.1_176 [locus_tag=RhiXN_03694] [protein=hypothetical protein] [protein_id=QRW15693.1] [location=complement(join(640459..640824,640882..641043,641094..641288,641318..641433,641493..641811,641866..642060,642133..642167,642212..642866))] [gbkey=CDS]",0.5100638193421698
"lcl|CP059658.1_cds_QRW15694.1_177 [locus_tag=RhiXN_03695] [protein=hypothetical protein] [protein_id=QRW15694.1] [location=complement(join(642887..643258,643308..643646))] [gbkey=CDS]",0.5234042553191489
lcl|CP059658.1_cds_QRW15695.1_178 [locus_tag=RhiXN_03696] [protein=hypothetical protein] [protein_id=QRW15695.1] [location=645272..645844] [gbkey=CDS],0.4409171075837742
"lcl|CP059658.1_cds_QRW15696.1_179 [locus_tag=RhiXN_03697] [protein=Transposable element Tcb2 transposase] [protein_id=QRW15696.1] [location=complement(join(652775..652938,652989..653022))] [gbkey=CDS]",0.453125
"lcl|CP059658.1_cds_QRW15697.1_180 [locus_tag=RhiXN_03698] [protein=Transposable element Tcb2 transposase] [protein_id=QRW15697.1] [location=join(657025..657148,657201..657343,657409..658053)] [gbkey=CDS]",0.488962472406181
"lcl|CP059658.1_cds_QRW15698.1_181 [locus_tag=RhiXN_03699] [protein=hypothetical protein] [protein_id=QRW15698.1] [location=complement(join(660132..660386,660636..660893,661441..661458))] [gbkey=CDS]",0.44952380952380955
lcl|CP059658.1_cds_QRW15699.1_182 [locus_tag=RhiXN_03700] [protein=Retrotransposon gag protein] [protein_id=QRW15699.1] [location=668187..669788] [gbkey=CDS],0.4592731829573935
"lcl|CP059658.1_cds_QRW15700.1_183 [locus_tag=RhiXN_03701] [protein=Retrotransposable element Tf2 protein] [protein_id=QRW15700.1] [location=join(670193..670590,670618..672862)] [gbkey=CDS]",0.4061433447098976
lcl|CP059658.1_cds_QRW15701.1_184 [locus_tag=RhiXN_03702] [protein=Retrotransposable element Tf2 protein] [protein_id=QRW15701.1] [location=672925..673227] [gbkey=CDS],0.4276094276094276
"lcl|CP059658.1_cds_QRW15702.1_185 [locus_tag=RhiXN_03703] [protein=Retrotransposable element Tf2 protein] [protein_id=QRW15702.1] [location=complement(join(678840..679685,679737..679949))] [gbkey=CDS]",0.4406457739791073
lcl|CP059658.1_cds_QRW15703.1_186 [locus_tag=RhiXN_03704] [protein=Retrotransposon-derived protein PEG10] [protein_id=QRW15703.1] [location=complement(680282..680644)] [gbkey=CDS],0.453781512605042
lcl|CP059658.1_cds_QRW15704.1_187 [locus_tag=RhiXN_03705] [protein=Retrotransposon-derived protein PEG10] [protein_id=QRW15704.1] [location=complement(680670..681068)] [gbkey=CDS],0.49363867684478374
"lcl|CP059658.1_cds_QRW15705.1_188 [locus_tag=RhiXN_03706] [protein=Retrotransposable element Tf2 protein] [protein_id=QRW15705.1] [location=join(684407..684545,684596..685080)] [gbkey=CDS]",0.44983818770226536
"lcl|CP059658.1_cds_QRW15706.1_189 [locus_tag=RhiXN_03707] [protein=hypothetical protein] [protein_id=QRW15706.1] [location=join(694147..694330,694372..694496)] [gbkey=CDS]",0.5313531353135313
"lcl|CP059658.1_cds_QRW15707.1_190 [locus_tag=RhiXN_03708] [protein=Transposable element Tcb2 transposase] [protein_id=QRW15707.1] [location=complement(join(702124..702495,702953..702982,703036..703152))] [gbkey=CDS]",0.4756335282651072
"lcl|CP059658.1_cds_QRW15708.1_191 [locus_tag=RhiXN_03709] [protein=Retrotransposable element Tf2 protein] [protein_id=QRW15708.1] [location=complement(join(707811..708572,708622..710097,710162..711997))] [gbkey=CDS]",0.46878072763028517
"lcl|CP059658.1_cds_QRW15709.1_192 [locus_tag=RhiXN_03710] [protein=Retrotransposon-derived protein PEG10] [protein_id=QRW15709.1] [location=complement(join(712039..712682,712716..713655))] [gbkey=CDS]",0.48605830164765523
lcl|CP059658.1_cds_QRW15710.1_193 [locus_tag=RhiXN_03711] [protein=Retrotransposon gag protein] [protein_id=QRW15710.1] [location=716363..717109] [gbkey=CDS],0.39541160593792174
"lcl|CP059658.1_cds_QRW15711.1_194 [locus_tag=RhiXN_03712] [protein=hypothetical protein] [protein_id=QRW15711.1] [location=join(723441..723545,723601..723660,723716..723727,723779..723864,723925..723940,723996..724035,724089..724165,724233..724260,724326..724481,724537..724621,724695..724714,724773..724833,724885..725448,725517..725655)] [gbkey=CDS]",0.48440748440748443
"lcl|CP059658.1_cds_QRW15712.1_195 [locus_tag=RhiXN_03713] [protein=Retrotransposable element Tf2 protein] [protein_id=QRW15712.1] [location=complement(join(729543..731348,731420..732020,732082..732442,732478..732733,732798..733463,733523..734085,736120..736491,736554..736650))] [gbkey=CDS]",0.510178117048346
"lcl|CP059658.1_cds_QRW15713.1_196 [locus_tag=RhiXN_03714] [protein=AAA family ATPase] [protein_id=QRW15713.1] [location=complement(join(736776..736808,736862..737246,737291..737385,737434..737587,737652..737859,737930..738011,738226..738270,738297..738387,738443..738734,738784..738957,739130..739286,739334..739645,739698..740249))] [gbkey=CDS]",0.5707070707070707
"lcl|CP059658.1_cds_QRW15714.1_197 [locus_tag=RhiXN_03715] [protein=hypothetical protein] [protein_id=QRW15714.1] [location=join(740342..740588,740651..741352,741409..741807,741882..742658,742736..743109)] [gbkey=CDS]",0.5563578018451665
"lcl|CP059658.1_cds_QRW15715.1_198 [locus_tag=RhiXN_03716] [protein=ABC transporter G family member 11] [protein_id=QRW15715.1] [location=join(744583..744958,745016..745321,745372..745607,745659..746261,746313..746471,746523..746762,746816..746949,747005..747268,747351..748793,748845..749359,749414..749493,750598..750723,750777..750834,750894..750953,751011..751210,751279..751443,751498..751572)] [gbkey=CDS]",0.5095351609058403
"lcl|CP059658.1_cds_QRW15716.1_199 [locus_tag=RhiXN_03717] [protein=RuvB-like protein 1 (pontin 52)] [protein_id=QRW15716.1] [location=join(751753..751924,751982..752191,752250..752797,752848..753008,753065..753205,753255..753426)] [gbkey=CDS]",0.5150214592274678
"lcl|CP059658.1_cds_QRW15717.1_200 [locus_tag=RhiXN_03718] [protein=IMP dehydrogenase] [protein_id=QRW15717.1] [location=complement(join(753620..753688,753776..753884,753950..754131,754187..754989,755043..755229,755284..755456,755519..755567))] [gbkey=CDS]",0.5306513409961686
"lcl|CP059658.1_cds_QRW15718.1_201 [locus_tag=RhiXN_03719] [protein=hypothetical protein] [protein_id=QRW15718.1] [location=join(756122..756219,756274..756403,756454..756711,756802..757128)] [gbkey=CDS]",0.516728624535316
"lcl|CP059658.1_cds_QRW15719.1_202 [locus_tag=RhiXN_03720] [protein=beta-1,4-D-glucan cellobiohydrolase] [protein_id=QRW15719.1] [location=join(758308..758925,758983..759786,759845..759976)] [gbkey=CDS]",0.5523255813953488
"lcl|CP059658.1_cds_QRW15720.1_203 [locus_tag=RhiXN_03721] [protein=glycoside hydrolase family 43 protein] [protein_id=QRW15720.1] [location=complement(join(761888..761925,761977..762141,762204..762461,762514..763021,763099..763113,763167..763253,763288..763659))] [gbkey=CDS]",0.5254001391788448
lcl|CP059658.1_cds_QRW15721.1_204 [locus_tag=RhiXN_03722] [protein=translation initiation factor IF3] [protein_id=QRW15721.1] [location=complement(764186..764917)] [gbkey=CDS],0.49449035812672176
"lcl|CP059658.1_cds_QRW15722.1_205 [locus_tag=RhiXN_03723] [protein=amino acid permease] [protein_id=QRW15722.1] [location=join(765391..765477,765787..765807,765867..765943,766004..766192,766249..766309,766363..766513,766570..766707,766757..767085,767144..767551,767608..767799)] [gbkey=CDS]",0.5045537340619308
"lcl|CP059658.1_cds_QRW15723.1_206 [locus_tag=RhiXN_03724] [protein=hypothetical protein] [protein_id=QRW15723.1] [location=complement(join(768070..768156,768210..768335,768393..768755,768822..768905,768958..769069,769119..769179,769234..769263,769314..769425,769478..769532,769585..769648,769709..769815,769876..769924,769967..770077,770134..770193,770251..770341))] [gbkey=CDS]",0.4913678618857902
"lcl|CP059658.1_cds_QRW15724.1_207 [locus_tag=RhiXN_03725] [protein=hypothetical protein] [protein_id=QRW15724.1] [location=complement(join(771381..771760,771838..772012,772066..772191,772258..772421,772465..772579))] [gbkey=CDS]",0.5031446540880503
"lcl|CP059658.1_cds_QRW15725.1_208 [locus_tag=RhiXN_03726] [protein=mediator complex subunit 13 carboxy-terminal protein] [protein_id=QRW15725.1] [location=complement(join(772925..773547,773623..774285,774334..774418,774477..774649,774696..775866,775899..777382,777433..777601,777679..777749,777794..778214))] [gbkey=CDS]",0.5745776679027607
"lcl|CP059658.1_cds_QRW15726.1_209 [locus_tag=RhiXN_03727] [protein=hypothetical protein] [protein_id=QRW15726.1] [location=join(778347..778503,778550..778567,778634..779141,779195..779409,779471..779638,779713..779859,779925..780005,780067..780164,780227..780345,780443..780572,780601..780669)] [gbkey=CDS]",0.5762910798122066
"lcl|CP059658.1_cds_QRW15727.1_210 [locus_tag=RhiXN_03728] [protein=endoglucanase cel12C] [protein_id=QRW15727.1] [location=join(781852..781932,782038..782194,782249..782493,782547..782661,782718..782795,782849..782895)] [gbkey=CDS]",0.5104602510460251
"lcl|CP059658.1_cds_QRW15728.1_211 [locus_tag=RhiXN_03729] [protein=Lipase (class 3)] [protein_id=QRW15728.1] [location=join(785209..785326,785388..785465,786060..786181,786297..787440,787489..787517,787566..787776,787831..787886,787939..788265,788328..788539,788590..788638)] [gbkey=CDS]",0.5089743589743589
"lcl|CP059658.1_cds_QRW15729.1_212 [locus_tag=RhiXN_03730] [protein=hypothetical protein] [protein_id=QRW15729.1] [location=join(789313..789519,789570..789724,789777..790070,790121..790253,790303..790401,790451..790566,790659..790715,790764..790961,791075..791150,791254..791574,791639..792082)] [gbkey=CDS]",0.48758357211079273
"lcl|CP059658.1_cds_QRW15730.1_213 [locus_tag=RhiXN_03731] [protein=hypothetical protein] [protein_id=QRW15730.1] [location=join(792390..792474,792530..792741,792798..792818)] [gbkey=CDS]",0.5576923076923077
"lcl|CP059658.1_cds_QRW15731.1_214 [locus_tag=RhiXN_03732] [protein=20S proteasome subunit] [protein_id=QRW15731.1] [location=complement(join(792995..793156,793221..793432,793493..793648,793703..793784,793843..793937,794003..794069))] [gbkey=CDS]",0.5143229166666666
"lcl|CP059658.1_cds_QRW15732.1_215 [locus_tag=RhiXN_03733] [protein=DNA-directed RNA polymerase III subunit C1] [protein_id=QRW15732.1] [location=join(794217..794254,794305..794437,794504..794653,794709..795071,795126..795241,795292..795391,795442..795516,795574..795711,795765..796009,796059..796095,796159..796270,796328..796903,796953..797131,797179..797290,797347..797618,797670..797825,797877..798123,798181..798288,798338..798585,798639..798725,798776..798844,798898..799008,799056..799179,799235..799407,799460..799647,799704..799773)] [gbkey=CDS]",0.47121535181236673
"lcl|CP059658.1_cds_QRW15733.1_216 [locus_tag=RhiXN_03734] [protein=hypothetical protein] [protein_id=QRW15733.1] [location=complement(join(800487..800966,801021..801153,801202..801418,801474..803121))] [gbkey=CDS]",0.5283171521035599
"lcl|CP059658.1_cds_QRW15734.1_217 [locus_tag=RhiXN_03735] [protein=hypothetical protein] [protein_id=QRW15734.1] [location=join(804197..805733,805789..806005,806054..806186,806241..806723)] [gbkey=CDS]",0.5351099830795262
"lcl|CP059658.1_cds_QRW15735.1_218 [locus_tag=RhiXN_03736] [protein=translocation protein Sec63] [protein_id=QRW15735.1] [location=complement(join(808723..809511,809574..809678))] [gbkey=CDS]",0.47297297297297297
"lcl|CP059658.1_cds_QRW15736.1_219 [locus_tag=RhiXN_03737] [protein=DnaJ domain protein] [protein_id=QRW15736.1] [location=complement(join(810321..810530,810581..810817,810894..811444,811498..811588,811643..811897,811947..812118,812168..812254,812305..812357,812410..812524,812575..812671,812726..812828))] [gbkey=CDS]",0.505852417302799
"lcl|CP059658.1_cds_QRW15737.1_220 [locus_tag=RhiXN_03738] [protein=mannose-6-phosphate isomerase] [protein_id=QRW15737.1] [location=join(812991..813131,813182..813433)] [gbkey=CDS]",0.5193798449612403
"lcl|CP059658.1_cds_QRW15738.1_221 [locus_tag=RhiXN_03739] [protein=mannose-6-phosphate isomerase] [protein_id=QRW15738.1] [location=join(813548..813962,814018..814044,814103..814232,814282..814549)] [gbkey=CDS]",0.5359712230215827
"lcl|CP059658.1_cds_QRW15739.1_222 [locus_tag=RhiXN_03740] [protein=Guanine nucleotide exchange factor synembryn protein] [protein_id=QRW15739.1] [location=complement(join(814870..815060,815114..815230,815621..815751,815827..816378,816504..816667,816716..816841,816893..817054,817101..817177,817224..817392))] [gbkey=CDS]",0.5157456922162804
"lcl|CP059658.1_cds_QRW15740.1_223 [locus_tag=RhiXN_03741] [protein=Rab proteins geranylgeranyltransferase component A] [protein_id=QRW15740.1] [location=join(817697..817773,817825..818257)] [gbkey=CDS]",0.49603174603174605
"lcl|CP059658.1_cds_QRW15741.1_224 [locus_tag=RhiXN_03742] [protein=Rab proteins geranylgeranyltransferase component A] [protein_id=QRW15741.1] [location=join(818643..818948,819003..819465,819529..819628,819678..819894)] [gbkey=CDS]",0.5324074074074074
"lcl|CP059658.1_cds_QRW15742.1_225 [locus_tag=RhiXN_03743] [protein=RNA recognition motif protein] [protein_id=QRW15742.1] [location=join(820664..820750,820804..820926,820978..821361,821417..821440,821492..821594,821647..822476)] [gbkey=CDS]",0.598705501618123
"lcl|CP059658.1_cds_QRW15743.1_226 [locus_tag=RhiXN_03744] [protein=RNA recognition motif domain-containing protein] [protein_id=QRW15743.1] [location=join(822881..822991,823044..823172,823234..823287,823338..823916)] [gbkey=CDS]",0.5271049596309112
"lcl|CP059658.1_cds_QRW15744.1_227 [locus_tag=RhiXN_03745] [protein=hypothetical protein] [protein_id=QRW15744.1] [location=complement(join(824264..824755,824806..824859,824915..825097,825135..825212))] [gbkey=CDS]",0.48064918851435706
"lcl|CP059658.1_cds_QRW15745.1_228 [locus_tag=RhiXN_03746] [protein=beta-1,4-D-glucan cellobiohydrolase] [protein_id=QRW15745.1] [location=join(826659..826813,826870..827037,827076..827379,827432..828169)] [gbkey=CDS]",0.5364238410596026
"lcl|CP059658.1_cds_QRW15746.1_229 [locus_tag=RhiXN_03747] [protein=pectate lyase] [protein_id=QRW15746.1] [location=complement(join(828757..828769,828830..829109,829171..829358,829415..829514,829575..829749))] [gbkey=CDS]",0.584
"lcl|CP059658.1_cds_QRW15747.1_230 [locus_tag=RhiXN_03748] [protein=beta-1,4-D-glucan cellobiohydrolase] [protein_id=QRW15747.1] [location=join(832622..833227,833279..833391,833454..834018)] [gbkey=CDS]",0.49139280125195617
"lcl|CP059658.1_cds_QRW15748.1_231 [locus_tag=RhiXN_03749] [protein=hypothetical protein] [protein_id=QRW15748.1] [location=complement(join(834372..834492,834541..834883,834931..834945,835001..835143,835198..835263,835316..835350,835409..835443,835503..835644,835714..835773))] [gbkey=CDS]",0.5062893081761006
"lcl|CP059658.1_cds_QRW15749.1_232 [locus_tag=RhiXN_03750] [protein=uroporphyrinogen decarboxylase] [protein_id=QRW15749.1] [location=complement(join(837991..838701,838779..838907,838962..839263,840107..840449,840506..841017,841065..841127,841181..841250))] [gbkey=CDS]",0.4868173258003766
"lcl|CP059658.1_cds_QRW15750.1_233 [locus_tag=RhiXN_03751] [protein=thioredoxin] [protein_id=QRW15750.1] [location=join(841413..841543,841599..841738,841789..841834,841891..842124,842171..842199,842249..842366,842419..842502,842558..842660,842719..842772,842826..843284,843333..843473,843530..843559,843612..843773)] [gbkey=CDS]",0.49971014492753624
lcl|CP059658.1_cds_QRW15751.1_234 [locus_tag=RhiXN_03752] [protein=protein disulfide isomerase] [protein_id=QRW15751.1] [location=844291..844800] [gbkey=CDS],0.498015873015873
"lcl|CP059658.1_cds_QRW15752.1_235 [locus_tag=RhiXN_03753] [protein=protein disulfide isomerase] [protein_id=QRW15752.1] [location=join(846079..846586,846978..847075,847214..847705)] [gbkey=CDS]",0.5054945054945055
"lcl|CP059658.1_cds_QRW15753.1_236 [locus_tag=RhiXN_03754] [protein=hypothetical protein] [protein_id=QRW15753.1] [location=complement(join(847964..848281,848339..848475,848507..848526,848588..848748,848800..848930,848990..849378,849731..849741,849792..849864,849924..850118,850329..850393,850451..850606))] [gbkey=CDS]",0.5375757575757576
"lcl|CP059658.1_cds_QRW15754.1_237 [locus_tag=RhiXN_03755] [protein=IncA domain-containing protein] [protein_id=QRW15754.1] [location=complement(join(851053..851878,851932..852163,852224..852247,852310..852576,852632..853338,853495..854008,854105..854442,854589..854752))] [gbkey=CDS]",0.5805609915198956
"lcl|CP059658.1_cds_QRW15755.1_238 [locus_tag=RhiXN_03756] [protein=hypothetical protein] [protein_id=QRW15755.1] [location=complement(join(859022..859129,859188..859712,859759..860034))] [gbkey=CDS]",0.5448504983388704
"lcl|CP059658.1_cds_QRW15756.1_239 [locus_tag=RhiXN_03757] [protein=ribosomal protein L13] [protein_id=QRW15756.1] [location=join(862050..862070,862139..862283,862334..862476,862527..862688)] [gbkey=CDS]",0.49032258064516127
"lcl|CP059658.1_cds_QRW15757.1_240 [locus_tag=RhiXN_03758] [protein=Tyrosine-protein phosphatase] [protein_id=QRW15757.1] [location=complement(join(863194..864369,864420..864568,864619..865162,865217..865309,865365..865617,866492..866559,866614..867278,867343..867964))] [gbkey=CDS]",0.5406846240179574
lcl|CP059658.1_cds_QRW15758.1_241 [locus_tag=RhiXN_03759] [protein=hypothetical protein] [protein_id=QRW15758.1] [location=complement(869303..870235)] [gbkey=CDS],0.5296655879180151
"lcl|CP059658.1_cds_QRW15759.1_242 [locus_tag=RhiXN_03760] [protein=ankyrin repeats] [protein_id=QRW15759.1] [location=complement(join(871402..871518,871589..873375,873433..873602,873653..873684,873751..873783))] [gbkey=CDS]",0.5321143928738865
"lcl|CP059658.1_cds_QRW15760.1_243 [locus_tag=RhiXN_03761] [protein=hypothetical protein] [protein_id=QRW15760.1] [location=complement(join(874174..875668,875722..876335,876390..876531,876792..876882,877129..877465))] [gbkey=CDS]",0.5289936401047513
"lcl|CP059658.1_cds_QRW15761.1_244 [locus_tag=RhiXN_03762] [protein=Zinc-binding dehydrogenase] [protein_id=QRW15761.1] [location=join(879951..879974,880030..880132,880188..880205,880261..880371,880434..880548,880604..880704,880760..880878,880933..881143,881209..881456)] [gbkey=CDS]",0.4779693486590038
"lcl|CP059658.1_cds_QRW15762.1_245 [locus_tag=RhiXN_03763] [protein=Zinc-binding dehydrogenase] [protein_id=QRW15762.1] [location=join(882485..882526,882580..882682,882744..882761,882824..882934,882990..883104,883211..883263,883318..883436,883500..883710,883765..884012)] [gbkey=CDS]",0.47435897435897434
"lcl|CP059658.1_cds_QRW15763.1_246 [locus_tag=RhiXN_03764] [protein=glycoside hydrolase family 127 protein] [protein_id=QRW15763.1] [location=join(884710..884773,884833..884953,885006..885061,885113..885129,885182..885397,885457..885724,885783..885848,885910..886018,886073..886094,886146..886159,886216..886264,886321..886366,886417..886498,886553..886591,886647..887130,887187..887330)] [gbkey=CDS]",0.486320491345617
"lcl|CP059658.1_cds_QRW15764.1_247 [locus_tag=RhiXN_03765] [protein=aspartyl-tRNA(Asn)/glutamyl-tRNA (Gln) amidotransferase subunit B] [protein_id=QRW15764.1] [location=complement(join(887666..887949,887996..888341,888399..888571,888624..888735,888788..888872,888930..889033,889113..889165,889212..889353,889403..889491,889544..889682))] [gbkey=CDS]",0.49572649572649574
"lcl|CP059658.1_cds_QRW15765.1_248 [locus_tag=RhiXN_03766] [protein=VWA domain-containing protein] [protein_id=QRW15765.1] [location=join(890224..890318,890377..890545,890597..890959,891018..891137)] [gbkey=CDS]",0.5087719298245614
"lcl|CP059658.1_cds_QRW15766.1_249 [locus_tag=RhiXN_03767] [protein=VWA domain-containing protein] [protein_id=QRW15766.1] [location=join(891438..891535,891592..891760,891825..892169,892225..892350)] [gbkey=CDS]",0.5095628415300546
"lcl|CP059658.1_cds_QRW15767.1_250 [locus_tag=RhiXN_03768] [protein=VWA domain-containing protein] [protein_id=QRW15767.1] [location=join(892680..892988,893036..893094,893124..893292,893356..893838)] [gbkey=CDS]",0.5315581854043393
"lcl|CP059658.1_cds_QRW15768.1_251 [locus_tag=RhiXN_03769] [protein=hypothetical protein] [protein_id=QRW15768.1] [location=complement(join(894188..894355,894409..894565,894617..894778,894834..894992,895048..895219,895268..895349))] [gbkey=CDS]",0.49664429530201343
"lcl|CP059658.1_cds_QRW15769.1_252 [locus_tag=RhiXN_03770] [protein=Serine carboxypeptidase] [protein_id=QRW15769.1] [location=join(895640..895697,895756..895970,896035..896158,896208..896275,896329..896397,896445..896761,896814..896928,896988..897233,897284..897364,897425..897665,898197..898477)] [gbkey=CDS]",0.5046987285793256
"lcl|CP059658.1_cds_QRW15770.1_253 [locus_tag=RhiXN_03771] [protein=hypothetical protein] [protein_id=QRW15770.1] [location=join(898987..900273,900340..900405)] [gbkey=CDS]",0.5174461766889383
"lcl|CP059658.1_cds_QRW15771.1_254 [locus_tag=RhiXN_03772] [protein=BAG domain protein] [protein_id=QRW15771.1] [location=join(901239..902111,902172..902201)] [gbkey=CDS]",0.483835005574136
"lcl|CP059658.1_cds_QRW15772.1_255 [locus_tag=RhiXN_03773] [protein=BAG domain protein] [protein_id=QRW15772.1] [location=join(903708..903810,903879..904228)] [gbkey=CDS]",0.4988814317673378
"lcl|CP059658.1_cds_QRW15773.1_256 [locus_tag=RhiXN_03774] [protein=SPC97/SPC98 domain-containing protein] [protein_id=QRW15773.1] [location=complement(join(904526..905036,905087..905172,905224..905251,905306..905496,905543..905725,905773..907419,907482..907592,907644..907705,907764..908229,908286..908318,908389..908515,908569..908873))] [gbkey=CDS]",0.49145299145299143
"lcl|CP059658.1_cds_QRW15774.1_257 [locus_tag=RhiXN_03775] [protein=genome maintenance protein] [protein_id=QRW15774.1] [location=join(908997..909384,909438..909585,909639..909767,909822..909899,909952..910018)] [gbkey=CDS]",0.503731343283582
"lcl|CP059658.1_cds_QRW15775.1_258 [locus_tag=RhiXN_03776] [protein=DDE superfamily endonuclease] [protein_id=QRW15775.1] [location=complement(join(910828..910854,910908..911252,911307..911333,911827..911971,912022..912702,912751..913028,913179..913747,913796..913925,913975..914034))] [gbkey=CDS]",0.48093971631205673
"lcl|CP059658.1_cds_QRW15776.1_259 [locus_tag=RhiXN_03777] [protein=hypothetical protein] [protein_id=QRW15776.1] [location=complement(join(915859..916131,916198..916318,916368..916375))] [gbkey=CDS]",0.49747474747474746
"lcl|CP059658.1_cds_QRW15777.1_260 [locus_tag=RhiXN_03778] [protein=origin recognition complex subunit 3] [protein_id=QRW15777.1] [location=complement(join(917025..917468,917522..917597,917644..917847,917904..918364,918416..918535,918594..918750,918806..918890,918939..919029,919089..919312,919366..919486,919541..919614,919667..919700,919757..919801))] [gbkey=CDS]",0.4812206572769953
"lcl|CP059658.1_cds_QRW15778.1_261 [locus_tag=RhiXN_03779] [protein=acyltransferase] [protein_id=QRW15778.1] [location=join(920273..920451,920509..920674,920728..920914,921025..921347)] [gbkey=CDS]",0.5123674911660777
"lcl|CP059658.1_cds_QRW15779.1_262 [locus_tag=RhiXN_03780] [protein=glycerophosphoryl diester phosphodiesterase] [protein_id=QRW15779.1] [location=join(922054..922095,922147..922224,922589..922705,923430..923693,923747..923906,923977..924083)] [gbkey=CDS]",0.531496062992126
"lcl|CP059658.1_cds_QRW15780.1_263 [locus_tag=RhiXN_03781] [protein=hypothetical protein] [protein_id=QRW15780.1] [location=join(924704..925065,925244..925458,925514..927593,927644..928046)] [gbkey=CDS]",0.5707269155206287
"lcl|CP059658.1_cds_QRW15781.1_264 [locus_tag=RhiXN_03782] [protein=SPC19 domain-containing protein] [protein_id=QRW15781.1] [location=complement(join(928388..928411,928465..928613,928677..928827,928879..928959,929010..929153))] [gbkey=CDS]",0.5119705340699816
"lcl|CP059658.1_cds_QRW15782.1_265 [locus_tag=RhiXN_03783] [protein=hypothetical protein] [protein_id=QRW15782.1] [location=join(930276..931611,931667..931883,931933..932065,932120..932587)] [gbkey=CDS]",0.542364990689013
"lcl|CP059658.1_cds_QRW15783.1_266 [locus_tag=RhiXN_03784] [protein=Fungal hydrophobin] [protein_id=QRW15783.1] [location=join(934737..934945,935004..935169,935226..935309,935360..935433,935485..935566)] [gbkey=CDS]",0.535303776683087
"lcl|CP059658.1_cds_QRW15784.1_267 [locus_tag=RhiXN_03785] [protein=rRNA processing/ribosome biogenesis] [protein_id=QRW15784.1] [location=complement(join(935679..936341,936397..936898,936962..937039,937097..937206,937259..937346,937401..937521,937570..937702,937768..937881,937931..938104,938156..938449))] [gbkey=CDS]",0.4856891237340379
"lcl|CP059658.1_cds_QRW15785.1_268 [locus_tag=RhiXN_03786] [protein=hypothetical protein] [protein_id=QRW15785.1] [location=join(938776..938802,938857..938935,938996..939949,940010..940067,940128..940185)] [gbkey=CDS]",0.5632478632478632
"lcl|CP059658.1_cds_QRW15786.1_269 [locus_tag=RhiXN_03787] [protein=aspartyl protease] [protein_id=QRW15786.1] [location=join(940511..940609,940670..940806,940861..940936,941014..941267,941319..941386,941440..941467,941519..941654,941711..941831,941884..942248)] [gbkey=CDS]",0.5320813771517997
"lcl|CP059658.1_cds_QRW15787.1_270 [locus_tag=RhiXN_03788] [protein=fumarylacetoacetate hydrolase domain-containing protein 2] [protein_id=QRW15787.1] [location=complement(join(942391..942783,942864..943065,943123..943148,943221..943402,943482..943541,943867..944271,944321..944408,944466..944626,944682..944883,944935..945021,945072..945194))] [gbkey=CDS]",0.5278211128445138
"lcl|CP059658.1_cds_QRW15788.1_271 [locus_tag=RhiXN_03789] [protein=coiled-coil domain-containing protein] [protein_id=QRW15788.1] [location=join(945214..945264,945366..945563)] [gbkey=CDS]",0.551440329218107
"lcl|CP059658.1_cds_QRW15789.1_272 [locus_tag=RhiXN_03790] [protein=double-stranded RNA-binding motif protein] [protein_id=QRW15789.1] [location=complement(join(945846..945884,945937..946516,946573..946589))] [gbkey=CDS]",0.5190476190476191
"lcl|CP059658.1_cds_QRW15790.1_273 [locus_tag=RhiXN_03791] [protein=nucleolar complex protein 14] [protein_id=QRW15790.1] [location=join(947204..947476,947535..947796,947847..947917,947971..948036,948086..948997,949046..949444,949500..949877,949935..950342)] [gbkey=CDS]",0.5066956207021354
"lcl|CP059658.1_cds_QRW15791.1_274 [locus_tag=RhiXN_03792] [protein=Cytochrome C oxidase subunit VII] [protein_id=QRW15791.1] [location=complement(join(951934..952079,952149..952200,952264..952301,952355..952376))] [gbkey=CDS]",0.5158730158730159
"lcl|CP059658.1_cds_QRW15792.1_275 [locus_tag=RhiXN_03793] [protein=protein AF-9] [protein_id=QRW15792.1] [location=join(952650..952667,952751..952979,953033..953069,953120..953609)] [gbkey=CDS]",0.5221354166666666
"lcl|CP059658.1_cds_QRW15793.1_276 [locus_tag=RhiXN_03794] [protein=IBR domain protein] [protein_id=QRW15793.1] [location=join(954736..955000,955055..955530,955621..955881,955938..956379,956429..956606,956656..957280,957333..957434,957474..958071,958456..958482,958545..960093,960169..960269,960321..960514,960572..960636,960692..960995)] [gbkey=CDS]",0.5273113298591006
"lcl|CP059658.1_cds_QRW15794.1_277 [locus_tag=RhiXN_03795] [protein=IBR domain protein] [protein_id=QRW15794.1] [location=join(965969..966131,966184..966636,966673..967111,967166..967266,967320..967507,967564..967628,967677..967776)] [gbkey=CDS]",0.5395874916833001
"lcl|CP059658.1_cds_QRW15795.1_278 [locus_tag=RhiXN_03796] [protein=phosphoadenylyl-sulfate reductase (thioredoxin)] [protein_id=QRW15795.1] [location=join(970434..970841,970895..971016,971120..971261,971322..971405)] [gbkey=CDS]",0.5586666666666666
"lcl|CP059658.1_cds_QRW15796.1_279 [locus_tag=RhiXN_03797] [protein=kinesin motor domain protein] [protein_id=QRW15796.1] [location=complement(join(971901..971948,972001..972112,972170..972240,972312..972428,972479..974315,974365..975127,975187..975223,975275..975307,975365..975493,975540..975592,975648..975654,975708..976021,976078..976168,976230..976346,976397..976802,976854..976927,976979..977094,977147..977157,977211..977229,977290..977301,977357..977614,977669..977732))] [gbkey=CDS]",0.5107836856715781
"lcl|CP059658.1_cds_QRW15797.1_280 [locus_tag=RhiXN_03798] [protein=hypothetical protein] [protein_id=QRW15797.1] [location=complement(join(980405..980567,980628..980644,980713..981119,981178..981557,981614..981758,981809..981834,981886..981977,982034..982049,982107..982264,982584..982661))] [gbkey=CDS]",0.5128726287262872
"lcl|CP059658.1_cds_QRW15798.1_281 [locus_tag=RhiXN_03799] [protein=HMG (high mobility group) box protein] [protein_id=QRW15798.1] [location=join(982997..983110,983177..983728,983781..984659)] [gbkey=CDS]",0.5295646523716699
"lcl|CP059658.1_cds_QRW15799.1_282 [locus_tag=RhiXN_03800] [protein=hypothetical protein] [protein_id=QRW15799.1] [location=join(985212..985282,985343..985354,985404..985945,986001..986060,986113..986235,986286..986311)] [gbkey=CDS]",0.571256038647343
"lcl|CP059658.1_cds_QRW15800.1_283 [locus_tag=RhiXN_03801] [protein=hypothetical protein] [protein_id=QRW15800.1] [location=join(987662..987808,987866..987875,987932..987966,988023..988035,988091..988141,988197..988221,988277..988308,988369..988460,988522..988575)] [gbkey=CDS]",0.5518763796909493
"lcl|CP059658.1_cds_QRW15801.1_284 [locus_tag=RhiXN_03802] [protein=nucleotide excision repair protein RAD16] [protein_id=QRW15801.1] [location=join(989759..990094,990144..990869,990924..991130,991183..991262,991314..991560,991618..991754,991807..991901,991961..992028,992085..992165,992217..992338,992392..992423,992480..992501,992551..992581,992634..992807,992863..993132,993188..993248,993301..993371,993435..993486,993546..993640,993697..993732,993794..993838,993899..993916,993981..993986)] [gbkey=CDS]",0.5109780439121756
"lcl|CP059658.1_cds_QRW15802.1_285 [locus_tag=RhiXN_03803] [protein=ribonuclease T2 family] [protein_id=QRW15802.1] [location=join(994508..994721,994791..995844,995906..996074,996131..996320,996499..996609,996696..997228,997294..997396,997462..998074,998676..998880,998937..998987,999040..999165,999219..999383,999441..999542,999595..999658,999713..999790,1000448..1000514,1000572..1000635,1000696..1000820,1000869..1001020,1001077..1001462,1001887..1001930,1001981..1002125,1002183..1002291,1002375..1002458,1002513..1002652,1002733..1003043,1003098..1003182,1003231..1003684,1003736..1004133,1004187..1004297,1004353..1004481,1004530..1004610,1004668..1005144,1005193..1005619,1005675..1005924,1005978..1006011,1006068..1006214,1006271..1006330,1006690..1006737,1006798..1006874,1006925..1007110,1007165..1007219,1007269..1007345,1007402..1007474,1007544..1007567)] [gbkey=CDS]",0.5263035381750466
"lcl|CP059658.1_cds_QRW15803.1_286 [locus_tag=RhiXN_03804] [protein=phosphatidylinositol 3- and 4-kinase] [protein_id=QRW15803.1] [location=complement(join(1007725..1007781,1007819..1008046,1008104..1008231,1008282..1008366,1008422..1008509,1008562..1008684,1008741..1008832,1008882..1009006,1009054..1009251,1009301..1009550,1009598..1009792,1009840..1009927,1009986..1010144,1010195..1010275,1010334..1010431,1010479..1010761,1010813..1011326,1011375..1011909,1011961..1013175,1013227..1013469,1013516..1014010,1014064..1014160,1014219..1014374,1014434..1014730,1014783..1015207,1015259..1015680,1015866..1016457))] [gbkey=CDS]",0.4805176924136032
"lcl|CP059658.1_cds_QRW15804.1_287 [locus_tag=RhiXN_03805] [protein=hypothetical protein] [protein_id=QRW15804.1] [location=complement(join(1016955..1017002,1017067..1017180,1017244..1017311,1017397..1017478))] [gbkey=CDS]",0.49673202614379086
"lcl|CP059658.1_cds_QRW15805.1_288 [locus_tag=RhiXN_03806] [protein=proprotein convertase subtilisin/kexin type 5] [protein_id=QRW15805.1] [location=join(1020440..1020504,1020565..1020733,1020785..1020979,1021031..1021222,1021272..1022324)] [gbkey=CDS]",0.5707434052757794
"lcl|CP059658.1_cds_QRW15806.1_289 [locus_tag=RhiXN_03807] [protein=hypothetical protein] [protein_id=QRW15806.1] [location=join(1023377..1023797,1023853..1023882,1023938..1024095,1024150..1024226,1024284..1024374)] [gbkey=CDS]",0.5330739299610895
"lcl|CP059658.1_cds_QRW15807.1_290 [locus_tag=RhiXN_03808] [protein=Sugar (and other) transporter] [protein_id=QRW15807.1] [location=complement(join(1024578..1024809,1024868..1024972,1025026..1025279,1025513..1025537,1025593..1025905,1025956..1026021,1026079..1026193,1026246..1026425,1026477..1026525,1026586..1026661,1026729..1026786))] [gbkey=CDS]",0.4812542603953647
"lcl|CP059658.1_cds_QRW15808.1_291 [locus_tag=RhiXN_03809] [protein=enolase C-terminal domain-like protein] [protein_id=QRW15808.1] [location=join(1027455..1027502,1027561..1027680,1027758..1028009,1028059..1028231,1028344..1028389,1028445..1028582,1028641..1028850,1028908..1029120)] [gbkey=CDS]",0.5134003350083752
"lcl|CP059658.1_cds_QRW15809.1_292 [locus_tag=RhiXN_03810] [protein=kinase domain protein] [protein_id=QRW15809.1] [location=join(1029476..1029658,1029721..1029843,1029901..1030083,1030142..1030285)] [gbkey=CDS]",0.46411483253588515
"lcl|CP059658.1_cds_QRW15810.1_293 [locus_tag=RhiXN_03811] [protein=Nucleoside transporter] [protein_id=QRW15810.1] [location=complement(join(1030388..1030918,1030983..1031085,1031142..1031620,1031690..1031829,1031885..1031897))] [gbkey=CDS]",0.4849206349206349
"lcl|CP059658.1_cds_QRW15811.1_294 [locus_tag=RhiXN_03812] [protein=dolichyl-phosphate-mannose-protein mannosyltransferase] [protein_id=QRW15811.1] [location=join(1032428..1032699,1032803..1032955,1033010..1033614,1033667..1033762,1033820..1034146,1034197..1034301,1034359..1034516,1034570..1034717,1034774..1035095,1035157..1035175,1035229..1035537,1035588..1035800)] [gbkey=CDS]",0.5174568173465638
"lcl|CP059658.1_cds_QRW15812.1_295 [locus_tag=RhiXN_03813] [protein=Enoyl-(Acyl carrier protein) reductase] [protein_id=QRW15812.1] [location=complement(join(1035955..1036050,1036101..1036129,1036183..1036293,1036344..1036419,1036465..1036500,1036552..1036565,1036616..1036709,1036758..1036836,1036887..1036951,1037000..1037222,1037279..1037304,1037355..1037378))] [gbkey=CDS]",0.5063437139561707
"lcl|CP059658.1_cds_QRW15813.1_296 [locus_tag=RhiXN_03814] [protein=The BTB (BR-C, ttk and bab)/POZ (Pox virus and Zinc finger) domain] [protein_id=QRW15813.1] [location=complement(1037832..1038647)] [gbkey=CDS]",0.47901234567901235
"lcl|CP059658.1_cds_QRW15814.1_297 [locus_tag=RhiXN_03815] [protein=The BTB (BR-C, ttk and bab)/POZ (Pox virus and Zinc finger) domain] [protein_id=QRW15814.1] [location=complement(1039786..1040343)] [gbkey=CDS]",0.4601449275362319
"lcl|CP059658.1_cds_QRW15815.1_298 [locus_tag=RhiXN_03816] [protein=Retrotransposable element Tf2 protein] [protein_id=QRW15815.1] [location=complement(join(1042790..1043568,1043599..1044349))] [gbkey=CDS]",0.40288713910761154
"lcl|CP059658.1_cds_QRW15816.1_299 [locus_tag=RhiXN_03817] [protein=Retrotransposable element Tf2 protein] [protein_id=QRW15816.1] [location=complement(join(1045211..1046181,1046231..1046921,1046981..1047306,1047348..1047584,1047631..1047952,1048002..1048043,1048103..1048435))] [gbkey=CDS]",0.4921124828532236
"lcl|CP059658.1_cds_QRW15817.1_300 [locus_tag=RhiXN_03818] [protein=Retrotransposon-derived protein PEG10] [protein_id=QRW15817.1] [location=complement(join(1048561..1048699,1048744..1049089,1049134..1049218))] [gbkey=CDS]",0.5549645390070922
"lcl|CP059658.1_cds_QRW15818.1_301 [locus_tag=RhiXN_03819] [protein=hypothetical protein] [protein_id=QRW15818.1] [location=complement(join(1049243..1049916,1050944..1051193))] [gbkey=CDS]",0.5479302832244008
"lcl|CP059658.1_cds_QRW15819.1_302 [locus_tag=RhiXN_03820] [protein=Zinc finger, CCHC-type] [protein_id=QRW15819.1] [location=complement(join(1051597..1052238,1052307..1053122))] [gbkey=CDS]",0.46005509641873277
lcl|CP059658.1_cds_QRW15820.1_303 [locus_tag=RhiXN_03821] [protein=Retrotransposable element Tf2 protein] [protein_id=QRW15820.1] [location=1055617..1058253] [gbkey=CDS],0.4701634359559103
"lcl|CP059658.1_cds_QRW15821.1_304 [locus_tag=RhiXN_03822] [protein=Retrotransposable element Tf2 protein] [protein_id=QRW15821.1] [location=complement(join(1058808..1059644,1059687..1061375))] [gbkey=CDS]",0.48214285714285715
lcl|CP059658.1_cds_QRW15822.1_305 [locus_tag=RhiXN_03823] [protein=Retrotransposable element Tf2 protein] [protein_id=QRW15822.1] [location=complement(1061515..1062105)] [gbkey=CDS],0.4735042735042735
lcl|CP059658.1_cds_QRW15823.1_306 [locus_tag=RhiXN_03824] [protein=Retrotransposon gag protein] [protein_id=QRW15823.1] [location=complement(1062219..1063406)] [gbkey=CDS],0.5549915397631133
lcl|CP059658.1_cds_QRW15824.1_307 [locus_tag=RhiXN_03825] [protein=Retrotransposable element Tf2 protein] [protein_id=QRW15824.1] [location=1064635..1065225] [gbkey=CDS],0.4512820512820513
"lcl|CP059658.1_cds_QRW15825.1_308 [locus_tag=RhiXN_03826] [protein=The BTB (BR-C, ttk and bab)/POZ (Pox virus and Zinc finger) domain] [protein_id=QRW15825.1] [location=complement(join(1066979..1067019,1067066..1067633))] [gbkey=CDS]",0.4295190713101161
"lcl|CP059658.1_cds_QRW15826.1_309 [locus_tag=RhiXN_03827] [protein=The BTB (BR-C, ttk and bab)/POZ (Pox virus and Zinc finger) domain] [protein_id=QRW15826.1] [location=complement(1068283..1069257)] [gbkey=CDS]",0.44272445820433437
"lcl|CP059658.1_cds_QRW15827.1_310 [locus_tag=RhiXN_03828] [protein=The BTB (BR-C, ttk and bab)/POZ (Pox virus and Zinc finger) domain] [protein_id=QRW15827.1] [location=complement(1069849..1070829)] [gbkey=CDS]",0.49538461538461537
"lcl|CP059658.1_cds_QRW15828.1_311 [locus_tag=RhiXN_03829] [protein=hypothetical protein] [protein_id=QRW15828.1] [location=complement(join(1071203..1071851,1071902..1071999,1072058..1072278,1072341..1072397,1072471..1072575,1072628..1072666,1072722..1072961,1073035..1073677))] [gbkey=CDS]",0.5449657869012707
"lcl|CP059658.1_cds_QRW15829.1_312 [locus_tag=RhiXN_03830] [protein=Apt1 domain protein] [protein_id=QRW15829.1] [location=complement(join(1074966..1075082,1075139..1075758,1075808..1075838,1075890..1075982,1076036..1076060,1076113..1076825,1076877..1077503,1077554..1077655,1077703..1077868,1077919..1078418,1078465..1078716,1078775..1078902,1078956..1080073,1080127..1080274,1080357..1082108,1082144..1083204,1083233..1083504,1083554..1083598,1083654..1084874))] [gbkey=CDS]",0.5078464106844741
"lcl|CP059658.1_cds_QRW15830.1_313 [locus_tag=RhiXN_03831] [protein=DNA polymerase alpha/epsilon subunit B] [protein_id=QRW15830.1] [location=complement(join(1085299..1085457,1085514..1085624,1085683..1085996,1086047..1086263,1086312..1086369,1086417..1086541,1086593..1086727,1086782..1086932,1086982..1087165,1087223..1087364,1087414..1087443))] [gbkey=CDS]",0.4783950617283951
"lcl|CP059658.1_cds_QRW15831.1_314 [locus_tag=RhiXN_03832] [protein=hypothetical protein] [protein_id=QRW15831.1] [location=complement(join(1088159..1088500,1088562..1088705,1088756..1088998))] [gbkey=CDS]",0.5131396957123098
"lcl|CP059658.1_cds_QRW15832.1_315 [locus_tag=RhiXN_03833] [protein=glycoside hydrolase family 92 protein] [protein_id=QRW15832.1] [location=join(1089800..1090228,1090276..1090503,1090849..1090986,1091203..1091277,1091326..1091728,1091786..1092016,1092071..1092267,1092385..1092415,1092469..1092530,1092583..1092590,1092646..1092666,1092721..1092869,1092953..1092986,1093041..1093171,1093227..1093417,1093477..1093683,1093740..1093748,1093800..1093886,1093943..1093989,1094058..1094163,1094218..1094592,1094649..1094684)] [gbkey=CDS]",0.5239887111947319
"lcl|CP059658.1_cds_QRW15833.1_316 [locus_tag=RhiXN_03834] [protein=Golgi apparatus membrane protein TVP38] [protein_id=QRW15833.1] [location=complement(join(1095885..1096067,1096121..1096222,1096281..1096631,1096704..1097029,1097121..1097358))] [gbkey=CDS]",0.585427135678392
"lcl|CP059658.1_cds_QRW15834.1_317 [locus_tag=RhiXN_03835] [protein=haloacid dehalogenase] [protein_id=QRW15834.1] [location=join(1098647..1098839,1098980..1099108,1099359..1099419,1099653..1099734)] [gbkey=CDS]",0.5490196078431373
"lcl|CP059658.1_cds_QRW15835.1_318 [locus_tag=RhiXN_03836] [protein=Tubulin/FtsZ family, GTPase domain] [protein_id=QRW15835.1] [location=complement(join(1100376..1100943,1100993..1101165,1101218..1101519,1101571..1101781,1101839..1101870,1102003..1102063))] [gbkey=CDS]",0.5428784489187174
"lcl|CP059658.1_cds_QRW15836.1_319 [locus_tag=RhiXN_03837] [protein=Tubulin/FtsZ family, GTPase domain] [protein_id=QRW15836.1] [location=join(1102559..1102654,1102704..1102914,1102965..1103266,1103325..1103497,1103549..1103703,1103759..1104168)] [gbkey=CDS]",0.5548098434004475
"lcl|CP059658.1_cds_QRW15837.1_320 [locus_tag=RhiXN_03838] [protein=hypothetical protein] [protein_id=QRW15837.1] [location=complement(join(1105093..1105222,1105272..1105348,1105398..1105567,1105629..1105989))] [gbkey=CDS]",0.5327868852459017
"lcl|CP059658.1_cds_QRW15838.1_321 [locus_tag=RhiXN_03839] [protein=Golgi apparatus membrane protein TVP38] [protein_id=QRW15838.1] [location=complement(join(1108857..1109171,1109225..1109629,1109683..1109730,1109790..1110494))] [gbkey=CDS]",0.5555555555555556
"lcl|CP059658.1_cds_QRW15839.1_322 [locus_tag=RhiXN_03840] [protein=casein kinase II subunit beta] [protein_id=QRW15839.1] [location=complement(join(1111640..1111717,1111776..1111808,1111862..1112040,1112104..1112195,1112359..1112771,1112825..1113222,1113283..1113457,1113509..1113618,1113668..1113847,1113945..1114059))] [gbkey=CDS]",0.5421618562535371
"lcl|CP059658.1_cds_QRW15840.1_323 [locus_tag=RhiXN_03841] [protein=protein argonaute 2] [protein_id=QRW15840.1] [location=join(1114385..1114451,1114511..1114597,1114650..1114742,1114792..1115052,1115173..1115345,1115401..1115492,1115546..1115644,1115694..1115752,1115810..1115885,1115941..1115947,1115997..1116084,1116133..1116362,1116409..1116522,1116583..1116624,1116679..1116700,1116752..1116864,1116924..1117080,1117131..1117175,1117233..1117255,1117304..1117413,1117467..1117482,1117531..1117610,1117662..1117759,1117808..1117892,1117946..1117981,1118034..1118167,1118219..1118266,1118321..1118371,1118432..1118519,1118578..1118587,1118638..1118708,1118762..1118877,1118927..1119093)] [gbkey=CDS]",0.5365853658536586
"lcl|CP059658.1_cds_QRW15841.1_324 [locus_tag=RhiXN_03842] [protein=major facilitator superfamily transporter] [protein_id=QRW15841.1] [location=complement(join(1119504..1119509,1119584..1119790,1119849..1119920))] [gbkey=CDS]",0.4946236559139785
"lcl|CP059658.1_cds_QRW15842.1_325 [locus_tag=RhiXN_03843] [protein=major facilitator superfamily transporter] [protein_id=QRW15842.1] [location=complement(join(1120007..1120166,1120218..1120272,1120326..1120397,1120452..1120740,1120801..1120834,1120888..1121005,1121056..1121151,1121193..1121347,1121403..1121671))] [gbkey=CDS]",0.48711755233494364
"lcl|CP059658.1_cds_QRW15843.1_326 [locus_tag=RhiXN_03844] [protein=aldo/keto reductase family protein] [protein_id=QRW15843.1] [location=join(1122812..1122842,1122897..1123020,1123069..1123195,1123242..1123325,1123377..1123673,1123732..1123833,1123907..1123938,1123994..1124144)] [gbkey=CDS]",0.46284501061571126
"lcl|CP059658.1_cds_QRW15844.1_327 [locus_tag=RhiXN_03845] [protein=Uracil phosphoribosyltransferase] [protein_id=QRW15844.1] [location=complement(join(1124298..1124378,1124434..1124466,1124541..1124559,1124609..1124639,1124690..1124722,1124779..1124830,1124886..1124938,1124973..1125045,1125114..1125181,1125236..1125283,1125341..1125393,1125455..1125585))] [gbkey=CDS]",0.484304932735426
"lcl|CP059658.1_cds_QRW15845.1_328 [locus_tag=RhiXN_03846] [protein=hypothetical protein] [protein_id=QRW15845.1] [location=complement(join(1125794..1126126,1126184..1126361,1126414..1126740,1126794..1126940,1127003..1127025))] [gbkey=CDS]",0.5039920159680639
"lcl|CP059658.1_cds_QRW15846.1_329 [locus_tag=RhiXN_03847] [protein=ribosomal RNA small subunit methyltransferase mra1] [protein_id=QRW15846.1] [location=complement(join(1127338..1127940,1127993..1128062,1128116..1128343,1128403..1128470,1128680..1128712,1128769..1128783,1128844..1128913,1128968..1129067,1129121..1129163,1129214..1129280,1129420..1129472,1129528..1130067))] [gbkey=CDS]",0.505307855626327
"lcl|CP059658.1_cds_QRW15847.1_330 [locus_tag=RhiXN_03848] [protein=dsrm domain protein] [protein_id=QRW15847.1] [location=complement(join(1131706..1131786,1132344..1132456,1132516..1132725,1132771..1132972))] [gbkey=CDS]",0.5166666666666667
"lcl|CP059658.1_cds_QRW15848.1_331 [locus_tag=RhiXN_03849] [protein=hypothetical protein] [protein_id=QRW15848.1] [location=complement(join(1134126..1134170,1134228..1134340,1134404..1134610,1134681..1134863,1134919..1135084))] [gbkey=CDS]",0.519774011299435
"lcl|CP059658.1_cds_QRW15849.1_332 [locus_tag=RhiXN_03850] [protein=Zinc finger protein DZIP1L] [protein_id=QRW15849.1] [location=complement(join(1136441..1138174,1138225..1138461,1138513..1138536,1138578..1139482,1139535..1139731,1139779..1139872,1139935..1140007))] [gbkey=CDS]",0.5755064456721916
"lcl|CP059658.1_cds_QRW15850.1_333 [locus_tag=RhiXN_03851] [protein=Ish1 domain protein] [protein_id=QRW15850.1] [location=complement(join(1141480..1141593,1141645..1141803,1141865..1142194,1142248..1142394,1142447..1142585,1142639..1142950,1143001..1143214,1143269..1143338))] [gbkey=CDS]",0.5557809330628803
"lcl|CP059658.1_cds_QRW15851.1_334 [locus_tag=RhiXN_03852] [protein=acyl-CoA dehydrogenase] [protein_id=QRW15851.1] [location=join(1143635..1143705,1143756..1143841,1143889..1143989,1144046..1144252,1144352..1144705,1144763..1144977,1145029..1145188,1145239..1145328)] [gbkey=CDS]",0.5164319248826291
"lcl|CP059658.1_cds_QRW15852.1_335 [locus_tag=RhiXN_03853] [protein=gamma-glutamyltranspeptidase] [protein_id=QRW15852.1] [location=complement(join(1145547..1145695,1145770..1145965,1146027..1146094,1146152..1146422,1146479..1146541,1146605..1146683,1146736..1146878,1146941..1147237,1147292..1147322,1147381..1147641,1147691..1147722,1147774..1147808,1147873..1148131,1148196..1148252,1148313..1148516,1148569..1148911,1148964..1149157,1149211..1149560,1149616..1149822,1149870..1150287,1150337..1150352,1150405..1150556))] [gbkey=CDS]",0.5079863838701231
"lcl|CP059658.1_cds_QRW15853.1_336 [locus_tag=RhiXN_03854] [protein=eukaryotic translation initiation factor 3 subunit 7] [protein_id=QRW15853.1] [location=join(1150934..1151037,1151087..1151471,1151521..1151636,1151688..1151820,1151870..1152020,1152079..1152610,1152667..1152859,1152910..1153002)] [gbkey=CDS]",0.5108759553203998
"lcl|CP059658.1_cds_QRW15854.1_337 [locus_tag=RhiXN_03855] [protein=CUE domain protein] [protein_id=QRW15854.1] [location=complement(join(1153053..1153101,1153159..1153619,1153678..1153896,1153952..1154074,1154136..1154234))] [gbkey=CDS]",0.4846560846560847
"lcl|CP059658.1_cds_QRW15855.1_338 [locus_tag=RhiXN_03856] [protein=major facilitator superfamily transporter] [protein_id=QRW15855.1] [location=join(1154753..1154787,1154840..1155096,1155149..1155545,1155819..1155945,1156194..1156353,1156408..1156480,1156548..1156813,1156864..1156875,1156932..1157086,1157140..1157392,1157446..1157744,1157795..1157819,1157873..1157935,1157989..1158117,1158172..1158227)] [gbkey=CDS]",0.49109083007388094
"lcl|CP059658.1_cds_QRW15856.1_339 [locus_tag=RhiXN_03857] [protein=proteasome subunit beta type protein] [protein_id=QRW15856.1] [location=complement(join(1158470..1158657,1158709..1158798,1158851..1159035,1159097..1159137,1159193..1159273,1159321..1159398,1159459..1159509))] [gbkey=CDS]",0.5056497175141242
"lcl|CP059658.1_cds_QRW15857.1_340 [locus_tag=RhiXN_03858] [protein=eukaryotic translation initiation factor 3 subunit K] [protein_id=QRW15857.1] [location=join(1159688..1159787,1159852..1159917,1159971..1160346,1160399..1160510,1160569..1160703)] [gbkey=CDS]",0.4674329501915709
"lcl|CP059658.1_cds_QRW15858.1_341 [locus_tag=RhiXN_03859] [protein=pheromone-regulated membrane protein] [protein_id=QRW15858.1] [location=complement(join(1160872..1160970,1161027..1161793,1161843..1161967,1162028..1162071,1162131..1162569,1162637..1162858,1163204..1163343))] [gbkey=CDS]",0.4989071038251366
"lcl|CP059658.1_cds_QRW15859.1_342 [locus_tag=RhiXN_03860] [protein=hypothetical protein] [protein_id=QRW15859.1] [location=complement(join(1164392..1164744,1164795..1164854,1164909..1165173))] [gbkey=CDS]",0.5044642857142857
"lcl|CP059658.1_cds_QRW15860.1_343 [locus_tag=RhiXN_03861] [protein=enoyl-CoA hydratase/isomerase family protein] [protein_id=QRW15860.1] [location=join(1165371..1165556,1165607..1165627,1165684..1165724,1165773..1166002,1166057..1166215,1166271..1166351,1166407..1166582)] [gbkey=CDS]",0.5225225225225225
"lcl|CP059658.1_cds_QRW15861.1_344 [locus_tag=RhiXN_03862] [protein=hypothetical protein] [protein_id=QRW15861.1] [location=complement(join(1166869..1167548,1167623..1167829,1167883..1168114,1168174..1168278,1168335..1168403))] [gbkey=CDS]",0.5299145299145299
"lcl|CP059658.1_cds_QRW15862.1_345 [locus_tag=RhiXN_03863] [protein=exocyst complex component Sec10] [protein_id=QRW15862.1] [location=complement(join(1169245..1169569,1169727..1169789,1169839..1170049,1170099..1170334,1170386..1170463,1170511..1170563,1170615..1170794,1170848..1171201,1171254..1171271,1171313..1171427,1171479..1171600,1171654..1171752,1171813..1172027,1172081..1172150,1172213..1172376,1172430..1172505,1172556..1172600))] [gbkey=CDS]",0.48966087675765096
"lcl|CP059658.1_cds_QRW15863.1_346 [locus_tag=RhiXN_03864] [protein=hypothetical protein] [protein_id=QRW15863.1] [location=join(1172869..1173137,1173199..1173333,1173387..1173485,1173534..1173665,1173721..1173864,1173924..1174026,1174081..1174248)] [gbkey=CDS]",0.4942528735632184
"lcl|CP059658.1_cds_QRW15864.1_347 [locus_tag=RhiXN_03865] [protein=hypothetical protein] [protein_id=QRW15864.1] [location=join(1174879..1175000,1175084..1175167,1175216..1175396,1175455..1175523,1175579..1175730,1175784..1175907,1175964..1176199,1176252..1176351,1176403..1176667,1176717..1176877)] [gbkey=CDS]",0.508736559139785
"lcl|CP059658.1_cds_QRW15865.1_348 [locus_tag=RhiXN_03866] [protein=hypothetical protein] [protein_id=QRW15865.1] [location=join(1177901..1178020,1178079..1178099,1178150..1178210,1178276..1178347,1178406..1178424,1178474..1178597,1178648..1178707,1178762..1178797,1178848..1178892,1178943..1179043,1179093..1179105,1179161..1179247,1179303..1179414,1179465..1179565,1179619..1179879)] [gbkey=CDS]",0.49551752241238795
"lcl|CP059658.1_cds_QRW15866.1_349 [locus_tag=RhiXN_03867] [protein=Poly(A) polymerase central domain] [protein_id=QRW15866.1] [location=join(1180227..1180243,1180299..1180427,1180481..1180739,1180796..1180961,1181025..1181114,1181165..1181303,1181369..1181465,1181525..1181645,1181700..1181838,1181887..1182149,1182211..1182334,1182411..1182495,1182554..1182597,1182652..1182958)] [gbkey=CDS]",0.49037487335359675
"lcl|CP059658.1_cds_QRW15867.1_350 [locus_tag=RhiXN_03868] [protein=aldo/keto reductase family protein] [protein_id=QRW15867.1] [location=complement(join(1183939..1184057,1184112..1184236,1184286..1184339,1184406..1184500,1184561..1184857,1184921..1185131,1185189..1185312,1185368..1185407))] [gbkey=CDS]",0.4976392823418319
"lcl|CP059658.1_cds_QRW15868.1_351 [locus_tag=RhiXN_03869] [protein=aldo/keto reductase family protein] [protein_id=QRW15868.1] [location=join(1186881..1186943,1186994..1187074,1187137..1187424,1187483..1187551)] [gbkey=CDS]",0.5111111111111111
"lcl|CP059658.1_cds_QRW15869.1_352 [locus_tag=RhiXN_03870] [protein=reticuline oxidase] [protein_id=QRW15869.1] [location=complement(join(1187767..1187881,1187936..1188184,1188314..1188635,1188691..1189125,1189176..1189245))] [gbkey=CDS]",0.4641350210970464
"lcl|CP059658.1_cds_QRW15870.1_353 [locus_tag=RhiXN_03871] [protein=asparaginyl-tRNA synthetase] [protein_id=QRW15870.1] [location=complement(join(1190694..1190785,1190843..1191026,1191081..1191204,1191258..1191398,1191454..1191607,1191665..1191751,1191807..1191966,1192025..1192159,1192215..1192426,1192482..1192603,1192659..1192802,1192859..1192917))] [gbkey=CDS]",0.48818407960199006
"lcl|CP059658.1_cds_QRW15871.1_354 [locus_tag=RhiXN_03872] [protein=RNA polymerase II-associated protein] [protein_id=QRW15871.1] [location=join(1193418..1193436,1193499..1193627,1193674..1193774,1193824..1194011,1194052..1194209,1194263..1195009,1195064..1195632,1195690..1195827,1195884..1196035,1196096..1196659,1196720..1196759)] [gbkey=CDS]",0.5226866738120758
"lcl|CP059658.1_cds_QRW15872.1_355 [locus_tag=RhiXN_03873] [protein=Pre-rRNA-processing protein TSR2] [protein_id=QRW15872.1] [location=complement(join(1196988..1197074,1197103..1197555))] [gbkey=CDS]",0.5205992509363296
"lcl|CP059658.1_cds_QRW15873.1_356 [locus_tag=RhiXN_03874] [protein=CoA-binding domain protein] [protein_id=QRW15873.1] [location=join(1197875..1197922,1197967..1198185,1198254..1198322)] [gbkey=CDS]",0.5303030303030303
"lcl|CP059658.1_cds_QRW15874.1_357 [locus_tag=RhiXN_03875] [protein=pentatricopeptide repeat-containing protein 5, mitochondrial] [protein_id=QRW15874.1] [location=complement(join(1199022..1199822,1199877..1201813,1201864..1201974,1202029..1203421,1203479..1203679))] [gbkey=CDS]",0.5620915032679739
"lcl|CP059658.1_cds_QRW15875.1_358 [locus_tag=RhiXN_03876] [protein=ADP-ribosylation factor family] [protein_id=QRW15875.1] [location=join(1205267..1205295,1205361..1205401,1205458..1205490,1205543..1205679,1206484..1206572,1206634..1206770,1206822..1207289,1207340..1207734,1207789..1208147,1208200..1208247,1208720..1208830,1208885..1208901,1208956..1209101,1209156..1209236,1210303..1210339,1210394..1210422,1210484..1210525,1210576..1210639,1210696..1210845,1210898..1211065,1211131..1211279)] [gbkey=CDS]",0.4900881057268722
"lcl|CP059658.1_cds_QRW15876.1_359 [locus_tag=RhiXN_03877] [protein=mRNA cleavage and polyadenylation factor CLP1] [protein_id=QRW15876.1] [location=complement(join(1211331..1212361,1212417..1212514,1212570..1212778,1212828..1213329,1213385..1213827))] [gbkey=CDS]",0.4782608695652174
"lcl|CP059658.1_cds_QRW15877.1_360 [locus_tag=RhiXN_03878] [protein=NADH-ubiquinone oxidoreductase family protein] [protein_id=QRW15877.1] [location=join(1213978..1214054,1214109..1214177,1214231..1214245,1214304..1214318,1214374..1214440)] [gbkey=CDS]",0.4978902953586498
"lcl|CP059658.1_cds_QRW15878.1_361 [locus_tag=RhiXN_03879] [protein=hypothetical protein] [protein_id=QRW15878.1] [location=complement(join(1214556..1214890,1214940..1215134,1215188..1215284,1215340..1215390))] [gbkey=CDS]",0.4851190476190476
"lcl|CP059658.1_cds_QRW15879.1_362 [locus_tag=RhiXN_03880] [protein=hypothetical protein] [protein_id=QRW15879.1] [location=join(1215844..1216970,1217025..1217133,1217182..1217445)] [gbkey=CDS]",0.48125836680053546
"lcl|CP059658.1_cds_QRW15880.1_363 [locus_tag=RhiXN_03881] [protein=endoplasmic reticulum membrane protein] [protein_id=QRW15880.1] [location=complement(join(1217952..1218482,1218541..1218789,1218846..1218915,1218966..1219265,1219320..1219390,1219444..1219567,1219624..1219650,1219708..1219832))] [gbkey=CDS]",0.4721663313212609
"lcl|CP059658.1_cds_QRW15881.1_364 [locus_tag=RhiXN_03882] [protein=5-methyltetrahydropteroyltriglutamate-homocysteine S-methyltransferase] [protein_id=QRW15881.1] [location=complement(join(1222079..1222528,1222584..1222857,1222911..1224137,1224201..1224368,1224422..1224563,1224613..1224649))] [gbkey=CDS]",0.5466841186736475
"lcl|CP059658.1_cds_QRW15882.1_365 [locus_tag=RhiXN_03883] [protein=ABC1 family protein] [protein_id=QRW15882.1] [location=complement(join(1224989..1225002,1225061..1225394,1225444..1225498,1225560..1225705,1225758..1225849,1225902..1225985,1226067..1226390,1226449..1226533,1226587..1226742,1226795..1226859,1226910..1226955,1227005..1227020,1227075..1227168,1227221..1227240,1227302..1227328,1227401..1227585))] [gbkey=CDS]",0.48416810592976395
"lcl|CP059658.1_cds_QRW15883.1_366 [locus_tag=RhiXN_03884] [protein=hypothetical protein] [protein_id=QRW15883.1] [location=join(1227975..1228035,1228088..1228608,1228660..1228792,1228843..1228893,1228954..1229042,1229105..1229356,1229411..1229608)] [gbkey=CDS]",0.48498845265588914
"lcl|CP059658.1_cds_QRW15884.1_367 [locus_tag=RhiXN_03885] [protein=cytochrome P450 family protein] [protein_id=QRW15884.1] [location=complement(join(1229727..1229998,1230059..1230214,1230282..1230323,1230387..1230452,1230517..1230632,1230683..1230714,1230774..1230925,1231002..1231078,1231163..1231289,1231368..1231597,1231640..1231822,1231879..1231942,1231997..1232105))] [gbkey=CDS]",0.4765432098765432
"lcl|CP059658.1_cds_QRW15885.1_368 [locus_tag=RhiXN_03886] [protein=cytochrome P450 family protein] [protein_id=QRW15885.1] [location=complement(join(1233568..1233851,1233908..1234063,1234116..1234157,1234205..1234270,1234323..1234438,1234487..1234518,1234576..1234727,1234779..1234855,1234908..1235034,1235087..1235283,1235334..1235348,1236454..1236710,1236771..1236887,1236941..1237083,1237133..1237171,1237228..1237299,1237372..1237442,1237491..1237546))] [gbkey=CDS]",0.4808743169398907
"lcl|CP059658.1_cds_QRW15886.1_369 [locus_tag=RhiXN_03887] [protein=mitochondrial carrier protein] [protein_id=QRW15886.1] [location=join(1237680..1238100,1238198..1238403,1238453..1238507,1238561..1238821,1238874..1239124,1239179..1239320,1239380..1239507,1239564..1239594,1239650..1239930,1240002..1240041,1240096..1240148)] [gbkey=CDS]",0.5152979066022544
"lcl|CP059658.1_cds_QRW15887.1_370 [locus_tag=RhiXN_03888] [protein=hypothetical protein] [protein_id=QRW15887.1] [location=complement(join(1240621..1241015,1241082..1241528,1241590..1242589,1242668..1242913,1242971..1243108))] [gbkey=CDS]",0.5436936936936937
"lcl|CP059658.1_cds_QRW15888.1_371 [locus_tag=RhiXN_03889] [protein=hypothetical protein] [protein_id=QRW15888.1] [location=complement(join(1243745..1244266,1244324..1244933,1244986..1245206))] [gbkey=CDS]",0.5493689680772086
"lcl|CP059658.1_cds_QRW15889.1_372 [locus_tag=RhiXN_03890] [protein=glutamyl-tRNA synthetase] [protein_id=QRW15889.1] [location=complement(join(1245773..1246964,1247024..1247324,1247384..1247879,1247935..1248140,1248189..1248260,1248311..1248605))] [gbkey=CDS]",0.5301251956181534
"lcl|CP059658.1_cds_QRW15890.1_373 [locus_tag=RhiXN_03891] [protein=hypothetical protein] [protein_id=QRW15890.1] [location=complement(join(1248923..1249167,1249224..1249479,1249544..1249766,1249823..1249966,1250024..1250051,1250116..1250242,1250291..1250325,1250378..1250398,1250460..1250500,1250559..1250758))] [gbkey=CDS]",0.4779299847792998
"lcl|CP059658.1_cds_QRW15891.1_374 [locus_tag=RhiXN_03892] [protein=chitin deacetylase] [protein_id=QRW15891.1] [location=join(1252457..1252640,1252692..1252975,1253170..1253379,1253429..1253932)] [gbkey=CDS]",0.5382653061224489
"lcl|CP059658.1_cds_QRW15892.1_375 [locus_tag=RhiXN_03893] [protein=carbohydrate esterase family 10 protein] [protein_id=QRW15892.1] [location=complement(join(1256089..1256856,1256915..1257183,1257239..1257497))] [gbkey=CDS]",0.5031007751937985
"lcl|CP059658.1_cds_QRW15893.1_376 [locus_tag=RhiXN_03894] [protein=hypothetical protein] [protein_id=QRW15893.1] [location=join(1258611..1258754,1258810..1258819,1258872..1258906,1258964..1258976,1259032..1259082,1259138..1259162,1259218..1259249,1259307..1259569)] [gbkey=CDS]",0.5485008818342152
lcl|CP059658.1_cds_QRW15894.1_377 [locus_tag=RhiXN_03895] [protein=hypothetical protein] [protein_id=QRW15894.1] [location=complement(1259991..1261310)] [gbkey=CDS],0.563165905631659
"lcl|CP059658.1_cds_QRW15895.1_378 [locus_tag=RhiXN_03896] [protein=vacuolar membrane protein] [protein_id=QRW15895.1] [location=complement(join(1261803..1262280,1262335..1262471,1262528..1262798,1262849..1263084))] [gbkey=CDS]",0.5161290322580645
"lcl|CP059658.1_cds_QRW15896.1_379 [locus_tag=RhiXN_03897] [protein=AAA family ATPase] [protein_id=QRW15896.1] [location=join(1263298..1263572,1263622..1263744,1263798..1264032,1264092..1264491,1264544..1264716,1264766..1264900,1264952..1265254,1265303..1265467,1265518..1265599,1265649..1265849,1265900..1265979,1266041..1266367)] [gbkey=CDS]",0.5098275170477337
lcl|CP059658.1_cds_QRW15897.1_380 [locus_tag=RhiXN_03898] [protein=GTP cyclohydrolase II] [protein_id=QRW15897.1] [location=1267194..1268867] [gbkey=CDS],0.539568345323741
"lcl|CP059658.1_cds_QRW15898.1_381 [locus_tag=RhiXN_03899] [protein=importin beta N-terminal domain] [protein_id=QRW15898.1] [location=join(1269145..1269377,1269439..1269511,1269566..1269627,1269680..1269857,1269916..1270122,1270181..1270475,1270529..1270636,1270689..1270846,1270900..1270990,1271047..1271139,1271187..1271244,1271295..1271475,1271533..1271682,1271740..1271785,1271840..1271943,1271998..1272069,1272119..1272331,1272381..1272557,1272609..1272767,1272815..1273017,1273073..1273166,1273216..1273389)] [gbkey=CDS]",0.49023374959974386
"lcl|CP059658.1_cds_QRW15899.1_382 [locus_tag=RhiXN_03900] [protein=peroxisomal biogenesis factor 2] [protein_id=QRW15899.1] [location=complement(join(1273458..1273919,1273964..1274056,1274111..1274228,1274278..1274497,1274554..1274716,1274768..1274965))] [gbkey=CDS]",0.4983974358974359
"lcl|CP059658.1_cds_QRW15900.1_383 [locus_tag=RhiXN_03901] [protein=CorA-like magnesium transporter protein] [protein_id=QRW15900.1] [location=join(1275440..1275564,1275628..1275739,1275794..1276094,1276419..1276469,1276516..1276647,1276704..1276805,1276857..1276957,1277014..1277040)] [gbkey=CDS]",0.47195767195767196
"lcl|CP059658.1_cds_QRW15901.1_384 [locus_tag=RhiXN_03902] [protein=cytochrome P450 family protein] [protein_id=QRW15901.1] [location=join(1277949..1278182,1278217..1278327,1278395..1278845,1278949..1279107,1279165..1279299,1279356..1279381,1279484..1279508,1279561..1279661,1279723..1279753,1279809..1279875,1279936..1280002,1280055..1280145,1280201..1280364,1281403..1281533,1281753..1282010,1282061..1282243,1282300..1282496,1282654..1282699,1282748..1282827,1282882..1283033,1283085..1283116,1283166..1283215,1283268..1283333,1283393..1283458,1283510..1283551,1283607..1283762,1283818..1284083)] [gbkey=CDS]",0.4900916888494528
"lcl|CP059658.1_cds_QRW15902.1_385 [locus_tag=RhiXN_03903] [protein=carbohydrate esterase family 10 protein] [protein_id=QRW15902.1] [location=complement(join(1284370..1285136,1285203..1285365))] [gbkey=CDS]",0.5075757575757576
"lcl|CP059658.1_cds_QRW15903.1_386 [locus_tag=RhiXN_03904] [protein=CsbD domain-containing protein] [protein_id=QRW15903.1] [location=complement(join(1286263..1286314,1286369..1286492,1286546..1286660,1287085..1287294))] [gbkey=CDS]",0.5393939393939394
"lcl|CP059658.1_cds_QRW15904.1_387 [locus_tag=RhiXN_03905] [protein=CorA-like magnesium transporter protein] [protein_id=QRW15904.1] [location=join(1287486..1287731,1287787..1287894,1287950..1288041,1288101..1288244,1288302..1288645,1288698..1288832,1288882..1288983,1289039..1289139,1289204..1289295,1289350..1289416,1289468..1289558,1289612..1289660,1289722..1289860)] [gbkey=CDS]",0.4923708920187793
"lcl|CP059658.1_cds_QRW15905.1_388 [locus_tag=RhiXN_03906] [protein=ribosomal protein S18] [protein_id=QRW15905.1] [location=complement(join(1290853..1291342,1291418..1291578))] [gbkey=CDS]",0.5953488372093023
"lcl|CP059658.1_cds_QRW15906.1_389 [locus_tag=RhiXN_03907] [protein=protein kinase response regulator receiver domain-containing protein] [protein_id=QRW15906.1] [location=join(1291796..1291824,1291910..1292331,1292385..1292710)] [gbkey=CDS]",0.5940337224383917
"lcl|CP059658.1_cds_QRW15907.1_390 [locus_tag=RhiXN_03908] [protein=protein kinase response regulator receiver domain-containing protein] [protein_id=QRW15907.1] [location=join(1292778..1293445,1293500..1295015,1295090..1295428,1295482..1295612,1295672..1296257,1296312..1296998,1297063..1297597,1297652..1297929)] [gbkey=CDS]",0.5549218419940853
"lcl|CP059658.1_cds_QRW15908.1_391 [locus_tag=RhiXN_03909] [protein=hypothetical protein] [protein_id=QRW15908.1] [location=join(1298250..1298314,1298390..1298551,1298599..1299043,1299095..1299250,1299302..1299736,1299786..1300274)] [gbkey=CDS]",0.5526918671248569
"lcl|CP059658.1_cds_QRW15909.1_392 [locus_tag=RhiXN_03910] [protein=alpha/beta hydrolase family protein] [protein_id=QRW15909.1] [location=join(1302426..1302429,1302493..1302755,1302808..1303572)] [gbkey=CDS]",0.5165692007797271
"lcl|CP059658.1_cds_QRW15910.1_393 [locus_tag=RhiXN_03911] [protein=carbohydrate esterase family 10 protein] [protein_id=QRW15910.1] [location=join(1305002..1305188,1305238..1305500,1305560..1305732,1305783..1306121,1306153..1306324)] [gbkey=CDS]",0.5398936170212766
"lcl|CP059658.1_cds_QRW15911.1_394 [locus_tag=RhiXN_03912] [protein=26S proteasome non-ATPase regulatory subunit 14] [protein_id=QRW15911.1] [location=complement(join(1306505..1306693,1306755..1307099,1307172..1307302,1307337..1307526,1307589..1307628,1307682..1307767))] [gbkey=CDS]",0.5466666666666666
"lcl|CP059658.1_cds_QRW15912.1_395 [locus_tag=RhiXN_03913] [protein=hypothetical protein] [protein_id=QRW15912.1] [location=join(1307929..1308240,1308291..1308363,1308412..1308530)] [gbkey=CDS]",0.6004016064257028
"lcl|CP059658.1_cds_QRW15913.1_396 [locus_tag=RhiXN_03914] [protein=Serine/threonine-protein kinase] [protein_id=QRW15913.1] [location=join(1308803..1309506,1309557..1309688,1309743..1309812,1309908..1310528,1310585..1310638,1310704..1311295,1311963..1312173,1312232..1312559,1312625..1312851,1312913..1312967,1313019..1313100,1313154..1313267,1313317..1313501,1313550..1313864)] [gbkey=CDS]",0.5605320304017373
"lcl|CP059658.1_cds_QRW15914.1_397 [locus_tag=RhiXN_03915] [protein=altered inheritance of mitochondria protein 32] [protein_id=QRW15914.1] [location=complement(join(1314016..1314188,1314247..1314444,1314495..1314551,1314604..1315003,1315060..1315293))] [gbkey=CDS]",0.5293560606060606
"lcl|CP059658.1_cds_QRW15915.1_398 [locus_tag=RhiXN_03916] [protein=vacuolar protein sorting-associated protein, Vps52/Sac2 family protein] [protein_id=QRW15915.1] [location=join(1316005..1316133,1316186..1316388,1316443..1316503,1316596..1316682,1316735..1316881,1316937..1317284,1317321..1317584,1317637..1317716,1317764..1317890,1317935..1318033)] [gbkey=CDS]",0.5061728395061729
"lcl|CP059658.1_cds_QRW15916.1_399 [locus_tag=RhiXN_03917] [protein=cellular morphogenesis-like protein] [protein_id=QRW15916.1] [location=complement(join(1318447..1318637,1318689..1318965,1319015..1319286,1319337..1319589,1319645..1319716,1319756..1319974,1320039..1320660,1320711..1320863,1320912..1321054,1321106..1321258,1321335..1321505,1322023..1322179,1322230..1322320,1322381..1322576,1322650..1322739,1322793..1322932,1322994..1323068,1323122..1323461))] [gbkey=CDS]",0.5217511776115268
"lcl|CP059658.1_cds_QRW15917.1_400 [locus_tag=RhiXN_03918] [protein=BRCA1 carboxy-terminus (BRCT) domain protein] [protein_id=QRW15917.1] [location=complement(join(1323906..1323979,1324038..1324174,1324228..1324456,1324510..1324634,1324692..1324834))] [gbkey=CDS]",0.452991452991453
"lcl|CP059658.1_cds_QRW15918.1_401 [locus_tag=RhiXN_03919] [protein=hypothetical protein] [protein_id=QRW15918.1] [location=join(1325130..1325181,1325235..1325430,1325477..1325516,1325566..1325651,1325706..1325784,1325832..1325919,1325976..1326082)] [gbkey=CDS]",0.45638629283489096
"lcl|CP059658.1_cds_QRW15919.1_402 [locus_tag=RhiXN_03920] [protein=eukaryotic translation initiation factor 1A,X-chromosomal] [protein_id=QRW15919.1] [location=join(1326179..1326494,1326548..1326662,1326723..1326858)] [gbkey=CDS]",0.45811051693404636
"lcl|CP059658.1_cds_QRW15920.1_403 [locus_tag=RhiXN_03921] [protein=hypothetical protein] [protein_id=QRW15920.1] [location=complement(join(1327095..1327530,1327581..1328931,1328975..1329013,1329064..1329164,1329212..1329905,1329973..1331615,1331668..1332042,1332096..1332318,1332370..1332562,1332615..1332791))] [gbkey=CDS]",0.546689628779181
"lcl|CP059658.1_cds_QRW15921.1_404 [locus_tag=RhiXN_03922] [protein=amidohydrolase family protein] [protein_id=QRW15921.1] [location=complement(join(1333351..1333401,1333453..1333531,1333606..1333891,1334297..1334575,1334630..1334903,1334956..1335101,1335153..1335293,1335359..1335395))] [gbkey=CDS]",0.5229215229215229
"lcl|CP059658.1_cds_QRW15922.1_405 [locus_tag=RhiXN_03923] [protein=metal homeostatis protein bsd2] [protein_id=QRW15922.1] [location=join(1335754..1336332,1336393..1336729,1336800..1337158)] [gbkey=CDS]",0.5476753349093775
"lcl|CP059658.1_cds_QRW15923.1_406 [locus_tag=RhiXN_03924] [protein=cAMP-independent regulatory protein pac2] [protein_id=QRW15923.1] [location=join(1338011..1338160,1338214..1338295,1338355..1338389,1338444..1338595,1338681..1338891,1338958..1339635,1339704..1340078,1340137..1340262,1340320..1340506,1340581..1340675)] [gbkey=CDS]",0.520863309352518
"lcl|CP059658.1_cds_QRW15924.1_407 [locus_tag=RhiXN_03925] [protein=Permease for cytosine/purines, uracil, thiamine, allantoin] [protein_id=QRW15924.1] [location=complement(join(1341107..1341308,1341363..1341417,1341476..1341526,1341593..1341704,1341770..1341807,1341871..1341966,1342034..1342109,1342176..1342425,1342484..1342675,1342730..1342835,1342887..1342972,1343032..1343172,1343222..1343301,1343352..1343373,1343432..1343586))] [gbkey=CDS]",0.4993961352657005
"lcl|CP059658.1_cds_QRW15925.1_408 [locus_tag=RhiXN_03926] [protein=kinesin motor domain protein] [protein_id=QRW15925.1] [location=join(1344132..1344165,1344213..1344580,1344632..1346260,1346317..1347351)] [gbkey=CDS]",0.5392156862745098
"lcl|CP059658.1_cds_QRW15926.1_409 [locus_tag=RhiXN_03927] [protein=kinesin-like protein 6] [protein_id=QRW15926.1] [location=join(1348075..1348457,1348555..1348870,1348933..1349082,1349145..1349303,1349359..1349515,1349574..1349634,1349688..1349818,1349876..1350018,1350057..1350316,1350395..1350578,1350635..1350808,1350859..1350912,1350969..1351175)] [gbkey=CDS]",0.5486725663716814
"lcl|CP059658.1_cds_QRW15927.1_410 [locus_tag=RhiXN_03928] [protein=Metallopeptidase family M24] [protein_id=QRW15927.1] [location=complement(join(1351437..1351618,1351656..1351702,1351764..1351770,1351822..1351864,1351919..1351951,1352005..1352019,1352081..1352108,1352194..1352211,1352257..1352300,1352351..1352476,1352539..1352775))] [gbkey=CDS]",0.5232558139534884
"lcl|CP059658.1_cds_QRW15928.1_411 [locus_tag=RhiXN_03929] [protein=Metallopeptidase family M24] [protein_id=QRW15928.1] [location=complement(join(1353186..1353246,1353300..1353403,1353472..1353489,1353548..1353686,1353837..1353964,1354029..1354048,1354102..1354122,1354176..1354249,1354303..1354396,1354463..1354520,1354593..1354681,1354733..1354805))] [gbkey=CDS]",0.5063001145475372
"lcl|CP059658.1_cds_QRW15929.1_412 [locus_tag=RhiXN_03930] [protein=Metallopeptidase family M24] [protein_id=QRW15929.1] [location=complement(join(1355837..1356411,1356465..1356500,1356552..1356631,1356685..1356792,1356844..1356989,1357045..1357154,1357202..1357315,1357372..1357562,1357618..1357651,1357704..1357782,1357838..1357940,1358008..1358147))] [gbkey=CDS]",0.512280701754386
"lcl|CP059658.1_cds_QRW15930.1_413 [locus_tag=RhiXN_03931] [protein=glycoside hydrolase family 88 protein] [protein_id=QRW15930.1] [location=complement(join(1359574..1359812,1359873..1360035,1360099..1360232,1360287..1360462,1360522..1360542,1360597..1360664,1360730..1360794,1360864..1361129,1361188..1361222,1361288..1361392))] [gbkey=CDS]",0.5031595576619273
"lcl|CP059658.1_cds_QRW15931.1_414 [locus_tag=RhiXN_03932] [protein=enolase C-terminal domain-like protein] [protein_id=QRW15931.1] [location=complement(join(1362913..1363037,1363087..1363161,1363215..1363256,1363311..1363416,1363501..1363593,1363643..1363695,1363748..1363819,1363866..1363967,1364025..1364181,1364224..1364286,1364335..1364488,1364545..1364660))] [gbkey=CDS]",0.484375
"lcl|CP059658.1_cds_QRW15932.1_415 [locus_tag=RhiXN_03933] [protein=vacuolar protein sorting-associated protein, Vps51/Vps67 family protein] [protein_id=QRW15932.1] [location=join(1365066..1365310,1365364..1365408,1365476..1365660,1365714..1365904,1366003..1366134,1366168..1367125,1367178..1367391,1367440..1367561,1367613..1367708,1367758..1367874,1368147..1368238,1368289..1368477,1368533..1368547)] [gbkey=CDS]",0.48092485549132946
"lcl|CP059658.1_cds_QRW15933.1_416 [locus_tag=RhiXN_03934] [protein=glycoside hydrolase family 31 protein] [protein_id=QRW15933.1] [location=complement(join(1368721..1369200,1369260..1369439,1369490..1369606,1369660..1369669,1369726..1369907,1369955..1370069,1370129..1370218,1370270..1370368,1370424..1370462,1370516..1370523,1370582..1370618,1370745..1370782,1370835..1371081,1371137..1371537,1371588..1371658,1371707..1371854))] [gbkey=CDS]",0.4858156028368794
"lcl|CP059658.1_cds_QRW15934.1_417 [locus_tag=RhiXN_03935] [protein=Sugar (and other) transporter] [protein_id=QRW15934.1] [location=join(1373522..1373586,1373643..1373745,1373801..1373830,1373879..1374049,1374099..1374159,1374218..1374225,1374281..1374305,1374360..1374485,1374540..1374693,1375001..1375085,1375133..1375180,1375248..1375401,1375465..1375498,1375554..1375572,1375686..1375785,1375835..1375853,1375903..1376053)] [gbkey=CDS]",0.48181143281366
"lcl|CP059658.1_cds_QRW15935.1_418 [locus_tag=RhiXN_03936] [protein=hypothetical protein] [protein_id=QRW15935.1] [location=complement(join(1376271..1376679,1376743..1376759,1376824..1376991,1377044..1377104,1377159..1377228,1377285..1377301,1377356..1377426,1377475..1377675,1377740..1377940,1377990..1378064,1378121..1378145,1378202..1378488))] [gbkey=CDS]",0.5025062656641605
"lcl|CP059658.1_cds_QRW15936.1_419 [locus_tag=RhiXN_03937] [protein=Fungal specific transcription factor domain] [protein_id=QRW15936.1] [location=join(1379810..1379913,1379981..1380079,1380130..1380498,1380553..1380986,1381041..1381164,1381221..1381293,1381345..1381461,1381513..1381683,1381736..1381917,1381977..1382205,1382266..1382501,1382554..1382642,1382704..1382721,1382776..1383241,1383298..1383349)] [gbkey=CDS]",0.5223068552774756
"lcl|CP059658.1_cds_QRW15937.1_420 [locus_tag=RhiXN_03938] [protein=hypothetical protein] [protein_id=QRW15937.1] [location=complement(join(1383706..1383816,1383886..1383936,1383997..1384236))] [gbkey=CDS]",0.5176767676767676
"lcl|CP059658.1_cds_QRW15938.1_421 [locus_tag=RhiXN_03939] [protein=ubiquinol-cytochrome C reductase complex 14kD subunit] [protein_id=QRW15938.1] [location=join(1384900..1385038,1385104..1385132,1385199..1385318,1385385..1385483)] [gbkey=CDS]",0.5249343832020997
"lcl|CP059658.1_cds_QRW15939.1_422 [locus_tag=RhiXN_03940] [protein=LETM1 and EF-hand domain-containing protein anon-60Da, mitochondrial] [protein_id=QRW15939.1] [location=join(1385936..1386499,1386556..1386699,1386749..1386896,1386953..1387143,1387190..1387447,1387507..1387872,1387936..1388254,1388307..1388407)] [gbkey=CDS]",0.4930455635491607
"lcl|CP059658.1_cds_QRW15940.1_423 [locus_tag=RhiXN_03941] [protein=Transposase family Tnp2 protein] [protein_id=QRW15940.1] [location=complement(join(1390440..1390678,1392668..1392965,1393018..1393259,1393313..1393373,1393431..1393626,1393802..1394073))] [gbkey=CDS]",0.4838709677419355
"lcl|CP059658.1_cds_QRW15941.1_424 [locus_tag=RhiXN_03942] [protein=Transposase family Tnp2 protein] [protein_id=QRW15941.1] [location=complement(join(1395229..1395401,1395454..1395853))] [gbkey=CDS]",0.42328042328042326
"lcl|CP059658.1_cds_QRW15942.1_425 [locus_tag=RhiXN_03943] [protein=hypothetical protein] [protein_id=QRW15942.1] [location=join(1396560..1396917,1396969..1397135,1397188..1397286,1397342..1397500,1397555..1397608,1397658..1397720,1397765..1397884,1397940..1398017,1398068..1398175,1398221..1398331,1398382..1398489,1398540..1398623,1398672..1399222,1399282..1399345)] [gbkey=CDS]",0.5434372049102927
"lcl|CP059658.1_cds_QRW15943.1_426 [locus_tag=RhiXN_03944] [protein=membrane-associating domain protein] [protein_id=QRW15943.1] [location=complement(join(1400945..1401177,1401236..1401304,1401357..1401422,1401484..1401575,1401628..1401706,1401756..1401821,1401885..1401921))] [gbkey=CDS]",0.539308176100629
"lcl|CP059658.1_cds_QRW15944.1_427 [locus_tag=RhiXN_03945] [protein=type VI Secretion system protein VasG] [protein_id=QRW15944.1] [location=join(1402551..1402693,1402746..1402905,1402955..1403405,1403460..1403467,1403518..1403601,1403654..1404253,1404304..1406259)] [gbkey=CDS]",0.5035335689045937
"lcl|CP059658.1_cds_QRW15945.1_428 [locus_tag=RhiXN_03946] [protein=mitochondrial distribution and morphology protein 34] [protein_id=QRW15945.1] [location=complement(join(1406739..1408538,1408609..1408722,1408781..1408922,1408981..1408985))] [gbkey=CDS]",0.5717761557177615
"lcl|CP059658.1_cds_QRW15946.1_429 [locus_tag=RhiXN_03947] [protein=2OG-Fe(II) oxygenase family protein] [protein_id=QRW15946.1] [location=join(1409172..1409460,1409524..1410102,1410156..1410193,1410240..1410304,1410354..1410478,1410565..1410728)] [gbkey=CDS]",0.5191387559808612
"lcl|CP059658.1_cds_QRW15947.1_430 [locus_tag=RhiXN_03948] [protein=Up-regulated during septation protein] [protein_id=QRW15947.1] [location=join(1410944..1411420,1411520..1412593,1412650..1413197,1413283..1413646)] [gbkey=CDS]",0.5531135531135531
"lcl|CP059658.1_cds_QRW15948.1_431 [locus_tag=RhiXN_03949] [protein=helix loop helix DNA-binding domain protein] [protein_id=QRW15948.1] [location=join(1414458..1414779,1414847..1415181,1415244..1415465)] [gbkey=CDS]",0.5498281786941581
"lcl|CP059658.1_cds_QRW15949.1_432 [locus_tag=RhiXN_03950] [protein=sulfate anion transporter] [protein_id=QRW15949.1] [location=complement(join(1420229..1420716,1420780..1421127,1421184..1421336,1421393..1421614,1421676..1421987,1422040..1422134,1422193..1422488,1422543..1422655,1422712..1422799,1422853..1422977,1423030..1423171,1423239..1423357,1423885..1424071))] [gbkey=CDS]",0.5052199850857569
"lcl|CP059658.1_cds_QRW15950.1_433 [locus_tag=RhiXN_03951] [protein=NYN domain protein] [protein_id=QRW15950.1] [location=complement(join(1425067..1426689,1426740..1427920,1427975..1428005))] [gbkey=CDS]",0.5238600212089077
"lcl|CP059658.1_cds_QRW15951.1_434 [locus_tag=RhiXN_03952] [protein=hypothetical protein] [protein_id=QRW15951.1] [location=complement(join(1428706..1428819,1428870..1428908,1428956..1429066))] [gbkey=CDS]",0.5077519379844961
"lcl|CP059658.1_cds_QRW15952.1_435 [locus_tag=RhiXN_03953] [protein=hypothetical protein] [protein_id=QRW15952.1] [location=complement(join(1432289..1432356,1432421..1432979,1433032..1434883,1434940..1435428,1435477..1435535))] [gbkey=CDS]",0.5657067196292618
"lcl|CP059658.1_cds_QRW15953.1_436 [locus_tag=RhiXN_03954] [protein=NYN domain protein] [protein_id=QRW15953.1] [location=join(1437453..1437486,1437539..1438416,1438468..1438545,1441545..1441926,1442013..1442350,1442446..1442967)] [gbkey=CDS]",0.5700808625336927
"lcl|CP059658.1_cds_QRW15954.1_437 [locus_tag=RhiXN_03955] [protein=Formin-like protein 5] [protein_id=QRW15954.1] [location=join(1443146..1443241,1443294..1443863,1443914..1444013,1444069..1444602,1444653..1445179)] [gbkey=CDS]",0.5694673256452498
"lcl|CP059658.1_cds_QRW15955.1_438 [locus_tag=RhiXN_03956] [protein=cyclin] [protein_id=QRW15955.1] [location=complement(join(1446108..1446404,1446600..1446655,1446708..1446810,1446863..1446892))] [gbkey=CDS]",0.4979166666666667
"lcl|CP059658.1_cds_QRW15956.1_439 [locus_tag=RhiXN_03957] [protein=hypothetical protein] [protein_id=QRW15956.1] [location=join(1447556..1447653,1447706..1447777,1447829..1447994)] [gbkey=CDS]",0.47575757575757577
"lcl|CP059658.1_cds_QRW15957.1_440 [locus_tag=RhiXN_03958] [protein=hypothetical protein] [protein_id=QRW15957.1] [location=join(1448607..1448769,1448822..1449006,1449059..1449132,1449190..1449388)] [gbkey=CDS]",0.45528455284552843
"lcl|CP059658.1_cds_QRW15958.1_441 [locus_tag=RhiXN_03959] [protein=hypothetical protein] [protein_id=QRW15958.1] [location=complement(join(1449533..1449712,1449764..1449802,1449856..1449881,1449933..1449954,1450030..1450041,1450087..1450193,1450257..1450347,1450484..1450563,1450614..1450657,1450705..1450748,1450882..1450910,1451571..1451706))] [gbkey=CDS]",0.48507462686567165
"lcl|CP059658.1_cds_QRW15959.1_442 [locus_tag=RhiXN_03960] [protein=TCP-1/cpn60 chaperonin family (T-complex protein 1)] [protein_id=QRW15959.1] [location=complement(join(1453058..1453294,1453343..1453396,1453445..1453673,1453766..1454111,1454166..1454210,1454293..1454368,1454423..1454549,1454601..1454905,1454956..1454997,1455045..1455065))] [gbkey=CDS]",0.4959349593495935
"lcl|CP059658.1_cds_QRW15960.1_443 [locus_tag=RhiXN_03961] [protein=hypothetical protein] [protein_id=QRW15960.1] [location=join(1455709..1455830,1455881..1456065,1456121..1456471,1456522..1456775)] [gbkey=CDS]",0.5110375275938189
"lcl|CP059658.1_cds_QRW15961.1_444 [locus_tag=RhiXN_03962] [protein=ribosomal protein 60S L18 and 50S L18e] [protein_id=QRW15961.1] [location=complement(join(1457036..1457410,1457465..1458157,1458761..1458802,1458855..1459232,1459281..1459325,1459376..1459462,1459511..1459600))] [gbkey=CDS]",0.5088028169014085
"lcl|CP059658.1_cds_QRW15962.1_445 [locus_tag=RhiXN_03963] [protein=RNA recognition motif protein] [protein_id=QRW15962.1] [location=join(1459725..1459727,1459779..1459949,1460033..1460158,1460219..1460302,1460359..1460691)] [gbkey=CDS]",0.5879043600562588
"lcl|CP059658.1_cds_QRW15963.1_446 [locus_tag=RhiXN_03964] [protein=DNA-directed RNA polymerase III subunit C6] [protein_id=QRW15963.1] [location=join(1461333..1461627,1461682..1461767,1461818..1461937,1461992..1462605,1462660..1462865,1462920..1463168,1463223..1463776,1463834..1463860,1463916..1464432,1464495..1464780,1464830..1465058,1465116..1465592)] [gbkey=CDS]",0.4945265462506842
"lcl|CP059658.1_cds_QRW15964.1_447 [locus_tag=RhiXN_03965] [protein=hypothetical protein] [protein_id=QRW15964.1] [location=complement(join(1465890..1467593,1467657..1467752,1467806..1468371,1468425..1468552,1468603..1468614,1468668..1468692,1468725..1468827,1468884..1469200,1469262..1469274))] [gbkey=CDS]",0.5686274509803921
"lcl|CP059658.1_cds_QRW15965.1_448 [locus_tag=RhiXN_03966] [protein=hypothetical protein] [protein_id=QRW15965.1] [location=complement(join(1469480..1469998,1470063..1470328,1470550..1470562,1470610..1470788,1470968..1473238,1473285..1474279,1474355..1474650))] [gbkey=CDS]",0.5462166335759983
"lcl|CP059658.1_cds_QRW15966.1_449 [locus_tag=RhiXN_03967] [protein=methyltransferase domain protein] [protein_id=QRW15966.1] [location=join(1474890..1475030,1475087..1475198,1475271..1475457,1475558..1475625,1475681..1475809,1475880..1475930,1475983..1476038,1476090..1476170)] [gbkey=CDS]",0.49206349206349204
"lcl|CP059658.1_cds_QRW15967.1_450 [locus_tag=RhiXN_03968] [protein=carbohydrate esterase family 1 protein] [protein_id=QRW15967.1] [location=complement(join(1476260..1476484,1476537..1476661,1476723..1476847,1476902..1476930,1476987..1477337))] [gbkey=CDS]",0.5135453474676089
"lcl|CP059658.1_cds_QRW15968.1_451 [locus_tag=RhiXN_03969] [protein=tRNA (guanine-N(1))-methyltransferase] [protein_id=QRW15968.1] [location=join(1477450..1477534,1477576..1477802,1477855..1478427,1478486..1478593,1478646..1478906)] [gbkey=CDS]",0.49759615384615385
"lcl|CP059658.1_cds_QRW15969.1_452 [locus_tag=RhiXN_03970] [protein=RNA recognition motif protein] [protein_id=QRW15969.1] [location=complement(join(1479591..1480316,1480371..1480529,1480585..1481997,1482061..1482897))] [gbkey=CDS]",0.5557686161713007
lcl|CP059658.1_cds_QRW15970.1_453 [locus_tag=RhiXN_03971] [protein=hypothetical protein] [protein_id=QRW15970.1] [location=complement(1484099..1484437)] [gbkey=CDS],0.5075075075075075
"lcl|CP059658.1_cds_QRW15971.1_454 [locus_tag=RhiXN_03972] [protein=Required for nuclear transport of RNA pol II C-terminus 1] [protein_id=QRW15971.1] [location=join(1484879..1485047,1485099..1485465,1485526..1485722,1485772..1485842,1485893..1486431,1486488..1486706,1486877..1487013,1487059..1487652,1487703..1488223)] [gbkey=CDS]",0.4886039886039886
"lcl|CP059658.1_cds_QRW15972.1_455 [locus_tag=RhiXN_03973] [protein=Myb-like DNA-binding domain protein] [protein_id=QRW15972.1] [location=join(1488356..1489556,1489608..1489722,1489777..1489895,1489948..1490101,1490154..1490237,1490287..1490438,1490492..1490793)] [gbkey=CDS]",0.5030645921735031
"lcl|CP059658.1_cds_QRW15973.1_456 [locus_tag=RhiXN_03974] [protein=hypothetical protein] [protein_id=QRW15973.1] [location=complement(join(1490978..1492118,1492170..1492192))] [gbkey=CDS]",0.5129533678756477
"lcl|CP059658.1_cds_QRW15974.1_457 [locus_tag=RhiXN_03975] [protein=NADH dehydrogenase (ubiquinone) 1 alpha subcomplex 8] [protein_id=QRW15974.1] [location=join(1493015..1493171,1493270..1493430,1493506..1493565,1493644..1493733)] [gbkey=CDS]",0.5194805194805194
"lcl|CP059658.1_cds_QRW15975.1_458 [locus_tag=RhiXN_03976] [protein=hypothetical protein] [protein_id=QRW15975.1] [location=complement(join(1494282..1494695,1494758..1495015,1495075..1495300,1495357..1495400))] [gbkey=CDS]",0.5470085470085471
"lcl|CP059658.1_cds_QRW15976.1_459 [locus_tag=RhiXN_03977] [protein=Serine/threonine-protein phosphatase] [protein_id=QRW15976.1] [location=complement(join(1496097..1496743,1496812..1496993,1497058..1497221,1497289..1497458,1497524..1497599,1497649..1497697,1497755..1497906,1497954..1498789,1498842..1498919,1498968..1499064,1499115..1499308,1499364..1499486,1499539..1499728,1499781..1500161))] [gbkey=CDS]",0.5439543954395439
"lcl|CP059658.1_cds_QRW15977.1_460 [locus_tag=RhiXN_03978] [protein=2OG-Fe(II) oxygenase family protein] [protein_id=QRW15977.1] [location=complement(join(1500394..1500574,1500628..1500726,1500778..1500878,1500937..1500959,1501017..1501151,1501209..1501375,1501422..1501460,1501510..1501751))] [gbkey=CDS]",0.4923547400611621
"lcl|CP059658.1_cds_QRW15978.1_461 [locus_tag=RhiXN_03979] [protein=prolyl 3,4-dihydroxylase ofd1] [protein_id=QRW15978.1] [location=join(1502270..1502473,1502533..1502773,1502824..1503053,1503107..1503180,1503232..1503310,1503367..1503999,1504050..1504424)] [gbkey=CDS]",0.505464480874317
"lcl|CP059658.1_cds_QRW15979.1_462 [locus_tag=RhiXN_03980] [protein=RNA recognition motif protein] [protein_id=QRW15979.1] [location=complement(join(1504472..1504880,1504942..1505290,1505343..1505440,1505492..1505961))] [gbkey=CDS]",0.49318181818181817
"lcl|CP059658.1_cds_QRW15980.1_463 [locus_tag=RhiXN_03981] [protein=Ferric reductase like transmembrane component] [protein_id=QRW15980.1] [location=join(1508200..1508264,1508313..1508330,1508381..1508703,1508768..1508794,1508855..1508985,1509041..1509142,1509196..1509358,1509424..1509934,1509992..1510344,1510401..1510513,1511024..1511229,1511286..1511321,1511382..1511796,1511864..1511942,1511994..1512081,1512139..1512250,1512302..1512443,1512496..1513436)] [gbkey=CDS]",0.49122807017543857
lcl|CP059658.1_cds_QRW15981.1_464 [locus_tag=RhiXN_03982] [protein=hypothetical protein] [protein_id=QRW15981.1] [location=complement(1516840..1517397)] [gbkey=CDS],0.5851449275362319
"lcl|CP059658.1_cds_QRW15982.1_465 [locus_tag=RhiXN_03983] [protein=hypothetical protein] [protein_id=QRW15982.1] [location=join(1517927..1518180,1518245..1519242,1519294..1519436)] [gbkey=CDS]",0.6436285097192225
"lcl|CP059658.1_cds_QRW15983.1_466 [locus_tag=RhiXN_03984] [protein=aminotransferase class I and II protein] [protein_id=QRW15983.1] [location=join(1519735..1519835,1519892..1520139,1520194..1520528,1520596..1520689,1520764..1521035,1521102..1521175,1521236..1521290,1521346..1521468)] [gbkey=CDS]",0.5478395061728395
"lcl|CP059658.1_cds_QRW15984.1_467 [locus_tag=RhiXN_03985] [protein=thioredoxin] [protein_id=QRW15984.1] [location=complement(join(1521722..1522010,1522064..1522710,1522762..1523074,1523133..1523371,1523436..1523480))] [gbkey=CDS]",0.5507531106745253
"lcl|CP059658.1_cds_QRW15985.1_468 [locus_tag=RhiXN_03986] [protein=isochorismatase domain-containing protein 2] [protein_id=QRW15985.1] [location=complement(join(1523919..1524046,1524089..1524184,1524245..1524422,1524482..1524539,1524614..1524692,1524752..1524794,1524847..1524911,1524977..1525077,1525252..1525343))] [gbkey=CDS]",0.5047961630695443
"lcl|CP059658.1_cds_QRW15986.1_469 [locus_tag=RhiXN_03987] [protein=inositol-hexakisphosphate kinase] [protein_id=QRW15986.1] [location=join(1526803..1528563,1528615..1529635,1529730..1529833,1529880..1530116,1530189..1531007)] [gbkey=CDS]",0.5553861788617886
"lcl|CP059658.1_cds_QRW15987.1_470 [locus_tag=RhiXN_03988] [protein=cytochrome b5] [protein_id=QRW15987.1] [location=join(1531397..1531521,1531577..1531701,1531757..1531827,1531891..1531968,1532019..1532089,1532140..1532518)] [gbkey=CDS]",0.5100830367734283
"lcl|CP059658.1_cds_QRW15988.1_471 [locus_tag=RhiXN_03989] [protein=DEAD/DEAH box helicase] [protein_id=QRW15988.1] [location=join(1532685..1532767,1532907..1533050,1533122..1533263,1533312..1533394,1533531..1533540,1533591..1533716,1533773..1533880,1533932..1534009,1534060..1534068,1534120..1534195,1534241..1534254,1534302..1534423,1534472..1534560,1534609..1534721,1534913..1534995,1535045..1535315)] [gbkey=CDS]",0.47508090614886733
"lcl|CP059658.1_cds_QRW15989.1_472 [locus_tag=RhiXN_03990] [protein=activating signal cointegrator 1 complex subunit 3] [protein_id=QRW15989.1] [location=join(1535372..1535414,1535497..1535535,1535589..1535665,1535716..1535820,1535876..1535892,1535943..1536076,1536127..1536326,1536380..1536439,1536493..1536588,1536640..1536669,1536702..1536845,1536902..1537908,1537960..1539232)] [gbkey=CDS]",0.4824479652065859
"lcl|CP059658.1_cds_QRW15990.1_473 [locus_tag=RhiXN_03991] [protein=nucleoporin] [protein_id=QRW15990.1] [location=join(1540556..1541063,1541125..1541466,1541508..1541813,1541858..1542744,1542782..1542905,1542973..1543126,1543168..1543214,1543275..1543476,1543661..1543882,1543957..1543999,1544046..1544210,1544256..1544410,1544469..1544670,1544724..1544813,1544873..1545010)] [gbkey=CDS]",0.5406538139145013
"lcl|CP059658.1_cds_QRW15991.1_474 [locus_tag=RhiXN_03992] [protein=Fungal specific transcription factor domain] [protein_id=QRW15991.1] [location=complement(join(1545217..1545434,1545496..1545585,1545660..1545900,1545942..1546097,1546168..1546267,1546316..1546521))] [gbkey=CDS]",0.527363184079602
"lcl|CP059658.1_cds_QRW15992.1_475 [locus_tag=RhiXN_03993] [protein=small nuclear ribonucleoprotein] [protein_id=QRW15992.1] [location=complement(join(1547004..1547122,1547194..1547303,1547355..1547433,1547488..1547626,1548171..1548323,1548367..1548466,1548519..1548778,1548826..1548867,1548927..1549321,1549374..1549479,1549518..1549626,1549675..1549834,1549882..1550050,1550920..1551108,1551163..1551264,1551323..1551535,1551594..1551602))] [gbkey=CDS]",0.505718954248366
"lcl|CP059658.1_cds_QRW15993.1_476 [locus_tag=RhiXN_03994] [protein=hypothetical protein] [protein_id=QRW15993.1] [location=complement(join(1551858..1552229,1552300..1552552,1552689..1552980,1553022..1553320,1553379..1553563,1553614..1554010,1554058..1554260,1554321..1554372,1554428..1554636))] [gbkey=CDS]",0.5576241134751773
"lcl|CP059658.1_cds_QRW15994.1_477 [locus_tag=RhiXN_03995] [protein=hypothetical protein] [protein_id=QRW15994.1] [location=join(1554809..1554909,1554961..1555090,1555146..1555343)] [gbkey=CDS]",0.5791962174940898
"lcl|CP059658.1_cds_QRW15995.1_478 [locus_tag=RhiXN_03996] [protein=hypothetical protein] [protein_id=QRW15995.1] [location=complement(join(1557053..1557380,1557431..1557615))] [gbkey=CDS]",0.5285996055226825
"lcl|CP059658.1_cds_QRW15996.1_479 [locus_tag=RhiXN_03997] [protein=aldo/keto reductase family protein] [protein_id=QRW15996.1] [location=complement(join(1557659..1557767,1557828..1557938,1557987..1558109,1558174..1558262))] [gbkey=CDS]",0.5140845070422535
"lcl|CP059658.1_cds_QRW15997.1_480 [locus_tag=RhiXN_03998] [protein=translation initiation factor eIF-2B beta subunit] [protein_id=QRW15997.1] [location=complement(join(1558651..1558806,1558943..1559050,1559103..1559310,1559369..1559711,1559931..1560047,1560123..1560203,1560289..1560425,1560475..1560684,1561083..1561271,1561319..1561571,1561625..1561692,1561759..1561883,1562295..1562441,1562496..1562654))] [gbkey=CDS]",0.5498910675381263
"lcl|CP059658.1_cds_QRW15998.1_481 [locus_tag=RhiXN_03999] [protein=5'-3' exoribonuclease] [protein_id=QRW15998.1] [location=join(1562852..1562854,1562901..1562949,1562998..1563134,1563280..1563486,1563659..1564539,1564604..1564684,1564734..1564791,1564847..1564940,1564988..1565286,1565350..1565934)] [gbkey=CDS]",0.5247068676716918
"lcl|CP059658.1_cds_QRW15999.1_482 [locus_tag=RhiXN_04000] [protein=hypothetical protein] [protein_id=QRW15999.1] [location=complement(join(1566223..1566338,1566394..1566442,1566502..1566535,1566589..1566624,1566704..1566837,1566894..1566951,1567010..1567038,1567113..1567271))] [gbkey=CDS]",0.4942528735632184
"lcl|CP059658.1_cds_QRW16000.1_483 [locus_tag=RhiXN_04001] [protein=alpha/beta hydrolase family protein] [protein_id=QRW16000.1] [location=complement(join(1567551..1567648,1567700..1567813,1567865..1567948,1568000..1568102,1568161..1568247,1568306..1568359,1568395..1568570,1568623..1568827,1569001..1569053,1569109..1569264,1569317..1569541,1569590..1569920))] [gbkey=CDS]",0.5226190476190476
"lcl|CP059658.1_cds_QRW16001.1_484 [locus_tag=RhiXN_04002] [protein=fatty acid elongase] [protein_id=QRW16001.1] [location=join(1570291..1570323,1570374..1570450,1570500..1570656,1570712..1571047)] [gbkey=CDS]",0.5125628140703518
"lcl|CP059658.1_cds_QRW16002.1_485 [locus_tag=RhiXN_04003] [protein=hypothetical protein] [protein_id=QRW16002.1] [location=complement(join(1571308..1571482,1571539..1571727,1571791..1571813,1571874..1571909))] [gbkey=CDS]",0.47961630695443647
"lcl|CP059658.1_cds_QRW16003.1_486 [locus_tag=RhiXN_04004] [protein=acyl-CoA-binding protein] [protein_id=QRW16003.1] [location=join(1573160..1573236,1573300..1573332,1573384..1573454,1573508..1573571,1573622..1573700,1573751..1573850,1573905..1575013)] [gbkey=CDS]",0.5363457760314342
"lcl|CP059658.1_cds_QRW16004.1_487 [locus_tag=RhiXN_04005] [protein=alcohol dehydrogenase] [protein_id=QRW16004.1] [location=complement(join(1575153..1575197,1575251..1575339,1575390..1575465,1575517..1575526,1575583..1575683,1575741..1575994,1576046..1576193,1576246..1576325,1576386..1576439,1576491..1576521,1576573..1576611,1576663..1576738,1576790..1576917,1576972..1576992))] [gbkey=CDS]",0.5095986038394416
"lcl|CP059658.1_cds_QRW16005.1_488 [locus_tag=RhiXN_04006] [protein=major facilitator superfamily transporter] [protein_id=QRW16005.1] [location=join(1578911..1578952,1579014..1579077,1579127..1579315,1579375..1579505,1579559..1579828,1579884..1580588)] [gbkey=CDS]",0.5326164874551972
"lcl|CP059658.1_cds_QRW16006.1_489 [locus_tag=RhiXN_04007] [protein=vacuolar protein sorting-associated protein 74] [protein_id=QRW16006.1] [location=join(1581835..1582092,1582144..1582390,1582440..1582723,1582778..1583077)] [gbkey=CDS]",0.5521698984302862
"lcl|CP059658.1_cds_QRW16007.1_490 [locus_tag=RhiXN_04008] [protein=activator of 90 kDa heat shock protein ATPase] [protein_id=QRW16007.1] [location=complement(join(1583388..1583546,1583602..1583617,1583674..1583797,1583846..1583972,1584030..1584401,1584458..1584546,1584604..1584647,1584706..1584828,1584891..1584958))] [gbkey=CDS]",0.517921146953405
"lcl|CP059658.1_cds_QRW16008.1_491 [locus_tag=RhiXN_04009] [protein=SH3 domain-containing protein] [protein_id=QRW16008.1] [location=complement(join(1585510..1585581,1585635..1585737,1585789..1586365,1586415..1586936,1586998..1587031))] [gbkey=CDS]",0.5583717357910907
"lcl|CP059658.1_cds_QRW16009.1_492 [locus_tag=RhiXN_04010] [protein=mitochondrial import protein Pam17] [protein_id=QRW16009.1] [location=join(1587550..1587741,1587790..1587928,1587990..1588007,1588069..1588077,1588129..1588249,1588307..1588337)] [gbkey=CDS]",0.49206349206349204
"lcl|CP059658.1_cds_QRW16010.1_493 [locus_tag=RhiXN_04011] [protein=hypothetical protein] [protein_id=QRW16010.1] [location=join(1589260..1589448,1589529..1589707,1589769..1590552)] [gbkey=CDS]",0.5654450261780105
"lcl|CP059658.1_cds_QRW16011.1_494 [locus_tag=RhiXN_04012] [protein=hypothetical protein] [protein_id=QRW16011.1] [location=join(1590963..1591257,1591313..1591423,1591476..1591547,1591598..1591744,1591807..1591916,1591968..1592004,1592056..1592075,1592127..1592289,1592341..1592594)] [gbkey=CDS]",0.5178719866999169
"lcl|CP059658.1_cds_QRW16012.1_495 [locus_tag=RhiXN_04013] [protein=PX domain protein] [protein_id=QRW16012.1] [location=join(1593173..1594192,1594243..1594329,1594378..1594891,1594942..1595038,1595089..1595234,1595284..1595338,1595393..1595829,1595885..1596010,1596062..1596900,1596956..1596988)] [gbkey=CDS]",0.5092592592592593
"lcl|CP059658.1_cds_QRW16013.1_496 [locus_tag=RhiXN_04014] [protein=AGC/NDR protein kinase] [protein_id=QRW16013.1] [location=complement(join(1597272..1597314,1597367..1597594,1597653..1597894,1597945..1598209,1598262..1598503,1598554..1598637,1598699..1598876,1598938..1599119))] [gbkey=CDS]",0.48079561042524005
"lcl|CP059658.1_cds_QRW16014.1_497 [locus_tag=RhiXN_04015] [protein=hypothetical protein] [protein_id=QRW16014.1] [location=join(1599417..1599823,1599877..1599949,1599998..1600108,1600158..1600566,1600618..1600691,1600765..1600812,1600881..1601332,1601387..1601415,1601479..1601662,1601719..1601844,1601903..1602059,1602126..1602551)] [gbkey=CDS]",0.5040160642570282
"lcl|CP059658.1_cds_QRW16015.1_498 [locus_tag=RhiXN_04016] [protein=endoplasmic reticulum membrane protein] [protein_id=QRW16015.1] [location=complement(join(1602705..1602767,1602823..1602903,1602962..1603042,1603103..1603285,1603354..1603464))] [gbkey=CDS]",0.49902534113060426
"lcl|CP059658.1_cds_QRW16016.1_499 [locus_tag=RhiXN_04017] [protein=endoplasmic reticulum membrane protein] [protein_id=QRW16016.1] [location=complement(join(1603569..1603915,1604010..1604184))] [gbkey=CDS]",0.47674418604651164
"lcl|CP059658.1_cds_QRW16017.1_500 [locus_tag=RhiXN_04018] [protein=hypothetical protein] [protein_id=QRW16017.1] [location=join(1604512..1604620,1604740..1605019,1605075..1605184,1605289..1605646,1605702..1605852,1605929..1606104,1606193..1606547)] [gbkey=CDS]",0.507501630789302
"lcl|CP059658.1_cds_QRW16018.1_501 [locus_tag=RhiXN_04019] [protein=Cyclin, N-terminal domain] [protein_id=QRW16018.1] [location=join(1607775..1607940,1607993..1608193,1608253..1609190)] [gbkey=CDS]",0.527328714395689
"lcl|CP059658.1_cds_QRW16019.1_502 [locus_tag=RhiXN_04020] [protein=Septin] [protein_id=QRW16019.1] [location=complement(join(1609586..1609676,1609766..1609912,1609963..1610313,1610367..1610448,1610509..1610637,1610700..1610820))] [gbkey=CDS]",0.521311475409836
"lcl|CP059658.1_cds_QRW16020.1_503 [locus_tag=RhiXN_04021] [protein=mRNA surveillance protein pelota protein] [protein_id=QRW16020.1] [location=join(1611746..1611784,1611834..1611899,1611962..1611990,1612039..1612394,1612452..1612558,1612607..1612849,1612908..1612963,1613028..1613144,1613215..1613321,1613469..1613608)] [gbkey=CDS]",0.511164274322169
"lcl|CP059658.1_cds_QRW16021.1_504 [locus_tag=RhiXN_04022] [protein=helix loop helix DNA-binding domain protein] [protein_id=QRW16021.1] [location=complement(join(1614736..1614962,1615039..1615321,1615359..1616071,1616129..1616332,1616389..1616441,1616493..1617037,1617084..1617637,1617687..1619318,1619370..1619583,1619632..1619676))] [gbkey=CDS]",0.546594982078853
"lcl|CP059658.1_cds_QRW16022.1_505 [locus_tag=RhiXN_04023] [protein=alpha-ketoacid dehydrogenase kinase] [protein_id=QRW16022.1] [location=complement(join(1619976..1620005,1620082..1620149,1620258..1620506,1620622..1620730,1620801..1620976,1621044..1621228,1621286..1621366,1621441..1621450,1621505..1621622,1621681..1621722,1621775..1621948))] [gbkey=CDS]",0.5186084142394822
"lcl|CP059658.1_cds_QRW16023.1_506 [locus_tag=RhiXN_04024] [protein=mediator complex subunit Med22] [protein_id=QRW16023.1] [location=join(1622169..1622236,1622280..1622330,1622392..1622827,1622852..1623208)] [gbkey=CDS]",0.5463576158940397
"lcl|CP059658.1_cds_QRW16024.1_507 [locus_tag=RhiXN_04025] [protein=endoglucanase] [protein_id=QRW16024.1] [location=complement(join(1623400..1623788,1623824..1624158,1624206..1624375,1624429..1624821,1624874..1624927,1624979..1625035,1625086..1625112,1625168..1625254,1625308..1625448,1625498..1625656))] [gbkey=CDS]",0.5143964562569213
"lcl|CP059658.1_cds_QRW16025.1_508 [locus_tag=RhiXN_04026] [protein=endoglucanase] [protein_id=QRW16025.1] [location=complement(join(1626447..1626805,1626862..1626909,1626965..1627251,1627304..1627473,1627522..1627914,1627971..1628024,1628083..1628139,1628195..1628221,1628282..1628368,1628430..1628573,1628636..1628785))] [gbkey=CDS]",0.5310734463276836
"lcl|CP059658.1_cds_QRW16026.1_509 [locus_tag=RhiXN_04027] [protein=ATP-dependent protease La (LON) substrate-binding domain] [protein_id=QRW16026.1] [location=complement(join(1630770..1630935,1631732..1631853,1631907..1632147,1632201..1632434,1632487..1632631,1632679..1632805,1632853..1634001))] [gbkey=CDS]",0.5629017447199265
"lcl|CP059658.1_cds_QRW16027.1_510 [locus_tag=RhiXN_04028] [protein=glucose-6-phosphate 1-dehydrogenase] [protein_id=QRW16027.1] [location=complement(join(1634552..1634628,1634714..1634855,1634925..1635229,1635298..1635499,1635566..1635642,1635709..1635851,1635908..1636368,1636421..1636455,1636513..1636582))] [gbkey=CDS]",0.5431606905710491
"lcl|CP059658.1_cds_QRW16028.1_511 [locus_tag=RhiXN_04029] [protein=THO complex subunit 5] [protein_id=QRW16028.1] [location=join(1637601..1637914,1637966..1638109,1638166..1638310)] [gbkey=CDS]",0.4824120603015075
"lcl|CP059658.1_cds_QRW16029.1_512 [locus_tag=RhiXN_04030] [protein=ubiquitin-conjugating enzyme] [protein_id=QRW16029.1] [location=complement(join(1638613..1638740,1638795..1638923,1638973..1639025,1639091..1639205,1639257..1639336,1639910..1640075,1640132..1640229,1640289..1640349,1640405..1640461,1640513..1640549))] [gbkey=CDS]",0.5108932461873639
"lcl|CP059658.1_cds_QRW16030.1_513 [locus_tag=RhiXN_04031] [protein=AMP binding enzyme] [protein_id=QRW16030.1] [location=complement(join(1641010..1641081,1641135..1641146,1641201..1641453,1641508..1641544,1641602..1641637,1641689..1641747,1641798..1641840,1641890..1641980,1642035..1642057,1642110..1642147,1642207..1642246,1642297..1642310,1643132..1643193,1643244..1643255,1643304..1643551,1643607..1643643,1643695..1643726,1643773..1643831,1643885..1643927,1643985..1644075,1644131..1644153,1644206..1644243,1644303..1644342,1645400..1645788,1645839..1646044,1646098..1646205,1646260..1646300,1646353..1646433,1646484..1646575,1646637..1646697,1646751..1646775,1647420..1647543,1647593..1647639,1647699..1647964,1648014..1648063,1648115..1648124,1648174..1648247,1648481..1648499,1648557..1648695,1648748..1648772,1648828..1648963,1649025..1649029,1649083..1649197,1649248..1649522,1649587..1649634,1649692..1649783,1649840..1649988,1650051..1650171,1650226..1650435))] [gbkey=CDS]",0.494541231126597
"lcl|CP059658.1_cds_QRW16031.1_514 [locus_tag=RhiXN_04032] [protein=hypothetical protein] [protein_id=QRW16031.1] [location=join(1651193..1651248,1651306..1651370,1651427..1651499,1651552..1651630,1651685..1651852)] [gbkey=CDS]",0.5264367816091954
"lcl|CP059658.1_cds_QRW16032.1_515 [locus_tag=RhiXN_04033] [protein=hypothetical protein] [protein_id=QRW16032.1] [location=join(1652792..1652987,1653046..1653064,1653119..1653242,1653292..1653307,1653381..1653403,1653435..1653449,1653504..1653535,1653585..1653654,1653710..1653773,1653829..1653874,1653930..1654014,1654059..1654092,1654155..1654206,1654262..1654292,1654349..1654366,1654426..1654580,1654645..1654773,1654825..1654963,1655020..1655313)] [gbkey=CDS]",0.4752604166666667
"lcl|CP059658.1_cds_QRW16033.1_516 [locus_tag=RhiXN_04034] [protein=RFX-like transcription factor daf-19] [protein_id=QRW16033.1] [location=join(1657425..1658020,1658071..1658264,1658320..1658415,1658480..1658741,1658768..1659014,1659070..1659136,1659163..1659246,1659301..1659665,1659730..1659785,1659843..1660130,1660180..1660303)] [gbkey=CDS]",0.5667930889169828
"lcl|CP059658.1_cds_QRW16034.1_517 [locus_tag=RhiXN_04035] [protein=patatin-like phospholipase protein] [protein_id=QRW16034.1] [location=complement(join(1661005..1661217,1661273..1661670,1661718..1662256,1662307..1662377,1662430..1662603,1662654..1662881))] [gbkey=CDS]",0.5330859616573902
"lcl|CP059658.1_cds_QRW16035.1_518 [locus_tag=RhiXN_04036] [protein=ribosomal protein L7Ae/L30e/S12e/Gadd45 family] [protein_id=QRW16035.1] [location=complement(join(1663167..1663461,1663511..1663580,1663633..1663702,1663749..1663808,1663865..1664056))] [gbkey=CDS]",0.48164464023494863
"lcl|CP059658.1_cds_QRW16036.1_519 [locus_tag=RhiXN_04037] [protein=patatin-like phospholipase protein] [protein_id=QRW16036.1] [location=complement(join(1664181..1664891,1664944..1665027,1665078..1665188,1665242..1665414,1665465..1665505,1665564..1665686,1665738..1665886,1665942..1666364,1666415..1666534,1666600..1666632,1666683..1666798,1666846..1666933,1666991..1667060,1667107..1667271,1667316..1667386))] [gbkey=CDS]",0.5068770226537217
"lcl|CP059658.1_cds_QRW16037.1_520 [locus_tag=RhiXN_04038] [protein=Serine/threonine-protein kinase] [protein_id=QRW16037.1] [location=join(1668005..1668403,1668455..1670955,1671008..1671093,1671200..1671250,1671315..1672190,1672248..1672310,1672385..1673019)] [gbkey=CDS]",0.5496199782844734
"lcl|CP059658.1_cds_QRW16038.1_521 [locus_tag=RhiXN_04039] [protein=PUB domain-containing protein] [protein_id=QRW16038.1] [location=complement(join(1673570..1673791,1673846..1674037,1674086..1674139,1674190..1674267,1674329..1674337,1674386..1674592))] [gbkey=CDS]",0.5052910052910053
"lcl|CP059658.1_cds_QRW16039.1_522 [locus_tag=RhiXN_04040] [protein=vacuolar membrane-associated protein IML1] [protein_id=QRW16039.1] [location=join(1674977..1675298,1675358..1675404,1675453..1675556,1675614..1675638,1675690..1676588,1676635..1678166,1678221..1678983,1679034..1679380,1679432..1680057)] [gbkey=CDS]",0.5194247692637906
"lcl|CP059658.1_cds_QRW16040.1_523 [locus_tag=RhiXN_04041] [protein=RNA polymerase II transcription mediator complex subunit 9] [protein_id=QRW16040.1] [location=complement(join(1680112..1680115,1680181..1680308,1680376..1680534))] [gbkey=CDS]",0.5789473684210527
"lcl|CP059658.1_cds_QRW16041.1_524 [locus_tag=RhiXN_04042] [protein=Daxx domain protein] [protein_id=QRW16041.1] [location=join(1680851..1681241,1681353..1681846)] [gbkey=CDS]",0.5858930602957907
"lcl|CP059658.1_cds_QRW16042.1_525 [locus_tag=RhiXN_04043] [protein=Zinc finger, C3HC4 type (RING finger) protein] [protein_id=QRW16042.1] [location=join(1682058..1682300,1682354..1682724,1682792..1682822,1682887..1683024,1683090..1683282,1683377..1683525,1683586..1684503)] [gbkey=CDS]",0.5571919489445263
"lcl|CP059658.1_cds_QRW16043.1_526 [locus_tag=RhiXN_04044] [protein=eukaryotic translation initiation factor 2C 2] [protein_id=QRW16043.1] [location=complement(join(1685020..1685037,1685095..1685220,1685281..1685288,1685341..1685420,1685481..1685538,1685587..1685633,1685684..1685834,1685920..1685945,1686000..1686222,1686267..1686343,1686398..1686660,1686719..1686774,1686830..1686989,1687085..1687165,1687222..1687437,1687491..1687728,1687784..1687843,1687894..1688100,1688149..1688240,1688291..1688445,1688507..1688521,1688573..1688773,1689031..1689294,1689343..1689514,1689568..1690060,1690111..1690391,1690447..1690518,1690566..1690652))] [gbkey=CDS]",0.5031879622545269
"lcl|CP059658.1_cds_QRW16044.1_527 [locus_tag=RhiXN_04045] [protein=Zinc-finger double-stranded RNA-binding domain-containing protein] [protein_id=QRW16044.1] [location=join(1691077..1691331,1691389..1691490,1691561..1692061)] [gbkey=CDS]",0.4612676056338028
"lcl|CP059658.1_cds_QRW16045.1_528 [locus_tag=RhiXN_04046] [protein=Fungal specific transcription factor domain] [protein_id=QRW16045.1] [location=complement(join(1692575..1692765,1692832..1693312,1693367..1693634,1693685..1693839,1693896..1693974,1694041..1694106,1694159..1694364,1694421..1694536,1694587..1694665,1694723..1694741,1694798..1694903,1694951..1695393,1695443..1695580,1695631..1696202))] [gbkey=CDS]",0.5345005149330587
"lcl|CP059658.1_cds_QRW16046.1_529 [locus_tag=RhiXN_04047] [protein=D-tyrosyl-tRNA(Tyr) deacylase] [protein_id=QRW16046.1] [location=join(1696862..1696904,1696966..1697028,1697095..1697134,1697186..1697330,1697388..1697393,1697441..1697519,1697591..1697703)] [gbkey=CDS]",0.4927536231884058
"lcl|CP059658.1_cds_QRW16047.1_530 [locus_tag=RhiXN_04048] [protein=hypothetical protein] [protein_id=QRW16047.1] [location=join(1698408..1698509,1698570..1699281,1699331..1699623)] [gbkey=CDS]",0.5231607629427792
"lcl|CP059658.1_cds_QRW16048.1_531 [locus_tag=RhiXN_04049] [protein=kinesin family protein] [protein_id=QRW16048.1] [location=complement(join(1700121..1701413,1702212..1703697,1703747..1704590,1704937..1705904,1705961..1705995))] [gbkey=CDS]",0.5272727272727272
"lcl|CP059658.1_cds_QRW16049.1_532 [locus_tag=RhiXN_04050] [protein=Helicase conserved C-terminal domain] [protein_id=QRW16049.1] [location=complement(join(1706019..1706179,1706246..1706381,1707104..1707169,1707234..1707596,1707647..1707806,1707857..1708044,1708101..1708245,1708283..1708308,1708371..1708475,1708539..1708866,1708907..1709130))] [gbkey=CDS]",0.5226793248945147
"lcl|CP059658.1_cds_QRW16050.1_533 [locus_tag=RhiXN_04051] [protein=smad nuclear interacting protein] [protein_id=QRW16050.1] [location=join(1709237..1709669,1709718..1709769,1709825..1709828,1709882..1709926,1709986..1710079,1710130..1710157,1710894..1711122,1711181..1711312,1711363..1711491,1711717..1711840,1711906..1711980,1712041..1712046,1712106..1712114,1712226..1712318,1712368..1712457,1712511..1712525,1712577..1712681,1712741..1712788,1712846..1712913)] [gbkey=CDS]",0.5877044557247603
"lcl|CP059658.1_cds_QRW16051.1_534 [locus_tag=RhiXN_04052] [protein=chitin deacetylase] [protein_id=QRW16051.1] [location=complement(join(1713147..1713368,1713419..1713526,1713582..1713699,1713756..1713828,1713888..1713991,1714046..1714115,1714169..1714226,1714282..1714393,1714449..1714604,1714656..1714753,1714807..1715034,1716289..1716409,1716467..1716476,1716536..1716617,1716673..1716716,1716777..1716838,1716890..1716940,1716992..1717130,1717188..1717282,1717335..1717483))] [gbkey=CDS]",0.47277936962750716
"lcl|CP059658.1_cds_QRW16052.1_535 [locus_tag=RhiXN_04053] [protein=chitin deacetylase] [protein_id=QRW16052.1] [location=complement(join(1718373..1718390,1718445..1718559,1718618..1718627,1718692..1718773,1718829..1718872,1718922..1718983,1719033..1719083,1719133..1719271,1719324..1719349,1719415..1719483,1719533..1719663))] [gbkey=CDS]",0.4898785425101215
"lcl|CP059658.1_cds_QRW16053.1_536 [locus_tag=RhiXN_04054] [protein=U5 snRNP complex subunit] [protein_id=QRW16053.1] [location=join(1720125..1720325,1720380..1720452,1720504..1720907,1720964..1721342,1721413..1721477)] [gbkey=CDS]",0.5331541218637993
"lcl|CP059658.1_cds_QRW16054.1_537 [locus_tag=RhiXN_04055] [protein=pre-mRNA-splicing factor ISY1] [protein_id=QRW16054.1] [location=complement(join(1721861..1722189,1722261..1722395,1722446..1722501,1722552..1722723,1722793..1722962,1723014..1723036,1723091..1723093))] [gbkey=CDS]",0.5124716553287982
"lcl|CP059658.1_cds_QRW16055.1_538 [locus_tag=RhiXN_04056] [protein=hypothetical protein] [protein_id=QRW16055.1] [location=join(1723904..1723945,1724024..1724386)] [gbkey=CDS]",0.5288220551378446
"lcl|CP059658.1_cds_QRW16056.1_539 [locus_tag=RhiXN_04057] [protein=hypothetical protein] [protein_id=QRW16056.1] [location=complement(join(1724712..1725107,1725157..1725233,1725284..1725376,1725438..1725639))] [gbkey=CDS]",0.5341207349081365
"lcl|CP059658.1_cds_QRW16057.1_540 [locus_tag=RhiXN_04058] [protein=kinase domain protein] [protein_id=QRW16057.1] [location=join(1725883..1726158,1726220..1726324,1726373..1726880,1726933..1726993,1727046..1727210,1727262..1727475)] [gbkey=CDS]",0.49206349206349204
"lcl|CP059658.1_cds_QRW16058.1_541 [locus_tag=RhiXN_04059] [protein=SPFH domain / Band 7 family] [protein_id=QRW16058.1] [location=complement(join(1727646..1727996,1728054..1728226,1728280..1728438,1728487..1728568,1728622..1728695,1728752..1729227,1729284..1729343,1729394..1729752))] [gbkey=CDS]",0.5127314814814815
"lcl|CP059658.1_cds_QRW16059.1_542 [locus_tag=RhiXN_04060] [protein=thioesterase superfamily protein] [protein_id=QRW16059.1] [location=complement(join(1730451..1730537,1730600..1730669,1730726..1730842,1730909..1730923,1730982..1731024,1731084..1731297))] [gbkey=CDS]",0.45925925925925926
"lcl|CP059658.1_cds_QRW16060.1_543 [locus_tag=RhiXN_04061] [protein=histone deacetylase family protein] [protein_id=QRW16060.1] [location=complement(join(1731524..1731888,1731945..1732096,1732143..1732507,1732557..1732930,1732977..1733051,1733110..1733227,1733287..1733399,1733447..1733519))] [gbkey=CDS]",0.5089011663597299
"lcl|CP059658.1_cds_QRW16061.1_544 [locus_tag=RhiXN_04062] [protein=ubiquitin family protein] [protein_id=QRW16061.1] [location=complement(join(1733761..1733845,1733899..1733981,1734032..1734061,1734117..1734134,1734192..1734209))] [gbkey=CDS]",0.4649122807017544
lcl|CP059658.1_cds_QRW16062.1_545 [locus_tag=RhiXN_04063] [protein=2OG-Fe(II) oxygenase family protein] [protein_id=QRW16062.1] [location=complement(1734441..1735310)] [gbkey=CDS],0.4988425925925926
"lcl|CP059658.1_cds_QRW16063.1_546 [locus_tag=RhiXN_04064] [protein=histone deacetylase family protein] [protein_id=QRW16063.1] [location=complement(join(1735488..1735895,1735947..1736304,1736357..1736604))] [gbkey=CDS]",0.4871031746031746
"lcl|CP059658.1_cds_QRW16064.1_547 [locus_tag=RhiXN_04065] [protein=nucleoporin] [protein_id=QRW16064.1] [location=join(1738563..1738744,1740247..1740309,1740359..1741578,1741628..1745646,1745698..1746105)] [gbkey=CDS]",0.4950730547060822
"lcl|CP059658.1_cds_QRW16065.1_548 [locus_tag=RhiXN_04066] [protein=Metallopeptidase family M24] [protein_id=QRW16065.1] [location=complement(join(1746178..1746270,1746324..1746342,1746397..1746467,1746526..1746575,1746635..1747011,1747064..1747140,1747196..1747279,1747332..1747673))] [gbkey=CDS]",0.48148148148148145
"lcl|CP059658.1_cds_QRW16066.1_549 [locus_tag=RhiXN_04067] [protein=hypothetical protein] [protein_id=QRW16066.1] [location=complement(join(1748004..1748348,1748405..1748925,1748985..1749312,1749368..1749766,1749817..1749908,1749957..1750228,1750285..1750346,1750402..1750530,1750597..1750737,1750791..1751270))] [gbkey=CDS]",0.4629026420557365
"lcl|CP059658.1_cds_QRW16067.1_550 [locus_tag=RhiXN_04068] [protein=DNA repair protein RAD8] [protein_id=QRW16067.1] [location=join(1751747..1752042,1752093..1752215,1752273..1752369,1752420..1752813,1752864..1752993,1753044..1754595,1754650..1755952,1756008..1757018,1757068..1757168,1757221..1757408,1757460..1758281,1758337..1758552,1758603..1758789,1759194..1759313,1759380..1759470,1759522..1759646,1759923..1760188,1760239..1760317,1760368..1760418)] [gbkey=CDS]",0.506996921354604
"lcl|CP059658.1_cds_QRW16068.1_551 [locus_tag=RhiXN_04069] [protein=hypothetical protein] [protein_id=QRW16068.1] [location=join(1761369..1761563,1762066..1762343,1762396..1762930,1763006..1763044,1763108..1763231,1763303..1763775)] [gbkey=CDS]",0.4926739926739927
"lcl|CP059658.1_cds_QRW16069.1_552 [locus_tag=RhiXN_04070] [protein=hypothetical protein] [protein_id=QRW16069.1] [location=join(1764455..1764478,1764532..1764609,1764663..1764718,1764768..1764852)] [gbkey=CDS]",0.5232067510548524
"lcl|CP059658.1_cds_QRW16070.1_553 [locus_tag=RhiXN_04071] [protein=ubiquitin carboxyl-terminal hydrolase] [protein_id=QRW16070.1] [location=complement(join(1765253..1766149,1766202..1766531,1766592..1766965,1767036..1767147,1767199..1767269,1767327..1767600))] [gbkey=CDS]",0.4922027290448343
"lcl|CP059658.1_cds_QRW16071.1_554 [locus_tag=RhiXN_04072] [protein=aminotransferase class I and II protein] [protein_id=QRW16071.1] [location=join(1770144..1770321,1770375..1770742,1770795..1770846,1770901..1771054,1771103..1771148,1771198..1771372,1771432..1771752,1771805..1771947,1772009..1772071)] [gbkey=CDS]",0.49129852744310576
"lcl|CP059658.1_cds_QRW16072.1_555 [locus_tag=RhiXN_04073] [protein=peptidyl-prolyl cis-trans isomerase, cyclophilin-type protein] [protein_id=QRW16072.1] [location=join(1772326..1772458,1772533..1772889,1772939..1773292,1773388..1773442,1773492..1773891)] [gbkey=CDS]",0.51430781129157
"lcl|CP059658.1_cds_QRW16073.1_556 [locus_tag=RhiXN_04074] [protein=glycoside hydrolase family 61 protein] [protein_id=QRW16073.1] [location=join(1774324..1774375,1774434..1774544,1774598..1774732,1774778..1774830,1774874..1774993,1775058..1775171,1775340..1775357,1775430..1775585)] [gbkey=CDS]",0.547144754316069
"lcl|CP059658.1_cds_QRW16074.1_557 [locus_tag=RhiXN_04075] [protein=hypothetical protein] [protein_id=QRW16074.1] [location=join(1776395..1776406,1776459..1776640,1776682..1777136,1777194..1777480)] [gbkey=CDS]",0.5580645161290323
"lcl|CP059658.1_cds_QRW16075.1_558 [locus_tag=RhiXN_04076] [protein=kinase domain protein] [protein_id=QRW16075.1] [location=complement(join(1777901..1778361,1778497..1778646,1778780..1778849,1779006..1779128,1779183..1779371,1779427..1779776,1779829..1780639))] [gbkey=CDS]",0.5344506517690876
"lcl|CP059658.1_cds_QRW16076.1_559 [locus_tag=RhiXN_04077] [protein=cryptochrome-2] [protein_id=QRW16076.1] [location=complement(join(1782170..1782255,1782307..1783191,1783473..1783740,1783788..1783895,1783947..1784017,1784078..1784234,1784286..1784394,1784420..1784521,1784583..1784639,1784688..1785081,1785132..1785510,1785558..1785669,1785726..1785736,1785787..1785933))] [gbkey=CDS]",0.4892361111111111
"lcl|CP059658.1_cds_QRW16077.1_560 [locus_tag=RhiXN_04078] [protein=20S proteasome subunit] [protein_id=QRW16077.1] [location=join(1786579..1786649,1786708..1786816,1786864..1786935,1787005..1787099,1787158..1787206)] [gbkey=CDS]",0.48717948717948717
"lcl|CP059658.1_cds_QRW16078.1_561 [locus_tag=RhiXN_04079] [protein=20S proteasome subunit] [protein_id=QRW16078.1] [location=join(1787549..1787753,1787797..1787918,1787972..1788247)] [gbkey=CDS]",0.5142378559463987
"lcl|CP059658.1_cds_QRW16079.1_562 [locus_tag=RhiXN_04080] [protein=beta-lactamase superfamily protein] [protein_id=QRW16079.1] [location=complement(join(1788541..1788778,1788834..1788950,1789001..1789107))] [gbkey=CDS]",0.5241228070175439
"lcl|CP059658.1_cds_QRW16080.1_563 [locus_tag=RhiXN_04081] [protein=peptide-N(4)-(N-acetyl-beta-glucosaminyl)asparagine amidase A] [protein_id=QRW16080.1] [location=join(1793613..1794056,1794096..1794188,1794245..1794268,1794335..1794397,1794467..1794618,1794666..1794750,1794800..1794880,1794936..1795010,1795062..1795150,1795203..1795351,1795414..1795442,1795501..1795823,1795876..1795928,1795977..1796010,1796055..1796334)] [gbkey=CDS]",0.491869918699187
"lcl|CP059658.1_cds_QRW16081.1_564 [locus_tag=RhiXN_04082] [protein=hypothetical protein] [protein_id=QRW16081.1] [location=complement(join(1796669..1796888,1796957..1797251,1797311..1798365,1798419..1798463,1798511..1798629))] [gbkey=CDS]",0.53125
"lcl|CP059658.1_cds_QRW16082.1_565 [locus_tag=RhiXN_04083] [protein=nucleoporin nsp1] [protein_id=QRW16082.1] [location=join(1798956..1799046,1799111..1799560,1799689..1799790,1799842..1800057,1800119..1800372,1800465..1800661,1800719..1801061)] [gbkey=CDS]",0.5585913782635095
"lcl|CP059658.1_cds_QRW16083.1_566 [locus_tag=RhiXN_04084] [protein=bromodomain associated protein] [protein_id=QRW16083.1] [location=complement(join(1801254..1801711,1801777..1801884,1801939..1802352,1802404..1802610,1802664..1802734,1802789..1802879,1802938..1802975,1803029..1803078,1803134..1803319))] [gbkey=CDS]",0.5151515151515151
"lcl|CP059658.1_cds_QRW16084.1_567 [locus_tag=RhiXN_04085] [protein=hypothetical protein] [protein_id=QRW16084.1] [location=join(1806211..1806297,1806354..1806668)] [gbkey=CDS]",0.5883838383838383
"lcl|CP059658.1_cds_QRW16085.1_568 [locus_tag=RhiXN_04086] [protein=calcineurin subunit B] [protein_id=QRW16085.1] [location=complement(join(1807766..1807804,1807858..1807906,1807956..1808011,1808061..1808155,1808210..1808292,1808343..1808441,1808492..1808712))] [gbkey=CDS]",0.4716981132075472
"lcl|CP059658.1_cds_QRW16086.1_569 [locus_tag=RhiXN_04087] [protein=tRNA modification GTPase MnmE] [protein_id=QRW16086.1] [location=join(1809079..1809129,1809189..1809537,1809597..1809838,1809898..1810018,1810067..1810210,1810264..1810702,1810770..1810873,1810925..1811055)] [gbkey=CDS]",0.5136507936507937
"lcl|CP059658.1_cds_QRW16087.1_570 [locus_tag=RhiXN_04088] [protein=transmembrane protein] [protein_id=QRW16087.1] [location=join(1811238..1812241,1812292..1813181,1813220..1813497,1813547..1815314,1815366..1815790,1815841..1816101)] [gbkey=CDS]",0.49826839826839825
"lcl|CP059658.1_cds_QRW16088.1_571 [locus_tag=RhiXN_04089] [protein=BAG domain protein] [protein_id=QRW16088.1] [location=complement(join(1816986..1817261,1817315..1818394,1818508..1818804,1818912..1819183,1820563..1820639,1820706..1821006,1821064..1821157,1821212..1821392,1821652..1821749,1822153..1822381,1822435..1822528,1822669..1822906,1822957..1823051,1823105..1823401,1823447..1823951,1824005..1824107,1824165..1824299,1824357..1824481))] [gbkey=CDS]",0.5270541082164328
"lcl|CP059658.1_cds_QRW16089.1_572 [locus_tag=RhiXN_04090] [protein=hypothetical protein] [protein_id=QRW16089.1] [location=complement(join(1825916..1826101,1826295..1826378,1826421..1826764,1826829..1827129))] [gbkey=CDS]",0.5302530253025303
"lcl|CP059658.1_cds_QRW16090.1_573 [locus_tag=RhiXN_04091] [protein=hypothetical protein] [protein_id=QRW16090.1] [location=complement(join(1827640..1827840,1827892..1828086,1828143..1828360,1828413..1828578,1828629..1829188,1829248..1829973,1830033..1830429))] [gbkey=CDS]",0.49124949124949124
"lcl|CP059658.1_cds_QRW16091.1_574 [locus_tag=RhiXN_04092] [protein=arginyl-tRNA-protein transferase] [protein_id=QRW16091.1] [location=join(1830998..1831024,1831085..1831182,1831366..1831454,1831503..1831609,1831676..1832002,1832062..1832140,1832191..1832261,1832315..1832488,1832544..1832645)] [gbkey=CDS]",0.4438202247191011
"lcl|CP059658.1_cds_QRW16092.1_575 [locus_tag=RhiXN_04093] [protein=alpha-1,3-glucosyltransferase] [protein_id=QRW16092.1] [location=join(1833618..1833685,1833733..1833811,1833869..1833884,1833934..1834111,1834161..1834392,1834531..1834672,1834722..1834876,1834924..1835060,1835117..1835582)] [gbkey=CDS]",0.48193592365371507
"lcl|CP059658.1_cds_QRW16093.1_576 [locus_tag=RhiXN_04094] [protein=ribonucleoside-diphosphate reductase subunit M2] [protein_id=QRW16093.1] [location=complement(join(1835862..1835883,1835941..1836086,1836138..1836259,1836313..1836725,1836776..1836942,1836993..1837064,1837115..1837396))] [gbkey=CDS]",0.5024630541871922
"lcl|CP059658.1_cds_QRW16094.1_577 [locus_tag=RhiXN_04095] [protein=hypothetical protein] [protein_id=QRW16094.1] [location=join(1838493..1839065,1839124..1841328)] [gbkey=CDS]",0.5303030303030303
"lcl|CP059658.1_cds_QRW16095.1_578 [locus_tag=RhiXN_04096] [protein=hypothetical protein] [protein_id=QRW16095.1] [location=join(1842804..1843007,1843057..1843289,1843354..1843467,1843526..1843886,1843964..1843976,1844029..1844114)] [gbkey=CDS]",0.47064676616915424
"lcl|CP059658.1_cds_QRW16096.1_579 [locus_tag=RhiXN_04097] [protein=proteasome subunit alpha type protein] [protein_id=QRW16096.1] [location=complement(join(1845083..1845245,1845375..1845487,1845545..1845688,1845744..1845845,1845895..1846018,1846067..1846170))] [gbkey=CDS]",0.4946236559139785
"lcl|CP059658.1_cds_QRW16097.1_580 [locus_tag=RhiXN_04098] [protein=nuclear pore complex protein] [protein_id=QRW16097.1] [location=join(1846414..1846713,1846768..1846922,1846975..1847097,1847149..1847364,1847423..1847870,1847928..1848038,1848092..1848158,1848236..1848275,1848378..1849005,1849058..1849196,1849250..1849284)] [gbkey=CDS]",0.5079787234042553
"lcl|CP059658.1_cds_QRW16098.1_581 [locus_tag=RhiXN_04099] [protein=HSF-type DNA-binding domain protein] [protein_id=QRW16098.1] [location=complement(join(1850128..1850541,1850596..1850784,1850838..1850896,1851150..1851899,1851953..1852418,1852465..1852681,1852736..1853112))] [gbkey=CDS]",0.5587996755879967
"lcl|CP059658.1_cds_QRW16099.1_582 [locus_tag=RhiXN_04100] [protein=fructose-1,6-bisphosphatase I] [protein_id=QRW16099.1] [location=join(1856977..1857026,1857083..1857211,1857267..1857429,1857482..1857574,1857628..1857801,1857857..1857996,1858052..1858331)] [gbkey=CDS]",0.49071358748778104
"lcl|CP059658.1_cds_QRW16100.1_583 [locus_tag=RhiXN_04101] [protein=mRNA cleavage and polyadenylation factor CLP1] [protein_id=QRW16100.1] [location=complement(join(1858605..1859639,1859691..1859855,1859907..1860216,1860272..1860644,1860697..1860942,1860995..1861329,1861386..1862127,1862180..1862266,1862319..1862508,1862853..1862913,1862976..1863162,1863215..1863419,1863476..1863582,1863633..1863740,1863793..1864039,1864094..1864352,1864477..1864529,1864584..1864694))] [gbkey=CDS]",0.4762201453790239
"lcl|CP059658.1_cds_QRW16101.1_584 [locus_tag=RhiXN_04102] [protein=NADH dehydrogenase] [protein_id=QRW16101.1] [location=join(1864906..1865403,1865463..1865728,1865775..1865896,1865948..1866054,1866110..1866148,1866197..1866246,1866301..1866349,1866405..1866614,1866665..1866742,1866797..1866893,1866950..1867110,1867161..1867331,1867381..1867422,1867481..1867569,1867624..1867657)] [gbkey=CDS]",0.4857997010463378
"lcl|CP059658.1_cds_QRW16102.1_585 [locus_tag=RhiXN_04103] [protein=Fungal Zn(2)-Cys(6) binuclear cluster domain] [protein_id=QRW16102.1] [location=join(1870429..1870542,1870600..1870704,1870761..1870796,1870856..1870967,1871017..1871274,1871337..1871557)] [gbkey=CDS]",0.5202380952380953
"lcl|CP059658.1_cds_QRW16103.1_586 [locus_tag=RhiXN_04104] [protein=ATP synthase alpha/beta family] [protein_id=QRW16103.1] [location=complement(join(1872338..1872550,1872606..1872963,1873018..1873204,1873261..1873956,1874111..1874276))] [gbkey=CDS]",0.5613382899628253
"lcl|CP059658.1_cds_QRW16104.1_587 [locus_tag=RhiXN_04105] [protein=Fungal Zn(2)-Cys(6) binuclear cluster domain] [protein_id=QRW16104.1] [location=complement(join(1877235..1877272,1877339..1877539,1877593..1877772,1877830..1878013,1878079..1878171,1878222..1878296))] [gbkey=CDS]",0.5516339869281046
"lcl|CP059658.1_cds_QRW16105.1_588 [locus_tag=RhiXN_04106] [protein=co-chaperone GrpE] [protein_id=QRW16105.1] [location=join(1880094..1880359,1880407..1880577,1880630..1880790,1880844..1881026,1881084..1881329,1881380..1881591,1881643..1882180,1882445..1882490,1882543..1883968,1884019..1884064,1884125..1884540,1884929..1885090,1885156..1885572)] [gbkey=CDS]",0.5245098039215687
"lcl|CP059658.1_cds_QRW16106.1_589 [locus_tag=RhiXN_04107] [protein=phenylalanyl-tRNA synthetase] [protein_id=QRW16106.1] [location=complement(join(1885731..1885815,1885868..1885941,1885999..1886273,1886322..1887107,1887161..1887200))] [gbkey=CDS]",0.46331738437001596
"lcl|CP059658.1_cds_QRW16107.1_590 [locus_tag=RhiXN_04108] [protein=intradiol ring-cleavage dioxygenase] [protein_id=QRW16107.1] [location=complement(join(1887795..1887837,1887905..1888041,1888110..1888115,1888175..1888211,1888276..1888339,1888399..1888423,1888496..1888597,1888659..1888715,1888790..1888857,1888911..1888931,1888993..1889026,1889079..1889231,1889280..1889344,1889395..1889452))] [gbkey=CDS]",0.5173611111111112
"lcl|CP059658.1_cds_QRW16108.1_591 [locus_tag=RhiXN_04109] [protein=hypothetical protein] [protein_id=QRW16108.1] [location=complement(join(1892078..1892126,1892192..1892576,1892630..1892837,1892888..1893052))] [gbkey=CDS]",0.5555555555555556
"lcl|CP059658.1_cds_QRW16109.1_592 [locus_tag=RhiXN_04110] [protein=DSBA-like thioredoxin domain protein] [protein_id=QRW16109.1] [location=join(1894033..1894115,1894170..1894209,1894261..1894293,1894357..1894398,1894448..1894484,1894536..1894657,1894711..1894942,1894992..1895022,1895073..1895133)] [gbkey=CDS]",0.46370370370370373
"lcl|CP059658.1_cds_QRW16110.1_593 [locus_tag=RhiXN_04111] [protein=hypothetical protein] [protein_id=QRW16110.1] [location=complement(join(1895268..1896005,1896059..1896160))] [gbkey=CDS]",0.5251798561151079
"lcl|CP059658.1_cds_QRW16111.1_594 [locus_tag=RhiXN_04112] [protein=heat shock protein HSP90 family protein] [protein_id=QRW16111.1] [location=complement(join(1898191..1898200,1898254..1898603,1898658..1899052,1899105..1899380,1899436..1899688,1899741..1899914,1899965..1900303,1900393..1900598,1900648..1900717))] [gbkey=CDS]",0.5220125786163522
"lcl|CP059658.1_cds_QRW16112.1_595 [locus_tag=RhiXN_04113] [protein=aminotransferase class-V protein] [protein_id=QRW16112.1] [location=join(1901147..1902252,1902310..1902320,1902376..1902461)] [gbkey=CDS]",0.4979114452798663
"lcl|CP059658.1_cds_QRW16113.1_596 [locus_tag=RhiXN_04114] [protein=methyltransferase domain protein] [protein_id=QRW16113.1] [location=complement(join(1902539..1902915,1902966..1903068,1903132..1903200,1903249..1903482,1903541..1903681))] [gbkey=CDS]",0.48148148148148145
"lcl|CP059658.1_cds_QRW16114.1_597 [locus_tag=RhiXN_04115] [protein=hypothetical protein] [protein_id=QRW16114.1] [location=join(1903792..1904140,1904196..1904263,1904314..1904346,1904405..1904497)] [gbkey=CDS]",0.48044692737430167
"lcl|CP059658.1_cds_QRW16115.1_598 [locus_tag=RhiXN_04116] [protein=cell cycle checkpoint Rad17] [protein_id=QRW16115.1] [location=complement(join(1904645..1904674,1904727..1905381,1905438..1905739,1905800..1905906,1905970..1906185,1906251..1906413,1906520..1906722,1906775..1906808))] [gbkey=CDS]",0.5029342723004695
"lcl|CP059658.1_cds_QRW16116.1_599 [locus_tag=RhiXN_04117] [protein=F-box-like domain-containing protein] [protein_id=QRW16116.1] [location=join(1907065..1907197,1907267..1907775,1907826..1907900,1907960..1908172)] [gbkey=CDS]",0.46645021645021645
"lcl|CP059658.1_cds_QRW16117.1_600 [locus_tag=RhiXN_04118] [protein=acetolactate synthase I/II/III large subunit] [protein_id=QRW16117.1] [location=complement(join(1908645..1908922,1908980..1909172,1909227..1909636,1909694..1910685,1910736..1910941))] [gbkey=CDS]",0.5393150024119633
"lcl|CP059658.1_cds_QRW16118.1_601 [locus_tag=RhiXN_04119] [protein=HORMA domain protein] [protein_id=QRW16118.1] [location=join(1911767..1911814,1911866..1911945,1911998..1912029,1912097..1912239,1912294..1912356,1912405..1912424,1912475..1912505,1912562..1912717,1912773..1912824,1912878..1913027,1913080..1913104,1913155..1913479,1913535..1913700,1913762..1913895,1913948..1914006,1914060..1914068,1914127..1914270,1914325..1914392,1914547..1914758,1914811..1914882,1914935..1914948,1914995..1915274)] [gbkey=CDS]",0.5125164690382081
"lcl|CP059658.1_cds_QRW16119.1_602 [locus_tag=RhiXN_04120] [protein=Adaptor complexes medium subunit family] [protein_id=QRW16119.1] [location=complement(join(1915495..1915500,1915551..1915785,1915838..1916071,1916129..1916164,1916206..1916259,1916310..1916418,1916468..1916600,1916651..1916742,1916811..1916941,1916990..1917121,1917168..1917202,1917260..1917289,1917342..1917350))] [gbkey=CDS]",0.4560975609756098
"lcl|CP059658.1_cds_QRW16120.1_603 [locus_tag=RhiXN_04121] [protein=ubiquitin homeostasis protein lub1] [protein_id=QRW16120.1] [location=join(1917884..1917967,1918032..1918041,1918107..1918124,1918181..1918233,1918287..1918352,1918416..1918486,1918543..1918588,1918713..1919018,1919070..1919188,1919243..1919281,1919345..1919376,1919438..1919457,1919618..1920114,1920164..1920549,1920610..1920764,1920814..1920851,1920907..1921030,1921078..1921237,1921290..1921436,1921486..1921643,1921690..1921776,1921832..1922018,1922070..1922305,1922363..1922442,1922494..1922566,1922622..1922687,1922743..1922883)] [gbkey=CDS]",0.4833480695549661
"lcl|CP059658.1_cds_QRW16121.1_604 [locus_tag=RhiXN_04122] [protein=phospholipase] [protein_id=QRW16121.1] [location=join(1923342..1923559,1923619..1924051)] [gbkey=CDS]",0.524031007751938
"lcl|CP059658.1_cds_QRW16122.1_605 [locus_tag=RhiXN_04123] [protein=hypothetical protein] [protein_id=QRW16122.1] [location=complement(join(1924156..1924844,1924914..1925021,1925074..1925198,1925250..1925529,1925559..1925669,1925720..1925793,1925845..1925866,1925924..1926011,1926066..1926184,1926239..1926412,1926464..1926676,1926732..1927044,1927106..1927502,1927565..1927632))] [gbkey=CDS]",0.49945945945945946
"lcl|CP059658.1_cds_QRW16123.1_606 [locus_tag=RhiXN_04124] [protein=GTP-binding protein GTR1] [protein_id=QRW16123.1] [location=join(1927976..1927989,1928040..1928072,1928132..1928609,1928664..1928923,1928973..1929088,1929141..1929247)] [gbkey=CDS]",0.47005988023952094
"lcl|CP059658.1_cds_QRW16124.1_607 [locus_tag=RhiXN_04125] [protein=hypothetical protein] [protein_id=QRW16124.1] [location=join(1929550..1929560,1929618..1929827,1929885..1930086,1930184..1930318,1930374..1931153,1931206..1931892,1931946..1932127,1932177..1932588,1932641..1932808,1932864..1932926,1932977..1933381)] [gbkey=CDS]",0.5004616805170822
"lcl|CP059658.1_cds_QRW16125.1_608 [locus_tag=RhiXN_04126] [protein=fumarylacetoacetate hydrolase domain-containing protein 2] [protein_id=QRW16125.1] [location=complement(join(1933479..1933618,1933672..1933693,1933756..1933851,1933914..1933971,1934031..1934133,1934197..1934274,1934334..1934484,1934543..1934572))] [gbkey=CDS]",0.47172619047619047
"lcl|CP059658.1_cds_QRW16126.1_609 [locus_tag=RhiXN_04127] [protein=Sodium/calcium exchanger protein] [protein_id=QRW16126.1] [location=complement(join(1934981..1934994,1935049..1935163,1935217..1935281,1935335..1935356,1935409..1935498,1935551..1935630,1935682..1935725,1935780..1935871,1935926..1936119,1936173..1936194,1936243..1936252,1936309..1936357,1936419..1936476,1936547..1936572,1936662..1936698,1936761..1936844,1936899..1937243))] [gbkey=CDS]",0.4936614466815809
"lcl|CP059658.1_cds_QRW16127.1_610 [locus_tag=RhiXN_04128] [protein=aldo/keto reductase family protein] [protein_id=QRW16127.1] [location=join(1939507..1939652,1939710..1939752,1939803..1939826,1939932..1939980,1940033..1940046,1940113..1940131,1940183..1940272,1940328..1940391,1940474..1940574,1940633..1940722,1940768..1940955)] [gbkey=CDS]",0.5291970802919708
"lcl|CP059658.1_cds_QRW16128.1_611 [locus_tag=RhiXN_04129] [protein=phospholipid-translocating P-type ATPase] [protein_id=QRW16128.1] [location=complement(join(1941240..1941786,1941843..1942009,1942062..1942154,1942207..1942313,1942363..1942449,1942498..1942580,1942628..1942691,1942751..1942912,1942954..1943011,1943186..1943370,1943423..1943695,1943745..1944231,1944303..1944467,1944530..1944704,1944788..1944991,1945047..1945418,1945475..1945841,1945903..1945913,1945990..1946258))] [gbkey=CDS]",0.5152454780361757
"lcl|CP059658.1_cds_QRW16129.1_612 [locus_tag=RhiXN_04130] [protein=hypothetical protein] [protein_id=QRW16129.1] [location=complement(join(1947119..1947578,1947634..1948740,1948780..1948973))] [gbkey=CDS]",0.562962962962963
"lcl|CP059658.1_cds_QRW16130.1_613 [locus_tag=RhiXN_04131] [protein=phospholipase] [protein_id=QRW16130.1] [location=join(1949422..1949503,1949564..1949659,1949722..1949921,1949972..1950004,1950063..1950222,1950263..1950300)] [gbkey=CDS]",0.5041459369817579
lcl|CP059658.1_cds_QRW16131.1_614 [locus_tag=RhiXN_04132] [protein=phospholipase] [protein_id=QRW16131.1] [location=1950497..1950829] [gbkey=CDS],0.5290519877675841
"lcl|CP059658.1_cds_QRW16132.1_615 [locus_tag=RhiXN_04133] [protein=The BTB (BR-C, ttk and bab)/POZ (Pox virus and Zinc finger) domain] [protein_id=QRW16132.1] [location=complement(join(1950948..1951683,1951744..1951888,1951954..1952140))] [gbkey=CDS]",0.4538606403013183
"lcl|CP059658.1_cds_QRW16133.1_616 [locus_tag=RhiXN_04134] [protein=phenylalanyl-tRNA synthetase] [protein_id=QRW16133.1] [location=join(1952322..1952479,1952633..1952789,1952880..1952959,1953013..1953099,1953149..1953277,1953447..1953766,1953822..1953898,1953950..1954108,1954156..1954251)] [gbkey=CDS]",0.5035799522673031
lcl|CP059658.1_cds_QRW16134.1_617 [locus_tag=RhiXN_04135] [protein=oxidoreductase FAD/NAD(P)-binding protein] [protein_id=QRW16134.1] [location=complement(1955123..1955548)] [gbkey=CDS],0.5142857142857142
"lcl|CP059658.1_cds_QRW16135.1_618 [locus_tag=RhiXN_04136] [protein=Golgi apparatus membrane protein TVP38] [protein_id=QRW16135.1] [location=join(1955897..1955957,1956008..1956058,1956121..1956292,1956358..1956373,1956438..1956595,1956650..1956778,1956828..1957023)] [gbkey=CDS]",0.48133848133848134
"lcl|CP059658.1_cds_QRW16136.1_619 [locus_tag=RhiXN_04137] [protein=syntaxin protein 18] [protein_id=QRW16136.1] [location=complement(join(1957129..1957826,1957901..1958150,1958210..1958371))] [gbkey=CDS]",0.4882246376811594
"lcl|CP059658.1_cds_QRW16137.1_620 [locus_tag=RhiXN_04138] [protein=hypothetical protein] [protein_id=QRW16137.1] [location=complement(join(1958773..1958926,1959060..1959205,1959262..1959423))] [gbkey=CDS]",0.4758771929824561
"lcl|CP059658.1_cds_QRW16138.1_621 [locus_tag=RhiXN_04139] [protein=diphthamide biosynthesis protein] [protein_id=QRW16138.1] [location=join(1959517..1959631,1959684..1959901,1959948..1960007,1960075..1960179,1960230..1960253,1960300..1960391,1960449..1960795,1960845..1961078,1961128..1961216,1961270..1961545)] [gbkey=CDS]",0.46846846846846846
"lcl|CP059658.1_cds_QRW16139.1_622 [locus_tag=RhiXN_04140] [protein=hypothetical protein] [protein_id=QRW16139.1] [location=join(1962199..1962282,1962350..1962465,1962517..1962734,1962825..1962941,1962997..1963119,1963176..1963316,1963367..1963407)] [gbkey=CDS]",0.4892086330935252
"lcl|CP059658.1_cds_QRW16140.1_623 [locus_tag=RhiXN_04141] [protein=major facilitator superfamily transporter] [protein_id=QRW16140.1] [location=join(1963767..1964047,1964101..1964204,1964252..1964427,1964494..1964843,1964893..1964997,1965042..1965166,1965223..1965581,1965635..1965946,1966004..1966123,1966178..1966282)] [gbkey=CDS]",0.5268340718857706
"lcl|CP059658.1_cds_QRW16141.1_624 [locus_tag=RhiXN_04142] [protein=ankyrin repeats] [protein_id=QRW16141.1] [location=join(1966779..1966901,1966976..1967191,1967260..1967324,1967376..1967483,1967626..1967777,1967835..1968613,1968667..1968912)] [gbkey=CDS]",0.5620915032679739
"lcl|CP059658.1_cds_QRW16142.1_625 [locus_tag=RhiXN_04143] [protein=Niemann-Pick type C-related protein 1] [protein_id=QRW16142.1] [location=join(1969310..1969402,1969458..1971128,1971176..1972046,1972094..1973106,1973160..1973285,1973338..1973507,1973561..1973603)] [gbkey=CDS]",0.5408188897261994
"lcl|CP059658.1_cds_QRW16143.1_626 [locus_tag=RhiXN_04144] [protein=RNA recognition motif protein] [protein_id=QRW16143.1] [location=complement(join(1973655..1973719,1973783..1974034,1974069..1974323,1974373..1974604))] [gbkey=CDS]",0.6052631578947368
"lcl|CP059658.1_cds_QRW16144.1_627 [locus_tag=RhiXN_04145] [protein=phenylalanyl-tRNA synthetase beta chain] [protein_id=QRW16144.1] [location=join(1974677..1974707,1974780..1974818,1974867..1974921,1974986..1975019,1975067..1975095,1975165..1975285,1975338..1975604,1975658..1975899,1975949..1976185,1976239..1976278,1976305..1976352,1976409..1976540,1976594..1976866,1976896..1977354)] [gbkey=CDS]",0.5562218890554723
"lcl|CP059658.1_cds_QRW16145.1_628 [locus_tag=RhiXN_04146] [protein=alphaherpesvirus glycoprotein E domain protein] [protein_id=QRW16145.1] [location=complement(join(1978485..1978932,1978987..1979037,1979098..1979270))] [gbkey=CDS]",0.536036036036036
"lcl|CP059658.1_cds_QRW16146.1_629 [locus_tag=RhiXN_04147] [protein=alphaherpesvirus glycoprotein E domain protein] [protein_id=QRW16146.1] [location=complement(join(1979789..1980272,1980323..1980527,1980575..1980614,1980670..1980711,1980769..1980834,1980893..1981134,1981185..1981329,1981405..1981455))] [gbkey=CDS]",0.49724192277383766
"lcl|CP059658.1_cds_QRW16147.1_630 [locus_tag=RhiXN_04148] [protein=hypothetical protein] [protein_id=QRW16147.1] [location=complement(join(1982366..1983523,1983586..1983654,1983711..1984073,1984121..1984123))] [gbkey=CDS]",0.497164461247637
"lcl|CP059658.1_cds_QRW16148.1_631 [locus_tag=RhiXN_04149] [protein=hypothetical protein] [protein_id=QRW16148.1] [location=complement(join(1985380..1987278,1987328..1987707,1987766..1987973,1988028..1988152,1988207..1988543,1988608..1988675,1988756..1989032))] [gbkey=CDS]",0.5568734793187348
"lcl|CP059658.1_cds_QRW16149.1_632 [locus_tag=RhiXN_04150] [protein=hypothetical protein] [protein_id=QRW16149.1] [location=complement(join(1989426..1989719,1989776..1990186))] [gbkey=CDS]",0.5364806866952789
"lcl|CP059658.1_cds_QRW16150.1_633 [locus_tag=RhiXN_04151] [protein=vacuolar import and degradation protein 27] [protein_id=QRW16150.1] [location=complement(join(1990713..1990841,1990898..1990952,1991009..1991128,1991203..1991828,1991885..1992120,1992174..1992285,1992338..1992496,1992550..1992629,1992690..1993235,1993287..1993402,1993452..1993542,1993598..1993615,1993679..1993697))] [gbkey=CDS]",0.4932637983485441
"lcl|CP059658.1_cds_QRW16151.1_634 [locus_tag=RhiXN_04152] [protein=pyruvate dehydrogenase E1 component beta subunit] [protein_id=QRW16151.1] [location=join(1994044..1994184,1994245..1994352,1994406..1994521,1994574..1994607,1994664..1994873,1994934..1995019,1995115..1995231,1995282..1995417,1995469..1995555)] [gbkey=CDS]",0.5344995140913509
"lcl|CP059658.1_cds_QRW16152.1_635 [locus_tag=RhiXN_04153] [protein=histidinol dehydrogenase] [protein_id=QRW16152.1] [location=complement(join(1995693..1995915,1995969..1996324,1996411..1998399))] [gbkey=CDS]",0.5214676034348166
"lcl|CP059658.1_cds_QRW16153.1_636 [locus_tag=RhiXN_04154] [protein=short chain dehydrogenase] [protein_id=QRW16153.1] [location=complement(join(1998569..1998667,1998725..1998849,1998901..1999086,1999135..1999258,1999309..1999542,1999592..1999723,1999783..1999821))] [gbkey=CDS]",0.4941050375133976
"lcl|CP059658.1_cds_QRW16154.1_637 [locus_tag=RhiXN_04155] [protein=CrcB domain protein] [protein_id=QRW16154.1] [location=join(2000109..2000521,2000579..2000610,2000664..2000761,2000813..2001418)] [gbkey=CDS]",0.4881889763779528
"lcl|CP059658.1_cds_QRW16155.1_638 [locus_tag=RhiXN_04156] [protein=tspO/MBR-related protein] [protein_id=QRW16155.1] [location=complement(join(2001829..2001987,2002037..2002089,2002150..2002241,2002299..2002362,2002417..2002486,2002554..2002679,2003044..2003128,2003186..2003315,2003370..2003451))] [gbkey=CDS]",0.512280701754386
"lcl|CP059658.1_cds_QRW16156.1_639 [locus_tag=RhiXN_04157] [protein=RNA-dependent RNA polymerase] [protein_id=QRW16156.1] [location=join(2004628..2005069,2005136..2005249,2005309..2005408,2005459..2005474,2005545..2005797,2005845..2006240,2006298..2006356,2006415..2006500,2006552..2007043,2007107..2007275,2007343..2007636,2007696..2007796,2007864..2008665,2008725..2009173,2009234..2009331,2009382..2009742,2009806..2009923,2009974..2010593,2011014..2011319,2011369..2011618,2011675..2011907,2011959..2012060,2012116..2012209,2012263..2012349,2012399..2012485)] [gbkey=CDS]",0.4804834231585824
"lcl|CP059658.1_cds_QRW16157.1_640 [locus_tag=RhiXN_04158] [protein=carbohydrate esterase family 16 protein] [protein_id=QRW16157.1] [location=complement(join(2012676..2012879,2012934..2013041,2013108..2013341,2013401..2013540,2013606..2013863,2013917..2014070))] [gbkey=CDS]",0.5173992673992674
"lcl|CP059658.1_cds_QRW16158.1_641 [locus_tag=RhiXN_04159] [protein=glycoside hydrolase family 3 protein] [protein_id=QRW16158.1] [location=complement(join(2014524..2014626,2014681..2014923,2014981..2015066,2015125..2015178,2015228..2015279,2015332..2015418,2015467..2015638,2015714..2015721,2015774..2015947,2016005..2016281,2016341..2016386,2016438..2016525,2016582..2016654,2016717..2016811,2016864..2016883,2016954..2017040,2017096..2017131,2017182..2017239,2017294..2017308,2017370..2017404,2017459..2017486,2017538..2017606,2017672..2017804,2017859..2017957,2018018..2018147,2018283..2018327))] [gbkey=CDS]",0.5145210229735587
"lcl|CP059658.1_cds_QRW16159.1_642 [locus_tag=RhiXN_04160] [protein=RING hydroxylating beta subunit domain-containing protein] [protein_id=QRW16159.1] [location=join(2018614..2018711,2018769..2019252,2019301..2019435,2019485..2019724,2019772..2020029,2020086..2020142,2020196..2020378,2020435..2020590,2020639..2020839,2020894..2021010,2021062..2021355,2021410..2021874,2021923..2022201,2022251..2022475,2022535..2023422)] [gbkey=CDS]",0.5095729013254786
"lcl|CP059658.1_cds_QRW16160.1_643 [locus_tag=RhiXN_04161] [protein=hypothetical protein] [protein_id=QRW16160.1] [location=complement(join(2023635..2023801,2023873..2024029,2024062..2024172))] [gbkey=CDS]",0.5221445221445221
"lcl|CP059658.1_cds_QRW16161.1_644 [locus_tag=RhiXN_04162] [protein=leucine-rich repeat protein] [protein_id=QRW16161.1] [location=join(2024321..2024344,2024396..2024427,2024483..2025160,2025415..2025921,2025985..2026082,2026136..2027342,2027451..2027766,2027824..2027944,2028625..2029573,2029637..2029718,2029871..2030566)] [gbkey=CDS]",0.5748299319727891
"lcl|CP059658.1_cds_QRW16162.1_645 [locus_tag=RhiXN_04163] [protein=methylenetetrahydrofolate dehydrogenase (NAD+)] [protein_id=QRW16162.1] [location=join(2031326..2031690,2031775..2032119,2032330..2032423,2032492..2032822,2032898..2033063,2033117..2033164,2033218..2033299,2033348..2033405,2033456..2033505,2033558..2033892,2033943..2034072,2034127..2034351,2034409..2034602,2034655..2034962,2035016..2035078,2035130..2035197,2035251..2035286,2035340..2035393)] [gbkey=CDS]",0.5424304141208418
"lcl|CP059658.1_cds_QRW16163.1_646 [locus_tag=RhiXN_04164] [protein=ricin-type beta-trefoil lectin domain protein] [protein_id=QRW16163.1] [location=join(2036085..2036402,2036455..2036491,2037259..2037319,2037370..2037628,2037760..2037850,2038563..2039106,2039211..2039339,2039393..2039417,2039480..2039604,2039671..2039798,2039849..2039870,2039938..2039954,2040015..2040164,2040214..2040325,2040395..2040472,2040520..2040582,2040681..2040816,2041012..2041157,2041215..2041348,2041402..2041427,2041481..2041525,2041584..2041676,2041728..2041754,2041805..2041897,2041950..2042010,2042061..2042413,2042470..2042565,2042614..2042691,2042738..2042875,2042926..2043120)] [gbkey=CDS]",0.46899841017488075
"lcl|CP059658.1_cds_QRW16164.1_647 [locus_tag=RhiXN_04165] [protein=Grap2/cyclin-D-interacting protein] [protein_id=QRW16164.1] [location=complement(join(2043571..2043840,2043897..2044102,2044314..2044470,2044523..2044626,2044685..2044703))] [gbkey=CDS]",0.49866666666666665
"lcl|CP059658.1_cds_QRW16165.1_648 [locus_tag=RhiXN_04166] [protein=intermembrane space AAA protease IAP protein] [protein_id=QRW16165.1] [location=join(2045407..2045418,2045472..2045862,2045918..2045980,2046031..2046167,2046215..2046361,2046415..2046591,2046646..2046740,2046791..2046887,2046937..2047010,2047087..2047138,2047191..2047358,2047413..2047512,2047568..2047805,2047858..2047924,2047980..2048168)] [gbkey=CDS]",0.5097451274362819
"lcl|CP059658.1_cds_QRW16166.1_649 [locus_tag=RhiXN_04167] [protein=Golgi apparatus membrane protein] [protein_id=QRW16166.1] [location=join(2048851..2048947,2049001..2049040,2049100..2049416,2049469..2049645,2049697..2049773,2049823..2050069,2050125..2050333)] [gbkey=CDS]",0.48877374784110533
"lcl|CP059658.1_cds_QRW16167.1_650 [locus_tag=RhiXN_04168] [protein=C2H2 zinc finger] [protein_id=QRW16167.1] [location=join(2050847..2051778,2051840..2051906,2051960..2052072,2052125..2052247,2052304..2052790)] [gbkey=CDS]",0.5582750582750583
"lcl|CP059658.1_cds_QRW16168.1_651 [locus_tag=RhiXN_04169] [protein=aldehyde dehydrogenase family protein] [protein_id=QRW16168.1] [location=complement(join(2054351..2054615,2054669..2054881,2054943..2055038,2055094..2055205,2055261..2055277,2055332..2055507,2055556..2055698,2055744..2055800,2055848..2055874,2055926..2055932,2055984..2056052,2056106..2056177,2056233..2056304,2056355..2056398,2056450..2056545,2056598..2056704,2057125..2057168,2057221..2057282,2057339..2057397,2057453..2057725,2057777..2057793,2057847..2058021,2058074..2058176,2058232..2058340))] [gbkey=CDS]",0.5010377750103777
"lcl|CP059658.1_cds_QRW16169.1_652 [locus_tag=RhiXN_04170] [protein=Cell division control protein 14, SIN component] [protein_id=QRW16169.1] [location=complement(join(2058642..2059287,2059347..2060108,2060165..2060545,2060813..2060937,2060988..2061181,2061229..2061367,2061424..2061450))] [gbkey=CDS]",0.5295414462081128
"lcl|CP059658.1_cds_QRW16170.1_653 [locus_tag=RhiXN_04171] [protein=TBC domain-containing protein] [protein_id=QRW16170.1] [location=join(2061561..2061677,2061728..2061778,2061826..2062053,2062102..2062846,2062898..2062912,2062990..2063147,2063244..2063564,2063605..2063830,2063897..2064107,2064198..2064702)] [gbkey=CDS]",0.5425904317386231
"lcl|CP059658.1_cds_QRW16171.1_654 [locus_tag=RhiXN_04172] [protein=TBC1 domain protein 10B] [protein_id=QRW16171.1] [location=join(2064759..2064964,2065012..2065998,2066049..2066156,2066205..2066370,2066430..2066501,2066550..2066590,2066638..2066705,2066761..2066859,2066939..2067039)] [gbkey=CDS]",0.5190010857763301
lcl|CP059658.1_cds_QRW16172.1_655 [locus_tag=RhiXN_04173] [protein=pseudouridine synthase] [protein_id=QRW16172.1] [location=complement(2067293..2067637)] [gbkey=CDS],0.4631268436578171
"lcl|CP059658.1_cds_QRW16173.1_656 [locus_tag=RhiXN_04174] [protein=pseudouridine synthase] [protein_id=QRW16173.1] [location=complement(join(2067757..2067961,2068020..2068042,2068089..2068261,2068314..2068338,2068378..2068596,2068640..2068642))] [gbkey=CDS]",0.5077881619937694
"lcl|CP059658.1_cds_QRW16174.1_657 [locus_tag=RhiXN_04175] [protein=pseudouridine synthase] [protein_id=QRW16174.1] [location=complement(join(2069408..2069804,2069878..2070179,2070477..2070605,2070812..2071198,2071242..2071446,2071511..2072028))] [gbkey=CDS]",0.4974120082815735
"lcl|CP059658.1_cds_QRW16175.1_658 [locus_tag=RhiXN_04176] [protein=FMN-dependent alpha-hydroxy acid dehydrogenase] [protein_id=QRW16175.1] [location=join(2072753..2072867,2072890..2072928,2072978..2072994,2073052..2073079,2073134..2073196,2073248..2073348,2073398..2073523,2073577..2074059,2074112..2074185,2074243..2074341,2074578..2074728,2074789..2074974,2075030..2075037,2075089..2075159,2075215..2075475,2075533..2075744,2075797..2075877,2075931..2076077,2076129..2076230,2076280..2076401,2076453..2076634,2076693..2076856)] [gbkey=CDS]",0.505307855626327
"lcl|CP059658.1_cds_QRW16176.1_659 [locus_tag=RhiXN_04177] [protein=cytochrome b2 (L-lactate ferricytochrome C oxidoreductase) protein] [protein_id=QRW16176.1] [location=join(2077234..2077339,2077392..2077891,2077960..2078351,2078410..2078595,2078647..2078686)] [gbkey=CDS]",0.5582922824302134
"lcl|CP059658.1_cds_QRW16177.1_660 [locus_tag=RhiXN_04178] [protein=Sugar (and other) transporter] [protein_id=QRW16177.1] [location=complement(join(2079015..2079156,2079208..2079304,2079357..2079436,2079491..2079627,2079682..2079805,2079856..2079925,2079974..2079978,2080055..2080080,2080132..2080242,2080296..2080407,2080472..2080494,2080545..2080671,2080735..2080845,2080906..2080959,2081021..2081172,2081227..2081286,2081343..2081386,2081453..2081462))] [gbkey=CDS]",0.4908722109533469
"lcl|CP059658.1_cds_QRW16178.1_661 [locus_tag=RhiXN_04179] [protein=hypothetical protein] [protein_id=QRW16178.1] [location=complement(join(2082811..2083064,2083113..2083123,2083178..2083273,2083327..2083406))] [gbkey=CDS]",0.5057471264367817
"lcl|CP059658.1_cds_QRW16179.1_662 [locus_tag=RhiXN_04180] [protein=ribosomal protein L7Ae/L30e/S12e/Gadd45 family] [protein_id=QRW16179.1] [location=complement(join(2084466..2084525,2084570..2084803,2084878..2084955))] [gbkey=CDS]",0.5382513661202186
"lcl|CP059658.1_cds_QRW16180.1_663 [locus_tag=RhiXN_04181] [protein=Chitin biosynthesis protein CHS5] [protein_id=QRW16180.1] [location=complement(join(2085204..2085738,2085791..2086320,2086365..2086565,2086617..2086630,2087232..2087235,2087296..2087364,2087417..2087518,2087578..2087780,2087853..2087927,2087989..2088207,2088265..2088453,2088510..2088944,2089003..2089124,2089179..2089375))] [gbkey=CDS]",0.5001730702665282
"lcl|CP059658.1_cds_QRW16181.1_664 [locus_tag=RhiXN_04182] [protein=hypothetical protein] [protein_id=QRW16181.1] [location=join(2090705..2090802,2090874..2091076,2091131..2091211,2091261..2091334,2091388..2091528,2091585..2091763,2091815..2091995)] [gbkey=CDS]",0.4815983175604627
"lcl|CP059658.1_cds_QRW16182.1_665 [locus_tag=RhiXN_04183] [protein=FMN-dependent alpha-hydroxy acid dehydrogenase] [protein_id=QRW16182.1] [location=join(2092193..2092211,2092262..2092347,2092410..2092763,2092817..2092958,2093009..2093959,2094011..2094114,2094167..2094259,2094311..2094438,2094492..2094747,2094800..2094988,2095038..2095233,2095284..2095520,2095571..2095814,2095865..2095944,2096093..2096193,2096358..2096400,2096463..2096740,2096794..2096861,2096919..2097171,2097274..2097353,2097447..2097567,2097755..2097808,2097883..2098318,2098396..2098532)] [gbkey=CDS]",0.5139965546942291
"lcl|CP059658.1_cds_QRW16183.1_666 [locus_tag=RhiXN_04184] [protein=hypothetical protein] [protein_id=QRW16183.1] [location=join(2099719..2100075,2100131..2100301)] [gbkey=CDS]",0.5900383141762452
"lcl|CP059658.1_cds_QRW16184.1_667 [locus_tag=RhiXN_04185] [protein=hypothetical protein] [protein_id=QRW16184.1] [location=join(2100577..2101347,2101405..2101947,2102010..2102315)] [gbkey=CDS]",0.5892193308550185
"lcl|CP059658.1_cds_QRW16185.1_668 [locus_tag=RhiXN_04186] [protein=GNL3L/Grn1 putative GTPase] [protein_id=QRW16185.1] [location=complement(join(2102936..2103574,2103635..2103762,2103842..2104019,2104096..2104134,2104188..2104426,2104477..2104768,2104821..2104903,2104968..2105078,2105697..2105890,2105964..2106205))] [gbkey=CDS]",0.5371669004207573
"lcl|CP059658.1_cds_QRW16186.1_669 [locus_tag=RhiXN_04187] [protein=autophagy-related protein 22] [protein_id=QRW16186.1] [location=join(2108704..2108773,2108827..2108929,2108985..2109331,2109382..2109503,2109557..2110122,2110179..2110394,2110453..2110649,2110696..2110725,2110775..2110959)] [gbkey=CDS]",0.5344262295081967
"lcl|CP059658.1_cds_QRW16187.1_670 [locus_tag=RhiXN_04188] [protein=plasma membrane proteolipid] [protein_id=QRW16187.1] [location=complement(join(2111114..2111322,2111391..2111510,2111539..2111723,2111785..2111923,2111981..2112055,2112117..2112213))] [gbkey=CDS]",0.5421245421245421
"lcl|CP059658.1_cds_QRW16188.1_671 [locus_tag=RhiXN_04189] [protein=plasma membrane proteolipid] [protein_id=QRW16188.1] [location=complement(join(2112966..2113572,2113621..2113759,2113830..2113904,2113961..2114063))] [gbkey=CDS]",0.5294117647058824
"lcl|CP059658.1_cds_QRW16189.1_672 [locus_tag=RhiXN_04190] [protein=hypothetical protein] [protein_id=QRW16189.1] [location=complement(join(2114513..2114884,2114923..2115015,2115079..2115144,2115203..2115588,2115639..2115720,2115792..2115884,2115935..2116029,2116106..2116182,2116230..2116352,2116408..2116506,2116557..2116591,2116644..2116677,2116734..2116897,2116966..2117093,2117143..2117199,2117253..2117376,2117433..2117592,2117646..2117653,2117715..2117728,2117785..2117791,2117847..2117888))] [gbkey=CDS]",0.48513093652907235
"lcl|CP059658.1_cds_QRW16190.1_673 [locus_tag=RhiXN_04191] [protein=vacuolar membrane protein] [protein_id=QRW16190.1] [location=join(2118914..2119039,2119093..2119189,2119242..2119334,2119386..2119636,2119692..2119718,2119772..2120470)] [gbkey=CDS]",0.49572649572649574
"lcl|CP059658.1_cds_QRW16191.1_674 [locus_tag=RhiXN_04192] [protein=vacuole protein] [protein_id=QRW16191.1] [location=join(2120957..2121134,2121170..2121801)] [gbkey=CDS]",0.5584577114427861
"lcl|CP059658.1_cds_QRW16192.1_675 [locus_tag=RhiXN_04193] [protein=cytochrome P450 family protein] [protein_id=QRW16192.1] [location=complement(join(2122948..2122962,2123013..2123232,2123292..2123320,2123388..2123547,2123602..2123634,2123694..2123760,2123823..2124073,2124148..2124226,2124292..2124384,2124442..2124471,2124533..2124626,2124694..2124719,2124772..2124815,2124867..2124958,2125011..2125108,2125164..2125308))] [gbkey=CDS]",0.5034013605442177
"lcl|CP059658.1_cds_QRW16193.1_676 [locus_tag=RhiXN_04194] [protein=methylenetetrahydrofolate dehydrogenase (NAD+)] [protein_id=QRW16193.1] [location=join(2126229..2126296,2126352..2126426,2126482..2126542,2126593..2126877,2126927..2127015,2127069..2127609,2127660..2127718,2127771..2127819)] [gbkey=CDS]",0.5028665028665029
"lcl|CP059658.1_cds_QRW16194.1_677 [locus_tag=RhiXN_04195] [protein=hypothetical protein] [protein_id=QRW16194.1] [location=complement(join(2128026..2128166,2128219..2128315,2128372..2128526,2128580..2128692,2128743..2128929))] [gbkey=CDS]",0.4992721979621543
"lcl|CP059658.1_cds_QRW16195.1_678 [locus_tag=RhiXN_04196] [protein=ricin-type beta-trefoil lectin domain protein] [protein_id=QRW16195.1] [location=join(2129357..2129518,2129571..2129665,2129728..2129842,2129913..2129977,2130030..2130071,2130152..2130425,2130474..2130509,2130757..2130772,2131429..2131486,2131547..2131685)] [gbkey=CDS]",0.4759036144578313
"lcl|CP059658.1_cds_QRW16196.1_679 [locus_tag=RhiXN_04197] [protein=SVP1-like protein 2] [protein_id=QRW16196.1] [location=join(2135434..2135494,2135548..2135838,2135931..2136405,2136462..2137056)] [gbkey=CDS]",0.5324858757062146
"lcl|CP059658.1_cds_QRW16197.1_680 [locus_tag=RhiXN_04198] [protein=hypothetical protein] [protein_id=QRW16197.1] [location=complement(join(2137582..2137758,2137810..2138226))] [gbkey=CDS]",0.5425170068027211
"lcl|CP059658.1_cds_QRW16198.1_681 [locus_tag=RhiXN_04199] [protein=cytochrome b5] [protein_id=QRW16198.1] [location=complement(join(2138267..2138854,2142957..2143009,2143068..2143139,2143201..2143261,2143327..2143424,2143478..2143514,2143566..2143594,2143647..2143725))] [gbkey=CDS]",0.5113748763600395
"lcl|CP059658.1_cds_QRW16199.1_682 [locus_tag=RhiXN_04200] [protein=Tip elongation aberrant protein Tea4] [protein_id=QRW16199.1] [location=join(2144132..2144173,2144220..2144633,2144686..2146993,2147047..2148158,2148210..2148251)] [gbkey=CDS]",0.5452453987730062
"lcl|CP059658.1_cds_QRW16200.1_683 [locus_tag=RhiXN_04201] [protein=phosphoribosylaminoimidazole carboxylase] [protein_id=QRW16200.1] [location=join(2148543..2148570,2148628..2149079,2149130..2149382,2149433..2150166,2150225..2150419)] [gbkey=CDS]",0.5150966183574879
"lcl|CP059658.1_cds_QRW16201.1_684 [locus_tag=RhiXN_04202] [protein=hypothetical protein] [protein_id=QRW16201.1] [location=join(2150863..2150965,2151019..2151554,2151615..2151719,2151761..2152402)] [gbkey=CDS]",0.5449275362318841
"lcl|CP059658.1_cds_QRW16202.1_685 [locus_tag=RhiXN_04203] [protein=ribosome assembly protein] [protein_id=QRW16202.1] [location=join(2152731..2152859,2152903..2153196,2153260..2153418)] [gbkey=CDS]",0.5138888888888888
"lcl|CP059658.1_cds_QRW16203.1_686 [locus_tag=RhiXN_04204] [protein=replication factor C subunit 1] [protein_id=QRW16203.1] [location=complement(join(2153541..2153693,2153745..2153853,2153904..2154055,2154108..2154270,2154325..2154444,2154498..2154634,2154705..2154843,2154896..2155033,2155088..2155135,2155184..2155269,2155315..2155440,2155499..2155552,2155604..2155790,2155844..2155963,2156015..2156296,2156350..2156517,2156573..2156971,2157029..2157322,2157375..2157398,2157450..2157471,2157539..2157635))] [gbkey=CDS]",0.4863877822045153
"lcl|CP059658.1_cds_QRW16204.1_687 [locus_tag=RhiXN_04205] [protein=HD domain-containing protein] [protein_id=QRW16204.1] [location=complement(join(2157988..2158158,2158206..2158410,2158458..2158548,2158610..2158659,2158715..2158902,2158958..2158987,2159040..2159182,2159238..2159362,2159416..2159478,2159527..2159595,2159653..2159796,2159852..2159903,2159952..2160053,2160110..2160124,2160187..2160219,2160282..2160343,2160398..2160549))] [gbkey=CDS]",0.48134991119005327
"lcl|CP059658.1_cds_QRW16205.1_688 [locus_tag=RhiXN_04206] [protein=major facilitator superfamily transporter] [protein_id=QRW16205.1] [location=complement(join(2160776..2160929,2160984..2161147,2161202..2161242,2161293..2161502,2161556..2161696,2161752..2161772,2161826..2162438,2162487..2162700,2162762..2162809,2162864..2162876,2162932..2163016,2163080..2163172))] [gbkey=CDS]",0.5041876046901173
"lcl|CP059658.1_cds_QRW16206.1_689 [locus_tag=RhiXN_04207] [protein=Transcriptional repressor TCF25] [protein_id=QRW16206.1] [location=join(2163407..2163562,2163612..2163677,2163725..2164048,2164106..2164343,2164393..2164514)] [gbkey=CDS]",0.49444444444444446
"lcl|CP059658.1_cds_QRW16207.1_690 [locus_tag=RhiXN_04208] [protein=Transcriptional repressor TCF25] [protein_id=QRW16207.1] [location=join(2164590..2164699,2164750..2165041,2165101..2165243,2165297..2165801)] [gbkey=CDS]",0.5095785440613027
"lcl|CP059658.1_cds_QRW16208.1_691 [locus_tag=RhiXN_04209] [protein=endonuclease/exonuclease/phosphatase family protein] [protein_id=QRW16208.1] [location=join(2166438..2166915,2166969..2167007,2167057..2167246,2167283..2167621,2167672..2168959,2169012..2169093,2169142..2169363,2169416..2169678,2169731..2169949,2170008..2170496)] [gbkey=CDS]",0.5081876214265889
"lcl|CP059658.1_cds_QRW16209.1_692 [locus_tag=RhiXN_04210] [protein=inositol-1,4,5-trisphosphate 5-phosphatase 11] [protein_id=QRW16209.1] [location=2170942..2172603] [gbkey=CDS]",0.4867149758454106
"lcl|CP059658.1_cds_QRW16210.1_693 [locus_tag=RhiXN_04211] [protein=pre-rRNA-processing protein ESF2] [protein_id=QRW16210.1] [location=complement(join(2172800..2173300,2173356..2173506,2173558..2173654,2173711..2173870,2173926..2174246,2174297..2174437,2174496..2174930,2174981..2175234,2175309..2175368,2175426..2175696))] [gbkey=CDS]",0.5316561844863732
"lcl|CP059658.1_cds_QRW16211.1_694 [locus_tag=RhiXN_04212] [protein=extracellular metalloprotease] [protein_id=QRW16211.1] [location=complement(join(2175966..2176148,2176200..2176309,2176361..2176582,2176638..2176795,2176837..2176965,2177017..2177105,2177889..2177938,2177995..2178033,2178084..2178244,2178297..2178480,2178534..2178648,2178708..2178848,2179191..2179388))] [gbkey=CDS]",0.5172024816694868
"lcl|CP059658.1_cds_QRW16212.1_695 [locus_tag=RhiXN_04213] [protein=extracellular metalloprotease] [protein_id=QRW16212.1] [location=complement(join(2179562..2179621,2179674..2179719,2179776..2180180,2180238..2180358,2180416..2180531,2180595..2180863))] [gbkey=CDS]",0.5113748763600395
lcl|CP059658.1_cds_QRW16213.1_696 [locus_tag=RhiXN_04214] [protein=hypothetical protein] [protein_id=QRW16213.1] [location=complement(2181879..2182394)] [gbkey=CDS],0.5196078431372549
"lcl|CP059658.1_cds_QRW16214.1_697 [locus_tag=RhiXN_04215] [protein=hypothetical protein] [protein_id=QRW16214.1] [location=join(2182580..2182590,2182638..2182688,2182739..2182835,2182892..2182945,2183010..2184131)] [gbkey=CDS]",0.5379984951091046
"lcl|CP059658.1_cds_QRW16215.1_698 [locus_tag=RhiXN_04216] [protein=NADH dehydrogenase] [protein_id=QRW16215.1] [location=join(2185005..2185150,2185571..2185712,2186163..2186225)] [gbkey=CDS]",0.5391304347826087
"lcl|CP059658.1_cds_QRW16216.1_699 [locus_tag=RhiXN_04217] [protein=HMG (high mobility group) box protein] [protein_id=QRW16216.1] [location=join(2186601..2187669,2187756..2187934,2187992..2188312,2188372..2188695)] [gbkey=CDS]",0.5765765765765766
"lcl|CP059658.1_cds_QRW16217.1_700 [locus_tag=RhiXN_04218] [protein=transcription initiation factor IIB] [protein_id=QRW16217.1] [location=complement(join(2197325..2197408,2197453..2197818,2197878..2198165,2198350..2198499))] [gbkey=CDS]",0.5736961451247166
"lcl|CP059658.1_cds_QRW16218.1_701 [locus_tag=RhiXN_04219] [protein=hypothetical protein] [protein_id=QRW16218.1] [location=complement(join(2198634..2198905,2199134..2200562))] [gbkey=CDS]",0.5899705014749262
lcl|CP059658.1_cds_QRW16219.1_702 [locus_tag=RhiXN_04220] [protein=hypothetical protein] [protein_id=QRW16219.1] [location=complement(2200615..2200986)] [gbkey=CDS],0.6174863387978142
"lcl|CP059658.1_cds_QRW16220.1_703 [locus_tag=RhiXN_04221] [protein=ABC transporter] [protein_id=QRW16220.1] [location=join(2201396..2201467,2201512..2201568,2201618..2201647,2201700..2201953,2202014..2202243,2202290..2202360,2202409..2202494,2202590..2202878,2202942..2203064,2203119..2203738,2203800..2204966,2205035..2205332,2205399..2205498,2205550..2205650,2205707..2205760,2205813..2205881,2205932..2206007,2206057..2206176,2206237..2206343,2206406..2206544,2206603..2206913,2206977..2207190,2207242..2207457,2207612..2207634,2207881..2208088,2208141..2208386,2208440..2208501,2208612..2208723,2208780..2209063)] [gbkey=CDS]",0.540380254665969
"lcl|CP059658.1_cds_QRW16221.1_704 [locus_tag=RhiXN_04222] [protein=hypothetical protein] [protein_id=QRW16221.1] [location=join(2209090..2209128,2209178..2209274,2209367..2209500,2209553..2209798)] [gbkey=CDS]",0.5372549019607843
"lcl|CP059658.1_cds_QRW16222.1_705 [locus_tag=RhiXN_04223] [protein=cytochrome P450 family protein] [protein_id=QRW16222.1] [location=complement(join(2210121..2210198,2210314..2210413,2210611..2211039,2211095..2211285,2211339..2211610,2211673..2211827,2211958..2212025,2212072..2212176,2212357..2212415,2212488..2212647,2212710..2212812,2212864..2212901))] [gbkey=CDS]",0.5439497716894978
lcl|CP059658.1_cds_QRW16223.1_706 [locus_tag=RhiXN_04224] [protein=F-box-like protein] [protein_id=QRW16223.1] [location=2213811..2215490] [gbkey=CDS],0.5800477897252091
"lcl|CP059658.1_cds_QRW16224.1_707 [locus_tag=RhiXN_04225] [protein=alpha/beta hydrolase family protein] [protein_id=QRW16224.1] [location=complement(join(2220601..2220774,2220861..2220952,2221121..2221151,2221387..2221524,2221656..2221785,2221842..2222014,2222064..2222148,2222210..2222355))] [gbkey=CDS]",0.5202492211838006
"lcl|CP059658.1_cds_QRW16225.1_708 [locus_tag=RhiXN_04226] [protein=WD40 domain-containing protein] [protein_id=QRW16225.1] [location=join(2222501..2222599,2222656..2222802,2222850..2222988,2223042..2223238,2223290..2223447,2223502..2223588,2223637..2223718,2223772..2223930)] [gbkey=CDS]",0.4924670433145009
"lcl|CP059658.1_cds_QRW16226.1_709 [locus_tag=RhiXN_04227] [protein=amino acid permease] [protein_id=QRW16226.1] [location=complement(join(2226152..2226323,2226378..2226401,2226459..2226529,2226587..2226746,2226796..2226979,2227035..2227133,2227192..2227249,2227301..2227373,2227431..2227462,2227522..2227900,2227956..2227985,2228039..2228118,2228185..2228328,2228398..2228699,2228788..2228943,2229008..2229518,2229572..2229742,2229794..2229859,2229910..2230005,2230059..2230169,2230222..2230839,2230913..2231059,2231119..2231154,2231220..2231250,2231326..2231345,2231406..2231549))] [gbkey=CDS]",0.5083141468406241
"lcl|CP059658.1_cds_QRW16227.1_710 [locus_tag=RhiXN_04228] [protein=hypothetical protein] [protein_id=QRW16227.1] [location=join(2231778..2231861,2231915..2232538,2232600..2232707,2232766..2232816,2232884..2232921,2232977..2233085)] [gbkey=CDS]",0.5257936507936508
"lcl|CP059658.1_cds_QRW16228.1_711 [locus_tag=RhiXN_04229] [protein=homeobox domain protein] [protein_id=QRW16228.1] [location=complement(join(2233677..2234412,2234478..2235604,2235679..2235691,2235779..2235978))] [gbkey=CDS]",0.6024154589371981
"lcl|CP059658.1_cds_QRW16229.1_712 [locus_tag=RhiXN_04230] [protein=hypothetical protein] [protein_id=QRW16229.1] [location=complement(join(2236340..2236471,2236520..2237128,2237213..2237425,2237490..2239534,2239604..2239672,2239736..2239853))] [gbkey=CDS]",0.5283018867924528
"lcl|CP059658.1_cds_QRW16230.1_713 [locus_tag=RhiXN_04231] [protein=transmembrane adaptor Erv26] [protein_id=QRW16230.1] [location=join(2240614..2240628,2240678..2241015,2241071..2241135,2241196..2241755)] [gbkey=CDS]",0.5339506172839507
"lcl|CP059658.1_cds_QRW16231.1_714 [locus_tag=RhiXN_04232] [protein=RNA recognition motif protein] [protein_id=QRW16231.1] [location=complement(join(2241981..2242093,2242149..2242221,2242271..2242385,2242438..2242499,2242563..2242580))] [gbkey=CDS]",0.464
"lcl|CP059658.1_cds_QRW16232.1_715 [locus_tag=RhiXN_04233] [protein=peptidase] [protein_id=QRW16232.1] [location=complement(join(2247181..2247498,2247554..2247653,2247715..2248040))] [gbkey=CDS]",0.5298102981029811
"lcl|CP059658.1_cds_QRW16233.1_716 [locus_tag=RhiXN_04234] [protein=Prefoldin subunit] [protein_id=QRW16233.1] [location=complement(join(2248312..2248482,2248669..2248787,2248843..2248979,2249037..2249127,2249179..2249203))] [gbkey=CDS]",0.4934823091247672
"lcl|CP059658.1_cds_QRW16234.1_717 [locus_tag=RhiXN_04235] [protein=NADH dehydrogenase (ubiquinone) Fe-S protein 8] [protein_id=QRW16234.1] [location=join(2249370..2249631,2249686..2249734,2249786..2249874,2249927..2250019,2250079..2250095,2250150..2250204,2250253..2250363,2250440..2250495)] [gbkey=CDS]",0.5151515151515151
"lcl|CP059658.1_cds_QRW16235.1_718 [locus_tag=RhiXN_04236] [protein=hypothetical protein] [protein_id=QRW16235.1] [location=complement(join(2250595..2251095,2251131..2251201,2251270..2251428,2251483..2251563,2251622..2251760,2251814..2251922,2251970..2252004,2252062..2252187,2252342..2252401,2252450..2252534,2252588..2252668,2252719..2252728,2252785..2252827,2252881..2252947,2253000..2253076,2253126..2253432,2253489..2253903,2253966..2254032,2254081..2254107,2254159..2254311,2254361..2254428,2254482..2254898,2254962..2255202))] [gbkey=CDS]",0.49384938493849384
"lcl|CP059658.1_cds_QRW16236.1_719 [locus_tag=RhiXN_04237] [protein=hypothetical protein] [protein_id=QRW16236.1] [location=complement(join(2255389..2255522,2255578..2255693,2255749..2256271,2256332..2256534,2256583..2256799,2256856..2257052,2257104..2257204,2257349..2257444))] [gbkey=CDS]",0.5066413662239089
"lcl|CP059658.1_cds_QRW16237.1_720 [locus_tag=RhiXN_04238] [protein=DEAD/DEAH box helicase] [protein_id=QRW16237.1] [location=join(2257688..2257802,2257850..2258559,2258603..2258656,2258709..2258770,2258821..2258904,2258958..2259027,2259088..2259150,2259199..2259234)] [gbkey=CDS]",0.4957912457912458
"lcl|CP059658.1_cds_QRW16238.1_721 [locus_tag=RhiXN_04239] [protein=hepatocellular carcinoma-associated antigen 59] [protein_id=QRW16238.1] [location=complement(join(2259562..2259597,2259646..2259791,2259847..2259968,2260024..2260236,2260287..2260385,2260449..2260631,2260688..2260833))] [gbkey=CDS]",0.4909478168264111
"lcl|CP059658.1_cds_QRW16239.1_722 [locus_tag=RhiXN_04240] [protein=vacuolar protein-sorting-associated protein 46] [protein_id=QRW16239.1] [location=join(2261041..2261059,2261105..2261124,2261186..2261263,2261328..2261543,2261598..2261691,2261749..2261933)] [gbkey=CDS]",0.47854785478547857
"lcl|CP059658.1_cds_QRW16240.1_723 [locus_tag=RhiXN_04241] [protein=hypothetical protein] [protein_id=QRW16240.1] [location=complement(join(2262375..2262434,2262473..2262616,2262677..2263245,2263305..2263377,2263443..2264765,2264828..2265241,2265299..2265409))] [gbkey=CDS]",0.5152529761904762
"lcl|CP059658.1_cds_QRW16241.1_724 [locus_tag=RhiXN_04242] [protein=ubiquitin carboxyl-terminal hydrolase] [protein_id=QRW16241.1] [location=join(2265772..2265855,2265907..2266122)] [gbkey=CDS]",0.48639455782312924
"lcl|CP059658.1_cds_QRW16242.1_725 [locus_tag=RhiXN_04243] [protein=ubiquitin carboxyl-terminal hydrolase] [protein_id=QRW16242.1] [location=join(2266352..2266729,2266789..2267664)] [gbkey=CDS]",0.5048076923076923
"lcl|CP059658.1_cds_QRW16243.1_726 [locus_tag=RhiXN_04244] [protein=alpha/beta hydrolase family protein] [protein_id=QRW16243.1] [location=join(2270983..2271290,2271344..2271412,2271476..2272364,2272419..2272586)] [gbkey=CDS]",0.5140056022408963
"lcl|CP059658.1_cds_QRW16244.1_727 [locus_tag=RhiXN_04245] [protein=lipin-1] [protein_id=QRW16244.1] [location=join(2272900..2273100,2273250..2273534,2273589..2274039,2274090..2274156,2274210..2274987,2275045..2275158,2275214..2275353,2275414..2275653,2275717..2275944,2276000..2276678)] [gbkey=CDS]",0.5086559647466163
"lcl|CP059658.1_cds_QRW16245.1_728 [locus_tag=RhiXN_04246] [protein=GTPase activating protein for Arf protein] [protein_id=QRW16245.1] [location=complement(join(2277005..2277322,2277349..2277462,2277517..2277756,2277813..2278037,2278090..2278218,2278296..2278353,2278418..2278479,2278550..2278560,2278611..2278688,2278739..2279075))] [gbkey=CDS]",0.5389527458492975
"lcl|CP059658.1_cds_QRW16246.1_729 [locus_tag=RhiXN_04247] [protein=velvet factor] [protein_id=QRW16246.1] [location=join(2280128..2280168,2280247..2280592,2280655..2281267,2281331..2281370,2281433..2281551,2281616..2281788)] [gbkey=CDS]",0.5625942684766214
"lcl|CP059658.1_cds_QRW16247.1_730 [locus_tag=RhiXN_04248] [protein=pentatricopeptide repeat-containing protein 5, mitochondrial] [protein_id=QRW16247.1] [location=complement(join(2281930..2285009,2285081..2285350,2285395..2285632,2285933..2285945,2286001..2286193,2286250..2286278,2286333..2286336,2286398..2286419,2286491..2286574))] [gbkey=CDS]",0.4998726763432646
"lcl|CP059658.1_cds_QRW16248.1_731 [locus_tag=RhiXN_04249] [protein=DNA mismatch repair protein] [protein_id=QRW16248.1] [location=complement(join(2286780..2286867,2286920..2287019,2287081..2287258,2287310..2287885,2288083..2288484,2288547..2288687,2288738..2288820,2288871..2288886,2288942..2289019,2289071..2289124,2289181..2289336,2289380..2289469,2289519..2289604,2289656..2289718,2289779..2290034))] [gbkey=CDS]",0.4764930114358323
"lcl|CP059658.1_cds_QRW16249.1_732 [locus_tag=RhiXN_04250] [protein=ribosome biogenesis regulatory protein] [protein_id=QRW16249.1] [location=join(2290208..2290248,2290296..2290391,2290447..2290781,2290833..2290943,2290989..2291019,2291072..2291387)] [gbkey=CDS]",0.5097402597402597
"lcl|CP059658.1_cds_QRW16250.1_733 [locus_tag=RhiXN_04251] [protein=Type 2A phosphatase-associated protein 41] [protein_id=QRW16250.1] [location=complement(join(2291465..2291698,2291753..2291920,2291974..2292241,2292299..2292717))] [gbkey=CDS]",0.5041551246537396
"lcl|CP059658.1_cds_QRW16251.1_734 [locus_tag=RhiXN_04252] [protein=WD40 domain protein] [protein_id=QRW16251.1] [location=complement(join(2293195..2293521,2293592..2293700,2293759..2293910,2293967..2294316,2294382..2294486,2294633..2294673,2294730..2294901,2294961..2295141))] [gbkey=CDS]",0.519916142557652
"lcl|CP059658.1_cds_QRW16252.1_735 [locus_tag=RhiXN_04253] [protein=hypothetical protein] [protein_id=QRW16252.1] [location=join(2296195..2296204,2296251..2296687)] [gbkey=CDS]",0.5034013605442177
"lcl|CP059658.1_cds_QRW16253.1_736 [locus_tag=RhiXN_04254] [protein=isochorismatase domain-containing protein 2] [protein_id=QRW16253.1] [location=join(2297396..2297551,2297617..2297760,2297816..2297896,2297955..2297981,2298037..2298192,2298247..2298336)] [gbkey=CDS]",0.5015432098765432
"lcl|CP059658.1_cds_QRW16254.1_737 [locus_tag=RhiXN_04255] [protein=exosome complex exonuclease DIS3/RRP44] [protein_id=QRW16254.1] [location=join(2298948..2300213,2300267..2300729,2300778..2301007,2301059..2301471,2301525..2301870,2301915..2302072,2302122..2302496,2302549..2302672,2302726..2302875,2302930..2303031,2303081..2303372,2303426..2303489,2303546..2303744,2303795..2303948,2303990..2304255,2305208..2305375)] [gbkey=CDS]",0.5434508816120907
"lcl|CP059658.1_cds_QRW16255.1_738 [locus_tag=RhiXN_04256] [protein=U3 small nucleolar RNA-associated protein] [protein_id=QRW16255.1] [location=join(2305724..2305772,2305830..2305929,2305985..2306092,2306304..2306412,2306475..2306705)] [gbkey=CDS]",0.5296108291032149
"lcl|CP059658.1_cds_QRW16256.1_739 [locus_tag=RhiXN_04257] [protein=hypothetical protein] [protein_id=QRW16256.1] [location=join(2307458..2307571,2307621..2307660,2307698..2307718,2307782..2307980,2308036..2308097,2308155..2308279,2308325..2308454,2308516..2308654,2308716..2308743,2308799..2308970,2309018..2309133)] [gbkey=CDS]",0.48947368421052634
"lcl|CP059658.1_cds_QRW16257.1_740 [locus_tag=RhiXN_04258] [protein=Isocitrate/isopropylmalate dehydrogenase] [protein_id=QRW16257.1] [location=complement(join(2309626..2309647,2309705..2309810,2309873..2309921,2309982..2310112,2310184..2310271,2310347..2310358,2310411..2310580,2310634..2310651,2310702..2310764,2310789..2310807,2310862..2310914,2310971..2311004,2311061..2311126,2311178..2311357))] [gbkey=CDS]",0.49850746268656715
"lcl|CP059658.1_cds_QRW16258.1_741 [locus_tag=RhiXN_04259] [protein=Fungal specific transcription factor domain] [protein_id=QRW16258.1] [location=join(2313449..2313525,2313578..2313647,2313721..2313778,2313953..2314230,2314281..2314307,2314373..2315105,2315163..2315233,2315289..2315399,2315464..2315504,2315561..2316235,2316289..2316356,2316406..2316647)] [gbkey=CDS]",0.5259713701431493
"lcl|CP059658.1_cds_QRW16259.1_742 [locus_tag=RhiXN_04260] [protein=vacuolar protein sorting-associated protein VPS24] [protein_id=QRW16259.1] [location=join(2317340..2317456,2317510..2317687,2317751..2317872,2317923..2318078,2318141..2318227)] [gbkey=CDS]",0.5122324159021406
"lcl|CP059658.1_cds_QRW16260.1_743 [locus_tag=RhiXN_04261] [protein=beta-catenin-like protein 1] [protein_id=QRW16260.1] [location=join(2318522..2318545,2318605..2318662,2318715..2318983,2319065..2319171,2319221..2319506,2319556..2319649,2319702..2320074,2320125..2320260,2320315..2320460,2320511..2320550,2320604..2320735,2320783..2320971)] [gbkey=CDS]",0.48917748917748916
"lcl|CP059658.1_cds_QRW16261.1_744 [locus_tag=RhiXN_04262] [protein=U3 small nucleolar RNA-associated protein 15] [protein_id=QRW16261.1] [location=complement(join(2321022..2321179,2321235..2321415,2321466..2321792,2321847..2322387,2322436..2322488,2322544..2322572,2322605..2322857))] [gbkey=CDS]",0.5065104166666666
"lcl|CP059658.1_cds_QRW16262.1_745 [locus_tag=RhiXN_04263] [protein=translationally-controlled tumor protein] [protein_id=QRW16262.1] [location=join(2323077..2323135,2323193..2323266,2323328..2323458,2323512..2323634,2323686..2323755,2323813..2323859)] [gbkey=CDS]",0.42570281124497994
"lcl|CP059658.1_cds_QRW16263.1_746 [locus_tag=RhiXN_04264] [protein=hypothetical protein] [protein_id=QRW16263.1] [location=complement(join(2324073..2324142,2324191..2324263,2324322..2324349,2324404..2324787))] [gbkey=CDS]",0.5191256830601093
"lcl|CP059658.1_cds_QRW16264.1_747 [locus_tag=RhiXN_04265] [protein=hypothetical protein] [protein_id=QRW16264.1] [location=complement(join(2324851..2324854,2324908..2325185))] [gbkey=CDS]",0.5144927536231884
"lcl|CP059658.1_cds_QRW16265.1_748 [locus_tag=RhiXN_04266] [protein=transporter protein Sec22] [protein_id=QRW16265.1] [location=join(2325343..2325414,2325466..2325575,2325622..2325782,2325834..2325995,2326050..2326127,2326179..2326255)] [gbkey=CDS]",0.4923547400611621
"lcl|CP059658.1_cds_QRW16266.1_749 [locus_tag=RhiXN_04267] [protein=hypothetical protein] [protein_id=QRW16266.1] [location=join(2329144..2329318,2329370..2329459,2329514..2329582,2329644..2329690,2329742..2329964,2330036..2330109,2330174..2330342,2330404..2330456,2330508..2330582)] [gbkey=CDS]",0.49019607843137253
"lcl|CP059658.1_cds_QRW16267.1_750 [locus_tag=RhiXN_04268] [protein=Bystin] [protein_id=QRW16267.1] [location=complement(join(2330722..2330875,2330924..2331069,2331117..2331263,2331317..2331525,2331583..2331664,2331718..2331754,2331803..2331860,2331916..2332087,2332144..2332362,2332414..2332563))] [gbkey=CDS]",0.4963450292397661
"lcl|CP059658.1_cds_QRW16268.1_751 [locus_tag=RhiXN_04269] [protein=hypothetical protein] [protein_id=QRW16268.1] [location=join(2332708..2332760,2332817..2332851,2332905..2332931,2332987..2333048,2333106..2333153,2333200..2333326,2333379..2333559,2333618..2333674,2333728..2333955,2334013..2334042,2334092..2334216,2334270..2334440,2334498..2334516,2334650..2334776)] [gbkey=CDS]",0.4517133956386293
"lcl|CP059658.1_cds_QRW16269.1_752 [locus_tag=RhiXN_04270] [protein=GMC oxidoreductase] [protein_id=QRW16269.1] [location=join(2335430..2335469,2335516..2335651,2335705..2335768,2335822..2335894,2335946..2336000,2336052..2336310,2336369..2336519,2336574..2336757,2336814..2337091,2337151..2337551)] [gbkey=CDS]",0.4978593272171254
"lcl|CP059658.1_cds_QRW16270.1_753 [locus_tag=RhiXN_04271] [protein=EAF domain-containing protein] [protein_id=QRW16270.1] [location=complement(join(2338438..2338490,2338541..2339492,2339543..2339626,2339680..2339798,2339857..2340086,2340139..2340194,2340240..2340316,2340544..2340595,2340654..2340707,2340759..2340857,2340905..2341117,2341170..2341408,2341464..2341657,2341715..2342043,2342095..2342187,2342240..2342348,2342402..2342573,2342624..2342781,2342831..2343195,2343250..2343324))] [gbkey=CDS]",0.5087436104385257
"lcl|CP059658.1_cds_QRW16271.1_754 [locus_tag=RhiXN_04272] [protein=Pumilio-family RNA binding repeat] [protein_id=QRW16271.1] [location=join(2343691..2343961,2344009..2344162,2344209..2344293,2344344..2344433,2344488..2344917,2344968..2345314,2345369..2345449,2345501..2345637,2345693..2345909,2345966..2346430)] [gbkey=CDS]",0.4817261118450022
"lcl|CP059658.1_cds_QRW16272.1_755 [locus_tag=RhiXN_04273] [protein=stress-induced-phosphoprotein 1] [protein_id=QRW16272.1] [location=join(2346651..2346659,2346716..2346895,2346946..2347114,2347170..2347335,2347387..2347414,2347594..2347771,2347823..2347896,2347949..2348191,2348245..2348410,2348466..2348542,2348600..2348743,2348803..2348949)] [gbkey=CDS]",0.5047619047619047
"lcl|CP059658.1_cds_QRW16273.1_756 [locus_tag=RhiXN_04274] [protein=GDP-mannose 4,6-dehydratase] [protein_id=QRW16273.1] [location=join(2349294..2349837,2349889..2350035,2350086..2350128,2350187..2350241,2350277..2350333,2350394..2350806,2350864..2350900)] [gbkey=CDS]",0.5186046511627908
"lcl|CP059658.1_cds_QRW16274.1_757 [locus_tag=RhiXN_04275] [protein=hypothetical protein] [protein_id=QRW16274.1] [location=join(2351131..2351174,2351227..2351557,2351625..2351772,2351888..2352197,2352241..2352604)] [gbkey=CDS]",0.5020990764063812
"lcl|CP059658.1_cds_QRW16275.1_758 [locus_tag=RhiXN_04276] [protein=hypothetical protein] [protein_id=QRW16275.1] [location=complement(join(2353192..2353257,2353327..2353433,2353488..2353598,2353656..2353772,2353827..2353901,2353962..2354070))] [gbkey=CDS]",0.4939550949913644
"lcl|CP059658.1_cds_QRW16276.1_759 [locus_tag=RhiXN_04277] [protein=hypothetical protein] [protein_id=QRW16276.1] [location=complement(join(2354578..2354642,2354695..2354786,2354826..2354896))] [gbkey=CDS]",0.5900900900900901
"lcl|CP059658.1_cds_QRW16277.1_760 [locus_tag=RhiXN_04278] [protein=GMC oxidoreductase] [protein_id=QRW16277.1] [location=complement(join(2355875..2356057,2356095..2356276,2356330..2356843,2356944..2357029,2357084..2357234,2357292..2357550,2357599..2357653,2357708..2357780,2357834..2357897,2357947..2358190,2358422..2358540,2358594..2358852,2358906..2358951))] [gbkey=CDS]",0.5262449528936743
"lcl|CP059658.1_cds_QRW16278.1_761 [locus_tag=RhiXN_04279] [protein=cytochrome b561 domain-containing protein] [protein_id=QRW16278.1] [location=complement(join(2360104..2360250,2360305..2360553,2360610..2361030,2361056..2361095,2361150..2361254,2361310..2361322,2361378..2361456,2361512..2361560,2361614..2361656,2361707..2361802))] [gbkey=CDS]",0.5331715210355987
"lcl|CP059658.1_cds_QRW16279.1_762 [locus_tag=RhiXN_04280] [protein=short chain dehydrogenase] [protein_id=QRW16279.1] [location=complement(join(2362512..2362572,2362634..2362644,2362695..2362723,2362780..2362914,2363003..2363157,2363221..2363344,2363706..2363835,2363891..2363980,2364048..2364243,2364305..2364396,2364463..2364605,2365015..2365074,2365135..2365211,2365601..2365687,2365739..2365957,2366008..2366033))] [gbkey=CDS]",0.512584407612032
"lcl|CP059658.1_cds_QRW16280.1_763 [locus_tag=RhiXN_04281] [protein=orotidine-5'-phosphate decarboxylase] [protein_id=QRW16280.1] [location=join(2366193..2366360,2366438..2366549,2366602..2367119)] [gbkey=CDS]",0.47474747474747475
"lcl|CP059658.1_cds_QRW16281.1_764 [locus_tag=RhiXN_04282] [protein=Tyrosine kinase domain-containing protein] [protein_id=QRW16281.1] [location=complement(join(2367428..2367724,2367774..2367782,2367844..2367921,2367972..2368097,2368156..2368176,2368231..2368278,2368550..2368756,2368826..2368916,2368965..2369554,2369617..2370450))] [gbkey=CDS]",0.4710239651416122
"lcl|CP059658.1_cds_QRW16282.1_765 [locus_tag=RhiXN_04283] [protein=deoxyribodipyrimidine photo-lyase] [protein_id=QRW16282.1] [location=complement(join(2372240..2372421,2372477..2372618,2372669..2372776,2372829..2372933,2372986..2373038,2373093..2373443,2373492..2373626,2373679..2373700,2373749..2374012,2374068..2374225,2374281..2374608,2374667..2374743,2375079..2375133))] [gbkey=CDS]",0.5040526849037488
"lcl|CP059658.1_cds_QRW16283.1_766 [locus_tag=RhiXN_04284] [protein=transketolase] [protein_id=QRW16283.1] [location=join(2375541..2375758,2375810..2376060,2376108..2376315,2376447..2377104,2377154..2377681,2377732..2377837,2377891..2377976)] [gbkey=CDS]",0.5622254758418741
"lcl|CP059658.1_cds_QRW16284.1_767 [locus_tag=RhiXN_04285] [protein=Tyrosine kinase family catalytic domain protein] [protein_id=QRW16284.1] [location=join(2379793..2380572,2380625..2380831,2380882..2381052,2381102..2381149,2381200..2381220,2381266..2381391,2381445..2381531,2381582..2381590,2381640..2381722,2382206..2382409,2382475..2382561,2382621..2382712,2383070..2383806,2383854..2384121,2384285..2386341,2386482..2386718)] [gbkey=CDS]",0.5965821812596006
"lcl|CP059658.1_cds_QRW16285.1_768 [locus_tag=RhiXN_04286] [protein=proteophosphoglycan 5] [protein_id=QRW16285.1] [location=join(2386742..2386891,2386945..2387862)] [gbkey=CDS]",0.5979284369114878
"lcl|CP059658.1_cds_QRW16286.1_769 [locus_tag=RhiXN_04287] [protein=RhoGEF domain protein] [protein_id=QRW16286.1] [location=complement(join(2388339..2388378,2388430..2388602,2388653..2388775,2388831..2389073,2389123..2389260,2389311..2390533,2390587..2391153,2391204..2391411,2391466..2391794,2391847..2392425,2392478..2392580,2392631..2392753,2392806..2392991,2393046..2393281,2393334..2393640))] [gbkey=CDS]",0.55249343832021
"lcl|CP059658.1_cds_QRW16287.1_770 [locus_tag=RhiXN_04288] [protein=ubiquitin-protein ligase] [protein_id=QRW16287.1] [location=complement(join(2394504..2394666,2394726..2394875,2394929..2395490,2396041..2396904,2396964..2397141,2397210..2398827,2398879..2398955,2399023..2399085,2400150..2400771,2400829..2400953))] [gbkey=CDS]",0.5396286231884058
"lcl|CP059658.1_cds_QRW16288.1_771 [locus_tag=RhiXN_04289] [protein=hypothetical protein] [protein_id=QRW16288.1] [location=join(2401040..2401147,2401272..2401304,2401352..2401685,2401735..2401868)] [gbkey=CDS]",0.5240464344941956
"lcl|CP059658.1_cds_QRW16289.1_772 [locus_tag=RhiXN_04290] [protein=hypothetical protein] [protein_id=QRW16289.1] [location=complement(join(2401987..2402055,2402122..2402205,2402282..2402341))] [gbkey=CDS]",0.5265700483091788
"lcl|CP059658.1_cds_QRW16290.1_773 [locus_tag=RhiXN_04291] [protein=alpha/beta hydrolase family protein] [protein_id=QRW16290.1] [location=join(2402617..2402692,2402811..2402989,2403051..2403065,2403121..2403236,2403298..2403409,2403471..2403886,2403944..2404421)] [gbkey=CDS]",0.5194805194805194
"lcl|CP059658.1_cds_QRW16291.1_774 [locus_tag=RhiXN_04292] [protein=GNAT family acetyltransferase] [protein_id=QRW16291.1] [location=complement(join(2404467..2404522,2404573..2404701,2404756..2404865,2404919..2405006,2405066..2405135,2405183..2405203))] [gbkey=CDS]",0.4893162393162393
"lcl|CP059658.1_cds_QRW16292.1_775 [locus_tag=RhiXN_04293] [protein=NADH dehydrogenase] [protein_id=QRW16292.1] [location=join(2405339..2405549,2405608..2405742,2405797..2405897,2405954..2406052)] [gbkey=CDS]",0.5222222222222223
"lcl|CP059658.1_cds_QRW16293.1_776 [locus_tag=RhiXN_04294] [protein=aspartyl protease] [protein_id=QRW16293.1] [location=join(2406783..2406860,2406920..2407031,2407105..2407291,2407341..2407427,2407476..2407515,2407571..2407700,2407776..2407990)] [gbkey=CDS]",0.5373665480427047
"lcl|CP059658.1_cds_QRW16294.1_777 [locus_tag=RhiXN_04295] [protein=Zinc-binding dehydrogenase] [protein_id=QRW16294.1] [location=join(2408917..2408973,2409034..2409109,2409228..2409246,2409297..2409465,2409527..2409649,2409697..2409783,2409837..2410051,2410104..2410248,2410303..2410434)] [gbkey=CDS]",0.5093411996066863
"lcl|CP059658.1_cds_QRW16295.1_778 [locus_tag=RhiXN_04296] [protein=CLASP amino-terminal protein] [protein_id=QRW16295.1] [location=join(2411111..2411179,2411235..2411570,2411625..2411704,2411755..2412083,2412134..2412534,2412584..2412991,2413044..2413088,2413143..2413208,2413264..2413549,2413606..2413635,2413694..2413882,2413933..2414142,2414198..2414524,2414590..2415941,2416012..2416289,2416340..2417338,2417392..2417687,2417750..2417834,2417891..2418393,2418447..2418706)] [gbkey=CDS]",0.5248357022772429
"lcl|CP059658.1_cds_QRW16296.1_779 [locus_tag=RhiXN_04297] [protein=acyltransferase] [protein_id=QRW16296.1] [location=join(2418937..2419213,2419269..2420312,2420360..2420606,2420659..2420803,2420853..2421659,2422432..2422631,2422683..2423343)] [gbkey=CDS]",0.506962962962963
"lcl|CP059658.1_cds_QRW16297.1_780 [locus_tag=RhiXN_04298] [protein=ribosomal protein S21] [protein_id=QRW16297.1] [location=complement(join(2425361..2425380,2425447..2425471,2425562..2426062))] [gbkey=CDS]",0.5296296296296297
"lcl|CP059658.1_cds_QRW16298.1_781 [locus_tag=RhiXN_04299] [protein=WD40 repeat protein] [protein_id=QRW16298.1] [location=join(2426198..2426236,2426288..2426321,2426379..2426441,2426495..2426625,2426684..2426818,2426874..2426929,2426981..2427099,2427161..2427318)] [gbkey=CDS]",0.46502057613168724
"lcl|CP059658.1_cds_QRW16299.1_782 [locus_tag=RhiXN_04300] [protein=hypothetical protein] [protein_id=QRW16299.1] [location=complement(join(2427386..2427595,2427656..2427715,2427768..2427845,2427890..2427916))] [gbkey=CDS]",0.4823848238482385
"lcl|CP059658.1_cds_QRW16300.1_783 [locus_tag=RhiXN_04301] [protein=hypothetical protein] [protein_id=QRW16300.1] [location=join(2429729..2429772,2429824..2429906,2429969..2429998,2430053..2430180)] [gbkey=CDS]",0.48028673835125446
"lcl|CP059658.1_cds_QRW16301.1_784 [locus_tag=RhiXN_04302] [protein=Cyclin, N-terminal domain] [protein_id=QRW16301.1] [location=complement(join(2430384..2430651,2430731..2430978,2431030..2431173,2431224..2431305,2431356..2431501))] [gbkey=CDS]",0.4501133786848073
"lcl|CP059658.1_cds_QRW16302.1_785 [locus_tag=RhiXN_04303] [protein=DnaJ domain protein] [protein_id=QRW16302.1] [location=complement(join(2431736..2432358,2432465..2432849))] [gbkey=CDS]",0.5209580838323353
"lcl|CP059658.1_cds_QRW16303.1_786 [locus_tag=RhiXN_04304] [protein=major facilitator superfamily transporter] [protein_id=QRW16303.1] [location=complement(join(2433085..2433153,2433213..2433277,2433333..2433351,2433408..2433506,2433566..2433663,2433720..2433974,2434046..2434151,2434206..2434362,2434419..2434457,2434512..2434554,2434658..2434810,2434863..2434963,2435010..2435070,2435122..2435204,2435262..2435524))] [gbkey=CDS]",0.4766355140186916
"lcl|CP059658.1_cds_QRW16304.1_787 [locus_tag=RhiXN_04305] [protein=protein phosphatase] [protein_id=QRW16304.1] [location=join(2435887..2436000,2436059..2436337,2436402..2436416,2436476..2436524,2436569..2436766,2436815..2436875,2436933..2437019,2437069..2437183,2437239..2437377,2437650..2437687,2437751..2437761,2437815..2437854)] [gbkey=CDS]",0.4850877192982456
"lcl|CP059658.1_cds_QRW16305.1_788 [locus_tag=RhiXN_04306] [protein=dipeptidyl peptidase 3] [protein_id=QRW16305.1] [location=complement(join(2437974..2438115,2438178..2438332,2438402..2438581,2438658..2438699,2438757..2438794,2438854..2438968,2439030..2439075,2439129..2439271,2439336..2439350,2439404..2439454,2439560..2439565,2439628..2439647,2439700..2439729,2439783..2439813,2439925..2439999,2440051..2440094,2440146..2440181,2440229..2440260,2440311..2440353,2440409..2440584,2440644..2440753,2440812..2440871,2440942..2441073,2441137..2441457))] [gbkey=CDS]",0.48306332842415317
"lcl|CP059658.1_cds_QRW16306.1_789 [locus_tag=RhiXN_04307] [protein=agmatinase] [protein_id=QRW16306.1] [location=complement(join(2441754..2441875,2441934..2441945,2442015..2442046,2442107..2442166,2442214..2442232,2442289..2442309,2442363..2442382,2442433..2442566,2442620..2443012,2443061..2443107,2443160..2443514))] [gbkey=CDS]",0.4921422663358147
lcl|CP059658.1_cds_QRW16307.1_790 [locus_tag=RhiXN_04308] [protein=hypothetical protein] [protein_id=QRW16307.1] [location=complement(2443763..2445316)] [gbkey=CDS],0.5193798449612403
"lcl|CP059658.1_cds_QRW16308.1_791 [locus_tag=RhiXN_04309] [protein=cytochrome P450 family protein] [protein_id=QRW16308.1] [location=join(2446201..2446332,2446380..2446514,2446563..2446599,2446660..2446780,2446830..2447008,2447062..2447117,2447169..2447307,2447372..2447486,2447541..2447667,2447728..2447913,2447993..2448001)] [gbkey=CDS]",0.45365853658536587
"lcl|CP059658.1_cds_QRW16309.1_792 [locus_tag=RhiXN_04310] [protein=copper resistance-associated P-type ATPase] [protein_id=QRW16309.1] [location=complement(join(2448069..2448701,2448737..2450733,2450787..2451047,2451093..2451130,2451182..2451303,2451361..2451552,2451815..2452076,2452132..2452963,2453017..2453647,2453710..2453977,2454036..2454452,2454506..2454757,2454823..2455065,2455125..2455509,2455551..2455566))] [gbkey=CDS]",0.5072596668195017
"lcl|CP059658.1_cds_QRW16310.1_793 [locus_tag=RhiXN_04311] [protein=hypothetical protein] [protein_id=QRW16310.1] [location=complement(join(2456267..2456365,2456422..2456628))] [gbkey=CDS]",0.5333333333333333
"lcl|CP059658.1_cds_QRW16311.1_794 [locus_tag=RhiXN_04312] [protein=hypothetical protein] [protein_id=QRW16311.1] [location=join(2457009..2457071,2457131..2457217,2457272..2457766)] [gbkey=CDS]",0.5211267605633803
"lcl|CP059658.1_cds_QRW16312.1_795 [locus_tag=RhiXN_04313] [protein=hypothetical protein] [protein_id=QRW16312.1] [location=join(2458898..2458951,2459009..2459131,2459183..2459266,2459302..2460024)] [gbkey=CDS]",0.5337423312883436
"lcl|CP059658.1_cds_QRW16313.1_796 [locus_tag=RhiXN_04314] [protein=chromosome transmission fidelity protein 1] [protein_id=QRW16313.1] [location=complement(join(2461413..2461730,2461788..2461968,2462019..2462125,2462176..2462268,2462332..2462904,2462976..2463223,2463274..2463383,2463435..2463531,2463584..2463707,2463757..2463975,2464019..2464234,2464284..2464361,2464415..2464447))] [gbkey=CDS]",0.4629861982434128
"lcl|CP059658.1_cds_QRW16314.1_797 [locus_tag=RhiXN_04315] [protein=lipid phosphate phosphatase 1] [protein_id=QRW16314.1] [location=join(2464795..2464950,2465009..2465092,2465137..2465165,2465218..2465295,2465355..2465473,2465526..2465593,2465647..2465781,2465842..2465929,2465985..2466352)] [gbkey=CDS]",0.48525469168900803
"lcl|CP059658.1_cds_QRW16315.1_798 [locus_tag=RhiXN_04316] [protein=hypothetical protein] [protein_id=QRW16315.1] [location=complement(join(2470252..2471045,2471102..2471492))] [gbkey=CDS]",0.5674300254452926
"lcl|CP059658.1_cds_QRW16316.1_799 [locus_tag=RhiXN_04317] [protein=PCI domain-containing protein] [protein_id=QRW16316.1] [location=complement(join(2472535..2472776,2472828..2472975))] [gbkey=CDS]",0.5286458333333334
"lcl|CP059658.1_cds_QRW16317.1_800 [locus_tag=RhiXN_04318] [protein=PCI domain-containing protein] [protein_id=QRW16317.1] [location=complement(join(2473026..2473296,2473357..2473575,2473633..2473774,2473853..2474042,2474097..2474144))] [gbkey=CDS]",0.5138888888888888
"lcl|CP059658.1_cds_QRW16318.1_801 [locus_tag=RhiXN_04319] [protein=U3 small nucleolar RNA-associated protein 12] [protein_id=QRW16318.1] [location=complement(join(2474537..2474739,2474835..2475015,2475075..2475623,2475677..2475766,2475826..2476968))] [gbkey=CDS]",0.5319444444444444
"lcl|CP059658.1_cds_QRW16319.1_802 [locus_tag=RhiXN_04320] [protein=lipoate-protein ligase A] [protein_id=QRW16319.1] [location=join(2478421..2478474,2478532..2478747,2478799..2478873,2478929..2479120)] [gbkey=CDS]",0.4708097928436911
"lcl|CP059658.1_cds_QRW16320.1_803 [locus_tag=RhiXN_04321] [protein=SCF E3 ubiquitin ligase complex F-box protein grrA] [protein_id=QRW16320.1] [location=complement(join(2479281..2480198,2480286..2480572,2480631..2480698,2480761..2481100,2481157..2481994))] [gbkey=CDS]",0.5247443762781187
"lcl|CP059658.1_cds_QRW16321.1_804 [locus_tag=RhiXN_04322] [protein=vacuolar transporter chaperone 1] [protein_id=QRW16321.1] [location=complement(join(2482690..2482733,2482791..2482815,2482872..2482969,2483031..2483067,2483124..2483291))] [gbkey=CDS]",0.5163934426229508
"lcl|CP059658.1_cds_QRW16322.1_805 [locus_tag=RhiXN_04323] [protein=SWR1-complex protein 4] [protein_id=QRW16322.1] [location=join(2483500..2483759,2483811..2483901,2483965..2484034,2484081..2484156,2484413..2484810,2484867..2485246,2485327..2485437)] [gbkey=CDS]",0.5108695652173914
"lcl|CP059658.1_cds_QRW16323.1_806 [locus_tag=RhiXN_04324] [protein=Sugar (and other) transporter] [protein_id=QRW16323.1] [location=complement(join(2485729..2485877,2485928..2486144,2486260..2486431,2486481..2486551,2486606..2486909,2486965..2487034,2487085..2487196,2487244..2487298,2487449..2487518,2487566..2487575))] [gbkey=CDS]",0.5343137254901961
"lcl|CP059658.1_cds_QRW16324.1_807 [locus_tag=RhiXN_04325] [protein=THOC7 domain-containing protein] [protein_id=QRW16324.1] [location=join(2487900..2487948,2488001..2488288,2488353..2488497,2488560..2489028)] [gbkey=CDS]",0.5280423280423281
"lcl|CP059658.1_cds_QRW16325.1_808 [locus_tag=RhiXN_04326] [protein=hypothetical protein] [protein_id=QRW16325.1] [location=complement(join(2489117..2489303,2489365..2489546,2489605..2489889,2489980..2490173,2490228..2490391,2490459..2490577))] [gbkey=CDS]",0.49333333333333335
"lcl|CP059658.1_cds_QRW16326.1_809 [locus_tag=RhiXN_04327] [protein=oligosaccharyltransferase complex subunit] [protein_id=QRW16326.1] [location=join(2491059..2491369,2491426..2491629,2491682..2491981,2492034..2492589,2492652..2492774)] [gbkey=CDS]",0.4791666666666667
"lcl|CP059658.1_cds_QRW16327.1_810 [locus_tag=RhiXN_04328] [protein=cytochrome P450 family protein] [protein_id=QRW16327.1] [location=complement(join(2493284..2493452,2493512..2493607,2493662..2493771,2493824..2493895,2493954..2494059,2494111..2494146,2494203..2494216,2494267..2494356,2494407..2494776,2494840..2494994,2495057..2495193,2495256..2495352,2495448..2495498,2495641..2495748))] [gbkey=CDS]",0.49781931464174456
"lcl|CP059658.1_cds_QRW16328.1_811 [locus_tag=RhiXN_04329] [protein=Retrotransposable element Tf2 protein] [protein_id=QRW16328.1] [location=complement(join(2497616..2497766,2497819..2498333,2498384..2498461,2498537..2499395,2499455..2499684))] [gbkey=CDS]",0.5161466885604816
"lcl|CP059658.1_cds_QRW16329.1_812 [locus_tag=RhiXN_04330] [protein=Retrotransposable element Tf2 protein] [protein_id=QRW16329.1] [location=complement(join(2499706..2500471,2500513..2501019,2501046..2501466,2501517..2502496,2503484..2503734,2503793..2504428,2504476..2504559,2504616..2504717))] [gbkey=CDS]",0.5191125367548783
"lcl|CP059658.1_cds_QRW16330.1_813 [locus_tag=RhiXN_04331] [protein=Retrotransposable element Tf2 protein] [protein_id=QRW16330.1] [location=complement(join(2505687..2509038,2509146..2510470))] [gbkey=CDS]",0.522586169985014
"lcl|CP059658.1_cds_QRW16331.1_814 [locus_tag=RhiXN_04332] [protein=hypothetical protein] [protein_id=QRW16331.1] [location=join(2511937..2512359,2512409..2512775,2512835..2513975,2514029..2514128,2514190..2514921)] [gbkey=CDS]",0.4816829887558941
"lcl|CP059658.1_cds_QRW16332.1_815 [locus_tag=RhiXN_04333] [protein=pentatricopeptide repeat-containing protein 5, mitochondrial] [protein_id=QRW16332.1] [location=join(2515490..2515954,2516016..2517410)] [gbkey=CDS]",0.47950377562028046
lcl|CP059658.1_cds_QRW16333.1_816 [locus_tag=RhiXN_04334] [protein=hypothetical protein] [protein_id=QRW16333.1] [location=complement(2520086..2521897)] [gbkey=CDS],0.4994462901439646
"lcl|CP059658.1_cds_QRW16334.1_817 [locus_tag=RhiXN_04335] [protein=ribosomal protein L22p/L17e] [protein_id=QRW16334.1] [location=join(2523258..2523283,2523335..2523503,2523551..2523758,2523826..2524061)] [gbkey=CDS]",0.5150078988941548
"lcl|CP059658.1_cds_QRW16335.1_818 [locus_tag=RhiXN_04336] [protein=transmembrane protein] [protein_id=QRW16335.1] [location=join(2524605..2525006,2525137..2525236,2525291..2525348,2525404..2525479)] [gbkey=CDS]",0.4634920634920635
"lcl|CP059658.1_cds_QRW16336.1_819 [locus_tag=RhiXN_04337] [protein=iron containing alcohol dehydrogenase family protein] [protein_id=QRW16336.1] [location=join(2525915..2526034,2526086..2526130,2526182..2526217,2526268..2526318,2526368..2526498,2526552..2526596,2526650..2526701,2526787..2526975,2527029..2527231,2527288..2527360,2527406..2527488,2527567..2527718,2527769..2527933,2527984..2528051)] [gbkey=CDS]",0.5024875621890548
"lcl|CP059658.1_cds_QRW16337.1_820 [locus_tag=RhiXN_04338] [protein=transmembrane protein] [protein_id=QRW16337.1] [location=complement(join(2528153..2528252,2528303..2528636,2528687..2528705))] [gbkey=CDS]",0.5525727069351231
"lcl|CP059658.1_cds_QRW16338.1_821 [locus_tag=RhiXN_04339] [protein=potassium/sodium hyperpolarization-activated cyclic nucleotide-gated channel 4] [protein_id=QRW16338.1] [location=join(2529626..2529688,2529739..2529938,2529989..2530055,2530106..2530193,2530407..2530468,2530868..2530943,2530995..2531117,2531165..2531254,2531305..2531541,2531590..2531643,2531692..2532047,2532106..2532293,2532341..2532463,2532516..2534016)] [gbkey=CDS]",0.4993792675356921
"lcl|CP059658.1_cds_QRW16339.1_822 [locus_tag=RhiXN_04340] [protein=Histidine biosynthesis protein] [protein_id=QRW16339.1] [location=complement(join(2534299..2534377,2534476..2534539,2534593..2534643,2534700..2534798,2534852..2534922,2535421..2535655,2535717..2535835,2535968..2536110))] [gbkey=CDS]",0.5157894736842106
"lcl|CP059658.1_cds_QRW16340.1_823 [locus_tag=RhiXN_04341] [protein=gamma interferon inducible lysosomal thiol reductase GILT protein] [protein_id=QRW16340.1] [location=complement(join(2536371..2536472,2536532..2536601,2536657..2536959,2537013..2537105,2537161..2537183,2537232..2537339))] [gbkey=CDS]",0.49206349206349204
"lcl|CP059658.1_cds_QRW16341.1_824 [locus_tag=RhiXN_04342] [protein=TB2/DP1, HVA22 family domain-containing protein] [protein_id=QRW16341.1] [location=join(2537514..2537690,2537737..2537850,2537908..2539800)] [gbkey=CDS]",0.5564738292011019
"lcl|CP059658.1_cds_QRW16342.1_825 [locus_tag=RhiXN_04343] [protein=hypothetical protein] [protein_id=QRW16342.1] [location=join(2539831..2539942,2540012..2540088)] [gbkey=CDS]",0.5300546448087432
"lcl|CP059658.1_cds_QRW16343.1_826 [locus_tag=RhiXN_04344] [protein=AcnD-accessory protein PrpF] [protein_id=QRW16343.1] [location=complement(join(2540479..2541045,2541099..2541416,2541470..2541538,2541596..2541767,2541817..2541872))] [gbkey=CDS]",0.5238095238095238
"lcl|CP059658.1_cds_QRW16344.1_827 [locus_tag=RhiXN_04345] [protein=Serine/threonine-protein kinase] [protein_id=QRW16344.1] [location=join(2542845..2542954,2543005..2543360,2543408..2543703,2543753..2544151,2544248..2544417,2544473..2544725,2544773..2544906,2544958..2545183)] [gbkey=CDS]",0.49019607843137253
"lcl|CP059658.1_cds_QRW16345.1_828 [locus_tag=RhiXN_04346] [protein=ribosomal L29 protein] [protein_id=QRW16345.1] [location=complement(join(2545620..2545700,2545756..2545906,2545963..2546067,2546124..2546164))] [gbkey=CDS]",0.5080645161290323
"lcl|CP059658.1_cds_QRW16346.1_829 [locus_tag=RhiXN_04347] [protein=hypothetical protein] [protein_id=QRW16346.1] [location=join(2546556..2546644,2546716..2546774,2546845..2547515)] [gbkey=CDS]",0.5461254612546126
"lcl|CP059658.1_cds_QRW16347.1_830 [locus_tag=RhiXN_04348] [protein=hypothetical protein] [protein_id=QRW16347.1] [location=complement(join(2548039..2548215,2548276..2548822,2548871..2549217))] [gbkey=CDS]",0.5107981220657277
"lcl|CP059658.1_cds_QRW16348.1_831 [locus_tag=RhiXN_04349] [protein=CsbD domain-containing protein] [protein_id=QRW16348.1] [location=complement(join(2549989..2550678,2550727..2550753))] [gbkey=CDS]",0.5443037974683544
"lcl|CP059658.1_cds_QRW16349.1_832 [locus_tag=RhiXN_04350] [protein=RNA polymerase I-specific transcription-initiation factor] [protein_id=QRW16349.1] [location=join(2551829..2551987,2552051..2552965,2553017..2553559)] [gbkey=CDS]",0.489137181874612
"lcl|CP059658.1_cds_QRW16350.1_833 [locus_tag=RhiXN_04351] [protein=RhoA GTPase effector DIA/diaphanous protein] [protein_id=QRW16350.1] [location=join(2554502..2554694,2554746..2554838,2554898..2555042,2555108..2555278,2555332..2555426,2555489..2555632,2555696..2555834,2555883..2555939,2556539..2556732,2556785..2557135,2557187..2557752,2557811..2558583,2558642..2558717,2558772..2559158,2559207..2559475,2559526..2559594,2559647..2559788,2559848..2559946,2559996..2560106,2560164..2560247,2560300..2560948,2560998..2561137,2561187..2561400,2561459..2561586,2561639..2561704,2561754..2561909,2561969..2562052,2562108..2562246,2562299..2562426,2562484..2562657,2562712..2562771,2562838..2563059)] [gbkey=CDS]",0.506020278833967
"lcl|CP059658.1_cds_QRW16351.1_834 [locus_tag=RhiXN_04352] [protein=inosine-uridine preferring nucleoside hydrolase] [protein_id=QRW16351.1] [location=complement(join(2563424..2564179,2564236..2564364,2564426..2564497,2564554..2564610))] [gbkey=CDS]",0.48412698412698413
"lcl|CP059658.1_cds_QRW16352.1_835 [locus_tag=RhiXN_04353] [protein=hypothetical protein] [protein_id=QRW16352.1] [location=join(2565284..2565689,2565753..2566012,2566075..2566170)] [gbkey=CDS]",0.48148148148148145
"lcl|CP059658.1_cds_QRW16353.1_836 [locus_tag=RhiXN_04354] [protein=eukaryotic translation initiation factor 3] [protein_id=QRW16353.1] [location=complement(join(2566381..2566461,2566520..2566642,2566690..2566820,2566868..2566959,2567021..2567167,2567219..2567479,2567534..2567601))] [gbkey=CDS]",0.4816053511705686
"lcl|CP059658.1_cds_QRW16354.1_837 [locus_tag=RhiXN_04355] [protein=TOM7-domain-containing protein] [protein_id=QRW16354.1] [location=join(2567737..2567757,2567811..2567843,2567892..2567971,2568028..2568049)] [gbkey=CDS]",0.46
"lcl|CP059658.1_cds_QRW16355.1_838 [locus_tag=RhiXN_04356] [protein=E3 ubiquitin-protein ligase] [protein_id=QRW16355.1] [location=complement(join(2568610..2568696,2568765..2569144,2569199..2569581,2569649..2569743))] [gbkey=CDS]",0.5463258785942492
"lcl|CP059658.1_cds_QRW16356.1_839 [locus_tag=RhiXN_04357] [protein=vacuolar protein sorting-associated protein 5] [protein_id=QRW16356.1] [location=complement(join(2570374..2571054,2571106..2571234,2571283..2571351,2571409..2571545,2571608..2571782,2571836..2571945,2572001..2572157,2572206..2572514))] [gbkey=CDS]",0.5491198182850653
"lcl|CP059658.1_cds_QRW16357.1_840 [locus_tag=RhiXN_04358] [protein=SIP1 domain-containing protein] [protein_id=QRW16357.1] [location=join(2572622..2572767,2572816..2572984)] [gbkey=CDS]",0.5016181229773463
"lcl|CP059658.1_cds_QRW16358.1_841 [locus_tag=RhiXN_04359] [protein=SIP1 domain-containing protein] [protein_id=QRW16358.1] [location=join(2573090..2573278,2573340..2573390,2573447..2573956)] [gbkey=CDS]",0.5013440860215054
"lcl|CP059658.1_cds_QRW16359.1_842 [locus_tag=RhiXN_04360] [protein=Complex 1 protein (LYR family)] [protein_id=QRW16359.1] [location=join(2574055..2574200,2574256..2574344,2574407..2574434,2574490..2574505,2574558..2574590)] [gbkey=CDS]",0.5261437908496732
"lcl|CP059658.1_cds_QRW16360.1_843 [locus_tag=RhiXN_04361] [protein=vacuole-associated enzyme activator complex component (Vac14)] [protein_id=QRW16360.1] [location=complement(join(2574696..2574946,2575019..2575519,2575579..2575639,2575783..2576167,2576219..2576381,2576433..2576512,2576563..2576681,2576735..2576839,2576892..2577104,2577151..2577216,2577268..2577881,2577915..2577992,2578045..2578349,2578407..2578768,2578822..2579143,2579198..2579283))] [gbkey=CDS]",0.5033738191632928
"lcl|CP059658.1_cds_QRW16361.1_844 [locus_tag=RhiXN_04362] [protein=ATPase] [protein_id=QRW16361.1] [location=complement(join(2579711..2579842,2579905..2580029,2580096..2580428,2580483..2580592,2580662..2580747,2580807..2580900,2580969..2581105,2581167..2581327,2581394..2581407,2581451..2581761))] [gbkey=CDS]",0.5270541082164328
"lcl|CP059658.1_cds_QRW16362.1_845 [locus_tag=RhiXN_04363] [protein=AAA domain protein] [protein_id=QRW16362.1] [location=join(2583106..2583138,2583198..2583773)] [gbkey=CDS]",0.5671641791044776
"lcl|CP059658.1_cds_QRW16363.1_846 [locus_tag=RhiXN_04364] [protein=hypothetical protein] [protein_id=QRW16363.1] [location=complement(join(2584083..2584201,2584266..2585030,2585092..2585282,2585342..2585562))] [gbkey=CDS]",0.5449612403100775
"lcl|CP059658.1_cds_QRW16364.1_847 [locus_tag=RhiXN_04365] [protein=glutathione S-transferase, microsomal] [protein_id=QRW16364.1] [location=join(2586356..2586414,2586479..2586555,2586610..2586672,2586725..2586835,2586890..2586936,2586989..2587087)] [gbkey=CDS]",0.4911111111111111
"lcl|CP059658.1_cds_QRW16365.1_848 [locus_tag=RhiXN_04366] [protein=intradiol ring-cleavage dioxygenase] [protein_id=QRW16365.1] [location=join(2587921..2587984,2588044..2588096,2588149..2588379,2588436..2588615,2588674..2588926,2588983..2589025,2589082..2589102,2589164..2589206,2589263..2589399,2589455..2589504,2589567..2589664)] [gbkey=CDS]",0.5364181662382177
"lcl|CP059658.1_cds_QRW16366.1_849 [locus_tag=RhiXN_04367] [protein=actin-related protein 2/3 complex subunit 3] [protein_id=QRW16366.1] [location=complement(join(2589977..2590122,2590179..2590469,2590523..2590622,2590679..2590684))] [gbkey=CDS]",0.5176908752327747
"lcl|CP059658.1_cds_QRW16367.1_850 [locus_tag=RhiXN_04368] [protein=ion transport domain-containing protein] [protein_id=QRW16367.1] [location=join(2590809..2590887,2590935..2591080,2591139..2591181,2591231..2591429,2591480..2591630,2591683..2591755,2591810..2591843,2591891..2591922,2591974..2592069,2592121..2592330,2592384..2592475,2592532..2592601,2592654..2592729,2592786..2592812,2592862..2592931,2592984..2593050,2593104..2593121,2593177..2593225,2593274..2593304,2593363..2593599,2593660..2593764)] [gbkey=CDS]",0.47498683517640866
"lcl|CP059658.1_cds_QRW16368.1_851 [locus_tag=RhiXN_04369] [protein=endonuclease/exonuclease/phosphatase family protein] [protein_id=QRW16368.1] [location=complement(join(2594022..2594191,2594245..2594742,2594799..2594881,2594936..2594956,2595007..2595317,2595374..2595477,2595532..2595553,2595622..2595837))] [gbkey=CDS]",0.4975334742776603
"lcl|CP059658.1_cds_QRW16369.1_852 [locus_tag=RhiXN_04370] [protein=agmatinase] [protein_id=QRW16369.1] [location=join(2596574..2596847,2596909..2596955,2597009..2597398,2597457..2597631,2597697..2597715,2597768..2597846)] [gbkey=CDS]",0.4754601226993865
"lcl|CP059658.1_cds_QRW16370.1_853 [locus_tag=RhiXN_04371] [protein=AAA family ATPase] [protein_id=QRW16370.1] [location=complement(join(2598534..2598751,2598811..2598868,2598927..2598948,2599000..2599153,2599261..2599303,2599355..2599398,2599456..2599533,2599595..2599720,2599780..2599852,2599904..2600029,2600087..2600330,2600399..2600432,2600490..2600679))] [gbkey=CDS]",0.4843304843304843
"lcl|CP059658.1_cds_QRW16371.1_854 [locus_tag=RhiXN_04372] [protein=MAS20 protein import receptor] [protein_id=QRW16371.1] [location=join(2601275..2601395,2601450..2601644,2601701..2602569)] [gbkey=CDS]",0.5759117896522477
"lcl|CP059658.1_cds_QRW16372.1_855 [locus_tag=RhiXN_04373] [protein=MAS20 protein import receptor] [protein_id=QRW16372.1] [location=join(2602888..2603019,2603088..2603126,2603180..2603767,2603859..2603957,2604019..2604399)] [gbkey=CDS]",0.4955393349553934
"lcl|CP059658.1_cds_QRW16373.1_856 [locus_tag=RhiXN_04374] [protein=major facilitator superfamily transporter] [protein_id=QRW16373.1] [location=complement(join(2604513..2604699,2604756..2604984,2605037..2605256,2605309..2605315,2605368..2605617,2605668..2605702,2605755..2605797,2605847..2605912,2605961..2606219,2606277..2606299,2606356..2606440,2606497..2606739))] [gbkey=CDS]",0.4728823887873248
"lcl|CP059658.1_cds_QRW16374.1_857 [locus_tag=RhiXN_04375] [protein=Isoleucyl-tRNA synthetase] [protein_id=QRW16374.1] [location=complement(join(2607129..2607182,2607234..2608386,2608440..2608740,2608799..2608949,2609013..2609144))] [gbkey=CDS]",0.5081232492997199
"lcl|CP059658.1_cds_QRW16375.1_858 [locus_tag=RhiXN_04376] [protein=ApbA domain-containing protein] [protein_id=QRW16375.1] [location=join(2609543..2609570,2609659..2609677,2609735..2610041,2610100..2610198,2610256..2610429,2610484..2610709,2610760..2610929)] [gbkey=CDS]",0.48672566371681414
"lcl|CP059658.1_cds_QRW16376.1_859 [locus_tag=RhiXN_04377] [protein=cleavage and polyadenylation specificity factor subunit 2] [protein_id=QRW16376.1] [location=complement(join(2610965..2611366,2611432..2611614,2611664..2611810,2611868..2612319,2612496..2612710,2612762..2613062,2613115..2613390,2613446..2613792,2613854..2614062))] [gbkey=CDS]",0.5102929532858274
"lcl|CP059658.1_cds_QRW16377.1_860 [locus_tag=RhiXN_04378] [protein=ADP-ribosylation factor family] [protein_id=QRW16377.1] [location=join(2614453..2614507,2614615..2614644,2614702..2614764,2614820..2614912,2614962..2615236,2615292..2615321)] [gbkey=CDS]",0.5259259259259259
"lcl|CP059658.1_cds_QRW16378.1_861 [locus_tag=RhiXN_04379] [protein=exocyst complex component Sec15] [protein_id=QRW16378.1] [location=complement(join(2615610..2615816,2615871..2616011,2616141..2616423,2616525..2616679,2616757..2616852,2616905..2616962,2617040..2617155,2617214..2617315,2617376..2617651,2617748..2617869,2617931..2618225,2618296..2618559,2618726..2618836,2618892..2618948))] [gbkey=CDS]",0.5173473869126043
"lcl|CP059658.1_cds_QRW16379.1_862 [locus_tag=RhiXN_04380] [protein=regulator of G protein signaling domain protein] [protein_id=QRW16379.1] [location=join(2620951..2621040,2621091..2621182,2621232..2621991,2622050..2622910,2622968..2623225)] [gbkey=CDS]",0.5776155717761557
"lcl|CP059658.1_cds_QRW16380.1_863 [locus_tag=RhiXN_04381] [protein=AAA family ATPase] [protein_id=QRW16380.1] [location=complement(join(2624445..2624612,2624839..2624967,2625359..2625483,2625543..2625633,2625692..2625762,2625811..2626028,2626080..2626122,2626176..2626436,2626493..2626666,2626721..2626747,2626809..2626839))] [gbkey=CDS]",0.5165165165165165
"lcl|CP059658.1_cds_QRW16381.1_864 [locus_tag=RhiXN_04382] [protein=hypothetical protein] [protein_id=QRW16381.1] [location=join(2627800..2627973,2628032..2628310,2628381..2628482,2628536..2628691)] [gbkey=CDS]",0.5134751773049645
lcl|CP059658.1_cds_QRW16382.1_865 [locus_tag=RhiXN_04383] [protein=hypothetical protein] [protein_id=QRW16382.1] [location=2628807..2629865] [gbkey=CDS],0.5327635327635327
"lcl|CP059658.1_cds_QRW16383.1_866 [locus_tag=RhiXN_04384] [protein=inhibitor of growth protein amino-terminal histone-binding protein] [protein_id=QRW16383.1] [location=complement(join(2630049..2630213,2630271..2630309,2630364..2630605,2630659..2631162,2631216..2631287,2631341..2631380))] [gbkey=CDS]",0.5454545454545454
"lcl|CP059658.1_cds_QRW16384.1_867 [locus_tag=RhiXN_04385] [protein=hypothetical protein] [protein_id=QRW16384.1] [location=join(2632086..2632164,2632194..2632320,2632365..2632728)] [gbkey=CDS]",0.5904255319148937
lcl|CP059658.1_cds_QRW16385.1_868 [locus_tag=RhiXN_04386] [protein=phosphatase regulatory subunit domain-containing protein] [protein_id=QRW16385.1] [location=2632865..2633323] [gbkey=CDS],0.6004415011037527
"lcl|CP059658.1_cds_QRW16386.1_869 [locus_tag=RhiXN_04387] [protein=membrane protein] [protein_id=QRW16386.1] [location=complement(join(2633518..2634100,2634136..2634842,2634902..2635095,2635266..2635988,2636041..2636082,2636135..2636221,2636269..2636774,2636821..2637090,2637310..2637329,2637380..2637481,2637533..2637666,2637748..2637965,2638034..2638058,2638128..2638191))] [gbkey=CDS]",0.5521940583265195
"lcl|CP059658.1_cds_QRW16387.1_870 [locus_tag=RhiXN_04388] [protein=hypothetical protein] [protein_id=QRW16387.1] [location=join(2638804..2638829,2638898..2638926,2638983..2639017,2639088..2639143,2639217..2640009)] [gbkey=CDS]",0.5755627009646302
"lcl|CP059658.1_cds_QRW16388.1_871 [locus_tag=RhiXN_04389] [protein=ankyrin repeats] [protein_id=QRW16388.1] [location=complement(join(2640461..2640522,2640583..2640627,2640681..2640877,2640936..2641225,2641279..2641616,2641667..2641783,2642014..2642057,2642114..2642314,2642362..2642739,2642800..2642891,2642938..2643006,2643054..2643124,2643173..2643296,2643346..2643477,2643530..2643579,2643632..2644059,2644116..2644210))] [gbkey=CDS]",0.5471213788045471
"lcl|CP059658.1_cds_QRW16389.1_872 [locus_tag=RhiXN_04390] [protein=hypothetical protein] [protein_id=QRW16389.1] [location=join(2644303..2644373,2644438..2644603,2644689..2644841,2644940..2645177,2645228..2645324,2645387..2645507)] [gbkey=CDS]",0.555952380952381
"lcl|CP059658.1_cds_QRW16390.1_873 [locus_tag=RhiXN_04391] [protein=hypothetical protein] [protein_id=QRW16390.1] [location=join(2647527..2647651,2647857..2648079,2648138..2648361,2648415..2648595)] [gbkey=CDS]",0.5381526104417671
"lcl|CP059658.1_cds_QRW16391.1_874 [locus_tag=RhiXN_04392] [protein=ER membrane protein complex subunit 3] [protein_id=QRW16391.1] [location=complement(join(2648811..2649031,2649146..2649307,2649373..2649665,2649722..2649807,2649855..2649881,2649933..2649963,2650011..2650024))] [gbkey=CDS]",0.5301932367149759
"lcl|CP059658.1_cds_QRW16392.1_875 [locus_tag=RhiXN_04393] [protein=hypothetical protein] [protein_id=QRW16392.1] [location=join(2650291..2650362,2650425..2651094,2651151..2652545,2652598..2653184,2653318..2654058)] [gbkey=CDS]",0.5672159583694709
"lcl|CP059658.1_cds_QRW16393.1_876 [locus_tag=RhiXN_04394] [protein=hypothetical protein] [protein_id=QRW16393.1] [location=complement(join(2654564..2654644,2654705..2654714,2654773..2656034,2656090..2656596,2656662..2657189,2657234..2657297,2657352..2657384,2657436..2657548))] [gbkey=CDS]",0.5289351851851852
"lcl|CP059658.1_cds_QRW16394.1_877 [locus_tag=RhiXN_04395] [protein=hypothetical protein] [protein_id=QRW16394.1] [location=complement(join(2660265..2661540,2661596..2661886,2661939..2662224,2662295..2662708,2662764..2662775,2662847..2663224,2663274..2663316))] [gbkey=CDS]",0.5374907201187825
lcl|CP059658.1_cds_QRW16395.1_878 [locus_tag=RhiXN_04396] [protein=hypothetical protein] [protein_id=QRW16395.1] [location=2666372..2666713] [gbkey=CDS],0.5178571428571429
"lcl|CP059658.1_cds_QRW16396.1_879 [locus_tag=RhiXN_04397] [protein=GATA type zinc finger] [protein_id=QRW16396.1] [location=join(2668442..2669307,2669364..2669384,2669440..2669522,2669583..2670049)] [gbkey=CDS]",0.6079664570230608
"lcl|CP059658.1_cds_QRW16397.1_880 [locus_tag=RhiXN_04398] [protein=hypothetical protein] [protein_id=QRW16397.1] [location=complement(join(2670574..2670804,2670908..2670963,2671022..2671357,2671422..2671662))] [gbkey=CDS]",0.5163170163170163
"lcl|CP059658.1_cds_QRW16398.1_881 [locus_tag=RhiXN_04399] [protein=2-dehydropantoate 2-reductase] [protein_id=QRW16398.1] [location=join(2671969..2671986,2672068..2672147,2672199..2672270,2672356..2672412,2672469..2672670,2672727..2672896,2672974..2673085,2673139..2673489)] [gbkey=CDS]",0.5075757575757576
"lcl|CP059658.1_cds_QRW16399.1_882 [locus_tag=RhiXN_04400] [protein=DEAD/DEAH box helicase] [protein_id=QRW16399.1] [location=complement(join(2673557..2673670,2673739..2673823,2673877..2673917,2673978..2674564,2674626..2675271,2675326..2675526,2675580..2675856,2675912..2676139,2676193..2676676,2676738..2677467))] [gbkey=CDS]",0.5281960436964865
"lcl|CP059658.1_cds_QRW16400.1_883 [locus_tag=RhiXN_04401] [protein=Cys/Met metabolism PLP-dependent enzyme] [protein_id=QRW16400.1] [location=complement(join(2678183..2678248,2678309..2678419,2678482..2678535,2678596..2678812,2678976..2679039,2679088..2679187,2679243..2679350,2679404..2679502,2679559..2679606,2679658..2679791,2679856..2679952))] [gbkey=CDS]",0.5009157509157509
"lcl|CP059658.1_cds_QRW16401.1_884 [locus_tag=RhiXN_04402] [protein=rare lipoprotein A-like double-psi beta-barrel protein] [protein_id=QRW16401.1] [location=join(2680301..2680752,2680805..2680865,2680934..2681006,2681067..2681132,2681240..2681349)] [gbkey=CDS]",0.5119047619047619
"lcl|CP059658.1_cds_QRW16402.1_885 [locus_tag=RhiXN_04403] [protein=small nucleolar ribonucleoprotein complex subunit Dip2] [protein_id=QRW16402.1] [location=complement(join(2681601..2681792,2681884..2682030,2682085..2682201,2682258..2682542,2682596..2682727,2682779..2682997,2683063..2683236,2683286..2683584,2683640..2683817,2683867..2684250,2684313..2684637,2684693..2684958,2685006..2685116,2685166..2685201))] [gbkey=CDS]",0.4875830710038475
"lcl|CP059658.1_cds_QRW16403.1_886 [locus_tag=RhiXN_04404] [protein=aspartyl aminopeptidase] [protein_id=QRW16403.1] [location=join(2685426..2685469,2685524..2685664,2685720..2685819,2685872..2685913,2685965..2686213,2686266..2686468,2686521..2686607,2686658..2686785,2686833..2686930,2686982..2687172,2687233..2687237,2687289..2687325,2687383..2687409,2687460..2687532)] [gbkey=CDS]",0.4785059901338971
"lcl|CP059658.1_cds_QRW16404.1_887 [locus_tag=RhiXN_04405] [protein=hypothetical protein] [protein_id=QRW16404.1] [location=join(2687717..2687765,2687821..2687887,2687943..2688045)] [gbkey=CDS]",0.5023474178403756
"lcl|CP059658.1_cds_QRW16405.1_888 [locus_tag=RhiXN_04406] [protein=aldo/keto reductase family protein] [protein_id=QRW16405.1] [location=complement(join(2688235..2688436,2688503..2688693,2688749..2688868,2688928..2689024,2689080..2689228,2689288..2689305,2689361..2689378,2689442..2689498,2689551..2689607,2689659..2689712,2689765..2689836))] [gbkey=CDS]",0.47619047619047616
"lcl|CP059658.1_cds_QRW16406.1_889 [locus_tag=RhiXN_04407] [protein=hypothetical protein] [protein_id=QRW16406.1] [location=join(2690257..2690280,2690333..2690362,2690406..2690558,2690611..2690732,2690785..2690886,2690940..2691402,2691480..2691740)] [gbkey=CDS]",0.5204525674499565
"lcl|CP059658.1_cds_QRW16407.1_890 [locus_tag=RhiXN_04408] [protein=heat shock protein HSP90 family protein] [protein_id=QRW16407.1] [location=complement(join(2691829..2692108,2692164..2692369,2692429..2692495,2692561..2692716,2692783..2692792,2692974..2693048,2693099..2693235,2693294..2693460,2693513..2693677,2693793..2694002,2694103..2694146,2694201..2694348,2694411..2694534,2694582..2694739))] [gbkey=CDS]",0.5048943843379701
"lcl|CP059658.1_cds_QRW16408.1_891 [locus_tag=RhiXN_04409] [protein=dihydrofolate synthase] [protein_id=QRW16408.1] [location=join(2695176..2695196,2695245..2695376,2695435..2695549,2695632..2695735,2695789..2696038,2696083..2696159,2696222..2696276,2696328..2696563)] [gbkey=CDS]",0.4735772357723577
"lcl|CP059658.1_cds_QRW16409.1_892 [locus_tag=RhiXN_04410] [protein=tetrahydrofolylpolyglutamate synthase] [protein_id=QRW16409.1] [location=join(2697439..2697493,2697545..2697745,2697805..2698124,2698465..2698742,2698796..2698799)] [gbkey=CDS]",0.5117370892018779
"lcl|CP059658.1_cds_QRW16410.1_893 [locus_tag=RhiXN_04411] [protein=tetrahydrofolylpolyglutamate synthase] [protein_id=QRW16410.1] [location=join(2698988..2699028,2699072..2699114,2699175..2699495)] [gbkey=CDS]",0.518796992481203
"lcl|CP059658.1_cds_QRW16411.1_894 [locus_tag=RhiXN_04412] [protein=Elongation factor Tu GTP binding domain] [protein_id=QRW16411.1] [location=join(2701515..2701608,2701657..2701972,2702034..2702728,2702778..2704087)] [gbkey=CDS]",0.5201328352013284
"lcl|CP059658.1_cds_QRW16412.1_895 [locus_tag=RhiXN_04413] [protein=hypothetical protein] [protein_id=QRW16412.1] [location=complement(join(2704534..2705117,2705161..2705261,2705317..2705588))] [gbkey=CDS]",0.5257623554153522
"lcl|CP059658.1_cds_QRW16413.1_896 [locus_tag=RhiXN_04414] [protein=alpha/beta hydrolase family protein] [protein_id=QRW16413.1] [location=complement(join(2706784..2707098,2707164..2707379,2707438..2707744,2707802..2708004))] [gbkey=CDS]",0.514975845410628
"lcl|CP059658.1_cds_QRW16414.1_897 [locus_tag=RhiXN_04415] [protein=eukaryotic translation initiation factor 4G] [protein_id=QRW16414.1] [location=join(2708126..2708198,2708249..2708331,2708384..2708451,2708534..2708720,2708778..2708933,2708993..2709394,2709448..2709645,2709702..2709970,2710024..2710211,2710283..2710849,2710906..2711126,2711196..2711306)] [gbkey=CDS]",0.5323798172427493
"lcl|CP059658.1_cds_QRW16415.1_898 [locus_tag=RhiXN_04416] [protein=PfkB family carbohydrate kinase] [protein_id=QRW16415.1] [location=complement(join(2711607..2711855,2711922..2712152,2712211..2712406,2712457..2712559,2712607..2713009,2713066..2713194,2713240..2713527,2713819..2714118,2714258..2714369,2714552..2714717,2714779..2714820,2714883..2715345,2715502..2715600,2715682..2715804))] [gbkey=CDS]",0.5355417529330573
"lcl|CP059658.1_cds_QRW16416.1_899 [locus_tag=RhiXN_04417] [protein=ribosomal protein L6] [protein_id=QRW16416.1] [location=join(2716537..2716797,2716861..2716965,2717017..2717125,2717183..2717242,2717291..2717331)] [gbkey=CDS]",0.5403508771929825
"lcl|CP059658.1_cds_QRW16417.1_900 [locus_tag=RhiXN_04418] [protein=isoprenylcysteine carboxyl methyltransferase] [protein_id=QRW16417.1] [location=complement(join(2717688..2717871,2717924..2718027,2718106..2718224,2718289..2718640))] [gbkey=CDS]",0.5139442231075697
"lcl|CP059658.1_cds_QRW16418.1_901 [locus_tag=RhiXN_04419] [protein=nucleolus protein] [protein_id=QRW16418.1] [location=join(2718896..2718915,2718976..2719154,2719211..2719318,2719372..2719463,2719513..2719956,2720021..2720068,2720121..2720219,2720270..2720341,2720392..2720475,2720531..2720590,2720645..2720795,2720846..2720881,2720937..2720940,2720990..2721499,2721557..2721692)] [gbkey=CDS]",0.5164457535591557
"lcl|CP059658.1_cds_QRW16419.1_902 [locus_tag=RhiXN_04420] [protein=hypothetical protein] [protein_id=QRW16419.1] [location=join(2723763..2723877,2723932..2724054,2724114..2724251,2724309..2725267,2725317..2725418,2725472..2725510)] [gbkey=CDS]",0.49387755102040815
"lcl|CP059658.1_cds_QRW16420.1_903 [locus_tag=RhiXN_04421] [protein=histone acetyltransferase SAGA, TRRAP/TRA1 component, PI-3 kinase superfamily TRA1 protein] [protein_id=QRW16420.1] [location=join(2726662..2726755,2726817..2726974,2727026..2727340,2727389..2727541,2727603..2727737,2727789..2727920,2727970..2728609,2728656..2729854,2729904..2731000,2731052..2733083,2733134..2736094,2736147..2736623,2736680..2736787,2736842..2737048,2737104..2737306,2737357..2737660,2737711..2737888,2737940..2738091,2738141..2738317,2738377..2738487)] [gbkey=CDS]",0.5026323081185924
"lcl|CP059658.1_cds_QRW16421.1_904 [locus_tag=RhiXN_04422] [protein=histone acetyltransferase SAGA, TRRAP/TRA1 component, PI-3 kinase superfamily TRA1 protein] [protein_id=QRW16421.1] [location=join(2738979..2739389,2739443..2739451,2739649..2739842,2739886..2739970,2740024..2740345,2740404..2740508,2740565..2740647,2740699..2740893)] [gbkey=CDS]",0.49356223175965663
"lcl|CP059658.1_cds_QRW16422.1_905 [locus_tag=RhiXN_04423] [protein=Cdc2-related kinase, arginine/serine-rich] [protein_id=QRW16422.1] [location=join(2741516..2742315,2742397..2743039,2743087..2744104,2744158..2744506,2744569..2744763,2744820..2744954,2745009..2745117)] [gbkey=CDS]",0.5408572309589886
"lcl|CP059658.1_cds_QRW16423.1_906 [locus_tag=RhiXN_04424] [protein=COP9 signalosome complex subunit 4] [protein_id=QRW16423.1] [location=complement(join(2745333..2745386,2745436..2746345,2746399..2746502,2746558..2746866))] [gbkey=CDS]",0.5120350109409191
"lcl|CP059658.1_cds_QRW16424.1_907 [locus_tag=RhiXN_04425] [protein=Reverse transcriptase (RNA-dependent DNA polymerase)] [protein_id=QRW16424.1] [location=join(2746928..2748132,2748201..2748805,2748858..2749296,2749422..2750316,2750373..2752011,2752065..2752921)] [gbkey=CDS]",0.5280440184593539
"lcl|CP059658.1_cds_QRW16425.1_908 [locus_tag=RhiXN_04426] [protein=pathogenesis-related protein PR5K (thaumatin family)] [protein_id=QRW16425.1] [location=complement(join(2753656..2753763,2753817..2753882,2753946..2754026,2754078..2754243,2754298..2754311,2754374..2754457))] [gbkey=CDS]",0.5185185185185185
"lcl|CP059658.1_cds_QRW16426.1_909 [locus_tag=RhiXN_04427] [protein=NmrA-like family domain-containing protein 1] [protein_id=QRW16426.1] [location=join(2755613..2755710,2755785..2755935,2755997..2756062,2756120..2756247,2756302..2756394,2756455..2756548,2756641..2756817)] [gbkey=CDS]",0.49063670411985016
"lcl|CP059658.1_cds_QRW16427.1_910 [locus_tag=RhiXN_04428] [protein=NmrA-like family domain-containing protein 1] [protein_id=QRW16427.1] [location=join(2758225..2758341,2758393..2758542,2758619..2758660,2758716..2758843,2758898..2758990,2759051..2759175,2759237..2759415)] [gbkey=CDS]",0.4915458937198068
"lcl|CP059658.1_cds_QRW16428.1_911 [locus_tag=RhiXN_04429] [protein=hypothetical protein] [protein_id=QRW16428.1] [location=complement(join(2760164..2760229,2760288..2760416,2760476..2760754))] [gbkey=CDS]",0.5235042735042735
"lcl|CP059658.1_cds_QRW16429.1_912 [locus_tag=RhiXN_04430] [protein=hypothetical protein] [protein_id=QRW16429.1] [location=complement(join(2761260..2761577,2761604..2761639,2761697..2761872,2761942..2762011,2762061..2762101,2762163..2762241,2762274..2762576))] [gbkey=CDS]",0.5565388397246804
lcl|CP059658.1_cds_QRW16430.1_913 [locus_tag=RhiXN_04431] [protein=hypothetical protein] [protein_id=QRW16430.1] [location=complement(2763299..2763742)] [gbkey=CDS],0.6073059360730594
"lcl|CP059658.1_cds_QRW16431.1_914 [locus_tag=RhiXN_04432] [protein=hypothetical protein] [protein_id=QRW16431.1] [location=complement(join(2763804..2764009,2764087..2764126,2764176..2764248,2764300..2764436,2764540..2764773))] [gbkey=CDS]",0.5570175438596491
"lcl|CP059658.1_cds_QRW16432.1_915 [locus_tag=RhiXN_04433] [protein=hypothetical protein] [protein_id=QRW16432.1] [location=complement(join(2766098..2766312,2766371..2766563,2766797..2767193,2767249..2767301,2767367..2767507,2767578..2768042,2768077..2768104,2768155..2768179,2768229..2768292))] [gbkey=CDS]",0.5187301587301587
"lcl|CP059658.1_cds_QRW16433.1_916 [locus_tag=RhiXN_04434] [protein=Serine/threonine-protein kinase] [protein_id=QRW16433.1] [location=join(2768480..2768513,2768573..2768942,2768992..2769088,2769191..2769247,2769308..2769419,2769485..2769515,2769571..2770082,2770134..2770219,2770272..2770676,2770730..2770909)] [gbkey=CDS]",0.5537806176783813
"lcl|CP059658.1_cds_QRW16434.1_917 [locus_tag=RhiXN_04435] [protein=pre-mRNA-splicing factor 38-associated hydrophilic carboxy-terminal protein] [protein_id=QRW16434.1] [location=complement(join(2771694..2772252,2772313..2772340,2772479..2772695,2772757..2772849))] [gbkey=CDS]",0.5847362514029181
"lcl|CP059658.1_cds_QRW16435.1_918 [locus_tag=RhiXN_04436] [protein=Transcription initiation factor IID, 31kD subunit] [protein_id=QRW16435.1] [location=join(2772978..2773095,2773146..2773285,2773348..2773839)] [gbkey=CDS]",0.5483870967741935
"lcl|CP059658.1_cds_QRW16436.1_919 [locus_tag=RhiXN_04437] [protein=ICE-like protease (caspase) p20 domain protein] [protein_id=QRW16436.1] [location=complement(join(2775583..2775732,2775797..2775895,2775949..2776740,2776791..2776822,2776874..2776942,2777020..2777151,2777201..2777335,2777394..2777495,2777570..2777627))] [gbkey=CDS]",0.5073576455534229
"lcl|CP059658.1_cds_QRW16437.1_920 [locus_tag=RhiXN_04438] [protein=major facilitator superfamily transporter] [protein_id=QRW16437.1] [location=join(2779141..2779207,2779272..2779435,2779487..2779509,2779559..2779666,2779717..2779800,2779848..2780254,2780307..2780960,2781028..2781158)] [gbkey=CDS]",0.48590686274509803
"lcl|CP059658.1_cds_QRW16438.1_921 [locus_tag=RhiXN_04439] [protein=hypothetical protein] [protein_id=QRW16438.1] [location=complement(join(2782284..2782369,2782425..2782560,2782618..2782690,2782739..2783088,2783156..2783254,2783308..2783379,2783433..2783490,2783547..2783656,2783711..2783815,2783866..2783994))] [gbkey=CDS]",0.49422442244224424
"lcl|CP059658.1_cds_QRW16439.1_922 [locus_tag=RhiXN_04440] [protein=Magnesium transporter NIPA] [protein_id=QRW16439.1] [location=join(2784109..2784683,2784735..2784828,2784881..2785202,2785258..2785355,2785420..2785488,2785544..2785679,2785734..2786062)] [gbkey=CDS]",0.5262832405689548
"lcl|CP059658.1_cds_QRW16440.1_923 [locus_tag=RhiXN_04441] [protein=SRP40, carboxy-terminal domain protein] [protein_id=QRW16440.1] [location=complement(join(2786836..2786991,2787047..2787091,2787119..2787241,2787380..2788080,2788132..2788233,2788283..2788293,2788355..2788529,2788581..2788596))] [gbkey=CDS]",0.5396825396825397
"lcl|CP059658.1_cds_QRW16441.1_924 [locus_tag=RhiXN_04442] [protein=GATA type zinc finger] [protein_id=QRW16441.1] [location=join(2788745..2788946,2789016..2789370,2789427..2789638,2789702..2789964,2790023..2790100,2790200..2790310)] [gbkey=CDS]",0.5555555555555556
"lcl|CP059658.1_cds_QRW16442.1_925 [locus_tag=RhiXN_04443] [protein=hypothetical protein] [protein_id=QRW16442.1] [location=complement(join(2791281..2792306,2792469..2792992,2793048..2793126))] [gbkey=CDS]",0.5385089340727048
"lcl|CP059658.1_cds_QRW16443.1_926 [locus_tag=RhiXN_04444] [protein=LSM domain-containing protein] [protein_id=QRW16443.1] [location=complement(join(2796739..2797106,2797163..2797289))] [gbkey=CDS]",0.5173824130879345
"lcl|CP059658.1_cds_QRW16444.1_927 [locus_tag=RhiXN_04445] [protein=LSM domain-containing protein] [protein_id=QRW16444.1] [location=complement(join(2797603..2797656,2797720..2797866,2797922..2797954))] [gbkey=CDS]",0.5043859649122807
"lcl|CP059658.1_cds_QRW16445.1_928 [locus_tag=RhiXN_04446] [protein=hypothetical protein] [protein_id=QRW16445.1] [location=join(2798321..2798738,2798841..2799535)] [gbkey=CDS]",0.5925925925925926
lcl|CP059658.1_cds_QRW16446.1_929 [locus_tag=RhiXN_04447] [protein=hypothetical protein] [protein_id=QRW16446.1] [location=2799619..2799990] [gbkey=CDS],0.5765027322404371
"lcl|CP059658.1_cds_QRW16447.1_930 [locus_tag=RhiXN_04448] [protein=distribution and morphology protein] [protein_id=QRW16447.1] [location=complement(join(2800300..2800434,2800490..2800937,2800985..2801417,2801485..2801671))] [gbkey=CDS]",0.5213032581453634
"lcl|CP059658.1_cds_QRW16448.1_931 [locus_tag=RhiXN_04449] [protein=hypothetical protein] [protein_id=QRW16448.1] [location=join(2802286..2802372,2802430..2802532,2802562..2802590,2802642..2802875)] [gbkey=CDS]",0.47874720357941836
"lcl|CP059658.1_cds_QRW16449.1_932 [locus_tag=RhiXN_04450] [protein=hypothetical protein] [protein_id=QRW16449.1] [location=join(2806283..2806361,2806458..2806657,2806716..2806990,2807061..2807176,2807232..2807250,2807307..2807429,2807482..2807597,2807654..2807726,2807776..2807844,2807901..2807943,2808003..2808065,2808122..2808224,2808282..2808382,2808444..2808480,2808524..2808867,2808919..2809116,2809172..2809189)] [gbkey=CDS]",0.4840182648401826
"lcl|CP059658.1_cds_QRW16450.1_933 [locus_tag=RhiXN_04451] [protein=Fungal specific transcription factor domain] [protein_id=QRW16450.1] [location=join(2809375..2809529,2809571..2809607,2809662..2809684,2809740..2809795,2809841..2809875,2809928..2810381,2810430..2810701,2810761..2810947,2811004..2811034,2811085..2811179,2811306..2811310,2811364..2811424,2811478..2811596,2811654..2811669,2811725..2811772,2811879..2811932,2811982..2812077,2812175..2812659)] [gbkey=CDS]",0.5132703553756185
"lcl|CP059658.1_cds_QRW16451.1_934 [locus_tag=RhiXN_04452] [protein=formate/nitrite transporter family protein] [protein_id=QRW16451.1] [location=join(2813617..2813722,2813779..2813914,2813965..2814007,2814065..2814131,2814182..2814353,2814419..2814468,2814532..2814596,2814652..2814706,2814783..2814788,2814844..2814850,2814904..2814940,2814997..2815059,2815121..2815234)] [gbkey=CDS]",0.5081967213114754
"lcl|CP059658.1_cds_QRW16452.1_935 [locus_tag=RhiXN_04453] [protein=ubiquitin-conjugating enzyme E1] [protein_id=QRW16452.1] [location=complement(join(2815595..2815678,2815732..2815892,2815943..2816048,2816104..2816208,2816232..2816370,2816423..2816586,2816675..2816749,2816809..2817066,2817118..2817188,2817232..2817315,2817370..2817438,2817503..2817911))] [gbkey=CDS]",0.49040139616055844
"lcl|CP059658.1_cds_QRW16453.1_936 [locus_tag=RhiXN_04454] [protein=Ran-specific GTPase-activating protein 1] [protein_id=QRW16453.1] [location=complement(join(2817968..2818243,2818297..2818322,2818376..2818529,2818580..2818671,2818723..2818831,2818893..2818948,2819014..2819190,2819245..2819309,2819733..2820081,2820145..2820284,2820327..2820466,2820535..2820627,2821142..2821165))] [gbkey=CDS]",0.5185840707964602
"lcl|CP059658.1_cds_QRW16454.1_937 [locus_tag=RhiXN_04455] [protein=hypothetical protein] [protein_id=QRW16454.1] [location=join(2821370..2821397,2821452..2821487,2821535..2821738,2821790..2821821)] [gbkey=CDS]",0.5170068027210885
lcl|CP059658.1_cds_QRW16455.1_938 [locus_tag=RhiXN_04456] [protein=hypothetical protein] [protein_id=QRW16455.1] [location=complement(2822340..2822702)] [gbkey=CDS],0.6330532212885154
"lcl|CP059658.1_cds_QRW16456.1_939 [locus_tag=RhiXN_04457] [protein=transmembrane protein] [protein_id=QRW16456.1] [location=join(2823230..2823460,2823524..2823703,2823770..2823875,2823940..2823980)] [gbkey=CDS]",0.5416666666666666
"lcl|CP059658.1_cds_QRW16457.1_940 [locus_tag=RhiXN_04458] [protein=diphthamide biosynthesis protein] [protein_id=QRW16457.1] [location=join(2824882..2825249,2825480..2825791,2825880..2825967,2826045..2826255,2826390..2826539,2827881..2827956,2828011..2828422,2828507..2828523,2828576..2828700,2828742..2829256)] [gbkey=CDS]",0.6009700176366843
"lcl|CP059658.1_cds_QRW16458.1_941 [locus_tag=RhiXN_04459] [protein=Cactin] [protein_id=QRW16458.1] [location=join(2832365..2832612,2832667..2832916,2832974..2833294,2833343..2833435,2833491..2833715,2833766..2834074,2834127..2834437,2834490..2834699,2834754..2834814,2834869..2834883)] [gbkey=CDS]",0.4845360824742268
"lcl|CP059658.1_cds_QRW16459.1_942 [locus_tag=RhiXN_04460] [protein=Zinc finger, CCHC-type] [protein_id=QRW16459.1] [location=join(2837553..2837584,2837651..2837680,2837739..2838579)] [gbkey=CDS]",0.5083612040133779
"lcl|CP059658.1_cds_QRW16460.1_943 [locus_tag=RhiXN_04461] [protein=Zinc finger, CCHC-type] [protein_id=QRW16460.1] [location=join(2839066..2839248,2839301..2839338,2839393..2839518,2839570..2839648,2839699..2839740)] [gbkey=CDS]",0.5454545454545454
"lcl|CP059658.1_cds_QRW16461.1_944 [locus_tag=RhiXN_04462] [protein=thymocyte nuclear protein 1] [protein_id=QRW16461.1] [location=complement(join(2840143..2840344,2840374..2840680,2840736..2840760,2840796..2840833,2840884..2840993,2841045..2841073,2841123..2841188))] [gbkey=CDS]",0.4798962386511025
"lcl|CP059658.1_cds_QRW16462.1_945 [locus_tag=RhiXN_04463] [protein=peptidyl-prolyl cis-trans isomerase, cyclophilin-type protein] [protein_id=QRW16462.1] [location=complement(join(2841669..2841959,2842016..2842180,2842247..2842359,2842386..2842929,2843109..2843183,2843256..2843768,2843824..2844349,2844405..2845006,2845720..2845787,2845839..2845862,2845915..2846041,2846095..2846136,2846184..2846213,2846269..2846346))] [gbkey=CDS]",0.5300751879699248
"lcl|CP059658.1_cds_QRW16463.1_946 [locus_tag=RhiXN_04464] [protein=GTPase-activating protein] [protein_id=QRW16463.1] [location=join(2846457..2846630,2846696..2846842,2846906..2847674,2847819..2848312,2848404..2848504,2848729..2848840,2848899..2848976,2849036..2849281,2849332..2849387,2849443..2849689,2849732..2849885,2849962..2850078,2850138..2850435,2850486..2850552,2850606..2850881,2850937..2851143,2851198..2851653,2851706..2851723,2851772..2851916,2851968..2852046,2852096..2852278,2852337..2852375,2852426..2852482,2852530..2852743,2852792..2853151,2853206..2853334,2853385..2853432,2853491..2853647,2853706..2853801,2853857..2853972,2854025..2854207,2854255..2854471,2854524..2854804,2854852..2855052,2855105..2855564,2855611..2856571,2856621..2856880,2856938..2857032)] [gbkey=CDS]",0.5137481910274964
"lcl|CP059658.1_cds_QRW16464.1_947 [locus_tag=RhiXN_04465] [protein=hypothetical protein] [protein_id=QRW16464.1] [location=complement(join(2857414..2857521,2857580..2857645,2857712..2857792,2857843..2858008,2858064..2858077,2858145..2858228))] [gbkey=CDS]",0.5243664717348928
"lcl|CP059658.1_cds_QRW16465.1_948 [locus_tag=RhiXN_04466] [protein=guanosine-diphosphatase] [protein_id=QRW16465.1] [location=complement(join(2859607..2861592,2861647..2861858,2861899..2861988,2862036..2862168))] [gbkey=CDS]",0.5242236024844721
"lcl|CP059658.1_cds_QRW16466.1_949 [locus_tag=RhiXN_04467] [protein=ICE-like protease (caspase) p20 domain protein] [protein_id=QRW16466.1] [location=join(2862822..2862859,2862924..2863193,2863235..2863382,2863439..2863499,2863628..2863687,2863742..2863788,2863844..2863931,2864000..2864013,2864064..2864177,2864235..2864248,2864311..2864396,2864449..2864531,2864583..2864630)] [gbkey=CDS]",0.48450704225352115
lcl|CP059658.1_cds_QRW16467.1_950 [locus_tag=RhiXN_04468] [protein=hypothetical protein] [protein_id=QRW16467.1] [location=complement(2864694..2865170)] [gbkey=CDS],0.4734607218683652
"lcl|CP059658.1_cds_QRW16468.1_951 [locus_tag=RhiXN_04469] [protein=insulysin] [protein_id=QRW16468.1] [location=complement(join(2865810..2866267,2866323..2866772,2866821..2866920,2866973..2867064,2867115..2867235,2867302..2867515,2867566..2867717,2867769..2867864,2867917..2868305,2868358..2868523,2868573..2868662,2868712..2868827,2868876..2869249,2869318..2869385,2869435..2869473,2869538..2869585,2869640..2869993))] [gbkey=CDS]",0.4763625414031918
"lcl|CP059658.1_cds_QRW16469.1_952 [locus_tag=RhiXN_04470] [protein=mitochondrial import inner membrane translocase subunit TIM54] [protein_id=QRW16469.1] [location=join(2870214..2870295,2870353..2870485,2870551..2870563,2870631..2870698,2870749..2870839,2870901..2870924,2870974..2870983,2871034..2871149,2871200..2871260,2871311..2871383,2871435..2871444,2871490..2871521,2871577..2871719,2871772..2871854,2871913..2871987,2872047..2872137,2872192..2872279,2872340..2872538,2872589..2872613,2872668..2872765,2872829..2872844,2872904..2873041,2873097..2873332,2873443..2873463,2873517..2873573,2873622..2873647,2873698..2873734,2873939..2874047,2874102..2874297,2874359..2874365,2874422..2874490,2874546..2874805,2874862..2875048,2875102..2875150,2875212..2875319,2875373..2875417,2875486..2875529,2875588..2876220,2876276..2876575,2876640..2876722,2877620..2877677,2877731..2878104,2878146..2878887)] [gbkey=CDS]",0.4756787330316742
"lcl|CP059658.1_cds_QRW16470.1_953 [locus_tag=RhiXN_04471] [protein=hypothetical protein] [protein_id=QRW16470.1] [location=complement(join(2878992..2879090,2879140..2879268,2879335..2879370))] [gbkey=CDS]",0.44573643410852715
"lcl|CP059658.1_cds_QRW16471.1_954 [locus_tag=RhiXN_04472] [protein=Serine/threonine-protein kinase] [protein_id=QRW16471.1] [location=join(2879671..2879751,2879801..2879889,2879944..2880008,2880060..2880081,2880136..2880181,2880236..2880286,2880347..2880446,2880524..2880572,2880632..2880664,2880717..2880744,2880803..2880831,2880878..2880912,2880966..2880991,2881045..2881062,2881116..2881146,2881210..2881275,2881335..2881384,2881439..2881477,2881529..2881534,2881586..2881607,2881654..2881683,2881731..2881788,2881845..2882001,2882051..2882167)] [gbkey=CDS]",0.46537842190016104
"lcl|CP059658.1_cds_QRW16472.1_955 [locus_tag=RhiXN_04473] [protein=cyclin-dependent kinase inhibitor] [protein_id=QRW16472.1] [location=complement(join(2882355..2882461,2882519..2882670,2882735..2882779,2882832..2882869))] [gbkey=CDS]",0.49702380952380953
"lcl|CP059658.1_cds_QRW16473.1_956 [locus_tag=RhiXN_04474] [protein=adaptin ear-binding coat-associated protein] [protein_id=QRW16473.1] [location=complement(join(2883158..2883408,2883460..2883609,2883663..2883668,2883724..2883842,2883896..2883920,2883974..2883982,2884040..2884082))] [gbkey=CDS]",0.5108877721943048
"lcl|CP059658.1_cds_QRW16474.1_957 [locus_tag=RhiXN_04475] [protein=damaged DNA binding protein] [protein_id=QRW16474.1] [location=join(2884308..2884483,2884536..2884819,2884868..2884967,2885019..2885115,2885172..2885362,2885416..2885621,2885685..2885758,2885809..2885929,2885978..2886040,2886093..2886338,2886614..2886707,2886956..2887385,2887435..2887539,2887590..2887677,2887734..2887943,2887993..2888386,2888437..2888551,2888600..2888692,2888744..2888842)] [gbkey=CDS]",0.48238993710691824
"lcl|CP059658.1_cds_QRW16475.1_958 [locus_tag=RhiXN_04476] [protein=enoyl-CoA hydratase/isomerase family protein] [protein_id=QRW16475.1] [location=join(2889225..2889315,2889377..2889430,2889488..2889534,2889587..2889686,2889739..2889783,2889835..2889909,2890316..2890356,2890413..2890523,2890574..2890655,2890706..2890769,2890825..2890892,2890942..2891134,2891187..2891592,2891653..2892078)] [gbkey=CDS]",0.5175292153589316
"lcl|CP059658.1_cds_QRW16476.1_959 [locus_tag=RhiXN_04477] [protein=indoleamine 2,3-dioxygenase] [protein_id=QRW16476.1] [location=join(2893579..2893956,2894021..2894791,2894844..2895140,2895208..2895318)] [gbkey=CDS]",0.5473887814313346
"lcl|CP059658.1_cds_QRW16477.1_960 [locus_tag=RhiXN_04478] [protein=RNA recognition motif protein] [protein_id=QRW16477.1] [location=join(2899331..2899355,2899413..2899421,2899491..2899579,2899629..2899738,2899791..2899866,2900112..2900185,2900235..2900334,2900388..2900515,2900568..2900678,2900740..2900791)] [gbkey=CDS]",0.54296875
"lcl|CP059658.1_cds_QRW16478.1_961 [locus_tag=RhiXN_04479] [protein=aminotransferase class-V protein] [protein_id=QRW16478.1] [location=complement(join(2900963..2901032,2901092..2901215,2901270..2901342,2901401..2901427,2901484..2901618,2901836..2902462,2902536..2902649,2902706..2902779,2902829..2902894,2903162..2903204,2903257..2903415,2903468..2903535,2903587..2903658,2903715..2903724,2903773..2903817,2903870..2903937,2903985..2904065,2904125..2904393,2904452..2904559,2904616..2904782,2904933..2905047,2905094..2905110))] [gbkey=CDS]",0.4901029295328583
"lcl|CP059658.1_cds_QRW16479.1_962 [locus_tag=RhiXN_04480] [protein=hypothetical protein] [protein_id=QRW16479.1] [location=join(2905251..2905340,2905394..2905403,2905460..2905773,2905829..2905885,2905948..2906255,2906303..2906390,2906448..2906723,2906779..2906871)] [gbkey=CDS]",0.5186991869918699
"lcl|CP059658.1_cds_QRW16480.1_963 [locus_tag=RhiXN_04481] [protein=agmatinase] [protein_id=QRW16480.1] [location=complement(join(2907157..2907525,2907578..2907636,2907690..2908253,2908308..2908470,2908520..2908634,2908685..2908828,2908884..2908952,2909001..2909251,2910569..2910604,2910668..2911195,2911255..2911521))] [gbkey=CDS]",0.5310668229777257
"lcl|CP059658.1_cds_QRW16481.1_964 [locus_tag=RhiXN_04482] [protein=acyl-CoA dehydrogenase] [protein_id=QRW16481.1] [location=join(2912133..2912150,2912344..2912487,2912547..2912630,2912687..2912879,2912926..2913034,2913090..2913225,2913280..2913334,2913395..2913485,2913554..2913645,2913702..2913713,2913773..2913855,2913913..2914006,2914086..2914198)] [gbkey=CDS]",0.5032840722495895
"lcl|CP059658.1_cds_QRW16482.1_965 [locus_tag=RhiXN_04483] [protein=aminotransferase class I and II protein] [protein_id=QRW16482.1] [location=join(2917044..2917721,2917779..2918232,2918307..2918346,2918407..2918665,2919461..2919725,2919940..2920042,2920098..2920147,2920295..2920369,2920428..2920515,2920571..2920630,2920685..2920768,2920829..2920841,2920896..2920928,2920980..2921029,2921086..2921100,2921165..2921174,2921234..2921296,2921354..2921429,2921485..2921495,2921548..2921656,2921707..2921737,2921789..2921843,2921900..2922049,2922125..2922170,2922227..2922291,2922355..2922397,2922455..2922516,2922556..2922621)] [gbkey=CDS]",0.5511811023622047
"lcl|CP059658.1_cds_QRW16483.1_966 [locus_tag=RhiXN_04484] [protein=kinesin motor domain protein] [protein_id=QRW16483.1] [location=join(2923545..2924252,2924304..2924651,2924764..2925195,2925428..2926038,2926087..2926337,2926453..2926544,2926602..2927270,2927322..2927459,2927511..2928587,2928643..2928905,2928957..2929068,2929120..2929749,2929803..2931195,2931250..2931530)] [gbkey=CDS]",0.5442206029432776
"lcl|CP059658.1_cds_QRW16484.1_967 [locus_tag=RhiXN_04485] [protein=glycoside hydrolase family 131 protein] [protein_id=QRW16484.1] [location=join(2932035..2932123,2932179..2932257,2932315..2932369,2932428..2932500,2932560..2932604,2932656..2932719,2932788..2932803,2932861..2932979,2933033..2933153,2933215..2933275,2933356..2933398)] [gbkey=CDS]",0.4993412384716733
"lcl|CP059658.1_cds_QRW16485.1_968 [locus_tag=RhiXN_04486] [protein=Enoyl-(Acyl carrier protein) reductase] [protein_id=QRW16485.1] [location=join(2933912..2934184,2934267..2934353,2934409..2934473,2934548..2934671,2934725..2934836,2934897..2934924,2934989..2935127,2935279..2935309,2935374..2935443,2935513..2935573,2935631..2935687,2935740..2935826)] [gbkey=CDS]",0.5195035460992907
"lcl|CP059658.1_cds_QRW16486.1_969 [locus_tag=RhiXN_04487] [protein=hypothetical protein] [protein_id=QRW16486.1] [location=join(2936289..2936574,2936636..2936790,2936849..2937460)] [gbkey=CDS]",0.5864374403056352
"lcl|CP059658.1_cds_QRW16487.1_970 [locus_tag=RhiXN_04488] [protein=YTH domain family protein] [protein_id=QRW16487.1] [location=join(2941660..2941849,2942005..2942153,2942287..2943510,2943564..2943727,2943783..2943938,2943997..2944135,2944199..2944453)] [gbkey=CDS]",0.5367679436371643
"lcl|CP059658.1_cds_QRW16488.1_971 [locus_tag=RhiXN_04489] [protein=hypothetical protein] [protein_id=QRW16488.1] [location=join(2945213..2945222,2945274..2945587)] [gbkey=CDS]",0.5031446540880503
"lcl|CP059658.1_cds_QRW16489.1_972 [locus_tag=RhiXN_04490] [protein=hypothetical protein] [protein_id=QRW16489.1] [location=complement(join(2946483..2946841,2946880..2946988))] [gbkey=CDS]",0.5108225108225108
"lcl|CP059658.1_cds_QRW16490.1_973 [locus_tag=RhiXN_04491] [protein=GMC oxidoreductase] [protein_id=QRW16490.1] [location=join(2951055..2951083,2951137..2951216,2951268..2951432,2951484..2951688,2951757..2951916,2951967..2952209,2952308..2952376,2952425..2952644,2952698..2952873,2952930..2953057,2953110..2953446,2953498..2953506)] [gbkey=CDS]",0.4914600550964187
"lcl|CP059658.1_cds_QRW16491.1_974 [locus_tag=RhiXN_04492] [protein=Fingers domain of DNA polymerase lambda] [protein_id=QRW16491.1] [location=join(2954747..2954992,2955039..2955377,2955436..2955445,2955496..2955569,2955633..2955881)] [gbkey=CDS]",0.4725877192982456
"lcl|CP059658.1_cds_QRW16492.1_975 [locus_tag=RhiXN_04493] [protein=hypothetical protein] [protein_id=QRW16492.1] [location=complement(join(2957411..2957697,2957733..2959062))] [gbkey=CDS]",0.5524518932340161
"lcl|CP059658.1_cds_QRW16493.1_976 [locus_tag=RhiXN_04494] [protein=hypothetical protein] [protein_id=QRW16493.1] [location=join(2959346..2959557,2959612..2960011)] [gbkey=CDS]",0.523102310231023
"lcl|CP059658.1_cds_QRW16494.1_977 [locus_tag=RhiXN_04495] [protein=RTA1-like protein] [protein_id=QRW16494.1] [location=complement(join(2960227..2960317,2960376..2960488,2960545..2960730,2960787..2960846,2960895..2961035,2961097..2961161,2961223..2961382,2961439..2961552))] [gbkey=CDS]",0.5032467532467533
"lcl|CP059658.1_cds_QRW16495.1_978 [locus_tag=RhiXN_04496] [protein=Core histone H2A/H2B/H3/H4] [protein_id=QRW16495.1] [location=join(2962138..2962300,2962358..2962497,2962561..2962694,2962752..2962836)] [gbkey=CDS]",0.5271317829457365
"lcl|CP059658.1_cds_QRW16496.1_979 [locus_tag=RhiXN_04497] [protein=tubulin-specific chaperone A] [protein_id=QRW16496.1] [location=complement(join(2962959..2963042,2963096..2963181,2963220..2963356,2963415..2963479))] [gbkey=CDS]",0.45081967213114754
"lcl|CP059658.1_cds_QRW16497.1_980 [locus_tag=RhiXN_04498] [protein=Zinc finger HIT domain-containing protein] [protein_id=QRW16497.1] [location=join(2963639..2964045,2964278..2964506,2964551..2964730)] [gbkey=CDS]",0.49382716049382713
"lcl|CP059658.1_cds_QRW16498.1_981 [locus_tag=RhiXN_04499] [protein=Fe-S cluster assembly protein DRE2] [protein_id=QRW16498.1] [location=complement(join(2964824..2964885,2964981..2965604,2965654..2965816))] [gbkey=CDS]",0.5622775800711743
"lcl|CP059658.1_cds_QRW16499.1_982 [locus_tag=RhiXN_04500] [protein=E3 ubiquitin-protein ligase CCNP1IP1] [protein_id=QRW16499.1] [location=join(2965983..2966061,2966118..2966129,2966191..2966259,2966313..2966322,2966371..2966406,2966662..2966734,2966806..2966836,2966890..2966981,2967043..2967546)] [gbkey=CDS]",0.5255555555555556
"lcl|CP059658.1_cds_QRW16500.1_983 [locus_tag=RhiXN_04501] [protein=Nascent polypeptide-associated complex subunit alpha, muscle-specific form] [protein_id=QRW16500.1] [location=complement(join(2967839..2967896,2967950..2968269))] [gbkey=CDS]",0.6263440860215054
"lcl|CP059658.1_cds_QRW16501.1_984 [locus_tag=RhiXN_04502] [protein=Nascent polypeptide-associated complex subunit alpha, muscle-specific form] [protein_id=QRW16501.1] [location=complement(join(2968301..2968514,2968545..2969043,2969097..2969199))] [gbkey=CDS]",0.6469135802469136
"lcl|CP059658.1_cds_QRW16502.1_985 [locus_tag=RhiXN_04503] [protein=aconitate hydratase] [protein_id=QRW16502.1] [location=complement(join(2969719..2970436,2970494..2970919,2970993..2971057,2971147..2971297,2971351..2971581,2971641..2971830,2971887..2972536,2972604..2972770,2972845..2972880,2973037..2973211,2973269..2973334,2973385..2973429,2973483..2973524,2973581..2973642))] [gbkey=CDS]",0.6047051027170312
"lcl|CP059658.1_cds_QRW16503.1_986 [locus_tag=RhiXN_04504] [protein=ribosomal L29e protein family] [protein_id=QRW16503.1] [location=join(2977417..2977433,2977494..2977578,2977641..2977652,2977716..2977751,2977809..2977850)] [gbkey=CDS]",0.510752688172043
"lcl|CP059658.1_cds_QRW16504.1_987 [locus_tag=RhiXN_04505] [protein=transcription factor tau subunit sfc1] [protein_id=QRW16504.1] [location=complement(join(2978059..2978175,2978224..2978293,2978335..2978450,2978497..2978641,2978702..2978812,2978860..2978967,2979026..2979105,2979156..2979233,2979292..2979427,2979545..2979668,2979718..2979795,2979847..2979931,2980000..2980369,2980930..2980996,2981052..2981184,2981232..2981277,2981329..2981531,2981585..2981644))] [gbkey=CDS]",0.4837340876944837
"lcl|CP059658.1_cds_QRW16505.1_988 [locus_tag=RhiXN_04506] [protein=hypothetical protein] [protein_id=QRW16505.1] [location=join(2981804..2981996,2982047..2982076,2982127..2982169,2982221..2982305,2982362..2982418)] [gbkey=CDS]",0.48258706467661694
"lcl|CP059658.1_cds_QRW16506.1_989 [locus_tag=RhiXN_04507] [protein=RNA recognition motif protein] [protein_id=QRW16506.1] [location=complement(join(2982590..2982720,2982777..2982968,2983020..2983335))] [gbkey=CDS]",0.5165876777251185
"lcl|CP059658.1_cds_QRW16507.1_990 [locus_tag=RhiXN_04508] [protein=ribosomal large subunit proteins 60S L5, and 50S L18] [protein_id=QRW16507.1] [location=join(2983671..2983758,2983809..2983851,2983898..2984058,2984117..2984474,2984542..2984932)] [gbkey=CDS]",0.5429951690821256
"lcl|CP059658.1_cds_QRW16508.1_991 [locus_tag=RhiXN_04509] [protein=hypothetical protein] [protein_id=QRW16508.1] [location=complement(join(2985333..2985850,2985900..2986149,2986196..2986214,2986605..2986822))] [gbkey=CDS]",0.5545545545545546
"lcl|CP059658.1_cds_QRW16509.1_992 [locus_tag=RhiXN_04510] [protein=hypothetical protein] [protein_id=QRW16509.1] [location=join(2988454..2988610,2988664..2990174,2990230..2991162)] [gbkey=CDS]",0.6107899807321773
"lcl|CP059658.1_cds_QRW16510.1_993 [locus_tag=RhiXN_04511] [protein=hypothetical protein] [protein_id=QRW16510.1] [location=join(2993059..2993105,2993160..2993190,2993231..2993253,2993305..2993426,2993477..2994015,2994067..2994197,2994247..2994328,2994396..2994515,2994594..2994708,2994764..2994810)] [gbkey=CDS]",0.5035971223021583
"lcl|CP059658.1_cds_QRW16511.1_994 [locus_tag=RhiXN_04512] [protein=major facilitator superfamily transporter] [protein_id=QRW16511.1] [location=join(2996183..2996482,2996534..2996701,2996755..2997006,2997061..2997165,2997218..2998108)] [gbkey=CDS]",0.5309941520467836
"lcl|CP059658.1_cds_QRW16512.1_995 [locus_tag=RhiXN_04513] [protein=short chain dehydrogenase] [protein_id=QRW16512.1] [location=complement(join(2998878..2998908,2998961..2999005,2999055..2999120,2999180..2999257,2999314..2999550,2999607..2999747,2999797..2999840))] [gbkey=CDS]",0.4937106918238994
"lcl|CP059658.1_cds_QRW16513.1_996 [locus_tag=RhiXN_04514] [protein=clathrin adaptor complex small chain] [protein_id=QRW16513.1] [location=join(3000163..3000256,3000315..3000445,3000501..3000517,3000571..3000598,3000648..3000713,3000766..3000843)] [gbkey=CDS]",0.4632352941176471
"lcl|CP059658.1_cds_QRW16514.1_997 [locus_tag=RhiXN_04515] [protein=TLC domain protein] [protein_id=QRW16514.1] [location=complement(join(3001135..3001237,3001296..3001382,3001439..3001483,3001538..3001603,3001659..3001735,3001788..3002029,3002098..3002210,3002266..3002387,3002444..3002616,3002678..3002898,3002954..3003048))] [gbkey=CDS]",0.4790732436472347
"lcl|CP059658.1_cds_QRW16515.1_998 [locus_tag=RhiXN_04516] [protein=DNA replication complex GINS protein SLD5] [protein_id=QRW16515.1] [location=join(3003374..3003493,3003556..3003670,3003726..3003822,3003873..3003990,3004043..3004222)] [gbkey=CDS]",0.4791666666666667
"lcl|CP059658.1_cds_QRW16516.1_999 [locus_tag=RhiXN_04517] [protein=exonuclease domain protein] [protein_id=QRW16516.1] [location=complement(join(3004366..3004507,3004561..3004671,3004725..3004844,3004902..3005205,3005260..3005629,3005681..3005803,3005853..3005954,3006031..3006476,3006541..3006574))] [gbkey=CDS]",0.5389461626575028
"lcl|CP059658.1_cds_QRW16517.1_1000 [locus_tag=RhiXN_04518] [protein=hypothetical protein] [protein_id=QRW16517.1] [location=complement(join(3007910..3008158,3008249..3008323,3008377..3008512,3008564..3008875,3008928..3009139,3009341..3009358,3009415..3009600,3009648..3009705,3009759..3009970))] [gbkey=CDS]",0.5068870523415978
"lcl|CP059658.1_cds_QRW16518.1_1001 [locus_tag=RhiXN_04519] [protein=Isocitrate/isopropylmalate dehydrogenase] [protein_id=QRW16518.1] [location=join(3010310..3010363,3010418..3010480,3010531..3010563,3010616..3010799,3010858..3011154,3011291..3011342,3011396..3011531,3011653..3011788,3011845..3011894)] [gbkey=CDS]",0.5435435435435435
"lcl|CP059658.1_cds_QRW16519.1_1002 [locus_tag=RhiXN_04520] [protein=DnaJ domain protein] [protein_id=QRW16519.1] [location=complement(join(3012051..3012296,3012348..3012690,3012754..3012836,3012904..3013010,3013063..3013177))] [gbkey=CDS]",0.5112612612612613
"lcl|CP059658.1_cds_QRW16520.1_1003 [locus_tag=RhiXN_04521] [protein=hypothetical protein] [protein_id=QRW16520.1] [location=join(3014642..3014714,3014760..3014824,3014885..3015271)] [gbkey=CDS]",0.48554913294797686
"lcl|CP059658.1_cds_QRW16521.1_1004 [locus_tag=RhiXN_04522] [protein=polyketide cyclase/dehydrase and lipid transport domain-containing protein] [protein_id=QRW16521.1] [location=complement(join(3016111..3016404,3016459..3016678,3016753..3016910))] [gbkey=CDS]",0.527027027027027
"lcl|CP059658.1_cds_QRW16522.1_1005 [locus_tag=RhiXN_04523] [protein=Tyrosine kinase specific for activated] [protein_id=QRW16522.1] [location=join(3017349..3017822,3017854..3018060,3018182..3019162)] [gbkey=CDS]",0.5760869565217391
"lcl|CP059658.1_cds_QRW16523.1_1006 [locus_tag=RhiXN_04524] [protein=glutamine synthetase] [protein_id=QRW16523.1] [location=complement(join(3019456..3019505,3019564..3020094,3020156..3020516,3020569..3020612,3020662..3020737))] [gbkey=CDS]",0.5653409090909091
"lcl|CP059658.1_cds_QRW16524.1_1007 [locus_tag=RhiXN_04525] [protein=hypothetical protein] [protein_id=QRW16524.1] [location=complement(join(3023745..3024127,3024206..3024230))] [gbkey=CDS]",0.5124378109452736
"lcl|CP059658.1_cds_QRW16525.1_1008 [locus_tag=RhiXN_04526] [protein=cytochrome P450 family protein] [protein_id=QRW16525.1] [location=join(3025038..3025065,3025130..3025262,3025317..3025416,3025473..3025561,3025621..3025769,3025835..3025938,3025995..3026099,3026155..3026193,3026241..3026475,3026526..3026704,3026746..3026811)] [gbkey=CDS]",0.45536445536445536
"lcl|CP059658.1_cds_QRW16526.1_1009 [locus_tag=RhiXN_04527] [protein=Fungal specific transcription factor domain] [protein_id=QRW16526.1] [location=complement(join(3027539..3028334,3028367..3028555,3028609..3028757,3028811..3028832,3028880..3029012,3029062..3029870,3029962..3029996))] [gbkey=CDS]",0.4828396803008933
"lcl|CP059658.1_cds_QRW16527.1_1010 [locus_tag=RhiXN_04528] [protein=RNA recognition motif protein] [protein_id=QRW16527.1] [location=complement(join(3031161..3031819,3031879..3032094,3032246..3032381,3032435..3032949,3033064..3033178,3033230..3033385,3033409..3033794,3033836..3034082))] [gbkey=CDS]",0.5548679867986799
"lcl|CP059658.1_cds_QRW16528.1_1011 [locus_tag=RhiXN_04529] [protein=hypothetical protein] [protein_id=QRW16528.1] [location=join(3034366..3034398,3034481..3034715,3034775..3034938)] [gbkey=CDS]",0.5892018779342723
"lcl|CP059658.1_cds_QRW16529.1_1012 [locus_tag=RhiXN_04530] [protein=hypothetical protein] [protein_id=QRW16529.1] [location=join(3040168..3040223,3040274..3040459,3040528..3040635,3040685..3040986,3041034..3041056,3041118..3041515,3041554..3041785)] [gbkey=CDS]",0.5119322555812164
"lcl|CP059658.1_cds_QRW16530.1_1013 [locus_tag=RhiXN_04531] [protein=hypothetical protein] [protein_id=QRW16530.1] [location=join(3042443..3042575,3042652..3042845)] [gbkey=CDS]",0.5233644859813084
"lcl|CP059658.1_cds_QRW16531.1_1014 [locus_tag=RhiXN_04532] [protein=structural constituent of cell wall] [protein_id=QRW16531.1] [location=complement(join(3043197..3043264,3043315..3043413,3043492..3043846,3043902..3044089,3044148..3044327,3044404..3044514,3044585..3045453,3045503..3045634,3045692..3045908,3045938..3046242,3046297..3046440,3046494..3047755,3047800..3047859))] [gbkey=CDS]",0.5773092369477911
"lcl|CP059658.1_cds_QRW16532.1_1015 [locus_tag=RhiXN_04533] [protein=hypothetical protein] [protein_id=QRW16532.1] [location=complement(join(3053386..3053748,3053827..3054410,3054553..3054836,3054891..3054955))] [gbkey=CDS]",0.48604651162790696
"lcl|CP059658.1_cds_QRW16533.1_1016 [locus_tag=RhiXN_04534] [protein=hypothetical protein] [protein_id=QRW16533.1] [location=complement(join(3055416..3055862,3055926..3056183,3056392..3056430))] [gbkey=CDS]",0.47696476964769646
"lcl|CP059658.1_cds_QRW16534.1_1017 [locus_tag=RhiXN_04535] [protein=coatomer subunit beta] [protein_id=QRW16534.1] [location=complement(join(3056800..3057013,3057235..3057367,3057726..3058007,3058061..3058269,3058325..3058432,3058481..3058570,3058617..3058642,3058751..3058884,3058927..3058950,3058994..3059221,3059280..3059855,3059923..3059970,3060012..3060078,3060132..3060293,3060346..3060363))] [gbkey=CDS]",0.5131863380890618
lcl|CP059658.1_cds_QRW16535.1_1018 [locus_tag=RhiXN_04536] [protein=F-box-like domain protein] [protein_id=QRW16535.1] [location=complement(3060777..3061409)] [gbkey=CDS],0.5374800637958532
"lcl|CP059658.1_cds_QRW16536.1_1019 [locus_tag=RhiXN_04537] [protein=hypothetical protein] [protein_id=QRW16536.1] [location=complement(join(3063627..3063663,3063741..3064051,3064099..3064191))] [gbkey=CDS]",0.49885057471264366
"lcl|CP059658.1_cds_QRW16537.1_1020 [locus_tag=RhiXN_04538] [protein=F-box-like domain protein] [protein_id=QRW16537.1] [location=complement(join(3066076..3066612,3066662..3067028,3067086..3067117,3067184..3067367,3067424..3067491))] [gbkey=CDS]",0.4906937394247039
"lcl|CP059658.1_cds_QRW16538.1_1021 [locus_tag=RhiXN_04539] [protein=F-box-like domain-containing protein] [protein_id=QRW16538.1] [location=complement(join(3068187..3068735,3068790..3069159,3069222..3069298,3069362..3069524,3069582..3069667))] [gbkey=CDS]",0.5149313962873285
"lcl|CP059658.1_cds_QRW16539.1_1022 [locus_tag=RhiXN_04540] [protein=F-box-like domain-containing protein] [protein_id=QRW16539.1] [location=complement(join(3069894..3070379,3070432..3070473,3070613..3070804,3071118..3071167,3071222..3071582,3071643..3071682,3071737..3071926,3072173..3072192,3072286..3072707,3072758..3073529,3073681..3073711,3073770..3073779))] [gbkey=CDS]",0.5038314176245211
"lcl|CP059658.1_cds_QRW16540.1_1023 [locus_tag=RhiXN_04541] [protein=F-box-like domain-containing protein] [protein_id=QRW16540.1] [location=complement(join(3074120..3074677,3074760..3075273,3075329..3075745,3075820..3075938,3075995..3076012,3076119..3076148,3076206..3076334))] [gbkey=CDS]",0.5115233277121979
"lcl|CP059658.1_cds_QRW16541.1_1024 [locus_tag=RhiXN_04542] [protein=hypothetical protein] [protein_id=QRW16541.1] [location=complement(join(3079319..3080461,3080514..3081032,3081082..3081127,3081183..3081553,3081622..3081711,3081774..3082135,3082193..3082274))] [gbkey=CDS]",0.5243574990410433
"lcl|CP059658.1_cds_QRW16542.1_1025 [locus_tag=RhiXN_04543] [protein=hypothetical protein] [protein_id=QRW16542.1] [location=join(3084355..3084689,3084938..3084949,3085074..3085116,3085172..3085257,3085312..3085484,3085536..3085616,3085691..3085896,3085956..3085967,3086028..3086093)] [gbkey=CDS]",0.46825396825396826
"lcl|CP059658.1_cds_QRW16543.1_1026 [locus_tag=RhiXN_04544] [protein=hypothetical protein] [protein_id=QRW16543.1] [location=complement(join(3086115..3086497,3086550..3086607))] [gbkey=CDS]",0.5057471264367817
"lcl|CP059658.1_cds_QRW16544.1_1027 [locus_tag=RhiXN_04545] [protein=hypothetical protein] [protein_id=QRW16544.1] [location=join(3087056..3088836,3088889..3088980,3089094..3089527,3089593..3089928)] [gbkey=CDS]",0.5001896094046264
"lcl|CP059658.1_cds_QRW16545.1_1028 [locus_tag=RhiXN_04546] [protein=tripeptidyl-peptidase I] [protein_id=QRW16545.1] [location=join(3090536..3090714,3090770..3090880,3090944..3091161,3091222..3091383,3091436..3091615,3091669..3091991,3092052..3092134,3092201..3092276,3092327..3092377,3092431..3092637,3092696..3092763,3092817..3092913)] [gbkey=CDS]",0.5128644939965694
"lcl|CP059658.1_cds_QRW16546.1_1029 [locus_tag=RhiXN_04547] [protein=alpha/beta hydrolase family protein] [protein_id=QRW16546.1] [location=complement(join(3093648..3094040,3094095..3094342,3094405..3095269))] [gbkey=CDS]",0.5266666666666666
"lcl|CP059658.1_cds_QRW16547.1_1030 [locus_tag=RhiXN_04548] [protein=hypothetical protein] [protein_id=QRW16547.1] [location=complement(join(3096336..3096422,3096476..3096630,3096694..3096949,3097003..3097160,3097238..3097493,3097563..3097726,3097774..3098083,3098159..3098233,3098280..3098324))] [gbkey=CDS]",0.4806666666666667
"lcl|CP059658.1_cds_QRW16548.1_1031 [locus_tag=RhiXN_04549] [protein=protein phosphatase 2C] [protein_id=QRW16548.1] [location=join(3099783..3100762,3100809..3100870,3100920..3100986,3101039..3101606)] [gbkey=CDS]",0.5122681029323758
"lcl|CP059658.1_cds_QRW16549.1_1032 [locus_tag=RhiXN_04550] [protein=major facilitator superfamily transporter] [protein_id=QRW16549.1] [location=join(3102400..3102615,3102676..3102822,3102901..3103134,3103218..3103322,3103380..3103518,3103576..3103891,3103959..3104063,3104213..3104287,3104812..3105163,3105218..3105566,3106856..3107226)] [gbkey=CDS]",0.4702455264253017
"lcl|CP059658.1_cds_QRW16550.1_1033 [locus_tag=RhiXN_04551] [protein=chromosome segregation protein sudA] [protein_id=QRW16550.1] [location=join(3108345..3108631,3108679..3108844,3108900..3109011,3109080..3109125,3109178..3109331,3109390..3109640,3109694..3109970,3110029..3110150,3110221..3110402,3110460..3110562,3110617..3110680,3110939..3111071,3111125..3111210,3111252..3111266,3111328..3111400,3111451..3111574,3111634..3111753,3111834..3111910,3111951..3112084,3112138..3112224,3112272..3112345,3112397..3112574)] [gbkey=CDS]",0.484435117173837
"lcl|CP059658.1_cds_QRW16551.1_1034 [locus_tag=RhiXN_04552] [protein=3' exoribonuclease family domain-containing protein] [protein_id=QRW16551.1] [location=complement(join(3112715..3112931,3112982..3113009,3113127..3113299,3113356..3113461,3113520..3113597,3113695..3113854))] [gbkey=CDS]",0.48544973544973546
"lcl|CP059658.1_cds_QRW16552.1_1035 [locus_tag=RhiXN_04553] [protein=RNA binding motif domain-containing protein] [protein_id=QRW16552.1] [location=join(3114166..3114223,3114282..3114422,3114472..3114782,3114845..3115182,3115230..3115554,3115596..3115629,3115698..3115897)] [gbkey=CDS]",0.4939329050678087
"lcl|CP059658.1_cds_QRW16553.1_1036 [locus_tag=RhiXN_04554] [protein=hypothetical protein] [protein_id=QRW16553.1] [location=join(3116306..3116450,3116494..3116508,3116559..3116707)] [gbkey=CDS]",0.528052805280528
"lcl|CP059658.1_cds_QRW16554.1_1037 [locus_tag=RhiXN_04555] [protein=CorA-like magnesium transporter protein] [protein_id=QRW16554.1] [location=complement(join(3118846..3118918,3118978..3119050,3119106..3119286,3119346..3119369,3119423..3119555,3119598..3119818,3119897..3119990,3120042..3120128,3120182..3120358,3120412..3120853,3121080..3121291,3121347..3121402))] [gbkey=CDS]",0.5540464063384267
"lcl|CP059658.1_cds_QRW16555.1_1038 [locus_tag=RhiXN_04556] [protein=polygalacturonase] [protein_id=QRW16555.1] [location=join(3122167..3122478,3122550..3122651,3122709..3122981,3123046..3123174,3123244..3123480,3123545..3123630,3123695..3123953)] [gbkey=CDS]",0.5495689655172413
"lcl|CP059658.1_cds_QRW16556.1_1039 [locus_tag=RhiXN_04557] [protein=hypothetical protein] [protein_id=QRW16556.1] [location=complement(join(3124515..3125482,3127202..3127349))] [gbkey=CDS]",0.5540540540540541
"lcl|CP059658.1_cds_QRW16557.1_1040 [locus_tag=RhiXN_04558] [protein=Isocitrate/isopropylmalate dehydrogenase] [protein_id=QRW16557.1] [location=join(3132760..3132770,3132827..3132861,3132953..3133156,3133207..3133789,3133863..3134229)] [gbkey=CDS]",0.5418760469011725
"lcl|CP059658.1_cds_QRW16558.1_1041 [locus_tag=RhiXN_04559] [protein=histone demethylase JARID1] [protein_id=QRW16558.1] [location=join(3135021..3135602,3135663..3135860,3135906..3136226,3136274..3136292,3136342..3136418,3136474..3136540,3136589..3136922,3136970..3137148,3137197..3137224,3137272..3137296,3137350..3137517,3137591..3137754,3137809..3137941,3138058..3140021,3140053..3140094,3140137..3140416)] [gbkey=CDS]",0.5591256830601092
"lcl|CP059658.1_cds_QRW16559.1_1042 [locus_tag=RhiXN_04560] [protein=glycosyltransferase family 71 protein] [protein_id=QRW16559.1] [location=complement(join(3141400..3141441,3141491..3141577,3141634..3141642,3141696..3141811,3141868..3141933,3141984..3142062,3143034..3143138))] [gbkey=CDS]",0.5020080321285141
"lcl|CP059658.1_cds_QRW16560.1_1043 [locus_tag=RhiXN_04561] [protein=20S-pre-rRNA D-site endonuclease NOB1] [protein_id=QRW16560.1] [location=join(3143778..3144003,3144053..3144168,3144233..3144774,3144835..3145191,3145244..3145281,3148405..3148555,3148797..3148887,3148977..3149168,3149225..3149366,3149422..3149430,3149487..3149556,3149629..3149680,3149737..3149943)] [gbkey=CDS]",0.5043438500228624
"lcl|CP059658.1_cds_QRW16561.1_1044 [locus_tag=RhiXN_04562] [protein=P-loop containing nucleoside triphosphate hydrolase protein] [protein_id=QRW16561.1] [location=join(3151582..3151657,3151726..3151839,3152069..3152133)] [gbkey=CDS]",0.4738955823293173
"lcl|CP059658.1_cds_QRW16562.1_1045 [locus_tag=RhiXN_04563] [protein=hAT family dimerization protein] [protein_id=QRW16562.1] [location=complement(join(3152670..3152720,3152793..3152966,3153052..3153200,3153253..3153689,3153743..3154095,3154166..3154381,3154430..3154972,3155048..3155245))] [gbkey=CDS]",0.5059101654846335
"lcl|CP059658.1_cds_QRW16563.1_1046 [locus_tag=RhiXN_04564] [protein=translation initiation factor SUI1] [protein_id=QRW16563.1] [location=join(3155701..3155815,3156094..3156215,3156271..3156279,3156387..3156543,3156591..3156808)] [gbkey=CDS]",0.45691056910569106
"lcl|CP059658.1_cds_QRW16564.1_1047 [locus_tag=RhiXN_04565] [protein=C2H2 zinc finger] [protein_id=QRW16564.1] [location=join(3165663..3166247,3166300..3166457,3166513..3166596,3166787..3167209,3167232..3167889)] [gbkey=CDS]",0.6019978969505784
"lcl|CP059658.1_cds_QRW16565.1_1048 [locus_tag=RhiXN_04566] [protein=hypothetical protein] [protein_id=QRW16565.1] [location=complement(join(3172068..3172102,3172150..3172294,3172380..3172879,3172945..3172950,3173026..3173115,3173168..3173240))] [gbkey=CDS]",0.4970344009489917
"lcl|CP059658.1_cds_QRW16566.1_1049 [locus_tag=RhiXN_04567] [protein=ribosomal protein L1p/L10e family] [protein_id=QRW16566.1] [location=join(3174883..3175055,3175123..3175225)] [gbkey=CDS]",0.5333333333333333
"lcl|CP059658.1_cds_QRW16567.1_1050 [locus_tag=RhiXN_04568] [protein=ribosomal protein L1p/L10e family] [protein_id=QRW16567.1] [location=join(3175294..3175382,3175442..3175556,3175605..3175779,3175836..3175933)] [gbkey=CDS]",0.5095541401273885
"lcl|CP059658.1_cds_QRW16568.1_1051 [locus_tag=RhiXN_04569] [protein=hypothetical protein] [protein_id=QRW16568.1] [location=complement(join(3176466..3176930,3177011..3177070,3177139..3177192,3177251..3177520,3177578..3177646))] [gbkey=CDS]",0.5635964912280702
"lcl|CP059658.1_cds_QRW16569.1_1052 [locus_tag=RhiXN_04570] [protein=Zinc-binding dehydrogenase] [protein_id=QRW16569.1] [location=join(3182614..3182777,3182833..3182865,3182916..3183078,3183133..3183191,3183247..3183599,3183653..3183789,3183847..3184026)] [gbkey=CDS]",0.4930747922437673
"lcl|CP059658.1_cds_QRW16570.1_1053 [locus_tag=RhiXN_04571] [protein=chitin synthase] [protein_id=QRW16570.1] [location=join(3185737..3186071,3186139..3189368,3189425..3189779,3189839..3190058,3190139..3190261,3190316..3190765,3190825..3190848,3190901..3190990,3191048..3191112,3191170..3191336,3191425..3192181,3192238..3192343)] [gbkey=CDS]",0.5256930358350237
"lcl|CP059658.1_cds_QRW16571.1_1054 [locus_tag=RhiXN_04572] [protein=hypothetical protein] [protein_id=QRW16571.1] [location=join(3193503..3193744,3193795..3194182,3194235..3194717)] [gbkey=CDS]",0.4670280036133695
"lcl|CP059658.1_cds_QRW16572.1_1055 [locus_tag=RhiXN_04573] [protein=UBA domain-containing protein] [protein_id=QRW16572.1] [location=join(3197139..3198050,3198104..3199664,3199726..3199804,3199859..3199934,3199989..3200081)] [gbkey=CDS]",0.5395948434622467
"lcl|CP059658.1_cds_QRW16573.1_1056 [locus_tag=RhiXN_04574] [protein=hypothetical protein] [protein_id=QRW16573.1] [location=complement(join(3200675..3201034,3201094..3201513))] [gbkey=CDS]",0.5
"lcl|CP059658.1_cds_QRW16574.1_1057 [locus_tag=RhiXN_04575] [protein=peptidase C14] [protein_id=QRW16574.1] [location=complement(join(3205909..3206139,3206203..3208236,3208285..3209490,3209613..3209761,3209812..3209818,3209872..3209919,3209968..3210106,3210165..3210295,3210349..3210531))] [gbkey=CDS]",0.4798641436196021
"lcl|CP059658.1_cds_QRW16575.1_1058 [locus_tag=RhiXN_04576] [protein=proteophosphoglycan ppg4] [protein_id=QRW16575.1] [location=join(3212495..3212957,3213127..3213306,3213360..3213583,3213787..3218011,3218067..3218275)] [gbkey=CDS]",0.5960339943342776
"lcl|CP059658.1_cds_QRW16576.1_1059 [locus_tag=RhiXN_04577] [protein=lactonase, 7-bladed beta-propeller] [protein_id=QRW16576.1] [location=join(3218905..3219132,3219183..3219263,3219320..3219469,3219543..3219651,3219704..3220170)] [gbkey=CDS]",0.5140913508260447
"lcl|CP059658.1_cds_QRW16577.1_1060 [locus_tag=RhiXN_04578] [protein=Sodium/hydrogen exchanger family] [protein_id=QRW16577.1] [location=complement(join(3220209..3220459,3220516..3220656,3220712..3220847,3220880..3221019,3221067..3221258,3221310..3221502,3221555..3221634,3221685..3221708,3221760..3221838,3221871..3222056))] [gbkey=CDS]",0.4865819209039548
"lcl|CP059658.1_cds_QRW16578.1_1061 [locus_tag=RhiXN_04579] [protein=hypothetical protein] [protein_id=QRW16578.1] [location=complement(join(3222887..3222961,3223017..3223079,3223137..3223403))] [gbkey=CDS]",0.5789473684210527
"lcl|CP059658.1_cds_QRW16579.1_1062 [locus_tag=RhiXN_04580] [protein=hypothetical protein] [protein_id=QRW16579.1] [location=join(3224213..3224479,3224537..3224599,3224655..3224729)] [gbkey=CDS]",0.5789473684210527
"lcl|CP059658.1_cds_QRW16580.1_1063 [locus_tag=RhiXN_04581] [protein=glycoside hydrolase family 61 protein] [protein_id=QRW16580.1] [location=complement(join(3226749..3227153,3227189..3227328,3227378..3227746,3227796..3227868))] [gbkey=CDS]",0.5596330275229358
"lcl|CP059658.1_cds_QRW16581.1_1064 [locus_tag=RhiXN_04582] [protein=glycoside hydrolase family 61 protein] [protein_id=QRW16581.1] [location=complement(join(3229954..3230615,3230668..3231030,3231087..3231159))] [gbkey=CDS]",0.554945054945055
"lcl|CP059658.1_cds_QRW16582.1_1065 [locus_tag=RhiXN_04583] [protein=hypothetical protein] [protein_id=QRW16582.1] [location=join(3231767..3231949,3232011..3232359,3232418..3232488)] [gbkey=CDS]",0.5309882747068677
"lcl|CP059658.1_cds_QRW16583.1_1066 [locus_tag=RhiXN_04584] [protein=DEAD/DEAH box helicase] [protein_id=QRW16583.1] [location=join(3234183..3235092,3235146..3235296,3235353..3236043,3236096..3236140,3236192..3236427,3236480..3236552,3236625..3236693,3236748..3236783)] [gbkey=CDS]",0.4689342403628118
"lcl|CP059658.1_cds_QRW16584.1_1067 [locus_tag=RhiXN_04585] [protein=hypothetical protein] [protein_id=QRW16584.1] [location=complement(join(3236990..3237193,3237258..3238094))] [gbkey=CDS]",0.5120772946859904
"lcl|CP059658.1_cds_QRW16585.1_1068 [locus_tag=RhiXN_04586] [protein=adiponectin receptor] [protein_id=QRW16585.1] [location=join(3239898..3240058,3240121..3240164,3240232..3240249,3240300..3240490,3240542..3240584,3240656..3240748,3240807..3241014,3241072..3241156)] [gbkey=CDS]",0.5173237753882916
"lcl|CP059658.1_cds_QRW16586.1_1069 [locus_tag=RhiXN_04587] [protein=regulator of G protein signaling domain protein] [protein_id=QRW16586.1] [location=complement(join(3241459..3242022,3242068..3242205,3242526..3242834,3242888..3242921,3242971..3243080))] [gbkey=CDS]",0.5326370757180157
"lcl|CP059658.1_cds_QRW16587.1_1070 [locus_tag=RhiXN_04588] [protein=DEAD/DEAH box helicase] [protein_id=QRW16587.1] [location=complement(join(3244407..3245074,3245132..3245278,3245335..3245410,3245471..3245595,3245631..3246255))] [gbkey=CDS]",0.4740061162079511
"lcl|CP059658.1_cds_QRW16588.1_1071 [locus_tag=RhiXN_04589] [protein=gag-polypeptide of LTR copia-type] [protein_id=QRW16588.1] [location=complement(join(3246619..3246654,3246705..3246773,3246850..3246925,3246977..3247194,3247248..3247292,3247345..3247736,3247796..3248045,3248107..3248216,3248274..3249195))] [gbkey=CDS]",0.46638257575757575
"lcl|CP059658.1_cds_QRW16589.1_1072 [locus_tag=RhiXN_04590] [protein=SPFH domain / Band 7 family] [protein_id=QRW16589.1] [location=join(3250316..3250562,3250621..3250740,3250815..3250941,3250995..3251622)] [gbkey=CDS]",0.557347670250896
"lcl|CP059658.1_cds_QRW16590.1_1073 [locus_tag=RhiXN_04591] [protein=glycoside hydrolase family 128 protein] [protein_id=QRW16590.1] [location=join(3252964..3253150,3253203..3253291,3253345..3253443,3253500..3253607,3253662..3253783,3254236..3254325,3254385..3254536,3254598..3254658,3254716..3254754,3254808..3254995,3255059..3255147,3255206..3255304,3255354..3255461,3255514..3255645)] [gbkey=CDS]",0.5105973025048169
"lcl|CP059658.1_cds_QRW16591.1_1074 [locus_tag=RhiXN_04592] [protein=hypothetical protein] [protein_id=QRW16591.1] [location=join(3256206..3256547,3256605..3256753,3256807..3256897)] [gbkey=CDS]",0.484375
"lcl|CP059658.1_cds_QRW16592.1_1075 [locus_tag=RhiXN_04593] [protein=hypothetical protein] [protein_id=QRW16592.1] [location=join(3257635..3257988,3258046..3258108,3258172..3258246)] [gbkey=CDS]",0.5493827160493827
"lcl|CP059658.1_cds_QRW16593.1_1076 [locus_tag=RhiXN_04594] [protein=aldehyde dehydrogenase family protein] [protein_id=QRW16593.1] [location=join(3258577..3258627,3258688..3258795,3258845..3259123,3259176..3259261,3259315..3259331,3259385..3259399,3259455..3259606,3259670..3259799,3259856..3259942,3259992..3260133,3260194..3260276,3260335..3260435,3260486..3260568,3260627..3260876)] [gbkey=CDS]",0.5107731305449936
"lcl|CP059658.1_cds_QRW16594.1_1077 [locus_tag=RhiXN_04595] [protein=hypothetical protein] [protein_id=QRW16594.1] [location=complement(join(3261063..3261187,3261259..3261373,3261432..3261449))] [gbkey=CDS]",0.5714285714285714
"lcl|CP059658.1_cds_QRW16595.1_1078 [locus_tag=RhiXN_04596] [protein=hypothetical protein] [protein_id=QRW16595.1] [location=complement(join(3261886..3262152,3262206..3262481,3262538..3262891,3262947..3263081))] [gbkey=CDS]",0.6072124756335283
"lcl|CP059658.1_cds_QRW16596.1_1079 [locus_tag=RhiXN_04597] [protein=hypothetical protein] [protein_id=QRW16596.1] [location=complement(join(3266475..3266633,3266688..3266927))] [gbkey=CDS]",0.5318066157760815
"lcl|CP059658.1_cds_QRW16597.1_1080 [locus_tag=RhiXN_04598] [protein=aspartate-semialdehyde dehydrogenase] [protein_id=QRW16597.1] [location=complement(join(3268277..3269091,3269152..3269440))] [gbkey=CDS]",0.5336976320582878
"lcl|CP059658.1_cds_QRW16598.1_1081 [locus_tag=RhiXN_04599] [protein=Reverse transcriptase from mobile element jockey protein] [protein_id=QRW16598.1] [location=join(3269587..3269592,3269645..3273025)] [gbkey=CDS]",0.5359361135758651
"lcl|CP059658.1_cds_QRW16599.1_1082 [locus_tag=RhiXN_04600] [protein=hypothetical protein] [protein_id=QRW16599.1] [location=join(3273363..3273675,3273728..3273757,3273845..3273858,3273919..3273941,3274357..3274576,3274632..3274694,3274762..3274905)] [gbkey=CDS]",0.4993757802746567
"lcl|CP059658.1_cds_QRW16600.1_1083 [locus_tag=RhiXN_04601] [protein=glycoside hydrolase family 3 protein] [protein_id=QRW16600.1] [location=complement(join(3275318..3275567,3275624..3275740,3275799..3275877,3275933..3276304,3276359..3276628,3276681..3276771,3276833..3276895,3276965..3277363,3277417..3277524,3277579..3277668,3277725..3277782,3277837..3277896,3277949..3277988,3278032..3278145,3278204..3278407,3278467..3278583,3278637..3278673,3278727..3278771,3278821..3278922))] [gbkey=CDS]",0.49157088122605364
lcl|CP059658.1_cds_QRW16601.1_1084 [locus_tag=RhiXN_04602] [protein=14-3-3 protein] [protein_id=QRW16601.1] [location=complement(3279728..3280204)] [gbkey=CDS],0.564755838641189
"lcl|CP059658.1_cds_QRW16602.1_1085 [locus_tag=RhiXN_04603] [protein=14-3-3 protein] [protein_id=QRW16602.1] [location=complement(join(3281268..3281673,3281732..3282038,3282092..3282158,3282206..3282240,3282283..3282406))] [gbkey=CDS]",0.564844587352626
"lcl|CP059658.1_cds_QRW16603.1_1086 [locus_tag=RhiXN_04604] [protein=pectate lyase] [protein_id=QRW16603.1] [location=complement(join(3286491..3286588,3286645..3286808,3286860..3287188,3287254..3287315,3287376..3287545,3287599..3287834,3287888..3287944,3287999..3288061))] [gbkey=CDS]",0.5217391304347826
"lcl|CP059658.1_cds_QRW16604.1_1087 [locus_tag=RhiXN_04605] [protein=histone deacetylase family protein] [protein_id=QRW16604.1] [location=join(3289370..3289411,3289467..3289576,3289633..3290437)] [gbkey=CDS]",0.5772870662460567
"lcl|CP059658.1_cds_QRW16605.1_1088 [locus_tag=RhiXN_04606] [protein=iron-regulated transporter] [protein_id=QRW16605.1] [location=join(3290793..3290897,3290960..3291063,3291115..3291195,3291251..3292016)] [gbkey=CDS]",0.47333333333333333
"lcl|CP059658.1_cds_QRW16606.1_1089 [locus_tag=RhiXN_04607] [protein=hypothetical protein] [protein_id=QRW16606.1] [location=join(3293603..3293772,3293827..3294010,3294070..3294150,3294206..3294364,3294423..3294563)] [gbkey=CDS]",0.5486968449931413
"lcl|CP059658.1_cds_QRW16607.1_1090 [locus_tag=RhiXN_04608] [protein=thiazole biosynthetic enzyme] [protein_id=QRW16607.1] [location=join(3294973..3295039,3295117..3295163,3295223..3295333)] [gbkey=CDS]",0.5159817351598174
"lcl|CP059658.1_cds_QRW16608.1_1091 [locus_tag=RhiXN_04609] [protein=hypothetical protein] [protein_id=QRW16608.1] [location=join(3298118..3299173,3299230..3299997,3300047..3300154,3300205..3300572,3300625..3301060,3301112..3301307,3301356..3301828,3301896..3302288)] [gbkey=CDS]",0.5962552742616034
"lcl|CP059658.1_cds_QRW16609.1_1092 [locus_tag=RhiXN_04610] [protein=tetratricopeptide repeat domain-containing protein] [protein_id=QRW16609.1] [location=join(3302677..3304629,3304677..3305453)] [gbkey=CDS]",0.5315712187958884
"lcl|CP059658.1_cds_QRW16610.1_1093 [locus_tag=RhiXN_04611] [protein=ATP-dependent DNA helicase PIF1] [protein_id=QRW16610.1] [location=join(3308942..3309058,3309108..3309212,3309269..3309373,3309430..3309495,3309550..3309681,3309733..3313732,3313784..3313872)] [gbkey=CDS]",0.4739583333333333
"lcl|CP059658.1_cds_QRW16611.1_1094 [locus_tag=RhiXN_04612] [protein=Transposase family tnp2] [protein_id=QRW16611.1] [location=complement(join(3314787..3315060,3315111..3315172,3315219..3315469,3315528..3315847,3315895..3316042,3316577..3317048,3317820..3318022,3318077..3318343,3318400..3318468,3318534..3318645,3318697..3318825))] [gbkey=CDS]",0.48544111255975664
"lcl|CP059658.1_cds_QRW16612.1_1095 [locus_tag=RhiXN_04613] [protein=hypothetical protein] [protein_id=QRW16612.1] [location=join(3319297..3319351,3319401..3319421,3319474..3319606,3319663..3319710,3319784..3320375,3320424..3320540,3320877..3321371,3321429..3321503,3321552..3321629,3321680..3321751,3321799..3321807,3322387..3322485,3322537..3322617)] [gbkey=CDS]",0.5329052969502408
"lcl|CP059658.1_cds_QRW16613.1_1096 [locus_tag=RhiXN_04614] [protein=Reverse transcriptase from mobile element jockey protein] [protein_id=QRW16613.1] [location=join(3327378..3327399,3327554..3327942)] [gbkey=CDS]",0.5580246913580247
"lcl|CP059658.1_cds_QRW16614.1_1097 [locus_tag=RhiXN_04615] [protein=dynein heavy chain, cytoplasmic] [protein_id=QRW16614.1] [location=complement(join(3329380..3329681,3329730..3329876,3329956..3330308,3330361..3330566,3330620..3330727,3330782..3330913,3330966..3331160,3331217..3331305,3331359..3331524))] [gbkey=CDS]",0.5443262411347518
lcl|CP059658.1_cds_QRW16615.1_1098 [locus_tag=RhiXN_04616] [protein=hypothetical protein] [protein_id=QRW16615.1] [location=3335492..3335851] [gbkey=CDS],0.5
"lcl|CP059658.1_cds_QRW16616.1_1099 [locus_tag=RhiXN_04617] [protein=hypothetical protein] [protein_id=QRW16616.1] [location=join(3339739..3339930,3340004..3340024)] [gbkey=CDS]",0.5217391304347826
"lcl|CP059658.1_cds_QRW16617.1_1100 [locus_tag=RhiXN_04618] [protein=ATP-dependent DNA helicase PIF1] [protein_id=QRW16617.1] [location=complement(join(3341035..3341067,3341119..3341130,3341177..3342340))] [gbkey=CDS]",0.45303408146300916
"lcl|CP059658.1_cds_QRW16618.1_1101 [locus_tag=RhiXN_04619] [protein=Retrotransposon-derived protein PEG10] [protein_id=QRW16618.1] [location=join(3347149..3347671,3347702..3347989,3350174..3350332,3350383..3350599,3350735..3350933)] [gbkey=CDS]",0.4282608695652174
