seq_id,value
lcl|CP017623.1_cds_AOW25705.1_1 [locus_tag=CAALFM_C100020CA] [db_xref=CGD:CAL0000184345] [protein=hypothetical protein] [protein_id=AOW25705.1] [location=complement(4409..4720)] [gbkey=CDS],0.431691129250589
lcl|CP017623.1_cds_AOW25706.1_2 [locus_tag=CAALFM_C100030CA] [db_xref=CGD:CAL0000177679] [protein=hypothetical protein] [protein_id=AOW25706.1] [location=complement(8597..8908)] [gbkey=CDS],0.5222403447103454
lcl|CP017623.1_cds_AOW25707.1_3 [gene=CTA2] [locus_tag=CAALFM_C100040WA] [db_xref=CGD:CAL0000191731] [protein=Cta2p] [protein_id=AOW25707.1] [location=10718..11485] [gbkey=CDS],0.5181267116232312
lcl|CP017623.1_cds_AOW25708.1_4 [gene=TUP1] [locus_tag=CAALFM_C100060WA] [db_xref=CGD:CAL0000186393] [protein=chromatin-silencing transcriptional regulator] [protein_id=AOW25708.1] [location=12163..13701] [gbkey=CDS],0.5083955650290652
"lcl|CP017623.1_cds_AOW25709.1_5 [gene=MVD] [locus_tag=CAALFM_C100070WA] [db_xref=CGD:CAL0000181620] [protein=diphosphomevalonate decarboxylase] [protein_id=AOW25709.1] [location=join(13778..13816,13868..14917)] [gbkey=CDS]",0.5405430933454061
lcl|CP017623.1_cds_AOW25710.1_6 [gene=RCA1] [locus_tag=CAALFM_C100080CA] [db_xref=CGD:CAL0000191329] [protein=Rca1p] [protein_id=AOW25710.1] [location=complement(14910..15761)] [gbkey=CDS],0.5358401187651347
lcl|CP017623.1_cds_AOW25711.1_7 [locus_tag=CAALFM_C100090WA] [db_xref=CGD:CAL0000185968] [protein=hypothetical protein] [protein_id=AOW25711.1] [location=15595..16116] [gbkey=CDS],0.4922316344164908
lcl|CP017623.1_cds_AOW25712.1_8 [locus_tag=CAALFM_C100100CA] [db_xref=CGD:CAL0000197186] [protein=cardiolipin synthase] [protein_id=AOW25712.1] [location=complement(16600..17328)] [gbkey=CDS],0.5081759700386296
lcl|CP017623.1_cds_AOW25713.1_9 [gene=CCT8] [locus_tag=CAALFM_C100110WA] [db_xref=CGD:CAL0000175759] [protein=chaperonin-containing T-complex subunit] [protein_id=AOW25713.1] [location=17338..18960] [gbkey=CDS],0.5523730747870298
lcl|CP017623.1_cds_AOW25714.1_10 [gene=TRP1] [locus_tag=CAALFM_C100120CA] [db_xref=CGD:CAL0000186853] [protein=phosphoribosylanthranilate isomerase] [protein_id=AOW25714.1] [location=complement(18948..19628)] [gbkey=CDS],0.5483804596615294
lcl|CP017623.1_cds_AOW25715.1_11 [gene=VPS53] [locus_tag=CAALFM_C100130CA] [db_xref=CGD:CAL0000194290] [protein=Vps53p] [protein_id=AOW25715.1] [location=complement(19615..21714)] [gbkey=CDS],0.5054579049626051
lcl|CP017623.1_cds_AOW25716.1_12 [gene=KEL1] [locus_tag=CAALFM_C100140WA] [db_xref=CGD:CAL0000190815] [protein=Kel1p] [protein_id=AOW25716.1] [location=22270..25326] [gbkey=CDS],0.6100200520308535
lcl|CP017623.1_cds_AOW25717.1_13 [gene=RIM8] [locus_tag=CAALFM_C100150CA] [db_xref=CGD:CAL0000197201] [protein=Rim8p] [protein_id=AOW25717.1] [location=complement(25381..27249)] [gbkey=CDS],0.577200031458975
lcl|CP017623.1_cds_AOW25718.1_14 [locus_tag=CAALFM_C100160CA] [db_xref=CGD:CAL0000200313] [protein=hypothetical protein] [protein_id=AOW25718.1] [location=complement(28286..29488)] [gbkey=CDS],0.7039495588484053
lcl|CP017623.1_cds_AOW25719.1_15 [gene=LEU4] [locus_tag=CAALFM_C100170WA] [db_xref=CGD:CAL0000186267] [protein=2-isopropylmalate synthase] [protein_id=AOW25719.1] [location=29804..31543] [gbkey=CDS],0.683341988721809
lcl|CP017623.1_cds_AOW25720.1_16 [gene=RPL16A] [locus_tag=CAALFM_C100180WA] [db_xref=CGD:CAL0000175593] [protein=ribosomal 60S subunit protein L16A] [protein_id=AOW25720.1] [location=31842..32444] [gbkey=CDS],0.7363314600029043
lcl|CP017623.1_cds_AOW25721.1_17 [locus_tag=CAALFM_C100190CA] [db_xref=CGD:CAL0000186780] [protein=hypothetical protein] [protein_id=AOW25721.1] [location=complement(32680..33318)] [gbkey=CDS],0.6101127790400177
lcl|CP017623.1_cds_AOW25722.1_18 [locus_tag=CAALFM_C100200CA] [db_xref=CGD:CAL0000183783] [protein=hypothetical protein] [protein_id=AOW25722.1] [location=complement(34099..34446)] [gbkey=CDS],0.6307052121628126
lcl|CP017623.1_cds_AOW25723.1_19 [locus_tag=CAALFM_C100210CA] [db_xref=CGD:CAL0000182274] [protein=hypothetical protein] [protein_id=AOW25723.1] [location=complement(34525..35679)] [gbkey=CDS],0.6675962702167983
"lcl|CP017623.1_cds_AOW25724.1_20 [gene=PHR2] [locus_tag=CAALFM_C100220WA] [db_xref=CGD:CAL0000181783] [protein=1,3-beta-glucanosyltransferase] [protein_id=AOW25724.1] [location=37851..39485] [gbkey=CDS]",0.678655205971878
lcl|CP017623.1_cds_AOW25725.1_21 [gene=BFA1] [locus_tag=CAALFM_C100230CA] [db_xref=CGD:CAL0000186201] [protein=Bfa1p] [protein_id=AOW25725.1] [location=complement(40484..41770)] [gbkey=CDS],0.5707421599538036
lcl|CP017623.1_cds_AOW25728.1_24 [gene=POL93] [locus_tag=CAALFM_C100290WA] [db_xref=CGD:CAL0000175689] [protein=Pol93p] [protein_id=AOW25728.1] [location=43803..45764] [gbkey=CDS],0.7165719203397545
lcl|CP017623.1_cds_AOW25729.1_25 [locus_tag=CAALFM_C100310WA] [db_xref=CGD:CAL0000201857] [protein=hypothetical protein] [protein_id=AOW25729.1] [location=46803..48359] [gbkey=CDS],0.6368317181431196
lcl|CP017623.1_cds_AOW25730.1_26 [locus_tag=CAALFM_C100320WA] [db_xref=CGD:CAL0000193936] [protein=retromer subunit] [protein_id=AOW25730.1] [location=48513..49298] [gbkey=CDS],0.6124292930671913
lcl|CP017623.1_cds_AOW25731.1_27 [locus_tag=CAALFM_C100330CA] [db_xref=CGD:CAL0000200147] [protein=CCR4-NOT core subunit] [protein_id=AOW25731.1] [location=complement(49295..49843)] [gbkey=CDS],0.635143327192479
lcl|CP017623.1_cds_AOW25732.1_28 [gene=HBR1] [locus_tag=CAALFM_C100340WA] [db_xref=CGD:CAL0000197369] [protein=nucleoside-triphosphatase] [protein_id=AOW25732.1] [location=49997..50743] [gbkey=CDS],0.6574744001078304
lcl|CP017623.1_cds_AOW25733.1_29 [gene=HMX1] [locus_tag=CAALFM_C100350CA] [db_xref=CGD:CAL0000188588] [protein=Hmx1p] [protein_id=AOW25733.1] [location=complement(50806..51681)] [gbkey=CDS],0.7118170950458624
lcl|CP017623.1_cds_AOW25734.1_30 [gene=CDC13] [locus_tag=CAALFM_C100360WA] [db_xref=CGD:CAL0000201142] [protein=Cdc13p] [protein_id=AOW25734.1] [location=53099..54442] [gbkey=CDS],0.6353013586282636
lcl|CP017623.1_cds_AOW25735.1_31 [locus_tag=CAALFM_C100370WA] [db_xref=CGD:CAL0000183986] [protein=hypothetical protein] [protein_id=AOW25735.1] [location=54558..54842] [gbkey=CDS],0.7355703942522555
lcl|CP017623.1_cds_AOW25736.1_32 [locus_tag=CAALFM_C100380CA] [db_xref=CGD:CAL0000175749] [protein=hypothetical protein] [protein_id=AOW25736.1] [location=complement(54837..57074)] [gbkey=CDS],0.6755828068380202
lcl|CP017623.1_cds_AOW25737.1_33 [gene=ENA2] [locus_tag=CAALFM_C100390WA] [db_xref=CGD:CAL0000188030] [protein=Na(+)-exporting P-type ATPase] [protein_id=AOW25737.1] [location=59349..62552] [gbkey=CDS],0.7246411081661118
lcl|CP017623.1_cds_AOW25738.1_34 [gene=SVF1] [locus_tag=CAALFM_C100400WA] [db_xref=CGD:CAL0000182395] [protein=Svf1p] [protein_id=AOW25738.1] [location=63202..64350] [gbkey=CDS],0.7100956196897571
lcl|CP017623.1_cds_AOW25739.1_35 [locus_tag=CAALFM_C100410CA] [db_xref=CGD:CAL0000181570] [protein=hexadecenal dehydrogenase] [protein_id=AOW25739.1] [location=complement(64696..66324)] [gbkey=CDS],0.7530070506618465
lcl|CP017623.1_cds_AOW25740.1_36 [locus_tag=CAALFM_C100420WA] [db_xref=CGD:CAL0000182735] [protein=hypothetical protein] [protein_id=AOW25740.1] [location=67843..68814] [gbkey=CDS],0.6727307172879607
lcl|CP017623.1_cds_AOW25741.1_37 [locus_tag=CAALFM_C100430WA] [db_xref=CGD:CAL0000198706] [protein=phosphoinositide binding protein] [protein_id=AOW25741.1] [location=69226..70902] [gbkey=CDS],0.6597809507705963
"lcl|CP017623.1_cds_AOW25742.1_38 [gene=UBP6] [locus_tag=CAALFM_C100440WA] [db_xref=CGD:CAL0000193223] [protein=ubiquitin-specific protease] [protein_id=AOW25742.1] [location=join(71068..71080,71158..72581)] [gbkey=CDS]",0.7046599617693939
"lcl|CP017623.1_cds_AOW25743.1_39 [locus_tag=CAALFM_C100450CA] [db_xref=CGD:CAL0000194733] [protein=hypothetical protein] [protein_id=AOW25743.1] [location=complement(join(72741..73091,73182..73283))] [gbkey=CDS]",0.7166094714769949
lcl|CP017623.1_cds_AOW25744.1_40 [locus_tag=CAALFM_C100460WA] [db_xref=CGD:CAL0000176138] [protein=hypothetical protein] [protein_id=AOW25744.1] [location=73580..73900] [gbkey=CDS],0.7501518646598785
lcl|CP017623.1_cds_AOW25745.1_41 [locus_tag=CAALFM_C100470CA] [db_xref=CGD:CAL0000184399] [protein=N-acetylphosphatidylethanolamine-hydrolyzing phospholipase D] [protein_id=AOW25745.1] [location=complement(74056..75381)] [gbkey=CDS],0.6845377616462687
lcl|CP017623.1_cds_AOW25746.1_42 [gene=GCN20] [locus_tag=CAALFM_C100480CA] [db_xref=CGD:CAL0000181616] [protein=putative AAA family ATPase] [protein_id=AOW25746.1] [location=complement(75573..77828)] [gbkey=CDS],0.6928101327393984
lcl|CP017623.1_cds_AOW25747.1_43 [gene=TTR1] [locus_tag=CAALFM_C100490CA] [db_xref=CGD:CAL0000190988] [protein=dithiol glutaredoxin] [protein_id=AOW25747.1] [location=complement(78008..78367)] [gbkey=CDS],0.7176364408808691
lcl|CP017623.1_cds_AOW25748.1_44 [gene=GLO1] [locus_tag=CAALFM_C100500CA] [db_xref=CGD:CAL0000175730] [protein=lactoylglutathione lyase] [protein_id=AOW25748.1] [location=complement(78641..79669)] [gbkey=CDS],0.7128256642938732
lcl|CP017623.1_cds_AOW25749.1_45 [locus_tag=CAALFM_C100510WA] [db_xref=CGD:CAL0000175867] [protein=3-methyl-2-oxobutanoate hydroxymethyltransferase] [protein_id=AOW25749.1] [location=80124..81053] [gbkey=CDS],0.6323752994478217
lcl|CP017623.1_cds_AOW25750.1_46 [locus_tag=CAALFM_C100520WA] [db_xref=CGD:CAL0000184166] [protein=phosphoglycerate mutase] [protein_id=AOW25750.1] [location=81233..81901] [gbkey=CDS],0.6651814835057416
lcl|CP017623.1_cds_AOW25751.1_47 [locus_tag=CAALFM_C100530CA] [db_xref=CGD:CAL0000174026] [protein=hypothetical protein] [protein_id=AOW25751.1] [location=complement(82117..84558)] [gbkey=CDS],0.657696719580844
lcl|CP017623.1_cds_AOW25752.1_48 [locus_tag=CAALFM_C100540CA] [db_xref=CGD:CAL0000201663] [protein=hypothetical protein] [protein_id=AOW25752.1] [location=complement(85080..87248)] [gbkey=CDS],0.6672680999308703
lcl|CP017623.1_cds_AOW25753.1_49 [gene=CIS2] [locus_tag=CAALFM_C100550WA] [db_xref=CGD:CAL0000184736] [protein=gamma-glutamyltransferase] [protein_id=AOW25753.1] [location=87900..89810] [gbkey=CDS],0.6429849044999235
lcl|CP017623.1_cds_AOW25754.1_50 [gene=CNS1] [locus_tag=CAALFM_C100560WA] [db_xref=CGD:CAL0000195791] [protein=HSP70/90 family co-chaperone] [protein_id=AOW25754.1] [location=90099..91271] [gbkey=CDS],0.6855388347126911
lcl|CP017623.1_cds_AOW25755.1_51 [locus_tag=CAALFM_C100570CA] [db_xref=CGD:CAL0000191339] [protein=hypothetical protein] [protein_id=AOW25755.1] [location=complement(91310..93694)] [gbkey=CDS],0.6302275469159945
lcl|CP017623.1_cds_AOW25756.1_52 [locus_tag=CAALFM_C100580WA] [db_xref=CGD:CAL0000186327] [protein=hypothetical protein] [protein_id=AOW25756.1] [location=93970..94899] [gbkey=CDS],0.6401540701365226
lcl|CP017623.1_cds_AOW25757.1_53 [gene=TUF1] [locus_tag=CAALFM_C100590WA] [db_xref=CGD:CAL0000198818] [protein=translation elongation factor Tu] [protein_id=AOW25757.1] [location=95214..96494] [gbkey=CDS],0.7446567566344435
lcl|CP017623.1_cds_AOW25758.1_54 [gene=APC1] [locus_tag=CAALFM_C100600WA] [db_xref=CGD:CAL0000196687] [protein=anaphase promoting complex subunit 1] [protein_id=AOW25758.1] [location=96816..101423] [gbkey=CDS],0.6552643866217583
lcl|CP017623.1_cds_AOW25759.1_55 [gene=PSD1] [locus_tag=CAALFM_C100610WA] [db_xref=CGD:CAL0000188438] [protein=phosphatidylserine decarboxylase 1] [protein_id=AOW25759.1] [location=101751..103523] [gbkey=CDS],0.6771249201006606
lcl|CP017623.1_cds_AOW25760.1_56 [gene=MOB2] [locus_tag=CAALFM_C100620WA] [db_xref=CGD:CAL0000186024] [protein=Mob2p] [protein_id=AOW25760.1] [location=103868..104809] [gbkey=CDS],0.6277959431101657
lcl|CP017623.1_cds_AOW25761.1_57 [locus_tag=CAALFM_C100630WA] [db_xref=CGD:CAL0000191678] [protein=hypothetical protein] [protein_id=AOW25761.1] [location=105179..106924] [gbkey=CDS],0.6616082942232276
lcl|CP017623.1_cds_AOW25762.1_58 [gene=RPO41] [locus_tag=CAALFM_C100640CA] [db_xref=CGD:CAL0000185076] [protein=DNA-directed RNA polymerase] [protein_id=AOW25762.1] [location=complement(107125..111027)] [gbkey=CDS],0.6997779740109275
lcl|CP017623.1_cds_AOW25763.1_59 [gene=SNF7] [locus_tag=CAALFM_C100650CA] [db_xref=CGD:CAL0000187201] [protein=ESCRT-III subunit protein] [protein_id=AOW25763.1] [location=complement(111571..112251)] [gbkey=CDS],0.7287760855962282
lcl|CP017623.1_cds_AOW25764.1_60 [locus_tag=CAALFM_C100660CA] [db_xref=CGD:CAL0000185526] [protein=t-SNARE syntaxin] [protein_id=AOW25764.1] [location=complement(112788..113801)] [gbkey=CDS],0.6702528961378431
lcl|CP017623.1_cds_AOW25765.1_61 [gene=UGA32] [locus_tag=CAALFM_C100670CA] [db_xref=CGD:CAL0000195594] [protein=Uga32p] [protein_id=AOW25765.1] [location=complement(114127..115878)] [gbkey=CDS],0.6597695670526482
lcl|CP017623.1_cds_AOW25766.1_62 [gene=ASM3] [locus_tag=CAALFM_C100680WA] [db_xref=CGD:CAL0000190930] [protein=Asm3p] [protein_id=AOW25766.1] [location=117319..119442] [gbkey=CDS],0.716641439876106
lcl|CP017623.1_cds_AOW25767.1_63 [gene=RIC1] [locus_tag=CAALFM_C100690WA] [db_xref=CGD:CAL0000199231] [protein=Ric1p] [protein_id=AOW25767.1] [location=119767..122808] [gbkey=CDS],0.7731062139248476
lcl|CP017623.1_cds_AOW25768.1_64 [locus_tag=CAALFM_C100700WA] [db_xref=CGD:CAL0000176204] [protein=hypothetical protein] [protein_id=AOW25768.1] [location=123066..123431] [gbkey=CDS],0.876821772334456
"lcl|CP017623.1_cds_AOW25769.1_65 [gene=TUB2] [locus_tag=CAALFM_C100710CA] [db_xref=CGD:CAL0000176403] [protein=beta-tubulin] [protein_id=AOW25769.1] [location=complement(join(123869..125170,125335..125370,125586..125597))] [gbkey=CDS]",0.8399162235654294
lcl|CP017623.1_cds_AOW25770.1_66 [gene=CMP1] [locus_tag=CAALFM_C100730CA] [db_xref=CGD:CAL0000201614] [protein=calcineurin catalytic subunit A] [protein_id=AOW25770.1] [location=complement(126791..128620)] [gbkey=CDS],0.8516157735158152
lcl|CP017623.1_cds_AOW25771.1_67 [gene=SPE1] [locus_tag=CAALFM_C100740CA] [db_xref=CGD:CAL0000182839] [protein=ornithine decarboxylase] [protein_id=AOW25771.1] [location=complement(129260..130681)] [gbkey=CDS],0.8477465671724802
lcl|CP017623.1_cds_AOW25772.1_68 [gene=VPS27] [locus_tag=CAALFM_C100750CA] [db_xref=CGD:CAL0000186855] [protein=ESCRT-0 subunit protein] [protein_id=AOW25772.1] [location=complement(131413..133938)] [gbkey=CDS],0.8127315941870767
lcl|CP017623.1_cds_AOW25773.1_69 [locus_tag=CAALFM_C100760WA] [db_xref=CGD:CAL0000195596] [protein=hypothetical protein] [protein_id=AOW25773.1] [location=134254..134913] [gbkey=CDS],0.7057125792105535
lcl|CP017623.1_cds_AOW25774.1_70 [gene=ROT1] [locus_tag=CAALFM_C100770CA] [db_xref=CGD:CAL0000184365] [protein=Rot1p] [protein_id=AOW25774.1] [location=complement(135654..136436)] [gbkey=CDS],0.8634725167903295
lcl|CP017623.1_cds_AOW25775.1_71 [gene=HGC1] [locus_tag=CAALFM_C100780CA] [db_xref=CGD:CAL0000184055] [protein=cyclin] [protein_id=AOW25775.1] [location=complement(138574..140931)] [gbkey=CDS],0.827098963631481
lcl|CP017623.1_cds_AOW25776.1_72 [locus_tag=CAALFM_C100790WA] [db_xref=CGD:CAL0000193312] [protein=hypothetical protein] [protein_id=AOW25776.1] [location=150607..151707] [gbkey=CDS],0.7735930754559095
lcl|CP017623.1_cds_AOW25777.1_73 [gene=ERG2] [locus_tag=CAALFM_C100800CA] [db_xref=CGD:CAL0000177093] [protein=C-8 sterol isomerase] [protein_id=AOW25777.1] [location=complement(154633..155286)] [gbkey=CDS],0.8334804874181029
lcl|CP017623.1_cds_AOW25778.1_74 [locus_tag=CAALFM_C100810WA] [db_xref=CGD:CAL0000194250] [protein=N-acetylglucosaminyldiphosphodolichol N-acetylglucosaminyltransferase catalytic subunit] [protein_id=AOW25778.1] [location=155443..156324] [gbkey=CDS],0.7615991819594312
lcl|CP017623.1_cds_AOW25779.1_75 [locus_tag=CAALFM_C100820WA] [db_xref=CGD:CAL0000180272] [protein=hypothetical protein] [protein_id=AOW25779.1] [location=156643..157689] [gbkey=CDS],0.8256951704472182
lcl|CP017623.1_cds_AOW25780.1_76 [locus_tag=CAALFM_C100830WA] [db_xref=CGD:CAL0000200953] [protein=hypothetical protein] [protein_id=AOW25780.1] [location=158725..160524] [gbkey=CDS],0.7886396224260592
lcl|CP017623.1_cds_AOW25781.1_77 [gene=NRM1] [locus_tag=CAALFM_C100840CA] [db_xref=CGD:CAL0000177736] [protein=Nrm1p] [protein_id=AOW25781.1] [location=complement(160942..162672)] [gbkey=CDS],0.7586727999348771
lcl|CP017623.1_cds_AOW25782.1_78 [gene=IHD2] [locus_tag=CAALFM_C100850WA] [db_xref=CGD:CAL0000191293] [protein=Ihd2p] [protein_id=AOW25782.1] [location=167077..167823] [gbkey=CDS],0.7176799789578168
lcl|CP017623.1_cds_AOW25783.1_79 [locus_tag=CAALFM_C100860WA] [db_xref=CGD:CAL0000193447] [protein=hypothetical protein] [protein_id=AOW25783.1] [location=168533..169534] [gbkey=CDS],0.802833574677194
lcl|CP017623.1_cds_AOW25784.1_80 [gene=LRO1] [locus_tag=CAALFM_C100870WA] [db_xref=CGD:CAL0000182687] [protein=phospholipid:diacylglycerol acyltransferase] [protein_id=AOW25784.1] [location=170158..172254] [gbkey=CDS],0.7657908192512373
lcl|CP017623.1_cds_AOW25785.1_81 [locus_tag=CAALFM_C100880WA] [db_xref=CGD:CAL0000193159] [protein=hypothetical protein] [protein_id=AOW25785.1] [location=174459..176084] [gbkey=CDS],0.7259804472193979
lcl|CP017623.1_cds_AOW25786.1_82 [locus_tag=CAALFM_C100890WA] [db_xref=CGD:CAL0000185710] [protein=ERMES complex Ca(2+)-binding regulatory GTPase] [protein_id=AOW25786.1] [location=176325..178475] [gbkey=CDS],0.8007244415985443
lcl|CP017623.1_cds_AOW25787.1_83 [gene=RRS1] [locus_tag=CAALFM_C100900WA] [db_xref=CGD:CAL0000188560] [protein=Rrs1p] [protein_id=AOW25787.1] [location=178690..179307] [gbkey=CDS],0.83849186922419106
"lcl|CP017623.1_cds_AOW25788.1_84 [locus_tag=CAALFM_C100910WA] [db_xref=CGD:CAL0000179780] [protein=hypothetical protein] [protein_id=AOW25788.1] [location=join(179823..179870,179946..180041,180129..180558,180645..180829)] [gbkey=CDS]",0.7704673437535837
lcl|CP017623.1_cds_AOW25789.1_85 [locus_tag=CAALFM_C100920WA] [db_xref=CGD:CAL0000186004] [protein=hypothetical protein] [protein_id=AOW25789.1] [location=181403..185239] [gbkey=CDS],0.746726092452429
"lcl|CP017623.1_cds_AOW25790.1_86 [gene=SIN3] [locus_tag=CAALFM_C100930CA] [db_xref=CGD:CAL0000177059] [protein=transcriptional regulator] [protein_id=AOW25790.1] [location=complement(join(185507..189170,189350..189693,189779..189900,189965..190011,190087..190145))] [gbkey=CDS]",0.6957107704792548
"lcl|CP017623.1_cds_AOW25791.1_87 [gene=RPB11] [locus_tag=CAALFM_C100940WA] [db_xref=CGD:CAL0000175701] [protein=DNA-directed RNA polymerase II core subunit] [protein_id=AOW25791.1] [location=join(190698..190750,190835..191156)] [gbkey=CDS]",0.7641742449753172
lcl|CP017623.1_cds_AOW25792.1_88 [gene=CDC5] [locus_tag=CAALFM_C100950CA] [db_xref=CGD:CAL0000177027] [protein=polo kinase] [protein_id=AOW25792.1] [location=complement(191444..193405)] [gbkey=CDS],0.6889268726149287
lcl|CP017623.1_cds_AOW25793.1_89 [gene=SET1] [locus_tag=CAALFM_C100960CA] [db_xref=CGD:CAL0000198993] [protein=histone methyltransferase] [protein_id=AOW25793.1] [location=complement(194676..197798)] [gbkey=CDS],0.6772765758465492
"lcl|CP017623.1_cds_AOW25794.1_90 [locus_tag=CAALFM_C100970WA] [db_xref=CGD:CAL0000192179] [protein=hypothetical protein] [protein_id=AOW25794.1] [location=join(198221..198284,198352..198746)] [gbkey=CDS]",0.6448061459731398
lcl|CP017623.1_cds_AOW25795.1_91 [locus_tag=CAALFM_C100980WA] [db_xref=CGD:CAL0000186391] [protein=hypothetical protein] [protein_id=AOW25795.1] [location=198951..199220] [gbkey=CDS],0.7020878914360781
lcl|CP017623.1_cds_AOW25796.1_92 [gene=NMA111] [locus_tag=CAALFM_C100990CA] [db_xref=CGD:CAL0000176472] [protein=Nma111p] [protein_id=AOW25796.1] [location=complement(199316..202249)] [gbkey=CDS],0.6788624577462932
lcl|CP017623.1_cds_AOW25797.1_93 [locus_tag=CAALFM_C101000CA] [db_xref=CGD:CAL0000183337] [protein=origin recognition complex subunit 6] [protein_id=AOW25797.1] [location=complement(202532..203623)] [gbkey=CDS],0.651441894324516
lcl|CP017623.1_cds_AOW25798.1_94 [locus_tag=CAALFM_C101010WA] [db_xref=CGD:CAL0000190677] [protein=hypothetical protein] [protein_id=AOW25798.1] [location=203945..204415] [gbkey=CDS],0.708574852331732
lcl|CP017623.1_cds_AOW25799.1_95 [gene=HMT1] [locus_tag=CAALFM_C101030WA] [db_xref=CGD:CAL0000187520] [protein=protein-arginine omega-N methyltransferase] [protein_id=AOW25799.1] [location=205265..206284] [gbkey=CDS],0.7015120647337897
lcl|CP017623.1_cds_AOW25800.1_96 [locus_tag=CAALFM_C101040WA] [db_xref=CGD:CAL0000183037] [protein=hypothetical protein] [protein_id=AOW25800.1] [location=206477..206920] [gbkey=CDS],0.6683979927677651
lcl|CP017623.1_cds_AOW25801.1_97 [locus_tag=CAALFM_C101050CA] [db_xref=CGD:CAL0000194246] [protein=trans-2-enoyl-CoA reductase (NADPH)] [protein_id=AOW25801.1] [location=complement(206917..207855)] [gbkey=CDS],0.73022377498487
lcl|CP017623.1_cds_AOW25802.1_98 [gene=MBF1] [locus_tag=CAALFM_C101060WA] [db_xref=CGD:CAL0000194672] [protein=Mbf1p] [protein_id=AOW25802.1] [location=208285..208740] [gbkey=CDS],0.7717555552455241
lcl|CP017623.1_cds_AOW25803.1_99 [locus_tag=CAALFM_C101070CA] [db_xref=CGD:CAL0000186209] [protein=hypothetical protein] [protein_id=AOW25803.1] [location=complement(209078..210502)] [gbkey=CDS],0.6488565575613047
lcl|CP017623.1_cds_AOW25804.1_100 [locus_tag=CAALFM_C101080WA] [db_xref=CGD:CAL0000180524] [protein=hypothetical protein] [protein_id=AOW25804.1] [location=210872..212377] [gbkey=CDS],0.6233087652084071
lcl|CP017623.1_cds_AOW25805.1_101 [locus_tag=CAALFM_C101090CA] [db_xref=CGD:CAL0000176154] [protein=mitochondrial 37S ribosomal protein RSM27] [protein_id=AOW25805.1] [location=complement(212439..212747)] [gbkey=CDS],0.7096544734626283
lcl|CP017623.1_cds_AOW25806.1_102 [gene=CCH1] [locus_tag=CAALFM_C101100WA] [db_xref=CGD:CAL0000177769] [protein=Cch1p] [protein_id=AOW25806.1] [location=213635..220399] [gbkey=CDS],0.7107469522402323
lcl|CP017623.1_cds_AOW25807.1_103 [gene=ZPR1] [locus_tag=CAALFM_C101110CA] [db_xref=CGD:CAL0000194324] [protein=zinc finger-containing protein] [protein_id=AOW25807.1] [location=complement(220539..222068)] [gbkey=CDS],0.8113401757301755
lcl|CP017623.1_cds_AOW25808.1_104 [locus_tag=CAALFM_C101130WA] [db_xref=CGD:CAL0000190294] [protein=ubiquitin-binding SDF ubiquitin ligase complex subunit] [protein_id=AOW25808.1] [location=224667..226874] [gbkey=CDS],0.7785612696544448
lcl|CP017623.1_cds_AOW25809.1_105 [locus_tag=CAALFM_C101140CA] [db_xref=CGD:CAL0000184544] [protein=hypothetical protein] [protein_id=AOW25809.1] [location=complement(227677..229779)] [gbkey=CDS],0.7141738699162067
lcl|CP017623.1_cds_AOW25810.1_106 [locus_tag=CAALFM_C101150CA] [db_xref=CGD:CAL0000175964] [protein=tRNA methyltransferase] [protein_id=AOW25810.1] [location=complement(232865..234934)] [gbkey=CDS],0.6983102290542504
lcl|CP017623.1_cds_AOW25811.1_107 [locus_tag=CAALFM_C101160CA] [db_xref=CGD:CAL0000191551] [protein=exosome non-catalytic core subunit] [protein_id=AOW25811.1] [location=complement(235077..235889)] [gbkey=CDS],0.7311709307403248
lcl|CP017623.1_cds_AOW25812.1_108 [gene=ZCF17] [locus_tag=CAALFM_C101170CA] [db_xref=CGD:CAL0000198600] [protein=Zcf17p] [protein_id=AOW25812.1] [location=complement(236084..238300)] [gbkey=CDS],0.6790292420526854
lcl|CP017623.1_cds_AOW25813.1_109 [locus_tag=CAALFM_C101180CA] [db_xref=CGD:CAL0000183053] [protein=hypothetical protein] [protein_id=AOW25813.1] [location=complement(239091..240914)] [gbkey=CDS],0.6581665587713608
"lcl|CP017623.1_cds_AOW25814.1_110 [locus_tag=CAALFM_C101190CA] [db_xref=CGD:CAL0000179574] [protein=N,N-dimethylaniline monooxygenase] [protein_id=AOW25814.1] [location=complement(241113..242504)] [gbkey=CDS]",0.7020423432044639
lcl|CP017623.1_cds_AOW25815.1_111 [gene=STB5] [locus_tag=CAALFM_C101200WA] [db_xref=CGD:CAL0000195243] [protein=Stb5p] [protein_id=AOW25815.1] [location=242741..244663] [gbkey=CDS],0.7061666508067443
lcl|CP017623.1_cds_AOW25816.1_112 [locus_tag=CAALFM_C101210WA] [db_xref=CGD:CAL0000188832] [protein=hypothetical protein] [protein_id=AOW25816.1] [location=245206..246453] [gbkey=CDS],0.6633825938458695
lcl|CP017623.1_cds_AOW25817.1_113 [locus_tag=CAALFM_C101220CA] [db_xref=CGD:CAL0000179037] [protein=hypothetical protein] [protein_id=AOW25817.1] [location=complement(246661..247413)] [gbkey=CDS],0.6450379020832523
lcl|CP017623.1_cds_AOW25818.1_114 [gene=IFD3] [locus_tag=CAALFM_C101240WA] [db_xref=CGD:CAL0000176253] [protein=Ifd3p] [protein_id=AOW25818.1] [location=248816..249865] [gbkey=CDS],0.7265698881978878
lcl|CP017623.1_cds_AOW25819.1_115 [locus_tag=CAALFM_C101250WA] [db_xref=CGD:CAL0000200375] [protein=hypothetical protein] [protein_id=AOW25819.1] [location=250103..251977] [gbkey=CDS],0.7225096234583305
lcl|CP017623.1_cds_AOW25820.1_116 [gene=TRS20] [locus_tag=CAALFM_C101260CA] [db_xref=CGD:CAL0000197935] [protein=TRAPP subunit] [protein_id=AOW25820.1] [location=complement(252036..252488)] [gbkey=CDS],0.6739183849225888
lcl|CP017623.1_cds_AOW25821.1_117 [gene=CTA9] [locus_tag=CAALFM_C101270WA] [db_xref=CGD:CAL0000188386] [protein=Cta9p] [protein_id=AOW25821.1] [location=253158..254441] [gbkey=CDS],0.6838456246825964
lcl|CP017623.1_cds_AOW25822.1_118 [gene=MED22] [locus_tag=CAALFM_C101280CA] [db_xref=CGD:CAL0000189257] [protein=Med22p] [protein_id=AOW25822.1] [location=complement(254618..254965)] [gbkey=CDS],0.7446484324490215
lcl|CP017623.1_cds_AOW25823.1_119 [locus_tag=CAALFM_C101290CA] [db_xref=CGD:CAL0000176136] [protein=hypothetical protein] [protein_id=AOW25823.1] [location=complement(255170..257443)] [gbkey=CDS],0.6727643257462528
lcl|CP017623.1_cds_AOW25824.1_120 [locus_tag=CAALFM_C101300WA] [db_xref=CGD:CAL0000188904] [protein=hypothetical protein] [protein_id=AOW25824.1] [location=257921..258904] [gbkey=CDS],0.7125289469941317
lcl|CP017623.1_cds_AOW25825.1_121 [gene=MRS7] [locus_tag=CAALFM_C101320WA] [db_xref=CGD:CAL0000199751] [protein=Mrs7p] [protein_id=AOW25825.1] [location=259647..261173] [gbkey=CDS],0.6883398534942802
lcl|CP017623.1_cds_AOW25826.1_122 [gene=DUT1] [locus_tag=CAALFM_C101330CA] [db_xref=CGD:CAL0000195525] [protein=bifunctional dITP/dUTP diphosphatase] [protein_id=AOW25826.1] [location=complement(261359..261838)] [gbkey=CDS],0.7741351703920565
lcl|CP017623.1_cds_AOW25827.1_123 [locus_tag=CAALFM_C101340CA] [db_xref=CGD:CAL0000180657] [protein=hypothetical protein] [protein_id=AOW25827.1] [location=complement(262217..263083)] [gbkey=CDS],0.7022112944102916
lcl|CP017623.1_cds_AOW25828.1_124 [gene=TIF] [locus_tag=CAALFM_C101350CA] [db_xref=CGD:CAL0000186279] [protein=translation initiation factor eIF4A] [protein_id=AOW25828.1] [location=complement(263479..264672)] [gbkey=CDS],0.7395567859968807
lcl|CP017623.1_cds_AOW25829.1_125 [locus_tag=CAALFM_C101360CA] [db_xref=CGD:CAL0000195378] [protein=glycogenin glucosyltransferase] [protein_id=AOW25829.1] [location=complement(265483..267465)] [gbkey=CDS],0.684435612337559
"lcl|CP017623.1_cds_AOW25830.1_126 [gene=RPS21B] [locus_tag=CAALFM_C101370CA] [db_xref=CGD:CAL0000190545] [protein=ribosomal 40S subunit protein S21B] [protein_id=AOW25830.1] [location=complement(join(269372..269611,269989..270012))] [gbkey=CDS]",0.7717338928784565
lcl|CP017623.1_cds_AOW25831.1_127 [gene=TRM2] [locus_tag=CAALFM_C101380CA] [db_xref=CGD:CAL0000192336] [protein=Trm2p] [protein_id=AOW25831.1] [location=complement(270319..271974)] [gbkey=CDS],0.7101003179510692
lcl|CP017623.1_cds_AOW25832.1_128 [locus_tag=CAALFM_C101390CA] [db_xref=CGD:CAL0000195853] [protein=hypothetical protein] [protein_id=AOW25832.1] [location=complement(272374..274197)] [gbkey=CDS],0.6132129125782153
lcl|CP017623.1_cds_AOW25833.1_129 [locus_tag=CAALFM_C101400CA] [db_xref=CGD:CAL0000174729] [protein=sphinganine kinase] [protein_id=AOW25833.1] [location=complement(275477..276952)] [gbkey=CDS],0.6517544620716423
lcl|CP017623.1_cds_AOW25834.1_130 [gene=CRL1] [locus_tag=CAALFM_C101420CA] [db_xref=CGD:CAL0000197260] [protein=Rho family GTPase] [protein_id=AOW25834.1] [location=complement(278222..279262)] [gbkey=CDS],0.6166128239095081
lcl|CP017623.1_cds_AOW25835.1_131 [gene=POX18] [locus_tag=CAALFM_C101440CA] [db_xref=CGD:CAL0000179404] [protein=Pox18p] [protein_id=AOW25835.1] [location=complement(280421..280819)] [gbkey=CDS],0.6879703356573611
lcl|CP017623.1_cds_AOW25836.1_132 [gene=ABC1] [locus_tag=CAALFM_C101450WA] [db_xref=CGD:CAL0000176669] [protein=protein kinase] [protein_id=AOW25836.1] [location=282437..284137] [gbkey=CDS],0.7166674940201653
lcl|CP017623.1_cds_AOW25837.1_133 [locus_tag=CAALFM_C101460WA] [db_xref=CGD:CAL0000187100] [protein=hypothetical protein] [protein_id=AOW25837.1] [location=284639..287617] [gbkey=CDS],0.6578521894962203
lcl|CP017623.1_cds_AOW25838.1_134 [locus_tag=CAALFM_C101470WA] [db_xref=CGD:CAL0000175438] [protein=mRNA-binding protein] [protein_id=AOW25838.1] [location=288033..289328] [gbkey=CDS],0.7309800455095703
lcl|CP017623.1_cds_AOW25839.1_135 [gene=RPS21] [locus_tag=CAALFM_C101480CA] [db_xref=CGD:CAL0000191073] [protein=ribosomal 40S subunit protein S2] [protein_id=AOW25839.1] [location=complement(289699..290448)] [gbkey=CDS],0.7588602290449881
lcl|CP017623.1_cds_AOW25840.1_136 [locus_tag=CAALFM_C101490WA] [db_xref=CGD:CAL0000177503] [protein=hypothetical protein] [protein_id=AOW25840.1] [location=291847..292449] [gbkey=CDS],0.7190831495407349
lcl|CP017623.1_cds_AOW25841.1_137 [locus_tag=CAALFM_C101510WA] [db_xref=CGD:CAL0000178375] [protein=hypothetical protein] [protein_id=AOW25841.1] [location=299614..301767] [gbkey=CDS],0.7584778568083943
lcl|CP017623.1_cds_AOW25842.1_138 [gene=SOD2] [locus_tag=CAALFM_C101520CA] [db_xref=CGD:CAL0000191321] [protein=superoxide dismutase] [protein_id=AOW25842.1] [location=complement(305308..306012)] [gbkey=CDS],0.7778311772689432
lcl|CP017623.1_cds_AOW25843.1_139 [locus_tag=CAALFM_C101530CA] [db_xref=CGD:CAL0000176283] [protein=arginine--tRNA ligase] [protein_id=AOW25843.1] [location=complement(306618..308486)] [gbkey=CDS],0.7781753537983502
lcl|CP017623.1_cds_AOW25844.1_140 [locus_tag=CAALFM_C101540WA] [db_xref=CGD:CAL0000177685] [protein=hypothetical protein] [protein_id=AOW25844.1] [location=309122..310972] [gbkey=CDS],0.7107996634773359
lcl|CP017623.1_cds_AOW25845.1_141 [gene=VPS17] [locus_tag=CAALFM_C101550WA] [db_xref=CGD:CAL0000176868] [protein=retromer subunit] [protein_id=AOW25845.1] [location=311200..312759] [gbkey=CDS],0.6749191956746325
lcl|CP017623.1_cds_AOW25846.1_142 [gene=SIZ1] [locus_tag=CAALFM_C101560WA] [db_xref=CGD:CAL0000196444] [protein=SUMO ligase] [protein_id=AOW25846.1] [location=313161..317798] [gbkey=CDS],0.6520490110853335
lcl|CP017623.1_cds_AOW25847.1_143 [gene=RPB7] [locus_tag=CAALFM_C101570CA] [db_xref=CGD:CAL0000194040] [protein=DNA-directed RNA polymerase II subunit] [protein_id=AOW25847.1] [location=complement(317950..318471)] [gbkey=CDS],0.7171430871586015
lcl|CP017623.1_cds_AOW25848.1_144 [locus_tag=CAALFM_C101580WA] [db_xref=CGD:CAL0000194298] [protein=mitochondrial 54S ribosomal protein YmL23] [protein_id=AOW25848.1] [location=318929..319459] [gbkey=CDS],0.7908935205933214
lcl|CP017623.1_cds_AOW25849.1_145 [locus_tag=CAALFM_C101590CA] [db_xref=CGD:CAL0000182792] [protein=DNA-directed RNA polymerase II core subunit] [protein_id=AOW25849.1] [location=complement(319665..323369)] [gbkey=CDS],0.7701717747703201
lcl|CP017623.1_cds_AOW25850.1_146 [gene=MRP20] [locus_tag=CAALFM_C101600WA] [db_xref=CGD:CAL0000174219] [protein=mitochondrial 54S ribosomal protein YmL41] [protein_id=AOW25850.1] [location=323650..324531] [gbkey=CDS],0.8381205115874896
"lcl|CP017623.1_cds_AOW25851.1_147 [locus_tag=CAALFM_C101610CA] [db_xref=CGD:CAL0000179833] [protein=hypothetical protein] [protein_id=AOW25851.1] [location=complement(join(324887..325739,325918..325940))] [gbkey=CDS]",0.7891199358783917
lcl|CP017623.1_cds_AOW25852.1_148 [locus_tag=CAALFM_C101620CA] [db_xref=CGD:CAL0000201366] [protein=hypothetical protein] [protein_id=AOW25852.1] [location=complement(326428..327426)] [gbkey=CDS],0.8339451068018119
lcl|CP017623.1_cds_AOW25853.1_149 [locus_tag=CAALFM_C101630WA] [db_xref=CGD:CAL0000177587] [protein=hypothetical protein] [protein_id=AOW25853.1] [location=331354..332037] [gbkey=CDS],0.8137368616353557
"lcl|CP017623.1_cds_AOW25854.1_150 [gene=RPS42] [locus_tag=CAALFM_C101640WA] [db_xref=CGD:CAL0000191446] [protein=ribosomal 40S subunit protein S4A] [protein_id=AOW25854.1] [location=join(332721..332734,333303..334077)] [gbkey=CDS]",0.7481957380493462
lcl|CP017623.1_cds_AOW25855.1_151 [gene=ISN1] [locus_tag=CAALFM_C101650WA] [db_xref=CGD:CAL0000179159] [protein=IMP 5'-nucleotidase] [protein_id=AOW25855.1] [location=334643..336025] [gbkey=CDS],0.7772068563518787
lcl|CP017623.1_cds_AOW25856.1_152 [gene=ESP1] [locus_tag=CAALFM_C101670CA] [db_xref=CGD:CAL0000192671] [protein=separase] [protein_id=AOW25856.1] [location=complement(336700..341496)] [gbkey=CDS],0.7486584638430739
lcl|CP017623.1_cds_AOW25857.1_153 [locus_tag=CAALFM_C101680CA] [db_xref=CGD:CAL0000197617] [protein=hypothetical protein] [protein_id=AOW25857.1] [location=complement(341928..342440)] [gbkey=CDS],0.79661966080174
lcl|CP017623.1_cds_AOW25858.1_154 [gene=LSC1] [locus_tag=CAALFM_C101690CA] [db_xref=CGD:CAL0000179127] [protein=succinate--CoA ligase (GDP-forming) subunit alpha] [protein_id=AOW25858.1] [location=complement(342930..343901)] [gbkey=CDS],0.8143477400079846
lcl|CP017623.1_cds_AOW25860.1_156 [locus_tag=CAALFM_C101710WA] [db_xref=CGD:CAL0000193560] [protein=hypothetical protein] [protein_id=AOW25860.1] [location=351098..353101] [gbkey=CDS],0.7771435475399546
lcl|CP017623.1_cds_AOW25861.1_157 [gene=CTN1] [locus_tag=CAALFM_C101740WA] [db_xref=CGD:CAL0000182064] [protein=carnitine O-acetyltransferase] [protein_id=AOW25861.1] [location=357079..359466] [gbkey=CDS],0.8318241010247461
lcl|CP017623.1_cds_AOW25862.1_158 [locus_tag=CAALFM_C101750WA] [db_xref=CGD:CAL0000179216] [protein=hypothetical protein] [protein_id=AOW25862.1] [location=361029..362930] [gbkey=CDS],0.7313763964249047
lcl|CP017623.1_cds_AOW25863.1_159 [gene=FGR38] [locus_tag=CAALFM_C101760WA] [db_xref=CGD:CAL0000188150] [protein=Fgr38p] [protein_id=AOW25863.1] [location=364172..366307] [gbkey=CDS],0.6835021562518773
lcl|CP017623.1_cds_AOW25864.1_160 [gene=MAK32] [locus_tag=CAALFM_C101770WA] [db_xref=CGD:CAL0000179624] [protein=Mak32p] [protein_id=AOW25864.1] [location=366730..367860] [gbkey=CDS],0.7675093728207488
lcl|CP017623.1_cds_AOW25865.1_161 [gene=HOL4] [locus_tag=CAALFM_C101780CA] [db_xref=CGD:CAL0000187281] [protein=Hol4p] [protein_id=AOW25865.1] [location=complement(367933..369807)] [gbkey=CDS],0.7043436693320291
"lcl|CP017623.1_cds_AOW25866.1_162 [gene=SWI4] [locus_tag=CAALFM_C101790WA] [db_xref=CGD:CAL0000174900] [protein=SBF complex DNA-binding subunit] [protein_id=AOW25866.1] [location=join(372225..372266,372423..375440)] [gbkey=CDS]",0.6982406649348716
lcl|CP017623.1_cds_AOW25867.1_163 [locus_tag=CAALFM_C101800WA] [db_xref=CGD:CAL0000175083] [protein=hypothetical protein] [protein_id=AOW25867.1] [location=375835..376554] [gbkey=CDS],0.7215246496723982
lcl|CP017623.1_cds_AOW25868.1_164 [gene=UGA2] [locus_tag=CAALFM_C101810CA] [db_xref=CGD:CAL0000192412] [protein=Uga2p] [protein_id=AOW25868.1] [location=complement(376645..378174)] [gbkey=CDS],0.7345268883855665
lcl|CP017623.1_cds_AOW25869.1_165 [locus_tag=CAALFM_C101820CA] [db_xref=CGD:CAL0000186980] [protein=TFIIH complex kinase subunit] [protein_id=AOW25869.1] [location=complement(378463..379650)] [gbkey=CDS],0.6853137974418726
lcl|CP017623.1_cds_AOW25870.1_166 [gene=UBC8] [locus_tag=CAALFM_C101830CA] [db_xref=CGD:CAL0000197909] [protein=E2 ubiquitin-conjugating protein] [protein_id=AOW25870.1] [location=complement(380212..380784)] [gbkey=CDS],0.6630419236888421
lcl|CP017623.1_cds_AOW25871.1_167 [locus_tag=CAALFM_C101840CA] [db_xref=CGD:CAL0000186101] [protein=hypothetical protein] [protein_id=AOW25871.1] [location=complement(381538..382092)] [gbkey=CDS],0.6313055532321932
lcl|CP017623.1_cds_AOW25872.1_168 [locus_tag=CAALFM_C101850CA] [db_xref=CGD:CAL0000175047] [protein=hypothetical protein] [protein_id=AOW25872.1] [location=complement(382760..383590)] [gbkey=CDS],0.6698268207232358
lcl|CP017623.1_cds_AOW25873.1_169 [locus_tag=CAALFM_C101860WA] [db_xref=CGD:CAL0000174383] [protein=hypothetical protein] [protein_id=AOW25873.1] [location=383753..384670] [gbkey=CDS],0.6831678155365056
lcl|CP017623.1_cds_AOW25874.1_170 [gene=CYS4] [locus_tag=CAALFM_C101870CA] [db_xref=CGD:CAL0000179764] [protein=cystathionine beta-synthase] [protein_id=AOW25874.1] [location=complement(384790..386280)] [gbkey=CDS],0.7709054959503234
lcl|CP017623.1_cds_AOW25875.1_171 [gene=PTR3] [locus_tag=CAALFM_C101880CA] [db_xref=CGD:CAL0000187245] [protein=Ptr3p] [protein_id=AOW25875.1] [location=complement(386597..388924)] [gbkey=CDS],0.6879240104468589
lcl|CP017623.1_cds_AOW25876.1_172 [locus_tag=CAALFM_C101890CA] [db_xref=CGD:CAL0000191039] [protein=hypothetical protein] [protein_id=AOW25876.1] [location=complement(389271..390800)] [gbkey=CDS],0.6584924455521884
lcl|CP017623.1_cds_AOW25877.1_173 [locus_tag=CAALFM_C101900CA] [db_xref=CGD:CAL0000188592] [protein=hypothetical protein] [protein_id=AOW25877.1] [location=complement(391247..392764)] [gbkey=CDS],0.6935601687830506
lcl|CP017623.1_cds_AOW25878.1_174 [locus_tag=CAALFM_C101910WA] [db_xref=CGD:CAL0000185799] [protein=hypothetical protein] [protein_id=AOW25878.1] [location=393296..394360] [gbkey=CDS],0.7465755560917801
lcl|CP017623.1_cds_AOW25879.1_175 [gene=ROA1] [locus_tag=CAALFM_C101920WA] [db_xref=CGD:CAL0000197958] [protein=Roa1p] [protein_id=AOW25879.1] [location=395587..399411] [gbkey=CDS],0.7195438028190936
"lcl|CP017623.1_cds_AOW25880.1_176 [locus_tag=CAALFM_C101930WA] [db_xref=CGD:CAL0000193576] [protein=hypothetical protein] [protein_id=AOW25880.1] [location=join(400591..400619,400906..401977)] [gbkey=CDS]",0.6774881462516782
lcl|CP017623.1_cds_AOW25881.1_177 [locus_tag=CAALFM_C101940CA] [db_xref=CGD:CAL0000197941] [protein=signal recognition particle subunit] [protein_id=AOW25881.1] [location=complement(402263..402769)] [gbkey=CDS],0.7353933933799123
lcl|CP017623.1_cds_AOW25882.1_178 [locus_tag=CAALFM_C101950CA] [db_xref=CGD:CAL0000175736] [protein=hypothetical protein] [protein_id=AOW25882.1] [location=complement(403144..403689)] [gbkey=CDS],0.7559912902906847
lcl|CP017623.1_cds_AOW25883.1_179 [locus_tag=CAALFM_C101970WA] [db_xref=CGD:CAL0000184101] [protein=hypothetical protein] [protein_id=AOW25883.1] [location=405749..406027] [gbkey=CDS],0.6484160873585756
lcl|CP017623.1_cds_AOW25884.1_180 [gene=HGT1] [locus_tag=CAALFM_C101980WA] [db_xref=CGD:CAL0000200616] [protein=Hgt1p] [protein_id=AOW25884.1] [location=406673..408310] [gbkey=CDS],0.7499704173462616
lcl|CP017623.1_cds_AOW25885.1_181 [gene=HSP30] [locus_tag=CAALFM_C101990WA] [db_xref=CGD:CAL0000192328] [protein=Hsp30p] [protein_id=AOW25885.1] [location=411340..412368] [gbkey=CDS],0.8184205324626257
lcl|CP017623.1_cds_AOW25886.1_182 [locus_tag=CAALFM_C102000WA] [db_xref=CGD:CAL0000179006] [protein=hypothetical protein] [protein_id=AOW25886.1] [location=412817..413818] [gbkey=CDS],0.7010704681988873
"lcl|CP017623.1_cds_AOW25887.1_183 [gene=ZCF24] [locus_tag=CAALFM_C102010CA] [db_xref=CGD:CAL0000180650] [protein=Zcf24p] [protein_id=AOW25887.1] [location=complement(join(414090..416136,416215..416273))] [gbkey=CDS]",0.7542898333654381
lcl|CP017623.1_cds_AOW25888.1_184 [locus_tag=CAALFM_C102020WA] [db_xref=CGD:CAL0000176281] [protein=5-formyltetrahydrofolate cyclo-ligase] [protein_id=AOW25888.1] [location=416452..417075] [gbkey=CDS],0.7106751641014332
lcl|CP017623.1_cds_AOW25889.1_185 [locus_tag=CAALFM_C102030CA] [db_xref=CGD:CAL0000179309] [protein=hypothetical protein] [protein_id=AOW25889.1] [location=complement(417078..417521)] [gbkey=CDS],0.7915968959998145
lcl|CP017623.1_cds_AOW25890.1_186 [locus_tag=CAALFM_C102040CA] [db_xref=CGD:CAL0000181496] [protein=putative ubiquitin-specific protease] [protein_id=AOW25890.1] [location=complement(418019..420493)] [gbkey=CDS],0.7651969598168684
lcl|CP017623.1_cds_AOW25891.1_187 [gene=PHO91] [locus_tag=CAALFM_C102050CA] [db_xref=CGD:CAL0000176776] [protein=Pho91p] [protein_id=AOW25891.1] [location=complement(421264..423846)] [gbkey=CDS],0.767082162189084
"lcl|CP017623.1_cds_AOW25892.1_188 [locus_tag=CAALFM_C102060WA] [db_xref=CGD:CAL0000201283] [protein=hypothetical protein] [protein_id=AOW25892.1] [location=join(425985..426012,426377..426615)] [gbkey=CDS]",0.6658037103858386
lcl|CP017623.1_cds_AOW25893.1_189 [gene=HSP31] [locus_tag=CAALFM_C102070WA] [db_xref=CGD:CAL0000180035] [protein=Hsp31p] [protein_id=AOW25893.1] [location=427843..428838] [gbkey=CDS],0.7561664871653406
lcl|CP017623.1_cds_AOW25894.1_190 [gene=SET6] [locus_tag=CAALFM_C102080WA] [db_xref=CGD:CAL0000174725] [protein=Set6p] [protein_id=AOW25894.1] [location=429371..430510] [gbkey=CDS],0.693870743953916
lcl|CP017623.1_cds_AOW25895.1_191 [locus_tag=CAALFM_C102090CA] [db_xref=CGD:CAL0000200463] [protein=hypothetical protein] [protein_id=AOW25895.1] [location=complement(430507..431994)] [gbkey=CDS],0.7109162618568465
lcl|CP017623.1_cds_AOW25896.1_192 [locus_tag=CAALFM_C102100WA] [db_xref=CGD:CAL0000177926] [protein=hypothetical protein] [protein_id=AOW25896.1] [location=432225..433841] [gbkey=CDS],0.7157529116696907
lcl|CP017623.1_cds_AOW25897.1_193 [gene=HGT2] [locus_tag=CAALFM_C102110CA] [db_xref=CGD:CAL0000184480] [protein=Hgt2p] [protein_id=AOW25897.1] [location=complement(434412..436049)] [gbkey=CDS],0.7811503920902606
lcl|CP017623.1_cds_AOW25898.1_194 [gene=SHA3] [locus_tag=CAALFM_C102120CA] [db_xref=CGD:CAL0000189265] [protein=putative serine/threonine protein kinase] [protein_id=AOW25898.1] [location=complement(442448..444235)] [gbkey=CDS],0.7534665214866025
lcl|CP017623.1_cds_AOW25899.1_195 [gene=GAL1] [locus_tag=CAALFM_C102130CA] [db_xref=CGD:CAL0000190186] [protein=galactokinase] [protein_id=AOW25899.1] [location=complement(449253..450800)] [gbkey=CDS],0.7497850583499605
lcl|CP017623.1_cds_AOW25900.1_196 [gene=GAL10] [locus_tag=CAALFM_C102150WA] [db_xref=CGD:CAL0000174041] [protein=bifunctional UDP-glucose 4-epimerase/aldose 1-epimerase] [protein_id=AOW25900.1] [location=452164..454191] [gbkey=CDS],0.7782685901808887
lcl|CP017623.1_cds_AOW25901.1_197 [locus_tag=CAALFM_C102160WA] [db_xref=CGD:CAL0000180328] [protein=TRAPP subunit] [protein_id=AOW25901.1] [location=454396..454902] [gbkey=CDS],0.7217936538636042
lcl|CP017623.1_cds_AOW25902.1_198 [gene=GAL102] [locus_tag=CAALFM_C102170CA] [db_xref=CGD:CAL0000194591] [protein=Gal102p] [protein_id=AOW25902.1] [location=complement(454861..455823)] [gbkey=CDS],0.7022942906609658
lcl|CP017623.1_cds_AOW25903.1_199 [gene=GAL7] [locus_tag=CAALFM_C102180WA] [db_xref=CGD:CAL0000182951] [protein=UDP-glucose:hexose-1-phosphate uridylyltransferase] [protein_id=AOW25903.1] [location=456751..457911] [gbkey=CDS],0.8253914483931147
lcl|CP017623.1_cds_AOW25904.1_200 [gene=ABP140] [locus_tag=CAALFM_C102190WA] [db_xref=CGD:CAL0000183988] [protein=Abp140p] [protein_id=AOW25904.1] [location=458366..459304] [gbkey=CDS],0.8425006572013664
lcl|CP017623.1_cds_AOW25905.1_201 [locus_tag=CAALFM_C102200CA] [db_xref=CGD:CAL0000174020] [protein=hypothetical protein] [protein_id=AOW25905.1] [location=complement(459294..460130)] [gbkey=CDS],0.7041585865918519
lcl|CP017623.1_cds_AOW25906.1_202 [locus_tag=CAALFM_C102210WA] [db_xref=CGD:CAL0000196833] [protein=hypothetical protein] [protein_id=AOW25906.1] [location=461070..462782] [gbkey=CDS],0.7408658339663516
lcl|CP017623.1_cds_AOW25907.1_203 [locus_tag=CAALFM_C102220CA] [db_xref=CGD:CAL0000191549] [protein=NADHX epimerase] [protein_id=AOW25907.1] [location=complement(462849..463859)] [gbkey=CDS],0.7958973515418277
lcl|CP017623.1_cds_AOW25908.1_204 [gene=SEP7] [locus_tag=CAALFM_C102230WA] [db_xref=CGD:CAL0000186883] [protein=septin] [protein_id=AOW25908.1] [location=465637..467649] [gbkey=CDS],0.8487010801519403
lcl|CP017623.1_cds_AOW25909.1_205 [locus_tag=CAALFM_C102240WA] [db_xref=CGD:CAL0000186968] [protein=karyopherin beta] [protein_id=AOW25909.1] [location=469116..471743] [gbkey=CDS],0.8224384761586536
lcl|CP017623.1_cds_AOW25910.1_206 [gene=CWH8] [locus_tag=CAALFM_C102250WA] [db_xref=CGD:CAL0000176202] [protein=Cwh8p] [protein_id=AOW25910.1] [location=474919..475644] [gbkey=CDS],0.8555482684387936
lcl|CP017623.1_cds_AOW25911.1_207 [gene=AGE3] [locus_tag=CAALFM_C102260CA] [db_xref=CGD:CAL0000194066] [protein=Age3p] [protein_id=AOW25911.1] [location=complement(475896..477035)] [gbkey=CDS],0.8640076254334271
lcl|CP017623.1_cds_AOW25912.1_208 [locus_tag=CAALFM_C102270CA] [db_xref=CGD:CAL0000180860] [protein=hypothetical protein] [protein_id=AOW25912.1] [location=complement(477305..478183)] [gbkey=CDS],0.8611930541725569
lcl|CP017623.1_cds_AOW25913.1_209 [gene=PSY2] [locus_tag=CAALFM_C102280CA] [db_xref=CGD:CAL0000200329] [protein=Psy2p] [protein_id=AOW25913.1] [location=complement(478626..481568)] [gbkey=CDS],0.7998651697210429
lcl|CP017623.1_cds_AOW25914.1_210 [locus_tag=CAALFM_C102290CA] [db_xref=CGD:CAL0000191919] [protein=ATP synthase complex assembly protein] [protein_id=AOW25914.1] [location=complement(482379..483590)] [gbkey=CDS],0.8586897236427956
lcl|CP017623.1_cds_AOW25915.1_211 [locus_tag=CAALFM_C102300WA] [db_xref=CGD:CAL0000200924] [protein=prefolding complex chaperone subunit] [protein_id=AOW25915.1] [location=483698..484063] [gbkey=CDS],0.8966809065309888
lcl|CP017623.1_cds_AOW25916.1_212 [locus_tag=CAALFM_C102310CA] [db_xref=CGD:CAL0000189656] [protein=chromatin DNA-binding EKC/KEOPS complex subunit] [protein_id=AOW25916.1] [location=complement(484174..484539)] [gbkey=CDS],0.8372203417391418
"lcl|CP017623.1_cds_AOW25917.1_213 [locus_tag=CAALFM_C102320CA] [db_xref=CGD:CAL0000179837] [protein=bifunctional fructose-2,6-bisphosphate 2-phosphatase/6-phosphofructo-2-kinase] [protein_id=AOW25917.1] [location=complement(484846..486477)] [gbkey=CDS]",0.8298759609558424
"lcl|CP017623.1_cds_AOW25918.1_214 [locus_tag=CAALFM_C102330CA] [db_xref=CGD:CAL0000201086] [protein=ribosomal 60S subunit protein L26B] [protein_id=AOW25918.1] [location=complement(join(487350..487714,488178..488196))] [gbkey=CDS]",0.8814678819013255
lcl|CP017623.1_cds_AOW25919.1_215 [gene=TIM21] [locus_tag=CAALFM_C102350WA] [db_xref=CGD:CAL0000180033] [protein=Tim21p] [protein_id=AOW25919.1] [location=489332..490138] [gbkey=CDS],0.8374223316569364
"lcl|CP017623.1_cds_AOW25920.1_216 [gene=PGA5] [locus_tag=CAALFM_C102360CA] [db_xref=CGD:CAL0000178583] [protein=1,3-beta-glucanosyltransferase] [protein_id=AOW25920.1] [location=complement(490252..492177)] [gbkey=CDS]",0.8385345719778099
lcl|CP017623.1_cds_AOW25921.1_217 [locus_tag=CAALFM_C102370CA] [db_xref=CGD:CAL0000194228] [protein=hypothetical protein] [protein_id=AOW25921.1] [location=complement(492588..496217)] [gbkey=CDS],0.8422300675105535
lcl|CP017623.1_cds_AOW25922.1_218 [locus_tag=CAALFM_C102380CA] [db_xref=CGD:CAL0000196630] [protein=Arf family GTPase] [protein_id=AOW25922.1] [location=complement(498351..498953)] [gbkey=CDS],0.7855538834364897
lcl|CP017623.1_cds_AOW25923.1_219 [locus_tag=CAALFM_C102390WA] [db_xref=CGD:CAL0000194119] [protein=hypothetical protein] [protein_id=AOW25923.1] [location=499217..501709] [gbkey=CDS],0.7760233823414254
"lcl|CP017623.1_cds_AOW25924.1_220 [gene=MNN11] [locus_tag=CAALFM_C102400CA] [db_xref=CGD:CAL0000193393] [protein=alpha-1,6-mannosyltransferase] [protein_id=AOW25924.1] [location=complement(502050..503384)] [gbkey=CDS]",0.8773400174871523
lcl|CP017623.1_cds_AOW25925.1_221 [locus_tag=CAALFM_C102410CA] [db_xref=CGD:CAL0000177551] [protein=hypothetical protein] [protein_id=AOW25925.1] [location=complement(504151..505224)] [gbkey=CDS],0.8243919026194296
"lcl|CP017623.1_cds_AOW25926.1_222 [gene=GSC1] [locus_tag=CAALFM_C102420CA] [db_xref=CGD:CAL0000176780] [protein=1,3-beta-glucan synthase] [protein_id=AOW25926.1] [location=complement(505969..511662)] [gbkey=CDS]",0.8067074116729821
lcl|CP017623.1_cds_AOW25927.1_223 [locus_tag=CAALFM_C102430CA] [db_xref=CGD:CAL0000199029] [protein=hypothetical protein] [protein_id=AOW25927.1] [location=complement(515594..517525)] [gbkey=CDS],0.8431994896911702
lcl|CP017623.1_cds_AOW25928.1_224 [locus_tag=CAALFM_C102440CA] [db_xref=CGD:CAL0000186385] [protein=ubiquitin-specific protease] [protein_id=AOW25928.1] [location=complement(518168..519169)] [gbkey=CDS],0.7690401474136751
lcl|CP017623.1_cds_AOW25929.1_225 [locus_tag=CAALFM_C102450CA] [db_xref=CGD:CAL0000190982] [protein=hypothetical protein] [protein_id=AOW25929.1] [location=complement(520056..520586)] [gbkey=CDS],0.8402722520054893
lcl|CP017623.1_cds_AOW25930.1_226 [gene=RPL10] [locus_tag=CAALFM_C102460WA] [db_xref=CGD:CAL0000194016] [protein=ribosomal 60S subunit protein L10] [protein_id=AOW25930.1] [location=521288..521950] [gbkey=CDS],0.7823055054059113
lcl|CP017623.1_cds_AOW25931.1_227 [locus_tag=CAALFM_C102470WA] [db_xref=CGD:CAL0000183813] [protein=hypothetical protein] [protein_id=AOW25931.1] [location=522615..523085] [gbkey=CDS],0.7807301739400985
lcl|CP017623.1_cds_AOW25932.1_228 [gene=PMM1] [locus_tag=CAALFM_C102480WA] [db_xref=CGD:CAL0000183926] [protein=phosphomannomutase] [protein_id=AOW25932.1] [location=523976..524734] [gbkey=CDS],0.9128245632292981
lcl|CP017623.1_cds_AOW25933.1_229 [locus_tag=CAALFM_C102490CA] [db_xref=CGD:CAL0000195583] [protein=hypothetical protein] [protein_id=AOW25933.1] [location=complement(524841..526862)] [gbkey=CDS],0.822459141596314
lcl|CP017623.1_cds_AOW25934.1_230 [locus_tag=CAALFM_C102500WA] [db_xref=CGD:CAL0000177185] [protein=hypothetical protein] [protein_id=AOW25934.1] [location=527100..527726] [gbkey=CDS],0.8272646714765207
lcl|CP017623.1_cds_AOW25935.1_231 [locus_tag=CAALFM_C102510WA] [db_xref=CGD:CAL0000190829] [protein=hypothetical protein] [protein_id=AOW25935.1] [location=528029..528760] [gbkey=CDS],0.796013025525983
lcl|CP017623.1_cds_AOW25936.1_232 [gene=SCW4] [locus_tag=CAALFM_C102520WA] [db_xref=CGD:CAL0000198806] [protein=Scw4p] [protein_id=AOW25936.1] [location=530172..531908] [gbkey=CDS],0.7616773416027127
lcl|CP017623.1_cds_AOW25937.1_233 [gene=DIP5] [locus_tag=CAALFM_C102530CA] [db_xref=CGD:CAL0000194693] [protein=Dip5p] [protein_id=AOW25937.1] [location=complement(532403..534163)] [gbkey=CDS],0.7574931131384102
lcl|CP017623.1_cds_AOW25938.1_234 [gene=PUT4] [locus_tag=CAALFM_C102570CA] [db_xref=CGD:CAL0000183611] [protein=Put4p] [protein_id=AOW25938.1] [location=complement(537385..539079)] [gbkey=CDS],0.7697620786983888
lcl|CP017623.1_cds_AOW25939.1_235 [gene=HNM4] [locus_tag=CAALFM_C102580WA] [db_xref=CGD:CAL0000188197] [protein=Hnm4p] [protein_id=AOW25939.1] [location=540001..541512] [gbkey=CDS],0.6924012228517575
lcl|CP017623.1_cds_AOW25940.1_236 [gene=SNZ1] [locus_tag=CAALFM_C102590CA] [db_xref=CGD:CAL0000181647] [protein=pyridoxine biosynthesis protein] [protein_id=AOW25940.1] [location=complement(541722..542600)] [gbkey=CDS],0.7797121928550143
lcl|CP017623.1_cds_AOW25941.1_237 [gene=SNO1] [locus_tag=CAALFM_C102600WA] [db_xref=CGD:CAL0000182201] [protein=putative pyridoxal 5'-phosphate synthase] [protein_id=AOW25941.1] [location=544056..544805] [gbkey=CDS],0.6777852412682133
lcl|CP017623.1_cds_AOW25942.1_238 [gene=IML1] [locus_tag=CAALFM_C102610WA] [db_xref=CGD:CAL0000199259] [protein=Iml1p] [protein_id=AOW25942.1] [location=545022..549395] [gbkey=CDS],0.6752860947439783
lcl|CP017623.1_cds_AOW25943.1_239 [gene=HOM6] [locus_tag=CAALFM_C102620CA] [db_xref=CGD:CAL0000188452] [protein=homoserine dehydrogenase] [protein_id=AOW25943.1] [location=complement(549494..550573)] [gbkey=CDS],0.8084110447035322
"lcl|CP017623.1_cds_AOW25944.1_240 [gene=EXG2] [locus_tag=CAALFM_C102630CA] [db_xref=CGD:CAL0000181572] [protein=glucan exo-1,3-beta-glucosidase] [protein_id=AOW25944.1] [location=complement(550937..552376)] [gbkey=CDS]",0.6925681486217825
lcl|CP017623.1_cds_AOW25945.1_241 [gene=TOM20] [locus_tag=CAALFM_C102640CA] [db_xref=CGD:CAL0000187425] [protein=Tom20p] [protein_id=AOW25945.1] [location=complement(552858..553373)] [gbkey=CDS],0.7608345624073779
lcl|CP017623.1_cds_AOW25946.1_242 [locus_tag=CAALFM_C102650WA] [db_xref=CGD:CAL0000197916] [protein=hypothetical protein] [protein_id=AOW25946.1] [location=553758..554360] [gbkey=CDS],0.7205246346965429
lcl|CP017623.1_cds_AOW25947.1_243 [gene=MGM101] [locus_tag=CAALFM_C102660CA] [db_xref=CGD:CAL0000189590] [protein=Mgm101p] [protein_id=AOW25947.1] [location=complement(554577..555404)] [gbkey=CDS],0.6873996781530983
lcl|CP017623.1_cds_AOW25948.1_244 [locus_tag=CAALFM_C102670CA] [db_xref=CGD:CAL0000189485] [protein=hypothetical protein] [protein_id=AOW25948.1] [location=complement(555675..558101)] [gbkey=CDS],0.690663906580706
lcl|CP017623.1_cds_AOW25949.1_245 [locus_tag=CAALFM_C102680CA] [db_xref=CGD:CAL0000197774] [protein=hypothetical protein] [protein_id=AOW25949.1] [location=complement(558921..561449)] [gbkey=CDS],0.6878268806098355
lcl|CP017623.1_cds_AOW25950.1_246 [locus_tag=CAALFM_C102690CA] [db_xref=CGD:CAL0000186646] [protein=hypothetical protein] [protein_id=AOW25950.1] [location=complement(562357..562659)] [gbkey=CDS],0.7310796887598343
lcl|CP017623.1_cds_AOW25951.1_247 [locus_tag=CAALFM_C102700CA] [db_xref=CGD:CAL0000199083] [protein=hypothetical protein] [protein_id=AOW25951.1] [location=complement(564255..564428)] [gbkey=CDS],0.7258090056708656
lcl|CP017623.1_cds_AOW25952.1_248 [gene=FRS2] [locus_tag=CAALFM_C102710WA] [db_xref=CGD:CAL0000201701] [protein=phenylalanine--tRNA ligase subunit alpha] [protein_id=AOW25952.1] [location=565683..567173] [gbkey=CDS],0.769109385775557
lcl|CP017623.1_cds_AOW25953.1_249 [locus_tag=CAALFM_C102720WA] [db_xref=CGD:CAL0000187437] [protein=hypothetical protein] [protein_id=AOW25953.1] [location=567442..568635] [gbkey=CDS],0.7660232433929347
lcl|CP017623.1_cds_AOW25954.1_250 [locus_tag=CAALFM_C102730WA] [db_xref=CGD:CAL0000200219] [protein=hypothetical protein] [protein_id=AOW25954.1] [location=574220..575107] [gbkey=CDS],0.707014432652643
lcl|CP017623.1_cds_AOW25955.1_251 [locus_tag=CAALFM_C102740CA] [db_xref=CGD:CAL0000195751] [protein=hypothetical protein] [protein_id=AOW25955.1] [location=complement(575478..576398)] [gbkey=CDS],0.7297992932583072
lcl|CP017623.1_cds_AOW25956.1_252 [locus_tag=CAALFM_C102750CA] [db_xref=CGD:CAL0000192923] [protein=hypothetical protein] [protein_id=AOW25956.1] [location=complement(576658..579045)] [gbkey=CDS],0.6919283204980704
lcl|CP017623.1_cds_AOW25957.1_253 [locus_tag=CAALFM_C102760WA] [db_xref=CGD:CAL0000195169] [protein=guanine nucleotide exchange factor] [protein_id=AOW25957.1] [location=579750..580802] [gbkey=CDS],0.7031879170347811
"lcl|CP017623.1_cds_AOW25958.1_254 [locus_tag=CAALFM_C102770WA] [db_xref=CGD:CAL0000201924] [protein=hypothetical protein] [protein_id=AOW25958.1] [location=join(581212..581353,581459..581508)] [gbkey=CDS]",0.7237049688091782
lcl|CP017623.1_cds_AOW25959.1_255 [locus_tag=CAALFM_C102780WA] [db_xref=CGD:CAL0000182185] [protein=carboxymethylenebutenolidase] [protein_id=AOW25959.1] [location=581844..582602] [gbkey=CDS],0.6789440293690112
lcl|CP017623.1_cds_AOW25960.1_256 [gene=TIF34] [locus_tag=CAALFM_C102790WA] [db_xref=CGD:CAL0000192484] [protein=translation initiation factor eIF3 subunit i] [protein_id=AOW25960.1] [location=582899..583951] [gbkey=CDS],0.7150532542367274
lcl|CP017623.1_cds_AOW25961.1_257 [locus_tag=CAALFM_C102800WA] [db_xref=CGD:CAL0000198254] [protein=hypothetical protein] [protein_id=AOW25961.1] [location=584332..584934] [gbkey=CDS],0.6193590640222353
lcl|CP017623.1_cds_AOW25962.1_258 [gene=RAD16] [locus_tag=CAALFM_C102810WA] [db_xref=CGD:CAL0000195175] [protein=DNA repair protein] [protein_id=AOW25962.1] [location=585914..588472] [gbkey=CDS],0.6580924636002992
lcl|CP017623.1_cds_AOW25963.1_259 [gene=LYS2] [locus_tag=CAALFM_C102820WA] [db_xref=CGD:CAL0000183678] [protein=L-aminoadipate-semialdehyde dehydrogenase] [protein_id=AOW25963.1] [location=588902..593116] [gbkey=CDS],0.7337639186278699
lcl|CP017623.1_cds_AOW25964.1_260 [locus_tag=CAALFM_C102830WA] [db_xref=CGD:CAL0000184091] [protein=hypothetical protein] [protein_id=AOW25964.1] [location=593697..595466] [gbkey=CDS],0.7091800501634845
"lcl|CP017623.1_cds_AOW25965.1_261 [gene=PDE2] [locus_tag=CAALFM_C102840WA] [db_xref=CGD:CAL0000178266] [protein=3',5'-cyclic-nucleotide phosphodiesterase] [protein_id=AOW25965.1] [location=598018..599733] [gbkey=CDS]",0.6915045322396104
lcl|CP017623.1_cds_AOW25966.1_262 [locus_tag=CAALFM_C102850WA] [db_xref=CGD:CAL0000193097] [protein=hypothetical protein] [protein_id=AOW25966.1] [location=600683..602722] [gbkey=CDS],0.7406008272782678
lcl|CP017623.1_cds_AOW25967.1_263 [gene=YKT6] [locus_tag=CAALFM_C102860CA] [db_xref=CGD:CAL0000191319] [protein=palmitoyltransferase] [protein_id=AOW25967.1] [location=complement(603130..603732)] [gbkey=CDS],0.7711566581872751
lcl|CP017623.1_cds_AOW25968.1_264 [gene=YPT7] [locus_tag=CAALFM_C102870WA] [db_xref=CGD:CAL0000178854] [protein=Ypt7p] [protein_id=AOW25968.1] [location=604676..605542] [gbkey=CDS],0.7222871023629033
lcl|CP017623.1_cds_AOW25969.1_265 [gene=MIA40] [locus_tag=CAALFM_C102880CA] [db_xref=CGD:CAL0000191454] [protein=Mia40p] [protein_id=AOW25969.1] [location=complement(605725..606483)] [gbkey=CDS],0.7306254073648284
lcl|CP017623.1_cds_AOW25970.1_266 [locus_tag=CAALFM_C102890CA] [db_xref=CGD:CAL0000195426] [protein=hypothetical protein] [protein_id=AOW25970.1] [location=complement(607149..607523)] [gbkey=CDS],0.6531790947594848
lcl|CP017623.1_cds_AOW25971.1_267 [locus_tag=CAALFM_C102900CA] [db_xref=CGD:CAL0000199681] [protein=mRNA splicing protein] [protein_id=AOW25971.1] [location=complement(607807..609984)] [gbkey=CDS],0.6482977109854867
lcl|CP017623.1_cds_AOW25972.1_268 [locus_tag=CAALFM_C102910CA] [db_xref=CGD:CAL0000200723] [protein=protein kinase regulatory subunit] [protein_id=AOW25972.1] [location=complement(610205..611635)] [gbkey=CDS],0.6255668898161172
lcl|CP017623.1_cds_AOW25973.1_269 [gene=CDC73] [locus_tag=CAALFM_C102920WA] [db_xref=CGD:CAL0000176860] [protein=Cdc73p] [protein_id=AOW25973.1] [location=611934..613046] [gbkey=CDS],0.6396647683765584
lcl|CP017623.1_cds_AOW25974.1_270 [gene=MST1] [locus_tag=CAALFM_C102930CA] [db_xref=CGD:CAL0000183181] [protein=threonine--tRNA ligase] [protein_id=AOW25974.1] [location=complement(613106..614473)] [gbkey=CDS],0.6662467049471792
lcl|CP017623.1_cds_AOW25975.1_271 [locus_tag=CAALFM_C102940CA] [db_xref=CGD:CAL0000196986] [protein=hypothetical protein] [protein_id=AOW25975.1] [location=complement(614701..615219)] [gbkey=CDS],0.6203677775448879
lcl|CP017623.1_cds_AOW25976.1_272 [locus_tag=CAALFM_C102950WA] [db_xref=CGD:CAL0000191593] [protein=hypothetical protein] [protein_id=AOW25976.1] [location=615467..615844] [gbkey=CDS],0.677758667587909
lcl|CP017623.1_cds_AOW25977.1_273 [locus_tag=CAALFM_C102960CA] [db_xref=CGD:CAL0000177497] [protein=hypothetical protein] [protein_id=AOW25977.1] [location=complement(615939..617726)] [gbkey=CDS],0.633059144905758
lcl|CP017623.1_cds_AOW25978.1_274 [locus_tag=CAALFM_C102970WA] [db_xref=CGD:CAL0000174976] [protein=hypothetical protein] [protein_id=AOW25978.1] [location=618379..619644] [gbkey=CDS],0.7112958546669729
lcl|CP017623.1_cds_AOW25979.1_275 [gene=GOR1] [locus_tag=CAALFM_C102980WA] [db_xref=CGD:CAL0000192040] [protein=glyoxylate reductase] [protein_id=AOW25979.1] [location=620103..621131] [gbkey=CDS],0.6450252218268014
"lcl|CP017623.1_cds_AOW25980.1_276 [gene=XOG1] [locus_tag=CAALFM_C102990CA] [db_xref=CGD:CAL0000190583] [protein=glucan 1,3-beta-glucosidase] [protein_id=AOW25980.1] [location=complement(622222..623538)] [gbkey=CDS]",0.7444786484088864
lcl|CP017623.1_cds_AOW25981.1_277 [gene=HOL1] [locus_tag=CAALFM_C103000WA] [db_xref=CGD:CAL0000182173] [protein=Hol1p] [protein_id=AOW25981.1] [location=628046..629806] [gbkey=CDS],0.6899593141684685
lcl|CP017623.1_cds_AOW25982.1_278 [gene=RPP1A] [locus_tag=CAALFM_C103010WA] [db_xref=CGD:CAL0000178222] [protein=ribosomal protein P1A] [protein_id=AOW25982.1] [location=630193..630513] [gbkey=CDS],0.7992862298523427
lcl|CP017623.1_cds_AOW25983.1_279 [gene=RPL13] [locus_tag=CAALFM_C103020CA] [db_xref=CGD:CAL0000201310] [protein=ribosomal 60S subunit protein L13A] [protein_id=AOW25983.1] [location=complement(631014..631622)] [gbkey=CDS],0.7443866863847124
"lcl|CP017623.1_cds_AOW25984.1_280 [gene=RPS16A] [locus_tag=CAALFM_C103030WA] [db_xref=CGD:CAL0000175363] [protein=ribosomal 40S subunit protein S16A] [protein_id=AOW25984.1] [location=join(632083..632103,632431..632838)] [gbkey=CDS]",0.7336599978992708
lcl|CP017623.1_cds_AOW25986.1_282 [locus_tag=CAALFM_C103050WA] [db_xref=CGD:CAL0000182470] [protein=hypothetical protein] [protein_id=AOW25986.1] [location=635104..638259] [gbkey=CDS],0.6625425548355157
lcl|CP017623.1_cds_AOW25987.1_283 [gene=TSR2] [locus_tag=CAALFM_C103060CA] [db_xref=CGD:CAL0000185349] [protein=Tsr2p] [protein_id=AOW25987.1] [location=complement(638337..638966)] [gbkey=CDS],0.6600309202249934
lcl|CP017623.1_cds_AOW25988.1_284 [gene=ORC1] [locus_tag=CAALFM_C103070CA] [db_xref=CGD:CAL0000190220] [protein=origin recognition complex subunit 1] [protein_id=AOW25988.1] [location=complement(639143..641560)] [gbkey=CDS],0.6394006311733978
"lcl|CP017623.1_cds_AOW25989.1_285 [gene=TEM1] [locus_tag=CAALFM_C103080CA] [db_xref=CGD:CAL0000197426] [protein=Ras family GTPase] [protein_id=AOW25989.1] [location=complement(join(641962..642529,642608..642642))] [gbkey=CDS]",0.6171128606975338
lcl|CP017623.1_cds_AOW25990.1_286 [gene=RPS1] [locus_tag=CAALFM_C103090WA] [db_xref=CGD:CAL0000192592] [protein=ribosomal 40S subunit protein S1B] [protein_id=AOW25990.1] [location=643226..643996] [gbkey=CDS],0.7358273228451307
"lcl|CP017623.1_cds_AOW25991.1_287 [locus_tag=CAALFM_C103100WA] [db_xref=CGD:CAL0000192091] [protein=hypothetical protein] [protein_id=AOW25991.1] [location=join(645104..645118,645312..649550)] [gbkey=CDS]",0.7067148004892085
"lcl|CP017623.1_cds_AOW25992.1_288 [gene=RPL6] [locus_tag=CAALFM_C103110WA] [db_xref=CGD:CAL0000181737] [protein=ribosomal 60S subunit protein L6B] [protein_id=AOW25992.1] [location=join(650064..650075,650438..650956)] [gbkey=CDS]",0.7391563003911245
lcl|CP017623.1_cds_AOW25993.1_289 [locus_tag=CAALFM_C103120WA] [db_xref=CGD:CAL0000186184] [protein=hypothetical protein] [protein_id=AOW25993.1] [location=651902..653134] [gbkey=CDS],0.7139310124392372
lcl|CP017623.1_cds_AOW25994.1_290 [gene=GGA2] [locus_tag=CAALFM_C103130CA] [db_xref=CGD:CAL0000181277] [protein=phosphatidylinositol 4-phosphate-binding protein] [protein_id=AOW25994.1] [location=complement(653447..655201)] [gbkey=CDS],0.7026657571719501
lcl|CP017623.1_cds_AOW25995.1_291 [locus_tag=CAALFM_C103140WA] [db_xref=CGD:CAL0000192366] [protein=hypothetical protein] [protein_id=AOW25995.1] [location=655798..656274] [gbkey=CDS],0.6648271317813721
"lcl|CP017623.1_cds_AOW25996.1_292 [locus_tag=CAALFM_C103150CA] [db_xref=CGD:CAL0000196224] [protein=hypothetical protein] [protein_id=AOW25996.1] [location=complement(join(656446..657075,657166..657201))] [gbkey=CDS]",0.6628665518628959
lcl|CP017623.1_cds_AOW25997.1_293 [gene=COQ4] [locus_tag=CAALFM_C103160CA] [db_xref=CGD:CAL0000193093] [protein=ubiquinone biosynthesis protein] [protein_id=AOW25997.1] [location=complement(657572..658543)] [gbkey=CDS],0.7212789983708683
lcl|CP017623.1_cds_AOW25998.1_294 [locus_tag=CAALFM_C103170CA] [db_xref=CGD:CAL0000195291] [protein=hypothetical protein] [protein_id=AOW25998.1] [location=complement(658804..660771)] [gbkey=CDS],0.7089123095416099
lcl|CP017623.1_cds_AOW25999.1_295 [locus_tag=CAALFM_C103180WA] [db_xref=CGD:CAL0000185298] [protein=lipoyl(octanoyl) transferase] [protein_id=AOW25999.1] [location=660929..661792] [gbkey=CDS],0.7741869681264085
"lcl|CP017623.1_cds_AOW26000.1_296 [gene=ECM33] [locus_tag=CAALFM_C103190CA] [db_xref=CGD:CAL0000178111] [protein=Ecm33p] [protein_id=AOW26000.1] [location=complement(join(662177..663387,664276..664336))] [gbkey=CDS]",0.7469268865165458
lcl|CP017623.1_cds_AOW26001.1_297 [gene=ARO80] [locus_tag=CAALFM_C103200CA] [db_xref=CGD:CAL0000193732] [protein=Aro80p] [protein_id=AOW26001.1] [location=complement(668763..671960)] [gbkey=CDS],0.7052831808607266
"lcl|CP017623.1_cds_AOW26002.1_298 [gene=CDC12] [locus_tag=CAALFM_C103210CA] [db_xref=CGD:CAL0000175669] [protein=septin] [protein_id=AOW26002.1] [location=complement(join(672483..673635,673798..673838))] [gbkey=CDS]",0.7356678625376896
lcl|CP017623.1_cds_AOW26003.1_299 [gene=BMH1] [locus_tag=CAALFM_C103220CA] [db_xref=CGD:CAL0000198341] [protein=14-3-3 family protein] [protein_id=AOW26003.1] [location=complement(675074..675868)] [gbkey=CDS],0.7819107416560682
lcl|CP017623.1_cds_AOW26004.1_300 [gene=ARX1] [locus_tag=CAALFM_C103230CA] [db_xref=CGD:CAL0000194302] [protein=putative hydrolase] [protein_id=AOW26004.1] [location=complement(677396..679090)] [gbkey=CDS],0.7095167393175351
lcl|CP017623.1_cds_AOW26005.1_301 [locus_tag=CAALFM_C103240WA] [db_xref=CGD:CAL0000192446] [protein=hypothetical protein] [protein_id=AOW26005.1] [location=679785..680210] [gbkey=CDS],0.6718976518881141
lcl|CP017623.1_cds_AOW26006.1_302 [gene=SPP1] [locus_tag=CAALFM_C103250CA] [db_xref=CGD:CAL0000174723] [protein=Spp1p] [protein_id=AOW26006.1] [location=complement(680242..681462)] [gbkey=CDS],0.6258668414288556
lcl|CP017623.1_cds_AOW26007.1_303 [locus_tag=CAALFM_C103260WA] [db_xref=CGD:CAL0000179482] [protein=ssDNA-dependent ATPase] [protein_id=AOW26007.1] [location=681644..683680] [gbkey=CDS],0.6247348109523805
"lcl|CP017623.1_cds_AOW26008.1_304 [locus_tag=CAALFM_C103270WA] [db_xref=CGD:CAL0000198551] [protein=putative peptide hydrolase] [protein_id=AOW26008.1] [location=join(683901..683927,684002..685105)] [gbkey=CDS]",0.6422886905918033
lcl|CP017623.1_cds_AOW26009.1_305 [locus_tag=CAALFM_C103280WA] [db_xref=CGD:CAL0000192841] [protein=mitochondrial 37S ribosomal protein RSM24] [protein_id=AOW26009.1] [location=685412..686344] [gbkey=CDS],0.6913892302719908
lcl|CP017623.1_cds_AOW26010.1_306 [gene=NGG1] [locus_tag=CAALFM_C103290WA] [db_xref=CGD:CAL0000183081] [protein=histone acetyltransferase] [protein_id=AOW26010.1] [location=686628..688511] [gbkey=CDS],0.6298154916117498
lcl|CP017623.1_cds_AOW26011.1_307 [gene=MAS1] [locus_tag=CAALFM_C103300CA] [db_xref=CGD:CAL0000195289] [protein=Mas1p] [protein_id=AOW26011.1] [location=complement(688617..690020)] [gbkey=CDS],0.6760009670027617
lcl|CP017623.1_cds_AOW26012.1_308 [locus_tag=CAALFM_C103310WA] [db_xref=CGD:CAL0000201344] [protein=hypothetical protein] [protein_id=AOW26012.1] [location=690480..691616] [gbkey=CDS],0.6737612458034614
lcl|CP017623.1_cds_AOW26013.1_309 [gene=EHD3] [locus_tag=CAALFM_C103320CA] [db_xref=CGD:CAL0000174772] [protein=Ehd3p] [protein_id=AOW26013.1] [location=complement(691821..693329)] [gbkey=CDS],0.6993560566907971
lcl|CP017623.1_cds_AOW26014.1_310 [locus_tag=CAALFM_C103330CA] [db_xref=CGD:CAL0000201683] [protein=hypothetical protein] [protein_id=AOW26014.1] [location=complement(694143..695732)] [gbkey=CDS],0.6152714595675928
lcl|CP017623.1_cds_AOW26015.1_311 [gene=SEC62] [locus_tag=CAALFM_C103340CA] [db_xref=CGD:CAL0000199574] [protein=Sec63 complex subunit] [protein_id=AOW26015.1] [location=complement(696019..696900)] [gbkey=CDS],0.6675651472488997
lcl|CP017623.1_cds_AOW26016.1_312 [gene=RLI1] [locus_tag=CAALFM_C103350CA] [db_xref=CGD:CAL0000178640] [protein=Fe-S cluster-binding ribosome biosynthesis protein] [protein_id=AOW26016.1] [location=complement(697530..699398)] [gbkey=CDS],0.7290386574223298
lcl|CP017623.1_cds_AOW26017.1_313 [locus_tag=CAALFM_C103360WA] [db_xref=CGD:CAL0000187175] [protein=chromatin-remodeling ATPase] [protein_id=AOW26017.1] [location=701716..705948] [gbkey=CDS],0.6566267687671726
lcl|CP017623.1_cds_AOW26018.1_314 [locus_tag=CAALFM_C103370WA] [db_xref=CGD:CAL0000195952] [protein=polyadenylate-binding protein] [protein_id=AOW26018.1] [location=706488..708377] [gbkey=CDS],0.7673268821114337
lcl|CP017623.1_cds_AOW26019.1_315 [gene=TPS2] [locus_tag=CAALFM_C103380WA] [db_xref=CGD:CAL0000193855] [protein=trehalose-phosphatase] [protein_id=AOW26019.1] [location=709461..712127] [gbkey=CDS],0.6696138706439771
lcl|CP017623.1_cds_AOW26020.1_316 [gene=EHT1] [locus_tag=CAALFM_C103390WA] [db_xref=CGD:CAL0000191944] [protein=medium-chain fatty acid ethyl ester synthase/esterase] [protein_id=AOW26020.1] [location=712967..714244] [gbkey=CDS],0.7155281127136015
lcl|CP017623.1_cds_AOW26021.1_317 [locus_tag=CAALFM_C103400WA] [db_xref=CGD:CAL0000188375] [protein=hypothetical protein] [protein_id=AOW26021.1] [location=715541..717490] [gbkey=CDS],0.6774639873128341
lcl|CP017623.1_cds_AOW26022.1_318 [locus_tag=CAALFM_C103410WA] [db_xref=CGD:CAL0000193914] [protein=hypothetical protein] [protein_id=AOW26022.1] [location=717686..718510] [gbkey=CDS],0.7017182802800664
lcl|CP017623.1_cds_AOW26023.1_319 [locus_tag=CAALFM_C103430WA] [db_xref=CGD:CAL0000181663] [protein=triglyceride lipase] [protein_id=AOW26023.1] [location=719613..720668] [gbkey=CDS],0.6047865987708189
lcl|CP017623.1_cds_AOW26024.1_320 [locus_tag=CAALFM_C103440CA] [db_xref=CGD:CAL0000201739] [protein=hypothetical protein] [protein_id=AOW26024.1] [location=complement(721115..722551)] [gbkey=CDS],0.68102187155701
lcl|CP017623.1_cds_AOW26025.1_321 [locus_tag=CAALFM_C103450CA] [db_xref=CGD:CAL0000193067] [protein=hypothetical protein] [protein_id=AOW26025.1] [location=complement(723114..726743)] [gbkey=CDS],0.6676991498023203
lcl|CP017623.1_cds_AOW26026.1_322 [locus_tag=CAALFM_C103460CA] [db_xref=CGD:CAL0000192573] [protein=hypothetical protein] [protein_id=AOW26026.1] [location=complement(727114..730086)] [gbkey=CDS],0.6479120223106386
lcl|CP017623.1_cds_AOW26027.1_323 [locus_tag=CAALFM_C103470CA] [db_xref=CGD:CAL0000193498] [protein=putative serine/threonine protein kinase] [protein_id=AOW26027.1] [location=complement(731029..732438)] [gbkey=CDS],0.669648867262202
lcl|CP017623.1_cds_AOW26028.1_324 [gene=AGE1] [locus_tag=CAALFM_C103480CA] [db_xref=CGD:CAL0000187329] [protein=Age1p] [protein_id=AOW26028.1] [location=complement(732768..735644)] [gbkey=CDS],0.6772987484065596
lcl|CP017623.1_cds_AOW26029.1_325 [locus_tag=CAALFM_C103490WA] [db_xref=CGD:CAL0000187271] [protein=hypothetical protein] [protein_id=AOW26029.1] [location=736791..737672] [gbkey=CDS],0.66927423199095
lcl|CP017623.1_cds_AOW26030.1_326 [gene=YPT1] [locus_tag=CAALFM_C103500WA] [db_xref=CGD:CAL0000185241] [protein=Rab family GTPase] [protein_id=AOW26030.1] [location=738229..738852] [gbkey=CDS],0.7139903425235087
lcl|CP017623.1_cds_AOW26031.1_327 [locus_tag=CAALFM_C103510CA] [db_xref=CGD:CAL0000194216] [protein=hypothetical protein] [protein_id=AOW26031.1] [location=complement(739135..739680)] [gbkey=CDS],0.7122529063288201
lcl|CP017623.1_cds_AOW26032.1_328 [gene=RPN3] [locus_tag=CAALFM_C103520WA] [db_xref=CGD:CAL0000191942] [protein=proteasome regulatory particle lid subunit] [protein_id=AOW26032.1] [location=740588..742033] [gbkey=CDS],0.6843935578306909
"lcl|CP017623.1_cds_AOW26033.1_329 [gene=MED17] [locus_tag=CAALFM_C103530WA] [db_xref=CGD:CAL0000197516] [protein=Med17p] [protein_id=AOW26033.1] [location=join(742220..742293,742361..743984)] [gbkey=CDS]",0.6598276455720861
lcl|CP017623.1_cds_AOW26034.1_330 [locus_tag=CAALFM_C103540CA] [db_xref=CGD:CAL0000201498] [protein=hypothetical protein] [protein_id=AOW26034.1] [location=complement(744048..744458)] [gbkey=CDS],0.6308579816719991
"lcl|CP017623.1_cds_AOW26035.1_331 [gene=COQ6] [locus_tag=CAALFM_C103550CA] [db_xref=CGD:CAL0000194332] [protein=putative N,N-dimethylaniline monooxygenase] [protein_id=AOW26035.1] [location=complement(744891..746333)] [gbkey=CDS]",0.6794599010339264
lcl|CP017623.1_cds_AOW26036.1_332 [gene=SUA71] [locus_tag=CAALFM_C103560CA] [db_xref=CGD:CAL0000176820] [protein=transcription factor TFIIB] [protein_id=AOW26036.1] [location=complement(746720..747754)] [gbkey=CDS],0.6621858724615205
lcl|CP017623.1_cds_AOW26037.1_333 [locus_tag=CAALFM_C103580WA] [db_xref=CGD:CAL0000178238] [protein=hypothetical protein] [protein_id=AOW26037.1] [location=749095..749193] [gbkey=CDS],0.6519174730219186
lcl|CP017623.1_cds_AOW26038.1_334 [locus_tag=CAALFM_C103600WA] [db_xref=CGD:CAL0000178850] [protein=dolichyl-diphosphooligosaccharide-protein glycotransferase] [protein_id=AOW26038.1] [location=749583..750410] [gbkey=CDS],0.6704038923064672
lcl|CP017623.1_cds_AOW26039.1_335 [gene=IMP1] [locus_tag=CAALFM_C103610CA] [db_xref=CGD:CAL0000180500] [protein=endopeptidase catalytic subunit] [protein_id=AOW26039.1] [location=complement(750533..751084)] [gbkey=CDS],0.6355033288652567
"lcl|CP017623.1_cds_AOW26040.1_336 [locus_tag=CAALFM_C103620CA] [db_xref=CGD:CAL0000190913] [protein=hypothetical protein] [protein_id=AOW26040.1] [location=complement(join(751389..751648,751978..752110))] [gbkey=CDS]",0.7880014837811763
lcl|CP017623.1_cds_AOW26041.1_337 [locus_tag=CAALFM_C103630WA] [db_xref=CGD:CAL0000181066] [protein=hypothetical protein] [protein_id=AOW26041.1] [location=752775..756314] [gbkey=CDS],0.6728143446625039
lcl|CP017623.1_cds_AOW26042.1_338 [gene=HFL1] [locus_tag=CAALFM_C103640CA] [db_xref=CGD:CAL0000178070] [protein=DNA polymerase epsilon noncatalytic subunit] [protein_id=AOW26042.1] [location=complement(756361..757074)] [gbkey=CDS],0.710384889691448
lcl|CP017623.1_cds_AOW26043.1_339 [gene=MRPL27] [locus_tag=CAALFM_C103650CA] [db_xref=CGD:CAL0000184130] [protein=mitochondrial 54S ribosomal protein YmL27] [protein_id=AOW26043.1] [location=complement(757289..757795)] [gbkey=CDS],0.712728052383976
lcl|CP017623.1_cds_AOW26044.1_340 [locus_tag=CAALFM_C103660WA] [db_xref=CGD:CAL0000184379] [protein=hypothetical protein] [protein_id=AOW26044.1] [location=758284..758523] [gbkey=CDS],0.6042582318718946
lcl|CP017623.1_cds_AOW26045.1_341 [gene=DAO1] [locus_tag=CAALFM_C103670CA] [db_xref=CGD:CAL0000179499] [protein=Dao1p] [protein_id=AOW26045.1] [location=complement(758553..759638)] [gbkey=CDS],0.6767024039868189
"lcl|CP017623.1_cds_AOW26046.1_342 [gene=ENG1] [locus_tag=CAALFM_C103680WA] [db_xref=CGD:CAL0000184614] [protein=endo-1,3(4)-beta-glucanase] [protein_id=AOW26046.1] [location=761416..764853] [gbkey=CDS]",0.7137886172277412
lcl|CP017623.1_cds_AOW26047.1_343 [locus_tag=CAALFM_C103690WA] [db_xref=CGD:CAL0000183593] [protein=hypothetical protein] [protein_id=AOW26047.1] [location=765465..766517] [gbkey=CDS],0.6957936618044427
lcl|CP017623.1_cds_AOW26048.1_344 [gene=MSB1] [locus_tag=CAALFM_C103710CA] [db_xref=CGD:CAL0000199709] [protein=Msb1p] [protein_id=AOW26048.1] [location=complement(767067..770930)] [gbkey=CDS],0.7135558044658858
lcl|CP017623.1_cds_AOW26049.1_345 [locus_tag=CAALFM_C103720CA] [db_xref=CGD:CAL0000200131] [protein=hypothetical protein] [protein_id=AOW26049.1] [location=complement(773999..775771)] [gbkey=CDS],0.7619470084814642
"lcl|CP017623.1_cds_AOW26050.1_346 [gene=MNS1] [locus_tag=CAALFM_C103730CA] [db_xref=CGD:CAL0000181785] [protein=mannosyl-oligosaccharide 1,2-alpha-mannosidase] [protein_id=AOW26050.1] [location=complement(776730..778577)] [gbkey=CDS]",0.7685549900182508
lcl|CP017623.1_cds_AOW26051.1_347 [gene=WAR1] [locus_tag=CAALFM_C103740WA] [db_xref=CGD:CAL0000177698] [protein=War1p] [protein_id=AOW26051.1] [location=781112..783955] [gbkey=CDS],0.6875949229550213
lcl|CP017623.1_cds_AOW26052.1_348 [locus_tag=CAALFM_C103750WA] [db_xref=CGD:CAL0000180110] [protein=hypothetical protein] [protein_id=AOW26052.1] [location=784461..785012] [gbkey=CDS],0.7618868074172525
lcl|CP017623.1_cds_AOW26053.1_349 [gene=STR2] [locus_tag=CAALFM_C103760CA] [db_xref=CGD:CAL0000185051] [protein=cystathionine gamma-synthase] [protein_id=AOW26053.1] [location=complement(785087..786874)] [gbkey=CDS],0.804672603450074
"lcl|CP017623.1_cds_AOW26054.1_350 [gene=SKO1] [locus_tag=CAALFM_C103770WA] [db_xref=CGD:CAL0000176357] [protein=Sko1p] [protein_id=AOW26054.1] [location=join(788296..788307,788418..790142)] [gbkey=CDS]",0.7099043102783348
lcl|CP017623.1_cds_AOW26055.1_351 [gene=HMG1] [locus_tag=CAALFM_C103780CA] [db_xref=CGD:CAL0000177752] [protein=hydroxymethylglutaryl-CoA reductase (NADPH)] [protein_id=AOW26055.1] [location=complement(790364..793585)] [gbkey=CDS],0.814320342283068
lcl|CP017623.1_cds_AOW26056.1_352 [locus_tag=CAALFM_C103790CA] [db_xref=CGD:CAL0000196167] [protein=peptidylprolyl isomerase] [protein_id=AOW26056.1] [location=complement(795543..796823)] [gbkey=CDS],0.8645555633683681
lcl|CP017623.1_cds_AOW26057.1_353 [gene=RPP1] [locus_tag=CAALFM_C103800WA] [db_xref=CGD:CAL0000197972] [protein=RNA-binding RNA processing protein] [protein_id=AOW26057.1] [location=797157..798089] [gbkey=CDS],0.8010023294509486
lcl|CP017623.1_cds_AOW26058.1_354 [gene=ELA1] [locus_tag=CAALFM_C103810CA] [db_xref=CGD:CAL0000185343] [protein=elongin A] [protein_id=AOW26058.1] [location=complement(798181..799359)] [gbkey=CDS],0.7898751749208522
lcl|CP017623.1_cds_AOW26059.1_355 [gene=PDR16] [locus_tag=CAALFM_C103820WA] [db_xref=CGD:CAL0000191119] [protein=phosphatidylinositol transporter] [protein_id=AOW26059.1] [location=801727..802836] [gbkey=CDS],0.843090292183503
lcl|CP017623.1_cds_AOW26060.1_356 [locus_tag=CAALFM_C103830CA] [db_xref=CGD:CAL0000197512] [protein=exosome non-catalytic core subunit] [protein_id=AOW26060.1] [location=complement(803002..803994)] [gbkey=CDS],0.7762878259249288
lcl|CP017623.1_cds_AOW26061.1_357 [locus_tag=CAALFM_C103840WA] [db_xref=CGD:CAL0000182429] [protein=hypothetical protein] [protein_id=AOW26061.1] [location=804198..804467] [gbkey=CDS],0.7840487058152472
lcl|CP017623.1_cds_AOW26062.1_358 [gene=BNI4] [locus_tag=CAALFM_C103860CA] [db_xref=CGD:CAL0000191087] [protein=Bni4p] [protein_id=AOW26062.1] [location=complement(806466..811433)] [gbkey=CDS],0.7922065801081353
lcl|CP017623.1_cds_AOW26063.1_359 [locus_tag=CAALFM_C103870CA] [db_xref=CGD:CAL0000183255] [protein=hypothetical protein] [protein_id=AOW26063.1] [location=complement(813869..815560)] [gbkey=CDS],0.8383162944628949
lcl|CP017623.1_cds_AOW26064.1_360 [locus_tag=CAALFM_C103880CA] [db_xref=CGD:CAL0000183934] [protein=hypothetical protein] [protein_id=AOW26064.1] [location=complement(820902..821264)] [gbkey=CDS],0.6540026659681659
lcl|CP017623.1_cds_AOW26065.1_361 [locus_tag=CAALFM_C103890WA] [db_xref=CGD:CAL0000177451] [protein=hypothetical protein] [protein_id=AOW26065.1] [location=823543..824613] [gbkey=CDS],0.8140147435848997
lcl|CP017623.1_cds_AOW26066.1_362 [gene=SEN15] [locus_tag=CAALFM_C103900WA] [db_xref=CGD:CAL0000181168] [protein=Sen15p] [protein_id=AOW26066.1] [location=825308..825823] [gbkey=CDS],0.8046011109085229
lcl|CP017623.1_cds_AOW26067.1_363 [locus_tag=CAALFM_C103910CA] [db_xref=CGD:CAL0000189517] [protein=hypothetical protein] [protein_id=AOW26067.1] [location=complement(825919..827970)] [gbkey=CDS],0.8362358502094365
lcl|CP017623.1_cds_AOW26068.1_364 [locus_tag=CAALFM_C103920CA] [db_xref=CGD:CAL0000174768] [protein=palmitoyltransferase] [protein_id=AOW26068.1] [location=complement(828496..830040)] [gbkey=CDS],0.8095207788367009
lcl|CP017623.1_cds_AOW26069.1_365 [locus_tag=CAALFM_C103930WA] [db_xref=CGD:CAL0000192464] [protein=hypothetical protein] [protein_id=AOW26069.1] [location=830273..831781] [gbkey=CDS],0.8449800044641712
lcl|CP017623.1_cds_AOW26070.1_366 [locus_tag=CAALFM_C103940WA] [db_xref=CGD:CAL0000180102] [protein=succinate dehydrogenase membrane anchor subunit] [protein_id=AOW26070.1] [location=832111..832620] [gbkey=CDS],0.9109574823687238
lcl|CP017623.1_cds_AOW26071.1_367 [locus_tag=CAALFM_C103950CA] [db_xref=CGD:CAL0000174429] [protein=hypothetical protein] [protein_id=AOW26071.1] [location=complement(833227..833766)] [gbkey=CDS],0.7598593011212675
lcl|CP017623.1_cds_AOW26072.1_368 [locus_tag=CAALFM_C103960CA] [db_xref=CGD:CAL0000177404] [protein=hypothetical protein] [protein_id=AOW26072.1] [location=complement(834229..836838)] [gbkey=CDS],0.8349571430097978
lcl|CP017623.1_cds_AOW26073.1_369 [gene=SPC19] [locus_tag=CAALFM_C103980WA] [db_xref=CGD:CAL0000196840] [protein=Spc19p] [protein_id=AOW26073.1] [location=838231..838758] [gbkey=CDS],0.8138612913280691
lcl|CP017623.1_cds_AOW26074.1_370 [locus_tag=CAALFM_C103990WA] [db_xref=CGD:CAL0000194949] [protein=hypothetical protein] [protein_id=AOW26074.1] [location=839278..840204] [gbkey=CDS],0.8312480414353401
lcl|CP017623.1_cds_AOW26075.1_371 [gene=KTR4] [locus_tag=CAALFM_C104000CA] [db_xref=CGD:CAL0000179131] [protein=putative mannosyltransferase] [protein_id=AOW26075.1] [location=complement(840359..841801)] [gbkey=CDS],0.8546085363780811
lcl|CP017623.1_cds_AOW26076.1_372 [locus_tag=CAALFM_C104010CA] [db_xref=CGD:CAL0000175827] [protein=hypothetical protein] [protein_id=AOW26076.1] [location=complement(842768..843802)] [gbkey=CDS],0.7582725659595505
lcl|CP017623.1_cds_AOW26077.1_373 [gene=CSH1] [locus_tag=CAALFM_C104020CA] [db_xref=CGD:CAL0000175449] [protein=Csh1p] [protein_id=AOW26077.1] [location=complement(844770..845783)] [gbkey=CDS],0.7237657964343583
lcl|CP017623.1_cds_AOW26078.1_374 [locus_tag=CAALFM_C104030WA] [db_xref=CGD:CAL0000199979] [protein=aspartate--tRNA ligase] [protein_id=AOW26078.1] [location=846649..848745] [gbkey=CDS],0.749565925587789
lcl|CP017623.1_cds_AOW26079.1_375 [locus_tag=CAALFM_C104040CA] [db_xref=CGD:CAL0000182236] [protein=RNA-binding RNA processing protein] [protein_id=AOW26079.1] [location=complement(848808..850970)] [gbkey=CDS],0.7804234408443764
lcl|CP017623.1_cds_AOW26080.1_376 [gene=MFALPHA] [locus_tag=CAALFM_C104050CA] [db_xref=CGD:CAL0000200672] [protein=mating pheromone alpha] [protein_id=AOW26080.1] [location=complement(851796..852227)] [gbkey=CDS],0.8046045089146852
lcl|CP017623.1_cds_AOW26081.1_377 [gene=IFI3] [locus_tag=CAALFM_C104060WA] [db_xref=CGD:CAL0000178299] [protein=Ifi3p] [protein_id=AOW26081.1] [location=853943..855709] [gbkey=CDS],0.7754495149418441
"lcl|CP017623.1_cds_AOW26082.1_378 [gene=BET4] [locus_tag=CAALFM_C104070CA] [db_xref=CGD:CAL0000186490] [protein=Rab geranylgeranyltransferase] [protein_id=AOW26082.1] [location=complement(join(855857..856960,857045..857047))] [gbkey=CDS]",0.8777304536089591
lcl|CP017623.1_cds_AOW26083.1_379 [gene=MAD2] [locus_tag=CAALFM_C104080WA] [db_xref=CGD:CAL0000196404] [protein=spindle checkpoint protein] [protein_id=AOW26083.1] [location=857251..857895] [gbkey=CDS],0.830588362036733
lcl|CP017623.1_cds_AOW26084.1_380 [locus_tag=CAALFM_C104090CA] [db_xref=CGD:CAL0000177605] [protein=hypothetical protein] [protein_id=AOW26084.1] [location=complement(857906..859393)] [gbkey=CDS],0.8246647935928006
lcl|CP017623.1_cds_AOW26085.1_381 [gene=POR1] [locus_tag=CAALFM_C104100CA] [db_xref=CGD:CAL0000182381] [protein=porin] [protein_id=AOW26085.1] [location=complement(859621..860469)] [gbkey=CDS],0.829629336854046
lcl|CP017623.1_cds_AOW26086.1_382 [locus_tag=CAALFM_C104110WA] [db_xref=CGD:CAL0000184512] [protein=lysophosphatidic acid acyltransferase] [protein_id=AOW26086.1] [location=862034..862951] [gbkey=CDS],0.8401954570510561
lcl|CP017623.1_cds_AOW26087.1_383 [locus_tag=CAALFM_C104120CA] [db_xref=CGD:CAL0000185401] [protein=U2 snRNP complex subunit] [protein_id=AOW26087.1] [location=complement(863013..864074)] [gbkey=CDS],0.7741589016970978
lcl|CP017623.1_cds_AOW26088.1_384 [gene=ERB1] [locus_tag=CAALFM_C104130WA] [db_xref=CGD:CAL0000194713] [protein=Erb1p] [protein_id=AOW26088.1] [location=864122..866671] [gbkey=CDS],0.8574268137176329
lcl|CP017623.1_cds_AOW26089.1_385 [gene=IFD6] [locus_tag=CAALFM_C104140WA] [db_xref=CGD:CAL0000201829] [protein=Ifd6p] [protein_id=AOW26089.1] [location=867380..868414] [gbkey=CDS],0.807072637383881
lcl|CP017623.1_cds_AOW26090.1_386 [locus_tag=CAALFM_C104150CA] [db_xref=CGD:CAL0000194890] [protein=hypothetical protein] [protein_id=AOW26090.1] [location=complement(868503..869087)] [gbkey=CDS],0.8715627401236961
lcl|CP017623.1_cds_AOW26091.1_387 [locus_tag=CAALFM_C104160CA] [db_xref=CGD:CAL0000175962] [protein=putative ADP-ribose 1''-phosphate phosphatase] [protein_id=AOW26091.1] [location=complement(869423..870325)] [gbkey=CDS],0.7857426357381523
lcl|CP017623.1_cds_AOW26092.1_388 [gene=HTA2] [locus_tag=CAALFM_C104170CA] [db_xref=CGD:CAL0000200441] [protein=histone H2A] [protein_id=AOW26092.1] [location=complement(870671..871066)] [gbkey=CDS],0.8523375330380557
lcl|CP017623.1_cds_AOW26093.1_389 [locus_tag=CAALFM_C104180WA] [db_xref=CGD:CAL0000199081] [protein=hypothetical protein] [protein_id=AOW26093.1] [location=871931..872323] [gbkey=CDS],0.837455962626886
lcl|CP017623.1_cds_AOW26094.1_390 [locus_tag=CAALFM_C104190CA] [db_xref=CGD:CAL0000175277] [protein=hypothetical protein] [protein_id=AOW26094.1] [location=complement(872592..873764)] [gbkey=CDS],0.7981584068085702
lcl|CP017623.1_cds_AOW26095.1_391 [locus_tag=CAALFM_C104200CA] [db_xref=CGD:CAL0000191426] [protein=nucleoporin] [protein_id=AOW26095.1] [location=complement(874582..875391)] [gbkey=CDS],0.8533761932871246
"lcl|CP017623.1_cds_AOW26096.1_392 [gene=CDC3] [locus_tag=CAALFM_C104210CA] [db_xref=CGD:CAL0000192358] [protein=septin] [protein_id=AOW26096.1] [location=complement(join(876392..877668,877782..877791))] [gbkey=CDS]",0.8281313913359035
lcl|CP017623.1_cds_AOW26097.1_393 [locus_tag=CAALFM_C104220CA] [db_xref=CGD:CAL0000176170] [protein=hypothetical protein] [protein_id=AOW26097.1] [location=complement(878742..879311)] [gbkey=CDS],0.7757141614721714
"lcl|CP017623.1_cds_AOW26098.1_394 [locus_tag=CAALFM_C104230WA] [db_xref=CGD:CAL0000175707] [protein=proteasome regulatory particle lid subunit] [protein_id=AOW26098.1] [location=join(879636..880102,880250..880616)] [gbkey=CDS]",0.7752647021661807
lcl|CP017623.1_cds_AOW26099.1_395 [gene=HHF1] [locus_tag=CAALFM_C104240CA] [db_xref=CGD:CAL0000174606] [protein=histone] [protein_id=AOW26099.1] [location=complement(880940..881257)] [gbkey=CDS],0.8242687987983125
lcl|CP017623.1_cds_AOW26100.1_396 [gene=HHT21] [locus_tag=CAALFM_C104260WA] [db_xref=CGD:CAL0000180612] [protein=Hht21p] [protein_id=AOW26100.1] [location=882165..882575] [gbkey=CDS],0.8301342447435918
lcl|CP017623.1_cds_AOW26101.1_397 [locus_tag=CAALFM_C104270CA] [db_xref=CGD:CAL0000188570] [protein=hypothetical protein] [protein_id=AOW26101.1] [location=complement(882919..884154)] [gbkey=CDS],0.8062118399000144
lcl|CP017623.1_cds_AOW26102.1_398 [locus_tag=CAALFM_C104280CA] [db_xref=CGD:CAL0000178044] [protein=GPI-anchor transamidase] [protein_id=AOW26102.1] [location=complement(884550..885734)] [gbkey=CDS],0.7936033007182435
"lcl|CP017623.1_cds_AOW26103.1_399 [gene=ACS2] [locus_tag=CAALFM_C104290CA] [db_xref=CGD:CAL0000197968] [protein=acetate--CoA ligase] [protein_id=AOW26103.1] [location=complement(join(886010..888039,889117))] [gbkey=CDS]",0.811107132586256
lcl|CP017623.1_cds_AOW26104.1_400 [gene=SSA2] [locus_tag=CAALFM_C104300CA] [db_xref=CGD:CAL0000184853] [protein=Hsp70 family chaperone] [protein_id=AOW26104.1] [location=complement(890373..892310)] [gbkey=CDS],0.7809961989021778
lcl|CP017623.1_cds_AOW26105.1_401 [gene=GIG1] [locus_tag=CAALFM_C104310CA] [db_xref=CGD:CAL0000193934] [protein=Gig1p] [protein_id=AOW26105.1] [location=complement(892910..893674)] [gbkey=CDS],0.792848697107728
lcl|CP017623.1_cds_AOW26106.1_402 [gene=GPM2] [locus_tag=CAALFM_C104320WA] [db_xref=CGD:CAL0000180080] [protein=Gpm2p] [protein_id=AOW26106.1] [location=895092..895877] [gbkey=CDS],0.78209478062206506
lcl|CP017623.1_cds_AOW26107.1_403 [gene=RPN4] [locus_tag=CAALFM_C104330WA] [db_xref=CGD:CAL0000195107] [protein=stress-regulated transcription factor] [protein_id=AOW26107.1] [location=897942..899552] [gbkey=CDS],0.6884043675947529
lcl|CP017623.1_cds_AOW26108.1_404 [locus_tag=CAALFM_C104340CA] [db_xref=CGD:CAL0000200078] [protein=hypothetical protein] [protein_id=AOW26108.1] [location=complement(899992..900945)] [gbkey=CDS],0.7856532787417909
lcl|CP017623.1_cds_AOW26109.1_405 [locus_tag=CAALFM_C104350CA] [db_xref=CGD:CAL0000193115] [protein=hypothetical protein] [protein_id=AOW26109.1] [location=complement(901560..903929)] [gbkey=CDS],0.7146825019079742
lcl|CP017623.1_cds_AOW26110.1_406 [locus_tag=CAALFM_C104360CA] [db_xref=CGD:CAL0000190017] [protein=hypothetical protein] [protein_id=AOW26110.1] [location=complement(905274..905525)] [gbkey=CDS],0.7706693153132255
lcl|CP017623.1_cds_AOW26111.1_407 [locus_tag=CAALFM_C104370CA] [db_xref=CGD:CAL0000192931] [protein=mitochondrial 37S ribosomal protein RSM18] [protein_id=AOW26111.1] [location=complement(905958..906560)] [gbkey=CDS],0.7261444319481922
lcl|CP017623.1_cds_AOW26112.1_408 [gene=SIT4] [locus_tag=CAALFM_C104380WA] [db_xref=CGD:CAL0000187173] [protein=type 2A-related serine/threonine-protein phosphatase] [protein_id=AOW26112.1] [location=907132..908076] [gbkey=CDS],0.6935200639974883
lcl|CP017623.1_cds_AOW26113.1_409 [gene=NOP4] [locus_tag=CAALFM_C104390CA] [db_xref=CGD:CAL0000184653] [protein=mRNA-binding ribosome biosynthesis protein] [protein_id=AOW26113.1] [location=complement(908570..910795)] [gbkey=CDS],0.7385012721863062
"lcl|CP017623.1_cds_AOW26114.1_410 [gene=APE2] [locus_tag=CAALFM_C104400CA] [db_xref=CGD:CAL0000186164] [protein=metallo-aminopeptidase] [protein_id=AOW26114.1] [location=complement(join(911109..913713,914159..914328))] [gbkey=CDS]",0.7278243169660743
lcl|CP017623.1_cds_AOW26115.1_411 [gene=ESS1] [locus_tag=CAALFM_C104410CA] [db_xref=CGD:CAL0000196636] [protein=peptidylprolyl isomerase] [protein_id=AOW26115.1] [location=complement(914539..915072)] [gbkey=CDS],0.643027748321153
lcl|CP017623.1_cds_AOW26116.1_412 [gene=URA6] [locus_tag=CAALFM_C104420CA] [db_xref=CGD:CAL0000189392] [protein=bifunctional uridylate/adenylate kinase] [protein_id=AOW26116.1] [location=complement(915265..916104)] [gbkey=CDS],0.7061784758881563
"lcl|CP017623.1_cds_AOW26117.1_413 [locus_tag=CAALFM_C104430CA] [db_xref=CGD:CAL0000178260] [protein=sepiapterin reductase family protein] [protein_id=AOW26117.1] [location=complement(join(916437..917161,917227..917263))] [gbkey=CDS]",0.6881970579469382
lcl|CP017623.1_cds_AOW26118.1_414 [locus_tag=CAALFM_C104440WA] [db_xref=CGD:CAL0000179171] [protein=hypothetical protein] [protein_id=AOW26118.1] [location=916801..917169] [gbkey=CDS],0.672682656241411
"lcl|CP017623.1_cds_AOW26119.1_415 [gene=FMA1] [locus_tag=CAALFM_C104450CA] [db_xref=CGD:CAL0000190455] [protein=Fma1p] [protein_id=AOW26119.1] [location=complement(join(917491..918215,918287..918323))] [gbkey=CDS]",0.7261031535543487
lcl|CP017623.1_cds_AOW26120.1_416 [locus_tag=CAALFM_C104460CA] [db_xref=CGD:CAL0000201235] [protein=hypothetical protein] [protein_id=AOW26120.1] [location=complement(918745..919554)] [gbkey=CDS],0.7084633043453147
lcl|CP017623.1_cds_AOW26121.1_417 [locus_tag=CAALFM_C104470CA] [db_xref=CGD:CAL0000196664] [protein=hypothetical protein] [protein_id=AOW26121.1] [location=complement(920167..920688)] [gbkey=CDS],0.6323242402790077
lcl|CP017623.1_cds_AOW26122.1_418 [gene=TUS1] [locus_tag=CAALFM_C104480CA] [db_xref=CGD:CAL0000189010] [protein=Rho family guanine nucleotide exchange factor] [protein_id=AOW26122.1] [location=complement(921715..925908)] [gbkey=CDS],0.6529886986012872
lcl|CP017623.1_cds_AOW26123.1_419 [locus_tag=CAALFM_C104490WA] [db_xref=CGD:CAL0000188737] [protein=hypothetical protein] [protein_id=AOW26123.1] [location=926875..927996] [gbkey=CDS],0.6970715598449814
lcl|CP017623.1_cds_AOW26124.1_420 [gene=ICL1] [locus_tag=CAALFM_C104500WA] [db_xref=CGD:CAL0000178151] [protein=isocitrate lyase 1] [protein_id=AOW26124.1] [location=929091..930743] [gbkey=CDS],0.7092084946857485
lcl|CP017623.1_cds_AOW26125.1_421 [locus_tag=CAALFM_C104510WA] [db_xref=CGD:CAL0000190911] [protein=hypothetical protein] [protein_id=AOW26125.1] [location=931183..932622] [gbkey=CDS],0.6736636120998458
"lcl|CP017623.1_cds_AOW26126.1_422 [gene=PHO85] [locus_tag=CAALFM_C104520CA] [db_xref=CGD:CAL0000200290] [protein=cyclin-dependent serine/threonine-protein kinase] [protein_id=AOW26126.1] [location=complement(join(932754..933732,933812..933831))] [gbkey=CDS]",0.7141022317850572
lcl|CP017623.1_cds_AOW26127.1_423 [locus_tag=CAALFM_C104530CA] [db_xref=CGD:CAL0000181781] [protein=tRNA (uracil) methyltransferase] [protein_id=AOW26127.1] [location=complement(934147..935706)] [gbkey=CDS],0.6240123060529986
lcl|CP017623.1_cds_AOW26128.1_424 [gene=VPS16] [locus_tag=CAALFM_C104540CA] [db_xref=CGD:CAL0000185387] [protein=tethering complex subunit] [protein_id=AOW26128.1] [location=complement(936078..938918)] [gbkey=CDS],0.6668289024371882
lcl|CP017623.1_cds_AOW26129.1_425 [gene=ELC1] [locus_tag=CAALFM_C104550WA] [db_xref=CGD:CAL0000177304] [protein=elongin C] [protein_id=AOW26129.1] [location=939165..939467] [gbkey=CDS],0.7138190399731134
lcl|CP017623.1_cds_AOW26130.1_426 [locus_tag=CAALFM_C104560WA] [db_xref=CGD:CAL0000175041] [protein=ubiquitin-protein ligase] [protein_id=AOW26130.1] [location=940013..941746] [gbkey=CDS],0.6902449318002736
lcl|CP017623.1_cds_AOW26131.1_427 [gene=CHL4] [locus_tag=CAALFM_C104570CA] [db_xref=CGD:CAL0000188322] [protein=Chl4p] [protein_id=AOW26131.1] [location=complement(941946..943343)] [gbkey=CDS],0.6792095754778551
lcl|CP017623.1_cds_AOW26132.1_428 [locus_tag=CAALFM_C104580CA] [db_xref=CGD:CAL0000189650] [protein=hypothetical protein] [protein_id=AOW26132.1] [location=complement(943640..944467)] [gbkey=CDS],0.6542866178733151
lcl|CP017623.1_cds_AOW26133.1_429 [locus_tag=CAALFM_C104590WA] [db_xref=CGD:CAL0000174930] [protein=hypothetical protein] [protein_id=AOW26133.1] [location=946251..946439] [gbkey=CDS],0.7436828997787701
lcl|CP017623.1_cds_AOW26134.1_430 [locus_tag=CAALFM_C104600CA] [db_xref=CGD:CAL0000195654] [protein=hypothetical protein] [protein_id=AOW26134.1] [location=complement(947537..948574)] [gbkey=CDS],0.6784746783191783
"lcl|CP017623.1_cds_AOW26135.1_431 [gene=ATP1] [locus_tag=CAALFM_C104610WA] [db_xref=CGD:CAL0000188156] [protein=F1F0 ATP synthase subunit alpha] [protein_id=AOW26135.1] [location=join(949329..949403,949692..949834,950049..951471)] [gbkey=CDS]",0.7845532902908118
lcl|CP017623.1_cds_AOW26136.1_432 [locus_tag=CAALFM_C104620WA] [db_xref=CGD:CAL0000194556] [protein=hypothetical protein] [protein_id=AOW26136.1] [location=952320..954050] [gbkey=CDS],0.7062311271613058
lcl|CP017623.1_cds_AOW26137.1_433 [locus_tag=CAALFM_C104630CA] [db_xref=CGD:CAL0000188465] [protein=putative aminophospholipid-translocating P4-type ATPase] [protein_id=AOW26137.1] [location=complement(954196..957687)] [gbkey=CDS],0.6890624760543662
lcl|CP017623.1_cds_AOW26138.1_434 [locus_tag=CAALFM_C104640WA] [db_xref=CGD:CAL0000179190] [protein=triacylglycerol lipase] [protein_id=AOW26138.1] [location=958785..960746] [gbkey=CDS],0.6871784585657248
lcl|CP017623.1_cds_AOW26139.1_435 [gene=DUR3] [locus_tag=CAALFM_C104650WA] [db_xref=CGD:CAL0000194064] [protein=Dur3p] [protein_id=AOW26139.1] [location=961930..964107] [gbkey=CDS],0.7504648554437907
"lcl|CP017623.1_cds_AOW26140.1_436 [gene=DUR1,2] [locus_tag=CAALFM_C104660WA] [db_xref=CGD:CAL0000184290] [protein=bifunctional urea carboxylase/allophanate hydrolase] [protein_id=AOW26140.1] [location=965166..970607] [gbkey=CDS]",0.7664810345609135
lcl|CP017623.1_cds_AOW26141.1_437 [gene=HAT1] [locus_tag=CAALFM_C104670WA] [db_xref=CGD:CAL0000199484] [protein=histone acetyltransferase catalytic subunit] [protein_id=AOW26141.1] [location=970917..972158] [gbkey=CDS],0.7228424465712209
lcl|CP017623.1_cds_AOW26142.1_438 [gene=PIL1] [locus_tag=CAALFM_C104680WA] [db_xref=CGD:CAL0000179346] [protein=lipid-binding protein] [protein_id=AOW26142.1] [location=973480..974406] [gbkey=CDS],0.8049839709681438
lcl|CP017623.1_cds_AOW26143.1_439 [locus_tag=CAALFM_C104690CA] [db_xref=CGD:CAL0000178099] [protein=hypothetical protein] [protein_id=AOW26143.1] [location=complement(974965..976872)] [gbkey=CDS],0.7570370560651504
lcl|CP017623.1_cds_AOW26144.1_440 [locus_tag=CAALFM_C104700CA] [db_xref=CGD:CAL0000189794] [protein=hypothetical protein] [protein_id=AOW26144.1] [location=complement(977199..979934)] [gbkey=CDS],0.7311919808051996
lcl|CP017623.1_cds_AOW26145.1_441 [locus_tag=CAALFM_C104710CA] [db_xref=CGD:CAL0000175312] [protein=hypothetical protein] [protein_id=AOW26145.1] [location=complement(980592..981179)] [gbkey=CDS],0.7512119099071765
lcl|CP017623.1_cds_AOW26146.1_442 [locus_tag=CAALFM_C104720WA] [db_xref=CGD:CAL0000194999] [protein=hypothetical protein] [protein_id=AOW26146.1] [location=982170..982391] [gbkey=CDS],0.7021882774253149
lcl|CP017623.1_cds_AOW26147.1_443 [gene=LYS21] [locus_tag=CAALFM_C104730CA] [db_xref=CGD:CAL0000190246] [protein=homocitrate synthase] [protein_id=AOW26147.1] [location=complement(982545..983831)] [gbkey=CDS],0.7888748870678117
lcl|CP017623.1_cds_AOW26148.1_444 [gene=LPG20] [locus_tag=CAALFM_C104740WA] [db_xref=CGD:CAL0000174538] [protein=aldo-keto reductase superfamily protein] [protein_id=AOW26148.1] [location=984729..985775] [gbkey=CDS],0.8234049672762096
lcl|CP017623.1_cds_AOW26149.1_445 [gene=IFE1] [locus_tag=CAALFM_C104750WA] [db_xref=CGD:CAL0000197952] [protein=putative dehydrogenase] [protein_id=AOW26149.1] [location=986263..987447] [gbkey=CDS],0.7966661448827104
lcl|CP017623.1_cds_AOW26150.1_446 [gene=SYG1] [locus_tag=CAALFM_C104760CA] [db_xref=CGD:CAL0000192165] [protein=Syg1p] [protein_id=AOW26150.1] [location=complement(987525..990488)] [gbkey=CDS],0.7497973339615193
lcl|CP017623.1_cds_AOW26151.1_447 [gene=ERG3] [locus_tag=CAALFM_C104770CA] [db_xref=CGD:CAL0000190948] [protein=C-5 sterol desaturase] [protein_id=AOW26151.1] [location=complement(991622..992782)] [gbkey=CDS],0.8059550589135847
lcl|CP017623.1_cds_AOW26152.1_448 [locus_tag=CAALFM_C104780CA] [db_xref=CGD:CAL0000179163] [protein=hypothetical protein] [protein_id=AOW26152.1] [location=complement(994377..997034)] [gbkey=CDS],0.7475938948334735
lcl|CP017623.1_cds_AOW26153.1_449 [locus_tag=CAALFM_C104790WA] [db_xref=CGD:CAL0000178064] [protein=hypothetical protein] [protein_id=AOW26153.1] [location=997297..997971] [gbkey=CDS],0.7450887262345735
lcl|CP017623.1_cds_AOW26154.1_450 [locus_tag=CAALFM_C104800CA] [db_xref=CGD:CAL0000194369] [protein=hypothetical protein] [protein_id=AOW26154.1] [location=complement(998118..1000229)] [gbkey=CDS],0.7243630871218989
lcl|CP017623.1_cds_AOW26155.1_451 [gene=TCO89] [locus_tag=CAALFM_C104810WA] [db_xref=CGD:CAL0000194863] [protein=Tco89p] [protein_id=AOW26155.1] [location=1001617..1003743] [gbkey=CDS],0.6372337339673907
lcl|CP017623.1_cds_AOW26156.1_452 [locus_tag=CAALFM_C104820CA] [db_xref=CGD:CAL0000201459] [protein=putative mitochondrial 54S ribosomal protein RTC6] [protein_id=AOW26156.1] [location=complement(1003914..1004285)] [gbkey=CDS],0.6219708576848962
lcl|CP017623.1_cds_AOW26157.1_453 [gene=SEC21] [locus_tag=CAALFM_C104830WA] [db_xref=CGD:CAL0000193121] [protein=coatomer subunit gamma] [protein_id=AOW26157.1] [location=1004469..1007279] [gbkey=CDS],0.7498953236531513
lcl|CP017623.1_cds_AOW26158.1_454 [locus_tag=CAALFM_C104840CA] [db_xref=CGD:CAL0000180993] [protein=hypothetical protein] [protein_id=AOW26158.1] [location=complement(1007444..1007815)] [gbkey=CDS],0.7313847238997436
lcl|CP017623.1_cds_AOW26159.1_455 [locus_tag=CAALFM_C104860WA] [db_xref=CGD:CAL0000177097] [protein=hypothetical protein] [protein_id=AOW26159.1] [location=1008955..1011525] [gbkey=CDS],0.7395264433828314
lcl|CP017623.1_cds_AOW26160.1_456 [gene=SAP7] [locus_tag=CAALFM_C104870WA] [db_xref=CGD:CAL0000192370] [protein=Sap7p] [protein_id=AOW26160.1] [location=1012991..1014757] [gbkey=CDS],0.7973986732450384
lcl|CP017623.1_cds_AOW26161.1_457 [gene=MRPL37] [locus_tag=CAALFM_C104880CA] [db_xref=CGD:CAL0000176231] [protein=mitochondrial 54S ribosomal protein YmL37] [protein_id=AOW26161.1] [location=complement(1015097..1015459)] [gbkey=CDS],0.8114182676643993
lcl|CP017623.1_cds_AOW26162.1_458 [gene=YBN5] [locus_tag=CAALFM_C104890WA] [db_xref=CGD:CAL0000180814] [protein=Obg-like ATPase] [protein_id=AOW26162.1] [location=1015786..1016976] [gbkey=CDS],0.8072538975532044
"lcl|CP017623.1_cds_AOW26163.1_459 [gene=MNN15] [locus_tag=CAALFM_C104900WA] [db_xref=CGD:CAL0000175887] [protein=putative alpha-1,3-mannosyltransferase] [protein_id=AOW26163.1] [location=1017681..1019972] [gbkey=CDS]",0.7032970465854117
lcl|CP017623.1_cds_AOW26164.1_460 [locus_tag=CAALFM_C104910CA] [db_xref=CGD:CAL0000195447] [protein=hypothetical protein] [protein_id=AOW26164.1] [location=complement(1020126..1021085)] [gbkey=CDS],0.7474085270970117
lcl|CP017623.1_cds_AOW26165.1_461 [locus_tag=CAALFM_C104930CA] [db_xref=CGD:CAL0000197113] [protein=hypothetical protein] [protein_id=AOW26165.1] [location=complement(1021667..1022368)] [gbkey=CDS],0.7235487295551651
lcl|CP017623.1_cds_AOW26166.1_462 [locus_tag=CAALFM_C104940CA] [db_xref=CGD:CAL0000186239] [protein=hypothetical protein] [protein_id=AOW26166.1] [location=complement(1023215..1023751)] [gbkey=CDS],0.7716665465749887
lcl|CP017623.1_cds_AOW26167.1_463 [gene=RPM2] [locus_tag=CAALFM_C104950CA] [db_xref=CGD:CAL0000181853] [protein=ribonuclease P] [protein_id=AOW26167.1] [location=complement(1028271..1032458)] [gbkey=CDS],0.8050494515431181
lcl|CP017623.1_cds_AOW26168.1_464 [locus_tag=CAALFM_C104960CA] [db_xref=CGD:CAL0000201500] [protein=SCF ubiquitin ligase complex subunit] [protein_id=AOW26168.1] [location=complement(1033844..1035829)] [gbkey=CDS],0.7801053207781247
lcl|CP017623.1_cds_AOW26169.1_465 [locus_tag=CAALFM_C104970WA] [db_xref=CGD:CAL0000196200] [protein=translation initiation factor 3 subunit] [protein_id=AOW26169.1] [location=1036804..1040895] [gbkey=CDS],0.86736813182791
lcl|CP017623.1_cds_AOW26170.1_466 [locus_tag=CAALFM_C104980CA] [db_xref=CGD:CAL0000174586] [protein=hypothetical protein] [protein_id=AOW26170.1] [location=complement(1041964..1043523)] [gbkey=CDS],0.8161296871571095
lcl|CP017623.1_cds_AOW26171.1_467 [locus_tag=CAALFM_C104990CA] [db_xref=CGD:CAL0000188024] [protein=hypothetical protein] [protein_id=AOW26171.1] [location=complement(1044362..1045495)] [gbkey=CDS],0.6983161215654548
lcl|CP017623.1_cds_AOW26172.1_468 [gene=RHD1] [locus_tag=CAALFM_C105000WA] [db_xref=CGD:CAL0000199919] [protein=Rhd1p] [protein_id=AOW26172.1] [location=1048309..1050273] [gbkey=CDS],0.8006259888093291
lcl|CP017623.1_cds_AOW26173.1_469 [locus_tag=CAALFM_C105010CA] [db_xref=CGD:CAL0000184411] [protein=PAQR-type receptor] [protein_id=AOW26173.1] [location=complement(1050452..1051426)] [gbkey=CDS],0.8312442345234877
lcl|CP017623.1_cds_AOW26174.1_470 [gene=ARG2] [locus_tag=CAALFM_C105020CA] [db_xref=CGD:CAL0000184037] [protein=acetyl-CoA:L-glutamate N-acetyltransferase] [protein_id=AOW26174.1] [location=complement(1051994..1053736)] [gbkey=CDS],0.7402375622642077
"lcl|CP017623.1_cds_AOW26175.1_471 [gene=PSF2] [locus_tag=CAALFM_C105030CA] [db_xref=CGD:CAL0000196709] [protein=DNA replication protein] [protein_id=AOW26175.1] [location=complement(join(1054104..1054595,1054680..1054799))] [gbkey=CDS]",0.7524820993943819
lcl|CP017623.1_cds_AOW26176.1_472 [gene=RRP6] [locus_tag=CAALFM_C105050CA] [db_xref=CGD:CAL0000183418] [protein=exosome nuclease subunit] [protein_id=AOW26176.1] [location=complement(1055313..1057673)] [gbkey=CDS],0.7419585790761325
lcl|CP017623.1_cds_AOW26177.1_473 [gene=REI1] [locus_tag=CAALFM_C105060WA] [db_xref=CGD:CAL0000177865] [protein=Rei1p] [protein_id=AOW26177.1] [location=1058030..1059178] [gbkey=CDS],0.7936940268556133
lcl|CP017623.1_cds_AOW26178.1_474 [gene=GPI7] [locus_tag=CAALFM_C105070CA] [db_xref=CGD:CAL0000200443] [protein=mannose-ethanolamine phosphotransferase] [protein_id=AOW26178.1] [location=complement(1059228..1061885)] [gbkey=CDS],0.7331452091862604
lcl|CP017623.1_cds_AOW26179.1_475 [gene=GPT1] [locus_tag=CAALFM_C105080WA] [db_xref=CGD:CAL0000188952] [protein=Gpt1p] [protein_id=AOW26179.1] [location=1064009..1065736] [gbkey=CDS],0.7365490100119364
lcl|CP017623.1_cds_AOW26180.1_476 [gene=TRY2] [locus_tag=CAALFM_C105090WA] [db_xref=CGD:CAL0000191257] [protein=Try2p] [protein_id=AOW26180.1] [location=1066117..1067232] [gbkey=CDS],0.6715211141824273
lcl|CP017623.1_cds_AOW26181.1_477 [locus_tag=CAALFM_C105100WA] [db_xref=CGD:CAL0000178764] [protein=hypothetical protein] [protein_id=AOW26181.1] [location=1067544..1068347] [gbkey=CDS],0.7658169193961235
lcl|CP017623.1_cds_AOW26182.1_478 [gene=ARO4] [locus_tag=CAALFM_C105110CA] [db_xref=CGD:CAL0000182853] [protein=3-deoxy-7-phosphoheptulonate synthase] [protein_id=AOW26182.1] [location=complement(1068523..1069635)] [gbkey=CDS],0.7490047436483314
lcl|CP017623.1_cds_AOW26183.1_479 [locus_tag=CAALFM_C105120WA] [db_xref=CGD:CAL0000190783] [protein=amino acid transporter] [protein_id=AOW26183.1] [location=1070515..1071795] [gbkey=CDS],0.7085686450773027
lcl|CP017623.1_cds_AOW26184.1_480 [gene=BRG1] [locus_tag=CAALFM_C105140WA] [db_xref=CGD:CAL0000196982] [protein=Brg1p] [protein_id=AOW26184.1] [location=1082624..1083892] [gbkey=CDS],0.7229280111649662
lcl|CP017623.1_cds_AOW26185.1_481 [locus_tag=CAALFM_C105150CA] [db_xref=CGD:CAL0000192054] [protein=hypothetical protein] [protein_id=AOW26185.1] [location=complement(1084950..1085183)] [gbkey=CDS],0.7353700366284167
lcl|CP017623.1_cds_AOW26186.1_482 [locus_tag=CAALFM_C105160CA] [db_xref=CGD:CAL0000182007] [protein=hypothetical protein] [protein_id=AOW26186.1] [location=complement(1092614..1093810)] [gbkey=CDS],0.7073214993639099
lcl|CP017623.1_cds_AOW26187.1_483 [gene=CUE5] [locus_tag=CAALFM_C105170CA] [db_xref=CGD:CAL0000199921] [protein=ubiquitin-binding protein] [protein_id=AOW26187.1] [location=complement(1094679..1095959)] [gbkey=CDS],0.7349005861067223
"lcl|CP017623.1_cds_AOW26188.1_484 [locus_tag=CAALFM_C105180CA] [db_xref=CGD:CAL0000188334] [protein=hypothetical protein] [protein_id=AOW26188.1] [location=complement(join(1097142..1097347,1097501..1097528))] [gbkey=CDS]",0.8785248427708074
"lcl|CP017623.1_cds_AOW26189.1_485 [locus_tag=CAALFM_C105190CA] [db_xref=CGD:CAL0000184657] [protein=hypothetical protein] [protein_id=AOW26189.1] [location=complement(join(1098256..1098449,1098552..1098588))] [gbkey=CDS]",0.717689246662113
lcl|CP017623.1_cds_AOW26190.1_486 [locus_tag=CAALFM_C105200CA] [db_xref=CGD:CAL0000201611] [protein=hypothetical protein] [protein_id=AOW26190.1] [location=complement(1099257..1100150)] [gbkey=CDS],0.6670712735325748
lcl|CP017623.1_cds_AOW26191.1_487 [locus_tag=CAALFM_C105210CA] [db_xref=CGD:CAL0000195827] [protein=hypothetical protein] [protein_id=AOW26191.1] [location=complement(1101241..1102398)] [gbkey=CDS],0.7109781222461429
lcl|CP017623.1_cds_AOW26192.1_488 [locus_tag=CAALFM_C105220CA] [db_xref=CGD:CAL0000185681] [protein=hypothetical protein] [protein_id=AOW26192.1] [location=complement(1102611..1103048)] [gbkey=CDS],0.6723968523681707
lcl|CP017623.1_cds_AOW26193.1_489 [locus_tag=CAALFM_C105230WA] [db_xref=CGD:CAL0000199486] [protein=DNA-directed RNA polymerase III subunit] [protein_id=AOW26193.1] [location=1103297..1103884] [gbkey=CDS],0.7725260569848393
lcl|CP017623.1_cds_AOW26194.1_490 [gene=RPT1] [locus_tag=CAALFM_C105240CA] [db_xref=CGD:CAL0000180078] [protein=proteasome regulatory particle base subunit] [protein_id=AOW26194.1] [location=complement(1104007..1105341)] [gbkey=CDS],0.7140692190294843
lcl|CP017623.1_cds_AOW26195.1_491 [locus_tag=CAALFM_C105250WA] [db_xref=CGD:CAL0000189704] [protein=hypothetical protein] [protein_id=AOW26195.1] [location=1104248..1104862] [gbkey=CDS],0.6402341877257482
lcl|CP017623.1_cds_AOW26196.1_492 [gene=SDH1] [locus_tag=CAALFM_C105260CA] [db_xref=CGD:CAL0000178926] [protein=succinate dehydrogenase flavoprotein subunit] [protein_id=AOW26196.1] [location=complement(1105631..1107547)] [gbkey=CDS],0.6745687112282711
lcl|CP017623.1_cds_AOW26197.1_493 [locus_tag=CAALFM_C105270CA] [db_xref=CGD:CAL0000174972] [protein=hypothetical protein] [protein_id=AOW26197.1] [location=complement(1108146..1108865)] [gbkey=CDS],0.6688812578936514
lcl|CP017623.1_cds_AOW26198.1_494 [locus_tag=CAALFM_C105280WA] [db_xref=CGD:CAL0000177880] [protein=hypothetical protein] [protein_id=AOW26198.1] [location=1109135..1110883] [gbkey=CDS],0.640986257020614
lcl|CP017623.1_cds_AOW26199.1_495 [gene=GRS1] [locus_tag=CAALFM_C105290WA] [db_xref=CGD:CAL0000176302] [protein=glycine--tRNA ligase] [protein_id=AOW26199.1] [location=1111172..1113130] [gbkey=CDS],0.7412467145081184
lcl|CP017623.1_cds_AOW26200.1_496 [gene=PRD1] [locus_tag=CAALFM_C105300CA] [db_xref=CGD:CAL0000179503] [protein=metalloendopeptidase] [protein_id=AOW26200.1] [location=complement(1113320..1115428)] [gbkey=CDS],0.6921052180084433
lcl|CP017623.1_cds_AOW26201.1_497 [locus_tag=CAALFM_C105320CA] [db_xref=CGD:CAL0000182087] [protein=hypothetical protein] [protein_id=AOW26201.1] [location=complement(1116245..1117987)] [gbkey=CDS],0.6531352082423957
lcl|CP017623.1_cds_AOW26202.1_498 [locus_tag=CAALFM_C105330CA] [db_xref=CGD:CAL0000175904] [protein=hypothetical protein] [protein_id=AOW26202.1] [location=complement(1118242..1119618)] [gbkey=CDS],0.6786219207701015
lcl|CP017623.1_cds_AOW26203.1_499 [gene=ZCF2] [locus_tag=CAALFM_C105340CA] [db_xref=CGD:CAL0000199985] [protein=Zcf2p] [protein_id=AOW26203.1] [location=complement(1119919..1122246)] [gbkey=CDS],0.6533615090733097
lcl|CP017623.1_cds_AOW26204.1_500 [gene=YPT53] [locus_tag=CAALFM_C105350WA] [db_xref=CGD:CAL0000194609] [protein=Rab family GTPase] [protein_id=AOW26204.1] [location=1123169..1123828] [gbkey=CDS],0.6101934220694142
lcl|CP017623.1_cds_AOW26205.1_501 [locus_tag=CAALFM_C105360CA] [db_xref=CGD:CAL0000193291] [protein=non-canonical poly(A) polymerase] [protein_id=AOW26205.1] [location=complement(1123871..1125682)] [gbkey=CDS],0.6656419078396324
lcl|CP017623.1_cds_AOW26206.1_502 [locus_tag=CAALFM_C105370CA] [db_xref=CGD:CAL0000176582] [protein=protein kinase] [protein_id=AOW26206.1] [location=complement(1125926..1128109)] [gbkey=CDS],0.6562930672173278
lcl|CP017623.1_cds_AOW26207.1_503 [locus_tag=CAALFM_C105380CA] [db_xref=CGD:CAL0000184448] [protein=DNA-binding protein] [protein_id=AOW26207.1] [location=complement(1128387..1133384)] [gbkey=CDS],0.658489211791848
lcl|CP017623.1_cds_AOW26208.1_504 [locus_tag=CAALFM_C105390CA] [db_xref=CGD:CAL0000174918] [protein=hypothetical protein] [protein_id=AOW26208.1] [location=complement(1133457..1135511)] [gbkey=CDS],0.6816382399214083
lcl|CP017623.1_cds_AOW26209.1_505 [locus_tag=CAALFM_C105400CA] [db_xref=CGD:CAL0000187498] [protein=hypothetical protein] [protein_id=AOW26209.1] [location=complement(1135748..1136341)] [gbkey=CDS],0.6552668934690808
lcl|CP017623.1_cds_AOW26210.1_506 [gene=TRP99] [locus_tag=CAALFM_C105410CA] [db_xref=CGD:CAL0000177771] [protein=Trp99p] [protein_id=AOW26210.1] [location=complement(1136528..1137082)] [gbkey=CDS],0.7301918587021492
lcl|CP017623.1_cds_AOW26211.1_507 [locus_tag=CAALFM_C105420WA] [db_xref=CGD:CAL0000197764] [protein=hypothetical protein] [protein_id=AOW26211.1] [location=1137313..1137870] [gbkey=CDS],0.6516217549802923
lcl|CP017623.1_cds_AOW26212.1_508 [gene=SPT20] [locus_tag=CAALFM_C105430WA] [db_xref=CGD:CAL0000196043] [protein=Spt20p] [protein_id=AOW26212.1] [location=1138277..1140532] [gbkey=CDS],0.642433334243893
lcl|CP017623.1_cds_AOW26213.1_509 [locus_tag=CAALFM_C105440CA] [db_xref=CGD:CAL0000200650] [protein=hypothetical protein] [protein_id=AOW26213.1] [location=complement(1141075..1142832)] [gbkey=CDS],0.666065057063626
lcl|CP017623.1_cds_AOW26214.1_510 [locus_tag=CAALFM_C105450WA] [db_xref=CGD:CAL0000182645] [protein=hypothetical protein] [protein_id=AOW26214.1] [location=1142087..1142581] [gbkey=CDS],0.6411583275302972
lcl|CP017623.1_cds_AOW26215.1_511 [gene=KOG1] [locus_tag=CAALFM_C105460WA] [db_xref=CGD:CAL0000176926] [protein=ubiquitin-binding TORC1 subunit] [protein_id=AOW26215.1] [location=1143981..1148279] [gbkey=CDS],0.675578540460603
lcl|CP017623.1_cds_AOW26216.1_512 [gene=MTM1] [locus_tag=CAALFM_C105470WA] [db_xref=CGD:CAL0000187703] [protein=Mtm1p] [protein_id=AOW26216.1] [location=1149114..1150163] [gbkey=CDS],0.6817692456524534
lcl|CP017623.1_cds_AOW26217.1_513 [locus_tag=CAALFM_C105480CA] [db_xref=CGD:CAL0000176576] [protein=hypothetical protein] [protein_id=AOW26217.1] [location=complement(1150297..1151418)] [gbkey=CDS],0.6475207380254909
lcl|CP017623.1_cds_AOW26218.1_514 [locus_tag=CAALFM_C105490CA] [db_xref=CGD:CAL0000188725] [protein=hypothetical protein] [protein_id=AOW26218.1] [location=complement(1151708..1152454)] [gbkey=CDS],0.7406295328353233
lcl|CP017623.1_cds_AOW26219.1_515 [gene=RSM22] [locus_tag=CAALFM_C105500WA] [db_xref=CGD:CAL0000174389] [protein=mitochondrial 37S ribosomal protein RSM22] [protein_id=AOW26219.1] [location=1152769..1155042] [gbkey=CDS],0.7864183325783228
lcl|CP017623.1_cds_AOW26220.1_516 [gene=RPS27A] [locus_tag=CAALFM_C105510CA] [db_xref=CGD:CAL0000198357] [protein=ribosomal 40S subunit protein S27A] [protein_id=AOW26220.1] [location=complement(1155542..1155790)] [gbkey=CDS],0.8745126723793301
lcl|CP017623.1_cds_AOW26221.1_517 [locus_tag=CAALFM_C105520WA] [db_xref=CGD:CAL0000188506] [protein=hypothetical protein] [protein_id=AOW26221.1] [location=1158880..1160955] [gbkey=CDS],0.7281452419430131
"lcl|CP017623.1_cds_AOW26222.1_518 [gene=SSH1] [locus_tag=CAALFM_C105530CA] [db_xref=CGD:CAL0000193960] [protein=Ssh1p] [protein_id=AOW26222.1] [location=complement(join(1161281..1162770,1162881..1162890))] [gbkey=CDS]",0.8503121501282505
lcl|CP017623.1_cds_AOW26223.1_519 [locus_tag=CAALFM_C105540CA] [db_xref=CGD:CAL0000201639] [protein=hypothetical protein] [protein_id=AOW26223.1] [location=complement(1163603..1164622)] [gbkey=CDS],0.7136774710800732
"lcl|CP017623.1_cds_AOW26224.1_520 [gene=RIB4] [locus_tag=CAALFM_C105560WA] [db_xref=CGD:CAL0000184983] [protein=lumazine synthase] [protein_id=AOW26224.1] [location=join(1166877..1167045,1167129..1167580)] [gbkey=CDS]",0.8071488674421025
lcl|CP017623.1_cds_AOW26225.1_521 [gene=GSL1] [locus_tag=CAALFM_C105600WA] [db_xref=CGD:CAL0000179710] [protein=Gsl1p] [protein_id=AOW26225.1] [location=1169206..1173921] [gbkey=CDS],0.6499422897395523
lcl|CP017623.1_cds_AOW26226.1_522 [locus_tag=CAALFM_C105610WA] [db_xref=CGD:CAL0000189636] [protein=glutamyl-tRNA(Gln) amidotransferase subunit] [protein_id=AOW26226.1] [location=1174224..1175690] [gbkey=CDS],0.6447373328874226
lcl|CP017623.1_cds_AOW26227.1_523 [gene=STE3] [locus_tag=CAALFM_C105620CA] [db_xref=CGD:CAL0000190867] [protein=Ste3p] [protein_id=AOW26227.1] [location=complement(1175776..1177029)] [gbkey=CDS],0.6995623026337513
lcl|CP017623.1_cds_AOW26228.1_524 [locus_tag=CAALFM_C105630CA] [db_xref=CGD:CAL0000182139] [protein=hypothetical protein] [protein_id=AOW26228.1] [location=complement(1177543..1180872)] [gbkey=CDS],0.7892918314641868
lcl|CP017623.1_cds_AOW26229.1_525 [gene=FAL1] [locus_tag=CAALFM_C105640CA] [db_xref=CGD:CAL0000189056] [protein=ATP-dependent RNA helicase] [protein_id=AOW26229.1] [location=complement(1181156..1182355)] [gbkey=CDS],0.7105866116522762
lcl|CP017623.1_cds_AOW26230.1_526 [locus_tag=CAALFM_C105650WA] [db_xref=CGD:CAL0000194407] [protein=putative uridine kinase] [protein_id=AOW26230.1] [location=1182507..1183265] [gbkey=CDS],0.6966567383394587
lcl|CP017623.1_cds_AOW26231.1_527 [locus_tag=CAALFM_C105660CA] [db_xref=CGD:CAL0000175577] [protein=hypothetical protein] [protein_id=AOW26231.1] [location=complement(1183318..1187598)] [gbkey=CDS],0.6914019782321769
lcl|CP017623.1_cds_AOW26232.1_528 [locus_tag=CAALFM_C105670WA] [db_xref=CGD:CAL0000183285] [protein=putative aminopeptidase] [protein_id=AOW26232.1] [location=1188181..1189434] [gbkey=CDS],0.6894185690581591
lcl|CP017623.1_cds_AOW26233.1_529 [gene=RIM1] [locus_tag=CAALFM_C105680CA] [db_xref=CGD:CAL0000182022] [protein=Rim1p] [protein_id=AOW26233.1] [location=complement(1189532..1189963)] [gbkey=CDS],0.786998164621047
lcl|CP017623.1_cds_AOW26234.1_530 [locus_tag=CAALFM_C105690CA] [db_xref=CGD:CAL0000190853] [protein=hypothetical protein] [protein_id=AOW26234.1] [location=complement(1190242..1190988)] [gbkey=CDS],0.6711814737407622
"lcl|CP017623.1_cds_AOW26235.1_531 [gene=AUT7] [locus_tag=CAALFM_C105700WA] [db_xref=CGD:CAL0000182486] [protein=ubiquitin-like protein] [protein_id=AOW26235.1] [location=join(1191581..1191614,1191699..1192072)] [gbkey=CDS]",0.6469865687165196
lcl|CP017623.1_cds_AOW26236.1_532 [gene=UGA4] [locus_tag=CAALFM_C105710CA] [db_xref=CGD:CAL0000180274] [protein=Uga4p] [protein_id=AOW26236.1] [location=complement(1192511..1194184)] [gbkey=CDS],0.6990839338814089
"lcl|CP017623.1_cds_AOW26237.1_533 [locus_tag=CAALFM_C105720WA] [db_xref=CGD:CAL0000182421] [protein=ribosomal 60S subunit protein L7A] [protein_id=AOW26237.1] [location=join(1195171..1195178,1195767..1195857,1196082..1196708)] [gbkey=CDS]",0.7046438707114356
lcl|CP017623.1_cds_AOW26238.1_534 [locus_tag=CAALFM_C105740CA] [db_xref=CGD:CAL0000200000] [protein=hypothetical protein] [protein_id=AOW26238.1] [location=complement(1196996..1198138)] [gbkey=CDS],0.669213850876929
lcl|CP017623.1_cds_AOW26239.1_535 [locus_tag=CAALFM_C105750CA] [db_xref=CGD:CAL0000194639] [protein=hypothetical protein] [protein_id=AOW26239.1] [location=complement(1198353..1203407)] [gbkey=CDS],0.7035116363162263
lcl|CP017623.1_cds_AOW26240.1_536 [gene=PGA26] [locus_tag=CAALFM_C105760CA] [db_xref=CGD:CAL0000181671] [protein=Pga26p] [protein_id=AOW26240.1] [location=complement(1204128..1204523)] [gbkey=CDS],0.7560962252419228
lcl|CP017623.1_cds_AOW26241.1_537 [gene=PRC3] [locus_tag=CAALFM_C105770CA] [db_xref=CGD:CAL0000190176] [protein=carboxypeptidase C] [protein_id=AOW26241.1] [location=complement(1206048..1207700)] [gbkey=CDS],0.7427828706611658
lcl|CP017623.1_cds_AOW26242.1_538 [locus_tag=CAALFM_C105780WA] [db_xref=CGD:CAL0000183791] [protein=hypothetical protein] [protein_id=AOW26242.1] [location=1208498..1210402] [gbkey=CDS],0.6970685829364586
lcl|CP017623.1_cds_AOW26243.1_539 [locus_tag=CAALFM_C105790WA] [db_xref=CGD:CAL0000176518] [protein=hypothetical protein] [protein_id=AOW26243.1] [location=1210686..1210895] [gbkey=CDS],0.8278398868373158
lcl|CP017623.1_cds_AOW26244.1_540 [locus_tag=CAALFM_C105800CA] [db_xref=CGD:CAL0000178074] [protein=hypothetical protein] [protein_id=AOW26244.1] [location=complement(1211015..1211707)] [gbkey=CDS],0.6631069160103271
lcl|CP017623.1_cds_AOW26245.1_541 [gene=GIM5] [locus_tag=CAALFM_C105810WA] [db_xref=CGD:CAL0000194812] [protein=Gim5p] [protein_id=AOW26245.1] [location=1211852..1212328] [gbkey=CDS],0.6705554907316578
lcl|CP017623.1_cds_AOW26246.1_542 [gene=RAD10] [locus_tag=CAALFM_C105820CA] [db_xref=CGD:CAL0000193633] [protein=Rad10p] [protein_id=AOW26246.1] [location=complement(1212362..1213378)] [gbkey=CDS],0.6545479856275942
lcl|CP017623.1_cds_AOW26247.1_543 [locus_tag=CAALFM_C105830WA] [db_xref=CGD:CAL0000185094] [protein=hypothetical protein] [protein_id=AOW26247.1] [location=1213935..1214855] [gbkey=CDS],0.7113126160355964
lcl|CP017623.1_cds_AOW26248.1_544 [gene=PRN1] [locus_tag=CAALFM_C105840WA] [db_xref=CGD:CAL0000200662] [protein=Prn1p] [protein_id=AOW26248.1] [location=1215414..1216451] [gbkey=CDS],0.7494235807883385
lcl|CP017623.1_cds_AOW26249.1_545 [gene=POL32] [locus_tag=CAALFM_C105850WA] [db_xref=CGD:CAL0000193896] [protein=DNA polymerase delta subunit] [protein_id=AOW26249.1] [location=1216759..1217970] [gbkey=CDS],0.6976820413798057
lcl|CP017623.1_cds_AOW26250.1_546 [gene=PRN2] [locus_tag=CAALFM_C105860WA] [db_xref=CGD:CAL0000194014] [protein=Prn2p] [protein_id=AOW26250.1] [location=1218269..1219270] [gbkey=CDS],0.742304164401753
lcl|CP017623.1_cds_AOW26251.1_547 [gene=PRN3] [locus_tag=CAALFM_C105870WA] [db_xref=CGD:CAL0000180196] [protein=Prn3p] [protein_id=AOW26251.1] [location=1219787..1220767] [gbkey=CDS],0.818362942306279
lcl|CP017623.1_cds_AOW26252.1_548 [gene=PRN4] [locus_tag=CAALFM_C105880WA] [db_xref=CGD:CAL0000194143] [protein=Prn4p] [protein_id=AOW26252.1] [location=1221543..1222529] [gbkey=CDS],0.7897794111917182
lcl|CP017623.1_cds_AOW26253.1_549 [locus_tag=CAALFM_C105890WA] [db_xref=CGD:CAL0000181700] [protein=hypothetical protein] [protein_id=AOW26253.1] [location=1223689..1224744] [gbkey=CDS],0.8622159290831409
lcl|CP017623.1_cds_AOW26254.1_550 [locus_tag=CAALFM_C105900WA] [db_xref=CGD:CAL0000188476] [protein=hypothetical protein] [protein_id=AOW26254.1] [location=1226686..1229604] [gbkey=CDS],0.771130689387829
lcl|CP017623.1_cds_AOW26255.1_551 [gene=SIP5] [locus_tag=CAALFM_C105910WA] [db_xref=CGD:CAL0000178486] [protein=Sip5p] [protein_id=AOW26255.1] [location=1231376..1232920] [gbkey=CDS],0.8075719343561858
lcl|CP017623.1_cds_AOW26256.1_552 [locus_tag=CAALFM_C105920WA] [db_xref=CGD:CAL0000195198] [protein=hypothetical protein] [protein_id=AOW26256.1] [location=1236305..1238380] [gbkey=CDS],0.7587406928469717
lcl|CP017623.1_cds_AOW26257.1_553 [locus_tag=CAALFM_C105930CA] [db_xref=CGD:CAL0000201841] [protein=glutamine amidotransferase subunit] [protein_id=AOW26257.1] [location=complement(1238529..1241924)] [gbkey=CDS],0.8118196654961908
lcl|CP017623.1_cds_AOW26258.1_554 [gene=PHO87] [locus_tag=CAALFM_C105940WA] [db_xref=CGD:CAL0000193556] [protein=SPX domain-containing inorganic phosphate transporter] [protein_id=AOW26258.1] [location=1244647..1247667] [gbkey=CDS],0.8317635736888229
lcl|CP017623.1_cds_AOW26259.1_555 [locus_tag=CAALFM_C105950CA] [db_xref=CGD:CAL0000198885] [protein=hypothetical protein] [protein_id=AOW26259.1] [location=complement(1248213..1249460)] [gbkey=CDS],0.8175154755210743
lcl|CP017623.1_cds_AOW26260.1_556 [gene=PGA45] [locus_tag=CAALFM_C105960WA] [db_xref=CGD:CAL0000189107] [protein=Pga45p] [protein_id=AOW26260.1] [location=1251550..1252941] [gbkey=CDS],0.8472687146287589
lcl|CP017623.1_cds_AOW26261.1_557 [locus_tag=CAALFM_C105970WA] [db_xref=CGD:CAL0000196946] [protein=hypothetical protein] [protein_id=AOW26261.1] [location=1254843..1256615] [gbkey=CDS],0.7636451488184158
lcl|CP017623.1_cds_AOW26262.1_558 [locus_tag=CAALFM_C105980WA] [db_xref=CGD:CAL0000188838] [protein=1-phosphatidylinositol 4-kinase] [protein_id=AOW26262.1] [location=1257107..1259197] [gbkey=CDS],0.7973837240920137
lcl|CP017623.1_cds_AOW26263.1_559 [locus_tag=CAALFM_C105990CA] [db_xref=CGD:CAL0000195493] [protein=hypothetical protein] [protein_id=AOW26263.1] [location=complement(1259288..1260358)] [gbkey=CDS],0.8237146512454576
lcl|CP017623.1_cds_AOW26264.1_560 [locus_tag=CAALFM_C106000WA] [db_xref=CGD:CAL0000178342] [protein=hypothetical protein] [protein_id=AOW26264.1] [location=1261683..1263329] [gbkey=CDS],0.7894701268198224
lcl|CP017623.1_cds_AOW26265.1_561 [gene=CHS7] [locus_tag=CAALFM_C106010WA] [db_xref=CGD:CAL0000175393] [protein=Chs7p] [protein_id=AOW26265.1] [location=1263838..1264770] [gbkey=CDS],0.8221134261320101
lcl|CP017623.1_cds_AOW26266.1_562 [gene=RGD1] [locus_tag=CAALFM_C106020WA] [db_xref=CGD:CAL0000194715] [protein=Rgd1p] [protein_id=AOW26266.1] [location=1265500..1267533] [gbkey=CDS],0.8387631456740374
lcl|CP017623.1_cds_AOW26267.1_563 [locus_tag=CAALFM_C106030CA] [db_xref=CGD:CAL0000187315] [protein=hypothetical protein] [protein_id=AOW26267.1] [location=complement(1267647..1268351)] [gbkey=CDS],0.839887490298535
lcl|CP017623.1_cds_AOW26268.1_564 [gene=RTT101] [locus_tag=CAALFM_C106040WA] [db_xref=CGD:CAL0000191783] [protein=cullin] [protein_id=AOW26268.1] [location=1268617..1271166] [gbkey=CDS],0.7794938844424016
"lcl|CP017623.1_cds_AOW26269.1_565 [locus_tag=CAALFM_C106050CA] [db_xref=CGD:CAL0000182541] [protein=ubiquinol--cytochrome-c reductase subunit 10] [protein_id=AOW26269.1] [location=complement(join(1271299..1271526,1271632..1271640))] [gbkey=CDS]",0.8399939130102352
lcl|CP017623.1_cds_AOW26270.1_566 [gene=ACP1] [locus_tag=CAALFM_C106060CA] [db_xref=CGD:CAL0000199317] [protein=Acp1p] [protein_id=AOW26270.1] [location=complement(1272151..1272585)] [gbkey=CDS],0.8402590134859054
lcl|CP017623.1_cds_AOW26271.1_567 [locus_tag=CAALFM_C106070WA] [db_xref=CGD:CAL0000176693] [protein=putative mitochondrial 37S ribosomal protein MRPS12] [protein_id=AOW26271.1] [location=1272827..1273369] [gbkey=CDS],0.7837421159234258
lcl|CP017623.1_cds_AOW26272.1_568 [gene=ARC35] [locus_tag=CAALFM_C106080CA] [db_xref=CGD:CAL0000181673] [protein=Arc35p] [protein_id=AOW26272.1] [location=complement(1273457..1274497)] [gbkey=CDS],0.8452319279872524
lcl|CP017623.1_cds_AOW26273.1_569 [locus_tag=CAALFM_C106090CA] [db_xref=CGD:CAL0000186077] [protein=serine/threonine protein kinase] [protein_id=AOW26273.1] [location=complement(1274861..1277509)] [gbkey=CDS],0.7879547011255097
lcl|CP017623.1_cds_AOW26274.1_570 [gene=MSI3] [locus_tag=CAALFM_C106100CA] [db_xref=CGD:CAL0000182153] [protein=adenyl-nucleotide exchange factor] [protein_id=AOW26274.1] [location=complement(1278575..1280680)] [gbkey=CDS],0.8742726364642774
lcl|CP017623.1_cds_AOW26275.1_571 [gene=NPL4] [locus_tag=CAALFM_C106110CA] [db_xref=CGD:CAL0000200595] [protein=Npl4p] [protein_id=AOW26275.1] [location=complement(1281140..1282936)] [gbkey=CDS],0.8393254578322139
lcl|CP017623.1_cds_AOW26276.1_572 [locus_tag=CAALFM_C106120CA] [db_xref=CGD:CAL0000186113] [protein=hypothetical protein] [protein_id=AOW26276.1] [location=complement(1283082..1283711)] [gbkey=CDS],0.7911227837348596
"lcl|CP017623.1_cds_AOW26277.1_573 [gene=HAC1] [locus_tag=CAALFM_C106130CA] [db_xref=CGD:CAL0000199458] [protein=transcription factor] [protein_id=AOW26277.1] [location=complement(join(1284280..1284362,1284382..1285402))] [gbkey=CDS]",0.8056555013128984
lcl|CP017623.1_cds_AOW26278.1_574 [locus_tag=CAALFM_C106150WA] [db_xref=CGD:CAL0000174980] [protein=hypothetical protein] [protein_id=AOW26278.1] [location=1288905..1289630] [gbkey=CDS],0.6901410655450307
lcl|CP017623.1_cds_AOW26279.1_575 [locus_tag=CAALFM_C106160WA] [db_xref=CGD:CAL0000186654] [protein=hypothetical protein] [protein_id=AOW26279.1] [location=1289661..1291016] [gbkey=CDS],0.7109697505214154
lcl|CP017623.1_cds_AOW26280.1_576 [gene=TLO34] [locus_tag=CAALFM_C106180WA] [db_xref=CGD:CAL0000200749] [protein=Tlo34p] [protein_id=AOW26280.1] [location=1292811..1293806] [gbkey=CDS],0.5147503062509229
lcl|CP017623.1_cds_AOW26281.1_577 [locus_tag=CAALFM_C106190CA] [db_xref=CGD:CAL0000183781] [protein=hypothetical protein] [protein_id=AOW26281.1] [location=complement(1293014..1293619)] [gbkey=CDS],0.5880317565887895
lcl|CP017623.1_cds_AOW26282.1_578 [locus_tag=CAALFM_C106200WA] [db_xref=CGD:CAL0000180086] [protein=hypothetical protein] [protein_id=AOW26282.1] [location=1294855..1296609] [gbkey=CDS],0.6782443720872912
lcl|CP017623.1_cds_AOW26283.1_579 [gene=BUD16] [locus_tag=CAALFM_C106210WA] [db_xref=CGD:CAL0000183203] [protein=putative pyridoxal kinase] [protein_id=AOW26283.1] [location=1297212..1298261] [gbkey=CDS],0.7506456460083245
lcl|CP017623.1_cds_AOW26284.1_580 [locus_tag=CAALFM_C106220CA] [db_xref=CGD:CAL0000196976] [protein=hypothetical protein] [protein_id=AOW26284.1] [location=complement(1298404..1299762)] [gbkey=CDS],0.7862202609067713
lcl|CP017623.1_cds_AOW26285.1_581 [gene=MDM34] [locus_tag=CAALFM_C106230CA] [db_xref=CGD:CAL0000184363] [protein=ERMES complex subunit] [protein_id=AOW26285.1] [location=complement(1300699..1302570)] [gbkey=CDS],0.7982975500520048
lcl|CP017623.1_cds_AOW26286.1_582 [locus_tag=CAALFM_C106250WA] [db_xref=CGD:CAL0000194362] [protein=hypothetical protein] [protein_id=AOW26286.1] [location=1306250..1308475] [gbkey=CDS],0.7041988365688958
lcl|CP017623.1_cds_AOW26287.1_583 [gene=PGA50] [locus_tag=CAALFM_C106260WA] [db_xref=CGD:CAL0000197770] [protein=Pga50p] [protein_id=AOW26287.1] [location=1309503..1310432] [gbkey=CDS],0.6786771227525445
lcl|CP017623.1_cds_AOW26288.1_584 [locus_tag=CAALFM_C106270WA] [db_xref=CGD:CAL0000193197] [protein=hypothetical protein] [protein_id=AOW26288.1] [location=1310816..1313557] [gbkey=CDS],0.7429365607832995
lcl|CP017623.1_cds_AOW26289.1_585 [gene=UME6] [locus_tag=CAALFM_C106280CA] [db_xref=CGD:CAL0000177314] [protein=Ume6p] [protein_id=AOW26289.1] [location=complement(1314438..1316969)] [gbkey=CDS],0.8107815482092264
lcl|CP017623.1_cds_AOW26290.1_586 [locus_tag=CAALFM_C106320WA] [db_xref=CGD:CAL0000201906] [protein=hypothetical protein] [protein_id=AOW26290.1] [location=1337607..1340003] [gbkey=CDS],0.8023554991415638
lcl|CP017623.1_cds_AOW26291.1_587 [locus_tag=CAALFM_C106340WA] [db_xref=CGD:CAL0000179810] [protein=hypothetical protein] [protein_id=AOW26291.1] [location=1344841..1348191] [gbkey=CDS],0.8344897324669547
lcl|CP017623.1_cds_AOW26292.1_588 [locus_tag=CAALFM_C106350WA] [db_xref=CGD:CAL0000191771] [protein=hypothetical protein] [protein_id=AOW26292.1] [location=1350783..1353404] [gbkey=CDS],0.7945053364743355
lcl|CP017623.1_cds_AOW26293.1_589 [locus_tag=CAALFM_C106360WA] [db_xref=CGD:CAL0000193910] [protein=putative protein kinase] [protein_id=AOW26293.1] [location=1353982..1355679] [gbkey=CDS],0.8141537849843041
lcl|CP017623.1_cds_AOW26294.1_590 [gene=PBR1] [locus_tag=CAALFM_C106370CA] [db_xref=CGD:CAL0000188826] [protein=Pbr1p] [protein_id=AOW26294.1] [location=complement(1356733..1357260)] [gbkey=CDS],0.8057182345603635
lcl|CP017623.1_cds_AOW26295.1_591 [locus_tag=CAALFM_C106380CA] [db_xref=CGD:CAL0000186976] [protein=hypothetical protein] [protein_id=AOW26295.1] [location=complement(1359377..1359700)] [gbkey=CDS],0.7020590654433773
lcl|CP017623.1_cds_AOW26296.1_592 [locus_tag=CAALFM_C106390WA] [db_xref=CGD:CAL0000198739] [protein=ubiquitin-specific protease] [protein_id=AOW26296.1] [location=1359948..1360724] [gbkey=CDS],0.8553079180286852
lcl|CP017623.1_cds_AOW26297.1_593 [locus_tag=CAALFM_C106400CA] [db_xref=CGD:CAL0000199872] [protein=hypothetical protein] [protein_id=AOW26297.1] [location=complement(1361000..1363132)] [gbkey=CDS],0.7381123704778598
lcl|CP017623.1_cds_AOW26298.1_594 [locus_tag=CAALFM_C106410WA] [db_xref=CGD:CAL0000200820] [protein=hypothetical protein] [protein_id=AOW26298.1] [location=1364407..1366992] [gbkey=CDS],0.7981271039683553
lcl|CP017623.1_cds_AOW26299.1_595 [locus_tag=CAALFM_C106420CA] [db_xref=CGD:CAL0000177039] [protein=hypothetical protein] [protein_id=AOW26299.1] [location=complement(1367104..1369278)] [gbkey=CDS],0.7802346907292333
lcl|CP017623.1_cds_AOW26300.1_596 [locus_tag=CAALFM_C106430CA] [db_xref=CGD:CAL0000175928] [protein=hypothetical protein] [protein_id=AOW26300.1] [location=complement(1370780..1372147)] [gbkey=CDS],0.7948029110841589
lcl|CP017623.1_cds_AOW26301.1_597 [locus_tag=CAALFM_C106440CA] [db_xref=CGD:CAL0000189377] [protein=hypothetical protein] [protein_id=AOW26301.1] [location=complement(1372798..1375413)] [gbkey=CDS],0.755346543344846
"lcl|CP017623.1_cds_AOW26302.1_598 [gene=RPS14B] [locus_tag=CAALFM_C106450CA] [db_xref=CGD:CAL0000196584] [protein=ribosomal 40S subunit protein S14B] [protein_id=AOW26302.1] [location=complement(join(1375843..1376231,1376662..1376671))] [gbkey=CDS]",0.8498557091555852
lcl|CP017623.1_cds_AOW26303.1_599 [gene=RPS22A] [locus_tag=CAALFM_C106460CA] [db_xref=CGD:CAL0000188584] [protein=ribosomal 40S subunit protein S22A] [protein_id=AOW26303.1] [location=complement(1377036..1377428)] [gbkey=CDS],0.6931495589774754
"lcl|CP017623.1_cds_AOW26304.1_600 [locus_tag=CAALFM_C106470WA] [db_xref=CGD:CAL0000189989] [protein=ribosomal 60S subunit protein L39] [protein_id=AOW26304.1] [location=join(1377812..1377817,1378049..1378198)] [gbkey=CDS]",0.7380533254461136
"lcl|CP017623.1_cds_AOW26305.1_601 [locus_tag=CAALFM_C106480CA] [db_xref=CGD:CAL0000185928] [protein=hypothetical protein] [protein_id=AOW26305.1] [location=complement(join(1378615..1379118,1379200..1379223))] [gbkey=CDS]",0.8139409332039828
lcl|CP017623.1_cds_AOW26306.1_602 [locus_tag=CAALFM_C106500WA] [db_xref=CGD:CAL0000196852] [protein=hypothetical protein] [protein_id=AOW26306.1] [location=1380391..1381107] [gbkey=CDS],0.7191809946361108
lcl|CP017623.1_cds_AOW26307.1_603 [locus_tag=CAALFM_C106510CA] [db_xref=CGD:CAL0000177667] [protein=hypothetical protein] [protein_id=AOW26307.1] [location=complement(1381134..1382531)] [gbkey=CDS],0.7036303515056772
lcl|CP017623.1_cds_AOW26308.1_604 [gene=BPH1] [locus_tag=CAALFM_C106520CA] [db_xref=CGD:CAL0000197663] [protein=Bph1p] [protein_id=AOW26308.1] [location=complement(1382826..1389647)] [gbkey=CDS],0.7333701416287245
lcl|CP017623.1_cds_AOW26309.1_605 [locus_tag=CAALFM_C106530CA] [db_xref=CGD:CAL0000197778] [protein=putative ubiquitin-specific protease] [protein_id=AOW26309.1] [location=complement(1390212..1394330)] [gbkey=CDS],0.7190654830218884
lcl|CP017623.1_cds_AOW26310.1_606 [locus_tag=CAALFM_C106540CA] [db_xref=CGD:CAL0000184319] [protein=exosome non-catalytic core subunit] [protein_id=AOW26310.1] [location=complement(1395028..1396152)] [gbkey=CDS],0.7302908070763913
lcl|CP017623.1_cds_AOW26311.1_607 [gene=GLT1] [locus_tag=CAALFM_C106550WA] [db_xref=CGD:CAL0000182870] [protein=glutamate synthase (NADH)] [protein_id=AOW26311.1] [location=1398176..1404556] [gbkey=CDS],0.7862754299032727
lcl|CP017623.1_cds_AOW26312.1_608 [locus_tag=CAALFM_C106560WA] [db_xref=CGD:CAL0000198419] [protein=hypothetical protein] [protein_id=AOW26312.1] [location=1404816..1406129] [gbkey=CDS],0.6784684550225583
lcl|CP017623.1_cds_AOW26313.1_609 [gene=ANT1] [locus_tag=CAALFM_C106570WA] [db_xref=CGD:CAL0000199020] [protein=Ant1p] [protein_id=AOW26313.1] [location=1407257..1408294] [gbkey=CDS],0.7000823975100608
lcl|CP017623.1_cds_AOW26314.1_610 [gene=RPS23A] [locus_tag=CAALFM_C106580WA] [db_xref=CGD:CAL0000197722] [protein=ribosomal 40S subunit protein S23B] [protein_id=AOW26314.1] [location=1408972..1409409] [gbkey=CDS],0.7671701428928716
lcl|CP017623.1_cds_AOW26315.1_611 [locus_tag=CAALFM_C106590CA] [db_xref=CGD:CAL0000188700] [protein=hypothetical protein] [protein_id=AOW26315.1] [location=complement(1409768..1410970)] [gbkey=CDS],0.7318718852222327
lcl|CP017623.1_cds_AOW26316.1_612 [locus_tag=CAALFM_C106600WA] [db_xref=CGD:CAL0000176560] [protein=hypothetical protein] [protein_id=AOW26316.1] [location=1411658..1412701] [gbkey=CDS],0.7332386273657377
lcl|CP017623.1_cds_AOW26317.1_613 [gene=HAK1] [locus_tag=CAALFM_C106610CA] [db_xref=CGD:CAL0000188660] [protein=Hak1p] [protein_id=AOW26317.1] [location=complement(1413016..1415442)] [gbkey=CDS],0.7473467073873903
lcl|CP017623.1_cds_AOW26318.1_614 [locus_tag=CAALFM_C106620CA] [db_xref=CGD:CAL0000175565] [protein=hypothetical protein] [protein_id=AOW26318.1] [location=complement(1417195..1417896)] [gbkey=CDS],0.7406839020632467
lcl|CP017623.1_cds_AOW26319.1_615 [locus_tag=CAALFM_C106630WA] [db_xref=CGD:CAL0000200747] [protein=chromatin-binding protein] [protein_id=AOW26319.1] [location=1418523..1421138] [gbkey=CDS],0.7262439827979631
lcl|CP017623.1_cds_AOW26320.1_616 [locus_tag=CAALFM_C106640CA] [db_xref=CGD:CAL0000195297] [protein=hypothetical protein] [protein_id=AOW26320.1] [location=complement(1421365..1421508)] [gbkey=CDS],0.8518513468078962
lcl|CP017623.1_cds_AOW26321.1_617 [locus_tag=CAALFM_C106650WA] [db_xref=CGD:CAL0000187951] [protein=peptide alpha-N-acetyltransferase complex B subunit] [protein_id=AOW26321.1] [location=1421838..1422404] [gbkey=CDS],0.6754608559911182
lcl|CP017623.1_cds_AOW26322.1_618 [locus_tag=CAALFM_C106660WA] [db_xref=CGD:CAL0000196966] [protein=hypothetical protein] [protein_id=AOW26322.1] [location=1422905..1424605] [gbkey=CDS],0.719652833346533
lcl|CP017623.1_cds_AOW26323.1_619 [locus_tag=CAALFM_C106670WA] [db_xref=CGD:CAL0000189062] [protein=hypothetical protein] [protein_id=AOW26323.1] [location=1425323..1427644] [gbkey=CDS],0.6942800845659097
lcl|CP017623.1_cds_AOW26324.1_620 [gene=VPS34] [locus_tag=CAALFM_C106680WA] [db_xref=CGD:CAL0000195103] [protein=phosphatidylinositol 3-kinase] [protein_id=AOW26324.1] [location=1427895..1430957] [gbkey=CDS],0.7202006051988473
lcl|CP017623.1_cds_AOW26326.1_622 [locus_tag=CAALFM_C106700WA] [db_xref=CGD:CAL0000184542] [protein=hypothetical protein] [protein_id=AOW26326.1] [location=1433430..1435013] [gbkey=CDS],0.6948663789779395
lcl|CP017623.1_cds_AOW26327.1_623 [locus_tag=CAALFM_C106710WA] [db_xref=CGD:CAL0000201956] [protein=TFIIH complex serine/threonine-protein kinase subunit] [protein_id=AOW26327.1] [location=1435371..1436402] [gbkey=CDS],0.7574901019459412
lcl|CP017623.1_cds_AOW26328.1_624 [locus_tag=CAALFM_C106720CA] [db_xref=CGD:CAL0000195713] [protein=hypothetical protein] [protein_id=AOW26328.1] [location=complement(1436436..1437638)] [gbkey=CDS],0.6982089015554392
lcl|CP017623.1_cds_AOW26329.1_625 [gene=RAC1] [locus_tag=CAALFM_C106730WA] [db_xref=CGD:CAL0000196388] [protein=Rho family GTPase] [protein_id=AOW26329.1] [location=1440080..1440790] [gbkey=CDS],0.6889634832931155
lcl|CP017623.1_cds_AOW26330.1_626 [gene=NOP6] [locus_tag=CAALFM_C106740CA] [db_xref=CGD:CAL0000191755] [protein=Nop6p] [protein_id=AOW26330.1] [location=complement(1441424..1442053)] [gbkey=CDS],0.7367554906180642
lcl|CP017623.1_cds_AOW26331.1_627 [locus_tag=CAALFM_C106750WA] [db_xref=CGD:CAL0000185887] [protein=hypothetical protein] [protein_id=AOW26331.1] [location=1442282..1442668] [gbkey=CDS],0.6482551567705777
lcl|CP017623.1_cds_AOW26332.1_628 [locus_tag=CAALFM_C106770WA] [db_xref=CGD:CAL0000177463] [protein=putative oxidoreductase] [protein_id=AOW26332.1] [location=1444436..1445959] [gbkey=CDS],0.7129410402091931
lcl|CP017623.1_cds_AOW26333.1_629 [gene=NPR1] [locus_tag=CAALFM_C106780WA] [db_xref=CGD:CAL0000199299] [protein=serine/threonine protein kinase] [protein_id=AOW26333.1] [location=1447122..1449623] [gbkey=CDS],0.7224587676704814
lcl|CP017623.1_cds_AOW26334.1_630 [gene=MRPL19] [locus_tag=CAALFM_C106790CA] [db_xref=CGD:CAL0000178684] [protein=mitochondrial 54S ribosomal protein YmL19] [protein_id=AOW26334.1] [location=complement(1449873..1450304)] [gbkey=CDS],0.712268995154938
lcl|CP017623.1_cds_AOW26335.1_631 [locus_tag=CAALFM_C106800WA] [db_xref=CGD:CAL0000178137] [protein=decapping nuclease] [protein_id=AOW26335.1] [location=1450584..1451759] [gbkey=CDS],0.7879308214388424
lcl|CP017623.1_cds_AOW26336.1_632 [gene=CAT1] [locus_tag=CAALFM_C106810WA] [db_xref=CGD:CAL0000188148] [protein=catalase A] [protein_id=AOW26336.1] [location=1453350..1454807] [gbkey=CDS],0.749155533996144
lcl|CP017623.1_cds_AOW26337.1_633 [locus_tag=CAALFM_C106820WA] [db_xref=CGD:CAL0000186698] [protein=hypothetical protein] [protein_id=AOW26337.1] [location=1455538..1456530] [gbkey=CDS],0.6904568385338732
lcl|CP017623.1_cds_AOW26338.1_634 [locus_tag=CAALFM_C106840CA] [db_xref=CGD:CAL0000194611] [protein=hypothetical protein] [protein_id=AOW26338.1] [location=complement(1457212..1457505)] [gbkey=CDS],0.8005138474686779
lcl|CP017623.1_cds_AOW26339.1_635 [gene=PCL7] [locus_tag=CAALFM_C106850WA] [db_xref=CGD:CAL0000179255] [protein=Pcl7p] [protein_id=AOW26339.1] [location=1459268..1461322] [gbkey=CDS],0.6864347330766024
lcl|CP017623.1_cds_AOW26340.1_636 [locus_tag=CAALFM_C106860WA] [db_xref=CGD:CAL0000199366] [protein=hypothetical protein] [protein_id=AOW26340.1] [location=1462710..1464203] [gbkey=CDS],0.6851579703717449
lcl|CP017623.1_cds_AOW26341.1_637 [locus_tag=CAALFM_C106870CA] [db_xref=CGD:CAL0000198304] [protein=hypothetical protein] [protein_id=AOW26341.1] [location=complement(1464434..1464637)] [gbkey=CDS],0.7016280646937965
"lcl|CP017623.1_cds_AOW26342.1_638 [gene=SPO22] [locus_tag=CAALFM_C106880CA] [db_xref=CGD:CAL0000181289] [protein=Spo22p] [protein_id=AOW26342.1] [location=complement(join(1465177..1465260,1465340..1465427,1465511..1468118,1468179..1468227))] [gbkey=CDS]",0.6842193490134952
"lcl|CP017623.1_cds_AOW26343.1_639 [locus_tag=CAALFM_C106890CA] [db_xref=CGD:CAL0000185373] [protein=ribosomal 60S subunit protein L34B] [protein_id=AOW26343.1] [location=complement(join(1468465..1468796,1469239..1469275))] [gbkey=CDS]",0.7206237479481773
"lcl|CP017623.1_cds_AOW26344.1_640 [gene=MMD1] [locus_tag=CAALFM_C106900CA] [db_xref=CGD:CAL0000190397] [protein=isoleucine biosynthesis protein] [protein_id=AOW26344.1] [location=complement(join(1469637..1469965,1470055..1470115,1470194..1470274))] [gbkey=CDS]",0.6902300092884704
lcl|CP017623.1_cds_AOW26345.1_641 [locus_tag=CAALFM_C106910CA] [db_xref=CGD:CAL0000179377] [protein=CCR4-NOT core subunit] [protein_id=AOW26345.1] [location=complement(1470485..1473181)] [gbkey=CDS],0.637589781556771
lcl|CP017623.1_cds_AOW26346.1_642 [locus_tag=CAALFM_C106920CA] [db_xref=CGD:CAL0000178470] [protein=hypothetical protein] [protein_id=AOW26346.1] [location=complement(1473495..1474850)] [gbkey=CDS],0.6298581601750272
lcl|CP017623.1_cds_AOW26347.1_643 [gene=PGA63] [locus_tag=CAALFM_C106930WA] [db_xref=CGD:CAL0000193385] [protein=Pga63p] [protein_id=AOW26347.1] [location=1475649..1479446] [gbkey=CDS],0.7048374627452612
"lcl|CP017623.1_cds_AOW26348.1_644 [gene=ATC1] [locus_tag=CAALFM_C106940CA] [db_xref=CGD:CAL0000186706] [protein=alpha,alpha-trehalase] [protein_id=AOW26348.1] [location=complement(1479745..1482981)] [gbkey=CDS]",0.6313681370156989
lcl|CP017623.1_cds_AOW26349.1_645 [gene=SUI2] [locus_tag=CAALFM_C106960WA] [db_xref=CGD:CAL0000201409] [protein=translation initiation factor eIF2 subunit alpha] [protein_id=AOW26349.1] [location=1484762..1485664] [gbkey=CDS],0.6763725505554166
lcl|CP017623.1_cds_AOW26350.1_646 [locus_tag=CAALFM_C106970CA] [db_xref=CGD:CAL0000198629] [protein=hypothetical protein] [protein_id=AOW26350.1] [location=complement(1485816..1487471)] [gbkey=CDS],0.6024600677326436
lcl|CP017623.1_cds_AOW26351.1_647 [locus_tag=CAALFM_C106980CA] [db_xref=CGD:CAL0000197504] [protein=hypothetical protein] [protein_id=AOW26351.1] [location=complement(1487707..1489140)] [gbkey=CDS],0.6199002064058033
lcl|CP017623.1_cds_AOW26352.1_648 [gene=MEF2] [locus_tag=CAALFM_C107000WA] [db_xref=CGD:CAL0000188276] [protein=Mef2p] [protein_id=AOW26352.1] [location=1490452..1492731] [gbkey=CDS],0.6434443631608313
lcl|CP017623.1_cds_AOW26353.1_649 [locus_tag=CAALFM_C107010WA] [db_xref=CGD:CAL0000182411] [protein=hypothetical protein] [protein_id=AOW26353.1] [location=1493064..1494020] [gbkey=CDS],0.6495737487416485
lcl|CP017623.1_cds_AOW26354.1_650 [gene=PUT3] [locus_tag=CAALFM_C107020CA] [db_xref=CGD:CAL0000196161] [protein=Put3p] [protein_id=AOW26354.1] [location=complement(1494130..1497066)] [gbkey=CDS],0.6820040551263188
lcl|CP017623.1_cds_AOW26355.1_651 [gene=RBT4] [locus_tag=CAALFM_C107030CA] [db_xref=CGD:CAL0000174557] [protein=Rbt4p] [protein_id=AOW26355.1] [location=complement(1497905..1498981)] [gbkey=CDS],0.7719158410684089
lcl|CP017623.1_cds_AOW26356.1_652 [locus_tag=CAALFM_C107040CA] [db_xref=CGD:CAL0000178383] [protein=hypothetical protein] [protein_id=AOW26356.1] [location=complement(1502167..1503120)] [gbkey=CDS],0.7024659610086201
lcl|CP017623.1_cds_AOW26357.1_653 [locus_tag=CAALFM_C107050CA] [db_xref=CGD:CAL0000193898] [protein=ATP-dependent 5'-3' DNA helicase] [protein_id=AOW26357.1] [location=complement(1504795..1506954)] [gbkey=CDS],0.6912934781622383
"lcl|CP017623.1_cds_AOW26358.1_654 [locus_tag=CAALFM_C107060CA] [db_xref=CGD:CAL0000192058] [protein=hypothetical protein] [protein_id=AOW26358.1] [location=complement(join(1507743..1508048,1508256..1508261))] [gbkey=CDS]",0.8024772414268393
lcl|CP017623.1_cds_AOW26359.1_655 [gene=DHH1] [locus_tag=CAALFM_C107070CA] [db_xref=CGD:CAL0000182112] [protein=DExD/H-box ATP-dependent RNA helicase] [protein_id=AOW26359.1] [location=complement(1509898..1511547)] [gbkey=CDS],0.7346313733254077
lcl|CP017623.1_cds_AOW26360.1_656 [locus_tag=CAALFM_C107080WA] [db_xref=CGD:CAL0000176156] [protein=hypothetical protein] [protein_id=AOW26360.1] [location=1513268..1513834] [gbkey=CDS],0.6536405963868898
lcl|CP017623.1_cds_AOW26361.1_657 [locus_tag=CAALFM_C107090CA] [db_xref=CGD:CAL0000194430] [protein=hypothetical protein] [protein_id=AOW26361.1] [location=complement(1514079..1516313)] [gbkey=CDS],0.7225569906366467
lcl|CP017623.1_cds_AOW26362.1_658 [locus_tag=CAALFM_C107100CA] [db_xref=CGD:CAL0000200072] [protein=hypothetical protein] [protein_id=AOW26362.1] [location=complement(1516783..1517724)] [gbkey=CDS],0.7170630833871449
lcl|CP017623.1_cds_AOW26363.1_659 [gene=TAF145] [locus_tag=CAALFM_C107110WA] [db_xref=CGD:CAL0000186486] [protein=Taf145p] [protein_id=AOW26363.1] [location=1518188..1521970] [gbkey=CDS],0.6914123226674677
lcl|CP017623.1_cds_AOW26364.1_660 [gene=GAP4] [locus_tag=CAALFM_C107120WA] [db_xref=CGD:CAL0000198089] [protein=Gap4p] [protein_id=AOW26364.1] [location=1526934..1528757] [gbkey=CDS],0.7146823840019608
lcl|CP017623.1_cds_AOW26365.1_661 [locus_tag=CAALFM_C107130CA] [db_xref=CGD:CAL0000193155] [protein=hypothetical protein] [protein_id=AOW26365.1] [location=complement(1528942..1530747)] [gbkey=CDS],0.6610602876400932
lcl|CP017623.1_cds_AOW26366.1_662 [gene=RIA1] [locus_tag=CAALFM_C107140CA] [db_xref=CGD:CAL0000176174] [protein=GTPase] [protein_id=AOW26366.1] [location=complement(1531432..1534566)] [gbkey=CDS],0.6773651257206789
lcl|CP017623.1_cds_AOW26367.1_663 [locus_tag=CAALFM_C107150WA] [db_xref=CGD:CAL0000184286] [protein=hypothetical protein] [protein_id=AOW26367.1] [location=1534761..1535003] [gbkey=CDS],0.6727211918215542
lcl|CP017623.1_cds_AOW26368.1_664 [locus_tag=CAALFM_C107160CA] [db_xref=CGD:CAL0000177231] [protein=hypothetical protein] [protein_id=AOW26368.1] [location=complement(1535148..1535354)] [gbkey=CDS],0.6856713747613917
lcl|CP017623.1_cds_AOW26369.1_665 [gene=ZCF23] [locus_tag=CAALFM_C107170CA] [db_xref=CGD:CAL0000175205] [protein=Zcf23p] [protein_id=AOW26369.1] [location=complement(1536685..1538385)] [gbkey=CDS],0.6222704374335225
lcl|CP017623.1_cds_AOW26370.1_666 [gene=CCS1] [locus_tag=CAALFM_C107180WA] [db_xref=CGD:CAL0000176166] [protein=copper chaperone] [protein_id=AOW26370.1] [location=1540676..1541422] [gbkey=CDS],0.6627744921139447
lcl|CP017623.1_cds_AOW26371.1_667 [gene=SOG2] [locus_tag=CAALFM_C107190WA] [db_xref=CGD:CAL0000181590] [protein=Sog2p] [protein_id=AOW26371.1] [location=1542214..1544679] [gbkey=CDS],0.6244283661752168
lcl|CP017623.1_cds_AOW26372.1_668 [gene=YMC1] [locus_tag=CAALFM_C107200WA] [db_xref=CGD:CAL0000175477] [protein=organic acid transporter] [protein_id=AOW26372.1] [location=1545381..1546280] [gbkey=CDS],0.6543550725875387
lcl|CP017623.1_cds_AOW26373.1_669 [locus_tag=CAALFM_C107210CA] [db_xref=CGD:CAL0000191891] [protein=hypothetical protein] [protein_id=AOW26373.1] [location=complement(1546391..1548133)] [gbkey=CDS],0.6307184355651119
lcl|CP017623.1_cds_AOW26374.1_670 [locus_tag=CAALFM_C107220WA] [db_xref=CGD:CAL0000192240] [protein=hypothetical protein] [protein_id=AOW26374.1] [location=1549757..1551385] [gbkey=CDS],0.6491529905148321
lcl|CP017623.1_cds_AOW26375.1_671 [gene=PHO15] [locus_tag=CAALFM_C107230WA] [db_xref=CGD:CAL0000178325] [protein=4-nitrophenylphosphatase] [protein_id=AOW26375.1] [location=1551710..1552636] [gbkey=CDS],0.6745378256646642
lcl|CP017623.1_cds_AOW26376.1_672 [gene=YPD1] [locus_tag=CAALFM_C107240WA] [db_xref=CGD:CAL0000174022] [protein=Ypd1p] [protein_id=AOW26376.1] [location=1553508..1554062] [gbkey=CDS],0.6690294315198715
"lcl|CP017623.1_cds_AOW26377.1_673 [gene=ALG9] [locus_tag=CAALFM_C107250CA] [db_xref=CGD:CAL0000183067] [protein=dolichyl-P-Man:Man(6)GlcNAc(2)-PP-dolichol alpha-1,2-mannosyltransferase] [protein_id=AOW26377.1] [location=complement(1554222..1555904)] [gbkey=CDS]",0.6319569196770419
lcl|CP017623.1_cds_AOW26378.1_674 [locus_tag=CAALFM_C107260CA] [db_xref=CGD:CAL0000193912] [protein=hypothetical protein] [protein_id=AOW26378.1] [location=complement(1556089..1557885)] [gbkey=CDS],0.6032974220113664
lcl|CP017623.1_cds_AOW26379.1_675 [gene=SEC34] [locus_tag=CAALFM_C107270WA] [db_xref=CGD:CAL0000188287] [protein=Golgi transport complex subunit] [protein_id=AOW26379.1] [location=1558121..1560640] [gbkey=CDS],0.640477363440804
lcl|CP017623.1_cds_AOW26380.1_676 [locus_tag=CAALFM_C107280CA] [db_xref=CGD:CAL0000181098] [protein=TFIIH complex subunit] [protein_id=AOW26380.1] [location=complement(1560696..1560905)] [gbkey=CDS],0.6655046110672272
lcl|CP017623.1_cds_AOW26381.1_677 [gene=RME1] [locus_tag=CAALFM_C107330WA] [db_xref=CGD:CAL0000193774] [protein=Rme1p] [protein_id=AOW26381.1] [location=1578886..1580409] [gbkey=CDS],0.6499280486975285
"lcl|CP017623.1_cds_AOW26382.1_678 [locus_tag=CAALFM_C107340WA] [db_xref=CGD:CAL0000192256] [protein=chromatin-remodeling ATPase] [protein_id=AOW26382.1] [location=join(1581153..1581170,1581241..1584276)] [gbkey=CDS]",0.6887090405889598
lcl|CP017623.1_cds_AOW26383.1_679 [gene=GPX3] [locus_tag=CAALFM_C107350CA] [db_xref=CGD:CAL0000190813] [protein=Gpx3p] [protein_id=AOW26383.1] [location=complement(1584338..1584853)] [gbkey=CDS],0.6756273039031485
lcl|CP017623.1_cds_AOW26384.1_680 [locus_tag=CAALFM_C107360WA] [db_xref=CGD:CAL0000197796] [protein=hypothetical protein] [protein_id=AOW26384.1] [location=1585929..1589840] [gbkey=CDS],0.673584621044815
lcl|CP017623.1_cds_AOW26385.1_681 [gene=CPH1] [locus_tag=CAALFM_C107370CA] [db_xref=CGD:CAL0000198463] [protein=homeodomain family transcription factor] [protein_id=AOW26385.1] [location=complement(1590522..1592492)] [gbkey=CDS],0.7014860724489413
lcl|CP017623.1_cds_AOW26386.1_682 [gene=KSP1] [locus_tag=CAALFM_C107380CA] [db_xref=CGD:CAL0000176768] [protein=putative serine/threonine protein kinase] [protein_id=AOW26386.1] [location=complement(1595184..1598036)] [gbkey=CDS],0.7394577592279382
lcl|CP017623.1_cds_AOW26387.1_683 [locus_tag=CAALFM_C107390WA] [db_xref=CGD:CAL0000201437] [protein=hypothetical protein] [protein_id=AOW26387.1] [location=1600375..1602015] [gbkey=CDS],0.7639692017532935
lcl|CP017623.1_cds_AOW26388.1_684 [locus_tag=CAALFM_C107400CA] [db_xref=CGD:CAL0000180756] [protein=hypothetical protein] [protein_id=AOW26388.1] [location=complement(1602167..1603606)] [gbkey=CDS],0.722991515482371
lcl|CP017623.1_cds_AOW26389.1_685 [gene=SKP1] [locus_tag=CAALFM_C107410CA] [db_xref=CGD:CAL0000178736] [protein=SCF ubiquitin ligase subunit] [protein_id=AOW26389.1] [location=complement(1604432..1604926)] [gbkey=CDS],0.780888169777169
lcl|CP017623.1_cds_AOW26390.1_686 [gene=PEX3] [locus_tag=CAALFM_C107420CA] [db_xref=CGD:CAL0000196480] [protein=Pex3p] [protein_id=AOW26390.1] [location=complement(1605356..1606747)] [gbkey=CDS],0.7124775600195028
lcl|CP017623.1_cds_AOW26391.1_687 [gene=PHO100] [locus_tag=CAALFM_C107430WA] [db_xref=CGD:CAL0000174526] [protein=Pho100p] [protein_id=AOW26391.1] [location=1609045..1610016] [gbkey=CDS],0.7535893009610085
lcl|CP017623.1_cds_AOW26392.1_688 [locus_tag=CAALFM_C107440WA] [db_xref=CGD:CAL0000196864] [protein=hypothetical protein] [protein_id=AOW26392.1] [location=1611003..1614224] [gbkey=CDS],0.6929847619097443
lcl|CP017623.1_cds_AOW26393.1_689 [gene=GPI8] [locus_tag=CAALFM_C107460CA] [db_xref=CGD:CAL0000200776] [protein=GPI-anchor transamidase] [protein_id=AOW26393.1] [location=complement(1615681..1616832)] [gbkey=CDS],0.7359473883112485
lcl|CP017623.1_cds_AOW26394.1_690 [locus_tag=CAALFM_C107470CA] [db_xref=CGD:CAL0000186343] [protein=double-stranded DNA-dependent ATPase] [protein_id=AOW26394.1] [location=complement(1617098..1619065)] [gbkey=CDS],0.6542825624684853
lcl|CP017623.1_cds_AOW26395.1_691 [locus_tag=CAALFM_C107480CA] [db_xref=CGD:CAL0000179105] [protein=hypothetical protein] [protein_id=AOW26395.1] [location=complement(1619304..1621175)] [gbkey=CDS],0.6915420539828726
lcl|CP017623.1_cds_AOW26396.1_692 [locus_tag=CAALFM_C107490CA] [db_xref=CGD:CAL0000183205] [protein=DNA-directed DNA polymerase alpha subunit] [protein_id=AOW26396.1] [location=complement(1621424..1623418)] [gbkey=CDS],0.7666786544020435
lcl|CP017623.1_cds_AOW26397.1_693 [gene=LHP1] [locus_tag=CAALFM_C107500CA] [db_xref=CGD:CAL0000195360] [protein=Lhp1p] [protein_id=AOW26397.1] [location=complement(1623838..1624812)] [gbkey=CDS],0.849347933903968
lcl|CP017623.1_cds_AOW26398.1_694 [locus_tag=CAALFM_C107510WA] [db_xref=CGD:CAL0000185809] [protein=hypothetical protein] [protein_id=AOW26398.1] [location=1625174..1626007] [gbkey=CDS],0.8411533004955604
lcl|CP017623.1_cds_AOW26399.1_695 [gene=IST2] [locus_tag=CAALFM_C107520CA] [db_xref=CGD:CAL0000183382] [protein=Ist2p] [protein_id=AOW26399.1] [location=complement(1626202..1629063)] [gbkey=CDS],0.8000648665425405
lcl|CP017623.1_cds_AOW26400.1_696 [locus_tag=CAALFM_C107530WA] [db_xref=CGD:CAL0000181025] [protein=hypothetical protein] [protein_id=AOW26400.1] [location=1630610..1630705] [gbkey=CDS],0.6039553425089225
lcl|CP017623.1_cds_AOW26401.1_697 [gene=BBC1] [locus_tag=CAALFM_C107540CA] [db_xref=CGD:CAL0000176182] [protein=Bbc1p] [protein_id=AOW26401.1] [location=complement(1631817..1634681)] [gbkey=CDS],0.7306186775504343
lcl|CP017623.1_cds_AOW26402.1_698 [gene=SWD2] [locus_tag=CAALFM_C107550WA] [db_xref=CGD:CAL0000198527] [protein=WD-repeat containing protein] [protein_id=AOW26402.1] [location=1635159..1636253] [gbkey=CDS],0.6659404625826217
lcl|CP017623.1_cds_AOW26403.1_699 [locus_tag=CAALFM_C107560WA] [db_xref=CGD:CAL0000190976] [protein=hypothetical protein] [protein_id=AOW26403.1] [location=1636861..1637820] [gbkey=CDS],0.6600411310094679
lcl|CP017623.1_cds_AOW26404.1_700 [locus_tag=CAALFM_C107570CA] [db_xref=CGD:CAL0000174988] [protein=hypothetical protein] [protein_id=AOW26404.1] [location=complement(1637846..1639054)] [gbkey=CDS],0.7136304376683382
lcl|CP017623.1_cds_AOW26405.1_701 [gene=PRY1] [locus_tag=CAALFM_C107580CA] [db_xref=CGD:CAL0000185546] [protein=Pry1p] [protein_id=AOW26405.1] [location=complement(1639501..1640733)] [gbkey=CDS],0.7868734591545523
lcl|CP017623.1_cds_AOW26406.1_702 [locus_tag=CAALFM_C107590CA] [db_xref=CGD:CAL0000177244] [protein=hypothetical protein] [protein_id=AOW26406.1] [location=complement(1641986..1645111)] [gbkey=CDS],0.8222915945793411
lcl|CP017623.1_cds_AOW26407.1_703 [gene=ATP7] [locus_tag=CAALFM_C107600WA] [db_xref=CGD:CAL0000180826] [protein=F1F0 ATP synthase subunit d] [protein_id=AOW26407.1] [location=1645623..1646147] [gbkey=CDS],0.9337124845439395
lcl|CP017623.1_cds_AOW26408.1_704 [locus_tag=CAALFM_C107610CA] [db_xref=CGD:CAL0000176890] [protein=hypothetical protein] [protein_id=AOW26408.1] [location=complement(1646303..1647247)] [gbkey=CDS],0.7969002801319713
lcl|CP017623.1_cds_AOW26409.1_705 [gene=PIR32] [locus_tag=CAALFM_C107620CA] [db_xref=CGD:CAL0000195669] [protein=Pir32p] [protein_id=AOW26409.1] [location=complement(1647560..1648828)] [gbkey=CDS],0.8399344893243971
lcl|CP017623.1_cds_AOW26410.1_706 [locus_tag=CAALFM_C107630WA] [db_xref=CGD:CAL0000183749] [protein=monothiol glutaredoxin] [protein_id=AOW26410.1] [location=1649647..1650174] [gbkey=CDS],0.8192135415394175
lcl|CP017623.1_cds_AOW26411.1_707 [locus_tag=CAALFM_C107640CA] [db_xref=CGD:CAL0000195277] [protein=hypothetical protein] [protein_id=AOW26411.1] [location=complement(1651145..1653661)] [gbkey=CDS],0.8267754006798969
lcl|CP017623.1_cds_AOW26412.1_708 [locus_tag=CAALFM_C107650WA] [db_xref=CGD:CAL0000183823] [protein=hypothetical protein] [protein_id=AOW26412.1] [location=1658863..1659375] [gbkey=CDS],0.6258778146989649
lcl|CP017623.1_cds_AOW26413.1_709 [locus_tag=CAALFM_C107660WA] [db_xref=CGD:CAL0000198519] [protein=hypothetical protein] [protein_id=AOW26413.1] [location=1660186..1662414] [gbkey=CDS],0.836570084022964
lcl|CP017623.1_cds_AOW26414.1_710 [gene=ZCF4] [locus_tag=CAALFM_C107670WA] [db_xref=CGD:CAL0000189382] [protein=Zcf4p] [protein_id=AOW26414.1] [location=1666415..1667008] [gbkey=CDS],0.7381047205416695
lcl|CP017623.1_cds_AOW26415.1_711 [gene=HAP2] [locus_tag=CAALFM_C107680WA] [db_xref=CGD:CAL0000184546] [protein=Hap2p] [protein_id=AOW26415.1] [location=1668121..1669215] [gbkey=CDS],0.811185534220256
lcl|CP017623.1_cds_AOW26416.1_712 [locus_tag=CAALFM_C107690CA] [db_xref=CGD:CAL0000195471] [protein=importin-alpha export receptor] [protein_id=AOW26416.1] [location=complement(1669743..1672880)] [gbkey=CDS],0.8683563300505389
lcl|CP017623.1_cds_AOW26417.1_713 [gene=VRG4] [locus_tag=CAALFM_C107700CA] [db_xref=CGD:CAL0000182900] [protein=GDP-mannose transporter] [protein_id=AOW26417.1] [location=complement(1674155..1675270)] [gbkey=CDS],0.8502882808510268
lcl|CP017623.1_cds_AOW26418.1_714 [gene=ADE4] [locus_tag=CAALFM_C107710CA] [db_xref=CGD:CAL0000174536] [protein=amidophosphoribosyltransferase] [protein_id=AOW26418.1] [location=complement(1677049..1678674)] [gbkey=CDS],0.8724201595164
lcl|CP017623.1_cds_AOW26419.1_715 [locus_tag=CAALFM_C107780WA] [db_xref=CGD:CAL0000177087] [protein=hypothetical protein] [protein_id=AOW26419.1] [location=1696626..1699202] [gbkey=CDS],0.7016321328066251
lcl|CP017623.1_cds_AOW26420.1_716 [locus_tag=CAALFM_C107790CA] [db_xref=CGD:CAL0000195062] [protein=hypothetical protein] [protein_id=AOW26420.1] [location=complement(1699242..1700171)] [gbkey=CDS],0.7316424991134223
lcl|CP017623.1_cds_AOW26421.1_717 [gene=MTO1] [locus_tag=CAALFM_C107800WA] [db_xref=CGD:CAL0000190865] [protein=tRNA modification protein] [protein_id=AOW26421.1] [location=1700387..1702474] [gbkey=CDS],0.7364923266572839
lcl|CP017623.1_cds_AOW26422.1_718 [locus_tag=CAALFM_C107810CA] [db_xref=CGD:CAL0000201274] [protein=hypothetical protein] [protein_id=AOW26422.1] [location=complement(1702555..1704825)] [gbkey=CDS],0.6969203167811577
lcl|CP017623.1_cds_AOW26423.1_719 [locus_tag=CAALFM_C107820WA] [db_xref=CGD:CAL0000180534] [protein=hypothetical protein] [protein_id=AOW26423.1] [location=1705110..1706270] [gbkey=CDS],0.7527064028391416
lcl|CP017623.1_cds_AOW26424.1_720 [locus_tag=CAALFM_C107830CA] [db_xref=CGD:CAL0000174681] [protein=hypothetical protein] [protein_id=AOW26424.1] [location=complement(1706353..1707135)] [gbkey=CDS],0.7300575509601256
lcl|CP017623.1_cds_AOW26425.1_721 [locus_tag=CAALFM_C107840WA] [db_xref=CGD:CAL0000188735] [protein=nicotinate-nucleotide diphosphorylase (carboxylating)] [protein_id=AOW26425.1] [location=1707470..1708372] [gbkey=CDS],0.8457552185924602
lcl|CP017623.1_cds_AOW26426.1_722 [locus_tag=CAALFM_C107850CA] [db_xref=CGD:CAL0000181158] [protein=anaphase promoting complex subunit] [protein_id=AOW26426.1] [location=complement(1708433..1709872)] [gbkey=CDS],0.7965894862548317
lcl|CP017623.1_cds_AOW26427.1_723 [locus_tag=CAALFM_C107860WA] [db_xref=CGD:CAL0000179214] [protein=hypothetical protein] [protein_id=AOW26427.1] [location=1710121..1711374] [gbkey=CDS],0.8075433316568345
lcl|CP017623.1_cds_AOW26428.1_724 [gene=SMI1] [locus_tag=CAALFM_C107870CA] [db_xref=CGD:CAL0000199204] [protein=Smi1p] [protein_id=AOW26428.1] [location=complement(1711666..1713528)] [gbkey=CDS],0.8076182745761998
lcl|CP017623.1_cds_AOW26429.1_725 [gene=GCS1] [locus_tag=CAALFM_C107880CA] [db_xref=CGD:CAL0000193135] [protein=glutamate--cysteine ligase] [protein_id=AOW26429.1] [location=complement(1714644..1716962)] [gbkey=CDS],0.8129949064348293
"lcl|CP017623.1_cds_AOW26430.1_726 [gene=ADE5,7] [locus_tag=CAALFM_C107890CA] [db_xref=CGD:CAL0000199243] [protein=bifunctional aminoimidazole ribotide synthase/glycinamide ribotide synthase] [protein_id=AOW26430.1] [location=complement(1718492..1720900)] [gbkey=CDS]",0.8305205373142083
lcl|CP017623.1_cds_AOW26431.1_727 [gene=COI1] [locus_tag=CAALFM_C107900WA] [db_xref=CGD:CAL0000196800] [protein=Coi1p] [protein_id=AOW26431.1] [location=1722824..1723399] [gbkey=CDS],0.8993203312164986
lcl|CP017623.1_cds_AOW26432.1_728 [gene=MRPL3] [locus_tag=CAALFM_C107910CA] [db_xref=CGD:CAL0000175974] [protein=mitochondrial 54S ribosomal protein YmL3] [protein_id=AOW26432.1] [location=complement(1723764..1724978)] [gbkey=CDS],0.854608801967485
lcl|CP017623.1_cds_AOW26433.1_729 [locus_tag=CAALFM_C107920WA] [db_xref=CGD:CAL0000191354] [protein=hypothetical protein] [protein_id=AOW26433.1] [location=1725659..1725850] [gbkey=CDS],0.9131326540570749
lcl|CP017623.1_cds_AOW26434.1_730 [gene=ERD1] [locus_tag=CAALFM_C107930CA] [db_xref=CGD:CAL0000182859] [protein=Erd1p] [protein_id=AOW26434.1] [location=complement(1726172..1727575)] [gbkey=CDS],0.8381208321874433
lcl|CP017623.1_cds_AOW26435.1_731 [locus_tag=CAALFM_C107950CA] [db_xref=CGD:CAL0000175073] [protein=hypothetical protein] [protein_id=AOW26435.1] [location=complement(1729610..1730410)] [gbkey=CDS],0.8338001746000977
lcl|CP017623.1_cds_AOW26436.1_732 [locus_tag=CAALFM_C107960WA] [db_xref=CGD:CAL0000186441] [protein=hypothetical protein] [protein_id=AOW26436.1] [location=1730691..1731389] [gbkey=CDS],0.7831886727244083
lcl|CP017623.1_cds_AOW26437.1_733 [gene=IRE1] [locus_tag=CAALFM_C107970CA] [db_xref=CGD:CAL0000181249] [protein=bifunctional endoribonuclease/protein kinase] [protein_id=AOW26437.1] [location=complement(1731592..1735263)] [gbkey=CDS],0.7436735667252639
lcl|CP017623.1_cds_AOW26438.1_734 [locus_tag=CAALFM_C107980CA] [db_xref=CGD:CAL0000183398] [protein=hypothetical protein] [protein_id=AOW26438.1] [location=complement(1737039..1737770)] [gbkey=CDS],0.7053003255290439
lcl|CP017623.1_cds_AOW26439.1_735 [locus_tag=CAALFM_C107990CA] [db_xref=CGD:CAL0000188260] [protein=hypothetical protein] [protein_id=AOW26439.1] [location=complement(1741763..1743058)] [gbkey=CDS],0.7527417663104385
lcl|CP017623.1_cds_AOW26440.1_736 [gene=NRP1] [locus_tag=CAALFM_C108000WA] [db_xref=CGD:CAL0000187528] [protein=Nrp1p] [protein_id=AOW26440.1] [location=1747219..1749510] [gbkey=CDS],0.6615824665018568
lcl|CP017623.1_cds_AOW26441.1_737 [gene=DPM1] [locus_tag=CAALFM_C108010WA] [db_xref=CGD:CAL0000190463] [protein=dolichyl-phosphate beta-D-mannosyltransferase] [protein_id=AOW26441.1] [location=1750206..1750925] [gbkey=CDS],0.7764959597585596
lcl|CP017623.1_cds_AOW26442.1_738 [gene=UBA2] [locus_tag=CAALFM_C108020WA] [db_xref=CGD:CAL0000174476] [protein=E1 ubiquitin-activating protein] [protein_id=AOW26442.1] [location=1751228..1753102] [gbkey=CDS],0.6806594067415219
lcl|CP017623.1_cds_AOW26443.1_739 [gene=PFY1] [locus_tag=CAALFM_C108030WA] [db_xref=CGD:CAL0000200755] [protein=profilin] [protein_id=AOW26443.1] [location=1753563..1753943] [gbkey=CDS],0.751795546832757
lcl|CP017623.1_cds_AOW26444.1_740 [locus_tag=CAALFM_C108040WA] [db_xref=CGD:CAL0000177198] [protein=hypothetical protein] [protein_id=AOW26444.1] [location=1754691..1754915] [gbkey=CDS],0.641463022867785
lcl|CP017623.1_cds_AOW26445.1_741 [locus_tag=CAALFM_C108050WA] [db_xref=CGD:CAL0000176640] [protein=hypothetical protein] [protein_id=AOW26445.1] [location=1755407..1755907] [gbkey=CDS],0.7152084094944732
lcl|CP017623.1_cds_AOW26446.1_742 [gene=OFR1] [locus_tag=CAALFM_C108060WA] [db_xref=CGD:CAL0000174295] [protein=Ofr1p] [protein_id=AOW26446.1] [location=1756486..1756893] [gbkey=CDS],0.6753965453818573
lcl|CP017623.1_cds_AOW26447.1_743 [gene=CDR4] [locus_tag=CAALFM_C108070WA] [db_xref=CGD:CAL0000201396] [protein=Cdr4p] [protein_id=AOW26447.1] [location=1757979..1762451] [gbkey=CDS],0.6564814270822554
lcl|CP017623.1_cds_AOW26448.1_744 [locus_tag=CAALFM_C108080CA] [db_xref=CGD:CAL0000199894] [protein=hypothetical protein] [protein_id=AOW26448.1] [location=complement(1762963..1763349)] [gbkey=CDS],0.7308501890624395
lcl|CP017623.1_cds_AOW26449.1_745 [gene=FUN12] [locus_tag=CAALFM_C108090CA] [db_xref=CGD:CAL0000190309] [protein=translation initiation factor eIF5B] [protein_id=AOW26449.1] [location=complement(1763704..1766757)] [gbkey=CDS],0.7185053259089069
lcl|CP017623.1_cds_AOW26450.1_746 [gene=DRG1] [locus_tag=CAALFM_C108100WA] [db_xref=CGD:CAL0000193469] [protein=GTP-binding protein] [protein_id=AOW26450.1] [location=1767333..1768439] [gbkey=CDS],0.6653660102828731
lcl|CP017623.1_cds_AOW26451.1_747 [locus_tag=CAALFM_C108110WA] [db_xref=CGD:CAL0000200179] [protein=hypothetical protein] [protein_id=AOW26451.1] [location=1768990..1772265] [gbkey=CDS],0.7129674922149253
lcl|CP017623.1_cds_AOW26452.1_748 [gene=BUD6] [locus_tag=CAALFM_C108120WA] [db_xref=CGD:CAL0000191626] [protein=Bud6p] [protein_id=AOW26452.1] [location=1772645..1774756] [gbkey=CDS],0.6400993458000391
lcl|CP017623.1_cds_AOW26453.1_749 [gene=TERT] [locus_tag=CAALFM_C108130CA] [db_xref=CGD:CAL0000184329] [protein=Tertp] [protein_id=AOW26453.1] [location=complement(1774766..1777369)] [gbkey=CDS],0.632238469110496
lcl|CP017623.1_cds_AOW26454.1_750 [locus_tag=CAALFM_C108140WA] [db_xref=CGD:CAL0000187006] [protein=hypothetical protein] [protein_id=AOW26454.1] [location=1777560..1778540] [gbkey=CDS],0.638865247553194
lcl|CP017623.1_cds_AOW26455.1_751 [locus_tag=CAALFM_C108150CA] [db_xref=CGD:CAL0000178698] [protein=hypothetical protein] [protein_id=AOW26455.1] [location=complement(1778537..1779175)] [gbkey=CDS],0.6654361399123623
lcl|CP017623.1_cds_AOW26456.1_752 [locus_tag=CAALFM_C108160WA] [db_xref=CGD:CAL0000186865] [protein=hypothetical protein] [protein_id=AOW26456.1] [location=1779285..1780343] [gbkey=CDS],0.7049992089114019
lcl|CP017623.1_cds_AOW26457.1_753 [gene=BUL1] [locus_tag=CAALFM_C108170CA] [db_xref=CGD:CAL0000184571] [protein=Bul1p] [protein_id=AOW26457.1] [location=complement(1780648..1782873)] [gbkey=CDS],0.688689701287784
lcl|CP017623.1_cds_AOW26458.1_754 [locus_tag=CAALFM_C108180CA] [db_xref=CGD:CAL0000176916] [protein=oxysterol-binding protein related protein] [protein_id=AOW26458.1] [location=complement(1785337..1789293)] [gbkey=CDS],0.6932733364712036
lcl|CP017623.1_cds_AOW26459.1_755 [gene=CAT8] [locus_tag=CAALFM_C108190CA] [db_xref=CGD:CAL0000192438] [protein=DNA-binding transcription factor] [protein_id=AOW26459.1] [location=complement(1790347..1793517)] [gbkey=CDS],0.651603586890205
lcl|CP017623.1_cds_AOW26460.1_756 [gene=NTG1] [locus_tag=CAALFM_C108200WA] [db_xref=CGD:CAL0000179989] [protein=bifunctional N-glycosylase/AP lyase] [protein_id=AOW26460.1] [location=1794134..1795096] [gbkey=CDS],0.6630419107504376
lcl|CP017623.1_cds_AOW26461.1_757 [gene=MLT1] [locus_tag=CAALFM_C108210CA] [db_xref=CGD:CAL0000178329] [protein=Mlt1p] [protein_id=AOW26461.1] [location=complement(1795204..1800024)] [gbkey=CDS],0.7175381198706442
lcl|CP017623.1_cds_AOW26462.1_758 [gene=CCR4] [locus_tag=CAALFM_C108220WA] [db_xref=CGD:CAL0000194050] [protein=CCR4-NOT core exoribonuclease subunit] [protein_id=AOW26462.1] [location=1801629..1803992] [gbkey=CDS],0.6712219331273398
lcl|CP017623.1_cds_AOW26463.1_759 [gene=PLB5] [locus_tag=CAALFM_C108230CA] [db_xref=CGD:CAL0000190956] [protein=Plb5p] [protein_id=AOW26463.1] [location=complement(1804089..1806353)] [gbkey=CDS],0.6655619660405501
lcl|CP017623.1_cds_AOW26464.1_760 [locus_tag=CAALFM_C108240CA] [db_xref=CGD:CAL0000180276] [protein=hypothetical protein] [protein_id=AOW26464.1] [location=complement(1806847..1807839)] [gbkey=CDS],0.6362635650385329
"lcl|CP017623.1_cds_AOW26465.1_761 [gene=LTP1] [locus_tag=CAALFM_C108260CA] [db_xref=CGD:CAL0000199576] [protein=tyrosine protein phosphatase] [protein_id=AOW26465.1] [location=complement(join(1808933..1809374,1809537..1809601))] [gbkey=CDS]",0.7403756582895146
lcl|CP017623.1_cds_AOW26466.1_762 [gene=MED15] [locus_tag=CAALFM_C108270CA] [db_xref=CGD:CAL0000193033] [protein=Med15p] [protein_id=AOW26466.1] [location=complement(1810097..1813534)] [gbkey=CDS],0.6591169146796474
lcl|CP017623.1_cds_AOW26467.1_763 [gene=DIP2] [locus_tag=CAALFM_C108290CA] [db_xref=CGD:CAL0000188650] [protein=snoRNA-binding rRNA-processing protein] [protein_id=AOW26467.1] [location=complement(1816300..1819245)] [gbkey=CDS],0.7144684999609291
lcl|CP017623.1_cds_AOW26468.1_764 [gene=NOT5] [locus_tag=CAALFM_C108300WA] [db_xref=CGD:CAL0000183176] [protein=CCR4-NOT core subunit] [protein_id=AOW26468.1] [location=1820165..1822153] [gbkey=CDS],0.6597763014479624
lcl|CP017623.1_cds_AOW26469.1_765 [gene=OPY2] [locus_tag=CAALFM_C108310WA] [db_xref=CGD:CAL0000195807] [protein=Opy2p] [protein_id=AOW26469.1] [location=1823757..1825340] [gbkey=CDS],0.6646004729875841
lcl|CP017623.1_cds_AOW26470.1_766 [gene=TKL1] [locus_tag=CAALFM_C108320WA] [db_xref=CGD:CAL0000174068] [protein=transketolase] [protein_id=AOW26470.1] [location=1826586..1828619] [gbkey=CDS],0.7479491680857195
lcl|CP017623.1_cds_AOW26471.1_767 [gene=ADH2] [locus_tag=CAALFM_C108330CA] [db_xref=CGD:CAL0000200753] [protein=alcohol dehydrogenase] [protein_id=AOW26471.1] [location=complement(1829194..1830240)] [gbkey=CDS],0.7413550990995172
lcl|CP017623.1_cds_AOW26472.1_768 [locus_tag=CAALFM_C108340CA] [db_xref=CGD:CAL0000191797] [protein=hypothetical protein] [protein_id=AOW26472.1] [location=complement(1831872..1832345)] [gbkey=CDS],0.6349027547924758
lcl|CP017623.1_cds_AOW26473.1_769 [locus_tag=CAALFM_C108350CA] [db_xref=CGD:CAL0000196079] [protein=hypothetical protein] [protein_id=AOW26473.1] [location=complement(1832850..1833041)] [gbkey=CDS],0.7099900555104842
lcl|CP017623.1_cds_AOW26474.1_770 [gene=OLE1] [locus_tag=CAALFM_C108360CA] [db_xref=CGD:CAL0000197289] [protein=stearoyl-CoA 9-desaturase] [protein_id=AOW26474.1] [location=complement(1834255..1835715)] [gbkey=CDS],0.7173263881952417
lcl|CP017623.1_cds_AOW26475.1_771 [gene=SDS24] [locus_tag=CAALFM_C108370WA] [db_xref=CGD:CAL0000184899] [protein=Sds24p] [protein_id=AOW26475.1] [location=1839237..1841123] [gbkey=CDS],0.6759766008088333
lcl|CP017623.1_cds_AOW26476.1_772 [gene=TEF2] [locus_tag=CAALFM_C108380WA] [db_xref=CGD:CAL0000196876] [protein=translation elongation factor EF-1 alpha] [protein_id=AOW26476.1] [location=1842502..1843878] [gbkey=CDS],0.720548658593577
lcl|CP017623.1_cds_AOW26477.1_773 [locus_tag=CAALFM_C108390CA] [db_xref=CGD:CAL0000189537] [protein=hypothetical protein] [protein_id=AOW26477.1] [location=complement(1844112..1845788)] [gbkey=CDS],0.6549431869661586
lcl|CP017623.1_cds_AOW26478.1_774 [gene=GCV2] [locus_tag=CAALFM_C108400CA] [db_xref=CGD:CAL0000198461] [protein=glycine decarboxylase subunit P] [protein_id=AOW26478.1] [location=complement(1846393..1849392)] [gbkey=CDS],0.7500367251146846
lcl|CP017623.1_cds_AOW26479.1_775 [gene=SAM4] [locus_tag=CAALFM_C108410CA] [db_xref=CGD:CAL0000183325] [protein=S-adenosylmethionine-homocysteine S-methyltransferase] [protein_id=AOW26479.1] [location=complement(1850368..1851303)] [gbkey=CDS],0.6774741213894361
lcl|CP017623.1_cds_AOW26480.1_776 [gene=GCR3] [locus_tag=CAALFM_C108420WA] [db_xref=CGD:CAL0000190077] [protein=Gcr3p] [protein_id=AOW26480.1] [location=1851770..1854430] [gbkey=CDS],0.696103648900129
lcl|CP017623.1_cds_AOW26481.1_777 [gene=CAF16] [locus_tag=CAALFM_C108430WA] [db_xref=CGD:CAL0000179885] [protein=putative ATP-binding cassette family ATPase] [protein_id=AOW26481.1] [location=1854820..1855782] [gbkey=CDS],0.6452709143948756
lcl|CP017623.1_cds_AOW26482.1_778 [locus_tag=CAALFM_C108440CA] [db_xref=CGD:CAL0000196805] [protein=hypothetical protein] [protein_id=AOW26482.1] [location=complement(1855865..1856236)] [gbkey=CDS],0.6810605257174998
lcl|CP017623.1_cds_AOW26483.1_779 [gene=CDC42] [locus_tag=CAALFM_C108450CA] [db_xref=CGD:CAL0000192612] [protein=Rho family GTPase] [protein_id=AOW26483.1] [location=complement(1856784..1857359)] [gbkey=CDS],0.7164866252020563
lcl|CP017623.1_cds_AOW26484.1_780 [gene=UPC2] [locus_tag=CAALFM_C108460CA] [db_xref=CGD:CAL0000191743] [protein=Upc2p] [protein_id=AOW26484.1] [location=complement(1858136..1860274)] [gbkey=CDS],0.6566916876082214
lcl|CP017623.1_cds_AOW26485.1_781 [locus_tag=CAALFM_C108470WA] [db_xref=CGD:CAL0000197776] [protein=hypothetical protein] [protein_id=AOW26485.1] [location=1861221..1861655] [gbkey=CDS],0.6633860513788921
"lcl|CP017623.1_cds_AOW26486.1_782 [gene=APS3] [locus_tag=CAALFM_C108480CA] [db_xref=CGD:CAL0000182525] [protein=Aps3p] [protein_id=AOW26486.1] [location=complement(join(1861721..1862226,1862295..1862316))] [gbkey=CDS]",0.6034817315074877
lcl|CP017623.1_cds_AOW26487.1_783 [locus_tag=CAALFM_C108490WA] [db_xref=CGD:CAL0000197943] [protein=kynureninase] [protein_id=AOW26487.1] [location=1862511..1863896] [gbkey=CDS],0.6832609177589185
lcl|CP017623.1_cds_AOW26488.1_784 [gene=ENO1] [locus_tag=CAALFM_C108500CA] [db_xref=CGD:CAL0000185645] [protein=phosphopyruvate hydratase] [protein_id=AOW26488.1] [location=complement(1864127..1865449)] [gbkey=CDS],0.7096146783684754
lcl|CP017623.1_cds_AOW26489.1_785 [gene=EAF6] [locus_tag=CAALFM_C108510WA] [db_xref=CGD:CAL0000192577] [protein=Eaf6p] [protein_id=AOW26489.1] [location=1866411..1867046] [gbkey=CDS],0.6175879751226674
lcl|CP017623.1_cds_AOW26490.1_786 [locus_tag=CAALFM_C108520CA] [db_xref=CGD:CAL0000197867] [protein=mitochondrial 54S ribosomal protein YmL28] [protein_id=AOW26490.1] [location=complement(1867125..1867568)] [gbkey=CDS],0.6927636108912116
lcl|CP017623.1_cds_AOW26491.1_787 [locus_tag=CAALFM_C108530WA] [db_xref=CGD:CAL0000195070] [protein=hypothetical protein] [protein_id=AOW26491.1] [location=1867837..1868310] [gbkey=CDS],0.674014980699859
lcl|CP017623.1_cds_AOW26492.1_788 [locus_tag=CAALFM_C108540CA] [db_xref=CGD:CAL0000177447] [protein=serine/threonine protein kinase] [protein_id=AOW26492.1] [location=complement(1868417..1870555)] [gbkey=CDS],0.6545138848836678
lcl|CP017623.1_cds_AOW26493.1_789 [gene=GCF1] [locus_tag=CAALFM_C108550CA] [db_xref=CGD:CAL0000184530] [protein=Gcf1p] [protein_id=AOW26493.1] [location=complement(1871363..1872100)] [gbkey=CDS],0.693838784802623
lcl|CP017623.1_cds_AOW26494.1_790 [gene=TCP1] [locus_tag=CAALFM_C108560WA] [db_xref=CGD:CAL0000181702] [protein=chaperonin-containing T-complex alpha subunit] [protein_id=AOW26494.1] [location=1872858..1874522] [gbkey=CDS],0.7523726804944312
lcl|CP017623.1_cds_AOW26495.1_791 [gene=PCL2] [locus_tag=CAALFM_C108570CA] [db_xref=CGD:CAL0000186908] [protein=cyclin] [protein_id=AOW26495.1] [location=complement(1874780..1875544)] [gbkey=CDS],0.7037893748426755
lcl|CP017623.1_cds_AOW26496.1_792 [gene=VCX1] [locus_tag=CAALFM_C108580CA] [db_xref=CGD:CAL0000184577] [protein=Vcx1p] [protein_id=AOW26496.1] [location=complement(1877922..1879172)] [gbkey=CDS],0.7099701230635276
lcl|CP017623.1_cds_AOW26497.1_793 [gene=ERG1] [locus_tag=CAALFM_C108590CA] [db_xref=CGD:CAL0000179458] [protein=squalene monooxygenase] [protein_id=AOW26497.1] [location=complement(1880547..1882037)] [gbkey=CDS],0.7382360475940827
lcl|CP017623.1_cds_AOW26498.1_794 [gene=GCD6] [locus_tag=CAALFM_C108600CA] [db_xref=CGD:CAL0000183518] [protein=translation initiation factor eIF2B catalytic subunit epsilon] [protein_id=AOW26498.1] [location=complement(1882757..1884955)] [gbkey=CDS],0.6514431924009887
lcl|CP017623.1_cds_AOW26499.1_795 [locus_tag=CAALFM_C108610CA] [db_xref=CGD:CAL0000188012] [protein=hypothetical protein] [protein_id=AOW26499.1] [location=complement(1885503..1886144)] [gbkey=CDS],0.7478657900693907
lcl|CP017623.1_cds_AOW26500.1_796 [gene=CTR2] [locus_tag=CAALFM_C108620WA] [db_xref=CGD:CAL0000189658] [protein=low-affinity Cu transporter] [protein_id=AOW26500.1] [location=1886878..1887366] [gbkey=CDS],0.6490708730892626
lcl|CP017623.1_cds_AOW26501.1_797 [locus_tag=CAALFM_C108630WA] [db_xref=CGD:CAL0000189535] [protein=hypothetical protein] [protein_id=AOW26501.1] [location=1887736..1889073] [gbkey=CDS],0.6820574516916085
lcl|CP017623.1_cds_AOW26502.1_798 [gene=RTG1] [locus_tag=CAALFM_C108640WA] [db_xref=CGD:CAL0000175785] [protein=Rtg1p] [protein_id=AOW26502.1] [location=1889477..1890301] [gbkey=CDS],0.6316244983318048
"lcl|CP017623.1_cds_AOW26503.1_799 [gene=FAD1] [locus_tag=CAALFM_C108650CA] [db_xref=CGD:CAL0000193566] [protein=FMN adenylyltransferase] [protein_id=AOW26503.1] [location=complement(join(1890487..1891105,1891191..1891423))] [gbkey=CDS]",0.6789210366610816
lcl|CP017623.1_cds_AOW26504.1_800 [locus_tag=CAALFM_C108660CA] [db_xref=CGD:CAL0000185007] [protein=hypothetical protein] [protein_id=AOW26504.1] [location=complement(1891687..1892457)] [gbkey=CDS],0.6740457625406936
lcl|CP017623.1_cds_AOW26505.1_801 [gene=SWI6] [locus_tag=CAALFM_C108670WA] [db_xref=CGD:CAL0000183437] [protein=transcriptional regulator] [protein_id=AOW26505.1] [location=1892915..1895104] [gbkey=CDS],0.640380180734306
lcl|CP017623.1_cds_AOW26506.1_802 [locus_tag=CAALFM_C108680CA] [db_xref=CGD:CAL0000194595] [protein=frequenin] [protein_id=AOW26506.1] [location=complement(1895260..1895835)] [gbkey=CDS],0.6659795008709959
lcl|CP017623.1_cds_AOW26507.1_803 [locus_tag=CAALFM_C108690WA] [db_xref=CGD:CAL0000186694] [protein=succinate dehydrogenase assembly factor] [protein_id=AOW26507.1] [location=1896172..1896639] [gbkey=CDS],0.723301539375149
lcl|CP017623.1_cds_AOW26508.1_804 [locus_tag=CAALFM_C108700WA] [db_xref=CGD:CAL0000179227] [protein=hypothetical protein] [protein_id=AOW26508.1] [location=1897121..1901266] [gbkey=CDS],0.6867763469832484
"lcl|CP017623.1_cds_AOW26509.1_805 [locus_tag=CAALFM_C108710WA] [db_xref=CGD:CAL0000199763] [protein=hypothetical protein] [protein_id=AOW26509.1] [location=join(1901480..1901493,1901556..1902264)] [gbkey=CDS]",0.7095927942640841
lcl|CP017623.1_cds_AOW26510.1_806 [locus_tag=CAALFM_C108730WA] [db_xref=CGD:CAL0000181817] [protein=Golgi transport complex subunit] [protein_id=AOW26510.1] [location=1902971..1904146] [gbkey=CDS],0.6800907594078229
lcl|CP017623.1_cds_AOW26511.1_807 [gene=SEC24] [locus_tag=CAALFM_C108740CA] [db_xref=CGD:CAL0000196446] [protein=COPII subunit] [protein_id=AOW26511.1] [location=complement(1904314..1907100)] [gbkey=CDS],0.7062002084092804
lcl|CP017623.1_cds_AOW26512.1_808 [gene=YMC2] [locus_tag=CAALFM_C108750WA] [db_xref=CGD:CAL0000178309] [protein=Ymc2p] [protein_id=AOW26512.1] [location=1907474..1908382] [gbkey=CDS],0.7018693390531925
lcl|CP017623.1_cds_AOW26513.1_809 [locus_tag=CAALFM_C108760WA] [db_xref=CGD:CAL0000201126] [protein=hypothetical protein] [protein_id=AOW26513.1] [location=1908828..1909877] [gbkey=CDS],0.6437877699893679
lcl|CP017623.1_cds_AOW26514.1_810 [locus_tag=CAALFM_C108770WA] [db_xref=CGD:CAL0000179983] [protein=hypothetical protein] [protein_id=AOW26514.1] [location=1910142..1911194] [gbkey=CDS],0.6892922646334051
lcl|CP017623.1_cds_AOW26515.1_811 [locus_tag=CAALFM_C108780WA] [db_xref=CGD:CAL0000197686] [protein=alkaline phosphatase] [protein_id=AOW26515.1] [location=1912020..1913675] [gbkey=CDS],0.6897639710913497
lcl|CP017623.1_cds_AOW26516.1_812 [gene=TPO3] [locus_tag=CAALFM_C108790WA] [db_xref=CGD:CAL0000176249] [protein=spermine transporter] [protein_id=AOW26516.1] [location=1914832..1916589] [gbkey=CDS],0.7524150140730383
lcl|CP017623.1_cds_AOW26517.1_813 [locus_tag=CAALFM_C108800WA] [db_xref=CGD:CAL0000189668] [protein=hypothetical protein] [protein_id=AOW26517.1] [location=1916963..1918639] [gbkey=CDS],0.6676793356557312
lcl|CP017623.1_cds_AOW26518.1_814 [gene=MSS116] [locus_tag=CAALFM_C108810CA] [db_xref=CGD:CAL0000195117] [protein=ATP-dependent RNA helicase] [protein_id=AOW26518.1] [location=complement(1918866..1920872)] [gbkey=CDS],0.7313507457540483
lcl|CP017623.1_cds_AOW26519.1_815 [locus_tag=CAALFM_C108820CA] [db_xref=CGD:CAL0000178920] [protein=aminoacyl-tRNA hydrolase] [protein_id=AOW26519.1] [location=complement(1921091..1921723)] [gbkey=CDS],0.6518541529590606
"lcl|CP017623.1_cds_AOW26520.1_816 [locus_tag=CAALFM_C108830CA] [db_xref=CGD:CAL0000187665] [protein=hypothetical protein] [protein_id=AOW26520.1] [location=complement(join(1921987..1922113,1922180..1922238,1922310..1922570))] [gbkey=CDS]",0.6770488439758598
lcl|CP017623.1_cds_AOW26521.1_817 [locus_tag=CAALFM_C108840WA] [db_xref=CGD:CAL0000190331] [protein=hypothetical protein] [protein_id=AOW26521.1] [location=1922753..1923817] [gbkey=CDS],0.6620383863739908
lcl|CP017623.1_cds_AOW26522.1_818 [gene=AFG1] [locus_tag=CAALFM_C108850CA] [db_xref=CGD:CAL0000193419] [protein=Afg1p] [protein_id=AOW26522.1] [location=complement(1923990..1926056)] [gbkey=CDS],0.6958639154203913
lcl|CP017623.1_cds_AOW26523.1_819 [locus_tag=CAALFM_C108860CA] [db_xref=CGD:CAL0000182833] [protein=phosphatidylinositol-3-phosphatase] [protein_id=AOW26523.1] [location=complement(1926303..1928510)] [gbkey=CDS],0.6597438978995572
lcl|CP017623.1_cds_AOW26524.1_820 [gene=JIP5] [locus_tag=CAALFM_C108870CA] [db_xref=CGD:CAL0000174164] [protein=Jip5p] [protein_id=AOW26524.1] [location=complement(1928994..1930622)] [gbkey=CDS],0.7170431669030313
lcl|CP017623.1_cds_AOW26525.1_821 [gene=HEM14] [locus_tag=CAALFM_C108880WA] [db_xref=CGD:CAL0000182679] [protein=oxygen-dependent protoporphyrinogen oxidase] [protein_id=AOW26525.1] [location=1931304..1932899] [gbkey=CDS],0.7749035352020615
lcl|CP017623.1_cds_AOW26526.1_822 [locus_tag=CAALFM_C108890CA] [db_xref=CGD:CAL0000176904] [protein=U2 snRNP complex subunit] [protein_id=AOW26526.1] [location=complement(1932950..1933345)] [gbkey=CDS],0.7381812968777021
lcl|CP017623.1_cds_AOW26527.1_823 [locus_tag=CAALFM_C108900WA] [db_xref=CGD:CAL0000174928] [protein=hypothetical protein] [protein_id=AOW26527.1] [location=1933791..1935467] [gbkey=CDS],0.7689588539544703
lcl|CP017623.1_cds_AOW26528.1_824 [locus_tag=CAALFM_C108910CA] [db_xref=CGD:CAL0000190673] [protein=hypothetical protein] [protein_id=AOW26528.1] [location=complement(1936147..1938249)] [gbkey=CDS],0.7850945572642878
lcl|CP017623.1_cds_AOW26529.1_825 [locus_tag=CAALFM_C108920WA] [db_xref=CGD:CAL0000181949] [protein=mitochondrial 37S ribosomal protein RSM25] [protein_id=AOW26529.1] [location=1938480..1939367] [gbkey=CDS],0.8872565710593389
lcl|CP017623.1_cds_AOW26530.1_826 [locus_tag=CAALFM_C108930CA] [db_xref=CGD:CAL0000191606] [protein=hypothetical protein] [protein_id=AOW26530.1] [location=complement(1939545..1939769)] [gbkey=CDS],0.8434438291020958
lcl|CP017623.1_cds_AOW26531.1_827 [gene=MSN4] [locus_tag=CAALFM_C108940CA] [db_xref=CGD:CAL0000191067] [protein=stress-responsive transcriptional activator] [protein_id=AOW26531.1] [location=complement(1940406..1942679)] [gbkey=CDS],0.7703281416206315
lcl|CP017623.1_cds_AOW26532.1_828 [gene=PFK26] [locus_tag=CAALFM_C108950WA] [db_xref=CGD:CAL0000176014] [protein=Pfk26p] [protein_id=AOW26532.1] [location=1948142..1951585] [gbkey=CDS],0.8141545874908935
lcl|CP017623.1_cds_AOW26533.1_829 [gene=ZWF1] [locus_tag=CAALFM_C108980CA] [db_xref=CGD:CAL0000192089] [protein=glucose-6-phosphate dehydrogenase] [protein_id=AOW26533.1] [location=complement(1953260..1954783)] [gbkey=CDS],0.9007803326525856
lcl|CP017623.1_cds_AOW26534.1_830 [gene=KEX2] [locus_tag=CAALFM_C108990CA] [db_xref=CGD:CAL0000186377] [protein=kexin] [protein_id=AOW26534.1] [location=complement(1956445..1959255)] [gbkey=CDS],0.8223873423759398
lcl|CP017623.1_cds_AOW26535.1_831 [locus_tag=CAALFM_C109000WA] [db_xref=CGD:CAL0000194856] [protein=hypothetical protein] [protein_id=AOW26535.1] [location=1960295..1961950] [gbkey=CDS],0.8202790210529383
lcl|CP017623.1_cds_AOW26536.1_832 [gene=NAR1] [locus_tag=CAALFM_C109010WA] [db_xref=CGD:CAL0000185143] [protein=Nar1p] [protein_id=AOW26536.1] [location=1962465..1964288] [gbkey=CDS],0.8100596758051105
lcl|CP017623.1_cds_AOW26537.1_833 [locus_tag=CAALFM_C109020WA] [db_xref=CGD:CAL0000196894] [protein=hypothetical protein] [protein_id=AOW26537.1] [location=1964983..1965726] [gbkey=CDS],0.8969592256806507
lcl|CP017623.1_cds_AOW26538.1_834 [gene=COX5] [locus_tag=CAALFM_C109030CA] [db_xref=CGD:CAL0000179426] [protein=cytochrome c oxidase subunit Va] [protein_id=AOW26538.1] [location=complement(1966282..1966779)] [gbkey=CDS],0.8863465179044412
lcl|CP017623.1_cds_AOW26539.1_835 [gene=HST1] [locus_tag=CAALFM_C109050WA] [db_xref=CGD:CAL0000190389] [protein=histone deacetylase] [protein_id=AOW26539.1] [location=1969726..1971693] [gbkey=CDS],0.7708390966439442
lcl|CP017623.1_cds_AOW26540.1_836 [locus_tag=CAALFM_C109060CA] [db_xref=CGD:CAL0000186257] [protein=hypothetical protein] [protein_id=AOW26540.1] [location=complement(1972141..1972821)] [gbkey=CDS],0.8771133315656217
lcl|CP017623.1_cds_AOW26541.1_837 [locus_tag=CAALFM_C109070WA] [db_xref=CGD:CAL0000194881] [protein=poly(A)-specific ribonuclease] [protein_id=AOW26541.1] [location=1973678..1977250] [gbkey=CDS],0.817929695874099
lcl|CP017623.1_cds_AOW26542.1_838 [gene=PGA6] [locus_tag=CAALFM_C109080CA] [db_xref=CGD:CAL0000190753] [protein=Pga6p] [protein_id=AOW26542.1] [location=complement(1978117..1978776)] [gbkey=CDS],0.8132395762298608
lcl|CP017623.1_cds_AOW26543.1_839 [gene=ARG81] [locus_tag=CAALFM_C109090CA] [db_xref=CGD:CAL0000185550] [protein=Arg81p] [protein_id=AOW26543.1] [location=complement(1980940..1984239)] [gbkey=CDS],0.8099075193266706
lcl|CP017623.1_cds_AOW26545.1_841 [locus_tag=CAALFM_C109110WA] [db_xref=CGD:CAL0000188576] [protein=hypothetical protein] [protein_id=AOW26545.1] [location=1986752..1988347] [gbkey=CDS],0.832348949733914
lcl|CP017623.1_cds_AOW26546.1_842 [gene=IPT1] [locus_tag=CAALFM_C109120WA] [db_xref=CGD:CAL0000180770] [protein=inositolphosphotransferase] [protein_id=AOW26546.1] [location=1991466..1993010] [gbkey=CDS],0.769379169347374
lcl|CP017623.1_cds_AOW26547.1_843 [locus_tag=CAALFM_C109130WA] [db_xref=CGD:CAL0000176316] [protein=hypothetical protein] [protein_id=AOW26547.1] [location=1996613..1998733] [gbkey=CDS],0.8032605805090759
lcl|CP017623.1_cds_AOW26548.1_844 [gene=SSU81] [locus_tag=CAALFM_C109140CA] [db_xref=CGD:CAL0000185371] [protein=osmosensor] [protein_id=AOW26548.1] [location=complement(1999453..2000619)] [gbkey=CDS],0.831936275631614
lcl|CP017623.1_cds_AOW26549.1_845 [gene=AOX2] [locus_tag=CAALFM_C109150WA] [db_xref=CGD:CAL0000177372] [protein=Aox2p] [protein_id=AOW26549.1] [location=2004765..2005862] [gbkey=CDS],0.7997862981050297
lcl|CP017623.1_cds_AOW26550.1_846 [gene=AOX1] [locus_tag=CAALFM_C109160WA] [db_xref=CGD:CAL0000186504] [protein=Aox1p] [protein_id=AOW26550.1] [location=2007208..2008347] [gbkey=CDS],0.7522037975387827
lcl|CP017623.1_cds_AOW26551.1_847 [gene=CTA8] [locus_tag=CAALFM_C109170WA] [db_xref=CGD:CAL0000175059] [protein=stress-responsive transcription factor] [protein_id=AOW26551.1] [location=2010260..2012542] [gbkey=CDS],0.7027073532690918
lcl|CP017623.1_cds_AOW26552.1_848 [gene=LYS143] [locus_tag=CAALFM_C109180WA] [db_xref=CGD:CAL0000182884] [protein=Lys143p] [protein_id=AOW26552.1] [location=2014803..2017433] [gbkey=CDS],0.6828286349706391
lcl|CP017623.1_cds_AOW26553.1_849 [gene=DAK2] [locus_tag=CAALFM_C109190CA] [db_xref=CGD:CAL0000174642] [protein=dihydroxyacetone kinase] [protein_id=AOW26553.1] [location=complement(2017549..2019336)] [gbkey=CDS],0.7984797119955461
lcl|CP017623.1_cds_AOW26554.1_850 [gene=LYS142] [locus_tag=CAALFM_C109200WA] [db_xref=CGD:CAL0000198710] [protein=Lys142p] [protein_id=AOW26554.1] [location=2020180..2022249] [gbkey=CDS],0.6916195800575521
lcl|CP017623.1_cds_AOW26555.1_851 [locus_tag=CAALFM_C109210CA] [db_xref=CGD:CAL0000193702] [protein=basic amino acid transporter] [protein_id=AOW26555.1] [location=complement(2022447..2024309)] [gbkey=CDS],0.7238369362998919
lcl|CP017623.1_cds_AOW26556.1_852 [locus_tag=CAALFM_C109220WA] [db_xref=CGD:CAL0000188365] [protein=hypothetical protein] [protein_id=AOW26556.1] [location=2025818..2027191] [gbkey=CDS],0.6889464976547829
lcl|CP017623.1_cds_AOW26557.1_853 [gene=GRP1] [locus_tag=CAALFM_C109230CA] [db_xref=CGD:CAL0000175332] [protein=Grp1p] [protein_id=AOW26557.1] [location=complement(2027229..2028242)] [gbkey=CDS],0.7111124551581098
lcl|CP017623.1_cds_AOW26558.1_854 [locus_tag=CAALFM_C109240CA] [db_xref=CGD:CAL0000201655] [protein=hypothetical protein] [protein_id=AOW26558.1] [location=complement(2028519..2029943)] [gbkey=CDS],0.7101256190246589
lcl|CP017623.1_cds_AOW26559.1_855 [gene=CRP1] [locus_tag=CAALFM_C109250WA] [db_xref=CGD:CAL0000174668] [protein=Crp1p] [protein_id=AOW26559.1] [location=2030997..2034590] [gbkey=CDS],0.6949723429097676
lcl|CP017623.1_cds_AOW26560.1_856 [gene=PTC1] [locus_tag=CAALFM_C109260CA] [db_xref=CGD:CAL0000194483] [protein=type 2C protein phosphatase] [protein_id=AOW26560.1] [location=complement(2034691..2035818)] [gbkey=CDS],0.6517749293551555
lcl|CP017623.1_cds_AOW26561.1_857 [gene=FGR43] [locus_tag=CAALFM_C109270WA] [db_xref=CGD:CAL0000193193] [protein=Fgr43p] [protein_id=AOW26561.1] [location=2036746..2038410] [gbkey=CDS],0.6854599623545318
lcl|CP017623.1_cds_AOW26562.1_858 [locus_tag=CAALFM_C109280WA] [db_xref=CGD:CAL0000188652] [protein=hypothetical protein] [protein_id=AOW26562.1] [location=2038862..2041054] [gbkey=CDS],0.6552199022104502
"lcl|CP017623.1_cds_AOW26563.1_859 [gene=ARG5,6] [locus_tag=CAALFM_C109290CA] [db_xref=CGD:CAL0000175409] [protein=bifunctional acetylglutamate kinase/N-acetyl-gamma-glutamyl-phosphate reductase] [protein_id=AOW26563.1] [location=complement(2041212..2043785)] [gbkey=CDS]",0.7365037822253896
lcl|CP017623.1_cds_AOW26564.1_860 [locus_tag=CAALFM_C109300CA] [db_xref=CGD:CAL0000175342] [protein=hypothetical protein] [protein_id=AOW26564.1] [location=complement(2044586..2045479)] [gbkey=CDS],0.7296633193192203
lcl|CP017623.1_cds_AOW26565.1_861 [locus_tag=CAALFM_C109310CA] [db_xref=CGD:CAL0000191456] [protein=hypothetical protein] [protein_id=AOW26565.1] [location=complement(2045895..2048825)] [gbkey=CDS],0.7002493189286777
lcl|CP017623.1_cds_AOW26566.1_862 [locus_tag=CAALFM_C109320CA] [db_xref=CGD:CAL0000176411] [protein=hypothetical protein] [protein_id=AOW26566.1] [location=complement(2050005..2051678)] [gbkey=CDS],0.6697318356278384
lcl|CP017623.1_cds_AOW26567.1_863 [locus_tag=CAALFM_C109330WA] [db_xref=CGD:CAL0000197859] [protein=hypothetical protein] [protein_id=AOW26567.1] [location=2054912..2055511] [gbkey=CDS],0.7844732587798005
lcl|CP017623.1_cds_AOW26568.1_864 [locus_tag=CAALFM_C109340CA] [db_xref=CGD:CAL0000200848] [protein=hypothetical protein] [protein_id=AOW26568.1] [location=complement(2055982..2059482)] [gbkey=CDS],0.7212697609511456
lcl|CP017623.1_cds_AOW26569.1_865 [locus_tag=CAALFM_C109350WA] [db_xref=CGD:CAL0000199949] [protein=hypothetical protein] [protein_id=AOW26569.1] [location=2060785..2061315] [gbkey=CDS],0.8072504797236763
lcl|CP017623.1_cds_AOW26570.1_866 [locus_tag=CAALFM_C109360CA] [db_xref=CGD:CAL0000200870] [protein=hypothetical protein] [protein_id=AOW26570.1] [location=complement(2061654..2064530)] [gbkey=CDS],0.7182434431106337
lcl|CP017623.1_cds_AOW26571.1_867 [gene=CEF1] [locus_tag=CAALFM_C109370WA] [db_xref=CGD:CAL0000201853] [protein=Cef1p] [protein_id=AOW26571.1] [location=2065803..2067635] [gbkey=CDS],0.6918718050195072
lcl|CP017623.1_cds_AOW26572.1_868 [gene=RIM20] [locus_tag=CAALFM_C109380WA] [db_xref=CGD:CAL0000180949] [protein=Rim20p] [protein_id=AOW26572.1] [location=2067844..2070201] [gbkey=CDS],0.7232306165288268
lcl|CP017623.1_cds_AOW26573.1_869 [locus_tag=CAALFM_C109390WA] [db_xref=CGD:CAL0000175281] [protein=tRNA dimethylallyltransferase] [protein_id=AOW26573.1] [location=2070405..2071802] [gbkey=CDS],0.7199527747460384
lcl|CP017623.1_cds_AOW26574.1_870 [gene=FTH1] [locus_tag=CAALFM_C109400CA] [db_xref=CGD:CAL0000186938] [protein=Fth1p] [protein_id=AOW26574.1] [location=complement(2072063..2073337)] [gbkey=CDS],0.7156403153905425
lcl|CP017623.1_cds_AOW26575.1_871 [gene=LIP2] [locus_tag=CAALFM_C109420WA] [db_xref=CGD:CAL0000197688] [protein=Lip2p] [protein_id=AOW26575.1] [location=2075333..2076733] [gbkey=CDS],0.778809753889918
lcl|CP017623.1_cds_AOW26576.1_872 [locus_tag=CAALFM_C109430WA] [db_xref=CGD:CAL0000193886] [protein=hypothetical protein] [protein_id=AOW26576.1] [location=2077583..2080183] [gbkey=CDS],0.7293664760357194
lcl|CP017623.1_cds_AOW26577.1_873 [locus_tag=CAALFM_C109440WA] [db_xref=CGD:CAL0000198968] [protein=inorganic diphosphatase] [protein_id=AOW26577.1] [location=2080806..2081780] [gbkey=CDS],0.756187351282495
lcl|CP017623.1_cds_AOW26578.1_874 [gene=NUP188] [locus_tag=CAALFM_C109450CA] [db_xref=CGD:CAL0000201257] [protein=Nup188p] [protein_id=AOW26578.1] [location=complement(2082040..2086968)] [gbkey=CDS],0.6990648392274569
lcl|CP017623.1_cds_AOW26579.1_875 [gene=ERG12] [locus_tag=CAALFM_C109460WA] [db_xref=CGD:CAL0000186221] [protein=mevalonate kinase] [protein_id=AOW26579.1] [location=2087338..2088633] [gbkey=CDS],0.7031924568760584
lcl|CP017623.1_cds_AOW26580.1_876 [locus_tag=CAALFM_C109470CA] [db_xref=CGD:CAL0000177270] [protein=hypothetical protein] [protein_id=AOW26580.1] [location=complement(2088739..2089725)] [gbkey=CDS],0.7035938514508808
lcl|CP017623.1_cds_AOW26581.1_877 [gene=PPT2] [locus_tag=CAALFM_C109480WA] [db_xref=CGD:CAL0000183849] [protein=holo-[acyl-carrier-protein] synthase] [protein_id=AOW26581.1] [location=2089906..2090313] [gbkey=CDS],0.6326784749623368
lcl|CP017623.1_cds_AOW26582.1_878 [gene=GUA1] [locus_tag=CAALFM_C109490CA] [db_xref=CGD:CAL0000179678] [protein=GMP synthase (glutamine-hydrolyzing)] [protein_id=AOW26582.1] [location=complement(2090366..2091958)] [gbkey=CDS],0.7806765699850612
lcl|CP017623.1_cds_AOW26583.1_879 [locus_tag=CAALFM_C109500WA] [db_xref=CGD:CAL0000193948] [protein=hypothetical protein] [protein_id=AOW26583.1] [location=2092602..2092937] [gbkey=CDS],0.6933737592158659
lcl|CP017623.1_cds_AOW26584.1_880 [gene=YTM1] [locus_tag=CAALFM_C109510WA] [db_xref=CGD:CAL0000176486] [protein=Ytm1p] [protein_id=AOW26584.1] [location=2093170..2094570] [gbkey=CDS],0.7073536707183031
lcl|CP017623.1_cds_AOW26585.1_881 [locus_tag=CAALFM_C109520CA] [db_xref=CGD:CAL0000181027] [protein=hypothetical protein] [protein_id=AOW26585.1] [location=complement(2094630..2095979)] [gbkey=CDS],0.7068712234818004
lcl|CP017623.1_cds_AOW26586.1_882 [gene=RAM2] [locus_tag=CAALFM_C109530WA] [db_xref=CGD:CAL0000180742] [protein=bifunctional protein farnesyltransferase/protein geranylgeranyltransferase] [protein_id=AOW26586.1] [location=2096586..2097506] [gbkey=CDS],0.7413078945080083
lcl|CP017623.1_cds_AOW26587.1_883 [locus_tag=CAALFM_C109540WA] [db_xref=CGD:CAL0000192368] [protein=hypothetical protein] [protein_id=AOW26587.1] [location=2102573..2104153] [gbkey=CDS],0.7003865274664078
lcl|CP017623.1_cds_AOW26588.1_884 [locus_tag=CAALFM_C109550WA] [db_xref=CGD:CAL0000174614] [protein=hypothetical protein] [protein_id=AOW26588.1] [location=2104221..2104577] [gbkey=CDS],0.8241469563754078
lcl|CP017623.1_cds_AOW26589.1_885 [locus_tag=CAALFM_C109570WA] [db_xref=CGD:CAL0000186125] [protein=hypothetical protein] [protein_id=AOW26589.1] [location=2106955..2108577] [gbkey=CDS],0.6874369420839438
lcl|CP017623.1_cds_AOW26590.1_886 [gene=LIP1] [locus_tag=CAALFM_C109580CA] [db_xref=CGD:CAL0000177069] [protein=Lip1p] [protein_id=AOW26590.1] [location=complement(2108735..2110141)] [gbkey=CDS],0.6963932071841326
lcl|CP017623.1_cds_AOW26591.1_887 [gene=LIP10] [locus_tag=CAALFM_C109590CA] [db_xref=CGD:CAL0000198152] [protein=Lip10p] [protein_id=AOW26591.1] [location=complement(2111646..2113043)] [gbkey=CDS],0.6930765617794977
lcl|CP017623.1_cds_AOW26592.1_888 [gene=LIP6] [locus_tag=CAALFM_C109600CA] [db_xref=CGD:CAL0000176920] [protein=Lip6p] [protein_id=AOW26592.1] [location=complement(2114091..2115482)] [gbkey=CDS],0.7072454903587808
lcl|CP017623.1_cds_AOW26593.1_889 [locus_tag=CAALFM_C109610WA] [db_xref=CGD:CAL0000201251] [protein=hypothetical protein] [protein_id=AOW26593.1] [location=2117863..2118681] [gbkey=CDS],0.6176778061568897
lcl|CP017623.1_cds_AOW26594.1_890 [locus_tag=CAALFM_C109620CA] [db_xref=CGD:CAL0000192723] [protein=hypothetical protein] [protein_id=AOW26594.1] [location=complement(2118745..2119209)] [gbkey=CDS],0.7041734677812421
"lcl|CP017623.1_cds_AOW26595.1_891 [gene=IDH1] [locus_tag=CAALFM_C109630WA] [db_xref=CGD:CAL0000189143] [protein=isocitrate dehydrogenase (NAD(+))] [protein_id=AOW26595.1] [location=join(2120305..2120331,2120551..2121618)] [gbkey=CDS]",0.7657087505961675
lcl|CP017623.1_cds_AOW26596.1_892 [gene=ADE12] [locus_tag=CAALFM_C109640WA] [db_xref=CGD:CAL0000175348] [protein=adenylosuccinate synthase] [protein_id=AOW26596.1] [location=2122166..2123452] [gbkey=CDS],0.7395458485963146
"lcl|CP017623.1_cds_AOW26597.1_893 [locus_tag=CAALFM_C109650WA] [db_xref=CGD:CAL0000188209] [protein=hypothetical protein] [protein_id=AOW26597.1] [location=join(2124235..2124277,2124344..2125830)] [gbkey=CDS]",0.6194145788582078
lcl|CP017623.1_cds_AOW26598.1_894 [gene=DOA1] [locus_tag=CAALFM_C109660WA] [db_xref=CGD:CAL0000180586] [protein=Doa1p] [protein_id=AOW26598.1] [location=2126282..2128567] [gbkey=CDS],0.6665911424419383
lcl|CP017623.1_cds_AOW26599.1_895 [locus_tag=CAALFM_C109670CA] [db_xref=CGD:CAL0000181418] [protein=hypothetical protein] [protein_id=AOW26599.1] [location=complement(2128602..2128934)] [gbkey=CDS],0.6657527692609637
lcl|CP017623.1_cds_AOW26600.1_896 [gene=MTS1] [locus_tag=CAALFM_C109680WA] [db_xref=CGD:CAL0000177730] [protein=Mts1p] [protein_id=AOW26600.1] [location=2129681..2131222] [gbkey=CDS],0.7516407946624246
lcl|CP017623.1_cds_AOW26601.1_897 [gene=MLS1] [locus_tag=CAALFM_C109690WA] [db_xref=CGD:CAL0000178842] [protein=malate synthase] [protein_id=AOW26601.1] [location=2132251..2133906] [gbkey=CDS],0.7288239422676911
lcl|CP017623.1_cds_AOW26602.1_898 [locus_tag=CAALFM_C109700WA] [db_xref=CGD:CAL0000187275] [protein=hypothetical protein] [protein_id=AOW26602.1] [location=2134158..2134862] [gbkey=CDS],0.7114969207800915
lcl|CP017623.1_cds_AOW26603.1_899 [locus_tag=CAALFM_C109710CA] [db_xref=CGD:CAL0000181309] [protein=hypothetical protein] [protein_id=AOW26603.1] [location=complement(2134881..2136464)] [gbkey=CDS],0.6829758038346824
lcl|CP017623.1_cds_AOW26604.1_900 [gene=URA1] [locus_tag=CAALFM_C109720WA] [db_xref=CGD:CAL0000178448] [protein=dihydroorotate dehydrogenase] [protein_id=AOW26604.1] [location=2136910..2138244] [gbkey=CDS],0.7051122778775237
lcl|CP017623.1_cds_AOW26605.1_901 [gene=DAM1] [locus_tag=CAALFM_C109730WA] [db_xref=CGD:CAL0000195338] [protein=Dam1p] [protein_id=AOW26605.1] [location=2138426..2139259] [gbkey=CDS],0.6981164625426746
lcl|CP017623.1_cds_AOW26606.1_902 [locus_tag=CAALFM_C109740CA] [db_xref=CGD:CAL0000193371] [protein=hypothetical protein] [protein_id=AOW26606.1] [location=complement(2139280..2139498)] [gbkey=CDS],0.6798995032640297
lcl|CP017623.1_cds_AOW26607.1_903 [locus_tag=CAALFM_C109750WA] [db_xref=CGD:CAL0000174567] [protein=GET complex subunit] [protein_id=AOW26607.1] [location=2139718..2140614] [gbkey=CDS],0.6769056443377902
lcl|CP017623.1_cds_AOW26608.1_904 [gene=SHY1] [locus_tag=CAALFM_C109760CA] [db_xref=CGD:CAL0000182145] [protein=Shy1p] [protein_id=AOW26608.1] [location=complement(2140691..2141770)] [gbkey=CDS],0.6860693268494594
lcl|CP017623.1_cds_AOW26609.1_905 [locus_tag=CAALFM_C109770WA] [db_xref=CGD:CAL0000179602] [protein=hypothetical protein] [protein_id=AOW26609.1] [location=2142201..2142542] [gbkey=CDS],0.6813986902383791
lcl|CP017623.1_cds_AOW26610.1_906 [locus_tag=CAALFM_C109780CA] [db_xref=CGD:CAL0000198623] [protein=putative ferric-chelate reductase] [protein_id=AOW26610.1] [location=complement(2142636..2144831)] [gbkey=CDS],0.6782989085689969
lcl|CP017623.1_cds_AOW26611.1_907 [locus_tag=CAALFM_C109790CA] [db_xref=CGD:CAL0000199717] [protein=TRAMP complex RNA-binding subunit] [protein_id=AOW26611.1] [location=complement(2145394..2146539)] [gbkey=CDS],0.6324049881159002
lcl|CP017623.1_cds_AOW26612.1_908 [gene=TVP18] [locus_tag=CAALFM_C109800CA] [db_xref=CGD:CAL0000196216] [protein=Tvp18p] [protein_id=AOW26612.1] [location=complement(2146924..2147445)] [gbkey=CDS],0.7430221042907058
lcl|CP017623.1_cds_AOW26613.1_909 [locus_tag=CAALFM_C109810WA] [db_xref=CGD:CAL0000179660] [protein=hypothetical protein] [protein_id=AOW26613.1] [location=2148118..2149359] [gbkey=CDS],0.6587626268048736
lcl|CP017623.1_cds_AOW26614.1_910 [locus_tag=CAALFM_C109820CA] [db_xref=CGD:CAL0000179103] [protein=hypothetical protein] [protein_id=AOW26614.1] [location=complement(2148315..2148767)] [gbkey=CDS],0.5866383440515851
lcl|CP017623.1_cds_AOW26615.1_911 [gene=SKI3] [locus_tag=CAALFM_C109830WA] [db_xref=CGD:CAL0000188763] [protein=SKI complex subunit tetratricopeptide repeat protein] [protein_id=AOW26615.1] [location=2149689..2153891] [gbkey=CDS],0.7021319769221973
lcl|CP017623.1_cds_AOW26616.1_912 [locus_tag=CAALFM_C109840CA] [db_xref=CGD:CAL0000185317] [protein=hypothetical protein] [protein_id=AOW26616.1] [location=complement(2153952..2154935)] [gbkey=CDS],0.7027961153326575
lcl|CP017623.1_cds_AOW26617.1_913 [locus_tag=CAALFM_C109850CA] [db_xref=CGD:CAL0000174016] [protein=hypothetical protein] [protein_id=AOW26617.1] [location=complement(2155954..2157804)] [gbkey=CDS],0.7449375431243944
lcl|CP017623.1_cds_AOW26618.1_914 [gene=TFA1] [locus_tag=CAALFM_C109860CA] [db_xref=CGD:CAL0000198769] [protein=transcription factor TFIIE subunit] [protein_id=AOW26618.1] [location=complement(2158652..2159836)] [gbkey=CDS],0.6949438288415273
lcl|CP017623.1_cds_AOW26619.1_915 [gene=HCM1] [locus_tag=CAALFM_C109870WA] [db_xref=CGD:CAL0000174229] [protein=Hcm1p] [protein_id=AOW26619.1] [location=2161357..2163096] [gbkey=CDS],0.6526914110485876
lcl|CP017623.1_cds_AOW26620.1_916 [gene=BUD31] [locus_tag=CAALFM_C109880CA] [db_xref=CGD:CAL0000199633] [protein=U2 snRNP complex subunit] [protein_id=AOW26620.1] [location=complement(2163426..2163878)] [gbkey=CDS],0.7221760145755622
lcl|CP017623.1_cds_AOW26621.1_917 [gene=LIP3] [locus_tag=CAALFM_C109900WA] [db_xref=CGD:CAL0000182579] [protein=Lip3p] [protein_id=AOW26621.1] [location=2166008..2167423] [gbkey=CDS],0.6954502467491057
lcl|CP017623.1_cds_AOW26622.1_918 [locus_tag=CAALFM_C109910CA] [db_xref=CGD:CAL0000175421] [protein=hypothetical protein] [protein_id=AOW26622.1] [location=complement(2167566..2168384)] [gbkey=CDS],0.6100792631098865
lcl|CP017623.1_cds_AOW26623.1_919 [gene=VPS41] [locus_tag=CAALFM_C109920WA] [db_xref=CGD:CAL0000197907] [protein=Vps41p] [protein_id=AOW26623.1] [location=2169696..2172581] [gbkey=CDS],0.6638502761117439
lcl|CP017623.1_cds_AOW26624.1_920 [locus_tag=CAALFM_C109930WA] [db_xref=CGD:CAL0000184908] [protein=hypothetical protein] [protein_id=AOW26624.1] [location=2172939..2173751] [gbkey=CDS],0.7325006216661891
lcl|CP017623.1_cds_AOW26625.1_921 [locus_tag=CAALFM_C109940WA] [db_xref=CGD:CAL0000201038] [protein=hypothetical protein] [protein_id=AOW26625.1] [location=2173813..2174097] [gbkey=CDS],0.6933811430299388
lcl|CP017623.1_cds_AOW26626.1_922 [locus_tag=CAALFM_C109950CA] [db_xref=CGD:CAL0000197417] [protein=hypothetical protein] [protein_id=AOW26626.1] [location=complement(2174079..2174675)] [gbkey=CDS],0.7449667079369187
"lcl|CP017623.1_cds_AOW26627.1_923 [gene=PET100] [locus_tag=CAALFM_C109960WA] [db_xref=CGD:CAL0000185665] [protein=Pet100p] [protein_id=AOW26627.1] [location=join(2174942..2175001,2175103..2175366)] [gbkey=CDS]",0.7703141923449668
lcl|CP017623.1_cds_AOW26628.1_924 [gene=PDC2] [locus_tag=CAALFM_C109970CA] [db_xref=CGD:CAL0000185877] [protein=Pdc2p] [protein_id=AOW26628.1] [location=complement(2175531..2178041)] [gbkey=CDS],0.7152503796963391
lcl|CP017623.1_cds_AOW26629.1_925 [locus_tag=CAALFM_C109980CA] [db_xref=CGD:CAL0000193690] [protein=acylglycerol lipase] [protein_id=AOW26629.1] [location=complement(2178865..2179779)] [gbkey=CDS],0.8091642060478149
lcl|CP017623.1_cds_AOW26630.1_926 [gene=SAC1] [locus_tag=CAALFM_C109990WA] [db_xref=CGD:CAL0000200575] [protein=phosphatidylinositol-3-phosphatase] [protein_id=AOW26630.1] [location=2180946..2182802] [gbkey=CDS],0.8352711839156894
lcl|CP017623.1_cds_AOW26631.1_927 [gene=CPP1] [locus_tag=CAALFM_C110000CA] [db_xref=CGD:CAL0000191382] [protein=tyrosine/serine/threonine protein phosphatase] [protein_id=AOW26631.1] [location=complement(2183212..2185005)] [gbkey=CDS],0.6935657899401395
lcl|CP017623.1_cds_AOW26632.1_928 [gene=SWE1] [locus_tag=CAALFM_C110010CA] [db_xref=CGD:CAL0000197159] [protein=tyrosine protein kinase] [protein_id=AOW26632.1] [location=complement(2189027..2192563)] [gbkey=CDS],0.6785574196790333
lcl|CP017623.1_cds_AOW26633.1_929 [gene=SFU1] [locus_tag=CAALFM_C110020WA] [db_xref=CGD:CAL0000194032] [protein=Sfu1p] [protein_id=AOW26633.1] [location=2195272..2196825] [gbkey=CDS],0.6654079819770102
lcl|CP017623.1_cds_AOW26634.1_930 [gene=DBP3] [locus_tag=CAALFM_C110030WA] [db_xref=CGD:CAL0000185988] [protein=RNA-dependent ATPase] [protein_id=AOW26634.1] [location=2196988..2198682] [gbkey=CDS],0.7708587280069839
lcl|CP017623.1_cds_AOW26635.1_931 [gene=ERO1] [locus_tag=CAALFM_C110040WA] [db_xref=CGD:CAL0000201231] [protein=ER oxidoreductin] [protein_id=AOW26635.1] [location=2199783..2201525] [gbkey=CDS],0.7823662820410854
lcl|CP017623.1_cds_AOW26636.1_932 [locus_tag=CAALFM_C110050WA] [db_xref=CGD:CAL0000187748] [protein=hypothetical protein] [protein_id=AOW26636.1] [location=2202127..2202978] [gbkey=CDS],0.7762716541772636
lcl|CP017623.1_cds_AOW26637.1_933 [locus_tag=CAALFM_C110060CA] [db_xref=CGD:CAL0000200118] [protein=hypothetical protein] [protein_id=AOW26637.1] [location=complement(2203460..2203972)] [gbkey=CDS],0.7391020537295374
lcl|CP017623.1_cds_AOW26638.1_934 [gene=MNN23] [locus_tag=CAALFM_C110070CA] [db_xref=CGD:CAL0000193748] [protein=Mnn23p] [protein_id=AOW26638.1] [location=complement(2205458..2207278)] [gbkey=CDS],0.7667139509083176
lcl|CP017623.1_cds_AOW26639.1_935 [locus_tag=CAALFM_C110080WA] [db_xref=CGD:CAL0000190345] [protein=U2-type spliceosomal complex subunit] [protein_id=AOW26639.1] [location=2208542..2209030] [gbkey=CDS],0.7153598855051043
lcl|CP017623.1_cds_AOW26640.1_936 [locus_tag=CAALFM_C110090CA] [db_xref=CGD:CAL0000178029] [protein=hypothetical protein] [protein_id=AOW26640.1] [location=complement(2209373..2211919)] [gbkey=CDS],0.7112739227934869
"lcl|CP017623.1_cds_AOW26641.1_937 [gene=NTF2] [locus_tag=CAALFM_C110100CA] [db_xref=CGD:CAL0000201779] [protein=Ran GTPase-binding protein] [protein_id=AOW26641.1] [location=complement(join(2212261..2212628,2212738..2212744))] [gbkey=CDS]",0.7587689534261725
lcl|CP017623.1_cds_AOW26642.1_938 [locus_tag=CAALFM_C110110WA] [db_xref=CGD:CAL0000197359] [protein=hypothetical protein] [protein_id=AOW26642.1] [location=2213970..2216138] [gbkey=CDS],0.7040900975747643
lcl|CP017623.1_cds_AOW26643.1_939 [locus_tag=CAALFM_C110120CA] [db_xref=CGD:CAL0000190129] [protein=transcription factor TFIIE subunit] [protein_id=AOW26643.1] [location=complement(2216358..2217212)] [gbkey=CDS],0.7057243750226644
lcl|CP017623.1_cds_AOW26644.1_940 [locus_tag=CAALFM_C110140CA] [db_xref=CGD:CAL0000176152] [protein=hypothetical protein] [protein_id=AOW26644.1] [location=complement(2217841..2220072)] [gbkey=CDS],0.7066472712840984
lcl|CP017623.1_cds_AOW26645.1_941 [gene=WOR1] [locus_tag=CAALFM_C110150WA] [db_xref=CGD:CAL0000193718] [protein=Wor1p] [protein_id=AOW26645.1] [location=2230403..2232760] [gbkey=CDS],0.7207928186311529
lcl|CP017623.1_cds_AOW26646.1_942 [gene=MIR1] [locus_tag=CAALFM_C110160WA] [db_xref=CGD:CAL0000184756] [protein=Mir1p] [protein_id=AOW26646.1] [location=2236246..2237169] [gbkey=CDS],0.7765709702148548
lcl|CP017623.1_cds_AOW26647.1_943 [locus_tag=CAALFM_C110170WA] [db_xref=CGD:CAL0000179752] [protein=hypothetical protein] [protein_id=AOW26647.1] [location=2239042..2239758] [gbkey=CDS],0.811707791276777
lcl|CP017623.1_cds_AOW26648.1_944 [gene=ECM21] [locus_tag=CAALFM_C110180CA] [db_xref=CGD:CAL0000196288] [protein=Ecm21p] [protein_id=AOW26648.1] [location=complement(2240080..2242266)] [gbkey=CDS],0.7511455246091417
lcl|CP017623.1_cds_AOW26649.1_945 [locus_tag=CAALFM_C110190WA] [db_xref=CGD:CAL0000199519] [protein=hypothetical protein] [protein_id=AOW26649.1] [location=2245299..2246132] [gbkey=CDS],0.8296382604044433
lcl|CP017623.1_cds_AOW26650.1_946 [locus_tag=CAALFM_C110200CA] [db_xref=CGD:CAL0000190891] [protein=hypothetical protein] [protein_id=AOW26650.1] [location=complement(2246376..2248130)] [gbkey=CDS],0.8077169322279125
lcl|CP017623.1_cds_AOW26651.1_947 [gene=CLA4] [locus_tag=CAALFM_C110210CA] [db_xref=CGD:CAL0000192143] [protein=serine/threonine protein kinase] [protein_id=AOW26651.1] [location=complement(2249405..2252335)] [gbkey=CDS],0.7907249358616033
lcl|CP017623.1_cds_AOW26652.1_948 [gene=TPK1] [locus_tag=CAALFM_C110220CA] [db_xref=CGD:CAL0000200060] [protein=Tpk1p] [protein_id=AOW26652.1] [location=complement(2255500..2256717)] [gbkey=CDS],0.8038930547535486
lcl|CP017623.1_cds_AOW26653.1_949 [locus_tag=CAALFM_C110230CA] [db_xref=CGD:CAL0000181206] [protein=hypothetical protein] [protein_id=AOW26653.1] [location=complement(2259255..2263580)] [gbkey=CDS],0.7046360691765835
lcl|CP017623.1_cds_AOW26654.1_950 [locus_tag=CAALFM_C110240CA] [db_xref=CGD:CAL0000180176] [protein=bifunctional 4-hydroxy-4-methyl-2-oxoglutarate aldolase/oxaloacetate decarboxylase] [protein_id=AOW26654.1] [location=complement(2263977..2264711)] [gbkey=CDS],0.6534799868563145
lcl|CP017623.1_cds_AOW26655.1_951 [locus_tag=CAALFM_C110250CA] [db_xref=CGD:CAL0000178209] [protein=hypothetical protein] [protein_id=AOW26655.1] [location=complement(2264987..2265808)] [gbkey=CDS],0.6875435526468148
lcl|CP017623.1_cds_AOW26656.1_952 [gene=RPA34] [locus_tag=CAALFM_C110260CA] [db_xref=CGD:CAL0000179921] [protein=DNA-directed RNA polymerase I subunit] [protein_id=AOW26656.1] [location=complement(2266205..2266927)] [gbkey=CDS],0.6638937562546433
lcl|CP017623.1_cds_AOW26657.1_953 [gene=SFH5] [locus_tag=CAALFM_C110270CA] [db_xref=CGD:CAL0000192835] [protein=Sfh5p] [protein_id=AOW26657.1] [location=complement(2267309..2268271)] [gbkey=CDS],0.6752411722696012
lcl|CP017623.1_cds_AOW26658.1_954 [locus_tag=CAALFM_C110280CA] [db_xref=CGD:CAL0000198473] [protein=hypothetical protein] [protein_id=AOW26658.1] [location=complement(2268532..2269221)] [gbkey=CDS],0.7338857602567938
lcl|CP017623.1_cds_AOW26659.1_955 [gene=GCA1] [locus_tag=CAALFM_C110290WA] [db_xref=CGD:CAL0000192588] [protein=Gca1p] [protein_id=AOW26659.1] [location=2271400..2274240] [gbkey=CDS],0.7828724474820229
"lcl|CP017623.1_cds_AOW26660.1_956 [gene=MNN12] [locus_tag=CAALFM_C110300WA] [db_xref=CGD:CAL0000176287] [protein=alpha-1,3-mannosyltransferase] [protein_id=AOW26660.1] [location=2276260..2278746] [gbkey=CDS]",0.8207557318281234
lcl|CP017623.1_cds_AOW26661.1_957 [locus_tag=CAALFM_C110310WA] [db_xref=CGD:CAL0000179945] [protein=hypothetical protein] [protein_id=AOW26661.1] [location=2279973..2281007] [gbkey=CDS],0.8042313221250738
lcl|CP017623.1_cds_AOW26662.1_958 [locus_tag=CAALFM_C110320WA] [db_xref=CGD:CAL0000183720] [protein=N-acetylglucosaminylphosphatidylinositol deacetylase] [protein_id=AOW26662.1] [location=2282222..2283286] [gbkey=CDS],0.8166665700461332
lcl|CP017623.1_cds_AOW26663.1_959 [locus_tag=CAALFM_C110330CA] [db_xref=CGD:CAL0000174064] [protein=hypothetical protein] [protein_id=AOW26663.1] [location=complement(2283308..2284648)] [gbkey=CDS],0.7920807738183933
lcl|CP017623.1_cds_AOW26664.1_960 [locus_tag=CAALFM_C110340WA] [db_xref=CGD:CAL0000198270] [protein=hypothetical protein] [protein_id=AOW26664.1] [location=2285484..2287037] [gbkey=CDS],0.7508002426023217
lcl|CP017623.1_cds_AOW26665.1_961 [locus_tag=CAALFM_C110350CA] [db_xref=CGD:CAL0000195606] [protein=hypothetical protein] [protein_id=AOW26665.1] [location=complement(2287135..2289441)] [gbkey=CDS],0.7171025032454867
lcl|CP017623.1_cds_AOW26666.1_962 [locus_tag=CAALFM_C110360CA] [db_xref=CGD:CAL0000189087] [protein=hypothetical protein] [protein_id=AOW26666.1] [location=complement(2292855..2294669)] [gbkey=CDS],0.7552668341560008
lcl|CP017623.1_cds_AOW26667.1_963 [gene=CBK1] [locus_tag=CAALFM_C110380CA] [db_xref=CGD:CAL0000198853] [protein=serine/threonine protein kinase] [protein_id=AOW26667.1] [location=complement(2296797..2298995)] [gbkey=CDS],0.732995303768958
"lcl|CP017623.1_cds_AOW26668.1_964 [gene=RPL42] [locus_tag=CAALFM_C110390CA] [db_xref=CGD:CAL0000190451] [protein=ribosomal 60S subunit protein L42A] [protein_id=AOW26668.1] [location=complement(join(2299892..2300208,2300567..2300570))] [gbkey=CDS]",0.7936093375265679
lcl|CP017623.1_cds_AOW26669.1_965 [gene=FGR41] [locus_tag=CAALFM_C110400CA] [db_xref=CGD:CAL0000194403] [protein=Fgr41p] [protein_id=AOW26669.1] [location=complement(2301144..2301896)] [gbkey=CDS],0.7419408641405779
lcl|CP017623.1_cds_AOW26670.1_966 [locus_tag=CAALFM_C110410WA] [db_xref=CGD:CAL0000201370] [protein=hypothetical protein] [protein_id=AOW26670.1] [location=2304069..2305031] [gbkey=CDS],0.6636400661389174
lcl|CP017623.1_cds_AOW26671.1_967 [locus_tag=CAALFM_C110420CA] [db_xref=CGD:CAL0000183537] [protein=hypothetical protein] [protein_id=AOW26671.1] [location=complement(2305152..2307086)] [gbkey=CDS],0.648717352906692
lcl|CP017623.1_cds_AOW26672.1_968 [gene=PHO8] [locus_tag=CAALFM_C110430WA] [db_xref=CGD:CAL0000181464] [protein=Pho8p] [protein_id=AOW26672.1] [location=2308995..2310503] [gbkey=CDS],0.7704146828353383
lcl|CP017623.1_cds_AOW26673.1_969 [locus_tag=CAALFM_C110440WA] [db_xref=CGD:CAL0000184460] [protein=hypothetical protein] [protein_id=AOW26673.1] [location=2311138..2313651] [gbkey=CDS],0.7075773036509521
lcl|CP017623.1_cds_AOW26674.1_970 [gene=GLY1] [locus_tag=CAALFM_C110450WA] [db_xref=CGD:CAL0000194550] [protein=Gly1p] [protein_id=AOW26674.1] [location=2315103..2316224] [gbkey=CDS],0.7461600611928081
lcl|CP017623.1_cds_AOW26675.1_971 [locus_tag=CAALFM_C110460WA] [db_xref=CGD:CAL0000184780] [protein=hypothetical protein] [protein_id=AOW26675.1] [location=2316584..2317816] [gbkey=CDS],0.6728423714118303
lcl|CP017623.1_cds_AOW26676.1_972 [locus_tag=CAALFM_C110470WA] [db_xref=CGD:CAL0000201693] [protein=mitochondrial 37S ribosomal protein MRPS5] [protein_id=AOW26676.1] [location=2318202..2319212] [gbkey=CDS],0.7451795811974362
lcl|CP017623.1_cds_AOW26677.1_973 [gene=DJP1] [locus_tag=CAALFM_C110480WA] [db_xref=CGD:CAL0000189099] [protein=Djp1p] [protein_id=AOW26677.1] [location=2319689..2321215] [gbkey=CDS],0.7224569346876567
lcl|CP017623.1_cds_AOW26678.1_974 [gene=LKH1] [locus_tag=CAALFM_C110490WA] [db_xref=CGD:CAL0000197502] [protein=bifunctional aminopeptidase/epoxide hydrolase] [protein_id=AOW26678.1] [location=2321499..2323370] [gbkey=CDS],0.7530687205312812
lcl|CP017623.1_cds_AOW26679.1_975 [locus_tag=CAALFM_C110500WA] [db_xref=CGD:CAL0000174029] [protein=hypothetical protein] [protein_id=AOW26679.1] [location=2323932..2324456] [gbkey=CDS],0.7025094223434859
lcl|CP017623.1_cds_AOW26680.1_976 [locus_tag=CAALFM_C110510WA] [db_xref=CGD:CAL0000198234] [protein=hypothetical protein] [protein_id=AOW26680.1] [location=2325501..2326049] [gbkey=CDS],0.6779180807489711
lcl|CP017623.1_cds_AOW26681.1_977 [locus_tag=CAALFM_C110520WA] [db_xref=CGD:CAL0000185090] [protein=hypothetical protein] [protein_id=AOW26681.1] [location=2327281..2329134] [gbkey=CDS],0.7400307834689178
lcl|CP017623.1_cds_AOW26682.1_978 [gene=SNL1] [locus_tag=CAALFM_C110530WA] [db_xref=CGD:CAL0000179145] [protein=Snl1p] [protein_id=AOW26682.1] [location=2330114..2330713] [gbkey=CDS],0.7735094618259489
lcl|CP017623.1_cds_AOW26683.1_979 [locus_tag=CAALFM_C110540CA] [db_xref=CGD:CAL0000174884] [protein=hypothetical protein] [protein_id=AOW26683.1] [location=complement(2330849..2332411)] [gbkey=CDS],0.6962876255418602
lcl|CP017623.1_cds_AOW26684.1_980 [gene=GCA2] [locus_tag=CAALFM_C110550CA] [db_xref=CGD:CAL0000178794] [protein=Gca2p] [protein_id=AOW26684.1] [location=complement(2332801..2335641)] [gbkey=CDS],0.7818399328898396
lcl|CP017623.1_cds_AOW26685.1_981 [locus_tag=CAALFM_C110560CA] [db_xref=CGD:CAL0000181815] [protein=hypothetical protein] [protein_id=AOW26685.1] [location=complement(2337547..2339439)] [gbkey=CDS],0.7154067276301712
lcl|CP017623.1_cds_AOW26686.1_982 [locus_tag=CAALFM_C110570CA] [db_xref=CGD:CAL0000181384] [protein=hypothetical protein] [protein_id=AOW26686.1] [location=complement(2340437..2342245)] [gbkey=CDS],0.7029161040489025
lcl|CP017623.1_cds_AOW26687.1_983 [locus_tag=CAALFM_C110580CA] [db_xref=CGD:CAL0000197248] [protein=hypothetical protein] [protein_id=AOW26687.1] [location=complement(2344169..2344501)] [gbkey=CDS],0.8273011133822349
lcl|CP017623.1_cds_AOW26688.1_984 [gene=FCY23] [locus_tag=CAALFM_C110610WA] [db_xref=CGD:CAL0000191201] [protein=Fcy23p] [protein_id=AOW26688.1] [location=2349806..2351599] [gbkey=CDS],0.8010509710877537
lcl|CP017623.1_cds_AOW26689.1_985 [locus_tag=CAALFM_C110620WA] [db_xref=CGD:CAL0000194674] [protein=pseudouridine synthase] [protein_id=AOW26689.1] [location=2352465..2353904] [gbkey=CDS],0.8565445169072062
lcl|CP017623.1_cds_AOW26690.1_986 [locus_tag=CAALFM_C110630CA] [db_xref=CGD:CAL0000200457] [protein=hypothetical protein] [protein_id=AOW26690.1] [location=complement(2354068..2356800)] [gbkey=CDS],0.8266592199271265
lcl|CP017623.1_cds_AOW26692.1_988 [gene=APN2] [locus_tag=CAALFM_C110650WA] [db_xref=CGD:CAL0000190938] [protein=DNA-(apurinic or apyrimidinic site) lyase] [protein_id=AOW26692.1] [location=2360939..2362294] [gbkey=CDS],0.7978260239569633
lcl|CP017623.1_cds_AOW26693.1_989 [gene=TBP1] [locus_tag=CAALFM_C110660WA] [db_xref=CGD:CAL0000189736] [protein=TATA-binding protein] [protein_id=AOW26693.1] [location=2362524..2363240] [gbkey=CDS],0.7602681127421622
lcl|CP017623.1_cds_AOW26694.1_990 [gene=RPA190] [locus_tag=CAALFM_C110670CA] [db_xref=CGD:CAL0000187313] [protein=DNA-directed RNA polymerase I core subunit] [protein_id=AOW26694.1] [location=complement(2364210..2369207)] [gbkey=CDS],0.8123986711448679
"lcl|CP017623.1_cds_AOW26695.1_991 [locus_tag=CAALFM_C110680CA] [db_xref=CGD:CAL0000196336] [protein=tricalbin] [protein_id=AOW26695.1] [location=complement(join(2369620..2373267,2373359..2373397))] [gbkey=CDS]",0.7571194276603208
lcl|CP017623.1_cds_AOW26696.1_992 [locus_tag=CAALFM_C110690WA] [db_xref=CGD:CAL0000181267] [protein=hypothetical protein] [protein_id=AOW26696.1] [location=2373907..2374881] [gbkey=CDS],0.7180459531662104
lcl|CP017623.1_cds_AOW26697.1_993 [gene=NIT3] [locus_tag=CAALFM_C110700CA] [db_xref=CGD:CAL0000182701] [protein=putative hydrolase] [protein_id=AOW26697.1] [location=complement(2374926..2375831)] [gbkey=CDS],0.6894839887530305
lcl|CP017623.1_cds_AOW26698.1_994 [locus_tag=CAALFM_C110710CA] [db_xref=CGD:CAL0000192014] [protein=hypothetical protein] [protein_id=AOW26698.1] [location=complement(2376074..2377636)] [gbkey=CDS],0.6569662570105411
lcl|CP017623.1_cds_AOW26699.1_995 [gene=MNN2] [locus_tag=CAALFM_C110720CA] [db_xref=CGD:CAL0000190919] [protein=Mnn2p] [protein_id=AOW26699.1] [location=complement(2378686..2380479)] [gbkey=CDS],0.7141911654474349
lcl|CP017623.1_cds_AOW26700.1_996 [locus_tag=CAALFM_C110730WA] [db_xref=CGD:CAL0000193111] [protein=hypothetical protein] [protein_id=AOW26700.1] [location=2381413..2383287] [gbkey=CDS],0.687995354735479
lcl|CP017623.1_cds_AOW26701.1_997 [gene=ASR1] [locus_tag=CAALFM_C110740CA] [db_xref=CGD:CAL0000187233] [protein=Asr1p] [protein_id=AOW26701.1] [location=complement(2383419..2384576)] [gbkey=CDS],0.7429328179488369
"lcl|CP017623.1_cds_AOW26702.1_998 [locus_tag=CAALFM_C110750CA] [db_xref=CGD:CAL0000188556] [protein=H(+)-transporting V0 sector ATPase subunit e] [protein_id=AOW26702.1] [location=complement(join(2386240..2386451,2386526..2386703))] [gbkey=CDS]",0.7056829103002127
lcl|CP017623.1_cds_AOW26703.1_999 [gene=VPS23] [locus_tag=CAALFM_C110760WA] [db_xref=CGD:CAL0000187259] [protein=ubiquitin-binding ESCRT-I subunit protein] [protein_id=AOW26703.1] [location=2386721..2388169] [gbkey=CDS],0.6573098546972866
lcl|CP017623.1_cds_AOW26704.1_1000 [gene=SFT2] [locus_tag=CAALFM_C110770WA] [db_xref=CGD:CAL0000197615] [protein=Sft2p] [protein_id=AOW26704.1] [location=2388397..2389050] [gbkey=CDS],0.6582501044069604
lcl|CP017623.1_cds_AOW26705.1_1001 [gene=HNT1] [locus_tag=CAALFM_C110780CA] [db_xref=CGD:CAL0000178567] [protein=adenosine 5'-monophosphoramidase] [protein_id=AOW26705.1] [location=complement(2389133..2389591)] [gbkey=CDS],0.726808905726877
lcl|CP017623.1_cds_AOW26706.1_1002 [gene=CDC48] [locus_tag=CAALFM_C110790WA] [db_xref=CGD:CAL0000177910] [protein=AAA family ATPase] [protein_id=AOW26706.1] [location=2390629..2393109] [gbkey=CDS],0.752444170763784
lcl|CP017623.1_cds_AOW26707.1_1003 [gene=ALP1] [locus_tag=CAALFM_C110800CA] [db_xref=CGD:CAL0000201651] [protein=Alp1p] [protein_id=AOW26707.1] [location=complement(2393472..2395103)] [gbkey=CDS],0.7425738655481009
lcl|CP017623.1_cds_AOW26708.1_1004 [locus_tag=CAALFM_C110810WA] [db_xref=CGD:CAL0000186053] [protein=hypothetical protein] [protein_id=AOW26708.1] [location=2396156..2396764] [gbkey=CDS],0.6920413593194331
lcl|CP017623.1_cds_AOW26709.1_1005 [locus_tag=CAALFM_C110820CA] [db_xref=CGD:CAL0000182254] [protein=aspartyl aminopeptidase] [protein_id=AOW26709.1] [location=complement(2396747..2398237)] [gbkey=CDS],0.7995041117138181
lcl|CP017623.1_cds_AOW26710.1_1006 [gene=BIG1] [locus_tag=CAALFM_C110830WA] [db_xref=CGD:CAL0000189708] [protein=Big1p] [protein_id=AOW26710.1] [location=2398464..2399432] [gbkey=CDS],0.7665438991118451
lcl|CP017623.1_cds_AOW26711.1_1007 [locus_tag=CAALFM_C110840CA] [db_xref=CGD:CAL0000178416] [protein=hypothetical protein] [protein_id=AOW26711.1] [location=complement(2399586..2401076)] [gbkey=CDS],0.7098978481492125
lcl|CP017623.1_cds_AOW26712.1_1008 [locus_tag=CAALFM_C110850WA] [db_xref=CGD:CAL0000176140] [protein=hypothetical protein] [protein_id=AOW26712.1] [location=2403460..2404254] [gbkey=CDS],0.711437296222361
lcl|CP017623.1_cds_AOW26713.1_1009 [gene=ADA2] [locus_tag=CAALFM_C110860CA] [db_xref=CGD:CAL0000192402] [protein=chromatin-binding transcription regulator] [protein_id=AOW26713.1] [location=complement(2404309..2405646)] [gbkey=CDS],0.7892439213223803
"lcl|CP017623.1_cds_AOW26714.1_1010 [gene=RPS17B] [locus_tag=CAALFM_C110870WA] [db_xref=CGD:CAL0000195565] [protein=ribosomal 40S subunit protein S17B] [protein_id=AOW26714.1] [location=join(2406453..2406455,2406835..2407245)] [gbkey=CDS]",0.8090592928203151
lcl|CP017623.1_cds_AOW26715.1_1011 [locus_tag=CAALFM_C110880WA] [db_xref=CGD:CAL0000174108] [protein=snoRNA-binding rRNA-processing protein] [protein_id=AOW26715.1] [location=2407718..2409013] [gbkey=CDS],0.7008478290201322
lcl|CP017623.1_cds_AOW26716.1_1012 [locus_tag=CAALFM_C110890CA] [db_xref=CGD:CAL0000179316] [protein=hypothetical protein] [protein_id=AOW26716.1] [location=complement(2409010..2409846)] [gbkey=CDS],0.7010654855904674
lcl|CP017623.1_cds_AOW26717.1_1013 [locus_tag=CAALFM_C110910CA] [db_xref=CGD:CAL0000175639] [protein=hypothetical protein] [protein_id=AOW26717.1] [location=complement(2410846..2412303)] [gbkey=CDS],0.6551482965710042
lcl|CP017623.1_cds_AOW26718.1_1014 [locus_tag=CAALFM_C110920WA] [db_xref=CGD:CAL0000198278] [protein=transcription factor TFIIIC subunit] [protein_id=AOW26718.1] [location=2412526..2414079] [gbkey=CDS],0.627389001769951
lcl|CP017623.1_cds_AOW26719.1_1015 [gene=UBA4] [locus_tag=CAALFM_C110930CA] [db_xref=CGD:CAL0000183559] [protein=Uba4p] [protein_id=AOW26719.1] [location=complement(2414144..2415460)] [gbkey=CDS],0.6283054994328979
"lcl|CP017623.1_cds_AOW26720.1_1016 [gene=ERP5] [locus_tag=CAALFM_C110940CA] [db_xref=CGD:CAL0000201082] [protein=Erp5p] [protein_id=AOW26720.1] [location=complement(join(2415772..2416206,2416269..2416490))] [gbkey=CDS]",0.7185383917474626
lcl|CP017623.1_cds_AOW26721.1_1017 [locus_tag=CAALFM_C110950CA] [db_xref=CGD:CAL0000187360] [protein=protein kinase] [protein_id=AOW26721.1] [location=complement(2416729..2418210)] [gbkey=CDS],0.6788711927847961
"lcl|CP017623.1_cds_AOW26722.1_1018 [locus_tag=CAALFM_C110960WA] [db_xref=CGD:CAL0000188976] [protein=hypothetical protein] [protein_id=AOW26722.1] [location=join(2418401..2418439,2418510..2419166)] [gbkey=CDS]",0.692603710758819
lcl|CP017623.1_cds_AOW26723.1_1019 [locus_tag=CAALFM_C110970WA] [db_xref=CGD:CAL0000194444] [protein=hypothetical protein] [protein_id=AOW26723.1] [location=2419611..2421629] [gbkey=CDS],0.6840009514075306
lcl|CP017623.1_cds_AOW26724.1_1020 [locus_tag=CAALFM_C110980WA] [db_xref=CGD:CAL0000189564] [protein=hypothetical protein] [protein_id=AOW26724.1] [location=2423223..2423756] [gbkey=CDS],0.6683329984590387
lcl|CP017623.1_cds_AOW26725.1_1021 [gene=RTG3] [locus_tag=CAALFM_C110990CA] [db_xref=CGD:CAL0000194052] [protein=Rtg3p] [protein_id=AOW26725.1] [location=complement(2424019..2425581)] [gbkey=CDS],0.6558422019057444
lcl|CP017623.1_cds_AOW26726.1_1022 [locus_tag=CAALFM_C111000CA] [db_xref=CGD:CAL0000173953] [protein=hypothetical protein] [protein_id=AOW26726.1] [location=complement(2426349..2426756)] [gbkey=CDS],0.7333499949774326
lcl|CP017623.1_cds_AOW26727.1_1023 [locus_tag=CAALFM_C111010CA] [db_xref=CGD:CAL0000188880] [protein=hypothetical protein] [protein_id=AOW26727.1] [location=complement(2427065..2428255)] [gbkey=CDS],0.6826002363673284
lcl|CP017623.1_cds_AOW26728.1_1024 [locus_tag=CAALFM_C111020WA] [db_xref=CGD:CAL0000186071] [protein=hypothetical protein] [protein_id=AOW26728.1] [location=2429970..2432009] [gbkey=CDS],0.6709034793077104
"lcl|CP017623.1_cds_AOW26729.1_1025 [gene=RPL82] [locus_tag=CAALFM_C111030WA] [db_xref=CGD:CAL0000174842] [protein=Rpl82p] [protein_id=AOW26729.1] [location=join(2432310..2432312,2432650..2433429)] [gbkey=CDS]",0.7555387814411384
lcl|CP017623.1_cds_AOW26730.1_1026 [gene=RPL29] [locus_tag=CAALFM_C111040WA] [db_xref=CGD:CAL0000175799] [protein=ribosomal 60S subunit protein L29] [protein_id=AOW26730.1] [location=2433984..2434175] [gbkey=CDS],0.6799104341949044
"lcl|CP017623.1_cds_AOW26731.1_1027 [locus_tag=CAALFM_C111050WA] [db_xref=CGD:CAL0000178569] [protein=hypothetical protein] [protein_id=AOW26731.1] [location=join(2434511..2434611,2434694..2435489)] [gbkey=CDS]",0.6819809084453315
"lcl|CP017623.1_cds_AOW26732.1_1028 [gene=RPL2] [locus_tag=CAALFM_C111060CA] [db_xref=CGD:CAL0000174265] [protein=ribosomal 60S subunit protein L2A] [protein_id=AOW26732.1] [location=complement(join(2435729..2436489,2436894..2436897))] [gbkey=CDS]",0.7530694333543141
lcl|CP017623.1_cds_AOW26733.1_1029 [gene=PET127] [locus_tag=CAALFM_C111070WA] [db_xref=CGD:CAL0000196654] [protein=Pet127p] [protein_id=AOW26733.1] [location=2438057..2440174] [gbkey=CDS],0.708110961361497
lcl|CP017623.1_cds_AOW26734.1_1030 [locus_tag=CAALFM_C111080WA] [db_xref=CGD:CAL0000192951] [protein=6-phosphofructo-2-kinase] [protein_id=AOW26734.1] [location=2441889..2442974] [gbkey=CDS],0.7518955244395397
lcl|CP017623.1_cds_AOW26735.1_1031 [locus_tag=CAALFM_C111090CA] [db_xref=CGD:CAL0000196733] [protein=cleavage polyadenylation factor subunit] [protein_id=AOW26735.1] [location=complement(2443283..2444914)] [gbkey=CDS],0.7304365685937121
lcl|CP017623.1_cds_AOW26736.1_1032 [locus_tag=CAALFM_C111100WA] [db_xref=CGD:CAL0000199544] [protein=acireductone dioxygenase (Ni2+-requiring)] [protein_id=AOW26736.1] [location=2445467..2446003] [gbkey=CDS],0.8103713041360009
lcl|CP017623.1_cds_AOW26737.1_1033 [locus_tag=CAALFM_C111110CA] [db_xref=CGD:CAL0000197543] [protein=tubulin-binding prefolding complex subunit] [protein_id=AOW26737.1] [location=complement(2446099..2446473)] [gbkey=CDS],0.7488232949395324
lcl|CP017623.1_cds_AOW26738.1_1034 [locus_tag=CAALFM_C111120CA] [db_xref=CGD:CAL0000182431] [protein=hypothetical protein] [protein_id=AOW26738.1] [location=complement(2446811..2447839)] [gbkey=CDS],0.751078158304811
lcl|CP017623.1_cds_AOW26739.1_1035 [gene=FGR16] [locus_tag=CAALFM_C111130WA] [db_xref=CGD:CAL0000195741] [protein=U4/U6-U5 snRNP complex subunit] [protein_id=AOW26739.1] [location=2448571..2449272] [gbkey=CDS],0.661968105882617
lcl|CP017623.1_cds_AOW26740.1_1036 [locus_tag=CAALFM_C111140WA] [db_xref=CGD:CAL0000194218] [protein=mannosylinositol phosphorylceramide synthase regulatory subunit] [protein_id=AOW26740.1] [location=2449578..2451047] [gbkey=CDS],0.6573060578587382
lcl|CP017623.1_cds_AOW26741.1_1037 [locus_tag=CAALFM_C111150WA] [db_xref=CGD:CAL0000199691] [protein=hypothetical protein] [protein_id=AOW26741.1] [location=2451373..2452068] [gbkey=CDS],0.681005726157797
lcl|CP017623.1_cds_AOW26742.1_1038 [locus_tag=CAALFM_C111160CA] [db_xref=CGD:CAL0000198786] [protein=ubiquitin-related modifier] [protein_id=AOW26742.1] [location=complement(2452098..2452403)] [gbkey=CDS],0.7048608239360004
lcl|CP017623.1_cds_AOW26743.1_1039 [gene=WBP1] [locus_tag=CAALFM_C111170WA] [db_xref=CGD:CAL0000193403] [protein=dolichyl-diphosphooligosaccharide-protein glycotransferase] [protein_id=AOW26743.1] [location=2452925..2454238] [gbkey=CDS],0.6986240661121085
lcl|CP017623.1_cds_AOW26744.1_1040 [gene=ARL3] [locus_tag=CAALFM_C111190WA] [db_xref=CGD:CAL0000188016] [protein=Arf family GTPase] [protein_id=AOW26744.1] [location=2454869..2455636] [gbkey=CDS],0.5881447044032662
lcl|CP017623.1_cds_AOW26745.1_1041 [locus_tag=CAALFM_C111200WA] [db_xref=CGD:CAL0000191057] [protein=hypothetical protein] [protein_id=AOW26745.1] [location=2456985..2464640] [gbkey=CDS],0.7230444065614725
lcl|CP017623.1_cds_AOW26746.1_1042 [gene=HAP43] [locus_tag=CAALFM_C111210CA] [db_xref=CGD:CAL0000188360] [protein=Hap43p] [protein_id=AOW26746.1] [location=complement(2464977..2466881)] [gbkey=CDS],0.6898587385389655
lcl|CP017623.1_cds_AOW26747.1_1043 [gene=TIM50] [locus_tag=CAALFM_C111220CA] [db_xref=CGD:CAL0000183476] [protein=protein translocase subunit] [protein_id=AOW26747.1] [location=complement(2468077..2469486)] [gbkey=CDS],0.7525169052138784
lcl|CP017623.1_cds_AOW26748.1_1044 [gene=FGR39] [locus_tag=CAALFM_C111230WA] [db_xref=CGD:CAL0000196677] [protein=Fgr39p] [protein_id=AOW26748.1] [location=2469709..2470272] [gbkey=CDS],0.7337987775502048
lcl|CP017623.1_cds_AOW26749.1_1045 [gene=CHO1] [locus_tag=CAALFM_C111240CA] [db_xref=CGD:CAL0000195699] [protein=CDP-diacylglycerol-serine O-phosphatidyltransferase] [protein_id=AOW26749.1] [location=complement(2470408..2471229)] [gbkey=CDS],0.7360529582512577
lcl|CP017623.1_cds_AOW26750.1_1046 [locus_tag=CAALFM_C111250WA] [db_xref=CGD:CAL0000198451] [protein=microtubule-binding protein] [protein_id=AOW26750.1] [location=2472572..2473468] [gbkey=CDS],0.6996081864757618
lcl|CP017623.1_cds_AOW26751.1_1047 [locus_tag=CAALFM_C111260CA] [db_xref=CGD:CAL0000180574] [protein=hypothetical protein] [protein_id=AOW26751.1] [location=complement(2473804..2473941)] [gbkey=CDS],0.8032285959782932
lcl|CP017623.1_cds_AOW26752.1_1048 [locus_tag=CAALFM_C111270WA] [db_xref=CGD:CAL0000192169] [protein=hypothetical protein] [protein_id=AOW26752.1] [location=2475446..2476084] [gbkey=CDS],0.7153348569149177
lcl|CP017623.1_cds_AOW26753.1_1049 [locus_tag=CAALFM_C111280WA] [db_xref=CGD:CAL0000184865] [protein=hypothetical protein] [protein_id=AOW26753.1] [location=2476659..2477750] [gbkey=CDS],0.7220262000092542
lcl|CP017623.1_cds_AOW26754.1_1050 [locus_tag=CAALFM_C111290WA] [db_xref=CGD:CAL0000177129] [protein=hypothetical protein] [protein_id=AOW26754.1] [location=2477968..2479077] [gbkey=CDS],0.6840260920032817
lcl|CP017623.1_cds_AOW26755.1_1051 [locus_tag=CAALFM_C111300CA] [db_xref=CGD:CAL0000181927] [protein=mRNA splicing protein] [protein_id=AOW26755.1] [location=complement(2479082..2480827)] [gbkey=CDS],0.6739012345163812
lcl|CP017623.1_cds_AOW26756.1_1052 [gene=PSP1] [locus_tag=CAALFM_C111310CA] [db_xref=CGD:CAL0000196960] [protein=Psp1p] [protein_id=AOW26756.1] [location=complement(2481346..2483355)] [gbkey=CDS],0.6641740120797176
"lcl|CP017623.1_cds_AOW26757.1_1053 [locus_tag=CAALFM_C111320CA] [db_xref=CGD:CAL0000174751] [protein=hypothetical protein] [protein_id=AOW26757.1] [location=complement(join(2485116..2485315,2485398..2485428))] [gbkey=CDS]",0.7594297557190482
lcl|CP017623.1_cds_AOW26758.1_1054 [gene=SMT3] [locus_tag=CAALFM_C111330CA] [db_xref=CGD:CAL0000178394] [protein=SUMO family protein] [protein_id=AOW26758.1] [location=complement(2486989..2487297)] [gbkey=CDS],0.8149389707439718
lcl|CP017623.1_cds_AOW26759.1_1055 [gene=PRM1] [locus_tag=CAALFM_C111340WA] [db_xref=CGD:CAL0000179626] [protein=pheromone-regulated protein] [protein_id=AOW26759.1] [location=2487814..2489685] [gbkey=CDS],0.6705774568293705
lcl|CP017623.1_cds_AOW26760.1_1056 [gene=TOS4] [locus_tag=CAALFM_C111350CA] [db_xref=CGD:CAL0000194861] [protein=Tos4p] [protein_id=AOW26760.1] [location=complement(2489747..2491225)] [gbkey=CDS],0.7288382115138505
"lcl|CP017623.1_cds_AOW26761.1_1057 [gene=RPL37B] [locus_tag=CAALFM_C111360WA] [db_xref=CGD:CAL0000198698] [protein=ribosomal 60S subunit protein L37B] [protein_id=AOW26761.1] [location=join(2491976..2491982,2492336..2492601)] [gbkey=CDS]",0.7122503300347647
lcl|CP017623.1_cds_AOW26762.1_1058 [locus_tag=CAALFM_C111370CA] [db_xref=CGD:CAL0000193596] [protein=hypothetical protein] [protein_id=AOW26762.1] [location=complement(2492859..2495039)] [gbkey=CDS],0.6997116934041169
lcl|CP017623.1_cds_AOW26763.1_1059 [gene=NEP1] [locus_tag=CAALFM_C111380WA] [db_xref=CGD:CAL0000197320] [protein=18S rRNA pseudouridine methyltransferase] [protein_id=AOW26763.1] [location=2495591..2496394] [gbkey=CDS],0.7985510937022692
lcl|CP017623.1_cds_AOW26764.1_1060 [locus_tag=CAALFM_C111390WA] [db_xref=CGD:CAL0000180266] [protein=hypothetical protein] [protein_id=AOW26764.1] [location=2496926..2497660] [gbkey=CDS],0.7991100948005906
lcl|CP017623.1_cds_AOW26765.1_1061 [gene=GIN4] [locus_tag=CAALFM_C111400CA] [db_xref=CGD:CAL0000191817] [protein=protein kinase] [protein_id=AOW26765.1] [location=complement(2497783..2501832)] [gbkey=CDS],0.7421054239930335
lcl|CP017623.1_cds_AOW26766.1_1062 [locus_tag=CAALFM_C111410CA] [db_xref=CGD:CAL0000188749] [protein=hypothetical protein] [protein_id=AOW26766.1] [location=complement(2503463..2503804)] [gbkey=CDS],0.7424289341811916
lcl|CP017623.1_cds_AOW26767.1_1063 [gene=KRR1] [locus_tag=CAALFM_C111420WA] [db_xref=CGD:CAL0000200947] [protein=ribosome biosynthesis protein] [protein_id=AOW26767.1] [location=2504035..2505111] [gbkey=CDS],0.8002221460447012
lcl|CP017623.1_cds_AOW26768.1_1064 [locus_tag=CAALFM_C111430WA] [db_xref=CGD:CAL0000187847] [protein=hypothetical protein] [protein_id=AOW26768.1] [location=2506060..2508006] [gbkey=CDS],0.6899311313639133
lcl|CP017623.1_cds_AOW26769.1_1065 [gene=GIN1] [locus_tag=CAALFM_C111440CA] [db_xref=CGD:CAL0000186065] [protein=chromatin-modulating protein] [protein_id=AOW26769.1] [location=complement(2508110..2511814)] [gbkey=CDS],0.7987631870171331
lcl|CP017623.1_cds_AOW26770.1_1066 [gene=SAM2] [locus_tag=CAALFM_C111450CA] [db_xref=CGD:CAL0000185243] [protein=methionine adenosyltransferase] [protein_id=AOW26770.1] [location=complement(2513459..2514616)] [gbkey=CDS],0.7017859696556096
lcl|CP017623.1_cds_AOW26771.1_1067 [gene=DPP1] [locus_tag=CAALFM_C111470CA] [db_xref=CGD:CAL0000186353] [protein=Dpp1p] [protein_id=AOW26771.1] [location=complement(2517426..2518211)] [gbkey=CDS],0.7592497023437719
lcl|CP017623.1_cds_AOW26772.1_1068 [gene=PHO84] [locus_tag=CAALFM_C111480WA] [db_xref=CGD:CAL0000178178] [protein=phosphate transporter] [protein_id=AOW26772.1] [location=2522233..2523870] [gbkey=CDS],0.786710210761119
lcl|CP017623.1_cds_AOW26773.1_1069 [gene=BTA1] [locus_tag=CAALFM_C111490CA] [db_xref=CGD:CAL0000198004] [protein=Bta1p] [protein_id=AOW26773.1] [location=complement(2524641..2526899)] [gbkey=CDS],0.7949347887042728
lcl|CP017623.1_cds_AOW26774.1_1070 [gene=ARO7] [locus_tag=CAALFM_C111500CA] [db_xref=CGD:CAL0000179531] [protein=chorismate mutase] [protein_id=AOW26774.1] [location=complement(2528376..2529182)] [gbkey=CDS],0.7906022594865514
lcl|CP017623.1_cds_AOW26775.1_1071 [locus_tag=CAALFM_C111510CA] [db_xref=CGD:CAL0000198782] [protein=hypothetical protein] [protein_id=AOW26775.1] [location=complement(2529466..2530416)] [gbkey=CDS],0.7344053840703907
lcl|CP017623.1_cds_AOW26776.1_1072 [gene=ZCF3] [locus_tag=CAALFM_C111520CA] [db_xref=CGD:CAL0000196450] [protein=Zcf3p] [protein_id=AOW26776.1] [location=complement(2531200..2531787)] [gbkey=CDS],0.691979182658625
lcl|CP017623.1_cds_AOW26777.1_1073 [locus_tag=CAALFM_C111530CA] [db_xref=CGD:CAL0000196426] [protein=sulfonate dioxygenase] [protein_id=AOW26777.1] [location=complement(2532303..2533463)] [gbkey=CDS],0.7740807617270066
"lcl|CP017623.1_cds_AOW26778.1_1074 [gene=CTA3] [locus_tag=CAALFM_C111540CA] [db_xref=CGD:CAL0000185742] [protein=Cta3p] [protein_id=AOW26778.1] [location=complement(join(2534053..2537927,2538030..2538045))] [gbkey=CDS]",0.6819310804377725
lcl|CP017623.1_cds_AOW26779.1_1075 [gene=GAR1] [locus_tag=CAALFM_C111550WA] [db_xref=CGD:CAL0000187800] [protein=H/ACA snoRNP pseudouridylase subunit] [protein_id=AOW26779.1] [location=2538443..2539003] [gbkey=CDS],0.7066382867278351
lcl|CP017623.1_cds_AOW26780.1_1076 [locus_tag=CAALFM_C111560CA] [db_xref=CGD:CAL0000179722] [protein=hypothetical protein] [protein_id=AOW26780.1] [location=complement(2539189..2540280)] [gbkey=CDS],0.6431824724530252
"lcl|CP017623.1_cds_AOW26781.1_1077 [locus_tag=CAALFM_C111570WA] [db_xref=CGD:CAL0000183496] [protein=hypothetical protein] [protein_id=AOW26781.1] [location=join(2540442..2540472,2540553..2541055)] [gbkey=CDS]",0.6259660656564301
lcl|CP017623.1_cds_AOW26782.1_1078 [locus_tag=CAALFM_C111580WA] [db_xref=CGD:CAL0000182306] [protein=hypothetical protein] [protein_id=AOW26782.1] [location=2541281..2541658] [gbkey=CDS],0.6629379336749763
lcl|CP017623.1_cds_AOW26783.1_1079 [gene=PLD1] [locus_tag=CAALFM_C111590WA] [db_xref=CGD:CAL0000189670] [protein=phospholipase D] [protein_id=AOW26783.1] [location=2542175..2547307] [gbkey=CDS],0.6696033920002052
lcl|CP017623.1_cds_AOW26784.1_1080 [locus_tag=CAALFM_C111600WA] [db_xref=CGD:CAL0000183918] [protein=hypothetical protein] [protein_id=AOW26784.1] [location=2547617..2548264] [gbkey=CDS],0.6820744581678374
lcl|CP017623.1_cds_AOW26785.1_1081 [locus_tag=CAALFM_C111610CA] [db_xref=CGD:CAL0000193625] [protein=hypothetical protein] [protein_id=AOW26785.1] [location=complement(2548322..2549842)] [gbkey=CDS],0.667588158566967
lcl|CP017623.1_cds_AOW26786.1_1082 [locus_tag=CAALFM_C111620WA] [db_xref=CGD:CAL0000190877] [protein=hypothetical protein] [protein_id=AOW26786.1] [location=2550020..2550913] [gbkey=CDS],0.6211337699358506
lcl|CP017623.1_cds_AOW26787.1_1083 [gene=FUS1] [locus_tag=CAALFM_C111630CA] [db_xref=CGD:CAL0000187409] [protein=Fus1p] [protein_id=AOW26787.1] [location=complement(2550972..2552126)] [gbkey=CDS],0.6673573426311448
lcl|CP017623.1_cds_AOW26788.1_1084 [gene=DPP2] [locus_tag=CAALFM_C111640CA] [db_xref=CGD:CAL0000185564] [protein=phosphatidate phosphatase] [protein_id=AOW26788.1] [location=complement(2552572..2553426)] [gbkey=CDS],0.6733875269200961
lcl|CP017623.1_cds_AOW26789.1_1085 [gene=EGD1] [locus_tag=CAALFM_C111650WA] [db_xref=CGD:CAL0000174763] [protein=Egd1p] [protein_id=AOW26789.1] [location=2554159..2554632] [gbkey=CDS],0.7926820523830291
lcl|CP017623.1_cds_AOW26790.1_1086 [gene=GAD1] [locus_tag=CAALFM_C111660WA] [db_xref=CGD:CAL0000195622] [protein=glutamate decarboxylase] [protein_id=AOW26790.1] [location=2555723..2557429] [gbkey=CDS],0.7584137785096018
lcl|CP017623.1_cds_AOW26791.1_1087 [locus_tag=CAALFM_C111670WA] [db_xref=CGD:CAL0000189541] [protein=hypothetical protein] [protein_id=AOW26791.1] [location=2558239..2559036] [gbkey=CDS],0.7512323134650327
lcl|CP017623.1_cds_AOW26792.1_1088 [locus_tag=CAALFM_C111680CA] [db_xref=CGD:CAL0000175803] [protein=hypothetical protein] [protein_id=AOW26792.1] [location=complement(2559106..2559327)] [gbkey=CDS],0.7645686997458992
lcl|CP017623.1_cds_AOW26793.1_1089 [locus_tag=CAALFM_C111690WA] [db_xref=CGD:CAL0000193023] [protein=hypothetical protein] [protein_id=AOW26793.1] [location=2560903..2562321] [gbkey=CDS],0.6862789450832153
lcl|CP017623.1_cds_AOW26794.1_1090 [gene=MRF1] [locus_tag=CAALFM_C111700CA] [db_xref=CGD:CAL0000182133] [protein=Mrf1p] [protein_id=AOW26794.1] [location=complement(2562559..2563638)] [gbkey=CDS],0.7734947333204395
lcl|CP017623.1_cds_AOW26795.1_1091 [locus_tag=CAALFM_C111710CA] [db_xref=CGD:CAL0000189829] [protein=hypothetical protein] [protein_id=AOW26795.1] [location=complement(2564631..2565422)] [gbkey=CDS],0.7401949500330101
lcl|CP017623.1_cds_AOW26796.1_1092 [locus_tag=CAALFM_C111720WA] [db_xref=CGD:CAL0000186317] [protein=hypothetical protein] [protein_id=AOW26796.1] [location=2568085..2568453] [gbkey=CDS],0.6303843931065432
lcl|CP017623.1_cds_AOW26797.1_1093 [locus_tag=CAALFM_C111730WA] [db_xref=CGD:CAL0000201060] [protein=hypothetical protein] [protein_id=AOW26797.1] [location=2568686..2572051] [gbkey=CDS],0.7256014206272196
lcl|CP017623.1_cds_AOW26798.1_1094 [locus_tag=CAALFM_C111740WA] [db_xref=CGD:CAL0000189999] [protein=hypothetical protein] [protein_id=AOW26798.1] [location=2572482..2573666] [gbkey=CDS],0.697558851531849
lcl|CP017623.1_cds_AOW26799.1_1095 [gene=AVT4] [locus_tag=CAALFM_C111750WA] [db_xref=CGD:CAL0000187441] [protein=Avt4p] [protein_id=AOW26799.1] [location=2574666..2576585] [gbkey=CDS],0.7581868214140188
lcl|CP017623.1_cds_AOW26800.1_1096 [locus_tag=CAALFM_C111760CA] [db_xref=CGD:CAL0000190607] [protein=hypothetical protein] [protein_id=AOW26800.1] [location=complement(2576806..2577432)] [gbkey=CDS],0.8273269117491324
lcl|CP017623.1_cds_AOW26801.1_1097 [locus_tag=CAALFM_C111770CA] [db_xref=CGD:CAL0000195404] [protein=hypothetical protein] [protein_id=AOW26801.1] [location=complement(2578004..2580928)] [gbkey=CDS],0.7225044573682429
lcl|CP017623.1_cds_AOW26802.1_1098 [locus_tag=CAALFM_C111790WA] [db_xref=CGD:CAL0000197535] [protein=bifunctional thymidylate/uridylate kinase] [protein_id=AOW26802.1] [location=2584053..2584727] [gbkey=CDS],0.7765206446759026
lcl|CP017623.1_cds_AOW26803.1_1099 [locus_tag=CAALFM_C111800CA] [db_xref=CGD:CAL0000186131] [protein=hypothetical protein] [protein_id=AOW26803.1] [location=complement(2584789..2585226)] [gbkey=CDS],0.8666182548799606
lcl|CP017623.1_cds_AOW26804.1_1100 [gene=CAS1] [locus_tag=CAALFM_C111810WA] [db_xref=CGD:CAL0000186914] [protein=ATP-dependent DNA helicase] [protein_id=AOW26804.1] [location=2585501..2587936] [gbkey=CDS],0.8083160840504295
lcl|CP017623.1_cds_AOW26805.1_1101 [locus_tag=CAALFM_C111850WA] [db_xref=CGD:CAL0000198771] [protein=hypothetical protein] [protein_id=AOW26805.1] [location=2593187..2594629] [gbkey=CDS],0.6818942378290802
lcl|CP017623.1_cds_AOW26806.1_1102 [locus_tag=CAALFM_C111860WA] [db_xref=CGD:CAL0000181643] [protein=hypothetical protein] [protein_id=AOW26806.1] [location=2595221..2598883] [gbkey=CDS],0.7831218342702357
lcl|CP017623.1_cds_AOW26807.1_1103 [gene=MUP1] [locus_tag=CAALFM_C111870WA] [db_xref=CGD:CAL0000175765] [protein=Mup1p] [protein_id=AOW26807.1] [location=2600115..2601776] [gbkey=CDS],0.7330867219512446
lcl|CP017623.1_cds_AOW26808.1_1104 [locus_tag=CAALFM_C111880WA] [db_xref=CGD:CAL0000189507] [protein=mitochondrial 54S ribosomal protein MRPL51] [protein_id=AOW26808.1] [location=2602121..2602543] [gbkey=CDS],0.723294917628406
lcl|CP017623.1_cds_AOW26809.1_1105 [locus_tag=CAALFM_C111890WA] [db_xref=CGD:CAL0000188791] [protein=hypothetical protein] [protein_id=AOW26809.1] [location=2603042..2604070] [gbkey=CDS],0.7591793630982843
lcl|CP017623.1_cds_AOW26810.1_1106 [locus_tag=CAALFM_C111900CA] [db_xref=CGD:CAL0000176622] [protein=hypothetical protein] [protein_id=AOW26810.1] [location=complement(2604245..2605468)] [gbkey=CDS],0.7070607290327634
lcl|CP017623.1_cds_AOW26811.1_1107 [locus_tag=CAALFM_C111910WA] [db_xref=CGD:CAL0000198679] [protein=hypothetical protein] [protein_id=AOW26811.1] [location=2605723..2606970] [gbkey=CDS],0.7698873343626512
lcl|CP017623.1_cds_AOW26812.1_1108 [locus_tag=CAALFM_C111920WA] [db_xref=CGD:CAL0000196590] [protein=hypothetical protein] [protein_id=AOW26812.1] [location=2607298..2608521] [gbkey=CDS],0.7675670313858355
lcl|CP017623.1_cds_AOW26813.1_1109 [locus_tag=CAALFM_C111930WA] [db_xref=CGD:CAL0000197541] [protein=hypothetical protein] [protein_id=AOW26813.1] [location=2610679..2613744] [gbkey=CDS],0.7117344591438884
lcl|CP017623.1_cds_AOW26814.1_1110 [locus_tag=CAALFM_C111940CA] [db_xref=CGD:CAL0000197214] [protein=hypothetical protein] [protein_id=AOW26814.1] [location=complement(2613981..2615726)] [gbkey=CDS],0.7426645701840008
lcl|CP017623.1_cds_AOW26815.1_1111 [locus_tag=CAALFM_C111950WA] [db_xref=CGD:CAL0000190381] [protein=hypothetical protein] [protein_id=AOW26815.1] [location=2616918..2617940] [gbkey=CDS],0.7874436096860438
lcl|CP017623.1_cds_AOW26816.1_1112 [locus_tag=CAALFM_C111960CA] [db_xref=CGD:CAL0000185353] [protein=hypothetical protein] [protein_id=AOW26816.1] [location=complement(2618147..2618401)] [gbkey=CDS],0.770523534412126
lcl|CP017623.1_cds_AOW26817.1_1113 [locus_tag=CAALFM_C111970CA] [db_xref=CGD:CAL0000194989] [protein=hypothetical protein] [protein_id=AOW26817.1] [location=complement(2619019..2620410)] [gbkey=CDS],0.7306433386088877
lcl|CP017623.1_cds_AOW26818.1_1114 [gene=MED10] [locus_tag=CAALFM_C111980WA] [db_xref=CGD:CAL0000183331] [protein=mediator complex subunit] [protein_id=AOW26818.1] [location=2620858..2621370] [gbkey=CDS],0.7650837888231659
lcl|CP017623.1_cds_AOW26819.1_1115 [locus_tag=CAALFM_C111990WA] [db_xref=CGD:CAL0000196406] [protein=hypothetical protein] [protein_id=AOW26819.1] [location=2623918..2624403] [gbkey=CDS],0.7647847008472345
lcl|CP017623.1_cds_AOW26820.1_1116 [locus_tag=CAALFM_C112000CA] [db_xref=CGD:CAL0000200301] [protein=hypothetical protein] [protein_id=AOW26820.1] [location=complement(2624649..2626028)] [gbkey=CDS],0.7392466585907514
lcl|CP017623.1_cds_AOW26821.1_1117 [gene=KIP4] [locus_tag=CAALFM_C112010CA] [db_xref=CGD:CAL0000181337] [protein=Kip4p] [protein_id=AOW26821.1] [location=complement(2626511..2629225)] [gbkey=CDS],0.7448058493528777
lcl|CP017623.1_cds_AOW26822.1_1118 [gene=SER33] [locus_tag=CAALFM_C112030WA] [db_xref=CGD:CAL0000190003] [protein=phosphoglycerate dehydrogenase] [protein_id=AOW26822.1] [location=2632863..2634254] [gbkey=CDS],0.7918821032376276
lcl|CP017623.1_cds_AOW26823.1_1119 [locus_tag=CAALFM_C112040WA] [db_xref=CGD:CAL0000195837] [protein=hypothetical protein] [protein_id=AOW26823.1] [location=2634434..2634865] [gbkey=CDS],0.7224416200176784
lcl|CP017623.1_cds_AOW26824.1_1120 [gene=RPN2] [locus_tag=CAALFM_C112050WA] [db_xref=CGD:CAL0000182505] [protein=proteasome regulatory particle base subunit] [protein_id=AOW26824.1] [location=2635306..2638164] [gbkey=CDS],0.7253567171716432
lcl|CP017623.1_cds_AOW26825.1_1121 [locus_tag=CAALFM_C112060CA] [db_xref=CGD:CAL0000187635] [protein=hypothetical protein] [protein_id=AOW26825.1] [location=complement(2638267..2638986)] [gbkey=CDS],0.6712796672891104
lcl|CP017623.1_cds_AOW26826.1_1122 [locus_tag=CAALFM_C112070CA] [db_xref=CGD:CAL0000179716] [protein=hypothetical protein] [protein_id=AOW26826.1] [location=complement(2639138..2641018)] [gbkey=CDS],0.7185219598918408
lcl|CP017623.1_cds_AOW26827.1_1123 [gene=LCB4] [locus_tag=CAALFM_C112080WA] [db_xref=CGD:CAL0000174172] [protein=sphinganine kinase] [protein_id=AOW26827.1] [location=2641810..2643402] [gbkey=CDS],0.677510791469312
lcl|CP017623.1_cds_AOW26828.1_1124 [locus_tag=CAALFM_C112090CA] [db_xref=CGD:CAL0000184437] [protein=hypothetical protein] [protein_id=AOW26828.1] [location=complement(2643534..2644889)] [gbkey=CDS],0.7678876728045264
lcl|CP017623.1_cds_AOW26829.1_1125 [gene=PXA2] [locus_tag=CAALFM_C112100CA] [db_xref=CGD:CAL0000196592] [protein=ATP-binding cassette long-chain fatty acid transporter] [protein_id=AOW26829.1] [location=complement(2645318..2647321)] [gbkey=CDS],0.7523940412132284
lcl|CP017623.1_cds_AOW26830.1_1126 [locus_tag=CAALFM_C112110CA] [db_xref=CGD:CAL0000182464] [protein=hypothetical protein] [protein_id=AOW26830.1] [location=complement(2647733..2648113)] [gbkey=CDS],0.7462091892546647
lcl|CP017623.1_cds_AOW26831.1_1127 [locus_tag=CAALFM_C112120WA] [db_xref=CGD:CAL0000181204] [protein=hypothetical protein] [protein_id=AOW26831.1] [location=2648544..2650742] [gbkey=CDS],0.6695238554181834
lcl|CP017623.1_cds_AOW26832.1_1128 [gene=ZCF30] [locus_tag=CAALFM_C112130CA] [db_xref=CGD:CAL0000177855] [protein=Zcf30p] [protein_id=AOW26832.1] [location=complement(2650824..2653223)] [gbkey=CDS],0.6675654063358072
lcl|CP017623.1_cds_AOW26833.1_1129 [locus_tag=CAALFM_C112140WA] [db_xref=CGD:CAL0000181678] [protein=hypothetical protein] [protein_id=AOW26833.1] [location=2653555..2654043] [gbkey=CDS],0.6925823910156225
"lcl|CP017623.1_cds_AOW26834.1_1130 [locus_tag=CAALFM_C112150CA] [db_xref=CGD:CAL0000182264] [protein=hypothetical protein] [protein_id=AOW26834.1] [location=complement(join(2654122..2654672,2654742..2654799))] [gbkey=CDS]",0.608078795503558
lcl|CP017623.1_cds_AOW26835.1_1131 [gene=MSO1] [locus_tag=CAALFM_C112160WA] [db_xref=CGD:CAL0000178412] [protein=Mso1p] [protein_id=AOW26835.1] [location=2655467..2655976] [gbkey=CDS],0.6282440967674823
lcl|CP017623.1_cds_AOW26836.1_1132 [locus_tag=CAALFM_C112170CA] [db_xref=CGD:CAL0000186464] [protein=hypothetical protein] [protein_id=AOW26836.1] [location=complement(2656050..2657330)] [gbkey=CDS],0.6858352650452094
lcl|CP017623.1_cds_AOW26837.1_1133 [locus_tag=CAALFM_C112180CA] [db_xref=CGD:CAL0000178396] [protein=hypothetical protein] [protein_id=AOW26837.1] [location=complement(2657594..2658760)] [gbkey=CDS],0.711276513648677
lcl|CP017623.1_cds_AOW26838.1_1134 [gene=BUL4] [locus_tag=CAALFM_C112190WA] [db_xref=CGD:CAL0000182032] [protein=Bul4p] [protein_id=AOW26838.1] [location=2659187..2661355] [gbkey=CDS],0.7100327133798401
lcl|CP017623.1_cds_AOW26839.1_1135 [gene=MCD4] [locus_tag=CAALFM_C112200WA] [db_xref=CGD:CAL0000201697] [protein=mannose-ethanolamine phosphotransferase] [protein_id=AOW26839.1] [location=2661669..2664584] [gbkey=CDS],0.813632444723532
lcl|CP017623.1_cds_AOW26840.1_1136 [gene=TRP3] [locus_tag=CAALFM_C112210WA] [db_xref=CGD:CAL0000192837] [protein=bifunctional anthranilate synthase/indole-3-glycerol-phosphate synthase] [protein_id=AOW26840.1] [location=2664810..2666372] [gbkey=CDS],0.8295347777501071
lcl|CP017623.1_cds_AOW26841.1_1137 [gene=CDC6] [locus_tag=CAALFM_C112220WA] [db_xref=CGD:CAL0000190984] [protein=AAA family ATPase] [protein_id=AOW26841.1] [location=2666903..2668348] [gbkey=CDS],0.8087921670971032
lcl|CP017623.1_cds_AOW26842.1_1138 [gene=SNT1] [locus_tag=CAALFM_C112230WA] [db_xref=CGD:CAL0000181880] [protein=Snt1p] [protein_id=AOW26842.1] [location=2669523..2672528] [gbkey=CDS],0.7281077813486782
lcl|CP017623.1_cds_AOW26843.1_1139 [locus_tag=CAALFM_C112240CA] [db_xref=CGD:CAL0000183506] [protein=putative alanine--tRNA ligase] [protein_id=AOW26843.1] [location=complement(2672727..2674139)] [gbkey=CDS],0.8512050053223698
lcl|CP017623.1_cds_AOW26844.1_1140 [locus_tag=CAALFM_C112250CA] [db_xref=CGD:CAL0000175090] [protein=hypothetical protein] [protein_id=AOW26844.1] [location=complement(2674414..2676231)] [gbkey=CDS],0.756719894151216
lcl|CP017623.1_cds_AOW26845.1_1141 [gene=VPH2] [locus_tag=CAALFM_C112260WA] [db_xref=CGD:CAL0000185428] [protein=Vph2p] [protein_id=AOW26845.1] [location=2677427..2678068] [gbkey=CDS],0.7544227175878804
"lcl|CP017623.1_cds_AOW26846.1_1142 [gene=SRT1] [locus_tag=CAALFM_C112270WA] [db_xref=CGD:CAL0000195761] [protein=ditrans,polycis-polyprenyl diphosphate synthase] [protein_id=AOW26846.1] [location=join(2678223..2678462,2678528..2679232)] [gbkey=CDS]",0.82567522036452
lcl|CP017623.1_cds_AOW26847.1_1143 [locus_tag=CAALFM_C112280CA] [db_xref=CGD:CAL0000194947] [protein=mitochondrial 54S ribosomal protein YmL13] [protein_id=AOW26847.1] [location=complement(2679385..2680083)] [gbkey=CDS],0.9160196547321321
lcl|CP017623.1_cds_AOW26848.1_1144 [gene=RBD1] [locus_tag=CAALFM_C112290CA] [db_xref=CGD:CAL0000197514] [protein=Rbd1p] [protein_id=AOW26848.1] [location=complement(2680478..2682487)] [gbkey=CDS],0.7629843448136263
lcl|CP017623.1_cds_AOW26849.1_1145 [gene=CSI2] [locus_tag=CAALFM_C112310CA] [db_xref=CGD:CAL0000186593] [protein=Csi2p] [protein_id=AOW26849.1] [location=complement(2685652..2686530)] [gbkey=CDS],0.87896931620502206
lcl|CP017623.1_cds_AOW26850.1_1146 [gene=ATP19] [locus_tag=CAALFM_C112320CA] [db_xref=CGD:CAL0000179071] [protein=F1F0 ATP synthase subunit k] [protein_id=AOW26850.1] [location=complement(2687249..2687452)] [gbkey=CDS],0.8727479541591475
lcl|CP017623.1_cds_AOW26851.1_1147 [locus_tag=CAALFM_C112330WA] [db_xref=CGD:CAL0000184247] [protein=hypothetical protein] [protein_id=AOW26851.1] [location=2687808..2689043] [gbkey=CDS],0.7670051448221741
lcl|CP017623.1_cds_AOW26852.1_1148 [gene=MRPS9] [locus_tag=CAALFM_C112340CA] [db_xref=CGD:CAL0000191081] [protein=mitochondrial 37S ribosomal protein MRPS9] [protein_id=AOW26852.1] [location=complement(2689209..2690219)] [gbkey=CDS],0.8117169675617548
lcl|CP017623.1_cds_AOW26853.1_1149 [locus_tag=CAALFM_C112350WA] [db_xref=CGD:CAL0000184500] [protein=exosome catalytic subunit] [protein_id=AOW26853.1] [location=2690712..2693726] [gbkey=CDS],0.8424708683150838
"lcl|CP017623.1_cds_AOW26854.1_1150 [gene=RIB3] [locus_tag=CAALFM_C112360CA] [db_xref=CGD:CAL0000192139] [protein=3,4-dihydroxy-2-butanone-4-phosphate synthase] [protein_id=AOW26854.1] [location=complement(2693848..2694471)] [gbkey=CDS]",0.836122106410633
lcl|CP017623.1_cds_AOW26855.1_1151 [locus_tag=CAALFM_C112370WA] [db_xref=CGD:CAL0000182230] [protein=hypothetical protein] [protein_id=AOW26855.1] [location=2695803..2696300] [gbkey=CDS],0.7737533924677938
lcl|CP017623.1_cds_AOW26856.1_1152 [gene=WRS1] [locus_tag=CAALFM_C112380CA] [db_xref=CGD:CAL0000182691] [protein=tryptophan--tRNA ligase] [protein_id=AOW26856.1] [location=complement(2696433..2697707)] [gbkey=CDS],0.7954386934677348
"lcl|CP017623.1_cds_AOW26857.1_1153 [gene=RPL27A] [locus_tag=CAALFM_C112390CA] [db_xref=CGD:CAL0000176884] [protein=ribosomal 60S subunit protein L27A] [protein_id=AOW26857.1] [location=complement(join(2698188..2698567,2698984..2699014))] [gbkey=CDS]",0.7689653527145286
lcl|CP017623.1_cds_AOW26858.1_1154 [locus_tag=CAALFM_C112400CA] [db_xref=CGD:CAL0000184393] [protein=hypothetical protein] [protein_id=AOW26858.1] [location=complement(2699565..2699942)] [gbkey=CDS],0.8009560292481244
lcl|CP017623.1_cds_AOW26859.1_1155 [gene=PKH2] [locus_tag=CAALFM_C112410CA] [db_xref=CGD:CAL0000187991] [protein=serine/threonine protein kinase] [protein_id=AOW26859.1] [location=complement(2700183..2703026)] [gbkey=CDS],0.7314465879129304
lcl|CP017623.1_cds_AOW26860.1_1156 [locus_tag=CAALFM_C112430WA] [db_xref=CGD:CAL0000176804] [protein=hypothetical protein] [protein_id=AOW26860.1] [location=2704534..2707485] [gbkey=CDS],0.7026821177376561
lcl|CP017623.1_cds_AOW26861.1_1157 [locus_tag=CAALFM_C112440WA] [db_xref=CGD:CAL0000191259] [protein=putative 3'-5' exonuclease] [protein_id=AOW26861.1] [location=2707766..2708623] [gbkey=CDS],0.746674151562461
lcl|CP017623.1_cds_AOW26862.1_1158 [gene=IRA2] [locus_tag=CAALFM_C112450CA] [db_xref=CGD:CAL0000177461] [protein=Ras GTPase activating protein] [protein_id=AOW26862.1] [location=complement(2708975..2716906)] [gbkey=CDS],0.7106400573367846
lcl|CP017623.1_cds_AOW26863.1_1159 [locus_tag=CAALFM_C112470WA] [db_xref=CGD:CAL0000198128] [protein=hypothetical protein] [protein_id=AOW26863.1] [location=2719965..2720702] [gbkey=CDS],0.725010068254655
"lcl|CP017623.1_cds_AOW26864.1_1160 [locus_tag=CAALFM_C112480WA] [db_xref=CGD:CAL0000185365] [protein=hypothetical protein] [protein_id=AOW26864.1] [location=join(2720860..2720942,2721029..2721362)] [gbkey=CDS]",0.8289526080521591
lcl|CP017623.1_cds_AOW26865.1_1161 [gene=PEP1] [locus_tag=CAALFM_C112490WA] [db_xref=CGD:CAL0000201763] [protein=type I sorting receptor] [protein_id=AOW26865.1] [location=2723178..2727197] [gbkey=CDS],0.8203406295819421
lcl|CP017623.1_cds_AOW26866.1_1162 [gene=RAX2] [locus_tag=CAALFM_C112510WA] [db_xref=CGD:CAL0000190497] [protein=Rax2p] [protein_id=AOW26866.1] [location=2729345..2733526] [gbkey=CDS],0.7847139635187866
lcl|CP017623.1_cds_AOW26867.1_1163 [gene=GSG1] [locus_tag=CAALFM_C112520WA] [db_xref=CGD:CAL0000178502] [protein=Gsg1p] [protein_id=AOW26867.1] [location=2734096..2736375] [gbkey=CDS],0.8246728826974754
lcl|CP017623.1_cds_AOW26868.1_1164 [locus_tag=CAALFM_C112530CA] [db_xref=CGD:CAL0000184126] [protein=hypothetical protein] [protein_id=AOW26868.1] [location=complement(2736499..2737875)] [gbkey=CDS],0.7909510515221773
lcl|CP017623.1_cds_AOW26869.1_1165 [locus_tag=CAALFM_C112540WA] [db_xref=CGD:CAL0000190411] [protein=hypothetical protein] [protein_id=AOW26869.1] [location=2738222..2738758] [gbkey=CDS],0.8187383117912341
lcl|CP017623.1_cds_AOW26870.1_1166 [gene=CDC54] [locus_tag=CAALFM_C112550CA] [db_xref=CGD:CAL0000176876] [protein=MCM DNA helicase complex subunit] [protein_id=AOW26870.1] [location=complement(2738857..2741595)] [gbkey=CDS],0.8164779507773152
"lcl|CP017623.1_cds_AOW26871.1_1167 [gene=DLH1] [locus_tag=CAALFM_C112560CA] [db_xref=CGD:CAL0000182507] [protein=recombinase] [protein_id=AOW26871.1] [location=complement(join(2741867..2742640,2742700..2742795,2742877..2742981))] [gbkey=CDS]",0.7672329359822664
lcl|CP017623.1_cds_AOW26872.1_1168 [locus_tag=CAALFM_C112570CA] [db_xref=CGD:CAL0000191392] [protein=Elongator subunit] [protein_id=AOW26872.1] [location=complement(2743121..2744461)] [gbkey=CDS],0.7784349506905587
lcl|CP017623.1_cds_AOW26873.1_1169 [locus_tag=CAALFM_C112580WA] [db_xref=CGD:CAL0000201411] [protein=hypothetical protein] [protein_id=AOW26873.1] [location=2744834..2746261] [gbkey=CDS],0.7820434011797707
lcl|CP017623.1_cds_AOW26874.1_1170 [gene=ATP20] [locus_tag=CAALFM_C112590WA] [db_xref=CGD:CAL0000179249] [protein=F1F0 ATP synthase subunit g] [protein_id=AOW26874.1] [location=2746753..2747097] [gbkey=CDS],0.8844550806667918
lcl|CP017623.1_cds_AOW26875.1_1171 [gene=CHR1] [locus_tag=CAALFM_C112600CA] [db_xref=CGD:CAL0000178978] [protein=RNA-dependent ATPase] [protein_id=AOW26875.1] [location=complement(2747573..2749495)] [gbkey=CDS],0.8024762681467722
lcl|CP017623.1_cds_AOW26876.1_1172 [locus_tag=CAALFM_C112610WA] [db_xref=CGD:CAL0000201122] [protein=mitochondrial 54S ribosomal protein YmL15] [protein_id=AOW26876.1] [location=2749614..2750276] [gbkey=CDS],0.78156789038258
lcl|CP017623.1_cds_AOW26877.1_1173 [gene=SPA2] [locus_tag=CAALFM_C112620WA] [db_xref=CGD:CAL0000187833] [protein=Spa2p] [protein_id=AOW26877.1] [location=2752402..2756802] [gbkey=CDS],0.7358452503597921
lcl|CP017623.1_cds_AOW26878.1_1174 [locus_tag=CAALFM_C112630CA] [db_xref=CGD:CAL0000187979] [protein=U2-type spliceosomal complex subunit] [protein_id=AOW26878.1] [location=complement(2756957..2757631)] [gbkey=CDS],0.7845416086596517
lcl|CP017623.1_cds_AOW26879.1_1175 [locus_tag=CAALFM_C112640WA] [db_xref=CGD:CAL0000187048] [protein=hypothetical protein] [protein_id=AOW26879.1] [location=2758065..2758466] [gbkey=CDS],0.8429602065155561
"lcl|CP017623.1_cds_AOW26880.1_1176 [locus_tag=CAALFM_C112650CA] [db_xref=CGD:CAL0000191589] [protein=E2 ubiquitin-conjugating protein] [protein_id=AOW26880.1] [location=complement(join(2758614..2759016,2759100..2759110))] [gbkey=CDS]",0.8954948265539221
lcl|CP017623.1_cds_AOW26881.1_1177 [locus_tag=CAALFM_C112660WA] [db_xref=CGD:CAL0000199073] [protein=coiled-coil domain-containing protein] [protein_id=AOW26881.1] [location=2759575..2761665] [gbkey=CDS],0.8192402646171393
lcl|CP017623.1_cds_AOW26882.1_1178 [locus_tag=CAALFM_C112670CA] [db_xref=CGD:CAL0000180134] [protein=U4/U6-U5 snRNP complex subunit] [protein_id=AOW26882.1] [location=complement(2761699..2764434)] [gbkey=CDS],0.8249609999546411
lcl|CP017623.1_cds_AOW26883.1_1179 [locus_tag=CAALFM_C112680WA] [db_xref=CGD:CAL0000198380] [protein=ribosome biosynthesis protein] [protein_id=AOW26883.1] [location=2764631..2766184] [gbkey=CDS],0.8322880498176305
lcl|CP017623.1_cds_AOW26884.1_1180 [locus_tag=CAALFM_C112690CA] [db_xref=CGD:CAL0000191895] [protein=hypothetical protein] [protein_id=AOW26884.1] [location=complement(2766270..2766920)] [gbkey=CDS],0.7824682687529589
lcl|CP017623.1_cds_AOW26885.1_1181 [locus_tag=CAALFM_C112700WA] [db_xref=CGD:CAL0000184188] [protein=hypothetical protein] [protein_id=AOW26885.1] [location=2767655..2769733] [gbkey=CDS],0.6848485523335259
lcl|CP017623.1_cds_AOW26886.1_1182 [locus_tag=CAALFM_C112710CA] [db_xref=CGD:CAL0000178488] [protein=hypothetical protein] [protein_id=AOW26886.1] [location=complement(2770318..2771721)] [gbkey=CDS],0.7924024986527282
lcl|CP017623.1_cds_AOW26887.1_1183 [locus_tag=CAALFM_C112720CA] [db_xref=CGD:CAL0000199161] [protein=hypothetical protein] [protein_id=AOW26887.1] [location=complement(2772373..2772915)] [gbkey=CDS],0.7803944136371687
lcl|CP017623.1_cds_AOW26888.1_1184 [gene=RVS162] [locus_tag=CAALFM_C112730WA] [db_xref=CGD:CAL0000191779] [protein=Rvs162p] [protein_id=AOW26888.1] [location=2774634..2775641] [gbkey=CDS],0.8712839411407527
lcl|CP017623.1_cds_AOW26889.1_1185 [locus_tag=CAALFM_C112740WA] [db_xref=CGD:CAL0000178218] [protein=hypothetical protein] [protein_id=AOW26889.1] [location=2776562..2779384] [gbkey=CDS],0.8311519766349265
lcl|CP017623.1_cds_AOW26890.1_1186 [locus_tag=CAALFM_C112750CA] [db_xref=CGD:CAL0000174348] [protein=hypothetical protein] [protein_id=AOW26890.1] [location=complement(2779463..2781025)] [gbkey=CDS],0.8109354525653377
lcl|CP017623.1_cds_AOW26891.1_1187 [locus_tag=CAALFM_C112760WA] [db_xref=CGD:CAL0000174555] [protein=protein-transporting protein] [protein_id=AOW26891.1] [location=2781193..2782158] [gbkey=CDS],0.856496322023035
lcl|CP017623.1_cds_AOW26892.1_1188 [gene=RPG1A] [locus_tag=CAALFM_C112770WA] [db_xref=CGD:CAL0000181001] [protein=translation initiation factor eIF3 subunit a] [protein_id=AOW26892.1] [location=2782398..2785190] [gbkey=CDS],0.9017185417208009
lcl|CP017623.1_cds_AOW26893.1_1189 [gene=RBK1] [locus_tag=CAALFM_C112780WA] [db_xref=CGD:CAL0000181468] [protein=putative ribokinase] [protein_id=AOW26893.1] [location=2785529..2786701] [gbkey=CDS],0.8052711527996762
lcl|CP017623.1_cds_AOW26894.1_1190 [gene=FEN1] [locus_tag=CAALFM_C112790CA] [db_xref=CGD:CAL0000190970] [protein=fatty acid elongase] [protein_id=AOW26894.1] [location=complement(2787011..2788024)] [gbkey=CDS],0.8404870304378902
lcl|CP017623.1_cds_AOW26895.1_1191 [locus_tag=CAALFM_C112800WA] [db_xref=CGD:CAL0000191420] [protein=hypothetical protein] [protein_id=AOW26895.1] [location=2789387..2789872] [gbkey=CDS],0.7515503993405398
"lcl|CP017623.1_cds_AOW26896.1_1192 [locus_tag=CAALFM_C112810WA] [db_xref=CGD:CAL0000179348] [protein=2,5-diamino-6-(ribosylamino)-4(3H)-pyrimidinone 5'-phosphate reductase] [protein_id=AOW26896.1] [location=2790164..2791078] [gbkey=CDS]",0.7983253917513554
"lcl|CP017623.1_cds_AOW26897.1_1193 [locus_tag=CAALFM_C112820CA] [db_xref=CGD:CAL0000198535] [protein=DNA-directed RNA polymerase core subunit] [protein_id=AOW26897.1] [location=complement(join(2791182..2791751,2792056..2792130))] [gbkey=CDS]",0.8780258174094788
lcl|CP017623.1_cds_AOW26898.1_1194 [locus_tag=CAALFM_C112830CA] [db_xref=CGD:CAL0000198790] [protein=hypothetical protein] [protein_id=AOW26898.1] [location=complement(2792654..2796280)] [gbkey=CDS],0.7706258493097723
lcl|CP017623.1_cds_AOW26899.1_1195 [locus_tag=CAALFM_C112840WA] [db_xref=CGD:CAL0000187076] [protein=hypothetical protein] [protein_id=AOW26899.1] [location=2797709..2798062] [gbkey=CDS],0.8041106081995041
lcl|CP017623.1_cds_AOW26900.1_1196 [gene=BLP1] [locus_tag=CAALFM_C112850WA] [db_xref=CGD:CAL0000190643] [protein=Blp1p] [protein_id=AOW26900.1] [location=2799737..2799970] [gbkey=CDS],0.7284118529605561
lcl|CP017623.1_cds_AOW26901.1_1197 [locus_tag=CAALFM_C112860CA] [db_xref=CGD:CAL0000178796] [protein=hypothetical protein] [protein_id=AOW26901.1] [location=complement(2800779..2801945)] [gbkey=CDS],0.7250712225665599
lcl|CP017623.1_cds_AOW26902.1_1198 [locus_tag=CAALFM_C112870CA] [db_xref=CGD:CAL0000186405] [protein=hypothetical protein] [protein_id=AOW26902.1] [location=complement(2802305..2802952)] [gbkey=CDS],0.7033761571215806
lcl|CP017623.1_cds_AOW26903.1_1199 [locus_tag=CAALFM_C112880CA] [db_xref=CGD:CAL0000183805] [protein=hypothetical protein] [protein_id=AOW26903.1] [location=complement(2803586..2805145)] [gbkey=CDS],0.7048705290212249
lcl|CP017623.1_cds_AOW26904.1_1200 [locus_tag=CAALFM_C112900WA] [db_xref=CGD:CAL0000196724] [protein=hypothetical protein] [protein_id=AOW26904.1] [location=2807779..2809950] [gbkey=CDS],0.7102485725237164
lcl|CP017623.1_cds_AOW26905.1_1201 [locus_tag=CAALFM_C112910WA] [db_xref=CGD:CAL0000180683] [protein=hypothetical protein] [protein_id=AOW26905.1] [location=2811809..2811973] [gbkey=CDS],0.8751651904977633
"lcl|CP017623.1_cds_AOW26906.1_1202 [locus_tag=CAALFM_C112920CA] [db_xref=CGD:CAL0000183125] [protein=hypothetical protein] [protein_id=AOW26906.1] [location=complement(join(2812364..2813127,2813211..2813247,2813338..2813373))] [gbkey=CDS]",0.713127035936723
lcl|CP017623.1_cds_AOW26907.1_1203 [locus_tag=CAALFM_C112930CA] [db_xref=CGD:CAL0000194465] [protein=hypothetical protein] [protein_id=AOW26907.1] [location=complement(2813599..2815155)] [gbkey=CDS],0.6989790810756363
lcl|CP017623.1_cds_AOW26908.1_1204 [locus_tag=CAALFM_C112940CA] [db_xref=CGD:CAL0000179610] [protein=hypothetical protein] [protein_id=AOW26908.1] [location=complement(2815280..2815492)] [gbkey=CDS],0.7349226282585903
lcl|CP017623.1_cds_AOW26909.1_1205 [locus_tag=CAALFM_C112950WA] [db_xref=CGD:CAL0000180039] [protein=hypothetical protein] [protein_id=AOW26909.1] [location=2815725..2819678] [gbkey=CDS],0.6953461542656129
lcl|CP017623.1_cds_AOW26910.1_1206 [gene=BNI1] [locus_tag=CAALFM_C112960CA] [db_xref=CGD:CAL0000188644] [protein=formin] [protein_id=AOW26910.1] [location=complement(2819824..2825022)] [gbkey=CDS],0.7301571369651189
lcl|CP017623.1_cds_AOW26911.1_1207 [gene=SEC2] [locus_tag=CAALFM_C112970CA] [db_xref=CGD:CAL0000197956] [protein=guanine nucleotide exchange factor] [protein_id=AOW26911.1] [location=complement(2827148..2829403)] [gbkey=CDS],0.7479378151798384
lcl|CP017623.1_cds_AOW26912.1_1208 [locus_tag=CAALFM_C113010WA] [db_xref=CGD:CAL0000201653] [protein=hypothetical protein] [protein_id=AOW26912.1] [location=2831895..2835419] [gbkey=CDS],0.6839918916718394
lcl|CP017623.1_cds_AOW26913.1_1209 [gene=SPC3] [locus_tag=CAALFM_C113020CA] [db_xref=CGD:CAL0000195857] [protein=signal peptidase complex subunit] [protein_id=AOW26913.1] [location=complement(2835573..2836151)] [gbkey=CDS],0.7255121905874565
lcl|CP017623.1_cds_AOW26914.1_1210 [locus_tag=CAALFM_C113030CA] [db_xref=CGD:CAL0000188986] [protein=cysteine--tRNA ligase] [protein_id=AOW26914.1] [location=complement(2836350..2838695)] [gbkey=CDS],0.7324203753959195
"lcl|CP017623.1_cds_AOW26915.1_1211 [gene=RPL14] [locus_tag=CAALFM_C113050WA] [db_xref=CGD:CAL0000179395] [protein=ribosomal 60S subunit protein L14B] [protein_id=AOW26915.1] [location=join(2839748..2839858,2840213..2840497)] [gbkey=CDS]",0.8250836722329361
lcl|CP017623.1_cds_AOW26916.1_1212 [locus_tag=CAALFM_C113060CA] [db_xref=CGD:CAL0000175777] [protein=hypothetical protein] [protein_id=AOW26916.1] [location=complement(2840957..2843242)] [gbkey=CDS],0.7814105612962082
lcl|CP017623.1_cds_AOW26917.1_1213 [gene=FAD3] [locus_tag=CAALFM_C113070CA] [db_xref=CGD:CAL0000200872] [protein=Fad3p] [protein_id=AOW26917.1] [location=complement(2843540..2844841)] [gbkey=CDS],0.7710207824045526
lcl|CP017623.1_cds_AOW26918.1_1214 [gene=OP4] [locus_tag=CAALFM_C113080WA] [db_xref=CGD:CAL0000186990] [protein=Op4p] [protein_id=AOW26918.1] [location=2848507..2849721] [gbkey=CDS],0.7660735930409706
lcl|CP017623.1_cds_AOW26919.1_1215 [locus_tag=CAALFM_C113100WA] [db_xref=CGD:CAL0000183039] [protein=hypothetical protein] [protein_id=AOW26919.1] [location=2854902..2855117] [gbkey=CDS],0.8007959022736514
lcl|CP017623.1_cds_AOW26920.1_1216 [gene=CHS3] [locus_tag=CAALFM_C113110CA] [db_xref=CGD:CAL0000195982] [protein=chitin synthase] [protein_id=AOW26920.1] [location=complement(2856152..2859793)] [gbkey=CDS],0.793573059390279
lcl|CP017623.1_cds_AOW26921.1_1217 [gene=MON2] [locus_tag=CAALFM_C113120CA] [db_xref=CGD:CAL0000183345] [protein=Mon2p] [protein_id=AOW26921.1] [location=complement(2861151..2866055)] [gbkey=CDS],0.7469758355100752
lcl|CP017623.1_cds_AOW26922.1_1218 [locus_tag=CAALFM_C113130CA] [db_xref=CGD:CAL0000178778] [protein=hypothetical protein] [protein_id=AOW26922.1] [location=complement(2866542..2868221)] [gbkey=CDS],0.7059707900585982
lcl|CP017623.1_cds_AOW26923.1_1219 [gene=TYE7] [locus_tag=CAALFM_C113140CA] [db_xref=CGD:CAL0000180094] [protein=Tye7p] [protein_id=AOW26923.1] [location=complement(2868818..2869627)] [gbkey=CDS],0.700947309684465
lcl|CP017623.1_cds_AOW26924.1_1220 [gene=PSA2] [locus_tag=CAALFM_C113160WA] [db_xref=CGD:CAL0000185249] [protein=Psa2p] [protein_id=AOW26924.1] [location=2874071..2875447] [gbkey=CDS],0.7176386539097623
lcl|CP017623.1_cds_AOW26925.1_1221 [gene=MSH6] [locus_tag=CAALFM_C113170CA] [db_xref=CGD:CAL0000192796] [protein=mismatch repair ATPase] [protein_id=AOW26925.1] [location=complement(2875520..2879164)] [gbkey=CDS],0.7196219049588496
lcl|CP017623.1_cds_AOW26926.1_1222 [locus_tag=CAALFM_C113180WA] [db_xref=CGD:CAL0000184814] [protein=hypothetical protein] [protein_id=AOW26926.1] [location=2879441..2880202] [gbkey=CDS],0.6526874095250844
lcl|CP017623.1_cds_AOW26927.1_1223 [locus_tag=CAALFM_C113190WA] [db_xref=CGD:CAL0000182808] [protein=hypothetical protein] [protein_id=AOW26927.1] [location=2880525..2881034] [gbkey=CDS],0.8198987173745372
lcl|CP017623.1_cds_AOW26928.1_1224 [gene=REX3] [locus_tag=CAALFM_C113200CA] [db_xref=CGD:CAL0000199313] [protein=RNA exonuclease] [protein_id=AOW26928.1] [location=complement(2881257..2882471)] [gbkey=CDS],0.7630252199980442
lcl|CP017623.1_cds_AOW26929.1_1225 [gene=AKR1] [locus_tag=CAALFM_C113220CA] [db_xref=CGD:CAL0000187472] [protein=palmitoyltransferase] [protein_id=AOW26929.1] [location=complement(2883615..2886056)] [gbkey=CDS],0.8048760318333128
lcl|CP017623.1_cds_AOW26930.1_1226 [locus_tag=CAALFM_C113240WA] [db_xref=CGD:CAL0000180932] [protein=hypothetical protein] [protein_id=AOW26930.1] [location=2887954..2889222] [gbkey=CDS],0.8160369920228254
lcl|CP017623.1_cds_AOW26931.1_1227 [locus_tag=CAALFM_C113250WA] [db_xref=CGD:CAL0000190575] [protein=hypothetical protein] [protein_id=AOW26931.1] [location=2891491..2892429] [gbkey=CDS],0.8262646040752964
"lcl|CP017623.1_cds_AOW26932.1_1228 [locus_tag=CAALFM_C113260WA] [db_xref=CGD:CAL0000180019] [protein=peptidylprolyl isomerase family protein] [protein_id=AOW26932.1] [location=join(2893242..2893335,2893443..2893804)] [gbkey=CDS]",0.8491981986602526
lcl|CP017623.1_cds_AOW26933.1_1229 [locus_tag=CAALFM_C113270WA] [db_xref=CGD:CAL0000189089] [protein=nicotinamide-nucleotide adenylyltransferase] [protein_id=AOW26933.1] [location=2894167..2895063] [gbkey=CDS],0.7959471772868142
lcl|CP017623.1_cds_AOW26934.1_1230 [locus_tag=CAALFM_C113280CA] [db_xref=CGD:CAL0000187987] [protein=H(+)-transporting V0 sector ATPase subunit c''] [protein_id=AOW26934.1] [location=complement(2895365..2895955)] [gbkey=CDS],0.7966146946911554
"lcl|CP017623.1_cds_AOW26935.1_1231 [locus_tag=CAALFM_C113290WA] [db_xref=CGD:CAL0000180245] [protein=hypothetical protein] [protein_id=AOW26935.1] [location=join(2896606..2896678,2896739..2898192)] [gbkey=CDS]",0.8514468843917168
lcl|CP017623.1_cds_AOW26936.1_1232 [gene=RPN1] [locus_tag=CAALFM_C113300CA] [db_xref=CGD:CAL0000177742] [protein=proteasome regulatory particle base subunit] [protein_id=AOW26936.1] [location=complement(2898258..2901239)] [gbkey=CDS],0.8232434944139314
lcl|CP017623.1_cds_AOW26937.1_1233 [gene=ECM25] [locus_tag=CAALFM_C113310WA] [db_xref=CGD:CAL0000192000] [protein=Ecm25p] [protein_id=AOW26937.1] [location=2902523..2904391] [gbkey=CDS],0.794568822965833
lcl|CP017623.1_cds_AOW26938.1_1234 [locus_tag=CAALFM_C113320CA] [db_xref=CGD:CAL0000189598] [protein=hypothetical protein] [protein_id=AOW26938.1] [location=complement(2904794..2906515)] [gbkey=CDS],0.8405218085565425
lcl|CP017623.1_cds_AOW26939.1_1235 [locus_tag=CAALFM_C113330CA] [db_xref=CGD:CAL0000192204] [protein=spermine synthase] [protein_id=AOW26939.1] [location=complement(2907207..2908241)] [gbkey=CDS],0.7962493707270332
lcl|CP017623.1_cds_AOW26940.1_1236 [gene=STP2] [locus_tag=CAALFM_C113350WA] [db_xref=CGD:CAL0000195044] [protein=Stp2p] [protein_id=AOW26940.1] [location=2911530..2913284] [gbkey=CDS],0.7874758138465832
lcl|CP017623.1_cds_AOW26941.1_1237 [gene=RMP1] [locus_tag=CAALFM_C113360CA] [db_xref=CGD:CAL0000183920] [protein=Rmp1p] [protein_id=AOW26941.1] [location=complement(2913583..2914710)] [gbkey=CDS],0.7856197680634616
lcl|CP017623.1_cds_AOW26943.1_1239 [locus_tag=CAALFM_C113380WA] [db_xref=CGD:CAL0000192262] [protein=hypothetical protein] [protein_id=AOW26943.1] [location=2916409..2917254] [gbkey=CDS],0.8066102691354573
lcl|CP017623.1_cds_AOW26944.1_1240 [locus_tag=CAALFM_C113390WA] [db_xref=CGD:CAL0000187419] [protein=hypothetical protein] [protein_id=AOW26944.1] [location=2917513..2919603] [gbkey=CDS],0.7920694145970332
lcl|CP017623.1_cds_AOW26945.1_1241 [gene=AGC1] [locus_tag=CAALFM_C113400CA] [db_xref=CGD:CAL0000181319] [protein=amino acid transporter] [protein_id=AOW26945.1] [location=complement(2919985..2922180)] [gbkey=CDS],0.8534467918539803
"lcl|CP017623.1_cds_AOW26946.1_1242 [gene=COX19] [locus_tag=CAALFM_C113410WA] [db_xref=CGD:CAL0000176572] [protein=Cox19p] [protein_id=AOW26946.1] [location=join(2925344..2925362,2925433..2925812)] [gbkey=CDS]",0.8216639219523458
"lcl|CP017623.1_cds_AOW26947.1_1243 [gene=KEM1] [locus_tag=CAALFM_C113420CA] [db_xref=CGD:CAL0000192354] [protein=chromatin-binding exonuclease] [protein_id=AOW26947.1] [location=complement(join(2925999..2930509,2930582..2930585))] [gbkey=CDS]",0.8241199448940698
lcl|CP017623.1_cds_AOW26948.1_1244 [locus_tag=CAALFM_C113430CA] [db_xref=CGD:CAL0000197000] [protein=hypothetical protein] [protein_id=AOW26948.1] [location=complement(2931984..2933711)] [gbkey=CDS],0.7359943697538718
lcl|CP017623.1_cds_AOW26949.1_1245 [gene=OFI1] [locus_tag=CAALFM_C113440CA] [db_xref=CGD:CAL0000190493] [protein=Ofi1p] [protein_id=AOW26949.1] [location=complement(2935419..2937365)] [gbkey=CDS],0.6997174553534238
lcl|CP017623.1_cds_AOW26950.1_1246 [gene=HYR1] [locus_tag=CAALFM_C113450WA] [db_xref=CGD:CAL0000199501] [protein=Hyr1p] [protein_id=AOW26950.1] [location=2944587..2947346] [gbkey=CDS],0.7933940628470325
lcl|CP017623.1_cds_AOW26951.1_1247 [gene=KNS1] [locus_tag=CAALFM_C113470WA] [db_xref=CGD:CAL0000194707] [protein=serine/threonine protein kinase] [protein_id=AOW26951.1] [location=2952022..2954022] [gbkey=CDS],0.8110702579309849
lcl|CP017623.1_cds_AOW26952.1_1248 [gene=HSP70] [locus_tag=CAALFM_C113480WA] [db_xref=CGD:CAL0000184706] [protein=Hsp70 family chaperone] [protein_id=AOW26952.1] [location=2955558..2957528] [gbkey=CDS],0.8406779532408721
lcl|CP017623.1_cds_AOW26953.1_1249 [locus_tag=CAALFM_C113490CA] [db_xref=CGD:CAL0000200303] [protein=hypothetical protein] [protein_id=AOW26953.1] [location=complement(2957814..2959928)] [gbkey=CDS],0.7775893702889346
lcl|CP017623.1_cds_AOW26954.1_1250 [gene=TGL99] [locus_tag=CAALFM_C113510CA] [db_xref=CGD:CAL0000198798] [protein=Tgl99p] [protein_id=AOW26954.1] [location=complement(2960894..2962522)] [gbkey=CDS],0.8040371808532373
lcl|CP017623.1_cds_AOW26955.1_1251 [gene=MCU1] [locus_tag=CAALFM_C113520CA] [db_xref=CGD:CAL0000187661] [protein=Mcu1p] [protein_id=AOW26955.1] [location=complement(2963189..2964004)] [gbkey=CDS],0.836352701652748
lcl|CP017623.1_cds_AOW26956.1_1252 [gene=GUP1] [locus_tag=CAALFM_C113540WA] [db_xref=CGD:CAL0000180356] [protein=O-acyltransferase] [protein_id=AOW26956.1] [location=2966485..2968239] [gbkey=CDS],0.8203977357228484
lcl|CP017623.1_cds_AOW26957.1_1253 [gene=NUP49] [locus_tag=CAALFM_C113550CA] [db_xref=CGD:CAL0000193504] [protein=FG-nucleoporin] [protein_id=AOW26957.1] [location=complement(2968355..2969704)] [gbkey=CDS],0.7787860935995414
lcl|CP017623.1_cds_AOW26958.1_1254 [locus_tag=CAALFM_C113560WA] [db_xref=CGD:CAL0000187046] [protein=ssDNA endodeoxyribonuclease] [protein_id=AOW26958.1] [location=2969916..2971433] [gbkey=CDS],0.7572856177425621
lcl|CP017623.1_cds_AOW26959.1_1255 [gene=MPT5] [locus_tag=CAALFM_C113570WA] [db_xref=CGD:CAL0000185028] [protein=Mpt5p] [protein_id=AOW26959.1] [location=2976150..2978966] [gbkey=CDS],0.7401924468334821
lcl|CP017623.1_cds_AOW26960.1_1256 [gene=SEC18] [locus_tag=CAALFM_C113580WA] [db_xref=CGD:CAL0000188106] [protein=AAA family ATPase] [protein_id=AOW26960.1] [location=2981409..2983799] [gbkey=CDS],0.8268505831675226
lcl|CP017623.1_cds_AOW26962.1_1258 [locus_tag=CAALFM_C113600WA] [db_xref=CGD:CAL0000186351] [protein=hypothetical protein] [protein_id=AOW26962.1] [location=2986247..2987143] [gbkey=CDS],0.7961014563340748
lcl|CP017623.1_cds_AOW26963.1_1259 [gene=KIS2] [locus_tag=CAALFM_C113610CA] [db_xref=CGD:CAL0000197988] [protein=Kis2p] [protein_id=AOW26963.1] [location=complement(2987589..2989826)] [gbkey=CDS],0.7705760016350931
"lcl|CP017623.1_cds_AOW26964.1_1260 [gene=ROB1] [locus_tag=CAALFM_C113620WA] [db_xref=CGD:CAL0000188719] [protein=Rob1p] [protein_id=AOW26964.1] [location=join(2993143..2993189,2993256..2996184)] [gbkey=CDS]",0.7729490599281116
lcl|CP017623.1_cds_AOW26965.1_1261 [gene=CYB2] [locus_tag=CAALFM_C113630WA] [db_xref=CGD:CAL0000184748] [protein=Cyb2p] [protein_id=AOW26965.1] [location=2997002..2998684] [gbkey=CDS],0.8455727065403214
lcl|CP017623.1_cds_AOW26966.1_1262 [gene=CUP2] [locus_tag=CAALFM_C113640WA] [db_xref=CGD:CAL0000185450] [protein=Cup2p] [protein_id=AOW26966.1] [location=2999684..3001459] [gbkey=CDS],0.7537077038074707
lcl|CP017623.1_cds_AOW26967.1_1263 [locus_tag=CAALFM_C113650CA] [db_xref=CGD:CAL0000195642] [protein=hypothetical protein] [protein_id=AOW26967.1] [location=complement(3001541..3002887)] [gbkey=CDS],0.8249080083493857
lcl|CP017623.1_cds_AOW26968.1_1264 [gene=RAD54] [locus_tag=CAALFM_C113660WA] [db_xref=CGD:CAL0000186557] [protein=DNA-dependent ATPase] [protein_id=AOW26968.1] [location=3003281..3005827] [gbkey=CDS],0.8119845418606793
lcl|CP017623.1_cds_AOW26969.1_1265 [gene=OSM2] [locus_tag=CAALFM_C113670WA] [db_xref=CGD:CAL0000192083] [protein=fumarate reductase] [protein_id=AOW26969.1] [location=3006268..3008214] [gbkey=CDS],0.8218693536592553
lcl|CP017623.1_cds_AOW26970.1_1266 [gene=GCV3] [locus_tag=CAALFM_C113680CA] [db_xref=CGD:CAL0000189722] [protein=glycine decarboxylase subunit H] [protein_id=AOW26970.1] [location=complement(3008286..3008819)] [gbkey=CDS],0.8150900197169951
"lcl|CP017623.1_cds_AOW26971.1_1267 [locus_tag=CAALFM_C113690CA] [db_xref=CGD:CAL0000176237] [protein=SNAP receptor] [protein_id=AOW26971.1] [location=complement(join(3009398..3009646,3009719..3009805))] [gbkey=CDS]",0.7639425344962787
"lcl|CP017623.1_cds_AOW26972.1_1268 [gene=ACT1] [locus_tag=CAALFM_C113700WA] [db_xref=CGD:CAL0000191211] [protein=actin] [protein_id=AOW26972.1] [location=join(3011259..3011268,3011927..3013047)] [gbkey=CDS]",0.798792787933459
lcl|CP017623.1_cds_AOW26973.1_1269 [gene=DAD1] [locus_tag=CAALFM_C113710CA] [db_xref=CGD:CAL0000195552] [protein=Dad1p] [protein_id=AOW26973.1] [location=complement(3013321..3013620)] [gbkey=CDS],0.7954058772583171
lcl|CP017623.1_cds_AOW26974.1_1270 [locus_tag=CAALFM_C113720WA] [db_xref=CGD:CAL0000187064] [protein=hypothetical protein] [protein_id=AOW26974.1] [location=3013880..3015796] [gbkey=CDS],0.8254516657302734
lcl|CP017623.1_cds_AOW26975.1_1271 [gene=DIM1] [locus_tag=CAALFM_C113730CA] [db_xref=CGD:CAL0000196194] [protein=putative dimethyladenosine transferase] [protein_id=AOW26975.1] [location=complement(3015898..3016878)] [gbkey=CDS],0.7936075704477722
lcl|CP017623.1_cds_AOW26976.1_1272 [gene=KAR9] [locus_tag=CAALFM_C113740WA] [db_xref=CGD:CAL0000186111] [protein=Kar9p] [protein_id=AOW26976.1] [location=3017711..3019987] [gbkey=CDS],0.778615147247436
lcl|CP017623.1_cds_AOW26977.1_1273 [locus_tag=CAALFM_C113750CA] [db_xref=CGD:CAL0000179951] [protein=hypothetical protein] [protein_id=AOW26977.1] [location=complement(3020078..3020674)] [gbkey=CDS],0.7333211221381509
lcl|CP017623.1_cds_AOW26978.1_1274 [gene=AGM1] [locus_tag=CAALFM_C113760WA] [db_xref=CGD:CAL0000181233] [protein=phosphoacetylglucosamine mutase] [protein_id=AOW26978.1] [location=3020866..3022500] [gbkey=CDS],0.8313195466735258
lcl|CP017623.1_cds_AOW26979.1_1275 [locus_tag=CAALFM_C113770CA] [db_xref=CGD:CAL0000194570] [protein=hypothetical protein] [protein_id=AOW26979.1] [location=complement(3022624..3023331)] [gbkey=CDS],0.7850003085283498
lcl|CP017623.1_cds_AOW26980.1_1276 [gene=MYO2] [locus_tag=CAALFM_C113780WA] [db_xref=CGD:CAL0000190717] [protein=myosin 2] [protein_id=AOW26980.1] [location=3025935..3030620] [gbkey=CDS],0.7409430090841819
lcl|CP017623.1_cds_AOW26981.1_1277 [locus_tag=CAALFM_C113790CA] [db_xref=CGD:CAL0000188080] [protein=hypothetical protein] [protein_id=AOW26981.1] [location=complement(3030836..3031201)] [gbkey=CDS],0.7794041492761203
lcl|CP017623.1_cds_AOW26982.1_1278 [gene=DUR32] [locus_tag=CAALFM_C113800CA] [db_xref=CGD:CAL0000198226] [protein=Dur32p] [protein_id=AOW26982.1] [location=complement(3031379..3033394)] [gbkey=CDS],0.7230861841038848
lcl|CP017623.1_cds_AOW26983.1_1279 [locus_tag=CAALFM_C113810WA] [db_xref=CGD:CAL0000174249] [protein=hypothetical protein] [protein_id=AOW26983.1] [location=3035056..3037140] [gbkey=CDS],0.6510949005728314
lcl|CP017623.1_cds_AOW26984.1_1280 [locus_tag=CAALFM_C113820CA] [db_xref=CGD:CAL0000193700] [protein=hypothetical protein] [protein_id=AOW26984.1] [location=complement(3037435..3038457)] [gbkey=CDS],0.6450851376700669
lcl|CP017623.1_cds_AOW26985.1_1281 [gene=PDX1] [locus_tag=CAALFM_C113830CA] [db_xref=CGD:CAL0000179519] [protein=Pdx1p] [protein_id=AOW26985.1] [location=complement(3038900..3040153)] [gbkey=CDS],0.7231719349187803
lcl|CP017623.1_cds_AOW26986.1_1282 [locus_tag=CAALFM_C113840WA] [db_xref=CGD:CAL0000199301] [protein=divalent metal ion transporter] [protein_id=AOW26986.1] [location=3041388..3043343] [gbkey=CDS],0.7032492819296945
lcl|CP017623.1_cds_AOW26987.1_1283 [gene=DAL7] [locus_tag=CAALFM_C113850CA] [db_xref=CGD:CAL0000193894] [protein=Dal7p] [protein_id=AOW26987.1] [location=complement(3043435..3044964)] [gbkey=CDS],0.7597206013514389
"lcl|CP017623.1_cds_AOW26988.1_1284 [gene=GND1] [locus_tag=CAALFM_C113860CA] [db_xref=CGD:CAL0000188008] [protein=phosphogluconate dehydrogenase (decarboxylating)] [protein_id=AOW26988.1] [location=complement(join(3045790..3047260,3047961..3047977))] [gbkey=CDS]",0.7736580641303262
lcl|CP017623.1_cds_AOW26989.1_1285 [gene=MET3] [locus_tag=CAALFM_C113870WA] [db_xref=CGD:CAL0000178072] [protein=sulfate adenylyltransferase] [protein_id=AOW26989.1] [location=3051419..3053002] [gbkey=CDS],0.8330159166620963
lcl|CP017623.1_cds_AOW26990.1_1286 [locus_tag=CAALFM_C113880CA] [db_xref=CGD:CAL0000200778] [protein=hypothetical protein] [protein_id=AOW26990.1] [location=complement(3053314..3056847)] [gbkey=CDS],0.7077841542348259
lcl|CP017623.1_cds_AOW26991.1_1287 [gene=LCB2] [locus_tag=CAALFM_C113900CA] [db_xref=CGD:CAL0000186740] [protein=serine C-palmitoyltransferase] [protein_id=AOW26991.1] [location=complement(3061337..3063046)] [gbkey=CDS],0.7652110621809929
lcl|CP017623.1_cds_AOW26992.1_1288 [gene=MODF] [locus_tag=CAALFM_C113910CA] [db_xref=CGD:CAL0000176838] [protein=Modfp] [protein_id=AOW26992.1] [location=complement(3063729..3065366)] [gbkey=CDS],0.7288625952690521
lcl|CP017623.1_cds_AOW26993.1_1289 [gene=DOS2] [locus_tag=CAALFM_C113920WA] [db_xref=CGD:CAL0000188424] [protein=Dos2p] [protein_id=AOW26993.1] [location=3065854..3066933] [gbkey=CDS],0.7029612929586035
lcl|CP017623.1_cds_AOW26994.1_1290 [gene=SSK1] [locus_tag=CAALFM_C113930WA] [db_xref=CGD:CAL0000190567] [protein=mitogen-activated protein kinase kinase kinase] [protein_id=AOW26994.1] [location=3067395..3069419] [gbkey=CDS],0.6604323459220851
lcl|CP017623.1_cds_AOW26995.1_1291 [gene=SIM1] [locus_tag=CAALFM_C113940WA] [db_xref=CGD:CAL0000182747] [protein=SUN family protein] [protein_id=AOW26995.1] [location=3074020..3075138] [gbkey=CDS],0.7214057972676088
lcl|CP017623.1_cds_AOW26996.1_1292 [locus_tag=CAALFM_C113950CA] [db_xref=CGD:CAL0000188918] [protein=hypothetical protein] [protein_id=AOW26996.1] [location=complement(3075627..3076121)] [gbkey=CDS],0.6802982890072876
lcl|CP017623.1_cds_AOW26997.1_1293 [gene=YBP1] [locus_tag=CAALFM_C113960WA] [db_xref=CGD:CAL0000191408] [protein=Ybp1p] [protein_id=AOW26997.1] [location=3076534..3078465] [gbkey=CDS],0.7131396427237167
lcl|CP017623.1_cds_AOW26998.1_1294 [gene=HPC2] [locus_tag=CAALFM_C113970CA] [db_xref=CGD:CAL0000198690] [protein=Hpc2p] [protein_id=AOW26998.1] [location=complement(3078503..3080161)] [gbkey=CDS],0.6610352938097322
lcl|CP017623.1_cds_AOW26999.1_1295 [gene=DUR7] [locus_tag=CAALFM_C113980CA] [db_xref=CGD:CAL0000184959] [protein=Dur7p] [protein_id=AOW26999.1] [location=complement(3080843..3082867)] [gbkey=CDS],0.698108974786012
lcl|CP017623.1_cds_AOW27000.1_1296 [gene=OCA6] [locus_tag=CAALFM_C113990WA] [db_xref=CGD:CAL0000201277] [protein=protein-tyrosine-phosphatase] [protein_id=AOW27000.1] [location=3083624..3084232] [gbkey=CDS],0.6279027386972386
lcl|CP017623.1_cds_AOW27001.1_1297 [gene=DOA4] [locus_tag=CAALFM_C114000CA] [db_xref=CGD:CAL0000183207] [protein=ubiquitin-specific protease] [protein_id=AOW27001.1] [location=complement(3084235..3086670)] [gbkey=CDS],0.6408993959427761
"lcl|CP017623.1_cds_AOW27002.1_1298 [gene=CSK1] [locus_tag=CAALFM_C114010WA] [db_xref=CGD:CAL0000201386] [protein=mitogen-activated protein kinase] [protein_id=AOW27002.1] [location=join(3087546..3087827,3087896..3088738)] [gbkey=CDS]",0.6192048263750416
lcl|CP017623.1_cds_AOW27003.1_1299 [locus_tag=CAALFM_C114020WA] [db_xref=CGD:CAL0000192042] [protein=hypothetical protein] [protein_id=AOW27003.1] [location=3089131..3089538] [gbkey=CDS],0.6483820702969141
lcl|CP017623.1_cds_AOW27004.1_1300 [locus_tag=CAALFM_C114030WA] [db_xref=CGD:CAL0000191113] [protein=hypothetical protein] [protein_id=AOW27004.1] [location=3089848..3090855] [gbkey=CDS],0.6502314058867236
lcl|CP017623.1_cds_AOW27005.1_1301 [locus_tag=CAALFM_C114040WA] [db_xref=CGD:CAL0000195418] [protein=hypothetical protein] [protein_id=AOW27005.1] [location=3091015..3093318] [gbkey=CDS],0.6406713050660627
lcl|CP017623.1_cds_AOW27006.1_1302 [locus_tag=CAALFM_C114050CA] [db_xref=CGD:CAL0000197857] [protein=ATP-dependent 3'-5' DNA helicase] [protein_id=AOW27006.1] [location=complement(3093320..3096691)] [gbkey=CDS],0.6542198541171412
lcl|CP017623.1_cds_AOW27007.1_1303 [locus_tag=CAALFM_C114060WA] [db_xref=CGD:CAL0000194637] [protein=17-beta-hydroxysteroid dehydrogenase-like protein] [protein_id=AOW27007.1] [location=3097094..3098602] [gbkey=CDS],0.7136141232323537
lcl|CP017623.1_cds_AOW27008.1_1304 [locus_tag=CAALFM_C114080WA] [db_xref=CGD:CAL0000180258] [protein=snoRNA-binding rRNA-processing protein] [protein_id=AOW27008.1] [location=3099207..3104663] [gbkey=CDS],0.7130398834378098
"lcl|CP017623.1_cds_AOW27009.1_1305 [locus_tag=CAALFM_C114090WA] [db_xref=CGD:CAL0000182181] [protein=hypothetical protein] [protein_id=AOW27009.1] [location=join(3104890..3104892,3104954..3105271)] [gbkey=CDS]",0.7500354073429334
lcl|CP017623.1_cds_AOW27010.1_1306 [gene=YPT52] [locus_tag=CAALFM_C114100WA] [db_xref=CGD:CAL0000201225] [protein=Rab family GTPase] [protein_id=AOW27010.1] [location=3105687..3106352] [gbkey=CDS],0.7119835238771031
lcl|CP017623.1_cds_AOW27011.1_1307 [gene=RPL4B] [locus_tag=CAALFM_C114110CA] [db_xref=CGD:CAL0000176632] [protein=ribosomal 60S subunit protein L4B] [protein_id=AOW27011.1] [location=complement(3106574..3107665)] [gbkey=CDS],0.7356708637881569
lcl|CP017623.1_cds_AOW27012.1_1308 [gene=RBE1] [locus_tag=CAALFM_C114120CA] [db_xref=CGD:CAL0000190649] [protein=sterol-binding protein] [protein_id=AOW27012.1] [location=complement(3108041..3108856)] [gbkey=CDS],0.7333512531342795
lcl|CP017623.1_cds_AOW27013.1_1309 [gene=FTR1] [locus_tag=CAALFM_C114130WA] [db_xref=CGD:CAL0000185056] [protein=high-affinity iron permease] [protein_id=AOW27013.1] [location=3113601..3114746] [gbkey=CDS],0.7135799935011025
lcl|CP017623.1_cds_AOW27014.1_1310 [gene=SET3] [locus_tag=CAALFM_C114140CA] [db_xref=CGD:CAL0000175019] [protein=histone-binding protein] [protein_id=AOW27014.1] [location=complement(3115346..3118555)] [gbkey=CDS],0.6667405446825573
lcl|CP017623.1_cds_AOW27015.1_1311 [gene=PAM16] [locus_tag=CAALFM_C114150CA] [db_xref=CGD:CAL0000176330] [protein=import motor complex subunit] [protein_id=AOW27015.1] [location=complement(3119756..3120121)] [gbkey=CDS],0.6477484680151369
lcl|CP017623.1_cds_AOW27016.1_1312 [locus_tag=CAALFM_C114160WA] [db_xref=CGD:CAL0000185918] [protein=protein-lysine N-methyltransferase] [protein_id=AOW27016.1] [location=3120934..3122688] [gbkey=CDS],0.6887699173783125
lcl|CP017623.1_cds_AOW27017.1_1313 [locus_tag=CAALFM_C114170WA] [db_xref=CGD:CAL0000190845] [protein=E3 ubiquitin-protein ligase] [protein_id=AOW27017.1] [location=3123050..3124726] [gbkey=CDS],0.6542685665335566
lcl|CP017623.1_cds_AOW27018.1_1314 [locus_tag=CAALFM_C114180WA] [db_xref=CGD:CAL0000184602] [protein=hypothetical protein] [protein_id=AOW27018.1] [location=3125262..3126833] [gbkey=CDS],0.6476383378065902
lcl|CP017623.1_cds_AOW27019.1_1315 [locus_tag=CAALFM_C114190CA] [db_xref=CGD:CAL0000189568] [protein=type 1 protein phosphatase-activating protein] [protein_id=AOW27019.1] [location=complement(3126893..3127267)] [gbkey=CDS],0.6501018894937048
lcl|CP017623.1_cds_AOW27020.1_1316 [locus_tag=CAALFM_C114200WA] [db_xref=CGD:CAL0000180152] [protein=hypothetical protein] [protein_id=AOW27020.1] [location=3127604..3128596] [gbkey=CDS],0.6468850562379113
lcl|CP017623.1_cds_AOW27021.1_1317 [gene=IML2] [locus_tag=CAALFM_C114210CA] [db_xref=CGD:CAL0000188632] [protein=Iml2p] [protein_id=AOW27021.1] [location=complement(3128660..3131260)] [gbkey=CDS],0.6812701333742782
lcl|CP017623.1_cds_AOW27022.1_1318 [gene=FTR2] [locus_tag=CAALFM_C114220CA] [db_xref=CGD:CAL0000186863] [protein=Ftr2p] [protein_id=AOW27022.1] [location=complement(3132914..3134062)] [gbkey=CDS],0.6829088615674257
lcl|CP017623.1_cds_AOW27023.1_1319 [gene=IRR1] [locus_tag=CAALFM_C114230CA] [db_xref=CGD:CAL0000190837] [protein=Irr1p] [protein_id=AOW27023.1] [location=complement(3135405..3138674)] [gbkey=CDS],0.6445412664586017
lcl|CP017623.1_cds_AOW27024.1_1320 [locus_tag=CAALFM_C114240WA] [db_xref=CGD:CAL0000189929] [protein=hypothetical protein] [protein_id=AOW27024.1] [location=3139007..3140692] [gbkey=CDS],0.6616424558862591
lcl|CP017623.1_cds_AOW27025.1_1321 [locus_tag=CAALFM_C114250CA] [db_xref=CGD:CAL0000196890] [protein=hypothetical protein] [protein_id=AOW27025.1] [location=complement(3140868..3143546)] [gbkey=CDS],0.6130938554286789
lcl|CP017623.1_cds_AOW27026.1_1322 [gene=TIF35] [locus_tag=CAALFM_C114260CA] [db_xref=CGD:CAL0000193017] [protein=translation initiation factor eIF3 subunit g] [protein_id=AOW27026.1] [location=complement(3144084..3144923)] [gbkey=CDS],0.6913158158316792
lcl|CP017623.1_cds_AOW27027.1_1323 [locus_tag=CAALFM_C114270WA] [db_xref=CGD:CAL0000192193] [protein=arylformamidase] [protein_id=AOW27027.1] [location=3145303..3146106] [gbkey=CDS],0.6196731416556572
lcl|CP017623.1_cds_AOW27028.1_1324 [gene=NPL3] [locus_tag=CAALFM_C114280CA] [db_xref=CGD:CAL0000201005] [protein=mRNA-binding protein] [protein_id=AOW27028.1] [location=complement(3146581..3147441)] [gbkey=CDS],0.7484516124098446
"lcl|CP017623.1_cds_AOW27029.1_1325 [gene=MDG1] [locus_tag=CAALFM_C114290CA] [db_xref=CGD:CAL0000181056] [protein=Mdg1p] [protein_id=AOW27029.1] [location=complement(join(3147891..3149847,3150096..3150121))] [gbkey=CDS]",0.7170410297281637
lcl|CP017623.1_cds_AOW27030.1_1326 [gene=NCR1] [locus_tag=CAALFM_C114300CA] [db_xref=CGD:CAL0000182780] [protein=sphingolipid transporter] [protein_id=AOW27030.1] [location=complement(3150921..3154691)] [gbkey=CDS],0.6345435720989316
lcl|CP017623.1_cds_AOW27031.1_1327 [locus_tag=CAALFM_C114310WA] [db_xref=CGD:CAL0000182387] [protein=deoxycytidine monophosphate deaminase] [protein_id=AOW27031.1] [location=3155030..3156043] [gbkey=CDS],0.6482733309174564
lcl|CP017623.1_cds_AOW27032.1_1328 [locus_tag=CAALFM_C114320CA] [db_xref=CGD:CAL0000196326] [protein=hypothetical protein] [protein_id=AOW27032.1] [location=complement(3156047..3156742)] [gbkey=CDS],0.6576011017183507
lcl|CP017623.1_cds_AOW27033.1_1329 [locus_tag=CAALFM_C114330WA] [db_xref=CGD:CAL0000182034] [protein=tRNA-5-taurinomethyluridine 2-sulfurtransferase] [protein_id=AOW27033.1] [location=3157023..3158294] [gbkey=CDS],0.606460719462418
lcl|CP017623.1_cds_AOW27034.1_1330 [gene=RIM101] [locus_tag=CAALFM_C114340CA] [db_xref=CGD:CAL0000174156] [protein=alkaline-responsive transcriptional regulator] [protein_id=AOW27034.1] [location=complement(3158465..3160450)] [gbkey=CDS],0.6576464450566148
lcl|CP017623.1_cds_AOW27035.1_1331 [locus_tag=CAALFM_C114350WA] [db_xref=CGD:CAL0000174216] [protein=hypothetical protein] [protein_id=AOW27035.1] [location=3162078..3162521] [gbkey=CDS],0.6319763987475588
lcl|CP017623.1_cds_AOW27036.1_1332 [gene=WSC4] [locus_tag=CAALFM_C114360CA] [db_xref=CGD:CAL0000175455] [protein=Wsc4p] [protein_id=AOW27036.1] [location=complement(3162712..3164187)] [gbkey=CDS],0.5932640285731565
lcl|CP017623.1_cds_AOW27037.1_1333 [locus_tag=CAALFM_C114380CA] [db_xref=CGD:CAL0000200173] [protein=hypothetical protein] [protein_id=AOW27037.1] [location=complement(3165464..3167263)] [gbkey=CDS],0.5434687937808514
lcl|CP017623.1_cds_AOW27038.1_1334 [gene=RPC10] [locus_tag=CAALFM_C114390WA] [db_xref=CGD:CAL0000192095] [protein=DNA-directed RNA polymerase core subunit] [protein_id=AOW27038.1] [location=3167371..3167592] [gbkey=CDS],0.6264956500302938
lcl|CP017623.1_cds_AOW27039.1_1335 [gene=MLH3] [locus_tag=CAALFM_C114400CA] [db_xref=CGD:CAL0000176790] [protein=mismatch repair protein] [protein_id=AOW27039.1] [location=complement(3167604..3169514)] [gbkey=CDS],0.5144392423916114
lcl|CP017623.1_cds_AOW27040.1_1336 [locus_tag=CAALFM_C114410WA] [db_xref=CGD:CAL0000192540] [protein=RNA-binding protein] [protein_id=AOW27040.1] [location=3169513..3169746] [gbkey=CDS],0.6101354773387857
lcl|CP017623.1_cds_AOW27041.1_1337 [gene=DDI1] [locus_tag=CAALFM_C114420WA] [db_xref=CGD:CAL0000199868] [protein=Ddi1p] [protein_id=AOW27041.1] [location=3169830..3170801] [gbkey=CDS],0.5453558130989614
lcl|CP017623.1_cds_AOW27042.1_1338 [locus_tag=CAALFM_C114430CA] [db_xref=CGD:CAL0000175442] [protein=hypothetical protein] [protein_id=AOW27042.1] [location=complement(3170798..3171577)] [gbkey=CDS],0.47156291192830724
lcl|CP017623.1_cds_AOW27043.1_1339 [gene=GDI1] [locus_tag=CAALFM_C114440CA] [db_xref=CGD:CAL0000192989] [protein=Gdi1p] [protein_id=AOW27043.1] [location=complement(3171639..3172988)] [gbkey=CDS],0.5182815905902243
lcl|CP017623.1_cds_AOW27044.1_1340 [locus_tag=CAALFM_C114450CA] [db_xref=CGD:CAL0000180447] [protein=putative Xaa-Pro dipeptidase] [protein_id=AOW27044.1] [location=complement(3173044..3174396)] [gbkey=CDS],0.4835932497237598
lcl|CP017623.1_cds_AOW27045.1_1341 [locus_tag=CAALFM_C114460WA] [db_xref=CGD:CAL0000177137] [protein=proteasome regulatory particle lid subunit] [protein_id=AOW27045.1] [location=3174488..3175426] [gbkey=CDS],0.5124383824024273
lcl|CP017623.1_cds_AOW27046.1_1342 [locus_tag=CAALFM_C114470WA] [db_xref=CGD:CAL0000187595] [protein=mRNA splicing protein] [protein_id=AOW27046.1] [location=3175481..3176209] [gbkey=CDS],0.43852047910073416
lcl|CP017623.1_cds_AOW27047.1_1343 [locus_tag=CAALFM_C114480WA] [db_xref=CGD:CAL0000177274] [protein=hypothetical protein] [protein_id=AOW27047.1] [location=3176297..3176611] [gbkey=CDS],0.46558981549855993
lcl|CP017623.1_cds_AOW27048.1_1344 [gene=SAM35] [locus_tag=CAALFM_C114490CA] [db_xref=CGD:CAL0000184640] [protein=SAM complex subunit] [protein_id=AOW27048.1] [location=complement(3176578..3177333)] [gbkey=CDS],0.48561852790807175
lcl|CP017623.1_cds_AOW27049.1_1345 [locus_tag=CAALFM_C114500CA] [db_xref=CGD:CAL0000201548] [protein=polyamine acetyltransferase] [protein_id=AOW27049.1] [location=complement(3177391..3178053)] [gbkey=CDS],0.5222643048181878
lcl|CP017623.1_cds_AOW27050.1_1346 [locus_tag=CAALFM_C114520WA] [db_xref=CGD:CAL0000201747] [protein=hypothetical protein] [protein_id=AOW27050.1] [location=3179521..3180675] [gbkey=CDS],0.4769819898776205
lcl|CP017623.1_cds_AOW27051.1_1347 [locus_tag=CAALFM_C114530WA] [db_xref=CGD:CAL0000180728] [protein=hypothetical protein] [protein_id=AOW27051.1] [location=3181102..3181422] [gbkey=CDS],0.678490020379892
lcl|CP017623.1_cds_AOW27052.1_1348 [locus_tag=CAALFM_C114550CA] [db_xref=CGD:CAL0000176064] [protein=hypothetical protein] [protein_id=AOW27052.1] [location=complement(3182585..3182917)] [gbkey=CDS],0.6658560105684747
lcl|CP017623.1_cds_AOW27053.1_1349 [locus_tag=CAALFM_C114560CA] [db_xref=CGD:CAL0000176110] [protein=hypothetical protein] [protein_id=AOW27053.1] [location=complement(3183132..3184109)] [gbkey=CDS],0.6242632818953251
lcl|CP017623.1_cds_AOW27054.1_1350 [gene=FGR24] [locus_tag=CAALFM_C114570CA] [db_xref=CGD:CAL0000184849] [protein=Fgr24p] [protein_id=AOW27054.1] [location=complement(3184381..3185097)] [gbkey=CDS],0.6431634829606304
lcl|CP017623.1_cds_AOW27055.1_1351 [locus_tag=CAALFM_C114580CA] [db_xref=CGD:CAL0000184377] [protein=hypothetical protein] [protein_id=AOW27055.1] [location=complement(3185175..3185702)] [gbkey=CDS],0.6690396997570129
lcl|CP017623.1_cds_AOW27056.1_1352 [gene=TLO4] [locus_tag=CAALFM_C114590CA] [db_xref=CGD:CAL0000176752] [protein=Tlo4p] [protein_id=AOW27056.1] [location=complement(3186463..3186663)] [gbkey=CDS],0.45025461628781377
