seq_id,AAA,AAC,AAG,AAT,ACA,ACC,ACG,ACT,AGA,AGC,AGG,AGT,ATA,ATC,ATG,ATT,CAA,CAC,CAG,CAT,CCA,CCC,CCG,CCT,CGA,CGC,CGG,CGT,CTA,CTC,CTG,CTT,GAA,GAC,GAG,GAT,GCA,GCC,GCG,GCT,GGA,GGC,GGG,GGT,GTA,GTC,GTG,GTT,TAA,TAC,TAG,TAT,TCA,TCC,TCG,TCT,TGA,TGC,TGG,TGT,TTA,TTC,TTG,TTT
lcl|CP017623.1_cds_AOW25705.1_1 [locus_tag=CAALFM_C100020CA] [db_xref=CGD:CAL0000184345] [protein=hypothetical protein] [protein_id=AOW25705.1] [location=complement(4409..4720)] [gbkey=CDS],5,7,8,3,2,2,2,0,0,3,4,5,1,1,4,1,0,2,0,0,0,0,0,0,0,0,0,1,0,0,3,0,2,4,4,1,5,0,2,0,4,2,5,0,1,2,1,1,0,2,0,0,0,0,0,0,0,1,7,0,1,0,3,0
lcl|CP017623.1_cds_AOW25706.1_2 [locus_tag=CAALFM_C100030CA] [db_xref=CGD:CAL0000177679] [protein=hypothetical protein] [protein_id=AOW25706.1] [location=complement(8597..8908)] [gbkey=CDS],1,1,2,2,1,2,0,3,2,0,4,3,2,1,0,1,1,1,1,2,2,1,1,2,0,1,1,1,2,0,0,0,4,1,7,6,0,2,2,0,1,1,2,3,0,2,5,4,0,2,0,3,0,0,3,1,0,0,1,0,1,1,7,2
lcl|CP017623.1_cds_AOW25707.1_3 [gene=CTA2] [locus_tag=CAALFM_C100040WA] [db_xref=CGD:CAL0000191731] [protein=Cta2p] [protein_id=AOW25707.1] [location=10718..11485] [gbkey=CDS],15,18,21,6,4,4,0,1,4,3,0,0,6,4,5,2,8,1,1,3,2,1,0,1,0,0,0,1,4,6,2,1,22,22,17,2,9,11,1,1,1,4,1,1,5,1,2,2,0,2,0,0,3,2,1,0,0,0,1,1,1,1,8,8
lcl|CP017623.1_cds_AOW25708.1_4 [gene=TUP1] [locus_tag=CAALFM_C100060WA] [db_xref=CGD:CAL0000186393] [protein=chromatin-silencing transcriptional regulator] [protein_id=AOW25708.1] [location=12163..13701] [gbkey=CDS],18,18,16,3,6,21,0,4,14,2,5,2,1,15,4,13,31,10,11,1,8,5,1,4,0,4,0,2,1,3,0,0,17,30,11,11,5,14,2,8,3,19,2,6,2,18,8,6,0,11,0,4,15,16,8,2,0,5,7,4,8,14,29,3
"lcl|CP017623.1_cds_AOW25709.1_5 [gene=MVD] [locus_tag=CAALFM_C100070WA] [db_xref=CGD:CAL0000181620] [protein=diphosphomevalonate decarboxylase] [protein_id=AOW25709.1] [location=join(13778..13816,13868..14917)] [gbkey=CDS]",14,8,12,3,4,11,2,10,3,2,1,1,1,10,7,7,11,5,3,2,7,8,1,4,2,0,0,5,0,7,0,1,13,17,6,5,12,12,3,10,3,4,3,7,1,13,3,5,0,8,0,2,9,11,9,6,0,1,5,2,10,7,16,6
lcl|CP017623.1_cds_AOW25710.1_6 [gene=RCA1] [locus_tag=CAALFM_C100080CA] [db_xref=CGD:CAL0000191329] [protein=Rca1p] [protein_id=AOW25710.1] [location=complement(14910..15761)] [gbkey=CDS],6,11,12,5,5,2,2,3,4,4,6,3,7,3,4,11,9,1,7,3,20,4,6,2,1,0,2,3,3,1,0,4,10,4,17,8,5,4,3,5,1,3,3,1,2,1,8,3,0,3,0,3,3,2,6,3,0,0,2,4,3,0,8,13
lcl|CP017623.1_cds_AOW25711.1_7 [locus_tag=CAALFM_C100090WA] [db_xref=CGD:CAL0000185968] [protein=hypothetical protein] [protein_id=AOW25711.1] [location=15595..16116] [gbkey=CDS],11,6,5,0,3,1,0,0,4,1,1,2,4,8,3,1,5,5,2,1,1,4,3,2,2,1,0,1,4,1,0,3,4,8,4,1,1,2,0,1,1,2,1,4,2,4,2,0,0,6,0,1,4,6,3,2,0,3,8,1,2,4,2,8
lcl|CP017623.1_cds_AOW25712.1_8 [locus_tag=CAALFM_C100100CA] [db_xref=CGD:CAL0000197186] [protein=cardiolipin synthase] [protein_id=AOW25712.1] [location=complement(16600..17328)] [gbkey=CDS],7,2,8,4,6,3,5,6,4,4,1,5,8,1,7,13,0,2,4,1,1,2,7,2,0,2,1,2,0,1,1,3,0,2,1,5,1,4,7,2,1,5,10,0,1,1,10,10,0,9,0,7,2,2,7,2,0,0,2,5,0,2,18,12
lcl|CP017623.1_cds_AOW25713.1_9 [gene=CCT8] [locus_tag=CAALFM_C100110WA] [db_xref=CGD:CAL0000175759] [protein=chaperonin-containing T-complex subunit] [protein_id=AOW25713.1] [location=17338..18960] [gbkey=CDS],21,21,17,5,7,15,0,8,17,1,0,5,9,30,12,6,10,5,11,2,12,3,1,4,0,0,0,3,3,10,0,3,27,16,9,18,10,20,1,16,7,16,4,13,5,14,17,15,0,4,0,1,6,10,6,6,0,2,1,1,12,11,25,5
lcl|CP017623.1_cds_AOW25714.1_10 [gene=TRP1] [locus_tag=CAALFM_C100120CA] [db_xref=CGD:CAL0000186853] [protein=phosphoribosylanthranilate isomerase] [protein_id=AOW25714.1] [location=complement(18948..19628)] [gbkey=CDS],4,3,11,6,4,3,4,0,1,1,4,3,5,2,1,10,4,2,6,1,3,1,3,5,0,1,0,3,5,2,2,4,9,5,9,7,3,1,4,5,3,2,9,7,3,0,6,10,0,1,0,1,2,0,2,1,0,0,2,3,6,0,9,11
lcl|CP017623.1_cds_AOW25715.1_11 [gene=VPS53] [locus_tag=CAALFM_C100130CA] [db_xref=CGD:CAL0000194290] [protein=Vps53p] [protein_id=AOW25715.1] [location=complement(19615..21714)] [gbkey=CDS],17,22,43,27,9,12,10,6,4,10,7,9,12,10,14,30,7,7,27,5,1,4,13,3,1,1,4,3,5,3,2,11,11,16,33,32,2,7,10,5,0,7,5,5,4,6,15,14,0,11,0,14,5,6,28,3,0,3,5,1,7,6,66,32
lcl|CP017623.1_cds_AOW25716.1_12 [gene=KEL1] [locus_tag=CAALFM_C100140WA] [db_xref=CGD:CAL0000190815] [protein=Kel1p] [protein_id=AOW25716.1] [location=22270..25326] [gbkey=CDS],45,44,25,31,16,20,3,12,16,10,4,13,7,16,11,25,44,16,10,9,34,11,9,10,3,3,1,6,3,8,4,10,60,39,15,37,24,14,1,20,13,14,2,19,4,26,16,20,0,21,0,12,24,10,15,19,0,2,9,1,19,14,48,20
lcl|CP017623.1_cds_AOW25717.1_13 [gene=RIM8] [locus_tag=CAALFM_C100150CA] [db_xref=CGD:CAL0000197201] [protein=Rim8p] [protein_id=AOW25717.1] [location=complement(25381..27249)] [gbkey=CDS],24,20,15,22,9,10,12,5,8,2,3,10,17,13,4,11,15,4,12,12,20,9,11,10,8,3,0,3,9,1,6,7,23,9,11,25,15,7,3,3,7,4,3,5,8,7,11,16,0,11,0,8,26,11,19,10,0,0,1,2,10,8,24,19
lcl|CP017623.1_cds_AOW25718.1_14 [locus_tag=CAALFM_C100160CA] [db_xref=CGD:CAL0000200313] [protein=hypothetical protein] [protein_id=AOW25718.1] [location=complement(28286..29488)] [gbkey=CDS],18,12,20,9,0,4,1,9,16,15,0,19,0,1,4,8,5,2,1,1,14,0,0,3,0,0,0,3,0,1,0,1,46,18,5,22,2,4,1,15,0,2,3,24,1,2,0,10,0,2,0,4,11,12,0,21,0,1,2,1,6,6,3,8
lcl|CP017623.1_cds_AOW25719.1_15 [gene=LEU4] [locus_tag=CAALFM_C100170WA] [db_xref=CGD:CAL0000186267] [protein=2-isopropylmalate synthase] [protein_id=AOW25719.1] [location=29804..31543] [gbkey=CDS],25,15,13,17,5,11,2,15,18,3,0,6,3,15,6,23,20,2,4,6,17,6,1,7,1,1,0,6,0,1,1,5,35,13,5,21,6,16,2,16,6,4,2,25,9,6,13,23,0,9,0,6,9,6,4,13,0,0,8,8,10,11,25,12
lcl|CP017623.1_cds_AOW25720.1_16 [gene=RPL16A] [locus_tag=CAALFM_C100180WA] [db_xref=CGD:CAL0000175593] [protein=ribosomal 60S subunit protein L16A] [protein_id=AOW25720.1] [location=31842..32444] [gbkey=CDS],19,4,12,1,0,3,0,3,14,0,0,0,0,3,1,4,5,2,0,2,6,0,0,2,0,0,0,1,0,0,0,1,13,2,0,1,1,7,0,12,0,1,0,12,0,6,0,13,0,10,0,0,3,1,0,8,0,0,1,1,7,5,10,2
lcl|CP017623.1_cds_AOW25721.1_17 [locus_tag=CAALFM_C100190CA] [db_xref=CGD:CAL0000186780] [protein=hypothetical protein] [protein_id=AOW25721.1] [location=complement(32680..33318)] [gbkey=CDS],10,5,6,11,7,5,2,2,3,2,1,1,5,6,2,5,4,3,6,5,3,1,0,3,2,0,1,0,6,2,0,4,8,7,1,4,0,1,0,0,2,0,2,2,1,1,3,8,0,7,0,6,4,3,3,4,0,2,1,4,8,3,9,4
lcl|CP017623.1_cds_AOW25722.1_18 [locus_tag=CAALFM_C100200CA] [db_xref=CGD:CAL0000183783] [protein=hypothetical protein] [protein_id=AOW25722.1] [location=complement(34099..34446)] [gbkey=CDS],2,3,5,9,1,0,0,3,0,0,1,1,8,2,1,6,3,0,2,1,1,0,1,0,1,0,0,1,2,1,2,2,4,3,4,3,0,0,0,0,0,0,2,2,2,2,1,4,0,2,0,3,2,0,2,1,0,0,0,2,3,1,9,3
lcl|CP017623.1_cds_AOW25723.1_19 [locus_tag=CAALFM_C100210CA] [db_xref=CGD:CAL0000182274] [protein=hypothetical protein] [protein_id=AOW25723.1] [location=complement(34525..35679)] [gbkey=CDS],18,6,11,9,6,13,3,7,13,0,1,6,3,5,6,9,13,1,4,3,5,3,2,5,1,0,0,3,1,1,0,6,23,7,5,17,7,5,0,5,8,4,6,7,5,6,6,12,0,10,0,9,6,0,1,1,0,1,5,4,12,12,18,17
"lcl|CP017623.1_cds_AOW25724.1_20 [gene=PHR2] [locus_tag=CAALFM_C100220WA] [db_xref=CGD:CAL0000181783] [protein=1,3-beta-glucanosyltransferase] [protein_id=AOW25724.1] [location=37851..39485] [gbkey=CDS]",19,22,9,9,3,14,0,15,11,7,0,9,1,14,8,17,11,4,0,1,15,0,0,2,0,0,0,0,0,0,0,2,26,25,1,17,1,13,0,30,6,1,0,28,1,9,3,18,0,22,0,8,15,22,2,32,0,1,4,13,8,11,21,12
lcl|CP017623.1_cds_AOW25725.1_21 [gene=BFA1] [locus_tag=CAALFM_C100230CA] [db_xref=CGD:CAL0000186201] [protein=Bfa1p] [protein_id=AOW25725.1] [location=complement(40484..41770)] [gbkey=CDS],26,12,17,19,12,7,3,9,4,7,4,5,10,4,8,10,13,4,12,6,2,4,7,2,11,2,2,1,6,2,5,5,21,13,19,19,3,6,2,1,6,2,3,1,2,3,6,3,0,5,0,8,7,1,2,6,0,0,5,2,6,8,12,14
lcl|CP017623.1_cds_AOW25728.1_24 [gene=POL93] [locus_tag=CAALFM_C100290WA] [db_xref=CGD:CAL0000175689] [protein=Pol93p] [protein_id=AOW25728.1] [location=43803..45764] [gbkey=CDS],21,2,26,26,13,2,1,17,21,0,6,17,8,10,17,24,12,0,6,14,17,2,6,7,4,3,2,7,4,2,6,10,29,4,11,38,3,3,1,27,6,1,2,22,6,4,12,18,0,9,0,28,8,1,9,9,0,2,6,5,17,14,23,21
lcl|CP017623.1_cds_AOW25729.1_25 [locus_tag=CAALFM_C100310WA] [db_xref=CGD:CAL0000201857] [protein=hypothetical protein] [protein_id=AOW25729.1] [location=46803..48359] [gbkey=CDS],12,17,9,8,6,10,1,8,7,2,2,9,5,16,8,31,11,1,4,5,12,1,2,7,0,3,0,4,0,2,0,2,8,6,3,15,15,13,3,17,4,5,9,17,7,7,10,13,0,18,0,16,10,7,4,4,0,3,7,3,14,17,27,30
lcl|CP017623.1_cds_AOW25730.1_26 [locus_tag=CAALFM_C100320WA] [db_xref=CGD:CAL0000193936] [protein=retromer subunit] [protein_id=AOW25730.1] [location=48513..49298] [gbkey=CDS],11,8,4,12,7,5,2,5,3,6,0,4,7,3,0,6,9,3,1,2,6,1,2,5,0,0,2,1,4,0,2,2,15,9,5,13,8,1,1,3,3,6,1,3,3,2,5,6,0,5,0,1,1,1,4,4,0,2,2,1,11,4,7,10
lcl|CP017623.1_cds_AOW25731.1_27 [locus_tag=CAALFM_C100330CA] [db_xref=CGD:CAL0000200147] [protein=CCR4-NOT core subunit] [protein_id=AOW25731.1] [location=complement(49295..49843)] [gbkey=CDS],8,3,5,6,2,2,2,3,4,2,1,4,7,2,3,2,5,2,2,1,6,1,3,3,1,0,0,1,2,0,0,1,11,1,3,9,1,2,1,3,3,0,1,5,0,4,4,3,0,5,0,4,2,3,2,3,0,0,4,2,4,2,10,5
lcl|CP017623.1_cds_AOW25732.1_28 [gene=HBR1] [locus_tag=CAALFM_C100340WA] [db_xref=CGD:CAL0000197369] [protein=nucleoside-triphosphatase] [protein_id=AOW25732.1] [location=49997..50743] [gbkey=CDS],4,7,7,7,8,2,2,3,7,4,0,2,7,2,4,9,7,1,0,5,4,0,0,3,1,0,0,2,2,1,1,2,26,11,12,20,3,1,0,1,1,0,4,3,3,1,4,5,0,2,0,5,3,3,2,6,0,1,3,4,7,2,8,2
lcl|CP017623.1_cds_AOW25733.1_29 [gene=HMX1] [locus_tag=CAALFM_C100350CA] [db_xref=CGD:CAL0000188588] [protein=Hmx1p] [protein_id=AOW25733.1] [location=complement(50806..51681)] [gbkey=CDS],19,2,5,6,7,3,1,5,16,0,0,3,4,3,7,7,9,3,1,4,2,0,1,4,0,0,0,1,0,1,1,5,19,7,5,9,3,5,0,14,1,1,1,9,2,3,5,9,0,13,0,4,2,0,4,3,0,1,3,1,8,8,23,7
lcl|CP017623.1_cds_AOW25734.1_30 [gene=CDC13] [locus_tag=CAALFM_C100360WA] [db_xref=CGD:CAL0000201142] [protein=Cdc13p] [protein_id=AOW25734.1] [location=53099..54442] [gbkey=CDS],23,11,5,12,9,6,1,7,9,3,7,9,13,5,9,17,14,1,6,8,10,6,1,8,4,2,0,1,7,3,2,7,19,10,9,20,4,5,1,3,5,6,3,6,9,4,7,11,0,3,0,18,13,4,1,7,0,6,3,2,8,5,11,17
lcl|CP017623.1_cds_AOW25735.1_31 [locus_tag=CAALFM_C100370WA] [db_xref=CGD:CAL0000183986] [protein=hypothetical protein] [protein_id=AOW25735.1] [location=54558..54842] [gbkey=CDS],5,1,3,4,3,0,0,4,3,1,0,3,6,0,2,1,4,0,1,1,1,0,0,0,3,1,0,2,4,0,0,0,5,1,1,2,1,1,0,3,1,0,0,0,0,1,0,0,0,2,0,2,3,1,0,1,0,0,0,1,3,1,5,5
lcl|CP017623.1_cds_AOW25736.1_32 [locus_tag=CAALFM_C100380CA] [db_xref=CGD:CAL0000175749] [protein=hypothetical protein] [protein_id=AOW25736.1] [location=complement(54837..57074)] [gbkey=CDS],52,24,22,34,19,8,1,18,6,4,6,14,14,11,11,28,25,1,6,9,8,2,1,8,2,1,0,2,10,5,1,17,37,14,18,26,11,3,1,6,4,3,5,8,6,8,9,11,0,17,0,22,9,4,9,17,0,2,8,3,24,15,50,24
lcl|CP017623.1_cds_AOW25737.1_33 [gene=ENA2] [locus_tag=CAALFM_C100390WA] [db_xref=CGD:CAL0000188030] [protein=Na(+)-exporting P-type ATPase] [protein_id=AOW25737.1] [location=59349..62552] [gbkey=CDS],43,19,16,34,12,14,3,34,27,1,1,8,8,14,27,54,27,9,2,6,27,5,2,10,2,0,0,8,2,1,1,18,56,27,5,43,30,20,2,46,13,9,5,44,11,19,11,52,0,12,0,18,16,15,9,21,0,1,16,10,27,19,47,27
lcl|CP017623.1_cds_AOW25738.1_34 [gene=SVF1] [locus_tag=CAALFM_C100400WA] [db_xref=CGD:CAL0000182395] [protein=Svf1p] [protein_id=AOW25738.1] [location=63202..64350] [gbkey=CDS],21,8,8,20,8,11,0,9,7,3,0,6,3,8,10,16,12,2,3,4,7,1,0,5,0,0,0,1,0,0,0,3,22,6,2,22,6,8,0,6,8,3,5,11,4,7,5,15,0,5,0,8,7,2,2,5,0,0,7,1,6,8,9,15
lcl|CP017623.1_cds_AOW25739.1_35 [locus_tag=CAALFM_C100410CA] [db_xref=CGD:CAL0000181570] [protein=hexadecenal dehydrogenase] [protein_id=AOW25739.1] [location=complement(64696..66324)] [gbkey=CDS],28,11,10,19,6,12,0,28,18,1,0,8,6,12,5,26,15,2,1,9,15,0,1,9,0,0,0,3,0,3,0,4,25,13,1,20,6,8,0,13,4,1,1,31,3,8,4,25,0,5,0,13,7,4,5,13,0,1,7,1,14,14,26,16
lcl|CP017623.1_cds_AOW25740.1_36 [locus_tag=CAALFM_C100420WA] [db_xref=CGD:CAL0000182735] [protein=hypothetical protein] [protein_id=AOW25740.1] [location=67843..68814] [gbkey=CDS],19,15,5,7,6,3,0,8,6,3,1,7,5,9,6,16,8,4,1,10,6,2,1,3,0,1,0,0,1,1,0,0,16,12,1,13,5,1,0,6,6,6,1,4,2,0,3,11,0,7,0,15,5,4,3,4,0,1,3,2,12,7,9,9
lcl|CP017623.1_cds_AOW25741.1_37 [locus_tag=CAALFM_C100430WA] [db_xref=CGD:CAL0000198706] [protein=phosphoinositide binding protein] [protein_id=AOW25741.1] [location=69226..70902] [gbkey=CDS],23,13,10,23,20,10,2,13,10,9,3,14,13,11,8,20,22,3,6,5,10,2,2,4,3,1,0,3,8,4,3,8,22,9,9,26,13,3,3,11,6,7,5,9,2,5,5,13,0,7,0,14,21,7,9,10,0,1,0,5,17,6,12,14
"lcl|CP017623.1_cds_AOW25742.1_38 [gene=UBP6] [locus_tag=CAALFM_C100440WA] [db_xref=CGD:CAL0000193223] [protein=ubiquitin-specific protease] [protein_id=AOW25742.1] [location=join(71068..71080,71158..72581)] [gbkey=CDS]",32,11,17,20,14,11,1,12,12,5,1,9,8,7,6,15,20,0,2,6,10,1,0,5,1,0,0,0,0,1,0,4,28,10,6,24,7,5,1,8,5,7,4,7,4,4,6,11,0,6,0,7,8,4,1,8,0,1,3,2,15,7,32,15
"lcl|CP017623.1_cds_AOW25743.1_39 [locus_tag=CAALFM_C100450CA] [db_xref=CGD:CAL0000194733] [protein=hypothetical protein] [protein_id=AOW25743.1] [location=complement(join(72741..73091,73182..73283))] [gbkey=CDS]",12,4,4,4,6,1,0,4,3,1,0,5,2,2,0,3,5,0,1,0,4,0,0,3,1,0,0,0,0,0,0,1,14,2,1,8,4,5,1,3,0,0,2,2,4,1,1,3,0,1,0,1,2,2,2,2,0,0,1,2,6,3,7,3
lcl|CP017623.1_cds_AOW25744.1_40 [locus_tag=CAALFM_C100460WA] [db_xref=CGD:CAL0000176138] [protein=hypothetical protein] [protein_id=AOW25744.1] [location=73580..73900] [gbkey=CDS],4,0,0,4,0,2,0,1,5,0,0,0,1,2,7,3,8,1,0,0,3,0,0,1,0,0,0,0,0,0,0,0,3,0,0,2,1,2,0,3,7,1,2,6,1,1,2,5,0,2,0,3,3,2,1,3,0,0,1,1,4,1,1,5
lcl|CP017623.1_cds_AOW25745.1_41 [locus_tag=CAALFM_C100470CA] [db_xref=CGD:CAL0000184399] [protein=N-acetylphosphatidylethanolamine-hydrolyzing phospholipase D] [protein_id=AOW25745.1] [location=complement(74056..75381)] [gbkey=CDS],20,4,14,15,7,1,1,15,7,3,2,5,9,6,7,20,15,6,4,7,12,4,1,6,1,1,0,5,4,1,3,7,18,6,12,15,5,3,2,2,9,2,2,12,4,1,7,13,0,2,0,15,8,2,5,9,0,5,9,2,16,4,21,16
lcl|CP017623.1_cds_AOW25746.1_42 [gene=GCN20] [locus_tag=CAALFM_C100480CA] [db_xref=CGD:CAL0000181616] [protein=putative AAA family ATPase] [protein_id=AOW25746.1] [location=complement(75573..77828)] [gbkey=CDS],34,20,24,15,13,3,5,10,27,4,2,10,6,11,14,24,32,6,9,12,9,3,2,6,3,0,0,8,4,2,0,8,41,14,16,39,15,7,5,23,6,0,8,30,2,10,7,25,0,7,0,16,15,6,10,13,0,0,4,4,31,14,42,14
lcl|CP017623.1_cds_AOW25747.1_43 [gene=TTR1] [locus_tag=CAALFM_C100490CA] [db_xref=CGD:CAL0000190988] [protein=dithiol glutaredoxin] [protein_id=AOW25747.1] [location=complement(78008..78367)] [gbkey=CDS],8,1,5,3,5,4,0,1,2,1,0,1,1,4,1,5,6,0,0,1,3,0,0,0,0,0,0,1,1,0,0,1,7,5,0,3,1,1,0,7,0,1,0,5,0,2,1,5,0,2,0,1,2,3,0,2,0,0,0,2,6,3,3,1
lcl|CP017623.1_cds_AOW25748.1_44 [gene=GLO1] [locus_tag=CAALFM_C100500CA] [db_xref=CGD:CAL0000175730] [protein=lactoylglutathione lyase] [protein_id=AOW25748.1] [location=complement(78641..79669)] [gbkey=CDS],17,18,16,7,5,3,1,8,6,0,0,5,0,5,6,11,10,5,0,7,7,0,1,2,1,1,0,3,0,1,0,1,20,6,7,17,3,4,0,9,9,1,1,13,2,0,1,9,0,6,0,6,5,5,0,4,0,0,5,6,8,10,20,17
lcl|CP017623.1_cds_AOW25749.1_45 [locus_tag=CAALFM_C100510WA] [db_xref=CGD:CAL0000175867] [protein=3-methyl-2-oxobutanoate hydroxymethyltransferase] [protein_id=AOW25749.1] [location=80124..81053] [gbkey=CDS],18,4,8,8,8,5,2,5,5,0,1,4,10,4,5,11,7,2,10,6,2,2,1,4,1,0,0,1,1,1,1,6,9,7,6,11,5,2,1,7,10,2,4,9,3,5,5,11,0,4,0,8,8,5,4,6,0,1,0,1,8,4,9,10
lcl|CP017623.1_cds_AOW25750.1_46 [locus_tag=CAALFM_C100520WA] [db_xref=CGD:CAL0000184166] [protein=phosphoglycerate mutase] [protein_id=AOW25750.1] [location=81233..81901] [gbkey=CDS],8,3,11,14,7,5,1,1,7,1,1,0,2,6,2,9,10,3,1,5,3,1,1,3,0,0,0,2,1,0,0,2,13,4,4,9,2,1,0,1,6,0,5,5,4,2,1,9,0,4,0,4,2,2,1,1,0,2,1,1,9,4,9,5
lcl|CP017623.1_cds_AOW25751.1_47 [locus_tag=CAALFM_C100530CA] [db_xref=CGD:CAL0000174026] [protein=hypothetical protein] [protein_id=AOW25751.1] [location=complement(82117..84558)] [gbkey=CDS],42,19,29,25,24,12,5,18,6,4,2,13,13,12,13,26,21,3,10,18,11,10,5,17,7,1,1,6,8,2,10,7,29,13,14,36,15,5,4,17,7,2,10,12,8,6,12,28,0,10,0,21,24,8,14,11,0,1,3,6,28,5,36,27
lcl|CP017623.1_cds_AOW25752.1_48 [locus_tag=CAALFM_C100540CA] [db_xref=CGD:CAL0000201663] [protein=hypothetical protein] [protein_id=AOW25752.1] [location=complement(85080..87248)] [gbkey=CDS],34,15,19,37,19,10,7,17,15,2,1,21,13,7,17,24,17,4,9,7,20,8,4,16,7,1,0,3,7,3,4,9,26,12,16,36,7,3,4,9,10,2,6,4,7,4,10,16,0,11,0,23,17,4,11,7,0,4,4,6,19,4,32,30
lcl|CP017623.1_cds_AOW25753.1_49 [gene=CIS2] [locus_tag=CAALFM_C100550WA] [db_xref=CGD:CAL0000184736] [protein=gamma-glutamyltransferase] [protein_id=AOW25753.1] [location=87900..89810] [gbkey=CDS],25,15,12,25,11,9,1,17,9,10,4,14,22,10,10,19,7,5,5,10,17,5,1,7,3,1,1,3,1,3,4,4,23,15,5,27,13,10,1,6,22,6,9,12,11,6,7,13,0,8,0,14,15,8,7,9,0,2,9,3,30,12,24,18
lcl|CP017623.1_cds_AOW25754.1_50 [gene=CNS1] [locus_tag=CAALFM_C100560WA] [db_xref=CGD:CAL0000195791] [protein=HSP70/90 family co-chaperone] [protein_id=AOW25754.1] [location=90099..91271] [gbkey=CDS],31,7,14,18,3,4,1,7,7,1,2,1,10,3,6,10,8,2,4,0,7,4,0,8,1,0,2,4,3,0,0,5,39,7,9,16,13,4,0,9,3,2,2,5,4,5,5,6,0,8,0,5,6,3,0,5,0,2,4,5,15,6,18,10
lcl|CP017623.1_cds_AOW25755.1_51 [locus_tag=CAALFM_C100570CA] [db_xref=CGD:CAL0000191339] [protein=hypothetical protein] [protein_id=AOW25755.1] [location=complement(91310..93694)] [gbkey=CDS],49,17,28,27,22,11,7,20,25,8,17,25,17,6,13,21,29,6,6,10,22,5,9,16,6,0,3,4,10,2,12,9,36,13,17,27,16,6,2,13,9,7,5,9,9,6,13,12,0,5,0,6,31,9,10,18,0,0,4,0,14,5,13,16
lcl|CP017623.1_cds_AOW25756.1_52 [locus_tag=CAALFM_C100580WA] [db_xref=CGD:CAL0000186327] [protein=hypothetical protein] [protein_id=AOW25756.1] [location=93970..94899] [gbkey=CDS],5,6,5,8,4,6,4,5,4,2,4,3,11,7,3,11,7,0,5,6,2,0,1,3,4,0,1,1,2,2,2,6,13,4,5,7,7,2,0,8,4,0,7,7,4,1,8,9,0,5,0,6,11,3,4,6,0,2,2,7,14,5,13,14
lcl|CP017623.1_cds_AOW25757.1_53 [gene=TUF1] [locus_tag=CAALFM_C100590WA] [db_xref=CGD:CAL0000198818] [protein=translation elongation factor Tu] [protein_id=AOW25757.1] [location=95214..96494] [gbkey=CDS],16,10,11,1,3,8,0,25,18,0,0,0,0,13,14,15,11,6,0,5,14,0,1,5,0,1,0,4,1,0,0,0,34,11,0,15,0,10,0,18,4,0,1,37,0,9,2,22,0,5,0,4,2,7,0,7,0,1,0,3,13,10,22,6
lcl|CP017623.1_cds_AOW25758.1_54 [gene=APC1] [locus_tag=CAALFM_C100600WA] [db_xref=CGD:CAL0000196687] [protein=anaphase promoting complex subunit 1] [protein_id=AOW25758.1] [location=96816..101423] [gbkey=CDS],61,35,29,56,36,10,11,27,27,10,4,28,32,25,35,53,36,12,15,29,30,15,7,12,12,1,3,12,27,10,7,21,63,25,30,46,35,11,7,37,18,13,17,21,18,12,25,36,0,15,0,34,46,11,13,24,0,11,18,14,50,25,92,39
lcl|CP017623.1_cds_AOW25759.1_55 [gene=PSD1] [locus_tag=CAALFM_C100610WA] [db_xref=CGD:CAL0000188438] [protein=phosphatidylserine decarboxylase 1] [protein_id=AOW25759.1] [location=101751..103523] [gbkey=CDS],34,15,15,21,7,6,4,14,15,3,2,12,6,5,10,15,14,3,1,9,20,2,2,8,5,1,1,8,0,4,2,2,19,8,13,20,13,8,3,7,6,6,7,18,8,4,8,20,0,15,0,21,14,5,8,9,0,0,9,0,17,7,26,24
lcl|CP017623.1_cds_AOW25760.1_56 [gene=MOB2] [locus_tag=CAALFM_C100620WA] [db_xref=CGD:CAL0000186024] [protein=Mob2p] [protein_id=AOW25760.1] [location=103868..104809] [gbkey=CDS],9,11,13,13,6,6,1,7,6,5,0,1,8,4,3,6,16,3,4,6,3,1,6,8,1,0,1,3,1,0,6,4,9,2,4,6,7,2,2,6,8,3,2,3,2,4,3,4,0,3,0,10,6,3,0,14,0,2,4,2,11,7,9,12
lcl|CP017623.1_cds_AOW25761.1_57 [locus_tag=CAALFM_C100630WA] [db_xref=CGD:CAL0000191678] [protein=hypothetical protein] [protein_id=AOW25761.1] [location=105179..106924] [gbkey=CDS],22,13,13,22,7,11,5,15,16,6,4,11,9,7,11,28,16,6,5,10,12,4,1,11,2,1,2,0,9,2,2,3,22,8,7,27,10,3,3,12,13,6,12,15,3,6,8,20,0,4,0,9,17,5,5,11,0,0,4,5,15,8,19,17
lcl|CP017623.1_cds_AOW25762.1_58 [gene=RPO41] [locus_tag=CAALFM_C100640CA] [db_xref=CGD:CAL0000185076] [protein=DNA-directed RNA polymerase] [protein_id=AOW25762.1] [location=complement(107125..111027)] [gbkey=CDS],76,24,33,52,24,15,2,17,28,4,3,16,18,20,23,44,58,16,14,18,27,2,3,22,4,3,0,10,3,3,6,14,81,29,24,46,23,23,4,33,22,7,8,20,10,18,14,43,0,11,0,32,26,5,7,23,0,3,15,7,52,20,55,36
lcl|CP017623.1_cds_AOW25763.1_59 [gene=SNF7] [locus_tag=CAALFM_C100650CA] [db_xref=CGD:CAL0000187201] [protein=ESCRT-III subunit protein] [protein_id=AOW25763.1] [location=complement(111571..112251)] [gbkey=CDS],16,6,10,3,3,0,0,4,5,1,1,4,5,2,6,2,17,1,3,3,6,1,0,1,1,0,0,0,2,0,0,0,31,3,4,11,7,3,0,8,6,0,2,1,5,0,3,5,0,1,0,3,2,0,1,2,0,0,1,0,8,1,11,3
lcl|CP017623.1_cds_AOW25764.1_60 [locus_tag=CAALFM_C100660CA] [db_xref=CGD:CAL0000185526] [protein=t-SNARE syntaxin] [protein_id=AOW25764.1] [location=complement(112788..113801)] [gbkey=CDS],13,15,10,17,6,4,1,7,6,4,1,9,12,4,5,9,23,0,4,4,8,1,0,5,1,0,1,1,3,0,0,2,17,5,4,9,6,5,0,4,3,3,0,5,4,2,10,4,0,6,0,5,7,3,4,9,0,0,2,1,16,6,12,8
lcl|CP017623.1_cds_AOW25765.1_61 [gene=UGA32] [locus_tag=CAALFM_C100670CA] [db_xref=CGD:CAL0000195594] [protein=Uga32p] [protein_id=AOW25765.1] [location=complement(114127..115878)] [gbkey=CDS],28,11,11,29,13,5,4,7,13,3,1,11,16,13,8,20,26,7,3,9,4,4,3,5,3,2,1,0,10,2,9,8,26,10,10,24,10,4,2,3,13,0,4,9,5,4,4,12,0,13,0,12,14,7,5,6,0,9,7,12,17,10,26,15
lcl|CP017623.1_cds_AOW25766.1_62 [gene=ASM3] [locus_tag=CAALFM_C100680WA] [db_xref=CGD:CAL0000190930] [protein=Asm3p] [protein_id=AOW25766.1] [location=117319..119442] [gbkey=CDS],29,23,14,39,6,8,1,16,13,3,2,17,3,11,13,20,16,9,4,10,16,2,3,10,1,0,0,3,0,4,1,7,42,10,4,33,8,11,0,13,6,1,4,22,5,8,7,16,0,24,0,24,16,7,2,15,0,1,15,12,18,20,28,30
lcl|CP017623.1_cds_AOW25767.1_63 [gene=RIC1] [locus_tag=CAALFM_C100690WA] [db_xref=CGD:CAL0000199231] [protein=Ric1p] [protein_id=AOW25767.1] [location=119767..122808] [gbkey=CDS],61,17,16,72,18,10,6,16,13,2,2,18,29,10,13,59,26,1,3,30,8,7,3,5,6,1,2,2,8,0,5,25,67,7,7,56,7,7,2,6,17,4,5,19,7,3,13,22,0,5,0,34,33,2,5,17,0,1,12,9,62,21,17,51
lcl|CP017623.1_cds_AOW25768.1_64 [locus_tag=CAALFM_C100700WA] [db_xref=CGD:CAL0000176204] [protein=hypothetical protein] [protein_id=AOW25768.1] [location=123066..123431] [gbkey=CDS],8,2,0,11,4,1,0,1,6,0,0,0,1,0,4,3,8,1,0,1,1,0,0,0,1,0,0,3,1,0,0,0,9,0,0,6,0,2,0,2,2,0,0,1,2,0,0,7,0,1,0,5,2,2,0,1,0,0,1,1,8,0,2,9
"lcl|CP017623.1_cds_AOW25769.1_65 [gene=TUB2] [locus_tag=CAALFM_C100710CA] [db_xref=CGD:CAL0000176403] [protein=beta-tubulin] [protein_id=AOW25769.1] [location=complement(join(123869..125170,125335..125370,125586..125597))] [gbkey=CDS]",17,10,0,17,0,4,0,23,15,0,0,4,0,3,16,16,20,1,0,7,16,0,0,3,0,0,0,3,0,0,0,1,35,2,0,24,1,10,0,17,5,2,1,23,1,7,1,26,0,5,0,10,7,4,0,24,0,0,4,6,16,12,18,11
lcl|CP017623.1_cds_AOW25770.1_66 [gene=CMP1] [locus_tag=CAALFM_C100730CA] [db_xref=CGD:CAL0000201614] [protein=calcineurin catalytic subunit A] [protein_id=AOW25770.1] [location=complement(126791..128620)] [gbkey=CDS],33,3,4,36,12,12,1,16,20,0,1,11,3,3,14,18,28,1,0,18,16,3,5,10,6,0,1,4,0,0,1,6,48,1,1,30,10,3,2,19,8,0,2,19,4,1,5,21,0,0,0,24,21,0,0,7,0,0,4,10,43,7,12,20
lcl|CP017623.1_cds_AOW25771.1_67 [gene=SPE1] [locus_tag=CAALFM_C100740CA] [db_xref=CGD:CAL0000182839] [protein=ornithine decarboxylase] [protein_id=AOW25771.1] [location=complement(129260..130681)] [gbkey=CDS],25,13,4,34,6,8,2,21,8,0,0,9,2,5,9,30,17,1,1,14,12,2,0,3,0,0,0,1,0,0,3,1,27,0,1,25,5,4,0,14,11,1,2,12,1,2,0,21,0,0,0,11,12,3,2,3,0,0,3,12,35,5,8,21
lcl|CP017623.1_cds_AOW25772.1_68 [gene=VPS27] [locus_tag=CAALFM_C100750CA] [db_xref=CGD:CAL0000186855] [protein=ESCRT-0 subunit protein] [protein_id=AOW25772.1] [location=complement(131413..133938)] [gbkey=CDS],40,7,8,64,15,6,2,16,20,5,1,21,7,9,11,32,73,0,12,17,41,2,0,18,4,0,0,3,1,1,5,5,55,6,4,45,19,5,1,9,18,4,3,19,7,1,5,16,0,1,0,34,33,3,5,13,0,0,3,10,40,8,6,21
lcl|CP017623.1_cds_AOW25773.1_69 [locus_tag=CAALFM_C100760WA] [db_xref=CGD:CAL0000195596] [protein=hypothetical protein] [protein_id=AOW25773.1] [location=134254..134913] [gbkey=CDS],10,7,7,12,6,1,1,6,8,6,0,7,4,4,4,8,5,0,1,3,10,0,0,2,3,0,0,1,1,0,2,8,13,4,5,12,1,1,1,4,2,2,2,3,3,1,2,4,0,0,0,3,4,1,0,8,0,1,0,0,3,2,7,2
lcl|CP017623.1_cds_AOW25774.1_70 [gene=ROT1] [locus_tag=CAALFM_C100770CA] [db_xref=CGD:CAL0000184365] [protein=Rot1p] [protein_id=AOW25774.1] [location=complement(135654..136436)] [gbkey=CDS],15,0,1,9,7,0,0,12,9,0,1,3,3,0,4,10,8,0,0,5,11,0,1,5,2,0,0,0,0,1,1,2,15,0,0,12,4,1,0,7,5,0,2,4,4,1,2,7,0,1,0,17,15,1,2,6,0,0,5,4,20,1,2,11
lcl|CP017623.1_cds_AOW25775.1_71 [gene=HGC1] [locus_tag=CAALFM_C100780CA] [db_xref=CGD:CAL0000184055] [protein=cyclin] [protein_id=AOW25775.1] [location=complement(138574..140931)] [gbkey=CDS],42,16,4,86,23,11,1,33,9,0,0,25,8,9,17,37,44,3,2,23,26,1,1,10,3,1,0,3,0,0,1,5,21,3,0,31,6,7,1,9,3,4,3,28,6,2,3,15,0,1,0,37,37,12,6,23,0,0,2,8,39,7,5,21
lcl|CP017623.1_cds_AOW25776.1_72 [locus_tag=CAALFM_C100790WA] [db_xref=CGD:CAL0000193312] [protein=hypothetical protein] [protein_id=AOW25776.1] [location=150607..151707] [gbkey=CDS],23,9,13,35,10,5,0,18,4,0,0,2,7,7,1,11,24,2,1,0,6,3,0,7,4,0,1,2,7,1,1,2,16,3,8,40,4,0,0,1,3,0,1,4,1,0,2,14,0,2,0,13,9,1,0,8,0,0,2,1,14,1,7,4
lcl|CP017623.1_cds_AOW25777.1_73 [gene=ERG2] [locus_tag=CAALFM_C100800CA] [db_xref=CGD:CAL0000177093] [protein=C-8 sterol isomerase] [protein_id=AOW25777.1] [location=complement(154633..155286)] [gbkey=CDS],8,0,4,8,5,1,1,10,1,0,0,0,0,2,7,16,8,1,0,6,6,2,0,3,0,0,0,0,1,0,0,0,8,0,0,13,6,4,0,7,3,1,2,12,2,0,0,5,0,2,0,13,3,0,0,1,0,0,3,0,19,5,7,10
lcl|CP017623.1_cds_AOW25778.1_74 [locus_tag=CAALFM_C100810WA] [db_xref=CGD:CAL0000194250] [protein=N-acetylglucosaminyldiphosphodolichol N-acetylglucosaminyltransferase catalytic subunit] [protein_id=AOW25778.1] [location=155443..156324] [gbkey=CDS],16,7,3,27,5,2,2,4,0,0,2,4,10,11,2,22,19,1,3,5,4,1,0,3,2,0,1,3,3,0,0,3,14,5,3,11,2,0,0,2,5,0,1,3,2,0,0,4,0,2,0,11,15,0,1,1,0,0,2,3,20,3,7,10
lcl|CP017623.1_cds_AOW25779.1_75 [locus_tag=CAALFM_C100820WA] [db_xref=CGD:CAL0000180272] [protein=hypothetical protein] [protein_id=AOW25779.1] [location=156643..157689] [gbkey=CDS],22,6,4,41,10,3,1,11,2,1,0,4,15,6,6,29,24,0,0,5,5,1,0,2,1,0,0,1,2,1,0,1,19,2,1,19,3,0,0,1,3,0,0,2,3,3,0,2,0,0,0,15,15,0,3,2,0,0,0,0,25,4,10,11
lcl|CP017623.1_cds_AOW25780.1_76 [locus_tag=CAALFM_C100830WA] [db_xref=CGD:CAL0000200953] [protein=hypothetical protein] [protein_id=AOW25780.1] [location=158725..160524] [gbkey=CDS],20,0,1,21,9,6,3,17,5,0,1,11,16,8,11,48,23,0,0,10,8,2,1,7,7,1,0,4,1,2,0,6,23,0,0,15,14,6,2,28,17,2,4,21,13,7,3,16,0,4,0,20,24,5,1,12,0,1,9,13,41,11,12,25
lcl|CP017623.1_cds_AOW25781.1_77 [gene=NRM1] [locus_tag=CAALFM_C100840CA] [db_xref=CGD:CAL0000177736] [protein=Nrm1p] [protein_id=AOW25781.1] [location=complement(160942..162672)] [gbkey=CDS],41,31,7,50,17,18,0,32,11,2,1,20,6,7,5,18,26,2,2,10,16,3,1,11,0,2,0,3,0,2,3,7,17,5,1,17,7,3,2,13,2,1,0,10,2,5,0,8,0,6,0,10,38,7,7,9,0,0,0,1,19,2,14,15
lcl|CP017623.1_cds_AOW25782.1_78 [gene=IHD2] [locus_tag=CAALFM_C100850WA] [db_xref=CGD:CAL0000191293] [protein=Ihd2p] [protein_id=AOW25782.1] [location=167077..167823] [gbkey=CDS],12,1,4,10,14,1,7,6,10,1,1,3,4,2,4,8,9,0,0,3,8,1,0,6,1,0,0,4,0,3,1,6,10,2,3,13,4,0,0,4,3,1,1,1,6,2,4,8,0,6,0,8,7,2,1,2,0,0,2,1,9,3,4,10
lcl|CP017623.1_cds_AOW25783.1_79 [locus_tag=CAALFM_C100860WA] [db_xref=CGD:CAL0000193447] [protein=hypothetical protein] [protein_id=AOW25783.1] [location=168533..169534] [gbkey=CDS],27,1,3,21,3,2,4,7,4,0,1,6,5,4,4,13,12,0,1,12,7,0,1,6,3,0,0,0,1,0,0,4,27,5,7,32,2,2,0,4,2,0,2,8,4,2,2,8,0,1,0,13,12,2,1,6,0,0,3,2,16,1,6,10
lcl|CP017623.1_cds_AOW25784.1_80 [gene=LRO1] [locus_tag=CAALFM_C100870WA] [db_xref=CGD:CAL0000182687] [protein=phospholipid:diacylglycerol acyltransferase] [protein_id=AOW25784.1] [location=170158..172254] [gbkey=CDS],50,4,12,33,12,10,2,18,19,1,1,10,6,3,15,28,19,8,2,17,7,3,1,13,2,0,1,2,0,0,2,7,39,11,3,42,12,7,2,17,18,4,10,20,7,7,6,22,0,5,0,18,25,2,3,12,0,0,13,4,30,7,22,21
lcl|CP017623.1_cds_AOW25785.1_81 [locus_tag=CAALFM_C100880WA] [db_xref=CGD:CAL0000193159] [protein=hypothetical protein] [protein_id=AOW25785.1] [location=174459..176084] [gbkey=CDS],25,9,8,39,8,8,2,7,11,3,2,12,8,4,7,16,57,7,10,13,16,5,2,7,9,1,1,2,5,1,5,5,23,3,6,27,9,3,1,7,7,1,3,9,7,3,6,8,0,2,0,3,11,4,5,11,0,1,3,6,22,4,15,15
lcl|CP017623.1_cds_AOW25786.1_82 [locus_tag=CAALFM_C100890WA] [db_xref=CGD:CAL0000185710] [protein=ERMES complex Ca(2+)-binding regulatory GTPase] [protein_id=AOW25786.1] [location=176325..178475] [gbkey=CDS],41,2,5,43,19,7,1,15,6,1,1,16,19,6,6,26,24,3,2,17,17,6,4,9,14,0,2,6,1,0,3,6,51,0,0,43,10,4,1,18,13,2,9,8,11,3,9,19,0,0,0,28,25,7,2,12,0,0,9,12,54,2,11,24
lcl|CP017623.1_cds_AOW25787.1_83 [gene=RRS1] [locus_tag=CAALFM_C100900WA] [db_xref=CGD:CAL0000188560] [protein=Rrs1p] [protein_id=AOW25787.1] [location=178690..179307] [gbkey=CDS],22,3,6,9,4,0,1,11,6,0,0,0,5,1,2,6,10,0,0,3,11,0,0,4,1,0,0,1,0,1,1,2,15,0,0,16,1,0,0,6,3,0,2,4,2,0,3,6,0,0,0,4,5,3,0,1,0,0,4,0,13,0,4,2
"lcl|CP017623.1_cds_AOW25788.1_84 [locus_tag=CAALFM_C100910WA] [db_xref=CGD:CAL0000179780] [protein=hypothetical protein] [protein_id=AOW25788.1] [location=join(179823..179870,179946..180041,180129..180558,180645..180829)] [gbkey=CDS]",22,0,6,15,6,3,0,5,6,0,3,7,4,3,5,9,12,1,1,3,4,2,0,3,4,1,0,2,1,0,2,3,23,2,3,15,8,3,0,3,2,0,1,3,1,1,5,5,0,2,0,2,5,2,1,3,0,0,2,2,12,1,3,8
lcl|CP017623.1_cds_AOW25789.1_85 [locus_tag=CAALFM_C100920WA] [db_xref=CGD:CAL0000186004] [protein=hypothetical protein] [protein_id=AOW25789.1] [location=181403..185239] [gbkey=CDS],86,14,15,74,20,5,6,30,45,3,4,25,30,14,27,46,51,4,10,13,18,7,8,23,2,2,3,3,6,3,4,22,85,16,10,61,33,19,3,29,10,2,8,18,14,6,16,39,0,12,0,28,42,5,5,18,0,2,16,9,53,21,41,33
"lcl|CP017623.1_cds_AOW25790.1_86 [gene=SIN3] [locus_tag=CAALFM_C100930CA] [db_xref=CGD:CAL0000177059] [protein=transcriptional regulator] [protein_id=AOW25790.1] [location=complement(join(185507..189170,189350..189693,189779..189900,189965..190011,190087..190145))] [gbkey=CDS]",74,34,31,61,31,12,10,32,30,5,4,29,10,15,22,45,80,5,21,23,41,8,4,28,2,0,2,13,3,2,6,15,94,24,27,52,23,16,2,27,24,14,10,21,20,12,11,43,0,18,0,28,33,14,14,23,0,0,12,6,38,22,43,41
"lcl|CP017623.1_cds_AOW25791.1_87 [gene=RPB11] [locus_tag=CAALFM_C100940WA] [db_xref=CGD:CAL0000175701] [protein=DNA-directed RNA polymerase II core subunit] [protein_id=AOW25791.1] [location=join(190698..190750,190835..191156)] [gbkey=CDS]",7,1,2,7,2,0,0,2,4,0,1,2,6,1,0,2,3,0,0,2,4,0,1,1,1,0,0,0,0,0,0,3,8,1,2,12,6,2,0,4,0,1,0,1,1,0,3,3,0,0,0,3,1,1,0,0,0,0,1,1,6,4,7,3
lcl|CP017623.1_cds_AOW25792.1_88 [gene=CDC5] [locus_tag=CAALFM_C100950CA] [db_xref=CGD:CAL0000177027] [protein=polo kinase] [protein_id=AOW25792.1] [location=complement(191444..193405)] [gbkey=CDS],35,19,22,25,14,4,0,16,27,3,1,6,10,15,12,20,22,4,6,11,24,2,2,11,2,3,0,6,4,3,4,7,32,11,10,22,9,6,1,16,6,5,5,13,3,9,6,15,0,12,0,11,14,3,4,11,0,4,4,6,16,9,26,23
lcl|CP017623.1_cds_AOW25793.1_89 [gene=SET1] [locus_tag=CAALFM_C100960CA] [db_xref=CGD:CAL0000198993] [protein=histone methyltransferase] [protein_id=AOW25793.1] [location=complement(194676..197798)] [gbkey=CDS],66,18,34,43,23,12,3,20,36,7,8,24,33,17,13,27,34,8,8,15,24,10,8,11,8,2,1,10,4,4,6,15,81,11,29,43,21,5,2,16,19,1,12,13,8,8,10,19,0,8,0,24,23,10,7,23,0,1,5,7,23,11,26,21
"lcl|CP017623.1_cds_AOW25794.1_90 [locus_tag=CAALFM_C100970WA] [db_xref=CGD:CAL0000192179] [protein=hypothetical protein] [protein_id=AOW25794.1] [location=join(198221..198284,198352..198746)] [gbkey=CDS]",8,4,13,4,2,1,1,3,6,1,5,5,2,1,0,3,7,0,4,1,1,0,0,1,3,0,1,0,3,0,2,4,15,1,6,9,4,0,1,0,2,1,0,1,0,0,0,0,0,0,0,4,3,1,0,5,0,0,0,0,3,1,6,2
lcl|CP017623.1_cds_AOW25795.1_91 [locus_tag=CAALFM_C100980WA] [db_xref=CGD:CAL0000186391] [protein=hypothetical protein] [protein_id=AOW25795.1] [location=198951..199220] [gbkey=CDS],8,2,3,5,1,1,0,1,6,1,1,4,3,2,2,0,2,0,1,3,1,0,0,0,0,0,0,1,0,1,0,1,1,0,0,0,1,1,0,4,2,1,2,4,0,1,2,3,0,0,0,1,1,2,0,1,0,0,0,0,2,1,4,4
lcl|CP017623.1_cds_AOW25796.1_92 [gene=NMA111] [locus_tag=CAALFM_C100990CA] [db_xref=CGD:CAL0000176472] [protein=Nma111p] [protein_id=AOW25796.1] [location=complement(199316..202249)] [gbkey=CDS],37,17,22,29,18,10,3,22,33,5,3,13,15,11,12,33,21,5,5,17,24,9,4,15,7,0,0,5,3,4,3,15,41,29,26,45,25,8,1,17,20,5,6,27,18,12,21,46,0,13,0,22,19,6,5,19,0,2,9,14,19,12,40,29
lcl|CP017623.1_cds_AOW25797.1_93 [locus_tag=CAALFM_C101000CA] [db_xref=CGD:CAL0000183337] [protein=origin recognition complex subunit 6] [protein_id=AOW25797.1] [location=complement(202532..203623)] [gbkey=CDS],25,5,13,7,10,4,2,4,5,3,1,6,10,4,6,8,19,3,3,4,10,5,1,4,3,0,1,4,8,0,4,7,18,5,8,10,12,4,2,6,2,6,2,8,4,1,3,7,0,5,0,8,6,7,2,6,0,1,6,4,11,3,6,10
lcl|CP017623.1_cds_AOW25798.1_94 [locus_tag=CAALFM_C101010WA] [db_xref=CGD:CAL0000190677] [protein=hypothetical protein] [protein_id=AOW25798.1] [location=203945..204415] [gbkey=CDS],11,2,3,3,7,2,0,2,9,1,0,1,3,3,3,1,7,4,0,3,1,0,1,3,0,0,0,1,0,0,0,3,7,3,2,5,2,4,0,5,3,1,0,7,1,1,2,3,0,4,0,2,4,2,0,6,0,0,4,1,4,1,3,4
lcl|CP017623.1_cds_AOW25799.1_95 [gene=HMT1] [locus_tag=CAALFM_C101030WA] [db_xref=CGD:CAL0000187520] [protein=protein-arginine omega-N methyltransferase] [protein_id=AOW25799.1] [location=205265..206284] [gbkey=CDS],18,4,11,7,5,4,0,11,6,0,1,3,4,5,10,18,11,3,3,5,9,0,0,0,0,1,0,2,0,1,0,3,16,12,6,18,1,8,1,5,6,1,2,10,4,4,2,11,0,13,0,7,9,1,1,6,0,0,5,3,7,4,16,14
lcl|CP017623.1_cds_AOW25800.1_96 [locus_tag=CAALFM_C101040WA] [db_xref=CGD:CAL0000183037] [protein=hypothetical protein] [protein_id=AOW25800.1] [location=206477..206920] [gbkey=CDS],6,5,4,1,4,2,0,2,6,1,1,1,0,0,3,4,4,2,1,3,6,0,0,2,0,0,0,2,0,1,0,0,10,2,1,4,2,1,1,6,3,2,1,6,3,1,2,1,0,5,0,4,7,1,1,1,0,3,2,3,4,4,0,4
lcl|CP017623.1_cds_AOW25801.1_97 [locus_tag=CAALFM_C101050CA] [db_xref=CGD:CAL0000194246] [protein=trans-2-enoyl-CoA reductase (NADPH)] [protein_id=AOW25801.1] [location=complement(206917..207855)] [gbkey=CDS],17,7,6,8,2,2,0,8,7,2,0,4,1,3,2,16,7,2,1,9,5,1,4,2,0,0,0,2,0,2,1,4,14,3,1,5,4,3,0,6,4,3,1,10,3,4,0,14,0,6,0,10,8,7,2,9,0,0,9,1,12,11,17,19
lcl|CP017623.1_cds_AOW25802.1_98 [gene=MBF1] [locus_tag=CAALFM_C101060WA] [db_xref=CGD:CAL0000194672] [protein=Mbf1p] [protein_id=AOW25802.1] [location=208285..208740] [gbkey=CDS],9,3,11,6,0,2,0,7,9,0,0,1,0,2,0,4,9,0,0,0,4,0,0,1,0,0,0,0,0,0,0,0,8,0,1,7,1,7,1,7,4,1,0,9,1,1,1,11,0,2,0,0,4,0,0,2,0,0,1,0,5,0,7,1
lcl|CP017623.1_cds_AOW25803.1_99 [locus_tag=CAALFM_C101070CA] [db_xref=CGD:CAL0000186209] [protein=hypothetical protein] [protein_id=AOW25803.1] [location=complement(209078..210502)] [gbkey=CDS],37,15,23,21,13,3,4,8,13,5,5,7,14,1,5,10,22,0,7,7,6,2,4,7,6,0,2,3,6,0,2,3,18,10,15,21,8,0,1,7,6,0,3,6,3,5,9,9,0,7,0,7,11,2,2,18,0,0,4,1,15,3,15,6
lcl|CP017623.1_cds_AOW25804.1_100 [locus_tag=CAALFM_C101080WA] [db_xref=CGD:CAL0000180524] [protein=hypothetical protein] [protein_id=AOW25804.1] [location=210872..212377] [gbkey=CDS],18,14,18,18,15,4,6,9,8,3,4,7,19,8,2,22,16,5,5,9,7,2,4,6,2,0,1,3,10,3,4,10,20,14,11,23,6,2,1,1,6,0,4,5,11,5,9,9,0,7,0,11,13,3,2,9,0,3,9,3,17,8,15,11
lcl|CP017623.1_cds_AOW25805.1_101 [locus_tag=CAALFM_C101090CA] [db_xref=CGD:CAL0000176154] [protein=mitochondrial 37S ribosomal protein RSM27] [protein_id=AOW25805.1] [location=complement(212439..212747)] [gbkey=CDS],13,1,5,6,1,0,0,1,7,0,2,1,3,0,0,0,2,0,1,1,2,1,0,6,0,0,0,0,0,0,0,0,2,0,1,5,6,0,0,2,0,0,0,3,2,0,4,2,0,1,0,2,0,2,0,0,0,0,2,0,4,2,3,5
lcl|CP017623.1_cds_AOW25806.1_102 [gene=CCH1] [locus_tag=CAALFM_C101100WA] [db_xref=CGD:CAL0000177769] [protein=Cch1p] [protein_id=AOW25806.1] [location=213635..220399] [gbkey=CDS],87,40,35,116,58,22,8,43,67,12,10,46,48,25,55,106,57,9,7,34,39,17,9,24,20,1,5,16,14,8,11,28,94,23,28,90,46,24,6,36,42,6,21,29,26,16,34,54,0,27,0,67,55,14,20,34,0,6,37,25,67,45,97,107
lcl|CP017623.1_cds_AOW25807.1_103 [gene=ZPR1] [locus_tag=CAALFM_C101110CA] [db_xref=CGD:CAL0000194324] [protein=zinc finger-containing protein] [protein_id=AOW25807.1] [location=complement(220539..222068)] [gbkey=CDS],30,8,4,21,8,2,2,27,14,1,0,5,6,4,11,25,30,2,1,10,16,0,1,6,0,0,0,2,0,0,1,0,48,4,1,31,5,7,0,17,10,1,4,12,4,8,5,14,0,2,0,8,12,4,1,10,0,0,3,11,23,10,7,9
lcl|CP017623.1_cds_AOW25808.1_104 [locus_tag=CAALFM_C101130WA] [db_xref=CGD:CAL0000190294] [protein=ubiquitin-binding SDF ubiquitin ligase complex subunit] [protein_id=AOW25808.1] [location=224667..226874] [gbkey=CDS],36,6,7,41,38,12,3,22,15,1,2,16,16,5,12,27,41,5,5,23,15,2,0,12,3,0,0,8,1,2,2,2,24,5,2,44,13,8,1,12,16,2,4,13,13,3,4,23,0,2,0,12,35,3,4,13,0,0,14,21,32,12,8,11
lcl|CP017623.1_cds_AOW25809.1_105 [locus_tag=CAALFM_C101140CA] [db_xref=CGD:CAL0000184544] [protein=hypothetical protein] [protein_id=AOW25809.1] [location=complement(227677..229779)] [gbkey=CDS],47,13,13,45,8,10,3,21,10,8,4,26,10,5,5,15,20,3,1,12,16,5,2,13,8,3,0,3,3,3,3,6,31,10,8,43,10,4,1,12,7,6,4,18,3,6,2,14,0,8,0,20,28,13,12,17,0,1,3,2,20,9,22,21
lcl|CP017623.1_cds_AOW25810.1_106 [locus_tag=CAALFM_C101150CA] [db_xref=CGD:CAL0000175964] [protein=tRNA methyltransferase] [protein_id=AOW25810.1] [location=complement(232865..234934)] [gbkey=CDS],33,10,18,39,10,7,2,13,8,6,5,13,17,5,14,34,32,3,5,12,9,3,6,8,7,0,2,4,7,1,2,8,31,13,8,29,9,3,4,11,10,2,8,16,10,6,10,20,0,6,0,24,13,6,5,6,0,1,5,8,28,6,18,29
lcl|CP017623.1_cds_AOW25811.1_107 [locus_tag=CAALFM_C101160CA] [db_xref=CGD:CAL0000191551] [protein=exosome non-catalytic core subunit] [protein_id=AOW25811.1] [location=complement(235077..235889)] [gbkey=CDS],15,1,6,17,6,4,1,7,3,0,0,7,9,2,1,15,13,0,1,3,5,0,2,5,2,0,0,2,3,1,0,0,16,3,4,12,8,1,2,5,10,1,2,7,3,0,7,1,0,1,0,7,6,0,4,2,0,0,2,4,12,3,6,9
lcl|CP017623.1_cds_AOW25812.1_108 [gene=ZCF17] [locus_tag=CAALFM_C101170CA] [db_xref=CGD:CAL0000198600] [protein=Zcf17p] [protein_id=AOW25812.1] [location=complement(236084..238300)] [gbkey=CDS],38,12,13,38,15,2,8,15,16,6,4,22,13,8,12,25,17,2,7,16,16,3,4,6,8,4,1,8,6,4,6,9,32,10,12,33,9,6,4,7,7,3,8,6,9,4,9,18,0,14,0,24,11,3,11,10,0,2,4,11,17,18,36,35
lcl|CP017623.1_cds_AOW25813.1_109 [locus_tag=CAALFM_C101180CA] [db_xref=CGD:CAL0000183053] [protein=hypothetical protein] [protein_id=AOW25813.1] [location=complement(239091..240914)] [gbkey=CDS],28,14,18,25,13,4,5,10,7,6,3,15,10,13,12,24,24,3,13,7,18,4,4,0,2,1,1,4,8,0,5,5,27,10,9,18,9,3,0,6,8,5,2,8,7,5,3,18,0,9,0,21,17,12,6,8,0,6,1,9,15,8,22,28
"lcl|CP017623.1_cds_AOW25814.1_110 [locus_tag=CAALFM_C101190CA] [db_xref=CGD:CAL0000179574] [protein=N,N-dimethylaniline monooxygenase] [protein_id=AOW25814.1] [location=complement(241113..242504)] [gbkey=CDS]",20,4,12,15,8,3,1,7,13,1,0,8,7,5,5,26,13,4,1,7,11,4,1,9,5,1,1,6,4,3,1,3,28,9,9,19,13,5,0,7,14,0,4,6,4,2,13,15,0,11,0,18,9,6,1,9,0,2,4,3,14,4,12,12
lcl|CP017623.1_cds_AOW25815.1_111 [gene=STB5] [locus_tag=CAALFM_C101200WA] [db_xref=CGD:CAL0000195243] [protein=Stb5p] [protein_id=AOW25815.1] [location=242741..244663] [gbkey=CDS],29,12,14,29,20,10,1,10,18,5,3,9,13,10,12,20,13,6,3,14,18,3,4,5,2,0,2,6,10,2,5,11,26,8,10,28,13,4,0,9,6,0,0,10,8,6,11,15,0,8,0,16,21,6,5,17,0,1,7,15,23,8,24,15
lcl|CP017623.1_cds_AOW25816.1_112 [locus_tag=CAALFM_C101210WA] [db_xref=CGD:CAL0000188832] [protein=hypothetical protein] [protein_id=AOW25816.1] [location=245206..246453] [gbkey=CDS],14,9,11,17,4,5,1,8,20,6,2,12,6,8,3,17,7,2,2,9,5,2,1,6,3,0,2,2,2,2,2,8,23,10,14,12,3,2,2,12,2,3,1,11,7,6,4,7,0,3,0,11,10,6,3,12,0,0,7,3,6,8,14,14
lcl|CP017623.1_cds_AOW25817.1_113 [locus_tag=CAALFM_C101220CA] [db_xref=CGD:CAL0000179037] [protein=hypothetical protein] [protein_id=AOW25817.1] [location=complement(246661..247413)] [gbkey=CDS],5,13,3,9,11,4,2,5,6,4,0,13,3,4,2,3,10,2,7,4,7,2,0,3,2,2,0,1,3,3,2,6,8,5,4,13,6,2,0,3,3,0,2,4,3,0,1,6,0,3,0,5,11,4,4,9,0,0,0,1,5,1,3,2
lcl|CP017623.1_cds_AOW25818.1_114 [gene=IFD3] [locus_tag=CAALFM_C101240WA] [db_xref=CGD:CAL0000176253] [protein=Ifd3p] [protein_id=AOW25818.1] [location=248816..249865] [gbkey=CDS],21,4,9,10,3,4,0,6,13,1,1,7,5,6,6,15,9,1,3,3,7,0,0,3,1,0,1,2,0,1,0,5,24,4,5,16,3,7,2,11,7,1,5,8,0,5,3,18,0,5,0,9,7,5,1,6,0,1,5,2,10,6,15,10
lcl|CP017623.1_cds_AOW25819.1_115 [locus_tag=CAALFM_C101250WA] [db_xref=CGD:CAL0000200375] [protein=hypothetical protein] [protein_id=AOW25819.1] [location=250103..251977] [gbkey=CDS],38,18,16,23,4,14,0,16,17,2,0,9,4,11,7,25,28,3,5,7,18,0,2,8,0,2,0,4,1,2,0,3,44,8,8,27,9,8,1,16,7,4,2,13,6,6,8,14,0,9,0,17,16,10,3,9,0,1,8,0,21,8,36,17
lcl|CP017623.1_cds_AOW25820.1_116 [gene=TRS20] [locus_tag=CAALFM_C101260CA] [db_xref=CGD:CAL0000197935] [protein=TRAPP subunit] [protein_id=AOW25820.1] [location=complement(252036..252488)] [gbkey=CDS],9,5,3,6,3,1,1,3,1,1,0,2,2,2,1,7,7,0,2,0,2,1,1,2,0,0,0,0,1,1,0,2,5,1,2,9,2,2,1,1,2,2,0,0,2,1,1,3,0,2,0,7,5,2,2,5,0,0,0,2,7,7,5,5
lcl|CP017623.1_cds_AOW25821.1_117 [gene=CTA9] [locus_tag=CAALFM_C101270WA] [db_xref=CGD:CAL0000188386] [protein=Cta9p] [protein_id=AOW25821.1] [location=253158..254441] [gbkey=CDS],23,10,12,23,3,5,0,6,15,8,1,9,13,8,5,18,9,2,5,8,12,2,2,3,1,0,1,2,7,1,5,4,35,9,10,18,4,2,0,8,2,2,0,4,2,2,3,10,0,6,0,8,13,7,2,12,0,2,2,2,8,10,10,10
lcl|CP017623.1_cds_AOW25822.1_118 [gene=MED22] [locus_tag=CAALFM_C101280CA] [db_xref=CGD:CAL0000189257] [protein=Med22p] [protein_id=AOW25822.1] [location=complement(254618..254965)] [gbkey=CDS],9,2,1,7,3,2,0,3,0,1,0,2,7,4,4,7,8,0,0,0,0,1,0,0,1,0,0,1,1,0,0,1,8,1,5,5,1,0,0,2,0,0,0,0,2,0,1,0,0,0,0,0,4,0,0,1,0,0,2,2,6,0,3,6
lcl|CP017623.1_cds_AOW25823.1_119 [locus_tag=CAALFM_C101290CA] [db_xref=CGD:CAL0000176136] [protein=hypothetical protein] [protein_id=AOW25823.1] [location=complement(255170..257443)] [gbkey=CDS],50,17,20,35,19,10,5,7,18,9,4,10,17,8,11,36,16,7,4,21,10,6,1,13,8,1,3,6,9,2,2,8,49,10,16,33,15,6,0,9,6,5,9,11,8,5,13,13,0,7,0,15,24,5,12,14,0,1,8,3,14,7,24,21
lcl|CP017623.1_cds_AOW25824.1_120 [locus_tag=CAALFM_C101300WA] [db_xref=CGD:CAL0000188904] [protein=hypothetical protein] [protein_id=AOW25824.1] [location=257921..258904] [gbkey=CDS],24,8,5,14,7,1,3,8,3,1,1,10,7,3,0,19,17,1,1,3,4,1,0,6,0,0,0,2,1,2,0,1,17,8,5,20,6,3,0,5,4,2,1,6,5,4,4,12,0,5,0,5,4,4,3,6,0,1,3,3,6,5,16,10
lcl|CP017623.1_cds_AOW25825.1_121 [gene=MRS7] [locus_tag=CAALFM_C101320WA] [db_xref=CGD:CAL0000199751] [protein=Mrs7p] [protein_id=AOW25825.1] [location=259647..261173] [gbkey=CDS],35,13,22,13,9,4,4,11,18,1,0,9,8,7,7,20,14,4,8,4,9,1,2,8,0,0,0,6,2,2,5,1,34,10,10,18,10,5,0,10,3,2,2,8,3,5,5,13,0,6,0,9,9,6,5,11,0,1,3,3,16,5,39,9
lcl|CP017623.1_cds_AOW25826.1_122 [gene=DUT1] [locus_tag=CAALFM_C101330CA] [db_xref=CGD:CAL0000195525] [protein=bifunctional dITP/dUTP diphosphatase] [protein_id=AOW25826.1] [location=complement(261359..261838)] [gbkey=CDS],10,2,3,2,0,3,0,6,1,0,0,1,2,2,0,8,6,0,0,3,5,0,0,0,0,0,0,5,0,0,0,3,13,2,0,7,2,2,0,9,4,3,0,11,3,4,3,2,0,1,0,4,7,3,0,3,0,0,0,0,7,1,3,2
lcl|CP017623.1_cds_AOW25827.1_123 [locus_tag=CAALFM_C101340CA] [db_xref=CGD:CAL0000180657] [protein=hypothetical protein] [protein_id=AOW25827.1] [location=complement(262217..263083)] [gbkey=CDS],9,5,4,10,11,5,0,9,4,2,0,4,12,2,1,13,16,2,3,5,2,3,2,2,2,0,0,1,6,1,0,2,9,3,3,14,6,2,1,3,3,0,1,2,6,1,6,5,0,4,0,12,7,0,0,4,0,2,4,3,8,7,20,13
lcl|CP017623.1_cds_AOW25828.1_124 [gene=TIF] [locus_tag=CAALFM_C101350CA] [db_xref=CGD:CAL0000186279] [protein=translation initiation factor eIF4A] [protein_id=AOW25828.1] [location=complement(263479..264672)] [gbkey=CDS],14,12,7,5,0,15,0,14,22,0,0,2,0,15,10,24,18,2,0,2,11,0,0,0,0,0,0,1,0,0,0,0,28,7,0,18,2,9,0,15,1,0,2,22,0,15,0,13,0,10,0,3,3,4,0,13,0,0,0,3,16,12,19,7
lcl|CP017623.1_cds_AOW25829.1_125 [locus_tag=CAALFM_C101360CA] [db_xref=CGD:CAL0000195378] [protein=glycogenin glucosyltransferase] [protein_id=AOW25829.1] [location=complement(265483..267465)] [gbkey=CDS],29,8,15,19,6,6,3,21,10,3,0,5,8,5,2,19,25,9,3,13,27,8,6,14,3,2,0,0,4,0,4,6,52,13,23,41,13,8,0,15,6,4,4,7,9,3,13,15,0,8,0,22,6,4,6,13,0,1,11,0,19,8,31,21
"lcl|CP017623.1_cds_AOW25830.1_126 [gene=RPS21B] [locus_tag=CAALFM_C101370CA] [db_xref=CGD:CAL0000190545] [protein=ribosomal 40S subunit protein S21B] [protein_id=AOW25830.1] [location=complement(join(269372..269611,269989..270012))] [gbkey=CDS]",5,5,1,0,0,1,0,1,6,0,0,1,0,2,0,4,4,1,0,0,1,0,0,0,0,0,0,1,0,0,0,0,5,3,0,4,0,1,0,8,0,0,0,7,0,2,0,4,0,4,0,0,2,0,0,4,0,0,1,1,5,0,2,0
lcl|CP017623.1_cds_AOW25831.1_127 [gene=TRM2] [locus_tag=CAALFM_C101380CA] [db_xref=CGD:CAL0000192336] [protein=Trm2p] [protein_id=AOW25831.1] [location=complement(270319..271974)] [gbkey=CDS],35,14,7,31,10,7,1,10,18,3,1,3,8,13,5,23,19,2,5,5,14,2,2,10,2,0,0,5,1,2,1,7,31,8,9,24,10,1,0,12,6,2,5,13,8,7,10,15,0,7,0,14,12,7,7,8,0,1,2,10,19,5,15,16
lcl|CP017623.1_cds_AOW25832.1_128 [locus_tag=CAALFM_C101390CA] [db_xref=CGD:CAL0000195853] [protein=hypothetical protein] [protein_id=AOW25832.1] [location=complement(272374..274197)] [gbkey=CDS],25,46,12,45,13,4,5,11,11,10,2,14,9,4,15,9,33,7,26,11,19,3,6,12,2,1,3,2,5,4,6,6,26,7,6,14,6,5,1,10,8,4,6,10,4,4,6,3,0,4,0,10,17,8,10,12,0,0,3,0,15,3,8,15
lcl|CP017623.1_cds_AOW25833.1_129 [locus_tag=CAALFM_C101400CA] [db_xref=CGD:CAL0000174729] [protein=sphinganine kinase] [protein_id=AOW25833.1] [location=complement(275477..276952)] [gbkey=CDS],9,9,11,17,12,4,5,10,10,5,1,4,11,6,8,19,7,6,6,6,13,3,3,4,4,0,1,4,5,1,3,5,9,14,3,8,11,7,2,6,17,1,5,11,7,2,8,17,0,10,0,20,14,6,7,6,0,0,5,5,17,5,29,26
lcl|CP017623.1_cds_AOW25834.1_130 [gene=CRL1] [locus_tag=CAALFM_C101420CA] [db_xref=CGD:CAL0000197260] [protein=Rho family GTPase] [protein_id=AOW25834.1] [location=complement(278222..279262)] [gbkey=CDS],10,13,13,19,11,5,3,2,11,2,3,8,3,3,7,9,6,1,6,8,4,5,2,6,2,0,1,0,2,1,2,0,17,4,4,11,9,4,1,2,2,7,4,10,4,4,7,10,0,9,0,11,5,4,4,4,0,0,2,5,9,3,12,9
lcl|CP017623.1_cds_AOW25835.1_131 [gene=POX18] [locus_tag=CAALFM_C101440CA] [db_xref=CGD:CAL0000179404] [protein=Pox18p] [protein_id=AOW25835.1] [location=complement(280421..280819)] [gbkey=CDS],15,3,2,1,3,1,0,1,2,0,1,1,1,2,3,3,5,0,3,0,4,0,0,1,0,0,0,0,0,1,0,3,6,5,3,2,3,2,1,7,3,1,0,5,1,1,1,8,0,2,0,0,1,2,0,2,0,0,1,1,4,2,7,4
lcl|CP017623.1_cds_AOW25836.1_132 [gene=ABC1] [locus_tag=CAALFM_C101450WA] [db_xref=CGD:CAL0000176669] [protein=protein kinase] [protein_id=AOW25836.1] [location=282437..284137] [gbkey=CDS],28,10,8,19,3,8,2,12,24,6,1,7,5,8,18,21,21,1,5,9,15,1,1,8,0,0,0,6,2,3,0,5,35,10,6,21,13,6,2,13,8,3,2,16,3,4,6,24,0,10,0,6,7,12,6,13,0,1,6,6,27,8,19,15
lcl|CP017623.1_cds_AOW25837.1_133 [locus_tag=CAALFM_C101460WA] [db_xref=CGD:CAL0000187100] [protein=hypothetical protein] [protein_id=AOW25837.1] [location=284639..287617] [gbkey=CDS],37,14,16,23,19,9,7,21,20,7,7,23,18,13,21,43,23,5,14,11,11,7,4,8,9,2,1,4,16,2,3,8,45,8,18,42,17,13,7,22,11,3,15,18,13,8,17,31,0,12,0,21,21,13,16,17,0,4,15,12,30,19,49,48
lcl|CP017623.1_cds_AOW25838.1_134 [locus_tag=CAALFM_C101470WA] [db_xref=CGD:CAL0000175438] [protein=mRNA-binding protein] [protein_id=AOW25838.1] [location=288033..289328] [gbkey=CDS],27,8,11,20,7,3,1,12,12,1,2,4,6,3,3,15,28,3,5,6,19,0,4,11,3,0,0,4,1,2,1,2,25,6,5,15,6,4,0,21,5,3,5,12,4,4,5,4,0,3,0,5,7,1,1,9,0,2,2,19,6,5,11,11
lcl|CP017623.1_cds_AOW25839.1_135 [gene=RPS21] [locus_tag=CAALFM_C101480CA] [db_xref=CGD:CAL0000191073] [protein=ribosomal 40S subunit protein S2] [protein_id=AOW25839.1] [location=complement(289699..290448)] [gbkey=CDS],14,5,7,0,0,8,0,7,20,0,0,2,0,10,3,6,8,3,0,0,13,0,0,0,0,0,0,0,0,0,0,0,12,2,0,6,0,6,0,20,0,0,0,25,0,10,0,11,0,6,0,1,1,3,0,11,0,0,3,2,7,1,13,2
lcl|CP017623.1_cds_AOW25840.1_136 [locus_tag=CAALFM_C101490WA] [db_xref=CGD:CAL0000177503] [protein=hypothetical protein] [protein_id=AOW25840.1] [location=291847..292449] [gbkey=CDS],21,10,6,1,0,2,0,4,4,1,0,2,1,1,0,8,8,1,1,2,2,0,0,1,0,0,0,0,0,1,1,0,18,3,1,7,2,7,0,16,4,1,1,7,1,5,0,8,0,6,0,3,3,4,2,3,0,0,0,0,5,2,10,2
lcl|CP017623.1_cds_AOW25841.1_137 [locus_tag=CAALFM_C101510WA] [db_xref=CGD:CAL0000178375] [protein=hypothetical protein] [protein_id=AOW25841.1] [location=299614..301767] [gbkey=CDS],21,18,8,42,11,12,0,27,22,4,0,19,7,7,12,21,63,2,8,7,27,2,0,16,3,1,0,4,3,0,4,3,28,7,9,25,7,3,0,19,9,1,3,23,4,6,8,15,0,7,0,21,36,12,8,20,0,2,3,3,22,8,14,19
lcl|CP017623.1_cds_AOW25842.1_138 [gene=SOD2] [locus_tag=CAALFM_C101520CA] [db_xref=CGD:CAL0000191321] [protein=superoxide dismutase] [protein_id=AOW25842.1] [location=complement(305308..306012)] [gbkey=CDS],16,11,4,6,0,3,0,11,4,0,0,2,1,6,0,9,12,2,0,4,6,0,0,1,0,0,0,2,0,1,0,2,13,1,0,8,1,6,0,15,1,1,0,13,0,3,0,10,0,5,0,5,3,4,0,9,0,0,6,1,5,4,11,5
lcl|CP017623.1_cds_AOW25843.1_139 [locus_tag=CAALFM_C101530CA] [db_xref=CGD:CAL0000176283] [protein=arginine--tRNA ligase] [protein_id=AOW25843.1] [location=complement(306618..308486)] [gbkey=CDS],40,10,13,15,6,10,0,13,18,0,0,7,3,9,14,37,27,6,2,6,12,0,1,6,1,0,0,7,0,0,0,2,46,10,4,29,8,10,1,21,6,0,4,29,1,9,4,26,0,9,0,17,9,6,1,16,0,0,7,4,23,13,29,14
lcl|CP017623.1_cds_AOW25844.1_140 [locus_tag=CAALFM_C101540WA] [db_xref=CGD:CAL0000177685] [protein=hypothetical protein] [protein_id=AOW25844.1] [location=309122..310972] [gbkey=CDS],27,10,16,33,12,8,1,15,9,3,0,15,18,2,6,19,22,2,8,6,14,1,0,8,1,0,2,2,4,2,8,9,49,16,16,34,15,2,0,6,5,1,5,8,4,6,8,15,0,10,0,11,15,6,4,10,0,0,6,3,17,10,27,23
lcl|CP017623.1_cds_AOW25845.1_141 [gene=VPS17] [locus_tag=CAALFM_C101550WA] [db_xref=CGD:CAL0000176868] [protein=retromer subunit] [protein_id=AOW25845.1] [location=311200..312759] [gbkey=CDS],34,13,10,23,10,5,4,12,17,3,6,6,11,8,10,14,18,4,5,8,13,3,1,5,1,2,0,2,4,4,0,7,44,7,7,21,9,2,3,6,8,4,3,5,7,6,7,11,0,5,0,10,11,1,8,12,0,0,4,0,13,4,19,18
lcl|CP017623.1_cds_AOW25846.1_142 [gene=SIZ1] [locus_tag=CAALFM_C101560WA] [db_xref=CGD:CAL0000196444] [protein=SUMO ligase] [protein_id=AOW25846.1] [location=313161..317798] [gbkey=CDS],47,48,28,88,41,15,11,30,24,11,10,42,26,19,22,37,124,9,56,33,39,16,7,27,15,4,10,14,16,3,14,33,61,26,27,68,18,7,10,27,13,7,8,25,18,10,20,27,0,7,0,22,42,16,10,30,0,2,6,8,41,8,36,25
lcl|CP017623.1_cds_AOW25847.1_143 [gene=RPB7] [locus_tag=CAALFM_C101570CA] [db_xref=CGD:CAL0000194040] [protein=DNA-directed RNA polymerase II subunit] [protein_id=AOW25847.1] [location=complement(317950..318471)] [gbkey=CDS],8,2,3,5,4,2,0,3,5,1,1,5,5,0,6,5,2,0,1,2,7,1,0,4,0,0,0,0,1,0,0,0,8,2,1,9,3,2,0,2,6,2,1,5,2,3,6,8,0,2,0,4,5,1,1,0,0,0,1,2,6,3,6,8
lcl|CP017623.1_cds_AOW25848.1_144 [locus_tag=CAALFM_C101580WA] [db_xref=CGD:CAL0000194298] [protein=mitochondrial 54S ribosomal protein YmL23] [protein_id=AOW25848.1] [location=318929..319459] [gbkey=CDS],12,3,5,8,5,0,0,6,13,1,0,1,1,0,6,8,3,1,0,8,6,0,0,1,0,0,0,2,1,1,0,5,8,4,1,8,4,1,0,7,1,0,2,7,3,2,1,4,0,2,0,4,1,1,0,3,0,0,2,1,4,2,5,0
lcl|CP017623.1_cds_AOW25849.1_145 [locus_tag=CAALFM_C101590CA] [db_xref=CGD:CAL0000182792] [protein=DNA-directed RNA polymerase II core subunit] [protein_id=AOW25849.1] [location=complement(319665..323369)] [gbkey=CDS],50,9,24,30,16,17,7,33,65,0,0,10,11,13,38,57,48,8,4,22,35,3,2,16,2,0,1,14,0,1,0,7,90,9,6,71,15,18,4,31,12,1,22,48,13,8,12,43,0,11,0,33,30,9,7,30,0,2,8,16,41,22,52,26
lcl|CP017623.1_cds_AOW25850.1_146 [gene=MRP20] [locus_tag=CAALFM_C101600WA] [db_xref=CGD:CAL0000174219] [protein=mitochondrial 54S ribosomal protein YmL41] [protein_id=AOW25850.1] [location=323650..324531] [gbkey=CDS],23,0,8,14,2,3,1,4,19,0,0,6,4,1,7,9,16,0,1,5,13,1,0,9,1,0,0,3,1,0,2,5,14,0,3,13,6,1,0,7,5,0,3,6,2,0,0,15,0,2,0,12,3,0,0,4,0,0,4,1,14,4,6,9
"lcl|CP017623.1_cds_AOW25851.1_147 [locus_tag=CAALFM_C101610CA] [db_xref=CGD:CAL0000179833] [protein=hypothetical protein] [protein_id=AOW25851.1] [location=complement(join(324887..325739,325918..325940))] [gbkey=CDS]",11,3,4,34,7,3,1,9,7,0,2,10,6,2,4,22,6,0,1,2,4,1,1,4,0,0,0,0,0,0,1,4,9,3,1,12,6,2,0,3,6,1,0,5,1,1,6,9,0,1,0,10,9,2,0,9,0,1,4,1,12,5,7,12
lcl|CP017623.1_cds_AOW25852.1_148 [locus_tag=CAALFM_C101620CA] [db_xref=CGD:CAL0000201366] [protein=hypothetical protein] [protein_id=AOW25852.1] [location=complement(326428..327426)] [gbkey=CDS],24,3,3,16,7,4,0,9,7,0,0,3,1,4,1,23,7,1,4,9,10,0,0,5,0,0,0,1,0,0,0,4,19,2,1,14,4,1,0,16,8,0,2,14,5,3,3,11,0,3,0,15,8,0,0,8,0,0,5,0,17,1,12,13
lcl|CP017623.1_cds_AOW25853.1_149 [locus_tag=CAALFM_C101630WA] [db_xref=CGD:CAL0000177587] [protein=hypothetical protein] [protein_id=AOW25853.1] [location=331354..332037] [gbkey=CDS],17,3,0,10,1,1,1,10,8,0,0,2,0,1,5,7,11,0,0,6,5,0,0,4,3,0,0,0,0,1,0,0,9,3,1,12,0,5,0,4,3,1,1,11,4,4,2,8,0,0,0,7,6,2,0,7,0,0,6,1,14,4,9,6
"lcl|CP017623.1_cds_AOW25854.1_150 [gene=RPS42] [locus_tag=CAALFM_C101640WA] [db_xref=CGD:CAL0000191446] [protein=ribosomal 40S subunit protein S4A] [protein_id=AOW25854.1] [location=join(332721..332734,333303..334077)] [gbkey=CDS]",18,6,7,1,0,6,0,7,22,0,0,0,0,7,5,4,6,7,0,3,12,0,0,0,0,0,0,0,0,0,0,0,12,6,0,9,2,3,0,12,1,1,1,21,0,8,0,16,0,5,0,2,2,1,0,6,0,0,2,0,8,6,16,1
lcl|CP017623.1_cds_AOW25855.1_151 [gene=ISN1] [locus_tag=CAALFM_C101650WA] [db_xref=CGD:CAL0000179159] [protein=IMP 5'-nucleotidase] [protein_id=AOW25855.1] [location=334643..336025] [gbkey=CDS],22,4,10,23,8,5,2,7,13,2,0,10,4,8,6,22,17,1,1,8,2,0,1,7,5,1,0,4,2,0,0,6,32,2,1,30,4,8,1,13,6,2,5,11,6,2,6,14,0,2,0,15,10,2,4,5,0,1,5,8,36,7,9,11
lcl|CP017623.1_cds_AOW25856.1_152 [gene=ESP1] [locus_tag=CAALFM_C101670CA] [db_xref=CGD:CAL0000192671] [protein=separase] [protein_id=AOW25856.1] [location=complement(336700..341496)] [gbkey=CDS],106,50,24,134,14,6,2,40,19,13,2,32,39,15,22,85,69,4,12,20,18,7,2,10,10,5,3,3,15,7,7,22,51,21,20,73,9,4,2,10,15,8,11,21,15,7,8,41,0,11,0,45,61,16,9,24,0,5,18,27,90,21,74,63
lcl|CP017623.1_cds_AOW25857.1_153 [locus_tag=CAALFM_C101680CA] [db_xref=CGD:CAL0000197617] [protein=hypothetical protein] [protein_id=AOW25857.1] [location=complement(341928..342440)] [gbkey=CDS],11,2,5,6,4,5,2,9,11,1,1,0,2,0,2,7,4,0,0,3,4,1,0,0,1,0,0,3,0,0,0,4,13,1,2,5,2,0,0,5,0,0,0,6,1,0,2,2,0,1,0,3,7,2,1,3,0,0,2,0,9,1,7,6
lcl|CP017623.1_cds_AOW25858.1_154 [gene=LSC1] [locus_tag=CAALFM_C101690CA] [db_xref=CGD:CAL0000179127] [protein=succinate--CoA ligase (GDP-forming) subunit alpha] [protein_id=AOW25858.1] [location=complement(342930..343901)] [gbkey=CDS],17,6,4,4,2,6,0,14,10,0,1,2,0,8,6,18,12,1,0,4,17,0,0,4,0,0,0,1,0,0,0,2,20,1,0,8,3,14,0,22,1,0,1,36,1,1,0,20,0,2,0,4,2,5,0,9,0,0,0,2,7,8,13,3
lcl|CP017623.1_cds_AOW25860.1_156 [locus_tag=CAALFM_C101710WA] [db_xref=CGD:CAL0000193560] [protein=hypothetical protein] [protein_id=AOW25860.1] [location=351098..353101] [gbkey=CDS],58,10,12,61,21,6,0,30,7,4,7,34,10,6,6,19,24,2,3,12,17,2,4,15,0,0,1,1,5,0,3,2,15,1,2,38,4,4,2,6,7,1,2,17,6,2,4,9,0,3,0,24,24,7,6,29,0,0,5,2,36,4,13,11
lcl|CP017623.1_cds_AOW25861.1_157 [gene=CTN1] [locus_tag=CAALFM_C101740WA] [db_xref=CGD:CAL0000182064] [protein=carnitine O-acetyltransferase] [protein_id=AOW25861.1] [location=357079..359466] [gbkey=CDS],43,7,6,51,12,9,1,26,14,3,0,14,3,5,16,41,37,2,2,13,13,2,1,10,5,0,0,13,0,2,0,6,47,2,7,49,12,5,2,14,11,1,5,28,7,1,5,26,0,0,0,32,23,8,8,17,0,0,9,11,46,4,25,32
lcl|CP017623.1_cds_AOW25862.1_158 [locus_tag=CAALFM_C101750WA] [db_xref=CGD:CAL0000179216] [protein=hypothetical protein] [protein_id=AOW25862.1] [location=361029..362930] [gbkey=CDS],21,11,5,23,12,4,1,16,12,0,1,13,12,9,18,30,14,2,4,10,19,6,2,7,6,3,1,6,4,0,5,9,24,7,2,28,10,7,3,11,17,1,9,10,9,4,9,15,0,4,0,20,22,2,3,17,0,0,8,9,42,19,9,25
lcl|CP017623.1_cds_AOW25863.1_159 [gene=FGR38] [locus_tag=CAALFM_C101760WA] [db_xref=CGD:CAL0000188150] [protein=Fgr38p] [protein_id=AOW25863.1] [location=364172..366307] [gbkey=CDS],28,14,18,28,14,5,4,13,15,2,3,12,10,7,15,26,9,5,4,13,13,4,6,10,2,0,1,5,8,4,7,19,33,17,17,44,7,3,0,10,10,4,5,7,11,8,9,21,0,5,0,19,14,6,5,14,0,3,3,9,28,13,34,27
lcl|CP017623.1_cds_AOW25864.1_160 [gene=MAK32] [locus_tag=CAALFM_C101770WA] [db_xref=CGD:CAL0000179624] [protein=Mak32p] [protein_id=AOW25864.1] [location=366730..367860] [gbkey=CDS],16,3,2,30,12,2,0,9,5,2,2,7,10,6,6,17,16,0,1,6,8,3,0,6,6,0,0,2,1,0,0,1,20,5,2,26,5,1,2,4,7,2,5,10,2,2,3,7,0,2,0,12,11,1,3,5,0,1,3,7,23,6,9,10
lcl|CP017623.1_cds_AOW25865.1_161 [gene=HOL4] [locus_tag=CAALFM_C101780CA] [db_xref=CGD:CAL0000187281] [protein=Hol4p] [protein_id=AOW25865.1] [location=complement(367933..369807)] [gbkey=CDS],19,6,5,18,15,8,4,16,16,2,1,12,7,5,20,34,18,4,5,8,19,4,3,12,3,1,0,4,1,1,0,10,20,5,7,17,10,8,5,15,8,5,17,19,9,5,5,17,0,5,0,20,18,5,5,12,0,2,12,4,24,7,23,33
"lcl|CP017623.1_cds_AOW25866.1_162 [gene=SWI4] [locus_tag=CAALFM_C101790WA] [db_xref=CGD:CAL0000174900] [protein=SBF complex DNA-binding subunit] [protein_id=AOW25866.1] [location=join(372225..372266,372423..375440)] [gbkey=CDS]",40,27,23,53,27,10,5,17,17,7,3,13,21,11,25,38,72,9,14,18,33,4,4,19,7,0,1,5,6,4,3,8,61,21,10,38,23,13,3,20,18,2,8,15,6,5,13,21,0,11,0,14,28,7,6,19,0,2,4,9,29,13,38,17
lcl|CP017623.1_cds_AOW25867.1_163 [locus_tag=CAALFM_C101800WA] [db_xref=CGD:CAL0000175083] [protein=hypothetical protein] [protein_id=AOW25867.1] [location=375835..376554] [gbkey=CDS],18,6,7,20,8,1,3,9,1,0,0,5,5,2,1,5,12,0,1,1,5,1,0,2,0,0,0,1,2,0,1,1,19,5,6,11,1,2,0,3,5,0,1,3,6,5,3,5,0,1,0,4,11,1,1,1,0,0,1,1,11,4,5,4
lcl|CP017623.1_cds_AOW25868.1_164 [gene=UGA2] [locus_tag=CAALFM_C101810CA] [db_xref=CGD:CAL0000192412] [protein=Uga2p] [protein_id=AOW25868.1] [location=complement(376645..378174)] [gbkey=CDS],26,5,13,22,9,6,1,19,7,0,1,4,3,6,9,23,7,1,0,5,13,4,2,6,0,0,1,3,2,0,1,8,26,5,7,19,20,8,2,18,10,2,7,26,6,6,7,18,0,3,0,10,13,5,2,12,0,0,3,4,10,8,25,19
lcl|CP017623.1_cds_AOW25869.1_165 [locus_tag=CAALFM_C101820CA] [db_xref=CGD:CAL0000186980] [protein=TFIIH complex kinase subunit] [protein_id=AOW25869.1] [location=complement(378463..379650)] [gbkey=CDS],23,4,19,18,12,2,3,9,6,2,1,5,5,2,7,8,12,0,6,6,7,0,4,2,5,0,1,2,7,1,1,4,28,1,10,21,13,2,3,8,1,2,4,0,9,4,3,8,0,5,0,11,10,3,2,4,0,0,2,4,13,6,15,18
lcl|CP017623.1_cds_AOW25870.1_166 [gene=UBC8] [locus_tag=CAALFM_C101830CA] [db_xref=CGD:CAL0000197909] [protein=E2 ubiquitin-conjugating protein] [protein_id=AOW25870.1] [location=complement(380212..380784)] [gbkey=CDS],7,5,4,9,1,1,2,5,2,1,1,4,4,2,6,6,6,0,0,4,7,2,0,3,0,0,0,1,2,1,0,0,8,8,4,18,1,1,1,2,4,2,1,3,4,0,2,6,0,2,0,5,2,4,3,1,0,0,2,1,6,1,4,7
lcl|CP017623.1_cds_AOW25871.1_167 [locus_tag=CAALFM_C101840CA] [db_xref=CGD:CAL0000186101] [protein=hypothetical protein] [protein_id=AOW25871.1] [location=complement(381538..382092)] [gbkey=CDS],8,1,7,6,2,0,3,5,7,1,3,3,3,1,3,3,2,0,4,4,3,3,1,4,2,0,0,0,3,0,1,4,15,5,3,7,0,1,1,3,4,1,2,4,3,1,4,6,0,1,0,6,0,3,3,2,0,0,2,0,4,0,6,9
lcl|CP017623.1_cds_AOW25872.1_168 [locus_tag=CAALFM_C101850CA] [db_xref=CGD:CAL0000175047] [protein=hypothetical protein] [protein_id=AOW25872.1] [location=complement(382760..383590)] [gbkey=CDS],11,2,9,17,7,1,0,7,7,1,3,7,10,2,4,6,4,1,7,1,7,0,0,4,1,0,1,1,7,1,1,2,12,3,8,15,3,2,2,3,3,1,3,4,4,2,5,8,0,2,0,7,8,2,4,3,0,0,1,2,13,1,15,7
lcl|CP017623.1_cds_AOW25873.1_169 [locus_tag=CAALFM_C101860WA] [db_xref=CGD:CAL0000174383] [protein=hypothetical protein] [protein_id=AOW25873.1] [location=383753..384670] [gbkey=CDS],19,6,14,14,8,9,1,7,16,3,1,7,3,5,5,7,7,4,0,0,9,0,0,5,1,0,0,2,0,1,1,2,17,5,4,10,8,4,2,10,4,2,1,6,7,2,2,4,0,4,0,3,9,1,6,3,0,0,2,5,11,3,8,4
lcl|CP017623.1_cds_AOW25874.1_170 [gene=CYS4] [locus_tag=CAALFM_C101870CA] [db_xref=CGD:CAL0000179764] [protein=cystathionine beta-synthase] [protein_id=AOW25874.1] [location=complement(384790..386280)] [gbkey=CDS],36,10,12,15,5,10,1,22,11,0,0,3,3,14,2,27,10,1,0,3,21,0,1,0,0,0,0,1,0,0,0,2,33,9,0,21,1,12,0,23,7,2,1,29,2,6,1,22,0,5,0,9,6,7,4,18,0,0,4,0,17,8,30,8
lcl|CP017623.1_cds_AOW25875.1_171 [gene=PTR3] [locus_tag=CAALFM_C101880CA] [db_xref=CGD:CAL0000187245] [protein=Ptr3p] [protein_id=AOW25875.1] [location=complement(386597..388924)] [gbkey=CDS],38,16,17,42,15,6,1,20,18,7,5,21,18,10,17,36,22,0,4,7,13,6,5,12,6,1,1,8,11,4,11,8,38,8,9,35,11,8,2,10,12,5,5,11,6,5,12,17,0,8,0,17,20,10,8,23,0,4,4,9,16,13,20,22
lcl|CP017623.1_cds_AOW25876.1_172 [locus_tag=CAALFM_C101890CA] [db_xref=CGD:CAL0000191039] [protein=hypothetical protein] [protein_id=AOW25876.1] [location=complement(389271..390800)] [gbkey=CDS],24,15,10,22,17,6,6,11,9,4,4,14,8,5,7,19,12,2,6,12,12,1,2,11,3,2,1,7,4,0,3,2,22,10,15,22,7,2,2,11,7,3,1,4,7,5,6,11,0,2,0,12,17,11,4,15,0,0,1,2,15,9,13,11
lcl|CP017623.1_cds_AOW25877.1_173 [locus_tag=CAALFM_C101900CA] [db_xref=CGD:CAL0000188592] [protein=hypothetical protein] [protein_id=AOW25877.1] [location=complement(391247..392764)] [gbkey=CDS],47,7,21,17,17,5,5,15,5,0,1,4,7,7,7,24,7,3,3,7,17,5,2,10,2,0,0,2,5,2,0,8,28,5,10,18,9,8,2,6,5,0,3,9,6,5,9,15,0,1,0,14,10,7,5,15,0,0,2,3,13,3,15,16
lcl|CP017623.1_cds_AOW25878.1_174 [locus_tag=CAALFM_C101910WA] [db_xref=CGD:CAL0000185799] [protein=hypothetical protein] [protein_id=AOW25878.1] [location=393296..394360] [gbkey=CDS],28,8,5,11,4,5,1,5,6,3,2,12,5,5,3,13,6,0,0,7,6,1,1,4,1,0,0,3,0,1,1,3,25,7,1,16,1,5,0,10,8,1,2,9,3,5,4,10,0,5,0,7,12,5,1,6,0,0,5,4,15,5,18,13
lcl|CP017623.1_cds_AOW25879.1_175 [gene=ROA1] [locus_tag=CAALFM_C101920WA] [db_xref=CGD:CAL0000197958] [protein=Roa1p] [protein_id=AOW25879.1] [location=395587..399411] [gbkey=CDS],53,25,17,44,40,12,9,27,28,8,1,23,17,19,26,65,49,8,11,18,23,7,0,8,6,1,0,13,6,4,6,21,57,11,10,34,19,16,4,17,38,4,21,28,12,15,18,33,0,13,0,42,32,13,2,19,0,1,13,15,55,24,60,52
"lcl|CP017623.1_cds_AOW25880.1_176 [locus_tag=CAALFM_C101930WA] [db_xref=CGD:CAL0000193576] [protein=hypothetical protein] [protein_id=AOW25880.1] [location=join(400591..400619,400906..401977)] [gbkey=CDS]",18,8,7,21,10,3,2,14,6,1,1,7,4,3,0,16,14,5,3,6,11,2,2,8,0,0,0,2,1,3,1,2,24,9,11,17,5,4,0,7,3,6,0,4,2,2,3,11,0,3,0,5,13,9,6,13,0,0,3,0,7,3,9,5
lcl|CP017623.1_cds_AOW25881.1_177 [locus_tag=CAALFM_C101940CA] [db_xref=CGD:CAL0000197941] [protein=signal recognition particle subunit] [protein_id=AOW25881.1] [location=complement(402263..402769)] [gbkey=CDS],21,3,8,10,7,5,1,11,1,1,0,3,3,1,1,4,0,0,1,2,5,1,0,4,1,0,0,0,0,0,0,1,10,1,4,2,2,1,0,4,1,0,1,3,2,0,3,1,0,1,0,4,9,2,0,4,0,0,0,1,10,2,3,1
lcl|CP017623.1_cds_AOW25882.1_178 [locus_tag=CAALFM_C101950CA] [db_xref=CGD:CAL0000175736] [protein=hypothetical protein] [protein_id=AOW25882.1] [location=complement(403144..403689)] [gbkey=CDS],11,3,4,8,1,3,0,3,4,0,0,6,4,4,1,15,8,0,0,1,5,1,1,1,0,0,0,3,0,0,1,0,6,1,1,2,5,1,0,5,3,1,3,3,2,0,1,3,0,2,0,9,4,4,0,6,0,0,3,0,9,4,7,7
lcl|CP017623.1_cds_AOW25883.1_179 [locus_tag=CAALFM_C101970WA] [db_xref=CGD:CAL0000184101] [protein=hypothetical protein] [protein_id=AOW25883.1] [location=405749..406027] [gbkey=CDS],3,0,2,3,2,0,0,1,0,1,0,2,1,1,2,2,4,2,2,1,1,0,1,0,1,1,0,2,0,2,1,5,2,1,1,2,3,1,1,1,0,0,1,2,2,0,1,1,0,0,0,2,0,1,0,1,0,2,1,2,4,4,5,7
lcl|CP017623.1_cds_AOW25884.1_180 [gene=HGT1] [locus_tag=CAALFM_C101980WA] [db_xref=CGD:CAL0000200616] [protein=Hgt1p] [protein_id=AOW25884.1] [location=406673..408310] [gbkey=CDS],12,9,8,12,1,8,0,12,17,1,1,4,1,15,21,40,23,2,0,3,11,1,0,8,0,0,0,5,0,0,0,5,26,4,2,10,2,13,0,34,5,2,2,40,1,9,0,19,0,8,0,13,11,13,3,15,0,1,14,7,9,26,21,14
lcl|CP017623.1_cds_AOW25885.1_181 [gene=HSP30] [locus_tag=CAALFM_C101990WA] [db_xref=CGD:CAL0000192328] [protein=Hsp30p] [protein_id=AOW25885.1] [location=411340..412368] [gbkey=CDS],8,6,2,8,1,4,0,19,5,1,0,4,1,9,0,22,6,1,0,8,13,0,0,0,0,0,0,2,0,0,0,4,18,2,1,12,7,3,0,24,1,2,0,18,0,3,6,23,0,4,0,7,7,2,0,8,0,0,10,0,9,12,19,19
lcl|CP017623.1_cds_AOW25886.1_182 [locus_tag=CAALFM_C102000WA] [db_xref=CGD:CAL0000179006] [protein=hypothetical protein] [protein_id=AOW25886.1] [location=412817..413818] [gbkey=CDS],16,7,4,11,10,2,2,3,8,5,0,8,3,8,3,16,19,2,3,7,4,2,0,5,2,0,1,3,1,3,1,6,5,1,0,3,9,4,0,7,1,2,3,3,4,2,11,8,0,7,0,8,10,2,2,8,0,1,2,1,13,10,22,18
"lcl|CP017623.1_cds_AOW25887.1_183 [gene=ZCF24] [locus_tag=CAALFM_C102010CA] [db_xref=CGD:CAL0000180650] [protein=Zcf24p] [protein_id=AOW25887.1] [location=complement(join(414090..416136,416215..416273))] [gbkey=CDS]",43,11,8,43,14,3,2,15,14,4,4,12,15,4,17,30,17,3,4,9,10,6,1,12,9,0,0,6,4,3,4,9,39,8,4,38,15,8,1,8,11,0,4,9,7,8,6,16,0,1,0,28,17,4,6,4,0,2,4,18,37,13,21,27
lcl|CP017623.1_cds_AOW25888.1_184 [locus_tag=CAALFM_C102020WA] [db_xref=CGD:CAL0000176281] [protein=5-formyltetrahydrofolate cyclo-ligase] [protein_id=AOW25888.1] [location=416452..417075] [gbkey=CDS],14,6,5,8,4,3,0,5,1,1,1,0,7,3,6,6,8,1,2,6,6,1,0,4,2,0,1,1,4,1,1,5,11,0,1,9,2,1,2,2,3,2,2,3,0,3,2,5,0,0,0,8,6,0,0,5,0,1,1,1,10,3,4,6
lcl|CP017623.1_cds_AOW25889.1_185 [locus_tag=CAALFM_C102030CA] [db_xref=CGD:CAL0000179309] [protein=hypothetical protein] [protein_id=AOW25889.1] [location=complement(417078..417521)] [gbkey=CDS],7,2,3,11,2,2,0,4,4,0,0,4,3,2,2,4,9,3,0,3,7,1,0,2,3,0,1,0,0,0,0,2,4,0,0,5,4,2,0,5,3,0,0,7,2,0,1,5,0,0,0,4,2,0,2,1,0,0,3,4,5,2,2,2
lcl|CP017623.1_cds_AOW25890.1_186 [locus_tag=CAALFM_C102040CA] [db_xref=CGD:CAL0000181496] [protein=putative ubiquitin-specific protease] [protein_id=AOW25890.1] [location=complement(418019..420493)] [gbkey=CDS],49,16,15,45,15,14,2,36,15,0,1,13,6,10,19,38,34,2,5,18,19,1,1,15,4,0,2,10,4,1,6,7,61,12,10,43,3,6,0,17,4,4,5,13,7,4,10,16,0,6,0,18,22,4,5,20,0,3,4,8,30,14,30,21
lcl|CP017623.1_cds_AOW25891.1_187 [gene=PHO91] [locus_tag=CAALFM_C102050CA] [db_xref=CGD:CAL0000176776] [protein=Pho91p] [protein_id=AOW25891.1] [location=complement(421264..423846)] [gbkey=CDS],36,15,6,40,17,9,5,26,20,3,1,7,13,16,22,48,23,2,1,13,20,2,2,8,3,0,0,3,0,1,1,10,34,10,5,34,21,12,0,31,17,1,10,21,10,9,10,26,0,5,0,14,30,4,2,21,0,1,14,8,46,9,48,33
"lcl|CP017623.1_cds_AOW25892.1_188 [locus_tag=CAALFM_C102060WA] [db_xref=CGD:CAL0000201283] [protein=hypothetical protein] [protein_id=AOW25892.1] [location=join(425985..426012,426377..426615)] [gbkey=CDS]",3,1,2,4,2,0,0,3,2,0,0,1,2,1,2,4,2,1,1,1,3,1,1,1,1,0,0,0,0,1,1,1,0,1,1,3,2,1,0,2,3,1,0,4,1,0,2,1,0,3,0,0,0,0,0,0,0,2,0,5,1,3,3,6
lcl|CP017623.1_cds_AOW25893.1_189 [gene=HSP31] [locus_tag=CAALFM_C102070WA] [db_xref=CGD:CAL0000180035] [protein=Hsp31p] [protein_id=AOW25893.1] [location=427843..428838] [gbkey=CDS],10,12,3,6,1,8,0,9,5,0,0,4,0,9,4,16,9,3,0,6,7,0,0,4,0,0,0,1,0,1,1,9,17,2,1,7,6,2,0,17,0,1,0,17,2,4,3,22,0,9,0,3,6,3,0,6,0,0,10,1,9,20,17,17
lcl|CP017623.1_cds_AOW25894.1_190 [gene=SET6] [locus_tag=CAALFM_C102080WA] [db_xref=CGD:CAL0000174725] [protein=Set6p] [protein_id=AOW25894.1] [location=429371..430510] [gbkey=CDS],31,8,4,12,13,3,0,9,4,1,1,5,12,5,4,10,9,4,2,4,10,1,0,7,2,0,0,1,8,3,1,3,27,3,8,15,6,3,1,2,5,2,3,4,1,4,5,11,0,6,0,15,8,5,5,6,0,3,5,10,7,9,8,14
lcl|CP017623.1_cds_AOW25895.1_191 [locus_tag=CAALFM_C102090CA] [db_xref=CGD:CAL0000200463] [protein=hypothetical protein] [protein_id=AOW25895.1] [location=complement(430507..431994)] [gbkey=CDS],38,16,10,20,16,5,4,11,9,2,3,5,13,7,6,17,14,2,4,7,14,1,3,10,3,0,0,0,4,1,0,6,30,7,7,17,8,1,2,7,10,1,2,8,7,3,2,14,0,0,0,13,12,5,0,9,0,3,5,4,15,6,21,24
lcl|CP017623.1_cds_AOW25896.1_192 [locus_tag=CAALFM_C102100WA] [db_xref=CGD:CAL0000177926] [protein=hypothetical protein] [protein_id=AOW25896.1] [location=432225..433841] [gbkey=CDS],43,15,13,37,20,8,0,2,7,4,2,11,8,13,12,13,22,4,2,8,10,4,1,5,1,0,1,2,4,0,4,7,32,3,10,20,6,4,1,5,7,0,9,9,5,3,4,13,0,8,0,13,18,1,4,9,0,3,2,5,13,1,32,14
lcl|CP017623.1_cds_AOW25897.1_193 [gene=HGT2] [locus_tag=CAALFM_C102110CA] [db_xref=CGD:CAL0000184480] [protein=Hgt2p] [protein_id=AOW25897.1] [location=complement(434412..436049)] [gbkey=CDS],13,10,9,12,1,7,0,10,16,1,0,4,2,10,20,46,22,1,0,5,14,0,0,7,0,0,0,4,0,0,0,5,23,4,0,11,5,14,0,30,5,0,2,44,1,8,0,19,0,7,0,14,12,11,1,20,0,1,14,7,13,25,18,16
lcl|CP017623.1_cds_AOW25898.1_194 [gene=SHA3] [locus_tag=CAALFM_C102120CA] [db_xref=CGD:CAL0000189265] [protein=putative serine/threonine protein kinase] [protein_id=AOW25898.1] [location=complement(442448..444235)] [gbkey=CDS],22,17,4,45,14,15,2,17,10,2,0,13,12,10,13,23,38,8,3,17,18,3,0,5,2,1,1,4,0,3,1,4,31,4,8,30,5,5,1,12,9,0,2,8,5,1,5,8,0,15,0,23,11,1,1,3,0,2,2,11,27,5,13,19
lcl|CP017623.1_cds_AOW25899.1_195 [gene=GAL1] [locus_tag=CAALFM_C102130CA] [db_xref=CGD:CAL0000190186] [protein=galactokinase] [protein_id=AOW25899.1] [location=complement(449253..450800)] [gbkey=CDS],33,16,4,24,10,3,4,14,5,6,0,8,6,5,8,23,21,1,2,8,7,1,0,9,2,0,0,2,0,0,0,3,18,5,6,32,10,4,0,13,9,2,6,13,8,5,8,18,0,4,0,12,16,4,2,6,0,0,3,8,23,9,30,15
lcl|CP017623.1_cds_AOW25900.1_196 [gene=GAL10] [locus_tag=CAALFM_C102150WA] [db_xref=CGD:CAL0000174041] [protein=bifunctional UDP-glucose 4-epimerase/aldose 1-epimerase] [protein_id=AOW25900.1] [location=452164..454191] [gbkey=CDS],42,17,8,37,8,4,1,22,14,1,0,12,3,11,5,32,14,3,0,11,16,2,0,6,0,0,0,8,0,0,0,3,35,8,7,39,14,4,1,21,14,1,4,35,7,11,8,28,0,4,0,25,8,7,1,11,0,1,7,7,20,19,27,20
lcl|CP017623.1_cds_AOW25901.1_197 [locus_tag=CAALFM_C102160WA] [db_xref=CGD:CAL0000180328] [protein=TRAPP subunit] [protein_id=AOW25901.1] [location=454396..454902] [gbkey=CDS],8,6,2,10,3,1,1,3,2,0,0,6,5,3,4,5,4,1,1,3,4,0,0,1,0,0,0,1,4,0,1,4,4,0,2,7,5,5,0,2,1,1,3,7,1,2,2,4,0,4,0,4,4,0,0,6,0,0,0,0,9,3,4,4
lcl|CP017623.1_cds_AOW25902.1_198 [gene=GAL102] [locus_tag=CAALFM_C102170CA] [db_xref=CGD:CAL0000194591] [protein=Gal102p] [protein_id=AOW25902.1] [location=complement(454861..455823)] [gbkey=CDS],19,11,6,17,7,3,0,10,2,2,0,4,14,12,4,9,8,1,1,6,8,3,2,2,3,0,1,1,6,1,1,7,15,4,1,14,4,0,1,6,6,3,2,5,3,1,2,11,0,4,0,15,8,1,0,5,0,2,2,3,6,4,10,10
lcl|CP017623.1_cds_AOW25903.1_199 [gene=GAL7] [locus_tag=CAALFM_C102180WA] [db_xref=CGD:CAL0000182951] [protein=UDP-glucose:hexose-1-phosphate uridylyltransferase] [protein_id=AOW25903.1] [location=456751..457911] [gbkey=CDS],29,4,2,21,6,1,0,13,6,0,1,3,5,2,9,9,18,0,3,14,13,1,0,11,0,1,0,4,2,0,0,5,24,3,2,18,7,0,0,14,4,1,0,10,1,2,9,4,0,1,0,18,6,1,2,7,0,0,6,10,21,6,14,11
lcl|CP017623.1_cds_AOW25904.1_200 [gene=ABP140] [locus_tag=CAALFM_C102190WA] [db_xref=CGD:CAL0000183988] [protein=Abp140p] [protein_id=AOW25904.1] [location=458366..459304] [gbkey=CDS],25,1,4,21,5,0,1,3,11,0,0,4,6,2,2,8,13,1,1,5,11,0,1,3,2,0,0,2,1,0,1,0,26,2,0,19,3,2,0,7,3,0,2,12,5,2,3,9,0,1,0,13,6,0,1,5,0,0,7,3,20,6,4,16
lcl|CP017623.1_cds_AOW25905.1_201 [locus_tag=CAALFM_C102200CA] [db_xref=CGD:CAL0000174020] [protein=hypothetical protein] [protein_id=AOW25905.1] [location=complement(459294..460130)] [gbkey=CDS],15,5,3,16,4,2,2,5,1,1,2,1,13,3,7,20,13,0,1,4,8,2,2,4,2,0,0,1,9,2,1,4,11,3,2,10,1,4,1,1,2,1,2,4,4,1,3,5,0,3,0,10,8,0,1,8,0,1,6,1,11,4,10,6
lcl|CP017623.1_cds_AOW25906.1_202 [locus_tag=CAALFM_C102210WA] [db_xref=CGD:CAL0000196833] [protein=hypothetical protein] [protein_id=AOW25906.1] [location=461070..462782] [gbkey=CDS],45,12,11,35,21,10,0,20,16,2,2,16,16,6,4,21,15,3,2,18,30,5,5,12,5,0,1,6,3,4,2,4,19,6,7,30,6,1,1,3,7,0,3,8,7,0,5,13,0,3,0,16,26,6,4,8,0,0,1,3,18,3,5,8
lcl|CP017623.1_cds_AOW25907.1_203 [locus_tag=CAALFM_C102220CA] [db_xref=CGD:CAL0000191549] [protein=NADHX epimerase] [protein_id=AOW25907.1] [location=complement(462849..463859)] [gbkey=CDS],24,2,2,14,13,4,1,4,3,0,0,3,7,4,3,23,11,0,0,6,12,1,4,8,2,0,0,3,1,1,1,6,12,0,1,17,10,1,0,10,9,1,0,9,6,4,0,6,0,1,0,11,13,2,1,9,0,0,3,3,24,5,3,11
lcl|CP017623.1_cds_AOW25908.1_204 [gene=SEP7] [locus_tag=CAALFM_C102230WA] [db_xref=CGD:CAL0000186883] [protein=septin] [protein_id=AOW25908.1] [location=465637..467649] [gbkey=CDS],34,3,10,63,12,6,5,30,26,1,0,21,10,4,7,26,28,1,0,24,12,1,1,7,1,0,1,5,0,1,4,2,47,1,2,48,7,5,0,13,12,2,5,16,5,3,3,18,0,0,0,18,22,1,2,11,0,0,1,3,24,2,29,23
lcl|CP017623.1_cds_AOW25909.1_205 [locus_tag=CAALFM_C102240WA] [db_xref=CGD:CAL0000186968] [protein=karyopherin beta] [protein_id=AOW25909.1] [location=469116..471743] [gbkey=CDS],30,5,6,46,10,13,5,20,23,0,2,16,14,3,18,46,59,0,0,6,10,6,0,12,1,0,1,1,0,0,0,18,62,4,1,49,24,23,1,47,14,0,2,23,9,6,10,27,0,0,0,21,20,6,2,12,0,1,10,12,63,5,25,24
lcl|CP017623.1_cds_AOW25910.1_206 [gene=CWH8] [locus_tag=CAALFM_C102250WA] [db_xref=CGD:CAL0000176202] [protein=Cwh8p] [protein_id=AOW25910.1] [location=474919..475644] [gbkey=CDS],12,1,0,9,1,0,2,6,7,0,0,3,8,2,7,22,5,0,0,6,7,1,0,4,0,0,0,1,0,0,0,3,10,0,0,8,1,1,0,9,4,0,2,9,4,1,2,11,0,0,0,19,10,0,0,3,0,0,3,3,16,5,2,10
lcl|CP017623.1_cds_AOW25911.1_207 [gene=AGE3] [locus_tag=CAALFM_C102260CA] [db_xref=CGD:CAL0000194066] [protein=Age3p] [protein_id=AOW25911.1] [location=complement(475896..477035)] [gbkey=CDS],31,12,2,36,9,0,0,17,7,0,0,10,3,1,5,10,20,0,1,5,14,1,0,5,0,0,0,2,0,0,0,3,19,1,0,26,1,2,0,11,12,0,5,17,3,0,1,12,0,0,0,8,12,2,1,4,0,0,3,5,15,4,3,17
lcl|CP017623.1_cds_AOW25912.1_208 [locus_tag=CAALFM_C102270CA] [db_xref=CGD:CAL0000180860] [protein=hypothetical protein] [protein_id=AOW25912.1] [location=complement(477305..478183)] [gbkey=CDS],18,0,1,15,4,3,0,9,6,1,0,3,0,1,2,18,10,0,0,2,7,0,2,0,1,0,0,4,0,0,1,5,10,0,1,17,4,9,1,19,7,0,2,23,5,1,0,21,0,1,0,5,9,0,0,6,0,0,2,2,18,4,4,7
lcl|CP017623.1_cds_AOW25913.1_209 [gene=PSY2] [locus_tag=CAALFM_C102280CA] [db_xref=CGD:CAL0000200329] [protein=Psy2p] [protein_id=AOW25913.1] [location=complement(478626..481568)] [gbkey=CDS],57,23,3,94,25,9,2,30,13,1,1,19,33,8,9,50,25,1,0,15,12,5,1,8,8,1,0,2,9,0,5,11,81,6,4,64,10,7,1,18,15,1,12,12,11,4,6,16,0,2,0,31,34,12,3,12,0,1,3,11,66,12,13,31
lcl|CP017623.1_cds_AOW25914.1_210 [locus_tag=CAALFM_C102290CA] [db_xref=CGD:CAL0000191919] [protein=ATP synthase complex assembly protein] [protein_id=AOW25914.1] [location=complement(482379..483590)] [gbkey=CDS],36,3,2,20,6,5,0,27,17,0,3,5,7,4,4,19,16,0,0,10,9,2,0,4,1,1,0,1,1,1,0,6,33,0,1,20,3,3,0,10,6,1,1,5,2,0,1,6,0,0,0,15,5,3,0,3,0,0,7,7,35,4,11,10
lcl|CP017623.1_cds_AOW25915.1_211 [locus_tag=CAALFM_C102300WA] [db_xref=CGD:CAL0000200924] [protein=prefolding complex chaperone subunit] [protein_id=AOW25915.1] [location=483698..484063] [gbkey=CDS],14,0,1,15,3,1,0,8,0,0,0,1,2,1,4,4,12,0,0,0,0,0,0,0,1,0,0,0,1,0,0,3,6,1,0,6,3,1,0,0,1,0,0,5,0,1,0,5,0,0,0,3,1,1,0,1,0,0,1,2,10,0,0,1
lcl|CP017623.1_cds_AOW25916.1_212 [locus_tag=CAALFM_C102310CA] [db_xref=CGD:CAL0000189656] [protein=chromatin DNA-binding EKC/KEOPS complex subunit] [protein_id=AOW25916.1] [location=complement(484174..484539)] [gbkey=CDS],11,2,0,6,3,1,0,6,4,0,0,1,5,0,1,3,3,0,0,5,3,0,0,2,1,0,0,0,1,0,0,3,11,1,2,11,0,1,0,3,1,0,1,10,1,0,0,1,0,1,0,0,1,1,0,3,0,0,0,0,7,1,1,1
"lcl|CP017623.1_cds_AOW25917.1_213 [locus_tag=CAALFM_C102320CA] [db_xref=CGD:CAL0000179837] [protein=bifunctional fructose-2,6-bisphosphate 2-phosphatase/6-phosphofructo-2-kinase] [protein_id=AOW25917.1] [location=complement(484846..486477)] [gbkey=CDS]",29,3,4,31,11,3,2,17,19,0,0,5,8,5,9,30,20,0,1,17,12,5,0,10,5,0,1,3,0,0,2,5,37,1,0,32,11,4,2,16,6,0,6,17,6,2,2,10,0,1,0,29,19,4,1,14,0,0,4,4,33,7,4,13
"lcl|CP017623.1_cds_AOW25918.1_214 [locus_tag=CAALFM_C102330CA] [db_xref=CGD:CAL0000201086] [protein=ribosomal 60S subunit protein L26B] [protein_id=AOW25918.1] [location=complement(join(487350..487714,488178..488196))] [gbkey=CDS]",17,1,1,4,0,0,0,2,9,0,0,1,0,2,0,5,7,0,0,2,4,0,0,0,0,0,0,1,0,0,0,1,6,2,0,3,0,1,0,8,0,0,0,6,0,2,0,11,0,1,0,2,4,1,0,10,0,0,0,0,6,1,4,1
lcl|CP017623.1_cds_AOW25919.1_215 [gene=TIM21] [locus_tag=CAALFM_C102350WA] [db_xref=CGD:CAL0000180033] [protein=Tim21p] [protein_id=AOW25919.1] [location=489332..490138] [gbkey=CDS],22,1,2,14,7,0,1,3,10,0,0,2,4,2,3,17,15,0,0,10,11,1,3,4,2,0,0,1,0,0,1,7,8,0,0,9,6,0,1,5,9,0,2,7,3,0,0,13,0,2,0,5,11,1,1,6,0,0,3,0,20,2,3,7
"lcl|CP017623.1_cds_AOW25920.1_216 [gene=PGA5] [locus_tag=CAALFM_C102360CA] [db_xref=CGD:CAL0000178583] [protein=1,3-beta-glucanosyltransferase] [protein_id=AOW25920.1] [location=complement(490252..492177)] [gbkey=CDS]",45,12,0,35,17,6,0,17,12,1,0,9,15,6,6,27,21,0,0,8,15,2,1,9,4,0,0,4,1,0,2,3,55,2,6,39,6,4,3,20,10,0,3,27,6,3,1,16,0,0,0,27,18,2,0,17,0,0,7,20,33,7,5,25
lcl|CP017623.1_cds_AOW25921.1_217 [locus_tag=CAALFM_C102370CA] [db_xref=CGD:CAL0000194228] [protein=hypothetical protein] [protein_id=AOW25921.1] [location=complement(492588..496217)] [gbkey=CDS],80,17,6,94,26,29,1,59,14,3,2,24,29,15,20,76,47,3,4,19,39,5,0,12,3,0,0,11,2,1,1,14,78,6,4,85,5,4,0,10,7,0,2,21,5,3,6,16,0,0,0,32,63,9,0,48,0,0,7,8,70,7,20,36
lcl|CP017623.1_cds_AOW25922.1_218 [locus_tag=CAALFM_C102380CA] [db_xref=CGD:CAL0000196630] [protein=Arf family GTPase] [protein_id=AOW25922.1] [location=complement(498351..498953)] [gbkey=CDS],18,10,1,12,5,5,0,4,3,0,0,5,9,2,2,15,12,0,0,0,2,1,0,1,4,0,0,0,0,0,0,1,8,0,0,14,0,1,0,0,4,0,2,6,4,2,3,1,0,0,0,5,3,0,0,2,0,0,6,0,20,2,2,2
lcl|CP017623.1_cds_AOW25923.1_219 [locus_tag=CAALFM_C102390WA] [db_xref=CGD:CAL0000194119] [protein=hypothetical protein] [protein_id=AOW25923.1] [location=499217..501709] [gbkey=CDS],52,9,19,53,23,24,5,37,10,8,4,12,32,13,14,34,41,0,2,16,20,2,0,11,11,1,4,4,0,0,5,4,53,1,5,44,5,1,2,6,9,1,1,16,10,1,3,13,0,1,0,28,35,4,4,10,0,0,4,13,40,6,10,33
"lcl|CP017623.1_cds_AOW25924.1_220 [gene=MNN11] [locus_tag=CAALFM_C102400CA] [db_xref=CGD:CAL0000193393] [protein=alpha-1,6-mannosyltransferase] [protein_id=AOW25924.1] [location=complement(502050..503384)] [gbkey=CDS]",42,2,2,33,3,2,2,14,2,0,1,5,10,0,8,31,14,0,0,11,17,2,2,8,7,0,0,0,2,0,2,3,19,0,0,22,1,2,0,15,9,0,2,6,3,0,1,9,0,0,0,24,21,1,0,8,0,0,8,3,33,4,3,24
lcl|CP017623.1_cds_AOW25925.1_221 [locus_tag=CAALFM_C102410CA] [db_xref=CGD:CAL0000177551] [protein=hypothetical protein] [protein_id=AOW25925.1] [location=complement(504151..505224)] [gbkey=CDS],12,1,3,18,10,3,1,8,11,0,0,10,16,2,3,33,24,0,0,5,8,1,1,4,1,0,0,1,1,0,1,3,12,0,1,10,3,1,0,10,7,0,0,12,4,0,11,8,0,0,0,10,17,3,2,3,0,0,3,1,27,6,4,20
"lcl|CP017623.1_cds_AOW25926.1_222 [gene=GSC1] [locus_tag=CAALFM_C102420CA] [db_xref=CGD:CAL0000176780] [protein=1,3-beta-glucan synthase] [protein_id=AOW25926.1] [location=complement(505969..511662)] [gbkey=CDS]",52,22,29,62,16,20,2,57,93,0,0,8,3,18,55,105,79,5,4,32,66,0,2,21,0,0,0,17,1,1,0,17,89,13,3,79,12,39,3,75,21,1,5,96,6,13,14,68,0,30,0,76,33,18,13,47,0,1,36,25,60,64,105,64
lcl|CP017623.1_cds_AOW25927.1_223 [locus_tag=CAALFM_C102430CA] [db_xref=CGD:CAL0000199029] [protein=hypothetical protein] [protein_id=AOW25927.1] [location=complement(515594..517525)] [gbkey=CDS],46,0,7,38,11,4,0,27,16,0,1,10,9,2,2,28,25,0,1,10,26,2,3,20,2,0,0,8,0,1,0,5,40,3,4,17,14,8,0,39,6,0,3,27,3,3,2,19,0,1,0,18,22,3,0,18,0,2,10,8,30,10,9,19
lcl|CP017623.1_cds_AOW25928.1_224 [locus_tag=CAALFM_C102440CA] [db_xref=CGD:CAL0000186385] [protein=ubiquitin-specific protease] [protein_id=AOW25928.1] [location=complement(518168..519169)] [gbkey=CDS],20,1,8,15,7,2,1,9,6,2,2,6,9,2,1,18,10,0,1,5,8,1,1,5,4,0,0,0,6,0,2,4,25,3,0,26,3,1,0,6,4,0,7,5,6,1,2,6,0,1,0,10,11,4,2,5,0,0,4,6,15,7,9,7
lcl|CP017623.1_cds_AOW25929.1_225 [locus_tag=CAALFM_C102450CA] [db_xref=CGD:CAL0000190982] [protein=hypothetical protein] [protein_id=AOW25929.1] [location=complement(520056..520586)] [gbkey=CDS],17,0,2,12,0,2,1,3,7,0,0,4,9,0,3,3,17,0,3,3,3,1,0,2,1,0,0,1,1,0,0,2,15,0,1,12,1,1,0,7,3,0,1,2,1,0,1,3,0,0,0,9,3,0,0,2,0,0,0,2,8,0,3,3
lcl|CP017623.1_cds_AOW25930.1_226 [gene=RPL10] [locus_tag=CAALFM_C102460WA] [db_xref=CGD:CAL0000194016] [protein=ribosomal 60S subunit protein L10] [protein_id=AOW25930.1] [location=521288..521950] [gbkey=CDS],13,7,7,4,0,1,0,4,20,0,0,0,0,6,3,9,9,1,0,4,10,0,0,0,0,0,0,2,0,0,0,0,9,2,0,8,0,7,0,13,0,0,0,14,0,3,0,9,0,10,0,1,4,0,0,9,0,0,2,5,6,7,10,0
lcl|CP017623.1_cds_AOW25931.1_227 [locus_tag=CAALFM_C102470WA] [db_xref=CGD:CAL0000183813] [protein=hypothetical protein] [protein_id=AOW25931.1] [location=522615..523085] [gbkey=CDS],2,5,1,8,3,0,1,6,4,0,2,3,4,0,1,7,20,3,0,1,1,0,1,2,0,0,1,1,0,0,1,1,10,0,2,11,4,0,1,3,1,0,0,1,1,1,2,0,0,0,0,6,7,0,0,3,0,0,3,2,10,1,2,5
lcl|CP017623.1_cds_AOW25932.1_228 [gene=PMM1] [locus_tag=CAALFM_C102480WA] [db_xref=CGD:CAL0000183926] [protein=phosphomannomutase] [protein_id=AOW25932.1] [location=523976..524734] [gbkey=CDS],20,3,0,13,1,1,0,13,10,0,0,1,0,2,3,16,9,2,0,4,7,0,0,2,0,0,0,1,0,0,0,1,19,2,0,17,1,0,0,6,1,0,0,18,1,0,0,12,0,1,0,9,4,0,0,9,0,1,2,1,16,4,4,14
lcl|CP017623.1_cds_AOW25933.1_229 [locus_tag=CAALFM_C102490CA] [db_xref=CGD:CAL0000195583] [protein=hypothetical protein] [protein_id=AOW25933.1] [location=complement(524841..526862)] [gbkey=CDS],66,4,4,69,7,2,0,25,16,0,1,5,14,11,7,37,23,0,0,10,15,2,0,11,6,0,1,6,1,1,2,7,27,6,4,40,4,2,0,6,15,2,7,16,8,1,7,15,0,1,0,26,16,4,4,15,0,0,7,7,40,9,11,19
lcl|CP017623.1_cds_AOW25934.1_230 [locus_tag=CAALFM_C102500WA] [db_xref=CGD:CAL0000177185] [protein=hypothetical protein] [protein_id=AOW25934.1] [location=527100..527726] [gbkey=CDS],16,0,4,12,3,5,1,9,8,0,0,6,8,1,4,4,12,0,0,1,2,0,0,0,2,0,0,2,2,0,0,1,16,0,0,8,1,0,0,7,4,0,1,3,2,4,1,7,0,1,0,3,8,3,0,4,0,0,1,1,17,1,3,8
lcl|CP017623.1_cds_AOW25935.1_231 [locus_tag=CAALFM_C102510WA] [db_xref=CGD:CAL0000190829] [protein=hypothetical protein] [protein_id=AOW25935.1] [location=528029..528760] [gbkey=CDS],16,3,2,12,8,3,0,10,8,1,2,4,5,4,3,3,23,1,1,3,2,0,1,0,2,0,0,1,1,0,1,0,17,0,3,11,6,0,0,2,5,0,0,4,2,1,4,5,0,1,0,7,9,1,1,5,0,0,2,1,20,4,4,7
lcl|CP017623.1_cds_AOW25936.1_232 [gene=SCW4] [locus_tag=CAALFM_C102520WA] [db_xref=CGD:CAL0000198806] [protein=Scw4p] [protein_id=AOW25936.1] [location=530172..531908] [gbkey=CDS],16,6,4,22,6,4,2,24,3,2,0,16,4,3,4,16,29,1,2,3,19,0,4,9,0,0,0,0,0,0,1,4,10,5,1,20,13,20,2,65,18,1,6,32,6,8,7,23,0,9,0,9,20,8,2,35,0,0,8,5,14,2,12,12
lcl|CP017623.1_cds_AOW25937.1_233 [gene=DIP5] [locus_tag=CAALFM_C102530CA] [db_xref=CGD:CAL0000194693] [protein=Dip5p] [protein_id=AOW25937.1] [location=complement(532403..534163)] [gbkey=CDS],26,6,5,16,11,5,0,11,16,1,2,6,3,9,9,36,8,4,1,6,13,2,0,3,2,0,0,3,0,1,4,15,23,6,1,14,10,11,0,29,9,2,10,28,3,10,6,31,0,14,0,16,11,5,2,9,0,0,9,8,21,22,29,22
lcl|CP017623.1_cds_AOW25938.1_234 [gene=PUT4] [locus_tag=CAALFM_C102570CA] [db_xref=CGD:CAL0000183611] [protein=Put4p] [protein_id=AOW25938.1] [location=complement(537385..539079)] [gbkey=CDS],22,5,10,23,5,3,2,14,10,0,1,5,11,4,10,25,11,1,0,7,11,1,0,8,1,0,0,5,0,3,3,7,18,1,2,12,16,6,0,16,11,2,9,24,4,3,11,22,0,5,0,22,13,5,3,16,0,0,11,15,22,21,24,41
lcl|CP017623.1_cds_AOW25939.1_235 [gene=HNM4] [locus_tag=CAALFM_C102580WA] [db_xref=CGD:CAL0000188197] [protein=Hnm4p] [protein_id=AOW25939.1] [location=540001..541512] [gbkey=CDS],15,9,1,17,13,8,3,6,3,3,0,12,16,8,12,24,11,3,0,7,10,4,3,1,1,0,0,2,4,1,0,8,9,3,4,7,17,5,2,8,16,3,1,9,9,9,14,13,0,4,0,21,15,4,5,11,0,2,7,14,22,10,24,29
lcl|CP017623.1_cds_AOW25940.1_236 [gene=SNZ1] [locus_tag=CAALFM_C102590CA] [db_xref=CGD:CAL0000181647] [protein=pyridoxine biosynthesis protein] [protein_id=AOW25940.1] [location=complement(541722..542600)] [gbkey=CDS],22,4,5,3,1,4,2,7,11,0,0,2,1,5,11,17,6,1,1,3,4,1,0,5,0,0,0,1,0,0,0,3,23,1,3,16,13,5,0,12,5,1,1,15,4,4,3,14,0,2,0,2,6,1,0,4,0,0,1,7,10,3,11,4
lcl|CP017623.1_cds_AOW25941.1_237 [gene=SNO1] [locus_tag=CAALFM_C102600WA] [db_xref=CGD:CAL0000182201] [protein=putative pyridoxal 5'-phosphate synthase] [protein_id=AOW25941.1] [location=544056..544805] [gbkey=CDS],13,4,3,5,3,3,1,2,8,1,1,4,11,1,1,10,8,2,3,5,2,2,1,3,2,0,0,0,2,2,1,3,12,4,6,13,7,2,0,3,3,1,2,8,4,2,6,6,0,4,0,6,10,4,1,1,0,0,2,3,6,5,10,10
lcl|CP017623.1_cds_AOW25942.1_238 [gene=IML1] [locus_tag=CAALFM_C102610WA] [db_xref=CGD:CAL0000199259] [protein=Iml1p] [protein_id=AOW25942.1] [location=545022..549395] [gbkey=CDS],81,28,24,63,44,16,5,29,38,12,11,21,43,14,31,41,47,11,13,25,29,10,8,19,17,5,4,10,7,8,7,19,63,30,28,57,23,14,3,20,26,5,14,16,20,8,9,39,0,14,0,34,40,8,10,32,0,6,22,9,48,23,41,54
lcl|CP017623.1_cds_AOW25943.1_239 [gene=HOM6] [locus_tag=CAALFM_C102620CA] [db_xref=CGD:CAL0000188452] [protein=homoserine dehydrogenase] [protein_id=AOW25943.1] [location=complement(549494..550573)] [gbkey=CDS],27,6,7,11,3,3,0,15,6,1,0,6,3,6,1,18,5,0,0,3,15,0,0,4,0,0,0,0,0,0,0,2,23,5,3,17,7,3,0,20,2,0,0,22,2,4,1,24,0,6,0,7,9,5,1,9,0,0,1,2,10,7,19,7
"lcl|CP017623.1_cds_AOW25944.1_240 [gene=EXG2] [locus_tag=CAALFM_C102630CA] [db_xref=CGD:CAL0000181572] [protein=glucan exo-1,3-beta-glucosidase] [protein_id=AOW25944.1] [location=complement(550937..552376)] [gbkey=CDS]",24,9,12,24,11,6,3,10,8,1,0,7,4,6,11,19,16,2,2,9,6,2,1,6,0,0,1,0,2,2,2,6,26,8,9,16,14,7,2,8,11,4,6,11,4,5,4,11,0,10,0,15,13,3,2,7,0,1,14,6,10,8,17,14
lcl|CP017623.1_cds_AOW25945.1_241 [gene=TOM20] [locus_tag=CAALFM_C102640CA] [db_xref=CGD:CAL0000187425] [protein=Tom20p] [protein_id=AOW25945.1] [location=complement(552858..553373)] [gbkey=CDS],13,2,8,4,0,1,0,7,4,0,0,1,3,1,3,6,7,0,0,0,5,0,0,4,0,0,0,1,0,0,0,0,15,0,0,9,8,4,1,11,3,0,0,2,3,4,1,6,0,5,0,3,1,2,0,2,0,0,0,1,5,2,9,3
lcl|CP017623.1_cds_AOW25946.1_242 [locus_tag=CAALFM_C102650WA] [db_xref=CGD:CAL0000197916] [protein=hypothetical protein] [protein_id=AOW25946.1] [location=553758..554360] [gbkey=CDS],7,5,6,4,5,5,0,5,9,1,0,2,2,1,1,10,6,1,2,0,12,1,0,0,0,0,0,0,0,0,0,4,8,2,2,6,6,8,0,3,1,0,4,9,2,0,2,8,0,2,0,6,1,3,0,5,0,0,8,1,7,7,4,5
lcl|CP017623.1_cds_AOW25947.1_243 [gene=MGM101] [locus_tag=CAALFM_C102660CA] [db_xref=CGD:CAL0000189590] [protein=Mgm101p] [protein_id=AOW25947.1] [location=complement(554577..555404)] [gbkey=CDS],15,2,9,7,5,2,2,9,7,3,1,7,5,6,2,9,4,1,0,3,9,1,0,6,1,1,1,5,0,0,0,1,14,2,7,8,6,4,0,7,4,2,3,9,2,3,3,4,0,2,0,10,9,4,4,5,0,2,5,3,7,2,13,6
lcl|CP017623.1_cds_AOW25948.1_244 [locus_tag=CAALFM_C102670CA] [db_xref=CGD:CAL0000189485] [protein=hypothetical protein] [protein_id=AOW25948.1] [location=complement(555675..558101)] [gbkey=CDS],40,15,14,45,17,7,2,13,20,2,8,6,14,13,22,19,29,8,5,16,20,3,1,14,7,0,2,4,20,7,2,10,46,12,20,39,10,7,1,9,6,5,6,11,6,5,9,12,0,14,0,38,15,6,5,6,0,0,14,6,28,14,31,21
lcl|CP017623.1_cds_AOW25949.1_245 [locus_tag=CAALFM_C102680CA] [db_xref=CGD:CAL0000197774] [protein=hypothetical protein] [protein_id=AOW25949.1] [location=complement(558921..561449)] [gbkey=CDS],44,16,15,40,17,9,7,21,17,6,4,7,17,9,12,26,24,9,10,12,11,5,5,7,8,1,3,9,17,2,8,12,48,10,14,42,16,7,2,9,11,2,4,12,14,9,10,17,0,11,0,31,21,6,4,12,0,2,13,5,27,7,27,38
lcl|CP017623.1_cds_AOW25950.1_246 [locus_tag=CAALFM_C102690CA] [db_xref=CGD:CAL0000186646] [protein=hypothetical protein] [protein_id=AOW25950.1] [location=complement(562357..562659)] [gbkey=CDS],3,2,1,1,2,2,0,6,1,0,1,2,1,2,2,0,5,2,1,2,2,0,0,0,0,0,0,0,1,1,0,4,3,0,1,3,0,2,0,5,1,0,0,3,0,3,0,7,0,2,0,1,2,2,0,2,0,0,0,0,7,3,2,6
lcl|CP017623.1_cds_AOW25951.1_247 [locus_tag=CAALFM_C102700CA] [db_xref=CGD:CAL0000199083] [protein=hypothetical protein] [protein_id=AOW25951.1] [location=complement(564255..564428)] [gbkey=CDS],1,0,1,1,0,0,1,1,1,0,0,0,0,4,0,9,0,1,0,0,4,0,0,0,0,0,0,0,1,0,0,1,1,0,0,1,1,0,0,1,1,0,0,3,0,2,0,1,0,2,0,1,2,2,0,0,0,0,0,2,2,1,5,2
lcl|CP017623.1_cds_AOW25952.1_248 [gene=FRS2] [locus_tag=CAALFM_C102710WA] [db_xref=CGD:CAL0000201701] [protein=phenylalanine--tRNA ligase subunit alpha] [protein_id=AOW25952.1] [location=565683..567173] [gbkey=CDS],36,9,10,14,4,8,1,15,17,0,0,3,2,4,13,18,18,5,0,6,14,2,0,6,0,0,0,0,1,1,0,8,40,6,3,21,5,7,0,16,7,1,5,20,4,5,4,19,0,7,0,8,6,2,3,11,0,0,9,0,23,15,25,8
lcl|CP017623.1_cds_AOW25953.1_249 [locus_tag=CAALFM_C102720WA] [db_xref=CGD:CAL0000187437] [protein=hypothetical protein] [protein_id=AOW25953.1] [location=567442..568635] [gbkey=CDS],26,11,5,22,7,4,1,9,11,1,0,10,7,4,4,10,18,3,3,12,12,1,2,4,1,0,0,6,5,0,1,3,26,7,6,26,9,1,2,7,6,0,1,4,4,3,1,12,0,4,0,9,6,0,0,6,0,0,5,7,14,3,18,6
lcl|CP017623.1_cds_AOW25954.1_250 [locus_tag=CAALFM_C102730WA] [db_xref=CGD:CAL0000200219] [protein=hypothetical protein] [protein_id=AOW25954.1] [location=574220..575107] [gbkey=CDS],15,6,4,25,15,7,4,12,3,3,0,4,10,2,3,9,7,1,1,3,7,2,2,5,0,1,0,0,1,2,1,3,15,9,1,12,6,1,0,6,1,1,0,1,0,0,1,6,0,2,0,6,22,6,2,5,0,1,1,0,7,8,5,11
lcl|CP017623.1_cds_AOW25955.1_251 [locus_tag=CAALFM_C102740CA] [db_xref=CGD:CAL0000195751] [protein=hypothetical protein] [protein_id=AOW25955.1] [location=complement(575478..576398)] [gbkey=CDS],14,4,6,14,4,2,0,9,3,2,2,9,3,1,2,15,5,0,2,6,8,1,0,7,3,0,1,2,3,1,3,1,11,6,4,17,6,4,1,3,7,3,7,7,2,3,4,8,0,2,0,9,10,1,0,2,0,0,5,5,17,3,12,13
lcl|CP017623.1_cds_AOW25956.1_252 [locus_tag=CAALFM_C102750CA] [db_xref=CGD:CAL0000192923] [protein=hypothetical protein] [protein_id=AOW25956.1] [location=complement(576658..579045)] [gbkey=CDS],42,9,19,34,13,7,7,19,22,0,3,15,7,14,8,33,31,6,11,14,25,7,7,16,1,2,1,10,0,1,5,9,38,11,11,31,15,5,2,18,12,5,10,24,9,2,12,15,0,9,0,28,15,4,8,12,0,2,7,4,24,13,36,14
lcl|CP017623.1_cds_AOW25957.1_253 [locus_tag=CAALFM_C102760WA] [db_xref=CGD:CAL0000195169] [protein=guanine nucleotide exchange factor] [protein_id=AOW25957.1] [location=579750..580802] [gbkey=CDS],23,10,6,7,3,5,2,6,6,0,0,3,2,8,15,9,21,3,4,2,10,0,0,5,0,0,0,2,0,0,1,3,19,9,6,18,4,6,0,4,4,3,4,10,1,2,7,8,0,4,0,4,8,3,2,7,0,1,2,5,11,5,25,11
"lcl|CP017623.1_cds_AOW25958.1_254 [locus_tag=CAALFM_C102770WA] [db_xref=CGD:CAL0000201924] [protein=hypothetical protein] [protein_id=AOW25958.1] [location=join(581212..581353,581459..581508)] [gbkey=CDS]",8,1,5,2,0,1,0,0,6,0,0,0,0,0,2,0,4,0,4,0,0,0,0,0,0,0,0,0,0,0,0,0,5,0,0,3,6,2,0,8,1,1,0,0,0,0,0,0,0,0,0,0,0,0,0,0,0,0,0,0,2,0,1,0
lcl|CP017623.1_cds_AOW25959.1_255 [locus_tag=CAALFM_C102780WA] [db_xref=CGD:CAL0000182185] [protein=carboxymethylenebutenolidase] [protein_id=AOW25959.1] [location=581844..582602] [gbkey=CDS],14,3,6,8,2,5,0,4,8,2,1,2,2,2,2,13,5,0,0,7,8,0,0,4,0,0,0,2,0,2,0,1,11,7,7,11,5,2,0,6,3,6,2,11,3,4,2,8,0,6,0,7,2,1,1,2,0,6,1,2,8,4,12,8
lcl|CP017623.1_cds_AOW25960.1_256 [gene=TIF34] [locus_tag=CAALFM_C102790WA] [db_xref=CGD:CAL0000192484] [protein=translation initiation factor eIF3 subunit i] [protein_id=AOW25960.1] [location=582899..583951] [gbkey=CDS],17,6,6,5,9,6,0,11,11,1,0,3,3,5,3,15,9,5,2,6,8,0,1,2,0,0,0,2,1,1,0,1,17,8,5,20,7,11,1,9,11,1,5,17,4,4,3,15,0,5,0,6,9,1,1,11,0,0,5,2,10,5,7,10
lcl|CP017623.1_cds_AOW25961.1_257 [locus_tag=CAALFM_C102800WA] [db_xref=CGD:CAL0000198254] [protein=hypothetical protein] [protein_id=AOW25961.1] [location=584332..584934] [gbkey=CDS],15,18,9,15,1,0,0,4,10,6,1,3,2,6,2,4,13,3,4,1,2,1,2,1,1,1,0,0,0,0,1,2,2,1,8,6,4,1,0,0,2,1,0,3,3,1,2,6,0,0,0,5,3,1,1,2,0,0,1,0,4,4,4,6
lcl|CP017623.1_cds_AOW25962.1_258 [gene=RAD16] [locus_tag=CAALFM_C102810WA] [db_xref=CGD:CAL0000195175] [protein=DNA repair protein] [protein_id=AOW25962.1] [location=585914..588472] [gbkey=CDS],37,20,31,29,19,6,6,13,36,5,5,14,11,11,24,33,22,11,6,11,24,3,1,7,3,2,1,7,3,2,6,16,34,19,32,43,21,9,3,12,12,8,4,19,7,4,5,21,0,9,0,11,16,12,5,12,0,4,9,11,22,15,28,19
lcl|CP017623.1_cds_AOW25963.1_259 [gene=LYS2] [locus_tag=CAALFM_C102820WA] [db_xref=CGD:CAL0000183678] [protein=L-aminoadipate-semialdehyde dehydrogenase] [protein_id=AOW25963.1] [location=588902..593116] [gbkey=CDS],80,29,17,46,26,23,2,38,34,6,2,16,9,17,17,59,42,8,7,16,35,2,3,23,0,1,0,15,2,1,0,7,68,24,15,77,28,24,1,47,31,4,15,57,11,17,24,43,0,24,0,29,22,16,6,27,0,1,15,7,71,23,61,32
lcl|CP017623.1_cds_AOW25964.1_260 [locus_tag=CAALFM_C102830WA] [db_xref=CGD:CAL0000184091] [protein=hypothetical protein] [protein_id=AOW25964.1] [location=593697..595466] [gbkey=CDS],34,15,11,58,10,10,6,7,9,6,3,10,12,5,10,15,25,4,4,13,13,6,1,6,10,0,1,1,5,1,5,7,31,8,15,26,6,3,0,6,8,3,2,5,7,4,6,7,0,4,0,17,25,4,1,13,0,0,1,2,17,3,27,14
"lcl|CP017623.1_cds_AOW25965.1_261 [gene=PDE2] [locus_tag=CAALFM_C102840WA] [db_xref=CGD:CAL0000178266] [protein=3',5'-cyclic-nucleotide phosphodiesterase] [protein_id=AOW25965.1] [location=598018..599733] [gbkey=CDS]",24,9,8,29,11,16,4,17,13,2,1,8,20,8,8,21,15,3,3,19,6,3,4,6,4,2,1,0,4,4,0,6,22,9,12,25,14,5,0,8,8,2,3,3,5,2,5,17,0,5,0,13,8,3,5,12,0,0,5,11,27,16,31,15
lcl|CP017623.1_cds_AOW25966.1_262 [locus_tag=CAALFM_C102850WA] [db_xref=CGD:CAL0000193097] [protein=hypothetical protein] [protein_id=AOW25966.1] [location=600683..602722] [gbkey=CDS],22,24,9,62,11,11,3,19,10,4,1,19,5,4,9,14,61,6,7,16,21,2,6,8,3,1,0,2,3,1,6,5,11,9,4,22,12,6,0,17,8,3,2,14,6,4,3,12,0,3,0,13,31,8,5,28,0,1,4,1,29,6,29,12
lcl|CP017623.1_cds_AOW25967.1_263 [gene=YKT6] [locus_tag=CAALFM_C102860CA] [db_xref=CGD:CAL0000191319] [protein=palmitoyltransferase] [protein_id=AOW25967.1] [location=complement(603130..603732)] [gbkey=CDS],12,1,4,5,1,3,1,8,9,0,0,3,2,3,4,9,12,1,2,2,1,1,0,3,0,0,0,0,0,0,0,0,13,3,2,9,6,1,0,2,5,0,2,4,3,0,1,6,0,2,0,9,10,3,0,4,0,0,1,2,12,3,5,4
lcl|CP017623.1_cds_AOW25968.1_264 [gene=YPT7] [locus_tag=CAALFM_C102870WA] [db_xref=CGD:CAL0000178854] [protein=Ypt7p] [protein_id=AOW25968.1] [location=604676..605542] [gbkey=CDS],12,7,5,19,13,4,3,7,8,2,0,6,6,0,3,10,10,0,1,6,2,1,2,2,4,0,0,2,4,0,1,0,8,5,3,15,6,1,0,3,3,2,0,10,5,4,5,11,0,3,0,3,13,1,5,3,0,0,3,6,7,1,11,10
lcl|CP017623.1_cds_AOW25969.1_265 [gene=MIA40] [locus_tag=CAALFM_C102880CA] [db_xref=CGD:CAL0000191454] [protein=Mia40p] [protein_id=AOW25969.1] [location=complement(605725..606483)] [gbkey=CDS],13,5,10,6,3,5,0,8,8,2,0,2,0,5,2,6,10,0,3,3,5,0,0,5,0,0,0,1,1,1,0,3,31,3,3,9,9,6,0,4,7,1,0,9,1,4,1,5,0,2,0,4,7,4,1,8,0,0,1,6,6,2,2,8
lcl|CP017623.1_cds_AOW25970.1_266 [locus_tag=CAALFM_C102890CA] [db_xref=CGD:CAL0000195426] [protein=hypothetical protein] [protein_id=AOW25970.1] [location=complement(607149..607523)] [gbkey=CDS],7,0,3,2,3,1,1,0,6,0,0,1,1,3,3,3,8,1,3,0,3,2,0,1,1,1,0,1,0,1,0,1,6,3,4,2,6,3,0,4,3,0,0,1,2,3,0,2,0,3,0,3,7,0,0,2,0,0,0,0,4,2,4,2
lcl|CP017623.1_cds_AOW25971.1_267 [locus_tag=CAALFM_C102900CA] [db_xref=CGD:CAL0000199681] [protein=mRNA splicing protein] [protein_id=AOW25971.1] [location=complement(607807..609984)] [gbkey=CDS],40,24,17,30,19,4,4,9,9,5,4,10,24,12,12,17,19,2,11,7,11,4,1,7,4,0,2,0,13,7,12,7,41,14,21,39,20,4,4,1,8,2,5,9,9,4,8,14,0,8,0,24,19,4,5,9,0,3,9,5,22,12,23,31
lcl|CP017623.1_cds_AOW25972.1_268 [locus_tag=CAALFM_C102910CA] [db_xref=CGD:CAL0000200723] [protein=protein kinase regulatory subunit] [protein_id=AOW25972.1] [location=complement(610205..611635)] [gbkey=CDS],29,13,14,16,14,5,7,5,11,1,1,5,15,6,11,23,18,2,9,6,9,2,1,2,3,1,1,1,12,3,1,7,35,11,20,10,4,4,3,5,6,3,3,2,5,4,5,5,0,3,0,11,13,3,3,6,0,4,3,2,12,7,17,12
lcl|CP017623.1_cds_AOW25973.1_269 [gene=CDC73] [locus_tag=CAALFM_C102920WA] [db_xref=CGD:CAL0000176860] [protein=Cdc73p] [protein_id=AOW25973.1] [location=611934..613046] [gbkey=CDS],24,10,14,12,13,5,1,3,10,1,1,8,8,6,5,10,7,2,5,6,6,0,2,7,2,0,0,3,1,1,2,3,11,6,15,20,4,4,0,6,7,1,6,4,6,3,10,8,0,4,0,8,6,4,4,7,0,0,5,2,4,7,14,15
lcl|CP017623.1_cds_AOW25974.1_270 [gene=MST1] [locus_tag=CAALFM_C102930CA] [db_xref=CGD:CAL0000183181] [protein=threonine--tRNA ligase] [protein_id=AOW25974.1] [location=complement(613106..614473)] [gbkey=CDS],26,8,10,15,10,5,2,8,15,0,3,7,9,9,8,18,12,4,8,10,11,2,1,3,3,0,0,2,2,2,1,3,20,13,9,18,6,9,0,5,9,5,6,11,2,2,7,10,0,7,0,10,13,3,3,3,0,2,6,2,12,8,17,19
lcl|CP017623.1_cds_AOW25975.1_271 [locus_tag=CAALFM_C102940CA] [db_xref=CGD:CAL0000196986] [protein=hypothetical protein] [protein_id=AOW25975.1] [location=complement(614701..615219)] [gbkey=CDS],12,4,7,4,6,3,4,9,4,2,2,2,2,3,1,0,2,0,2,1,10,1,1,3,1,0,0,1,3,0,3,0,8,1,4,0,6,1,1,2,5,1,1,7,2,0,4,1,0,1,0,2,7,2,1,4,0,0,2,1,3,5,4,2
lcl|CP017623.1_cds_AOW25976.1_272 [locus_tag=CAALFM_C102950WA] [db_xref=CGD:CAL0000191593] [protein=hypothetical protein] [protein_id=AOW25976.1] [location=615467..615844] [gbkey=CDS],2,1,3,2,7,1,0,2,6,0,1,2,2,2,4,7,1,0,1,1,1,2,0,2,1,0,0,0,1,2,0,4,4,1,0,5,2,1,0,2,2,1,1,2,3,0,1,2,0,4,0,4,2,2,1,1,0,1,0,3,4,4,8,5
lcl|CP017623.1_cds_AOW25977.1_273 [locus_tag=CAALFM_C102960CA] [db_xref=CGD:CAL0000177497] [protein=hypothetical protein] [protein_id=AOW25977.1] [location=complement(615939..617726)] [gbkey=CDS],34,21,9,23,8,7,5,14,12,1,6,7,13,10,12,14,16,2,8,10,9,5,1,4,8,2,3,2,10,2,3,6,26,19,14,17,12,7,1,7,8,6,4,7,9,6,10,16,0,10,0,8,14,6,1,10,0,0,10,3,15,8,23,30
lcl|CP017623.1_cds_AOW25978.1_274 [locus_tag=CAALFM_C102970WA] [db_xref=CGD:CAL0000174976] [protein=hypothetical protein] [protein_id=AOW25978.1] [location=618379..619644] [gbkey=CDS],22,4,16,15,9,4,1,8,5,1,2,7,5,2,7,17,6,5,4,10,7,5,1,6,2,0,0,2,0,2,2,5,17,7,4,21,4,6,0,6,7,3,4,11,4,4,7,25,0,9,0,19,9,2,0,6,0,1,3,9,12,5,16,17
lcl|CP017623.1_cds_AOW25979.1_275 [gene=GOR1] [locus_tag=CAALFM_C102980WA] [db_xref=CGD:CAL0000192040] [protein=glyoxylate reductase] [protein_id=AOW25979.1] [location=620103..621131] [gbkey=CDS],16,3,8,10,9,4,1,7,6,1,3,2,6,6,8,13,9,1,6,7,6,3,3,4,1,0,1,2,3,1,0,5,21,6,8,10,7,2,2,11,7,3,7,12,8,3,8,13,0,1,0,6,4,2,2,4,0,1,3,3,6,3,12,11
"lcl|CP017623.1_cds_AOW25980.1_276 [gene=XOG1] [locus_tag=CAALFM_C102990CA] [db_xref=CGD:CAL0000190583] [protein=glucan 1,3-beta-glucosidase] [protein_id=AOW25980.1] [location=complement(622222..623538)] [gbkey=CDS]",11,14,7,24,5,4,0,11,11,1,0,4,1,5,3,15,23,6,3,6,16,0,0,2,0,0,0,3,0,0,2,6,18,7,2,18,2,3,0,17,10,7,1,21,2,8,1,20,0,10,0,8,5,5,1,8,0,0,20,4,5,11,25,15
lcl|CP017623.1_cds_AOW25981.1_277 [gene=HOL1] [locus_tag=CAALFM_C103000WA] [db_xref=CGD:CAL0000182173] [protein=Hol1p] [protein_id=AOW25981.1] [location=628046..629806] [gbkey=CDS],18,10,7,23,14,3,3,14,6,5,1,15,15,7,7,35,12,0,4,2,13,2,1,9,4,0,0,0,2,4,2,12,20,14,4,15,18,7,0,17,8,7,7,21,5,2,12,20,0,9,0,21,10,7,8,2,0,6,14,7,19,10,13,32
lcl|CP017623.1_cds_AOW25982.1_278 [gene=RPP1A] [locus_tag=CAALFM_C103010WA] [db_xref=CGD:CAL0000178222] [protein=ribosomal protein P1A] [protein_id=AOW25982.1] [location=630193..630513] [gbkey=CDS],7,1,0,1,0,1,0,2,0,0,0,0,0,3,1,0,0,0,0,0,1,0,0,0,0,0,0,0,0,0,0,0,18,3,0,4,1,6,0,18,0,0,0,9,0,1,0,3,0,1,0,0,1,1,0,4,0,0,1,0,9,6,1,1
lcl|CP017623.1_cds_AOW25983.1_279 [gene=RPL13] [locus_tag=CAALFM_C103020CA] [db_xref=CGD:CAL0000201310] [protein=ribosomal 60S subunit protein L13A] [protein_id=AOW25983.1] [location=complement(631014..631622)] [gbkey=CDS],16,7,9,0,0,4,0,4,23,0,0,0,0,4,0,4,9,4,0,0,10,0,0,0,0,0,0,0,0,0,0,0,16,3,0,3,0,9,0,18,0,0,0,7,0,7,0,9,0,5,0,0,2,1,0,7,0,0,1,0,5,4,7,3
"lcl|CP017623.1_cds_AOW25984.1_280 [gene=RPS16A] [locus_tag=CAALFM_C103030WA] [db_xref=CGD:CAL0000175363] [protein=ribosomal 40S subunit protein S16A] [protein_id=AOW25984.1] [location=join(632083..632103,632431..632838)] [gbkey=CDS]",12,2,6,0,0,3,0,5,7,0,0,0,0,5,1,4,8,2,0,1,4,0,0,0,0,0,0,2,0,0,0,0,5,3,0,2,1,6,0,6,0,0,0,13,0,3,0,10,0,6,0,0,2,1,0,5,0,0,0,0,5,5,5,1
lcl|CP017623.1_cds_AOW25986.1_282 [locus_tag=CAALFM_C103050WA] [db_xref=CGD:CAL0000182470] [protein=hypothetical protein] [protein_id=AOW25986.1] [location=635104..638259] [gbkey=CDS],56,32,13,52,19,9,9,30,21,13,8,24,24,10,16,34,26,4,9,7,24,4,7,12,5,2,1,3,22,3,9,17,48,13,18,26,16,7,8,12,9,7,9,13,19,7,15,19,0,11,0,23,34,10,12,22,0,2,15,12,30,13,58,37
lcl|CP017623.1_cds_AOW25987.1_283 [gene=TSR2] [locus_tag=CAALFM_C103060CA] [db_xref=CGD:CAL0000185349] [protein=Tsr2p] [protein_id=AOW25987.1] [location=complement(638337..638966)] [gbkey=CDS],10,4,4,6,3,0,1,5,4,2,1,1,7,1,5,8,11,1,1,1,5,1,0,2,0,1,0,0,1,3,0,0,20,8,7,18,6,4,1,2,4,0,1,5,3,0,3,6,0,4,0,2,0,2,1,2,0,1,4,0,1,1,8,5
lcl|CP017623.1_cds_AOW25988.1_284 [gene=ORC1] [locus_tag=CAALFM_C103070CA] [db_xref=CGD:CAL0000190220] [protein=origin recognition complex subunit 1] [protein_id=AOW25988.1] [location=complement(639143..641560)] [gbkey=CDS],44,16,26,29,18,8,5,18,31,7,2,17,28,7,15,21,18,3,10,6,10,7,5,7,6,2,2,4,6,0,4,10,50,23,22,28,18,8,6,14,12,4,6,11,13,8,15,19,0,7,0,11,20,7,8,12,0,0,4,5,22,10,23,26
"lcl|CP017623.1_cds_AOW25989.1_285 [gene=TEM1] [locus_tag=CAALFM_C103080CA] [db_xref=CGD:CAL0000197426] [protein=Ras family GTPase] [protein_id=AOW25989.1] [location=complement(join(641962..642529,642608..642642))] [gbkey=CDS]",7,6,11,6,5,0,4,2,4,1,0,1,10,2,5,11,10,0,5,1,2,2,0,0,0,0,0,0,4,0,0,1,7,3,2,11,4,1,2,1,4,1,4,2,0,3,7,2,0,1,0,4,6,1,1,3,0,0,2,1,10,5,2,9
lcl|CP017623.1_cds_AOW25990.1_286 [gene=RPS1] [locus_tag=CAALFM_C103090WA] [db_xref=CGD:CAL0000192592] [protein=ribosomal 40S subunit protein S1B] [protein_id=AOW25990.1] [location=643226..643996] [gbkey=CDS],26,7,9,4,0,8,0,9,15,0,0,0,0,5,2,7,11,3,0,1,6,0,0,0,0,0,0,1,0,0,0,0,15,7,0,6,0,3,0,8,2,2,0,12,0,8,0,15,0,3,0,0,4,7,0,7,0,0,2,2,10,8,17,3
"lcl|CP017623.1_cds_AOW25991.1_287 [locus_tag=CAALFM_C103100WA] [db_xref=CGD:CAL0000192091] [protein=hypothetical protein] [protein_id=AOW25991.1] [location=join(645104..645118,645312..649550)] [gbkey=CDS]",72,34,46,60,19,19,2,39,40,6,6,21,11,20,27,65,28,5,13,14,44,5,2,20,1,3,0,7,0,1,2,15,86,29,22,60,22,16,1,37,20,9,8,58,11,21,14,58,0,16,0,20,18,13,15,29,0,1,17,6,32,23,68,39
"lcl|CP017623.1_cds_AOW25992.1_288 [gene=RPL6] [locus_tag=CAALFM_C103110WA] [db_xref=CGD:CAL0000181737] [protein=ribosomal 60S subunit protein L6B] [protein_id=AOW25992.1] [location=join(650064..650075,650438..650956)] [gbkey=CDS]",16,6,6,2,0,6,0,1,10,0,0,2,0,3,0,1,7,1,0,0,10,0,0,0,0,0,0,2,0,0,0,0,10,4,0,2,0,5,0,10,0,0,0,7,0,6,0,12,0,5,0,0,2,2,0,10,0,0,1,0,9,6,9,2
lcl|CP017623.1_cds_AOW25993.1_289 [locus_tag=CAALFM_C103120WA] [db_xref=CGD:CAL0000186184] [protein=hypothetical protein] [protein_id=AOW25993.1] [location=651902..653134] [gbkey=CDS],33,15,17,17,3,3,1,6,7,3,2,8,5,5,2,16,19,0,5,3,11,1,0,4,0,1,1,1,4,0,0,5,28,7,10,21,9,4,0,9,3,1,3,7,5,3,1,10,0,1,0,1,8,3,5,6,0,0,2,1,26,4,19,14
lcl|CP017623.1_cds_AOW25994.1_290 [gene=GGA2] [locus_tag=CAALFM_C103130CA] [db_xref=CGD:CAL0000181277] [protein=phosphatidylinositol 4-phosphate-binding protein] [protein_id=AOW25994.1] [location=complement(653447..655201)] [gbkey=CDS],33,15,12,32,5,10,1,11,10,6,5,12,5,10,6,28,27,3,6,3,15,4,0,9,2,1,1,2,0,1,1,1,30,8,9,25,13,4,2,12,9,7,1,14,2,2,6,16,0,2,0,13,20,9,8,9,0,1,2,4,26,8,34,10
lcl|CP017623.1_cds_AOW25995.1_291 [locus_tag=CAALFM_C103140WA] [db_xref=CGD:CAL0000192366] [protein=hypothetical protein] [protein_id=AOW25995.1] [location=655798..656274] [gbkey=CDS],8,4,4,9,4,1,2,2,2,0,0,1,3,2,3,2,10,1,4,2,7,0,2,0,0,0,0,0,9,0,0,0,10,5,2,13,0,0,0,0,1,0,0,1,1,1,1,2,0,6,0,2,4,1,3,4,0,0,0,0,4,2,8,4
"lcl|CP017623.1_cds_AOW25996.1_292 [locus_tag=CAALFM_C103150CA] [db_xref=CGD:CAL0000196224] [protein=hypothetical protein] [protein_id=AOW25996.1] [location=complement(join(656446..657075,657166..657201))] [gbkey=CDS]",6,9,8,11,4,0,1,3,9,0,2,1,3,2,3,12,4,1,0,4,4,2,6,9,0,1,1,0,1,0,1,1,7,2,2,8,3,2,1,5,5,0,4,5,0,5,0,6,0,1,0,8,2,0,2,3,0,0,2,2,14,4,11,7
lcl|CP017623.1_cds_AOW25997.1_293 [gene=COQ4] [locus_tag=CAALFM_C103160CA] [db_xref=CGD:CAL0000193093] [protein=ubiquinone biosynthesis protein] [protein_id=AOW25997.1] [location=complement(657572..658543)] [gbkey=CDS],15,2,11,19,4,2,2,6,9,0,2,6,4,5,8,12,8,3,2,6,8,1,1,9,4,1,1,4,1,1,0,2,15,2,7,11,4,1,0,9,5,1,6,8,3,3,2,7,0,1,0,15,7,2,0,1,0,0,4,2,15,8,16,8
lcl|CP017623.1_cds_AOW25998.1_294 [locus_tag=CAALFM_C103170CA] [db_xref=CGD:CAL0000195291] [protein=hypothetical protein] [protein_id=AOW25998.1] [location=complement(658804..660771)] [gbkey=CDS],49,18,9,50,13,8,5,17,9,4,0,9,18,8,5,31,17,1,7,10,8,4,1,6,4,0,2,1,10,1,5,4,17,11,4,30,5,6,1,4,11,0,3,7,11,7,5,14,0,7,0,19,28,11,10,14,0,0,3,1,34,9,24,24
lcl|CP017623.1_cds_AOW25999.1_295 [locus_tag=CAALFM_C103180WA] [db_xref=CGD:CAL0000185298] [protein=lipoyl(octanoyl) transferase] [protein_id=AOW25999.1] [location=660929..661792] [gbkey=CDS],17,5,7,16,6,4,0,2,3,0,0,6,4,3,2,14,16,1,0,10,5,0,2,2,4,0,0,6,3,1,3,7,13,1,1,9,3,2,0,4,13,0,3,2,1,3,3,12,0,2,0,9,8,3,2,3,0,0,2,2,11,4,15,6
"lcl|CP017623.1_cds_AOW26000.1_296 [gene=ECM33] [locus_tag=CAALFM_C103190CA] [db_xref=CGD:CAL0000178111] [protein=Ecm33p] [protein_id=AOW26000.1] [location=complement(join(662177..663387,664276..664336))] [gbkey=CDS]",17,24,10,10,1,10,0,29,3,2,0,9,0,8,0,18,16,1,0,0,3,0,0,2,0,0,0,0,0,0,0,2,18,13,0,7,2,6,0,33,0,1,0,34,1,7,0,21,0,0,0,2,13,13,0,24,0,0,0,5,11,15,26,5
lcl|CP017623.1_cds_AOW26001.1_297 [gene=ARO80] [locus_tag=CAALFM_C103200CA] [db_xref=CGD:CAL0000193732] [protein=Aro80p] [protein_id=AOW26001.1] [location=complement(668763..671960)] [gbkey=CDS],37,15,17,65,23,13,8,21,16,2,4,18,17,11,33,33,52,2,11,35,25,9,10,20,17,1,3,9,6,1,8,9,52,10,15,33,33,15,8,26,16,3,7,19,9,4,8,25,0,6,0,16,46,7,13,26,0,1,9,9,29,5,35,28
"lcl|CP017623.1_cds_AOW26002.1_298 [gene=CDC12] [locus_tag=CAALFM_C103210CA] [db_xref=CGD:CAL0000175669] [protein=septin] [protein_id=AOW26002.1] [location=complement(join(672483..673635,673798..673838))] [gbkey=CDS]",15,2,17,19,2,7,2,11,20,1,3,4,5,8,6,19,19,6,1,7,14,0,1,7,0,0,0,1,2,0,0,3,34,5,11,15,2,3,1,10,4,0,2,13,2,1,3,14,0,0,0,5,7,1,3,6,0,0,3,2,7,8,22,10
lcl|CP017623.1_cds_AOW26003.1_299 [gene=BMH1] [locus_tag=CAALFM_C103220CA] [db_xref=CGD:CAL0000198341] [protein=14-3-3 family protein] [protein_id=AOW26003.1] [location=complement(675074..675868)] [gbkey=CDS],10,4,6,3,2,4,0,4,6,2,0,1,0,3,4,9,13,1,0,3,8,0,0,0,0,0,0,7,0,1,0,1,27,2,3,14,2,8,0,26,1,1,0,5,1,1,2,10,0,9,0,3,6,5,0,11,0,0,2,2,14,3,11,2
lcl|CP017623.1_cds_AOW26004.1_300 [gene=ARX1] [locus_tag=CAALFM_C103230CA] [db_xref=CGD:CAL0000194302] [protein=putative hydrolase] [protein_id=AOW26004.1] [location=complement(677396..679090)] [gbkey=CDS],23,19,17,18,10,9,0,16,10,0,1,11,10,8,5,25,24,4,9,7,17,3,1,4,0,1,0,8,1,0,1,4,26,6,7,24,8,12,0,13,5,2,3,20,6,9,11,19,0,4,0,7,11,8,2,15,0,0,2,5,30,6,25,11
lcl|CP017623.1_cds_AOW26005.1_301 [locus_tag=CAALFM_C103240WA] [db_xref=CGD:CAL0000192446] [protein=hypothetical protein] [protein_id=AOW26005.1] [location=679785..680210] [gbkey=CDS],6,1,4,4,3,2,0,4,6,3,1,6,2,6,1,5,3,1,2,3,2,0,1,3,0,0,0,0,0,0,1,3,4,4,1,9,0,3,0,2,4,1,2,2,0,1,1,4,0,3,0,2,1,1,0,3,0,0,3,2,5,1,5,3
lcl|CP017623.1_cds_AOW26006.1_302 [gene=SPP1] [locus_tag=CAALFM_C103250CA] [db_xref=CGD:CAL0000174723] [protein=Spp1p] [protein_id=AOW26006.1] [location=complement(680242..681462)] [gbkey=CDS],35,10,15,16,5,2,0,7,9,2,2,6,15,7,7,1,10,1,6,6,3,4,2,1,1,1,0,2,5,2,7,2,29,9,11,23,3,3,1,5,6,4,2,4,10,1,2,7,0,8,0,6,7,7,4,5,0,6,7,8,6,4,15,10
lcl|CP017623.1_cds_AOW26007.1_303 [locus_tag=CAALFM_C103260WA] [db_xref=CGD:CAL0000179482] [protein=ssDNA-dependent ATPase] [protein_id=AOW26007.1] [location=681644..683680] [gbkey=CDS],42,10,27,23,10,7,6,9,15,4,5,12,18,8,12,14,16,4,11,10,16,2,5,7,5,2,2,3,13,2,4,12,31,19,21,28,17,10,5,17,13,4,6,8,6,3,5,12,0,10,0,10,18,3,7,7,0,2,1,5,20,13,24,16
"lcl|CP017623.1_cds_AOW26008.1_304 [locus_tag=CAALFM_C103270WA] [db_xref=CGD:CAL0000198551] [protein=putative peptide hydrolase] [protein_id=AOW26008.1] [location=join(683901..683927,684002..685105)] [gbkey=CDS]",24,7,15,22,10,0,4,11,3,3,4,2,5,3,7,8,10,0,7,8,8,3,3,2,2,0,0,4,3,1,2,3,16,1,9,13,9,3,0,6,5,3,6,8,4,4,6,10,0,4,0,13,11,3,7,6,0,3,8,2,6,7,10,8
lcl|CP017623.1_cds_AOW26009.1_305 [locus_tag=CAALFM_C103280WA] [db_xref=CGD:CAL0000192841] [protein=mitochondrial 37S ribosomal protein RSM24] [protein_id=AOW26009.1] [location=685412..686344] [gbkey=CDS],20,4,13,13,8,0,1,6,14,4,1,3,3,4,5,8,9,1,4,8,17,2,1,4,3,0,0,1,1,2,0,1,13,6,5,14,12,1,2,9,3,0,0,3,1,2,6,5,0,6,0,7,4,4,2,5,0,1,3,0,10,5,13,6
lcl|CP017623.1_cds_AOW26010.1_306 [gene=NGG1] [locus_tag=CAALFM_C103290WA] [db_xref=CGD:CAL0000183081] [protein=histone acetyltransferase] [protein_id=AOW26010.1] [location=686628..688511] [gbkey=CDS],45,12,19,25,12,2,4,14,14,5,3,9,14,7,5,15,13,2,12,1,12,3,7,8,4,2,1,3,6,4,3,8,53,15,17,38,14,6,9,8,9,3,7,7,8,0,9,11,0,2,0,14,10,14,7,9,0,1,4,2,14,4,26,11
lcl|CP017623.1_cds_AOW26011.1_307 [gene=MAS1] [locus_tag=CAALFM_C103300CA] [db_xref=CGD:CAL0000195289] [protein=Mas1p] [protein_id=AOW26011.1] [location=complement(688617..690020)] [gbkey=CDS],22,15,5,11,13,7,3,10,17,2,2,10,8,7,7,14,10,3,4,5,12,1,1,4,1,1,0,1,1,1,0,4,21,9,6,20,13,6,2,18,14,6,4,13,6,4,9,15,0,3,0,13,8,6,6,5,0,1,5,1,15,3,19,13
lcl|CP017623.1_cds_AOW26012.1_308 [locus_tag=CAALFM_C103310WA] [db_xref=CGD:CAL0000201344] [protein=hypothetical protein] [protein_id=AOW26012.1] [location=690480..691616] [gbkey=CDS],14,12,9,30,7,4,1,6,3,6,0,6,7,8,2,10,15,1,6,5,12,1,1,3,1,1,0,1,1,2,1,0,15,8,5,14,9,4,0,5,2,3,2,7,1,4,7,9,0,6,0,13,6,7,2,5,0,1,5,3,11,8,28,11
lcl|CP017623.1_cds_AOW26013.1_309 [gene=EHD3] [locus_tag=CAALFM_C103320CA] [db_xref=CGD:CAL0000174772] [protein=Ehd3p] [protein_id=AOW26013.1] [location=complement(691821..693329)] [gbkey=CDS],33,16,18,17,12,11,0,12,8,1,1,7,4,10,10,19,10,3,4,7,20,0,1,7,1,0,0,0,0,5,0,5,21,8,6,23,10,7,1,10,14,3,3,9,6,5,3,13,0,5,0,13,11,3,3,11,0,1,3,1,19,9,20,18
lcl|CP017623.1_cds_AOW26014.1_310 [locus_tag=CAALFM_C103330CA] [db_xref=CGD:CAL0000201683] [protein=hypothetical protein] [protein_id=AOW26014.1] [location=complement(694143..695732)] [gbkey=CDS],22,15,18,30,14,6,2,8,7,10,5,10,12,11,2,20,13,8,6,6,13,4,3,4,2,1,1,1,7,4,2,6,22,15,10,22,4,4,2,4,6,6,3,4,7,3,4,11,0,7,0,10,14,7,7,12,0,2,4,6,14,9,21,15
lcl|CP017623.1_cds_AOW26015.1_311 [gene=SEC62] [locus_tag=CAALFM_C103340CA] [db_xref=CGD:CAL0000199574] [protein=Sec63 complex subunit] [protein_id=AOW26015.1] [location=complement(696019..696900)] [gbkey=CDS],16,6,14,9,4,1,0,6,8,1,1,4,4,4,3,7,13,0,3,1,9,4,0,8,0,0,0,0,0,1,0,5,11,3,6,7,7,6,0,6,1,5,3,7,5,4,4,13,0,7,0,4,3,1,2,4,0,0,6,1,11,5,16,12
lcl|CP017623.1_cds_AOW26016.1_312 [gene=RLI1] [locus_tag=CAALFM_C103350CA] [db_xref=CGD:CAL0000178640] [protein=Fe-S cluster-binding ribosome biosynthesis protein] [protein_id=AOW26016.1] [location=complement(697530..699398)] [gbkey=CDS],27,14,24,18,8,12,0,14,27,2,1,2,2,13,7,32,22,3,2,6,24,0,0,7,2,0,0,4,0,0,0,2,29,11,9,25,8,13,0,19,5,2,4,28,2,9,9,20,0,6,0,12,7,10,2,12,0,0,1,15,21,16,40,11
lcl|CP017623.1_cds_AOW26017.1_313 [locus_tag=CAALFM_C103360WA] [db_xref=CGD:CAL0000187175] [protein=chromatin-remodeling ATPase] [protein_id=AOW26017.1] [location=701716..705948] [gbkey=CDS],85,30,56,45,11,7,7,31,41,13,21,19,17,12,24,43,40,10,22,16,25,4,9,18,5,3,0,8,9,4,3,12,93,33,35,67,33,16,5,25,13,15,6,45,13,7,16,39,0,16,0,34,26,16,10,20,0,2,21,3,37,14,67,32
lcl|CP017623.1_cds_AOW26018.1_314 [locus_tag=CAALFM_C103370WA] [db_xref=CGD:CAL0000195952] [protein=polyadenylate-binding protein] [protein_id=AOW26018.1] [location=706488..708377] [gbkey=CDS],22,24,24,15,2,10,0,12,20,2,0,1,0,12,16,20,44,3,1,4,28,0,1,5,0,1,0,7,0,0,0,1,60,8,3,20,1,11,0,41,1,4,1,43,0,6,0,23,0,14,0,7,7,3,0,24,0,1,2,4,9,14,27,19
lcl|CP017623.1_cds_AOW26019.1_315 [gene=TPS2] [locus_tag=CAALFM_C103380WA] [db_xref=CGD:CAL0000193855] [protein=trehalose-phosphatase] [protein_id=AOW26019.1] [location=709461..712127] [gbkey=CDS],46,18,27,28,15,7,5,18,18,1,4,9,8,14,15,30,19,8,10,15,17,5,3,13,2,2,0,10,2,1,1,9,39,13,21,44,28,9,1,15,17,5,5,24,14,9,10,29,0,15,0,17,16,10,10,22,0,5,17,6,25,12,50,19
lcl|CP017623.1_cds_AOW26020.1_316 [gene=EHT1] [locus_tag=CAALFM_C103390WA] [db_xref=CGD:CAL0000191944] [protein=medium-chain fatty acid ethyl ester synthase/esterase] [protein_id=AOW26020.1] [location=712967..714244] [gbkey=CDS],25,6,12,13,8,8,2,10,8,1,0,7,5,4,2,14,15,2,1,4,9,2,0,8,1,0,0,3,2,1,2,3,23,3,11,18,3,6,0,8,5,3,8,18,1,4,3,15,0,3,0,13,6,1,3,9,0,4,9,5,14,14,26,10
lcl|CP017623.1_cds_AOW26021.1_317 [locus_tag=CAALFM_C103400WA] [db_xref=CGD:CAL0000188375] [protein=hypothetical protein] [protein_id=AOW26021.1] [location=715541..717490] [gbkey=CDS],37,15,14,35,13,4,6,15,16,8,3,13,9,10,7,22,11,5,10,20,17,3,3,13,1,1,0,2,6,1,3,4,30,11,6,31,7,1,2,8,15,6,8,13,5,6,8,19,0,8,0,16,13,1,10,16,0,1,3,3,18,8,30,18
lcl|CP017623.1_cds_AOW26022.1_318 [locus_tag=CAALFM_C103410WA] [db_xref=CGD:CAL0000193914] [protein=hypothetical protein] [protein_id=AOW26022.1] [location=717686..718510] [gbkey=CDS],28,11,8,23,8,3,4,3,5,0,1,5,8,1,6,7,8,1,3,8,2,1,0,3,4,0,0,1,4,1,0,3,11,4,6,6,2,2,0,1,6,0,0,5,4,4,3,7,0,4,0,7,7,0,2,4,0,0,2,2,7,0,5,12
lcl|CP017623.1_cds_AOW26023.1_319 [locus_tag=CAALFM_C103430WA] [db_xref=CGD:CAL0000181663] [protein=triglyceride lipase] [protein_id=AOW26023.1] [location=719613..720668] [gbkey=CDS],22,11,16,10,6,0,3,5,5,5,0,4,6,7,4,15,5,5,3,4,7,3,1,3,1,2,2,3,5,2,1,4,12,6,8,19,6,5,2,5,6,5,2,4,7,3,5,2,0,7,0,8,9,5,4,2,0,0,5,4,10,7,12,10
lcl|CP017623.1_cds_AOW26024.1_320 [locus_tag=CAALFM_C103440CA] [db_xref=CGD:CAL0000201739] [protein=hypothetical protein] [protein_id=AOW26024.1] [location=complement(721115..722551)] [gbkey=CDS],21,7,15,25,11,4,0,6,6,2,1,10,13,8,6,24,6,2,4,11,14,2,3,5,0,0,0,2,1,1,3,7,21,12,7,17,9,5,2,22,8,4,7,13,4,8,10,11,0,6,0,3,7,3,1,14,0,0,7,6,12,6,18,14
lcl|CP017623.1_cds_AOW26025.1_321 [locus_tag=CAALFM_C103450CA] [db_xref=CGD:CAL0000193067] [protein=hypothetical protein] [protein_id=AOW26025.1] [location=complement(723114..726743)] [gbkey=CDS],69,18,35,47,18,5,7,26,19,22,8,28,35,15,24,34,33,5,13,19,18,7,3,13,8,1,2,4,9,3,3,15,51,20,23,43,26,6,3,25,15,8,10,16,11,15,24,34,0,18,0,34,25,7,13,22,0,3,19,10,45,13,48,55
lcl|CP017623.1_cds_AOW26026.1_322 [locus_tag=CAALFM_C103460CA] [db_xref=CGD:CAL0000192573] [protein=hypothetical protein] [protein_id=AOW26026.1] [location=complement(727114..730086)] [gbkey=CDS],45,31,25,58,26,5,4,25,15,11,3,17,26,12,20,36,50,11,24,22,23,5,12,15,5,0,4,3,6,5,14,13,25,16,16,33,13,10,3,21,14,3,8,13,3,4,12,20,0,8,0,11,40,12,15,20,0,3,7,3,20,13,31,21
lcl|CP017623.1_cds_AOW26027.1_323 [locus_tag=CAALFM_C103470CA] [db_xref=CGD:CAL0000193498] [protein=putative serine/threonine protein kinase] [protein_id=AOW26027.1] [location=complement(731029..732438)] [gbkey=CDS],29,4,11,25,8,3,2,11,8,3,4,8,7,13,7,20,15,2,4,10,12,1,3,5,2,3,1,2,4,3,4,4,19,9,13,16,8,1,2,3,11,3,2,10,9,5,7,7,0,4,0,13,16,5,0,4,0,2,3,9,16,4,15,14
lcl|CP017623.1_cds_AOW26028.1_324 [gene=AGE1] [locus_tag=CAALFM_C103480CA] [db_xref=CGD:CAL0000187329] [protein=Age1p] [protein_id=AOW26028.1] [location=complement(732768..735644)] [gbkey=CDS],71,21,26,52,16,7,7,17,18,4,7,17,26,16,7,39,24,7,11,11,14,8,2,12,5,1,3,5,10,2,5,12,46,10,26,51,11,6,1,13,8,6,7,7,10,7,12,16,0,7,0,25,21,10,10,14,0,2,11,12,28,13,47,37
lcl|CP017623.1_cds_AOW26029.1_325 [locus_tag=CAALFM_C103490WA] [db_xref=CGD:CAL0000187271] [protein=hypothetical protein] [protein_id=AOW26029.1] [location=736791..737672] [gbkey=CDS],7,9,6,4,2,5,1,7,6,0,2,2,10,4,8,5,9,2,0,4,13,0,1,2,0,0,1,1,2,1,0,8,8,3,3,4,8,3,1,7,6,1,4,4,4,3,10,10,0,5,0,6,8,5,1,3,0,2,7,2,10,5,11,26
lcl|CP017623.1_cds_AOW26030.1_326 [gene=YPT1] [locus_tag=CAALFM_C103500WA] [db_xref=CGD:CAL0000185241] [protein=Rab family GTPase] [protein_id=AOW26030.1] [location=738229..738852] [gbkey=CDS],12,3,2,12,4,4,0,8,6,0,1,0,0,10,3,5,8,0,1,1,2,0,0,0,0,0,0,1,0,0,0,0,9,8,1,7,2,7,0,9,1,2,1,10,0,4,3,3,0,3,0,7,3,4,2,6,0,0,2,3,10,0,8,8
lcl|CP017623.1_cds_AOW26031.1_327 [locus_tag=CAALFM_C103510CA] [db_xref=CGD:CAL0000194216] [protein=hypothetical protein] [protein_id=AOW26031.1] [location=complement(739135..739680)] [gbkey=CDS],13,7,4,4,4,2,0,6,3,1,0,2,0,2,0,6,2,0,0,1,7,0,0,1,0,0,0,1,0,3,0,1,11,6,0,8,5,1,0,6,1,1,1,6,0,5,0,14,0,7,0,5,3,3,0,3,0,1,1,1,3,8,9,1
lcl|CP017623.1_cds_AOW26032.1_328 [gene=RPN3] [locus_tag=CAALFM_C103520WA] [db_xref=CGD:CAL0000191942] [protein=proteasome regulatory particle lid subunit] [protein_id=AOW26032.1] [location=740588..742033] [gbkey=CDS],24,9,15,19,12,4,0,9,17,2,1,6,11,8,7,17,11,2,5,7,8,0,2,3,0,0,0,3,1,1,1,2,28,10,10,22,9,7,2,8,7,1,1,7,5,9,6,15,0,12,0,9,10,5,4,10,0,2,1,2,18,8,36,9
"lcl|CP017623.1_cds_AOW26033.1_329 [gene=MED17] [locus_tag=CAALFM_C103530WA] [db_xref=CGD:CAL0000197516] [protein=Med17p] [protein_id=AOW26033.1] [location=join(742220..742293,742361..743984)] [gbkey=CDS]",29,18,17,37,9,5,1,6,11,4,2,9,17,11,9,21,18,6,7,6,7,2,2,1,4,2,0,2,8,1,1,12,29,13,20,23,6,3,0,7,8,0,4,4,5,4,11,8,0,5,0,9,14,6,6,8,0,2,4,3,21,8,26,22
lcl|CP017623.1_cds_AOW26034.1_330 [locus_tag=CAALFM_C103540CA] [db_xref=CGD:CAL0000201498] [protein=hypothetical protein] [protein_id=AOW26034.1] [location=complement(744048..744458)] [gbkey=CDS],1,2,2,6,5,0,1,0,4,3,1,2,3,3,3,6,3,1,1,0,3,1,0,2,0,0,0,1,4,0,1,0,6,2,4,2,4,3,0,1,3,1,0,1,3,2,3,4,0,2,0,6,0,2,0,1,0,0,2,1,5,4,10,4
"lcl|CP017623.1_cds_AOW26035.1_331 [gene=COQ6] [locus_tag=CAALFM_C103550CA] [db_xref=CGD:CAL0000194332] [protein=putative N,N-dimethylaniline monooxygenase] [protein_id=AOW26035.1] [location=complement(744891..746333)] [gbkey=CDS]",22,8,5,16,6,4,5,13,10,5,1,7,9,8,9,18,11,2,3,9,13,4,3,3,5,0,1,2,4,1,0,4,22,10,6,23,14,4,1,17,11,4,6,7,6,3,11,17,0,7,0,6,11,4,3,6,0,1,8,2,15,5,26,12
lcl|CP017623.1_cds_AOW26036.1_332 [gene=SUA71] [locus_tag=CAALFM_C103560CA] [db_xref=CGD:CAL0000176820] [protein=transcription factor TFIIB] [protein_id=AOW26036.1] [location=complement(746720..747754)] [gbkey=CDS],17,6,11,8,8,3,2,8,9,2,1,8,7,6,7,12,10,1,1,0,8,0,0,9,2,0,0,5,3,0,1,0,11,9,10,15,11,6,1,8,4,1,3,14,5,5,4,9,0,8,0,5,6,2,3,10,0,2,3,6,6,5,12,4
lcl|CP017623.1_cds_AOW26037.1_333 [locus_tag=CAALFM_C103580WA] [db_xref=CGD:CAL0000178238] [protein=hypothetical protein] [protein_id=AOW26037.1] [location=749095..749193] [gbkey=CDS],0,1,0,0,1,0,0,0,0,0,0,1,2,0,2,1,0,0,1,0,0,0,0,0,0,0,0,0,0,2,0,1,0,0,0,0,1,0,0,1,0,0,0,1,0,1,1,2,0,0,0,1,0,0,0,1,0,1,0,1,3,1,0,4
lcl|CP017623.1_cds_AOW26038.1_334 [locus_tag=CAALFM_C103600WA] [db_xref=CGD:CAL0000178850] [protein=dolichyl-diphosphooligosaccharide-protein glycotransferase] [protein_id=AOW26038.1] [location=749583..750410] [gbkey=CDS],18,6,9,7,4,2,3,7,6,4,2,6,5,8,2,19,5,2,2,2,8,1,1,2,0,0,0,1,0,0,0,6,6,5,6,5,5,1,1,5,5,2,1,5,3,4,2,16,0,5,0,2,7,0,2,2,0,1,1,1,8,5,17,13
lcl|CP017623.1_cds_AOW26039.1_335 [gene=IMP1] [locus_tag=CAALFM_C103610CA] [db_xref=CGD:CAL0000180500] [protein=endopeptidase catalytic subunit] [protein_id=AOW26039.1] [location=complement(750533..751084)] [gbkey=CDS],6,2,2,8,5,1,2,5,4,2,0,3,6,3,6,6,3,2,1,6,5,0,0,3,2,0,1,1,2,1,0,1,8,4,2,5,3,1,1,1,5,2,4,3,1,3,4,2,0,3,0,5,5,4,1,2,0,2,3,3,5,3,6,2
"lcl|CP017623.1_cds_AOW26040.1_336 [locus_tag=CAALFM_C103620CA] [db_xref=CGD:CAL0000190913] [protein=hypothetical protein] [protein_id=AOW26040.1] [location=complement(join(751389..751648,751978..752110))] [gbkey=CDS]",6,6,4,2,0,2,0,5,9,0,0,0,0,4,2,9,5,1,0,3,3,0,0,0,0,0,0,1,0,0,0,0,6,3,0,3,0,0,0,7,0,1,0,9,0,2,0,9,0,1,0,3,3,1,0,2,0,0,1,1,7,3,3,2
lcl|CP017623.1_cds_AOW26041.1_337 [locus_tag=CAALFM_C103630WA] [db_xref=CGD:CAL0000181066] [protein=hypothetical protein] [protein_id=AOW26041.1] [location=752775..756314] [gbkey=CDS],58,23,24,52,28,12,7,20,16,11,8,21,38,21,23,47,33,5,15,10,10,2,3,9,5,3,1,0,26,4,6,27,64,21,27,52,13,9,2,18,11,4,3,15,14,11,11,24,0,14,0,29,42,14,12,26,0,5,9,6,56,17,47,34
lcl|CP017623.1_cds_AOW26042.1_338 [gene=HFL1] [locus_tag=CAALFM_C103640CA] [db_xref=CGD:CAL0000178070] [protein=DNA polymerase epsilon noncatalytic subunit] [protein_id=AOW26042.1] [location=complement(756361..757074)] [gbkey=CDS],14,4,9,9,6,3,2,7,2,0,0,5,3,0,3,7,20,0,2,2,5,0,1,10,1,0,0,1,1,1,3,1,15,3,1,16,10,2,3,4,0,0,2,7,8,2,1,4,0,1,0,3,4,3,2,3,0,0,0,0,4,2,9,5
lcl|CP017623.1_cds_AOW26043.1_339 [gene=MRPL27] [locus_tag=CAALFM_C103650CA] [db_xref=CGD:CAL0000184130] [protein=mitochondrial 54S ribosomal protein YmL27] [protein_id=AOW26043.1] [location=complement(757289..757795)] [gbkey=CDS],9,6,5,2,1,1,1,4,9,2,0,3,4,1,1,3,6,0,2,7,4,0,0,2,0,0,0,2,1,0,0,0,11,2,0,6,6,1,0,0,1,3,0,11,3,1,6,2,0,5,0,5,5,0,0,4,0,0,3,0,3,2,7,4
lcl|CP017623.1_cds_AOW26044.1_340 [locus_tag=CAALFM_C103660WA] [db_xref=CGD:CAL0000184379] [protein=hypothetical protein] [protein_id=AOW26044.1] [location=758284..758523] [gbkey=CDS],8,1,3,2,1,2,0,1,1,0,1,1,2,0,0,3,3,3,0,1,4,1,1,1,0,0,0,0,0,1,0,0,1,2,1,4,2,0,1,0,0,3,0,3,1,3,0,0,0,2,0,3,3,0,1,1,0,0,0,1,1,0,2,2
lcl|CP017623.1_cds_AOW26045.1_341 [gene=DAO1] [locus_tag=CAALFM_C103670CA] [db_xref=CGD:CAL0000179499] [protein=Dao1p] [protein_id=AOW26045.1] [location=complement(758553..759638)] [gbkey=CDS],28,6,10,15,5,0,1,6,9,1,0,4,8,5,5,13,5,6,3,3,5,3,0,8,1,1,1,1,0,0,2,5,15,6,6,14,7,4,3,12,8,4,6,14,6,6,3,15,0,5,0,9,7,0,0,5,0,1,4,0,10,7,12,11
"lcl|CP017623.1_cds_AOW26046.1_342 [gene=ENG1] [locus_tag=CAALFM_C103680WA] [db_xref=CGD:CAL0000184614] [protein=endo-1,3(4)-beta-glucanase] [protein_id=AOW26046.1] [location=761416..764853] [gbkey=CDS]",44,34,22,43,44,18,5,58,9,15,0,31,20,5,20,32,35,6,5,14,29,3,1,12,0,0,1,2,3,2,4,13,39,14,7,46,23,11,0,47,14,6,5,31,9,13,16,35,0,18,0,25,38,28,10,41,0,3,13,0,43,19,30,30
lcl|CP017623.1_cds_AOW26047.1_343 [locus_tag=CAALFM_C103690WA] [db_xref=CGD:CAL0000183593] [protein=hypothetical protein] [protein_id=AOW26047.1] [location=765465..766517] [gbkey=CDS],12,6,4,23,10,6,0,5,2,4,0,1,2,8,4,9,17,2,3,7,13,0,2,9,3,0,0,3,1,2,0,7,13,3,5,17,8,2,0,7,6,3,7,8,2,5,4,9,0,7,0,13,11,4,5,10,0,0,3,2,9,4,13,4
lcl|CP017623.1_cds_AOW26048.1_344 [gene=MSB1] [locus_tag=CAALFM_C103710CA] [db_xref=CGD:CAL0000199709] [protein=Msb1p] [protein_id=AOW26048.1] [location=complement(767067..770930)] [gbkey=CDS],60,17,37,76,33,16,3,31,16,8,5,16,18,5,31,40,63,6,21,33,88,8,5,34,8,1,2,6,11,1,8,10,59,14,20,37,25,6,5,33,15,4,4,17,15,7,12,18,0,10,0,26,52,10,12,40,0,2,8,4,29,18,34,33
lcl|CP017623.1_cds_AOW26049.1_345 [locus_tag=CAALFM_C103720CA] [db_xref=CGD:CAL0000200131] [protein=hypothetical protein] [protein_id=AOW26049.1] [location=complement(773999..775771)] [gbkey=CDS],35,5,9,20,7,5,1,14,21,0,1,8,4,8,6,29,25,3,1,10,13,1,1,15,2,1,0,3,0,1,1,5,49,5,15,40,12,4,2,8,12,5,2,12,2,3,5,25,0,9,0,18,8,6,1,9,0,1,14,6,19,9,14,19
"lcl|CP017623.1_cds_AOW26050.1_346 [gene=MNS1] [locus_tag=CAALFM_C103730CA] [db_xref=CGD:CAL0000181785] [protein=mannosyl-oligosaccharide 1,2-alpha-mannosidase] [protein_id=AOW26050.1] [location=complement(776730..778577)] [gbkey=CDS]",37,6,12,26,6,4,1,21,11,1,0,7,4,2,16,21,19,4,0,10,17,0,3,4,1,0,0,6,1,1,2,9,39,6,4,36,8,8,1,13,11,4,7,23,4,11,5,14,0,8,0,29,19,5,7,7,0,1,12,2,20,11,30,17
lcl|CP017623.1_cds_AOW26051.1_347 [gene=WAR1] [locus_tag=CAALFM_C103740WA] [db_xref=CGD:CAL0000177698] [protein=War1p] [protein_id=AOW26051.1] [location=781112..783955] [gbkey=CDS],49,22,7,55,25,7,7,16,28,10,2,23,13,14,15,21,35,3,12,15,31,11,3,20,3,1,5,10,6,1,6,12,36,13,13,31,28,7,4,18,8,2,4,10,18,7,11,19,0,8,0,23,26,7,18,24,0,3,2,13,39,8,36,22
lcl|CP017623.1_cds_AOW26052.1_348 [locus_tag=CAALFM_C103750WA] [db_xref=CGD:CAL0000180110] [protein=hypothetical protein] [protein_id=AOW26052.1] [location=784461..785012] [gbkey=CDS],9,1,1,8,3,1,3,6,4,0,0,2,6,0,2,3,4,1,0,5,5,3,0,2,1,0,0,2,1,0,0,1,6,0,2,14,3,1,0,3,6,1,5,2,1,0,1,5,0,0,0,11,6,0,1,3,0,0,6,2,16,6,0,7
lcl|CP017623.1_cds_AOW26053.1_349 [gene=STR2] [locus_tag=CAALFM_C103760CA] [db_xref=CGD:CAL0000185051] [protein=cystathionine gamma-synthase] [protein_id=AOW26053.1] [location=complement(785087..786874)] [gbkey=CDS],34,4,6,33,6,0,2,12,12,0,0,11,13,1,9,23,21,1,1,12,11,2,1,12,7,0,0,6,0,3,0,7,40,2,0,35,11,6,1,17,12,1,8,15,12,2,3,17,0,3,0,22,22,5,4,13,0,0,6,8,30,11,19,19
"lcl|CP017623.1_cds_AOW26054.1_350 [gene=SKO1] [locus_tag=CAALFM_C103770WA] [db_xref=CGD:CAL0000176357] [protein=Sko1p] [protein_id=AOW26054.1] [location=join(788296..788307,788418..790142)] [gbkey=CDS]",31,13,8,46,16,19,2,21,7,1,1,17,8,3,4,13,39,2,10,9,22,8,4,15,1,0,1,5,1,1,4,7,29,5,3,13,12,4,3,10,13,4,6,19,5,3,4,8,0,0,0,3,19,9,5,9,0,0,1,1,28,5,9,8
lcl|CP017623.1_cds_AOW26055.1_351 [gene=HMG1] [locus_tag=CAALFM_C103780CA] [db_xref=CGD:CAL0000177752] [protein=hydroxymethylglutaryl-CoA reductase (NADPH)] [protein_id=AOW26055.1] [location=complement(790364..793585)] [gbkey=CDS],58,4,2,45,8,11,3,47,17,1,1,23,12,7,21,64,30,2,3,23,18,1,1,21,3,1,0,16,2,0,0,15,50,5,1,44,26,23,2,49,16,3,8,43,14,9,16,42,0,1,0,29,35,10,5,29,0,0,9,15,55,10,29,34
lcl|CP017623.1_cds_AOW26056.1_352 [locus_tag=CAALFM_C103790CA] [db_xref=CGD:CAL0000196167] [protein=peptidylprolyl isomerase] [protein_id=AOW26056.1] [location=complement(795543..796823)] [gbkey=CDS],41,1,12,10,1,2,0,20,7,0,0,5,1,3,2,19,9,0,0,3,21,0,0,3,0,0,0,0,0,0,0,1,62,10,2,44,1,5,0,13,3,0,1,23,0,2,1,16,0,4,0,10,13,4,0,11,0,0,0,2,15,3,11,8
lcl|CP017623.1_cds_AOW26057.1_353 [gene=RPP1] [locus_tag=CAALFM_C103800WA] [db_xref=CGD:CAL0000197972] [protein=RNA-binding RNA processing protein] [protein_id=AOW26057.1] [location=797157..798089] [gbkey=CDS],25,2,5,29,7,3,0,10,4,0,1,6,17,4,0,15,18,0,0,2,7,1,0,4,4,0,0,1,0,1,0,1,7,1,0,13,2,0,0,3,7,3,3,4,3,0,1,4,0,0,0,6,17,0,5,6,0,0,1,3,38,3,4,8
lcl|CP017623.1_cds_AOW26058.1_354 [gene=ELA1] [locus_tag=CAALFM_C103810CA] [db_xref=CGD:CAL0000185343] [protein=elongin A] [protein_id=AOW26058.1] [location=complement(798181..799359)] [gbkey=CDS],34,6,11,29,9,3,0,20,9,0,0,9,12,1,5,10,14,1,1,5,16,1,2,9,9,1,1,2,2,0,3,1,10,0,2,20,4,1,3,8,2,2,3,10,4,0,0,5,0,0,0,10,20,0,5,7,0,0,1,4,24,3,7,10
lcl|CP017623.1_cds_AOW26059.1_355 [gene=PDR16] [locus_tag=CAALFM_C103820WA] [db_xref=CGD:CAL0000191119] [protein=phosphatidylinositol transporter] [protein_id=AOW26059.1] [location=801727..802836] [gbkey=CDS],30,1,0,12,2,7,0,18,8,0,0,7,8,6,3,13,14,0,1,14,11,2,0,10,4,0,0,5,0,0,1,0,33,0,1,17,4,0,2,4,6,0,1,13,5,2,0,13,0,0,0,12,9,3,1,8,0,0,6,2,29,2,5,13
lcl|CP017623.1_cds_AOW26060.1_356 [locus_tag=CAALFM_C103830CA] [db_xref=CGD:CAL0000197512] [protein=exosome non-catalytic core subunit] [protein_id=AOW26060.1] [location=complement(803002..803994)] [gbkey=CDS],23,7,1,26,6,10,1,11,3,1,0,8,10,7,6,21,14,0,0,3,10,1,0,5,0,0,0,2,0,0,1,1,9,0,2,22,5,1,0,4,6,1,6,7,5,0,2,13,0,0,0,10,19,5,4,7,0,0,1,2,14,2,1,3
lcl|CP017623.1_cds_AOW26061.1_357 [locus_tag=CAALFM_C103840WA] [db_xref=CGD:CAL0000182429] [protein=hypothetical protein] [protein_id=AOW26061.1] [location=804198..804467] [gbkey=CDS],5,2,1,8,5,0,1,2,0,3,0,0,2,1,2,6,6,0,0,3,4,0,0,1,0,0,0,0,1,0,0,0,3,1,0,7,2,0,0,3,0,0,0,0,2,0,0,2,0,0,0,5,2,1,1,0,0,0,1,1,3,0,0,1
lcl|CP017623.1_cds_AOW26062.1_358 [gene=BNI4] [locus_tag=CAALFM_C103860CA] [db_xref=CGD:CAL0000191087] [protein=Bni4p] [protein_id=AOW26062.1] [location=complement(806466..811433)] [gbkey=CDS],102,27,22,182,26,17,8,73,22,7,4,57,17,12,23,65,66,3,8,39,76,5,8,34,8,0,2,5,0,2,11,14,75,12,12,99,15,3,2,19,18,6,12,33,12,6,4,30,0,3,0,29,106,13,21,51,0,0,1,4,40,17,20,46
lcl|CP017623.1_cds_AOW26063.1_359 [locus_tag=CAALFM_C103870CA] [db_xref=CGD:CAL0000183255] [protein=hypothetical protein] [protein_id=AOW26063.1] [location=complement(813869..815560)] [gbkey=CDS],26,8,6,57,15,2,2,26,12,3,0,23,6,3,12,22,27,2,1,20,8,2,0,5,2,0,0,5,1,1,2,10,26,1,0,32,5,3,0,14,4,2,3,13,3,4,3,10,0,2,0,18,22,6,3,18,0,0,2,2,25,4,13,15
lcl|CP017623.1_cds_AOW26064.1_360 [locus_tag=CAALFM_C103880CA] [db_xref=CGD:CAL0000183934] [protein=hypothetical protein] [protein_id=AOW26064.1] [location=complement(820902..821264)] [gbkey=CDS],2,3,2,2,1,1,0,6,4,1,1,3,3,2,1,4,5,4,0,1,0,1,0,0,4,2,0,0,0,0,0,1,2,0,1,0,2,1,2,1,0,1,0,1,2,1,2,12,0,4,0,1,3,1,0,1,0,0,2,4,3,5,6,7
lcl|CP017623.1_cds_AOW26065.1_361 [locus_tag=CAALFM_C103890WA] [db_xref=CGD:CAL0000177451] [protein=hypothetical protein] [protein_id=AOW26065.1] [location=823543..824613] [gbkey=CDS],25,4,11,11,6,2,0,12,11,0,0,12,3,5,1,9,10,1,0,15,4,0,0,0,0,0,0,4,2,1,0,5,28,3,2,31,1,5,0,7,3,0,0,20,0,1,0,10,0,8,0,10,3,3,0,9,0,6,3,11,13,7,4,13
lcl|CP017623.1_cds_AOW26066.1_362 [gene=SEN15] [locus_tag=CAALFM_C103900WA] [db_xref=CGD:CAL0000181168] [protein=Sen15p] [protein_id=AOW26066.1] [location=825308..825823] [gbkey=CDS],10,2,1,12,13,1,0,5,2,0,0,3,7,1,0,15,8,0,0,4,2,1,0,6,4,0,0,0,0,1,2,0,8,1,0,12,1,2,0,0,3,1,0,1,2,2,0,2,0,0,0,6,8,0,1,1,0,0,3,1,7,1,3,4
lcl|CP017623.1_cds_AOW26067.1_363 [locus_tag=CAALFM_C103910CA] [db_xref=CGD:CAL0000189517] [protein=hypothetical protein] [protein_id=AOW26067.1] [location=complement(825919..827970)] [gbkey=CDS],29,5,5,67,16,2,2,18,17,2,1,27,14,12,5,30,44,1,0,13,14,0,2,8,14,0,0,3,0,1,4,4,49,8,3,48,8,2,0,4,12,2,2,11,6,1,4,8,0,1,0,32,18,1,1,14,0,0,1,5,38,7,10,26
lcl|CP017623.1_cds_AOW26068.1_364 [locus_tag=CAALFM_C103920CA] [db_xref=CGD:CAL0000174768] [protein=palmitoyltransferase] [protein_id=AOW26068.1] [location=complement(828496..830040)] [gbkey=CDS],24,3,3,39,8,12,0,32,11,0,1,7,29,2,3,27,26,0,3,20,11,3,2,6,4,1,0,0,6,0,4,4,12,3,1,18,4,3,0,7,4,0,2,12,1,2,3,6,0,2,0,23,23,2,2,8,0,0,9,12,34,7,3,19
lcl|CP017623.1_cds_AOW26069.1_365 [locus_tag=CAALFM_C103930WA] [db_xref=CGD:CAL0000192464] [protein=hypothetical protein] [protein_id=AOW26069.1] [location=830273..831781] [gbkey=CDS],33,0,4,29,14,3,3,9,14,0,0,11,10,8,10,35,23,1,2,10,10,2,1,4,10,0,0,5,1,0,4,4,24,1,1,35,5,4,0,9,5,2,1,6,4,0,0,12,0,1,0,17,10,3,1,15,0,0,3,6,49,4,7,16
lcl|CP017623.1_cds_AOW26070.1_366 [locus_tag=CAALFM_C103940WA] [db_xref=CGD:CAL0000180102] [protein=succinate dehydrogenase membrane anchor subunit] [protein_id=AOW26070.1] [location=832111..832620] [gbkey=CDS],7,0,0,4,1,2,0,15,3,0,1,2,1,0,3,16,3,0,0,5,9,0,0,2,0,0,0,1,0,0,0,1,4,0,0,3,2,2,0,5,2,0,0,15,1,0,0,7,0,0,0,10,11,2,1,1,0,0,2,2,15,1,2,4
lcl|CP017623.1_cds_AOW26071.1_367 [locus_tag=CAALFM_C103950CA] [db_xref=CGD:CAL0000174429] [protein=hypothetical protein] [protein_id=AOW26071.1] [location=complement(833227..833766)] [gbkey=CDS],9,6,1,20,3,2,1,3,1,1,0,0,9,4,1,10,10,0,0,2,1,0,0,0,0,0,0,1,3,1,0,0,8,0,2,7,0,0,0,0,0,0,3,6,0,0,1,0,0,1,0,9,15,0,8,1,0,0,0,0,15,0,7,5
lcl|CP017623.1_cds_AOW26072.1_368 [locus_tag=CAALFM_C103960CA] [db_xref=CGD:CAL0000177404] [protein=hypothetical protein] [protein_id=AOW26072.1] [location=complement(834229..836838)] [gbkey=CDS],61,11,8,94,26,4,2,18,12,2,1,20,18,4,9,37,63,5,3,21,13,2,0,15,5,1,1,7,1,1,10,15,57,9,3,45,8,1,0,9,20,2,4,14,9,0,2,12,0,0,0,20,44,1,3,28,0,0,0,2,47,3,14,21
lcl|CP017623.1_cds_AOW26073.1_369 [gene=SPC19] [locus_tag=CAALFM_C103980WA] [db_xref=CGD:CAL0000196840] [protein=Spc19p] [protein_id=AOW26073.1] [location=838231..838758] [gbkey=CDS],16,2,4,22,2,3,2,7,3,0,0,3,5,1,0,4,13,0,2,2,2,0,0,1,4,0,1,1,2,0,0,1,7,2,0,12,1,0,0,0,2,0,1,2,1,0,0,2,0,1,0,2,5,1,0,0,0,0,0,1,22,2,4,3
lcl|CP017623.1_cds_AOW26074.1_370 [locus_tag=CAALFM_C103990WA] [db_xref=CGD:CAL0000194949] [protein=hypothetical protein] [protein_id=AOW26074.1] [location=839278..840204] [gbkey=CDS],30,2,7,29,7,5,0,6,6,0,0,9,9,3,1,16,14,0,0,4,5,0,2,2,3,0,1,0,1,0,1,1,10,0,1,20,2,1,0,4,6,0,2,14,3,1,1,7,0,0,0,4,14,1,2,8,0,0,2,7,13,2,3,15
lcl|CP017623.1_cds_AOW26075.1_371 [gene=KTR4] [locus_tag=CAALFM_C104000CA] [db_xref=CGD:CAL0000179131] [protein=putative mannosyltransferase] [protein_id=AOW26075.1] [location=complement(840359..841801)] [gbkey=CDS],45,0,3,34,6,6,0,14,4,1,0,8,6,4,8,26,19,0,0,12,11,1,1,12,5,0,2,2,1,0,2,7,27,1,0,30,5,3,2,4,10,0,4,12,3,1,3,9,0,0,0,34,12,0,3,1,0,0,9,5,21,4,4,32
lcl|CP017623.1_cds_AOW26076.1_372 [locus_tag=CAALFM_C104010CA] [db_xref=CGD:CAL0000175827] [protein=hypothetical protein] [protein_id=AOW26076.1] [location=complement(842768..843802)] [gbkey=CDS],23,5,7,13,1,3,0,8,7,1,0,4,1,6,10,17,5,1,1,7,7,0,0,1,0,0,0,7,0,0,0,3,21,10,3,17,7,4,0,9,10,3,2,10,1,6,1,15,0,4,0,11,5,3,0,9,0,2,7,4,15,6,13,7
lcl|CP017623.1_cds_AOW26077.1_373 [gene=CSH1] [locus_tag=CAALFM_C104020CA] [db_xref=CGD:CAL0000175449] [protein=Csh1p] [protein_id=AOW26077.1] [location=complement(844770..845783)] [gbkey=CDS],19,6,8,10,3,2,0,7,9,0,0,7,0,7,7,15,8,3,1,3,6,0,0,1,1,0,0,7,0,0,0,2,17,14,8,9,8,4,0,8,6,0,1,16,0,10,2,13,0,5,0,9,6,4,0,9,0,1,6,5,12,8,18,5
lcl|CP017623.1_cds_AOW26078.1_374 [locus_tag=CAALFM_C104030WA] [db_xref=CGD:CAL0000199979] [protein=aspartate--tRNA ligase] [protein_id=AOW26078.1] [location=846649..848745] [gbkey=CDS],42,13,7,23,11,3,4,15,22,2,2,11,15,3,9,25,30,2,6,15,20,1,3,14,3,0,1,4,2,4,1,6,34,4,12,39,17,2,1,12,10,2,4,19,12,4,9,25,0,3,0,21,15,5,1,18,0,1,5,3,28,18,26,28
lcl|CP017623.1_cds_AOW26079.1_375 [locus_tag=CAALFM_C104040CA] [db_xref=CGD:CAL0000182236] [protein=RNA-binding RNA processing protein] [protein_id=AOW26079.1] [location=complement(848808..850970)] [gbkey=CDS],44,9,18,29,16,2,0,16,26,0,0,6,15,6,14,29,29,2,0,11,12,1,1,6,1,0,0,13,1,3,3,8,72,8,11,26,13,8,0,18,12,2,5,10,13,2,5,14,0,6,0,15,22,5,4,13,0,1,7,5,42,10,25,24
lcl|CP017623.1_cds_AOW26080.1_376 [gene=MFALPHA] [locus_tag=CAALFM_C104050CA] [db_xref=CGD:CAL0000200672] [protein=mating pheromone alpha] [protein_id=AOW26080.1] [location=complement(851796..852227)] [gbkey=CDS],7,5,1,5,0,3,0,9,6,0,0,1,1,1,0,6,3,0,0,0,4,0,0,4,0,0,0,0,0,1,0,3,11,1,0,6,0,7,0,10,3,0,0,11,0,1,0,6,0,3,0,2,0,1,0,3,0,0,0,0,4,3,1,9
lcl|CP017623.1_cds_AOW26081.1_377 [gene=IFI3] [locus_tag=CAALFM_C104060WA] [db_xref=CGD:CAL0000178299] [protein=Ifi3p] [protein_id=AOW26081.1] [location=853943..855709] [gbkey=CDS],34,5,8,20,6,7,2,12,15,0,1,8,5,6,6,31,25,2,1,9,14,1,0,14,1,1,0,3,0,1,1,5,46,6,14,49,8,3,2,9,12,5,3,12,2,3,5,26,0,8,0,23,8,3,0,8,0,0,14,5,17,7,14,20
"lcl|CP017623.1_cds_AOW26082.1_378 [gene=BET4] [locus_tag=CAALFM_C104070CA] [db_xref=CGD:CAL0000186490] [protein=Rab geranylgeranyltransferase] [protein_id=AOW26082.1] [location=complement(join(855857..856960,857045..857047))] [gbkey=CDS]",33,0,2,34,2,3,1,8,3,0,0,3,8,2,6,20,23,2,0,7,5,2,0,2,5,0,1,4,0,1,1,7,27,1,0,23,4,3,0,2,3,0,3,5,3,0,1,11,0,0,0,16,4,0,1,4,0,0,9,4,38,2,3,15
lcl|CP017623.1_cds_AOW26083.1_379 [gene=MAD2] [locus_tag=CAALFM_C104080WA] [db_xref=CGD:CAL0000196404] [protein=spindle checkpoint protein] [protein_id=AOW26083.1] [location=857251..857895] [gbkey=CDS],16,1,2,11,6,3,1,4,2,0,0,3,8,1,3,11,10,0,0,1,4,1,0,2,2,0,0,1,1,0,2,1,15,0,0,20,0,0,0,2,2,0,2,8,7,3,1,7,0,0,0,12,11,0,1,2,0,0,3,2,10,0,0,8
lcl|CP017623.1_cds_AOW26084.1_380 [locus_tag=CAALFM_C104090CA] [db_xref=CGD:CAL0000177605] [protein=hypothetical protein] [protein_id=AOW26084.1] [location=complement(857906..859393)] [gbkey=CDS],41,8,2,30,12,8,1,14,6,1,3,15,18,4,9,31,25,0,0,11,17,4,0,6,5,0,0,1,1,1,0,2,29,0,1,20,3,6,1,5,2,1,1,13,3,0,0,9,0,3,0,20,12,3,2,11,0,0,4,7,34,2,6,20
lcl|CP017623.1_cds_AOW26085.1_381 [gene=POR1] [locus_tag=CAALFM_C104100CA] [db_xref=CGD:CAL0000182381] [protein=porin] [protein_id=AOW26085.1] [location=complement(859621..860469)] [gbkey=CDS],21,7,2,11,0,6,0,16,3,0,0,1,0,1,0,7,5,0,0,4,8,0,0,0,0,0,0,0,0,0,0,0,7,4,0,13,0,6,0,34,0,1,2,17,0,3,2,17,0,4,0,7,5,1,0,18,0,0,2,0,15,8,17,6
lcl|CP017623.1_cds_AOW26086.1_382 [locus_tag=CAALFM_C104110WA] [db_xref=CGD:CAL0000184512] [protein=lysophosphatidic acid acyltransferase] [protein_id=AOW26086.1] [location=862034..862951] [gbkey=CDS],23,1,7,20,6,0,2,7,3,0,0,8,6,0,3,23,9,0,0,3,8,1,0,4,0,0,0,1,0,0,1,3,7,1,0,15,2,1,0,0,3,0,6,4,2,0,3,6,0,0,0,15,11,3,0,22,0,0,1,0,24,3,9,27
lcl|CP017623.1_cds_AOW26087.1_383 [locus_tag=CAALFM_C104120CA] [db_xref=CGD:CAL0000185401] [protein=U2 snRNP complex subunit] [protein_id=AOW26087.1] [location=complement(863013..864074)] [gbkey=CDS],30,2,10,21,6,3,1,5,8,0,3,6,7,3,4,18,11,3,0,11,5,1,0,2,3,0,0,2,5,5,0,1,27,4,4,27,1,1,0,2,5,0,4,3,1,0,1,4,0,1,0,20,8,2,4,18,0,1,1,2,9,2,5,19
lcl|CP017623.1_cds_AOW26088.1_384 [gene=ERB1] [locus_tag=CAALFM_C104130WA] [db_xref=CGD:CAL0000194713] [protein=Erb1p] [protein_id=AOW26088.1] [location=864122..866671] [gbkey=CDS],60,7,7,39,5,2,1,24,25,1,2,15,11,7,9,54,35,0,0,18,29,4,3,21,3,0,0,7,0,0,0,5,86,7,3,82,6,2,1,21,6,0,4,28,7,3,2,19,0,2,0,19,20,6,0,24,0,0,14,5,57,5,8,17
lcl|CP017623.1_cds_AOW26089.1_385 [gene=IFD6] [locus_tag=CAALFM_C104140WA] [db_xref=CGD:CAL0000201829] [protein=Ifd6p] [protein_id=AOW26089.1] [location=867380..868414] [gbkey=CDS],24,3,5,18,1,2,1,9,7,0,0,6,1,3,8,18,6,2,1,5,5,0,0,4,0,0,0,7,0,0,0,2,25,3,2,22,1,2,0,14,7,0,3,14,0,8,2,16,0,5,0,10,4,4,2,7,0,1,7,5,17,5,11,8
lcl|CP017623.1_cds_AOW26090.1_386 [locus_tag=CAALFM_C104150CA] [db_xref=CGD:CAL0000194890] [protein=hypothetical protein] [protein_id=AOW26090.1] [location=complement(868503..869087)] [gbkey=CDS],10,0,0,16,2,1,0,15,2,0,0,7,6,0,4,9,11,0,0,5,5,1,0,0,1,0,0,2,1,2,0,2,10,0,0,12,0,1,0,3,8,0,0,4,2,1,1,4,0,2,0,9,3,0,0,0,0,1,4,2,17,1,1,5
lcl|CP017623.1_cds_AOW26091.1_387 [locus_tag=CAALFM_C104160CA] [db_xref=CGD:CAL0000175962] [protein=putative ADP-ribose 1''-phosphate phosphatase] [protein_id=AOW26091.1] [location=complement(869423..870325)] [gbkey=CDS],21,6,0,30,4,6,2,6,2,0,2,1,13,4,6,11,9,1,1,10,5,1,1,1,0,0,0,0,1,0,1,5,28,1,1,7,1,2,0,1,7,0,1,8,4,2,1,5,0,2,0,13,6,1,1,3,0,0,4,3,22,5,7,13
lcl|CP017623.1_cds_AOW26092.1_388 [gene=HTA2] [locus_tag=CAALFM_C104170CA] [db_xref=CGD:CAL0000200441] [protein=histone H2A] [protein_id=AOW26092.1] [location=complement(870671..871066)] [gbkey=CDS],10,4,1,2,0,0,0,4,9,0,0,0,0,2,0,5,5,0,0,3,5,0,0,0,0,0,0,0,0,0,0,0,7,0,0,3,1,4,0,13,1,0,0,13,0,3,1,2,0,1,0,2,6,1,0,4,0,0,0,0,8,1,9,0
lcl|CP017623.1_cds_AOW26093.1_389 [locus_tag=CAALFM_C104180WA] [db_xref=CGD:CAL0000199081] [protein=hypothetical protein] [protein_id=AOW26093.1] [location=871931..872323] [gbkey=CDS],18,1,2,3,0,3,0,7,6,0,0,0,0,4,2,4,3,1,0,1,6,0,0,0,0,0,0,0,0,0,0,0,8,0,0,3,1,2,0,18,0,0,0,4,0,0,0,5,0,4,0,1,2,2,0,11,0,0,0,0,1,0,4,2
lcl|CP017623.1_cds_AOW26094.1_390 [locus_tag=CAALFM_C104190CA] [db_xref=CGD:CAL0000175277] [protein=hypothetical protein] [protein_id=AOW26094.1] [location=complement(872592..873764)] [gbkey=CDS],23,3,1,15,10,0,1,5,10,0,0,10,19,0,7,15,14,1,0,9,12,2,1,10,3,0,0,5,2,0,5,2,14,1,3,20,14,2,1,5,10,0,2,8,12,0,1,10,0,1,0,16,10,2,1,4,0,0,5,4,21,3,14,20
lcl|CP017623.1_cds_AOW26095.1_391 [locus_tag=CAALFM_C104200CA] [db_xref=CGD:CAL0000191426] [protein=nucleoporin] [protein_id=AOW26095.1] [location=complement(874582..875391)] [gbkey=CDS],16,1,3,12,6,3,2,4,7,0,0,2,2,1,2,18,7,0,0,7,7,0,0,2,1,0,0,0,0,1,1,6,5,0,0,14,5,1,0,12,8,1,0,7,6,1,1,16,0,0,0,6,6,0,0,5,0,0,5,0,27,7,1,23
"lcl|CP017623.1_cds_AOW26096.1_392 [gene=CDC3] [locus_tag=CAALFM_C104210CA] [db_xref=CGD:CAL0000192358] [protein=septin] [protein_id=AOW26096.1] [location=complement(join(876392..877668,877782..877791))] [gbkey=CDS]",32,6,9,15,2,2,0,15,17,0,1,8,4,7,6,20,19,3,0,9,13,1,0,2,1,1,0,4,0,0,3,2,43,3,4,22,6,7,0,16,6,0,2,11,1,4,2,22,0,0,0,7,5,1,0,7,0,0,3,0,21,6,12,14
lcl|CP017623.1_cds_AOW26097.1_393 [locus_tag=CAALFM_C104220CA] [db_xref=CGD:CAL0000176170] [protein=hypothetical protein] [protein_id=AOW26097.1] [location=complement(878742..879311)] [gbkey=CDS],11,0,0,11,9,0,2,3,2,1,0,2,6,0,3,2,10,0,1,2,3,1,0,2,3,0,0,0,1,0,0,1,11,0,2,8,6,1,0,8,4,0,2,12,5,0,3,3,0,1,0,6,6,1,3,3,0,0,1,1,9,2,10,4
"lcl|CP017623.1_cds_AOW26098.1_394 [locus_tag=CAALFM_C104230WA] [db_xref=CGD:CAL0000175707] [protein=proteasome regulatory particle lid subunit] [protein_id=AOW26098.1] [location=join(879636..880102,880250..880616)] [gbkey=CDS]",23,5,6,4,5,2,0,5,2,1,0,7,8,1,5,10,18,1,1,3,4,1,0,7,1,0,0,2,0,1,1,2,25,5,4,18,2,0,0,7,7,1,2,7,2,1,2,7,0,2,0,6,8,1,0,6,0,0,2,3,13,5,8,6
lcl|CP017623.1_cds_AOW26099.1_395 [gene=HHF1] [locus_tag=CAALFM_C104240CA] [db_xref=CGD:CAL0000174606] [protein=histone] [protein_id=AOW26099.1] [location=complement(880940..881257)] [gbkey=CDS],9,1,2,1,1,3,0,3,12,0,0,0,0,3,0,4,3,2,0,0,1,0,0,0,0,0,0,2,0,0,0,0,4,0,0,3,0,0,0,7,2,0,0,14,0,3,0,6,0,2,0,2,1,0,0,2,0,0,0,0,2,1,7,1
lcl|CP017623.1_cds_AOW26100.1_396 [gene=HHT21] [locus_tag=CAALFM_C104260WA] [db_xref=CGD:CAL0000180612] [protein=Hht21p] [protein_id=AOW26100.1] [location=882165..882575] [gbkey=CDS],11,1,4,0,0,3,0,6,17,0,0,0,0,2,1,4,9,1,0,1,5,0,0,0,0,0,0,0,0,0,0,0,7,0,0,4,0,4,0,12,0,0,0,8,0,2,0,4,0,1,0,1,0,2,0,6,0,0,0,1,7,4,6,1
lcl|CP017623.1_cds_AOW26101.1_397 [locus_tag=CAALFM_C104270CA] [db_xref=CGD:CAL0000188570] [protein=hypothetical protein] [protein_id=AOW26101.1] [location=complement(882919..884154)] [gbkey=CDS],26,5,8,22,7,1,1,10,15,0,0,9,6,5,8,16,13,0,1,4,12,3,1,10,1,0,0,3,1,1,0,7,26,0,2,27,5,1,0,10,7,1,3,9,4,4,2,7,0,3,0,19,10,4,0,5,0,0,10,4,22,5,11,13
lcl|CP017623.1_cds_AOW26102.1_398 [locus_tag=CAALFM_C104280CA] [db_xref=CGD:CAL0000178044] [protein=GPI-anchor transamidase] [protein_id=AOW26102.1] [location=complement(884550..885734)] [gbkey=CDS],17,1,1,32,10,1,1,10,3,0,0,8,17,9,7,25,15,0,0,6,7,1,0,8,0,0,0,2,6,2,0,2,6,0,0,6,5,3,1,4,10,0,1,7,3,1,7,8,0,1,0,24,15,2,1,4,0,2,10,5,24,9,20,23
"lcl|CP017623.1_cds_AOW26103.1_399 [gene=ACS2] [locus_tag=CAALFM_C104290CA] [db_xref=CGD:CAL0000197968] [protein=acetate--CoA ligase] [protein_id=AOW26103.1] [location=complement(join(886010..888039,889117))] [gbkey=CDS]",36,10,7,14,2,9,0,30,24,0,0,6,3,5,8,35,18,7,0,15,31,0,1,4,0,0,0,1,0,0,0,3,38,9,2,36,5,11,0,42,7,1,3,48,1,15,0,34,0,17,0,13,5,4,1,24,0,0,11,7,21,10,28,13
lcl|CP017623.1_cds_AOW26104.1_400 [gene=SSA2] [locus_tag=CAALFM_C104300CA] [db_xref=CGD:CAL0000184853] [protein=Hsp70 family chaperone] [protein_id=AOW26104.1] [location=complement(890373..892310)] [gbkey=CDS],37,22,16,7,1,15,0,33,24,0,0,2,0,12,8,30,25,1,0,3,25,0,0,1,0,0,0,1,0,0,0,0,55,13,0,32,0,11,0,54,0,0,0,47,0,14,2,22,0,10,0,2,6,10,0,26,0,0,1,3,13,23,31,6
lcl|CP017623.1_cds_AOW26105.1_401 [gene=GIG1] [locus_tag=CAALFM_C104310CA] [db_xref=CGD:CAL0000193934] [protein=Gig1p] [protein_id=AOW26105.1] [location=complement(892910..893674)] [gbkey=CDS],19,3,4,14,2,2,2,5,4,0,0,8,9,4,2,12,12,0,2,7,6,3,0,3,2,0,0,0,0,0,1,2,14,0,1,19,0,0,0,3,1,0,0,5,4,2,0,7,0,3,0,11,8,1,3,2,0,0,7,1,14,4,7,8
lcl|CP017623.1_cds_AOW26106.1_402 [gene=GPM2] [locus_tag=CAALFM_C104320WA] [db_xref=CGD:CAL0000180080] [protein=Gpm2p] [protein_id=AOW26106.1] [location=895092..895877] [gbkey=CDS],22,1,6,9,4,0,0,4,9,0,0,2,8,6,5,12,11,1,0,10,4,1,1,4,3,0,0,0,2,0,1,3,19,1,2,18,2,1,0,1,8,1,2,7,4,1,4,4,0,1,0,12,6,1,1,0,0,0,4,1,10,3,14,3
lcl|CP017623.1_cds_AOW26107.1_403 [gene=RPN4] [locus_tag=CAALFM_C104330WA] [db_xref=CGD:CAL0000195107] [protein=stress-regulated transcription factor] [protein_id=AOW26107.1] [location=897942..899552] [gbkey=CDS],14,18,13,41,8,4,5,12,10,1,3,7,12,6,8,19,30,4,7,10,19,3,5,7,1,0,0,1,3,1,0,1,25,13,12,34,6,3,1,12,5,3,1,15,5,2,3,7,0,4,0,12,17,6,8,14,0,0,0,5,17,3,12,17
lcl|CP017623.1_cds_AOW26108.1_404 [locus_tag=CAALFM_C104340CA] [db_xref=CGD:CAL0000200078] [protein=hypothetical protein] [protein_id=AOW26108.1] [location=complement(899992..900945)] [gbkey=CDS],8,2,2,15,5,4,2,6,8,0,0,9,6,7,7,17,12,0,1,3,5,1,1,1,2,0,1,3,3,1,5,3,11,0,0,14,4,1,0,4,8,0,0,7,3,1,4,8,0,0,0,20,10,2,5,4,0,0,8,4,25,11,13,9
lcl|CP017623.1_cds_AOW26109.1_405 [locus_tag=CAALFM_C104350CA] [db_xref=CGD:CAL0000193115] [protein=hypothetical protein] [protein_id=AOW26109.1] [location=complement(901560..903929)] [gbkey=CDS],27,21,8,51,11,5,3,18,33,4,8,20,20,6,10,21,47,6,9,22,26,5,4,15,17,3,3,9,2,0,11,7,43,8,10,33,15,10,1,11,10,2,9,10,7,4,5,19,0,4,0,14,41,9,8,12,0,0,3,2,21,3,8,14
lcl|CP017623.1_cds_AOW26110.1_406 [locus_tag=CAALFM_C104360CA] [db_xref=CGD:CAL0000190017] [protein=hypothetical protein] [protein_id=AOW26110.1] [location=complement(905274..905525)] [gbkey=CDS],8,1,4,2,0,2,0,2,5,0,0,1,0,3,0,3,7,2,0,0,0,0,0,1,0,0,0,0,0,0,0,0,10,0,0,3,0,2,0,4,0,0,0,2,0,0,0,2,0,1,0,0,2,3,0,2,0,0,0,0,3,2,5,0
lcl|CP017623.1_cds_AOW26111.1_407 [locus_tag=CAALFM_C104370CA] [db_xref=CGD:CAL0000192931] [protein=mitochondrial 37S ribosomal protein RSM18] [protein_id=AOW26111.1] [location=complement(905958..906560)] [gbkey=CDS],7,6,9,11,6,3,0,3,9,3,0,4,8,1,8,2,5,0,0,4,7,1,0,2,1,0,0,1,1,0,0,1,6,1,1,9,2,1,0,4,2,0,2,4,1,0,3,3,0,2,0,4,15,5,3,2,0,0,1,1,7,2,10,5
lcl|CP017623.1_cds_AOW26112.1_408 [gene=SIT4] [locus_tag=CAALFM_C104380WA] [db_xref=CGD:CAL0000187173] [protein=type 2A-related serine/threonine-protein phosphatase] [protein_id=AOW26112.1] [location=907132..908076] [gbkey=CDS],11,5,3,10,4,2,1,6,12,0,0,3,5,3,6,8,12,5,6,4,4,0,0,7,1,0,0,2,1,0,0,0,20,8,0,13,5,4,0,3,6,3,5,8,8,5,4,9,0,3,0,8,7,3,3,4,0,1,6,9,17,10,13,7
lcl|CP017623.1_cds_AOW26113.1_409 [gene=NOP4] [locus_tag=CAALFM_C104390CA] [db_xref=CGD:CAL0000184653] [protein=mRNA-binding ribosome biosynthesis protein] [protein_id=AOW26113.1] [location=complement(908570..910795)] [gbkey=CDS],66,16,33,21,8,4,2,8,38,5,2,9,6,5,11,18,19,1,2,8,13,1,1,6,1,0,0,7,1,2,2,4,68,13,22,40,14,10,2,27,11,1,2,24,3,7,14,22,0,4,0,7,25,3,5,14,0,0,3,5,21,6,24,23
"lcl|CP017623.1_cds_AOW26114.1_410 [gene=APE2] [locus_tag=CAALFM_C104400CA] [db_xref=CGD:CAL0000186164] [protein=metallo-aminopeptidase] [protein_id=AOW26114.1] [location=complement(join(911109..913713,914159..914328))] [gbkey=CDS]",59,25,19,15,12,22,1,27,20,2,0,14,0,14,14,36,26,5,2,6,19,0,1,6,0,1,0,8,0,1,2,11,62,27,5,36,14,11,0,40,9,4,4,33,7,16,5,29,0,22,0,9,20,12,1,30,0,4,21,6,21,27,53,27
lcl|CP017623.1_cds_AOW26115.1_411 [gene=ESS1] [locus_tag=CAALFM_C104410CA] [db_xref=CGD:CAL0000196636] [protein=peptidylprolyl isomerase] [protein_id=AOW26115.1] [location=complement(914539..915072)] [gbkey=CDS],7,5,6,9,3,3,1,2,9,2,0,6,5,2,1,3,5,0,2,6,6,1,0,2,0,0,0,0,1,1,0,1,9,4,4,4,4,1,1,0,3,3,1,6,2,2,1,4,0,2,0,2,3,3,2,5,0,1,3,0,3,3,8,3
lcl|CP017623.1_cds_AOW26116.1_412 [gene=URA6] [locus_tag=CAALFM_C104420CA] [db_xref=CGD:CAL0000189392] [protein=bifunctional uridylate/adenylate kinase] [protein_id=AOW26116.1] [location=complement(915265..916104)] [gbkey=CDS],22,3,10,6,6,6,0,4,11,2,2,2,1,7,3,7,12,0,2,1,6,2,0,5,0,0,0,0,0,0,0,3,16,3,3,10,5,5,1,9,6,2,2,12,1,4,3,14,0,3,0,3,4,4,1,7,0,0,0,3,7,7,10,10
"lcl|CP017623.1_cds_AOW26117.1_413 [locus_tag=CAALFM_C104430CA] [db_xref=CGD:CAL0000178260] [protein=sepiapterin reductase family protein] [protein_id=AOW26117.1] [location=complement(join(916437..917161,917227..917263))] [gbkey=CDS]",15,3,6,8,4,2,1,6,4,0,3,3,2,5,2,10,6,1,2,4,4,1,1,3,0,0,0,0,0,1,1,2,10,8,6,7,9,5,0,11,5,1,0,11,3,3,3,13,0,3,0,5,7,4,2,6,0,0,3,0,7,1,14,5
lcl|CP017623.1_cds_AOW26118.1_414 [locus_tag=CAALFM_C104440WA] [db_xref=CGD:CAL0000179171] [protein=hypothetical protein] [protein_id=AOW26118.1] [location=916801..917169] [gbkey=CDS],5,2,1,4,8,1,2,4,1,2,0,0,5,1,1,2,1,0,0,0,6,0,0,2,0,0,0,0,1,0,1,2,5,1,2,1,3,2,1,4,1,1,1,2,2,1,2,2,0,0,0,2,7,3,1,3,0,1,0,3,3,3,4,8
"lcl|CP017623.1_cds_AOW26119.1_415 [gene=FMA1] [locus_tag=CAALFM_C104450CA] [db_xref=CGD:CAL0000190455] [protein=Fma1p] [protein_id=AOW26119.1] [location=complement(join(917491..918215,918287..918323))] [gbkey=CDS]",12,6,8,7,4,2,0,4,4,0,0,1,1,4,3,13,11,4,0,2,8,0,1,0,0,0,0,0,0,2,0,2,16,7,0,7,4,6,0,17,0,4,1,12,3,5,2,12,0,3,0,4,6,2,1,11,0,0,3,0,5,3,13,6
lcl|CP017623.1_cds_AOW26120.1_416 [locus_tag=CAALFM_C104460CA] [db_xref=CGD:CAL0000201235] [protein=hypothetical protein] [protein_id=AOW26120.1] [location=complement(918745..919554)] [gbkey=CDS],15,9,5,10,1,3,0,6,6,0,0,2,1,6,3,10,5,2,1,4,6,0,1,4,0,0,0,1,0,1,0,3,14,6,2,4,5,9,0,16,4,0,1,15,4,9,1,10,0,4,0,5,5,5,2,6,0,0,1,5,6,4,16,4
lcl|CP017623.1_cds_AOW26121.1_417 [locus_tag=CAALFM_C104470CA] [db_xref=CGD:CAL0000196664] [protein=hypothetical protein] [protein_id=AOW26121.1] [location=complement(920167..920688)] [gbkey=CDS],8,4,2,10,8,1,1,3,2,2,2,1,8,3,4,9,3,1,1,3,4,0,2,3,0,1,0,3,6,2,3,1,8,3,3,6,4,3,1,2,0,1,2,1,2,1,1,1,0,0,0,1,2,4,0,1,0,1,1,1,4,2,2,13
lcl|CP017623.1_cds_AOW26122.1_418 [gene=TUS1] [locus_tag=CAALFM_C104480CA] [db_xref=CGD:CAL0000189010] [protein=Rho family guanine nucleotide exchange factor] [protein_id=AOW26122.1] [location=complement(921715..925908)] [gbkey=CDS],51,32,46,50,28,12,6,30,23,7,9,30,30,18,26,45,45,4,22,26,36,9,7,39,9,2,3,10,11,2,20,15,52,19,28,55,26,8,7,26,13,5,16,22,14,11,23,36,0,19,0,42,35,12,15,23,0,12,16,5,26,15,62,50
lcl|CP017623.1_cds_AOW26123.1_419 [locus_tag=CAALFM_C104490WA] [db_xref=CGD:CAL0000188737] [protein=hypothetical protein] [protein_id=AOW26123.1] [location=926875..927996] [gbkey=CDS],24,9,16,13,4,2,1,6,7,0,3,10,3,5,5,4,13,0,3,2,5,0,0,2,0,0,0,0,4,2,1,2,39,8,17,28,11,3,1,10,4,1,4,8,2,2,7,4,0,2,0,9,14,3,1,8,0,1,1,1,10,3,16,8
lcl|CP017623.1_cds_AOW26124.1_420 [gene=ICL1] [locus_tag=CAALFM_C104500WA] [db_xref=CGD:CAL0000178151] [protein=isocitrate lyase 1] [protein_id=AOW26124.1] [location=929091..930743] [gbkey=CDS],29,14,21,2,2,15,0,16,20,0,0,1,0,16,11,20,24,11,0,5,17,0,0,4,0,0,0,0,0,0,0,0,36,16,1,19,1,19,0,44,4,2,0,30,0,9,3,14,0,17,0,4,1,8,0,21,0,0,12,3,7,13,31,6
lcl|CP017623.1_cds_AOW26125.1_421 [locus_tag=CAALFM_C104510WA] [db_xref=CGD:CAL0000190911] [protein=hypothetical protein] [protein_id=AOW26125.1] [location=931183..932622] [gbkey=CDS],22,12,9,19,8,0,1,6,10,4,5,11,14,5,10,18,19,9,3,4,10,3,0,12,4,0,2,3,4,4,7,8,20,7,12,18,5,3,3,4,10,1,0,7,5,1,6,9,0,5,0,22,5,7,1,7,0,2,2,4,18,10,20,18
"lcl|CP017623.1_cds_AOW26126.1_422 [gene=PHO85] [locus_tag=CAALFM_C104520CA] [db_xref=CGD:CAL0000200290] [protein=cyclin-dependent serine/threonine-protein kinase] [protein_id=AOW26126.1] [location=complement(join(932754..933732,933812..933831))] [gbkey=CDS]",13,4,4,13,5,2,1,12,8,1,2,4,6,3,10,11,24,1,9,9,10,2,1,4,2,0,0,2,1,0,0,2,12,6,6,10,6,2,0,8,8,2,1,8,3,3,3,6,0,5,0,6,3,1,2,7,0,1,5,2,13,3,22,11
lcl|CP017623.1_cds_AOW26127.1_423 [locus_tag=CAALFM_C104530CA] [db_xref=CGD:CAL0000181781] [protein=tRNA (uracil) methyltransferase] [protein_id=AOW26127.1] [location=complement(934147..935706)] [gbkey=CDS],23,9,14,22,10,5,2,8,13,5,4,3,18,10,12,20,10,1,10,13,18,7,6,5,3,0,1,3,8,2,2,3,22,5,10,25,14,4,2,4,6,5,5,8,8,6,8,10,0,10,0,9,6,4,2,7,0,4,7,4,11,5,19,18
lcl|CP017623.1_cds_AOW26128.1_424 [gene=VPS16] [locus_tag=CAALFM_C104540CA] [db_xref=CGD:CAL0000185387] [protein=tethering complex subunit] [protein_id=AOW26128.1] [location=complement(936078..938918)] [gbkey=CDS],50,28,24,35,15,5,4,23,12,16,4,18,29,11,13,45,37,3,11,11,13,2,0,9,3,4,3,2,9,2,2,13,45,33,16,40,14,6,5,15,8,7,5,8,17,10,5,16,0,13,0,32,25,9,5,15,0,1,10,7,39,10,38,35
lcl|CP017623.1_cds_AOW26129.1_425 [gene=ELC1] [locus_tag=CAALFM_C104550WA] [db_xref=CGD:CAL0000177304] [protein=elongin C] [protein_id=AOW26129.1] [location=939165..939467] [gbkey=CDS],6,1,3,3,5,0,0,0,0,0,0,0,2,1,1,5,1,0,0,2,0,0,1,1,0,0,0,1,2,0,0,2,7,2,1,7,1,1,0,1,0,1,0,4,0,0,6,2,0,1,0,5,5,1,3,0,0,0,0,1,3,2,5,3
lcl|CP017623.1_cds_AOW26130.1_426 [locus_tag=CAALFM_C104560WA] [db_xref=CGD:CAL0000175041] [protein=ubiquitin-protein ligase] [protein_id=AOW26130.1] [location=940013..941746] [gbkey=CDS],30,15,18,32,18,2,2,11,9,8,2,11,11,7,6,17,16,6,8,13,11,2,3,5,0,0,0,2,8,1,2,8,25,6,12,32,12,3,2,7,8,1,2,7,3,1,6,12,0,6,0,17,9,6,10,8,0,1,4,5,24,11,29,23
lcl|CP017623.1_cds_AOW26131.1_427 [gene=CHL4] [locus_tag=CAALFM_C104570CA] [db_xref=CGD:CAL0000188322] [protein=Chl4p] [protein_id=AOW26131.1] [location=complement(941946..943343)] [gbkey=CDS],27,12,13,25,10,5,0,12,6,2,2,6,12,12,6,23,21,4,5,10,14,2,4,4,2,1,1,2,7,3,0,9,25,8,9,14,5,1,0,6,11,0,5,8,3,2,12,3,0,6,0,8,16,3,1,7,0,3,5,0,12,2,11,16
lcl|CP017623.1_cds_AOW26132.1_428 [locus_tag=CAALFM_C104580CA] [db_xref=CGD:CAL0000189650] [protein=hypothetical protein] [protein_id=AOW26132.1] [location=complement(943640..944467)] [gbkey=CDS],14,3,8,12,5,3,1,4,5,0,2,4,6,7,1,13,6,3,2,4,4,1,0,1,2,0,1,1,4,0,0,4,11,8,7,15,9,2,0,5,7,1,1,1,3,1,4,5,0,4,0,6,6,4,5,4,0,3,1,1,6,9,11,13
lcl|CP017623.1_cds_AOW26133.1_429 [locus_tag=CAALFM_C104590WA] [db_xref=CGD:CAL0000174930] [protein=hypothetical protein] [protein_id=AOW26133.1] [location=946251..946439] [gbkey=CDS],3,0,1,3,0,3,1,3,2,0,0,2,1,0,0,2,1,0,0,2,2,0,0,0,0,0,0,0,1,0,1,0,1,0,0,0,0,2,1,2,0,1,0,2,0,0,1,0,0,0,0,3,4,1,0,3,0,0,0,0,6,3,1,2
lcl|CP017623.1_cds_AOW26134.1_430 [locus_tag=CAALFM_C104600CA] [db_xref=CGD:CAL0000195654] [protein=hypothetical protein] [protein_id=AOW26134.1] [location=complement(947537..948574)] [gbkey=CDS],18,13,11,24,3,4,2,9,23,5,6,7,4,4,2,10,12,3,10,2,15,0,3,3,0,0,0,2,1,0,1,2,15,3,2,11,6,7,0,7,5,3,2,8,0,4,3,9,0,2,0,3,8,2,1,7,0,0,3,0,9,6,8,11
"lcl|CP017623.1_cds_AOW26135.1_431 [gene=ATP1] [locus_tag=CAALFM_C104610WA] [db_xref=CGD:CAL0000188156] [protein=F1F0 ATP synthase subunit alpha] [protein_id=AOW26135.1] [location=join(949329..949403,949692..949834,950049..951471)] [gbkey=CDS]",20,14,10,3,1,10,0,15,29,0,0,0,0,8,4,22,27,4,0,1,19,0,0,2,0,0,0,8,0,0,0,2,36,7,0,17,0,13,0,52,0,0,2,45,0,13,1,31,0,14,0,1,5,10,0,20,0,0,2,2,17,15,41,2
lcl|CP017623.1_cds_AOW26136.1_432 [locus_tag=CAALFM_C104620WA] [db_xref=CGD:CAL0000194556] [protein=hypothetical protein] [protein_id=AOW26136.1] [location=952320..954050] [gbkey=CDS],60,12,24,34,11,8,7,16,14,1,0,9,8,6,6,21,18,0,3,8,17,5,1,7,0,1,0,4,0,2,3,5,37,9,15,23,10,4,0,10,12,3,2,8,6,5,6,6,0,4,0,10,21,9,4,8,0,1,3,0,18,3,12,15
lcl|CP017623.1_cds_AOW26137.1_433 [locus_tag=CAALFM_C104630CA] [db_xref=CGD:CAL0000188465] [protein=putative aminophospholipid-translocating P4-type ATPase] [protein_id=AOW26137.1] [location=complement(954196..957687)] [gbkey=CDS],44,19,28,36,25,9,10,19,22,9,4,19,26,10,29,50,36,6,9,14,13,3,4,10,9,1,1,15,10,4,5,10,35,14,15,55,27,9,7,22,15,6,8,29,15,13,12,40,0,17,0,31,37,15,10,35,0,5,12,11,42,14,65,37
lcl|CP017623.1_cds_AOW26138.1_434 [locus_tag=CAALFM_C104640WA] [db_xref=CGD:CAL0000179190] [protein=triacylglycerol lipase] [protein_id=AOW26138.1] [location=958785..960746] [gbkey=CDS],40,13,9,31,13,6,3,11,13,6,1,8,17,9,7,31,24,3,4,14,9,6,1,13,3,1,1,0,4,1,7,1,27,13,10,21,14,4,1,8,12,5,9,5,13,4,6,16,0,4,0,14,23,9,5,17,0,1,8,8,30,10,23,22
lcl|CP017623.1_cds_AOW26139.1_435 [gene=DUR3] [locus_tag=CAALFM_C104650WA] [db_xref=CGD:CAL0000194064] [protein=Dur3p] [protein_id=AOW26139.1] [location=961930..964107] [gbkey=CDS],22,8,11,15,19,9,2,29,15,0,1,13,6,13,21,39,15,2,2,10,17,0,0,6,0,0,0,3,0,1,3,12,28,9,4,8,20,19,0,38,14,2,5,34,4,11,9,32,0,13,0,20,9,11,3,10,0,1,16,11,22,12,34,31
"lcl|CP017623.1_cds_AOW26140.1_436 [gene=DUR1,2] [locus_tag=CAALFM_C104660WA] [db_xref=CGD:CAL0000184290] [protein=bifunctional urea carboxylase/allophanate hydrolase] [protein_id=AOW26140.1] [location=965166..970607] [gbkey=CDS]",117,27,25,50,32,22,1,37,53,0,3,12,12,26,24,67,50,8,3,23,70,11,5,17,2,0,0,8,2,1,1,12,127,18,12,77,40,33,2,56,35,9,12,89,14,24,15,97,0,25,0,44,47,14,9,34,0,4,24,20,73,26,66,45
lcl|CP017623.1_cds_AOW26141.1_437 [gene=HAT1] [locus_tag=CAALFM_C104670WA] [db_xref=CGD:CAL0000199484] [protein=histone acetyltransferase catalytic subunit] [protein_id=AOW26141.1] [location=970917..972158] [gbkey=CDS],34,3,14,15,6,8,4,6,9,0,2,6,11,5,0,15,15,0,2,4,5,0,1,8,2,0,0,1,0,0,2,1,26,11,7,29,10,6,0,4,5,2,4,4,3,3,3,7,0,4,0,18,8,4,0,3,0,0,6,1,24,7,18,16
lcl|CP017623.1_cds_AOW26142.1_438 [gene=PIL1] [locus_tag=CAALFM_C104680WA] [db_xref=CGD:CAL0000179346] [protein=lipid-binding protein] [protein_id=AOW26142.1] [location=973480..974406] [gbkey=CDS],18,3,5,5,0,4,0,11,13,0,0,5,0,9,2,9,17,4,0,3,11,0,0,3,0,0,0,2,0,0,0,1,33,6,0,18,2,2,0,27,0,1,1,12,0,5,0,7,0,5,0,7,3,5,1,12,0,0,2,0,8,3,18,4
lcl|CP017623.1_cds_AOW26143.1_439 [locus_tag=CAALFM_C104690CA] [db_xref=CGD:CAL0000178099] [protein=hypothetical protein] [protein_id=AOW26143.1] [location=complement(974965..976872)] [gbkey=CDS],21,16,4,54,18,7,3,16,9,2,3,16,10,7,15,34,20,2,1,14,14,2,3,13,8,0,2,1,3,2,2,9,32,5,11,43,11,6,1,10,5,2,5,16,6,0,5,19,0,6,0,14,17,3,4,7,0,0,1,4,24,6,21,19
lcl|CP017623.1_cds_AOW26144.1_440 [locus_tag=CAALFM_C104700CA] [db_xref=CGD:CAL0000189794] [protein=hypothetical protein] [protein_id=AOW26144.1] [location=complement(977199..979934)] [gbkey=CDS],44,33,17,58,20,7,7,27,11,6,2,18,25,7,11,37,28,2,4,16,15,7,2,10,3,0,1,12,5,2,3,7,37,9,15,60,15,6,1,18,16,3,7,12,5,8,11,28,0,6,0,51,16,3,7,12,0,0,12,3,41,9,20,32
lcl|CP017623.1_cds_AOW26145.1_441 [locus_tag=CAALFM_C104710CA] [db_xref=CGD:CAL0000175312] [protein=hypothetical protein] [protein_id=AOW26145.1] [location=complement(980592..981179)] [gbkey=CDS],13,4,5,19,7,0,0,8,6,1,1,5,9,2,2,5,9,1,1,1,3,0,1,1,0,0,0,0,1,0,2,0,15,4,1,15,2,0,0,3,1,1,2,1,1,0,1,2,0,0,0,0,8,2,3,5,0,0,0,0,8,3,6,3
lcl|CP017623.1_cds_AOW26146.1_442 [locus_tag=CAALFM_C104720WA] [db_xref=CGD:CAL0000194999] [protein=hypothetical protein] [protein_id=AOW26146.1] [location=982170..982391] [gbkey=CDS],2,1,1,3,3,2,0,2,1,1,0,0,3,2,2,7,2,0,1,4,0,0,0,0,0,0,0,1,1,0,0,0,1,0,0,2,1,0,0,0,2,0,0,1,2,0,1,2,0,2,0,1,2,2,0,2,0,1,0,2,1,1,5,2
lcl|CP017623.1_cds_AOW26147.1_443 [gene=LYS21] [locus_tag=CAALFM_C104730CA] [db_xref=CGD:CAL0000190246] [protein=homocitrate synthase] [protein_id=AOW26147.1] [location=complement(982545..983831)] [gbkey=CDS],26,6,3,17,3,3,0,15,17,1,0,4,1,9,5,25,10,2,3,10,9,0,1,2,0,0,0,4,0,0,0,2,27,2,1,30,4,10,3,15,4,2,6,17,3,5,4,23,0,3,0,9,13,3,1,5,0,0,1,9,9,9,22,9
lcl|CP017623.1_cds_AOW26148.1_444 [gene=LPG20] [locus_tag=CAALFM_C104740WA] [db_xref=CGD:CAL0000174538] [protein=aldo-keto reductase superfamily protein] [protein_id=AOW26148.1] [location=984729..985775] [gbkey=CDS],28,3,3,13,5,1,1,8,12,3,0,3,2,1,6,26,12,0,1,6,5,1,1,8,1,0,0,4,1,1,0,3,22,3,2,22,4,2,0,10,8,0,5,3,2,1,3,23,0,0,0,12,8,1,0,8,0,0,5,4,16,7,10,7
lcl|CP017623.1_cds_AOW26149.1_445 [gene=IFE1] [locus_tag=CAALFM_C104750WA] [db_xref=CGD:CAL0000197952] [protein=putative dehydrogenase] [protein_id=AOW26149.1] [location=986263..987447] [gbkey=CDS],32,1,2,17,4,3,0,8,4,1,0,5,4,3,6,32,10,2,1,7,7,4,3,5,1,0,0,3,2,0,4,2,23,3,1,22,10,2,1,9,14,1,3,17,5,2,1,19,0,3,0,12,8,3,2,6,0,2,2,10,18,2,9,10
lcl|CP017623.1_cds_AOW26150.1_446 [gene=SYG1] [locus_tag=CAALFM_C104760CA] [db_xref=CGD:CAL0000192165] [protein=Syg1p] [protein_id=AOW26150.1] [location=complement(987525..990488)] [gbkey=CDS],54,15,17,35,22,11,3,30,23,4,7,20,12,15,18,41,40,2,2,15,18,2,4,14,13,1,4,9,2,1,2,11,47,10,7,54,30,6,2,14,12,2,9,7,6,7,13,16,0,8,0,37,28,5,2,20,0,0,17,5,57,27,24,47
lcl|CP017623.1_cds_AOW26151.1_447 [gene=ERG3] [locus_tag=CAALFM_C104770CA] [db_xref=CGD:CAL0000190948] [protein=C-5 sterol desaturase] [protein_id=AOW26151.1] [location=complement(991622..992782)] [gbkey=CDS],18,7,5,12,1,3,0,17,10,0,0,5,3,5,4,20,9,4,0,11,16,0,0,5,0,0,0,1,1,1,0,8,17,3,0,19,3,3,0,11,2,0,2,10,2,3,2,17,0,9,0,15,10,1,0,9,0,0,9,5,18,22,12,15
lcl|CP017623.1_cds_AOW26152.1_448 [locus_tag=CAALFM_C104780CA] [db_xref=CGD:CAL0000179163] [protein=hypothetical protein] [protein_id=AOW26152.1] [location=complement(994377..997034)] [gbkey=CDS],60,13,18,58,28,15,10,21,14,4,3,18,19,9,9,35,44,3,1,10,26,3,2,12,1,0,1,1,6,0,4,5,37,7,8,41,12,3,1,9,13,3,3,9,7,6,14,18,0,1,0,19,39,9,2,20,0,2,5,2,50,25,35,31
lcl|CP017623.1_cds_AOW26153.1_449 [locus_tag=CAALFM_C104790WA] [db_xref=CGD:CAL0000178064] [protein=hypothetical protein] [protein_id=AOW26153.1] [location=997297..997971] [gbkey=CDS],7,1,2,10,2,4,0,4,16,0,1,2,5,1,5,5,8,2,0,3,3,1,0,3,2,0,0,3,1,0,2,1,11,3,0,8,5,1,2,4,9,3,6,26,0,0,2,2,0,2,0,4,3,0,2,6,0,1,0,2,7,5,4,11
lcl|CP017623.1_cds_AOW26154.1_450 [locus_tag=CAALFM_C104800CA] [db_xref=CGD:CAL0000194369] [protein=hypothetical protein] [protein_id=AOW26154.1] [location=complement(998118..1000229)] [gbkey=CDS],35,25,10,47,11,15,1,18,12,5,0,15,3,7,3,25,16,2,1,16,13,1,1,14,1,0,0,4,1,3,2,11,28,12,4,38,10,14,0,12,10,2,4,19,5,7,6,15,0,17,0,29,13,11,2,15,0,0,16,12,14,33,17,19
lcl|CP017623.1_cds_AOW26155.1_451 [gene=TCO89] [locus_tag=CAALFM_C104810WA] [db_xref=CGD:CAL0000194863] [protein=Tco89p] [protein_id=AOW26155.1] [location=1001617..1003743] [gbkey=CDS],26,29,19,45,33,15,6,13,15,4,5,20,7,4,11,10,35,10,23,7,24,6,2,14,8,1,0,5,9,5,4,7,23,5,11,25,19,5,2,15,7,5,7,9,9,2,5,5,0,5,0,10,23,13,10,18,0,1,2,0,12,1,22,14
lcl|CP017623.1_cds_AOW26156.1_452 [locus_tag=CAALFM_C104820CA] [db_xref=CGD:CAL0000201459] [protein=putative mitochondrial 54S ribosomal protein RTC6] [protein_id=AOW26156.1] [location=complement(1003914..1004285)] [gbkey=CDS],8,3,6,4,4,3,0,3,7,1,0,0,7,4,3,4,4,1,2,2,3,0,0,0,0,0,1,0,1,0,1,0,1,1,0,0,0,0,0,1,1,2,0,3,1,0,2,4,0,5,0,1,2,3,1,2,0,4,0,3,4,1,1,7
lcl|CP017623.1_cds_AOW26157.1_453 [gene=SEC21] [locus_tag=CAALFM_C104830WA] [db_xref=CGD:CAL0000193121] [protein=coatomer subunit gamma] [protein_id=AOW26157.1] [location=1004469..1007279] [gbkey=CDS],46,20,21,42,15,9,1,27,22,6,0,10,7,15,14,56,29,8,5,9,20,2,2,5,1,0,0,1,2,0,2,2,52,13,11,49,16,12,1,30,10,4,1,22,8,10,6,41,0,16,0,16,24,11,8,26,0,0,2,7,43,11,64,22
lcl|CP017623.1_cds_AOW26158.1_454 [locus_tag=CAALFM_C104840CA] [db_xref=CGD:CAL0000180993] [protein=hypothetical protein] [protein_id=AOW26158.1] [location=complement(1007444..1007815)] [gbkey=CDS],6,1,2,5,2,1,2,6,7,0,0,1,3,2,2,1,3,1,1,1,0,0,0,2,0,1,0,1,1,0,1,0,4,0,0,3,4,0,0,8,2,0,0,4,4,1,0,2,0,1,0,6,2,2,3,1,0,0,1,4,3,2,5,7
lcl|CP017623.1_cds_AOW26159.1_455 [locus_tag=CAALFM_C104860WA] [db_xref=CGD:CAL0000177097] [protein=hypothetical protein] [protein_id=AOW26159.1] [location=1008955..1011525] [gbkey=CDS],36,16,14,59,22,12,2,15,9,3,3,13,11,8,15,36,37,7,5,12,16,2,4,14,3,2,1,2,6,3,3,15,46,10,12,50,21,10,1,7,11,2,3,16,8,8,6,17,0,9,0,32,19,6,5,15,0,0,9,8,43,10,38,27
lcl|CP017623.1_cds_AOW26160.1_456 [gene=SAP7] [locus_tag=CAALFM_C104870WA] [db_xref=CGD:CAL0000192370] [protein=Sap7p] [protein_id=AOW26160.1] [location=1012991..1014757] [gbkey=CDS],28,12,3,26,8,2,0,26,2,2,0,11,0,7,5,25,21,2,1,8,16,1,0,10,0,0,0,2,0,2,3,6,19,8,2,35,6,6,0,30,10,2,4,37,8,7,4,25,0,7,0,20,26,9,2,26,0,0,4,4,16,6,15,20
lcl|CP017623.1_cds_AOW26161.1_457 [gene=MRPL37] [locus_tag=CAALFM_C104880CA] [db_xref=CGD:CAL0000176231] [protein=mitochondrial 54S ribosomal protein YmL37] [protein_id=AOW26161.1] [location=complement(1015097..1015459)] [gbkey=CDS],11,4,1,6,6,1,0,10,7,0,1,3,3,2,1,2,2,0,0,0,3,0,0,3,0,0,0,0,0,0,0,2,7,0,0,5,0,1,0,2,0,0,0,2,3,0,1,2,0,0,0,1,7,0,0,2,0,1,3,0,5,1,4,4
lcl|CP017623.1_cds_AOW26162.1_458 [gene=YBN5] [locus_tag=CAALFM_C104890WA] [db_xref=CGD:CAL0000180814] [protein=Obg-like ATPase] [protein_id=AOW26162.1] [location=1015786..1016976] [gbkey=CDS],32,9,7,9,2,2,0,11,16,0,0,2,2,9,6,24,12,0,0,3,15,0,1,2,0,0,0,1,0,0,0,2,31,4,1,24,3,15,0,17,1,0,2,23,0,7,0,19,0,6,0,6,1,2,0,9,0,0,4,5,16,8,17,7
"lcl|CP017623.1_cds_AOW26163.1_459 [gene=MNN15] [locus_tag=CAALFM_C104900WA] [db_xref=CGD:CAL0000175887] [protein=putative alpha-1,3-mannosyltransferase] [protein_id=AOW26163.1] [location=1017681..1019972] [gbkey=CDS]",54,7,17,36,14,7,2,16,17,6,5,11,19,3,15,24,17,1,9,9,13,9,0,12,6,0,3,4,6,3,1,12,43,15,23,32,10,2,0,11,14,1,8,17,5,2,4,14,0,7,0,33,15,7,4,16,0,2,11,6,26,21,15,39
lcl|CP017623.1_cds_AOW26164.1_460 [locus_tag=CAALFM_C104910CA] [db_xref=CGD:CAL0000195447] [protein=hypothetical protein] [protein_id=AOW26164.1] [location=complement(1020126..1021085)] [gbkey=CDS],24,7,4,20,5,3,2,9,4,0,0,7,6,2,2,9,12,2,2,4,5,0,0,6,2,0,0,1,0,2,0,5,13,8,2,19,6,2,1,11,4,0,2,6,3,3,4,8,0,4,0,11,11,3,1,4,0,0,7,0,11,10,8,11
lcl|CP017623.1_cds_AOW26165.1_461 [locus_tag=CAALFM_C104930CA] [db_xref=CGD:CAL0000197113] [protein=hypothetical protein] [protein_id=AOW26165.1] [location=complement(1021667..1022368)] [gbkey=CDS],15,2,5,12,4,1,1,7,2,1,1,1,5,2,6,14,10,2,1,0,6,0,1,1,4,1,1,3,1,2,1,3,6,1,3,15,4,3,1,1,2,0,2,1,2,4,2,6,0,3,0,7,6,2,0,3,0,0,3,1,14,8,8,8
lcl|CP017623.1_cds_AOW26166.1_462 [locus_tag=CAALFM_C104940CA] [db_xref=CGD:CAL0000186239] [protein=hypothetical protein] [protein_id=AOW26166.1] [location=complement(1023215..1023751)] [gbkey=CDS],4,9,3,2,0,8,0,4,6,0,0,0,0,3,0,12,13,0,0,0,1,0,0,0,0,0,0,0,0,1,0,12,8,4,1,9,1,4,0,27,2,1,0,7,1,2,0,12,0,0,0,0,1,3,0,5,0,0,0,0,3,2,5,1
lcl|CP017623.1_cds_AOW26167.1_463 [gene=RPM2] [locus_tag=CAALFM_C104950CA] [db_xref=CGD:CAL0000181853] [protein=ribonuclease P] [protein_id=AOW26167.1] [location=complement(1028271..1032458)] [gbkey=CDS],94,11,13,97,38,10,5,26,26,0,2,22,24,16,27,69,62,7,5,40,19,4,1,10,9,1,4,5,3,3,6,17,75,7,9,70,17,14,1,15,16,1,1,23,10,7,10,35,0,11,0,52,34,14,5,35,0,4,7,12,102,23,41,67
lcl|CP017623.1_cds_AOW26168.1_464 [locus_tag=CAALFM_C104960CA] [db_xref=CGD:CAL0000201500] [protein=SCF ubiquitin ligase complex subunit] [protein_id=AOW26168.1] [location=complement(1033844..1035829)] [gbkey=CDS],40,6,4,52,12,4,3,10,16,1,0,14,33,11,14,38,32,2,1,17,8,4,0,6,5,0,0,3,2,2,3,9,45,1,4,42,5,3,0,1,11,2,15,6,7,4,5,7,0,2,0,25,25,3,4,7,0,0,7,5,36,7,9,20
lcl|CP017623.1_cds_AOW26169.1_465 [locus_tag=CAALFM_C104970WA] [db_xref=CGD:CAL0000196200] [protein=translation initiation factor 3 subunit] [protein_id=AOW26169.1] [location=1036804..1040895] [gbkey=CDS],119,10,21,67,10,15,2,51,27,0,1,17,10,7,9,105,68,1,3,19,29,1,0,19,0,0,1,10,0,1,2,14,139,5,3,71,20,7,0,29,13,2,8,35,6,6,3,51,0,1,0,49,54,5,5,36,0,1,8,9,78,19,21,39
lcl|CP017623.1_cds_AOW26170.1_466 [locus_tag=CAALFM_C104980CA] [db_xref=CGD:CAL0000174586] [protein=hypothetical protein] [protein_id=AOW26170.1] [location=complement(1041964..1043523)] [gbkey=CDS],25,7,1,26,15,4,2,16,8,0,0,8,4,1,7,30,17,4,0,32,12,0,1,4,2,0,0,5,1,1,2,8,25,2,1,20,11,5,2,16,6,1,2,23,7,6,7,15,0,2,0,9,24,4,5,16,0,0,8,1,23,3,14,17
lcl|CP017623.1_cds_AOW26171.1_467 [locus_tag=CAALFM_C104990CA] [db_xref=CGD:CAL0000188024] [protein=hypothetical protein] [protein_id=AOW26171.1] [location=complement(1044362..1045495)] [gbkey=CDS],30,6,13,20,11,1,2,6,2,1,2,8,6,5,5,9,19,3,4,10,4,3,1,5,1,0,2,2,4,2,1,5,31,4,13,22,8,2,1,5,8,3,0,5,3,3,2,13,0,4,0,8,7,1,1,7,0,1,3,6,6,2,8,6
lcl|CP017623.1_cds_AOW26172.1_468 [gene=RHD1] [locus_tag=CAALFM_C105000WA] [db_xref=CGD:CAL0000199919] [protein=Rhd1p] [protein_id=AOW26172.1] [location=1048309..1050273] [gbkey=CDS],51,7,8,42,8,2,2,11,14,1,0,12,9,5,10,27,24,0,1,14,13,2,1,10,4,0,2,4,4,2,2,12,36,2,7,42,7,5,0,5,11,2,7,18,6,6,6,18,0,3,0,31,18,4,2,12,0,1,12,10,38,11,9,20
lcl|CP017623.1_cds_AOW26173.1_469 [locus_tag=CAALFM_C105010CA] [db_xref=CGD:CAL0000184411] [protein=PAQR-type receptor] [protein_id=AOW26173.1] [location=complement(1050452..1051426)] [gbkey=CDS],13,1,0,14,4,1,2,11,8,0,0,3,6,4,6,12,13,0,0,16,5,1,0,4,1,0,1,0,2,0,3,3,13,1,1,10,5,0,0,5,8,0,3,6,5,3,3,9,0,1,0,22,17,1,1,3,0,0,6,7,21,5,11,22
lcl|CP017623.1_cds_AOW26174.1_470 [gene=ARG2] [locus_tag=CAALFM_C105020CA] [db_xref=CGD:CAL0000184037] [protein=acetyl-CoA:L-glutamate N-acetyltransferase] [protein_id=AOW26174.1] [location=complement(1051994..1053736)] [gbkey=CDS],43,9,10,32,9,6,2,19,12,2,0,8,24,11,8,30,22,2,1,9,10,4,1,7,2,1,4,3,2,1,4,10,27,6,3,36,3,10,1,2,8,2,2,12,8,4,5,8,0,6,0,15,15,5,2,8,0,0,5,4,27,7,22,18
"lcl|CP017623.1_cds_AOW26175.1_471 [gene=PSF2] [locus_tag=CAALFM_C105030CA] [db_xref=CGD:CAL0000196709] [protein=DNA replication protein] [protein_id=AOW26175.1] [location=complement(join(1054104..1054595,1054680..1054799))] [gbkey=CDS]",14,2,1,10,5,2,0,1,7,0,1,4,8,2,4,6,8,0,1,0,9,2,1,1,2,0,0,1,4,3,1,4,16,4,0,13,3,1,0,3,2,0,2,0,3,1,4,3,0,1,0,3,6,0,2,1,0,0,4,1,17,0,5,3
lcl|CP017623.1_cds_AOW26176.1_472 [gene=RRP6] [locus_tag=CAALFM_C105050CA] [db_xref=CGD:CAL0000183418] [protein=exosome nuclease subunit] [protein_id=AOW26176.1] [location=complement(1055313..1057673)] [gbkey=CDS],52,12,22,36,13,11,3,13,20,0,3,12,16,7,11,28,32,2,2,8,20,0,3,18,5,0,2,5,1,1,1,9,51,19,9,49,20,9,2,24,8,0,3,6,13,2,10,19,0,3,0,26,19,8,1,16,0,0,11,2,22,13,31,21
lcl|CP017623.1_cds_AOW26177.1_473 [gene=REI1] [locus_tag=CAALFM_C105060WA] [db_xref=CGD:CAL0000177865] [protein=Rei1p] [protein_id=AOW26177.1] [location=1058030..1059178] [gbkey=CDS],28,4,9,15,9,3,1,6,18,0,1,3,4,1,9,11,21,2,4,11,8,0,2,5,1,0,0,2,1,1,0,5,46,5,7,24,5,2,0,13,6,0,1,11,1,1,6,4,0,0,0,12,4,0,2,4,0,0,3,3,14,5,11,6
lcl|CP017623.1_cds_AOW26178.1_474 [gene=GPI7] [locus_tag=CAALFM_C105070CA] [db_xref=CGD:CAL0000200443] [protein=mannose-ethanolamine phosphotransferase] [protein_id=AOW26178.1] [location=complement(1059228..1061885)] [gbkey=CDS],33,18,7,39,27,9,1,16,13,2,0,12,21,11,16,44,31,6,5,18,19,3,5,5,2,1,1,5,6,2,3,16,21,11,4,29,18,5,1,14,20,5,8,16,13,7,17,16,0,13,0,23,36,6,3,16,0,0,15,7,51,19,38,55
lcl|CP017623.1_cds_AOW26179.1_475 [gene=GPT1] [locus_tag=CAALFM_C105080WA] [db_xref=CGD:CAL0000188952] [protein=Gpt1p] [protein_id=AOW26179.1] [location=1064009..1065736] [gbkey=CDS],17,2,1,18,10,9,0,20,7,1,0,16,4,14,19,33,17,2,1,5,12,3,1,12,0,1,0,5,1,1,0,10,19,6,2,16,15,16,2,17,15,1,4,19,5,10,9,21,0,6,0,10,17,3,4,11,0,1,16,12,22,18,17,18
lcl|CP017623.1_cds_AOW26180.1_476 [gene=TRY2] [locus_tag=CAALFM_C105090WA] [db_xref=CGD:CAL0000191257] [protein=Try2p] [protein_id=AOW26180.1] [location=1066117..1067232] [gbkey=CDS],19,6,6,24,6,4,0,6,4,0,2,9,7,4,5,10,14,4,7,6,5,0,2,2,3,0,0,1,5,2,1,7,28,9,14,27,6,2,1,6,6,2,0,7,6,5,6,2,0,5,0,9,14,2,6,10,0,2,1,6,2,3,7,5
lcl|CP017623.1_cds_AOW26181.1_477 [locus_tag=CAALFM_C105100WA] [db_xref=CGD:CAL0000178764] [protein=hypothetical protein] [protein_id=AOW26181.1] [location=1067544..1068347] [gbkey=CDS],14,1,3,12,4,6,0,4,4,0,0,4,9,3,2,9,10,1,2,7,3,2,2,3,7,0,0,1,2,2,3,3,19,1,3,15,5,0,0,5,5,0,5,2,2,1,1,5,0,0,0,13,10,1,2,3,0,0,4,3,15,3,8,12
lcl|CP017623.1_cds_AOW26182.1_478 [gene=ARO4] [locus_tag=CAALFM_C105110CA] [db_xref=CGD:CAL0000182853] [protein=3-deoxy-7-phosphoheptulonate synthase] [protein_id=AOW26182.1] [location=complement(1068523..1069635)] [gbkey=CDS],23,5,6,8,1,13,0,7,11,1,0,9,6,5,8,17,14,4,0,3,11,2,0,5,0,0,0,4,0,0,0,1,18,9,0,20,4,12,0,8,6,1,3,20,2,2,3,18,0,8,0,2,7,5,0,10,0,0,2,7,15,4,15,4
lcl|CP017623.1_cds_AOW26183.1_479 [locus_tag=CAALFM_C105120WA] [db_xref=CGD:CAL0000190783] [protein=amino acid transporter] [protein_id=AOW26183.1] [location=1070515..1071795] [gbkey=CDS],12,4,0,9,10,4,1,6,6,0,0,13,12,12,8,20,15,1,5,6,9,3,1,4,5,0,2,1,2,1,1,3,17,0,5,7,11,3,0,4,12,0,10,6,9,3,13,9,0,4,0,17,14,2,3,9,0,0,9,5,25,7,25,20
lcl|CP017623.1_cds_AOW26184.1_480 [gene=BRG1] [locus_tag=CAALFM_C105140WA] [db_xref=CGD:CAL0000196982] [protein=Brg1p] [protein_id=AOW26184.1] [location=1082624..1083892] [gbkey=CDS],10,8,8,21,15,6,0,14,10,2,1,11,12,3,5,7,47,5,6,8,34,1,2,13,2,0,0,2,0,0,0,5,4,0,3,1,11,4,0,5,6,4,3,15,5,4,10,5,0,7,0,5,20,1,2,14,0,0,1,6,10,2,13,2
lcl|CP017623.1_cds_AOW26185.1_481 [locus_tag=CAALFM_C105150CA] [db_xref=CGD:CAL0000192054] [protein=hypothetical protein] [protein_id=AOW26185.1] [location=complement(1084950..1085183)] [gbkey=CDS],2,1,1,4,1,1,0,0,1,1,0,1,3,0,0,5,1,1,0,1,3,2,0,0,1,0,0,0,0,0,0,2,3,0,1,1,0,0,0,2,1,0,0,2,0,1,0,0,0,3,0,4,1,0,1,3,0,0,1,2,5,4,2,7
lcl|CP017623.1_cds_AOW26186.1_482 [locus_tag=CAALFM_C105160CA] [db_xref=CGD:CAL0000182007] [protein=hypothetical protein] [protein_id=AOW26186.1] [location=complement(1092614..1093810)] [gbkey=CDS],17,8,7,21,4,6,1,9,12,1,1,6,14,7,4,21,13,4,3,15,14,3,3,6,2,0,1,1,2,0,1,5,10,5,8,22,7,6,1,8,8,1,5,11,4,1,4,14,0,3,0,9,3,2,2,4,0,0,2,1,16,4,11,13
lcl|CP017623.1_cds_AOW26187.1_483 [gene=CUE5] [locus_tag=CAALFM_C105170CA] [db_xref=CGD:CAL0000199921] [protein=ubiquitin-binding protein] [protein_id=AOW26187.1] [location=complement(1094679..1095959)] [gbkey=CDS],20,13,22,10,8,5,1,24,19,1,2,4,1,1,1,16,16,2,4,2,21,2,1,8,1,0,0,3,1,0,0,5,44,13,5,33,4,6,0,9,6,1,3,10,3,1,2,6,0,1,0,2,14,4,2,10,0,0,2,0,7,5,10,8
"lcl|CP017623.1_cds_AOW26188.1_484 [locus_tag=CAALFM_C105180CA] [db_xref=CGD:CAL0000188334] [protein=hypothetical protein] [protein_id=AOW26188.1] [location=complement(join(1097142..1097347,1097501..1097528))] [gbkey=CDS]",7,0,0,2,1,1,0,0,5,0,0,2,0,0,0,3,6,0,0,2,3,0,0,0,0,0,0,0,0,1,0,2,5,0,1,5,1,1,0,3,0,0,0,0,1,0,1,1,0,0,0,3,5,0,1,0,0,0,2,5,1,1,3,1
"lcl|CP017623.1_cds_AOW26189.1_485 [locus_tag=CAALFM_C105190CA] [db_xref=CGD:CAL0000184657] [protein=hypothetical protein] [protein_id=AOW26189.1] [location=complement(join(1098256..1098449,1098552..1098588))] [gbkey=CDS]",7,3,1,3,0,2,1,2,2,0,0,0,0,1,0,1,4,3,0,2,2,1,0,1,0,0,0,0,0,1,0,0,3,1,2,5,2,0,0,2,0,0,0,1,0,0,0,1,0,2,0,4,1,1,0,0,0,0,0,4,5,2,0,2
lcl|CP017623.1_cds_AOW26190.1_486 [locus_tag=CAALFM_C105200CA] [db_xref=CGD:CAL0000201611] [protein=hypothetical protein] [protein_id=AOW26190.1] [location=complement(1099257..1100150)] [gbkey=CDS],18,9,9,22,8,9,2,7,6,3,1,0,7,3,4,9,15,6,1,9,10,5,1,3,3,0,0,1,0,3,1,1,15,8,3,11,7,4,0,2,0,1,1,1,1,3,1,1,0,3,0,4,7,2,5,8,0,0,1,4,7,2,11,7
lcl|CP017623.1_cds_AOW26191.1_487 [locus_tag=CAALFM_C105210CA] [db_xref=CGD:CAL0000195827] [protein=hypothetical protein] [protein_id=AOW26191.1] [location=complement(1101241..1102398)] [gbkey=CDS],27,4,16,16,7,4,1,6,10,2,3,1,7,4,5,15,11,0,0,7,12,2,3,10,4,0,0,2,1,0,0,2,20,4,4,8,10,4,2,9,10,1,5,12,5,1,6,3,0,5,0,11,7,0,2,4,0,0,9,3,14,6,20,17
lcl|CP017623.1_cds_AOW26192.1_488 [locus_tag=CAALFM_C105220CA] [db_xref=CGD:CAL0000185681] [protein=hypothetical protein] [protein_id=AOW26192.1] [location=complement(1102611..1103048)] [gbkey=CDS],15,6,7,6,3,2,0,3,1,0,2,5,2,0,3,1,4,1,2,4,3,1,0,4,1,0,0,1,1,0,2,0,4,1,1,3,3,3,0,3,5,2,1,1,2,2,1,6,0,0,0,4,1,2,1,4,0,0,1,0,4,1,2,6
lcl|CP017623.1_cds_AOW26193.1_489 [locus_tag=CAALFM_C105230WA] [db_xref=CGD:CAL0000199486] [protein=DNA-directed RNA polymerase III subunit] [protein_id=AOW26193.1] [location=1103297..1103884] [gbkey=CDS],13,1,2,8,1,2,0,6,3,0,0,2,11,2,2,8,4,0,0,1,6,1,0,2,2,0,0,2,2,2,1,0,18,1,3,12,3,2,0,2,6,0,1,3,2,1,2,6,0,1,0,6,5,0,0,3,0,0,7,4,6,5,5,6
lcl|CP017623.1_cds_AOW26194.1_490 [gene=RPT1] [locus_tag=CAALFM_C105240CA] [db_xref=CGD:CAL0000180078] [protein=proteasome regulatory particle base subunit] [protein_id=AOW26194.1] [location=complement(1104007..1105341)] [gbkey=CDS],20,3,15,10,11,9,0,8,22,1,3,6,8,5,11,19,13,2,5,1,19,1,2,6,1,0,0,4,0,0,0,3,28,6,11,23,10,13,0,4,6,1,7,18,3,3,7,16,0,1,0,9,5,1,2,5,0,0,3,6,9,4,24,10
lcl|CP017623.1_cds_AOW26195.1_491 [locus_tag=CAALFM_C105250WA] [db_xref=CGD:CAL0000189704] [protein=hypothetical protein] [protein_id=AOW26195.1] [location=1104248..1104862] [gbkey=CDS],3,8,1,17,5,3,0,8,0,0,0,0,6,5,4,3,0,2,0,1,11,1,0,7,2,1,0,0,3,2,4,7,1,1,0,1,6,2,2,3,6,3,1,6,4,2,2,4,0,2,0,1,15,8,3,5,0,1,0,3,5,3,6,3
lcl|CP017623.1_cds_AOW26196.1_492 [gene=SDH1] [locus_tag=CAALFM_C105260CA] [db_xref=CGD:CAL0000178926] [protein=succinate dehydrogenase flavoprotein subunit] [protein_id=AOW26196.1] [location=complement(1105631..1107547)] [gbkey=CDS],23,11,9,12,18,5,5,16,27,1,3,3,9,7,13,13,19,5,4,20,9,2,2,7,2,0,0,5,3,2,1,3,23,19,14,20,26,9,1,22,21,10,4,26,7,5,8,19,0,10,0,11,13,4,1,17,0,6,7,10,17,5,22,21
lcl|CP017623.1_cds_AOW26197.1_493 [locus_tag=CAALFM_C105270CA] [db_xref=CGD:CAL0000174972] [protein=hypothetical protein] [protein_id=AOW26197.1] [location=complement(1108146..1108865)] [gbkey=CDS],10,9,8,9,2,1,1,8,11,3,5,2,5,3,5,4,16,2,0,5,6,0,0,2,1,0,0,2,1,1,0,1,12,2,10,11,6,4,0,7,2,2,1,4,1,2,2,9,0,6,0,2,1,1,0,0,0,1,6,0,6,3,7,7
lcl|CP017623.1_cds_AOW26198.1_494 [locus_tag=CAALFM_C105280WA] [db_xref=CGD:CAL0000177880] [protein=hypothetical protein] [protein_id=AOW26198.1] [location=1109135..1110883] [gbkey=CDS],23,11,15,25,12,5,4,5,7,4,1,16,25,14,3,20,6,4,6,8,9,3,3,2,1,0,2,3,16,5,2,12,18,6,10,23,10,5,4,6,8,2,5,6,12,7,11,18,0,7,0,18,18,4,9,15,0,1,5,3,20,7,33,18
lcl|CP017623.1_cds_AOW26199.1_495 [gene=GRS1] [locus_tag=CAALFM_C105290WA] [db_xref=CGD:CAL0000176302] [protein=glycine--tRNA ligase] [protein_id=AOW26199.1] [location=1111172..1113130] [gbkey=CDS],40,9,18,13,5,5,0,19,29,0,1,4,0,10,9,32,16,5,1,6,16,4,1,8,1,0,0,5,1,0,0,2,59,21,6,23,6,14,0,16,12,4,2,27,5,13,5,24,0,5,0,8,13,7,3,17,0,0,7,7,20,11,31,25
lcl|CP017623.1_cds_AOW26200.1_496 [gene=PRD1] [locus_tag=CAALFM_C105300CA] [db_xref=CGD:CAL0000179503] [protein=metalloendopeptidase] [protein_id=AOW26200.1] [location=complement(1113320..1115428)] [gbkey=CDS],41,17,22,21,17,6,2,15,17,4,3,7,5,8,7,31,18,8,4,11,15,3,1,8,2,1,0,3,2,3,0,5,52,18,11,26,9,5,2,12,18,7,3,9,8,9,2,19,0,15,0,25,14,6,4,9,0,0,8,2,27,16,30,28
lcl|CP017623.1_cds_AOW26201.1_497 [locus_tag=CAALFM_C105320CA] [db_xref=CGD:CAL0000182087] [protein=hypothetical protein] [protein_id=AOW26201.1] [location=complement(1116245..1117987)] [gbkey=CDS],17,24,11,47,13,2,5,15,10,3,1,13,17,10,11,25,12,1,7,4,14,0,1,8,6,2,2,1,13,4,4,7,22,11,13,16,5,4,2,5,7,5,1,17,11,8,10,19,0,5,0,9,10,5,7,10,0,1,3,4,13,6,23,17
lcl|CP017623.1_cds_AOW26202.1_498 [locus_tag=CAALFM_C105330CA] [db_xref=CGD:CAL0000175904] [protein=hypothetical protein] [protein_id=AOW26202.1] [location=complement(1118242..1119618)] [gbkey=CDS],23,8,8,15,8,2,1,8,8,2,4,8,17,0,8,14,15,1,7,7,13,2,2,8,3,0,2,5,10,1,5,5,14,11,11,13,9,6,2,7,6,1,4,13,4,2,4,9,0,4,0,21,8,3,3,5,0,3,5,3,12,6,32,16
lcl|CP017623.1_cds_AOW26203.1_499 [gene=ZCF2] [locus_tag=CAALFM_C105340CA] [db_xref=CGD:CAL0000199985] [protein=Zcf2p] [protein_id=AOW26203.1] [location=complement(1119919..1122246)] [gbkey=CDS],35,13,19,29,15,8,5,15,15,6,8,20,12,8,18,26,20,9,5,12,15,7,8,10,8,1,1,5,13,3,7,10,30,21,17,32,22,3,1,15,6,3,5,18,8,5,11,23,0,8,0,12,18,8,10,14,0,5,7,11,20,5,26,24
lcl|CP017623.1_cds_AOW26204.1_500 [gene=YPT53] [locus_tag=CAALFM_C105350WA] [db_xref=CGD:CAL0000194609] [protein=Rab family GTPase] [protein_id=AOW26204.1] [location=1123169..1123828] [gbkey=CDS],8,5,4,8,12,2,3,7,5,1,3,2,10,0,2,4,5,2,4,4,2,2,0,2,1,0,1,4,4,0,1,2,13,5,5,7,3,2,2,0,4,2,1,1,4,1,5,2,0,3,0,5,8,2,2,6,0,1,2,2,3,4,6,7
lcl|CP017623.1_cds_AOW26205.1_501 [locus_tag=CAALFM_C105360CA] [db_xref=CGD:CAL0000193291] [protein=non-canonical poly(A) polymerase] [protein_id=AOW26205.1] [location=complement(1123871..1125682)] [gbkey=CDS],34,16,19,23,10,6,2,11,19,4,2,11,10,9,5,14,11,2,1,11,7,0,3,8,2,1,1,5,10,6,7,7,34,18,19,41,9,4,0,9,4,3,10,14,7,6,11,10,0,7,0,16,11,7,4,12,0,1,5,2,14,4,24,19
lcl|CP017623.1_cds_AOW26206.1_502 [locus_tag=CAALFM_C105370CA] [db_xref=CGD:CAL0000176582] [protein=protein kinase] [protein_id=AOW26206.1] [location=complement(1125926..1128109)] [gbkey=CDS],30,17,17,36,11,11,4,9,16,7,3,10,14,4,12,25,11,5,11,17,10,6,2,8,1,0,5,6,9,3,6,9,38,6,18,42,9,1,2,5,14,4,11,9,12,6,5,16,0,11,0,18,14,8,6,14,0,5,10,7,18,15,35,32
lcl|CP017623.1_cds_AOW26207.1_503 [locus_tag=CAALFM_C105380CA] [db_xref=CGD:CAL0000184448] [protein=DNA-binding protein] [protein_id=AOW26207.1] [location=complement(1128387..1133384)] [gbkey=CDS],97,36,52,79,37,11,10,27,25,18,10,29,36,25,30,59,41,8,23,16,27,7,7,21,4,4,3,7,16,8,16,32,85,24,38,74,21,11,11,25,13,4,10,20,24,12,24,43,0,13,0,29,46,20,23,43,0,8,11,18,48,16,65,64
lcl|CP017623.1_cds_AOW26208.1_504 [locus_tag=CAALFM_C105390CA] [db_xref=CGD:CAL0000174918] [protein=hypothetical protein] [protein_id=AOW26208.1] [location=complement(1133457..1135511)] [gbkey=CDS],37,20,22,35,13,4,4,13,19,4,4,9,12,8,9,26,26,1,9,12,8,2,1,9,1,1,2,0,1,0,2,13,33,20,16,43,8,4,6,10,3,0,4,4,7,2,13,20,0,3,0,15,22,7,6,13,0,3,8,1,20,10,25,30
lcl|CP017623.1_cds_AOW26209.1_505 [locus_tag=CAALFM_C105400CA] [db_xref=CGD:CAL0000187498] [protein=hypothetical protein] [protein_id=AOW26209.1] [location=complement(1135748..1136341)] [gbkey=CDS],19,3,8,5,3,5,1,2,5,1,1,6,2,3,0,5,10,3,0,0,2,1,2,3,0,2,0,3,5,0,1,2,11,4,5,6,3,0,0,0,1,1,5,2,4,2,0,0,0,1,0,6,9,1,1,3,0,1,5,2,2,2,6,10
lcl|CP017623.1_cds_AOW26210.1_506 [gene=TRP99] [locus_tag=CAALFM_C105410CA] [db_xref=CGD:CAL0000177771] [protein=Trp99p] [protein_id=AOW26210.1] [location=complement(1136528..1137082)] [gbkey=CDS],9,2,3,6,4,2,0,4,9,1,0,0,1,1,0,7,6,0,0,1,7,0,0,2,0,0,0,1,0,1,0,1,7,5,4,5,5,2,0,12,3,1,0,9,2,6,1,9,0,2,0,2,4,4,1,5,0,0,1,1,3,7,5,9
lcl|CP017623.1_cds_AOW26211.1_507 [locus_tag=CAALFM_C105420WA] [db_xref=CGD:CAL0000197764] [protein=hypothetical protein] [protein_id=AOW26211.1] [location=1137313..1137870] [gbkey=CDS],6,9,2,9,3,0,2,4,4,6,3,1,6,3,1,4,3,0,3,1,5,0,0,1,2,0,0,0,2,1,1,6,9,5,3,7,5,0,0,2,2,0,1,4,1,2,2,3,0,3,0,4,5,1,1,2,0,1,2,4,8,4,8,7
lcl|CP017623.1_cds_AOW26212.1_508 [gene=SPT20] [locus_tag=CAALFM_C105430WA] [db_xref=CGD:CAL0000196043] [protein=Spt20p] [protein_id=AOW26212.1] [location=1138277..1140532] [gbkey=CDS],40,8,16,36,25,8,6,19,18,0,1,12,9,4,16,15,85,7,44,8,13,10,6,19,4,0,1,5,4,3,7,10,21,7,10,17,25,8,5,14,11,6,2,6,5,2,5,20,0,6,0,11,14,10,13,23,0,1,0,2,16,4,18,9
lcl|CP017623.1_cds_AOW26213.1_509 [locus_tag=CAALFM_C105440CA] [db_xref=CGD:CAL0000200650] [protein=hypothetical protein] [protein_id=AOW26213.1] [location=complement(1141075..1142832)] [gbkey=CDS],31,9,13,26,11,11,5,7,9,9,4,14,8,11,2,26,13,6,5,7,5,5,0,5,1,0,1,4,1,3,4,6,41,14,17,49,6,1,1,11,8,3,3,10,8,3,5,19,0,3,0,9,19,10,8,19,0,4,3,5,11,6,8,18
lcl|CP017623.1_cds_AOW26214.1_510 [locus_tag=CAALFM_C105450WA] [db_xref=CGD:CAL0000182645] [protein=hypothetical protein] [protein_id=AOW26214.1] [location=1142087..1142581] [gbkey=CDS],4,3,2,3,6,3,3,3,2,0,0,2,4,6,3,9,0,1,0,0,5,0,0,0,1,0,0,0,1,1,1,3,4,2,3,4,4,1,0,1,4,0,1,0,9,1,1,3,0,0,0,0,12,3,4,9,0,1,4,2,6,4,9,5
lcl|CP017623.1_cds_AOW26215.1_511 [gene=KOG1] [locus_tag=CAALFM_C105460WA] [db_xref=CGD:CAL0000176926] [protein=ubiquitin-binding TORC1 subunit] [protein_id=AOW26215.1] [location=1143981..1148279] [gbkey=CDS],61,33,24,75,30,19,6,31,31,5,16,29,35,18,24,48,56,7,15,15,30,5,13,29,11,1,1,7,13,2,1,16,49,18,20,68,25,9,8,20,10,6,17,35,15,12,14,31,0,14,0,31,36,10,22,26,0,6,26,15,46,20,71,44
lcl|CP017623.1_cds_AOW26216.1_512 [gene=MTM1] [locus_tag=CAALFM_C105470WA] [db_xref=CGD:CAL0000187703] [protein=Mtm1p] [protein_id=AOW26216.1] [location=1149114..1150163] [gbkey=CDS],10,5,12,11,7,3,1,11,11,1,1,5,12,6,9,9,11,0,2,8,13,0,2,4,2,0,0,2,1,0,3,2,11,1,3,10,8,5,2,8,6,4,5,6,3,4,5,5,0,1,0,12,6,5,4,10,0,1,5,6,11,12,11,14
lcl|CP017623.1_cds_AOW26217.1_513 [locus_tag=CAALFM_C105480CA] [db_xref=CGD:CAL0000176576] [protein=hypothetical protein] [protein_id=AOW26217.1] [location=complement(1150297..1151418)] [gbkey=CDS],28,10,7,18,6,4,3,5,4,6,1,10,10,3,9,2,21,3,9,4,9,3,2,2,5,1,2,0,6,0,4,6,17,7,6,11,9,2,3,6,7,1,2,3,4,2,5,9,0,4,0,5,12,5,3,4,0,0,2,5,11,5,9,10
lcl|CP017623.1_cds_AOW26218.1_514 [locus_tag=CAALFM_C105490CA] [db_xref=CGD:CAL0000188725] [protein=hypothetical protein] [protein_id=AOW26218.1] [location=complement(1151708..1152454)] [gbkey=CDS],16,2,2,13,7,5,1,14,5,3,0,5,6,4,1,7,7,0,1,4,6,1,0,3,0,0,0,3,0,0,0,5,14,1,4,7,2,4,1,9,6,1,2,5,2,2,4,9,0,2,0,4,8,3,1,6,0,0,2,0,8,6,8,5
lcl|CP017623.1_cds_AOW26219.1_515 [gene=RSM22] [locus_tag=CAALFM_C105500WA] [db_xref=CGD:CAL0000174389] [protein=mitochondrial 37S ribosomal protein RSM22] [protein_id=AOW26219.1] [location=1152769..1155042] [gbkey=CDS],60,7,15,35,6,2,1,18,23,2,4,8,11,8,8,37,31,3,5,15,28,1,0,10,6,0,0,16,2,1,1,4,61,6,12,42,11,6,1,18,6,2,10,20,11,0,11,18,0,4,0,23,18,3,3,15,0,1,6,5,30,4,23,18
lcl|CP017623.1_cds_AOW26220.1_516 [gene=RPS27A] [locus_tag=CAALFM_C105510CA] [db_xref=CGD:CAL0000198357] [protein=ribosomal 40S subunit protein S27A] [protein_id=AOW26220.1] [location=complement(1155542..1155790)] [gbkey=CDS],7,0,3,5,1,0,0,5,2,0,0,3,1,1,0,3,3,0,0,2,4,0,0,1,0,0,0,0,0,1,0,0,3,0,0,4,1,0,0,2,0,0,0,3,0,0,0,4,0,0,0,0,2,0,0,3,0,0,0,4,6,3,2,2
lcl|CP017623.1_cds_AOW26221.1_517 [locus_tag=CAALFM_C105520WA] [db_xref=CGD:CAL0000188506] [protein=hypothetical protein] [protein_id=AOW26221.1] [location=1158880..1160955] [gbkey=CDS],37,8,12,41,17,6,4,24,14,4,0,11,18,4,17,30,26,3,2,13,23,8,5,13,6,1,1,1,8,3,9,10,23,5,6,18,5,3,1,10,1,0,4,6,13,6,10,9,0,5,0,17,32,4,7,23,0,0,8,3,29,11,28,24
"lcl|CP017623.1_cds_AOW26222.1_518 [gene=SSH1] [locus_tag=CAALFM_C105530CA] [db_xref=CGD:CAL0000193960] [protein=Ssh1p] [protein_id=AOW26222.1] [location=complement(join(1161281..1162770,1162881..1162890))] [gbkey=CDS]",18,0,1,28,4,1,0,16,10,0,0,12,2,8,4,50,20,0,0,2,13,0,2,5,0,1,0,2,0,1,0,6,15,1,1,11,3,9,0,16,12,2,0,24,5,3,3,23,0,1,0,21,23,2,1,13,0,0,6,1,41,17,12,26
lcl|CP017623.1_cds_AOW26223.1_519 [locus_tag=CAALFM_C105540CA] [db_xref=CGD:CAL0000201639] [protein=hypothetical protein] [protein_id=AOW26223.1] [location=complement(1163603..1164622)] [gbkey=CDS],18,12,8,18,7,2,0,10,5,2,2,10,7,4,3,8,17,2,6,9,2,3,0,0,1,0,0,0,1,0,6,2,18,6,11,27,5,2,1,2,1,0,3,6,3,1,0,8,0,2,0,11,13,4,1,9,0,0,3,1,16,5,8,6
"lcl|CP017623.1_cds_AOW26224.1_520 [gene=RIB4] [locus_tag=CAALFM_C105560WA] [db_xref=CGD:CAL0000184983] [protein=lumazine synthase] [protein_id=AOW26224.1] [location=join(1166877..1167045,1167129..1167580)] [gbkey=CDS]",19,3,1,9,2,4,0,8,6,0,0,0,1,2,5,13,8,2,1,3,4,1,1,2,1,0,0,0,1,0,0,1,15,2,0,6,2,4,0,7,3,2,0,12,0,3,1,8,0,2,0,4,5,1,0,1,0,0,2,3,8,2,8,6
lcl|CP017623.1_cds_AOW26225.1_521 [gene=GSL1] [locus_tag=CAALFM_C105600WA] [db_xref=CGD:CAL0000179710] [protein=Gsl1p] [protein_id=AOW26225.1] [location=1169206..1173921] [gbkey=CDS],62,34,25,51,30,11,8,20,24,10,10,16,44,26,26,65,31,13,18,19,29,10,7,11,19,4,6,9,31,10,3,18,55,20,16,47,26,20,6,19,32,12,12,21,22,13,18,33,0,25,0,51,40,19,14,26,0,12,34,14,65,39,69,90
lcl|CP017623.1_cds_AOW26226.1_522 [locus_tag=CAALFM_C105610WA] [db_xref=CGD:CAL0000189636] [protein=glutamyl-tRNA(Gln) amidotransferase subunit] [protein_id=AOW26226.1] [location=1174224..1175690] [gbkey=CDS],20,18,18,17,9,7,2,5,12,3,3,5,15,6,5,15,19,3,9,7,11,4,0,6,3,0,1,1,11,2,2,8,21,9,11,22,18,5,3,4,7,3,1,8,8,3,9,12,0,10,0,11,11,1,0,4,0,1,2,3,17,4,18,14
lcl|CP017623.1_cds_AOW26227.1_523 [gene=STE3] [locus_tag=CAALFM_C105620CA] [db_xref=CGD:CAL0000190867] [protein=Ste3p] [protein_id=AOW26227.1] [location=complement(1175776..1177029)] [gbkey=CDS],18,6,7,12,7,6,1,8,9,0,0,8,11,4,13,22,13,3,3,5,3,0,2,6,0,1,0,2,3,1,2,10,8,9,6,13,9,2,0,12,9,1,3,5,1,6,5,16,0,5,0,15,7,6,7,9,0,1,10,9,11,12,12,21
lcl|CP017623.1_cds_AOW26228.1_524 [locus_tag=CAALFM_C105630CA] [db_xref=CGD:CAL0000182139] [protein=hypothetical protein] [protein_id=AOW26228.1] [location=complement(1177543..1180872)] [gbkey=CDS],51,24,13,26,10,9,0,32,22,5,0,19,9,15,20,62,51,6,2,8,27,0,1,11,0,0,0,3,0,2,1,19,94,17,12,43,14,14,0,60,11,6,2,33,3,13,5,61,0,9,0,13,26,10,1,39,0,2,2,6,37,24,75,28
lcl|CP017623.1_cds_AOW26229.1_525 [gene=FAL1] [locus_tag=CAALFM_C105640CA] [db_xref=CGD:CAL0000189056] [protein=ATP-dependent RNA helicase] [protein_id=AOW26229.1] [location=complement(1181156..1182355)] [gbkey=CDS],22,6,12,12,9,4,2,13,13,0,3,6,14,9,12,14,18,1,4,7,6,1,0,3,2,1,0,2,2,0,1,8,14,2,8,29,7,3,0,6,8,0,6,9,5,5,9,11,0,2,0,10,6,1,3,5,0,0,3,5,6,0,14,14
lcl|CP017623.1_cds_AOW26230.1_526 [locus_tag=CAALFM_C105650WA] [db_xref=CGD:CAL0000194407] [protein=putative uridine kinase] [protein_id=AOW26230.1] [location=1182507..1183265] [gbkey=CDS],10,9,8,11,7,2,0,3,9,2,0,4,5,7,3,11,8,1,1,4,3,2,1,4,1,0,0,3,1,3,1,2,9,5,4,15,8,2,1,3,1,1,2,7,2,0,2,9,0,1,0,5,6,0,3,4,0,0,1,1,13,5,8,7
lcl|CP017623.1_cds_AOW26231.1_527 [locus_tag=CAALFM_C105660CA] [db_xref=CGD:CAL0000175577] [protein=hypothetical protein] [protein_id=AOW26231.1] [location=complement(1183318..1187598)] [gbkey=CDS],63,40,46,71,24,11,1,36,18,9,9,34,25,20,14,72,39,6,15,8,24,2,5,17,6,0,0,8,8,5,5,25,59,21,29,60,17,13,3,26,14,7,8,22,16,10,15,41,0,22,0,35,36,20,14,43,0,4,8,14,55,30,60,57
lcl|CP017623.1_cds_AOW26232.1_528 [locus_tag=CAALFM_C105670WA] [db_xref=CGD:CAL0000183285] [protein=putative aminopeptidase] [protein_id=AOW26232.1] [location=1188181..1189434] [gbkey=CDS],23,13,8,9,9,6,1,11,7,5,1,6,5,9,7,20,16,3,1,7,8,1,1,8,0,0,2,1,0,0,0,3,17,5,9,16,7,2,2,10,9,1,3,10,6,3,1,14,0,10,0,15,9,7,3,6,0,0,6,3,18,9,15,9
lcl|CP017623.1_cds_AOW26233.1_529 [gene=RIM1] [locus_tag=CAALFM_C105680CA] [db_xref=CGD:CAL0000182022] [protein=Rim1p] [protein_id=AOW26233.1] [location=complement(1189532..1189963)] [gbkey=CDS],5,2,3,2,4,1,0,5,7,3,0,4,0,0,0,5,4,2,1,2,2,0,0,1,0,0,0,6,0,1,0,1,13,3,2,5,2,1,0,5,1,0,0,10,0,1,1,11,0,2,0,3,3,1,1,2,0,0,1,0,1,1,5,6
lcl|CP017623.1_cds_AOW26234.1_530 [locus_tag=CAALFM_C105690CA] [db_xref=CGD:CAL0000190853] [protein=hypothetical protein] [protein_id=AOW26234.1] [location=complement(1190242..1190988)] [gbkey=CDS],12,9,5,19,10,2,0,4,4,2,1,10,3,3,4,5,7,4,1,4,5,1,1,4,2,0,1,2,3,0,7,1,11,4,8,7,4,1,0,1,4,0,2,4,4,1,1,2,0,1,0,4,5,5,4,6,0,2,2,5,6,2,7,8
"lcl|CP017623.1_cds_AOW26235.1_531 [gene=AUT7] [locus_tag=CAALFM_C105700WA] [db_xref=CGD:CAL0000182486] [protein=ubiquitin-like protein] [protein_id=AOW26235.1] [location=join(1191581..1191614,1191699..1192072)] [gbkey=CDS]",6,0,5,3,1,1,0,2,6,1,1,2,1,7,0,6,3,1,1,1,4,2,0,2,0,0,0,1,1,0,0,0,7,4,5,8,3,3,0,2,1,1,0,2,1,2,2,6,0,4,0,2,3,1,0,1,0,0,0,1,7,5,1,4
lcl|CP017623.1_cds_AOW26236.1_532 [gene=UGA4] [locus_tag=CAALFM_C105710CA] [db_xref=CGD:CAL0000180274] [protein=Uga4p] [protein_id=AOW26236.1] [location=complement(1192511..1194184)] [gbkey=CDS],13,9,9,10,12,3,0,14,5,1,2,10,9,17,13,36,15,3,3,9,12,2,0,4,1,1,0,4,0,5,3,16,17,6,4,10,15,6,0,16,12,2,4,27,6,11,11,21,0,8,0,16,7,10,4,17,0,2,12,11,8,10,21,21
"lcl|CP017623.1_cds_AOW26237.1_533 [locus_tag=CAALFM_C105720WA] [db_xref=CGD:CAL0000182421] [protein=ribosomal 60S subunit protein L7A] [protein_id=AOW26237.1] [location=join(1195171..1195178,1195767..1195857,1196082..1196708)] [gbkey=CDS]",16,12,14,3,0,5,0,6,16,1,0,0,0,9,1,8,14,2,0,0,10,0,0,0,0,0,0,0,0,0,0,0,14,3,0,3,0,7,0,18,0,0,0,12,0,8,0,8,0,9,0,0,0,2,0,7,0,0,1,0,5,9,14,3
lcl|CP017623.1_cds_AOW26238.1_534 [locus_tag=CAALFM_C105740CA] [db_xref=CGD:CAL0000200000] [protein=hypothetical protein] [protein_id=AOW26238.1] [location=complement(1196996..1198138)] [gbkey=CDS],28,4,18,18,7,4,2,6,7,5,1,3,19,6,8,8,20,0,7,5,4,1,0,5,7,2,0,2,11,5,2,10,16,5,9,16,3,1,0,4,4,0,3,2,5,0,2,7,0,4,0,12,5,1,3,6,0,0,7,1,5,2,19,12
lcl|CP017623.1_cds_AOW26239.1_535 [locus_tag=CAALFM_C105750CA] [db_xref=CGD:CAL0000194639] [protein=hypothetical protein] [protein_id=AOW26239.1] [location=complement(1198353..1203407)] [gbkey=CDS],119,32,33,98,24,13,7,29,27,11,9,29,35,19,25,67,66,4,26,24,19,7,6,17,9,3,3,4,21,6,14,18,98,34,36,81,24,5,4,28,14,3,10,28,19,13,20,37,0,13,0,48,39,10,14,40,0,2,14,15,58,28,71,53
lcl|CP017623.1_cds_AOW26240.1_536 [gene=PGA26] [locus_tag=CAALFM_C105760CA] [db_xref=CGD:CAL0000181671] [protein=Pga26p] [protein_id=AOW26240.1] [location=complement(1204128..1204523)] [gbkey=CDS],1,2,2,2,4,3,0,16,1,1,0,4,0,1,2,8,1,2,0,0,6,0,0,2,0,0,0,0,0,0,0,1,8,0,1,0,0,2,0,12,1,1,0,4,2,4,1,9,0,3,0,1,2,3,0,5,0,1,0,3,4,0,1,3
lcl|CP017623.1_cds_AOW26241.1_537 [gene=PRC3] [locus_tag=CAALFM_C105770CA] [db_xref=CGD:CAL0000190176] [protein=carboxypeptidase C] [protein_id=AOW26241.1] [location=complement(1206048..1207700)] [gbkey=CDS],25,8,10,25,7,2,1,13,5,2,2,6,2,5,9,18,19,4,4,4,20,2,0,8,0,0,0,2,0,3,0,4,26,8,8,32,8,6,1,18,9,3,1,24,7,3,6,13,0,10,0,21,12,7,4,13,0,1,9,10,23,10,24,22
lcl|CP017623.1_cds_AOW26242.1_538 [locus_tag=CAALFM_C105780WA] [db_xref=CGD:CAL0000183791] [protein=hypothetical protein] [protein_id=AOW26242.1] [location=1208498..1210402] [gbkey=CDS],34,20,9,23,12,8,3,12,10,5,0,10,12,8,10,31,22,3,8,9,14,3,1,14,0,0,0,2,2,4,6,5,40,7,14,23,10,11,1,10,4,2,6,14,5,2,10,9,0,10,0,15,12,9,1,14,0,3,9,2,29,5,38,18
lcl|CP017623.1_cds_AOW26243.1_539 [locus_tag=CAALFM_C105790WA] [db_xref=CGD:CAL0000176518] [protein=hypothetical protein] [protein_id=AOW26243.1] [location=1210686..1210895] [gbkey=CDS],3,0,2,6,1,0,0,2,1,0,0,0,2,0,0,1,4,2,0,1,2,0,0,0,0,0,0,1,0,0,0,1,5,0,0,3,1,2,0,3,2,0,0,3,0,0,2,4,0,0,0,2,1,0,0,1,0,0,2,1,2,1,2,2
lcl|CP017623.1_cds_AOW26244.1_540 [locus_tag=CAALFM_C105800CA] [db_xref=CGD:CAL0000178074] [protein=hypothetical protein] [protein_id=AOW26244.1] [location=complement(1211015..1211707)] [gbkey=CDS],24,4,11,9,4,4,2,0,4,0,3,5,2,8,1,8,5,1,0,4,6,0,0,4,2,0,0,0,5,0,2,3,10,3,5,14,1,2,1,2,2,3,0,3,4,1,1,4,0,5,0,1,7,3,1,3,0,3,1,5,9,3,8,3
lcl|CP017623.1_cds_AOW26245.1_541 [gene=GIM5] [locus_tag=CAALFM_C105810WA] [db_xref=CGD:CAL0000194812] [protein=Gim5p] [protein_id=AOW26245.1] [location=1211852..1212328] [gbkey=CDS],12,6,4,7,5,2,0,1,3,1,0,1,6,2,1,4,8,0,2,1,1,0,0,4,0,0,0,1,1,0,1,0,6,2,6,7,3,4,0,2,2,1,0,3,3,0,4,2,0,1,0,4,3,4,1,3,0,0,0,1,10,1,9,1
lcl|CP017623.1_cds_AOW26246.1_542 [gene=RAD10] [locus_tag=CAALFM_C105820CA] [db_xref=CGD:CAL0000193633] [protein=Rad10p] [protein_id=AOW26246.1] [location=complement(1212362..1213378)] [gbkey=CDS],20,3,11,22,6,3,4,7,4,2,2,7,2,2,2,16,11,3,4,5,12,2,4,5,2,0,0,1,9,1,3,6,10,9,2,15,12,2,2,7,5,2,2,5,9,5,3,3,0,6,0,2,14,4,3,2,0,1,4,3,9,3,7,5
lcl|CP017623.1_cds_AOW26247.1_543 [locus_tag=CAALFM_C105830WA] [db_xref=CGD:CAL0000185094] [protein=hypothetical protein] [protein_id=AOW26247.1] [location=1213935..1214855] [gbkey=CDS],24,5,3,10,8,5,2,6,4,2,1,3,5,3,8,12,5,5,3,7,10,1,1,4,2,1,0,0,0,0,0,1,16,4,5,19,3,1,2,6,4,1,0,8,2,3,1,9,0,9,0,15,8,3,0,5,0,2,8,2,5,4,6,13
lcl|CP017623.1_cds_AOW26248.1_544 [gene=PRN1] [locus_tag=CAALFM_C105840WA] [db_xref=CGD:CAL0000200662] [protein=Prn1p] [protein_id=AOW26248.1] [location=1215414..1216451] [gbkey=CDS],17,7,11,15,4,6,0,8,15,0,0,3,3,8,7,5,18,0,0,6,11,0,0,3,0,0,0,0,0,0,0,4,23,7,2,10,2,5,0,18,8,1,3,22,3,8,3,14,0,6,0,7,6,1,0,4,0,0,3,0,7,11,12,7
lcl|CP017623.1_cds_AOW26249.1_545 [gene=POL32] [locus_tag=CAALFM_C105850WA] [db_xref=CGD:CAL0000193896] [protein=DNA polymerase delta subunit] [protein_id=AOW26249.1] [location=1216759..1217970] [gbkey=CDS],38,4,19,18,13,3,3,8,6,1,2,9,4,5,3,13,11,3,4,4,12,2,2,9,1,1,1,2,3,2,1,6,42,5,11,20,5,2,0,6,7,1,3,1,3,5,6,6,0,4,0,7,16,5,0,11,0,0,0,1,7,1,4,10
lcl|CP017623.1_cds_AOW26250.1_546 [gene=PRN2] [locus_tag=CAALFM_C105860WA] [db_xref=CGD:CAL0000194014] [protein=Prn2p] [protein_id=AOW26250.1] [location=1218269..1219270] [gbkey=CDS],21,3,8,16,7,1,0,11,4,0,0,5,9,6,7,9,13,2,1,8,3,2,0,7,3,0,1,3,2,0,0,4,24,6,3,15,5,2,1,5,13,0,5,12,5,3,4,10,0,4,0,10,8,1,0,3,0,0,3,0,9,4,7,14
lcl|CP017623.1_cds_AOW26251.1_547 [gene=PRN3] [locus_tag=CAALFM_C105870WA] [db_xref=CGD:CAL0000180196] [protein=Prn3p] [protein_id=AOW26251.1] [location=1219787..1220767] [gbkey=CDS],25,2,4,18,3,4,0,12,8,0,0,3,2,2,4,11,9,0,1,8,17,1,0,4,1,0,0,2,1,0,1,1,15,1,3,14,4,2,0,9,7,1,2,22,4,5,7,12,0,2,0,11,15,0,1,3,0,0,3,1,14,6,8,9
lcl|CP017623.1_cds_AOW26252.1_548 [gene=PRN4] [locus_tag=CAALFM_C105880WA] [db_xref=CGD:CAL0000194143] [protein=Prn4p] [protein_id=AOW26252.1] [location=1221543..1222529] [gbkey=CDS],18,2,8,14,4,3,0,11,12,0,0,2,5,6,5,10,14,1,1,8,11,0,0,1,0,0,0,0,0,0,0,2,25,2,3,20,3,2,0,13,7,0,5,18,4,5,2,11,0,4,0,12,8,3,1,2,0,0,3,1,6,7,14,8
lcl|CP017623.1_cds_AOW26253.1_549 [locus_tag=CAALFM_C105890WA] [db_xref=CGD:CAL0000181700] [protein=hypothetical protein] [protein_id=AOW26253.1] [location=1223689..1224744] [gbkey=CDS],19,4,1,13,4,4,0,17,13,0,0,7,0,2,4,23,17,1,1,1,5,0,0,1,0,0,0,0,0,0,0,6,13,0,0,22,6,5,0,24,7,1,1,19,3,3,0,21,0,0,0,9,9,7,1,17,0,0,0,3,16,2,13,5
lcl|CP017623.1_cds_AOW26254.1_550 [locus_tag=CAALFM_C105900WA] [db_xref=CGD:CAL0000188476] [protein=hypothetical protein] [protein_id=AOW26254.1] [location=1226686..1229604] [gbkey=CDS],43,11,11,38,23,16,3,26,20,4,3,65,17,10,15,31,48,1,9,24,34,2,2,15,16,0,0,10,3,1,8,15,47,7,11,52,13,10,2,16,24,8,7,40,5,3,4,12,0,2,0,15,60,9,4,30,0,0,3,2,30,9,6,16
lcl|CP017623.1_cds_AOW26255.1_551 [gene=SIP5] [locus_tag=CAALFM_C105910WA] [db_xref=CGD:CAL0000178486] [protein=Sip5p] [protein_id=AOW26255.1] [location=1231376..1232920] [gbkey=CDS],31,8,5,37,10,2,3,9,15,1,0,15,12,1,4,16,16,2,0,12,15,2,0,10,11,0,3,3,2,0,1,2,33,3,2,33,18,4,1,9,7,3,4,13,2,1,1,10,0,0,0,17,24,5,2,16,0,1,2,10,25,1,8,10
lcl|CP017623.1_cds_AOW26256.1_552 [locus_tag=CAALFM_C105920WA] [db_xref=CGD:CAL0000195198] [protein=hypothetical protein] [protein_id=AOW26256.1] [location=1236305..1238380] [gbkey=CDS],35,13,22,75,10,4,1,19,6,4,2,21,11,12,10,30,27,2,4,22,9,4,1,9,5,1,0,5,2,0,3,7,25,8,6,52,5,7,0,5,6,3,5,9,7,5,4,14,0,5,0,34,15,5,2,14,0,0,3,11,27,11,14,12
lcl|CP017623.1_cds_AOW26257.1_553 [locus_tag=CAALFM_C105930CA] [db_xref=CGD:CAL0000201841] [protein=glutamine amidotransferase subunit] [protein_id=AOW26257.1] [location=complement(1238529..1241924)] [gbkey=CDS],71,18,3,80,24,13,6,35,9,3,1,22,27,9,16,60,57,7,4,38,26,8,2,13,10,0,1,9,7,0,9,6,46,4,2,68,13,7,1,18,15,3,10,31,11,1,4,21,0,1,0,30,47,2,6,31,0,2,13,18,80,6,13,32
lcl|CP017623.1_cds_AOW26258.1_554 [gene=PHO87] [locus_tag=CAALFM_C105940WA] [db_xref=CGD:CAL0000193556] [protein=SPX domain-containing inorganic phosphate transporter] [protein_id=AOW26258.1] [location=1244647..1247667] [gbkey=CDS],69,10,4,73,16,18,4,41,10,1,0,10,14,16,24,74,38,0,0,24,18,4,2,11,3,0,0,3,0,0,0,13,42,2,2,53,20,12,1,21,7,0,8,28,15,2,8,37,0,2,0,27,35,6,1,14,0,1,11,10,76,10,18,36
lcl|CP017623.1_cds_AOW26259.1_555 [locus_tag=CAALFM_C105950CA] [db_xref=CGD:CAL0000198885] [protein=hypothetical protein] [protein_id=AOW26259.1] [location=complement(1248213..1249460)] [gbkey=CDS],20,3,1,40,6,6,2,19,3,0,0,7,7,3,5,24,18,0,0,2,5,0,0,5,0,0,0,2,3,1,0,6,11,5,3,31,7,5,1,11,10,0,3,13,3,3,5,11,0,2,0,12,22,2,1,8,0,0,3,1,38,5,5,5
lcl|CP017623.1_cds_AOW26260.1_556 [gene=PGA45] [locus_tag=CAALFM_C105960WA] [db_xref=CGD:CAL0000189107] [protein=Pga45p] [protein_id=AOW26260.1] [location=1251550..1252941] [gbkey=CDS],13,3,4,36,7,8,2,21,3,1,0,14,4,3,2,18,15,0,0,0,3,0,0,4,0,0,0,6,1,0,2,11,18,0,0,29,14,5,0,26,6,2,1,21,5,3,3,18,0,1,0,11,24,2,1,16,0,0,1,0,34,8,17,15
lcl|CP017623.1_cds_AOW26261.1_557 [locus_tag=CAALFM_C105970WA] [db_xref=CGD:CAL0000196946] [protein=hypothetical protein] [protein_id=AOW26261.1] [location=1254843..1256615] [gbkey=CDS],11,7,1,20,44,18,3,51,4,5,0,14,6,2,2,20,8,4,1,12,29,5,1,27,0,0,0,0,0,0,0,5,29,5,10,33,4,0,0,9,11,4,4,44,5,3,3,16,0,0,0,18,18,1,4,15,0,3,2,19,8,3,7,11
lcl|CP017623.1_cds_AOW26262.1_558 [locus_tag=CAALFM_C105980WA] [db_xref=CGD:CAL0000188838] [protein=1-phosphatidylinositol 4-kinase] [protein_id=AOW26262.1] [location=1257107..1259197] [gbkey=CDS],54,4,3,35,21,8,5,18,16,0,0,18,14,5,13,39,18,1,1,21,21,5,1,16,6,0,3,1,1,0,5,6,44,7,5,32,9,3,0,9,12,1,5,12,4,4,6,10,0,2,0,24,24,4,2,13,0,0,16,6,37,12,10,23
lcl|CP017623.1_cds_AOW26263.1_559 [locus_tag=CAALFM_C105990CA] [db_xref=CGD:CAL0000195493] [protein=hypothetical protein] [protein_id=AOW26263.1] [location=complement(1259288..1260358)] [gbkey=CDS],31,4,1,19,6,5,2,8,6,0,0,2,6,2,7,26,10,0,1,7,8,3,0,5,1,0,0,1,0,0,1,6,22,2,0,20,4,5,0,2,7,1,3,12,8,2,2,11,0,0,0,13,16,0,1,5,0,0,2,4,26,3,3,13
lcl|CP017623.1_cds_AOW26264.1_560 [locus_tag=CAALFM_C106000WA] [db_xref=CGD:CAL0000178342] [protein=hypothetical protein] [protein_id=AOW26264.1] [location=1261683..1263329] [gbkey=CDS],28,2,3,19,9,4,1,8,5,1,0,17,8,4,3,29,10,1,0,9,11,2,1,11,1,0,1,7,1,0,2,14,16,0,1,15,8,9,1,23,16,0,8,22,8,3,14,32,0,1,0,17,16,4,3,12,0,0,11,2,31,16,15,31
lcl|CP017623.1_cds_AOW26265.1_561 [gene=CHS7] [locus_tag=CAALFM_C106010WA] [db_xref=CGD:CAL0000175393] [protein=Chs7p] [protein_id=AOW26265.1] [location=1263838..1264770] [gbkey=CDS],7,0,1,11,5,2,0,6,3,0,1,12,10,2,7,16,8,0,0,4,2,0,0,3,3,0,0,2,1,0,0,2,8,1,0,12,8,3,0,14,8,0,3,10,4,4,2,21,0,1,0,12,11,0,0,2,0,1,6,10,18,12,8,22
lcl|CP017623.1_cds_AOW26266.1_562 [gene=RGD1] [locus_tag=CAALFM_C106020WA] [db_xref=CGD:CAL0000194715] [protein=Rgd1p] [protein_id=AOW26266.1] [location=1265500..1267533] [gbkey=CDS],60,6,3,42,19,8,2,20,8,2,0,27,9,1,11,32,23,0,0,17,17,2,0,8,3,0,1,4,1,2,3,3,34,1,0,43,13,9,0,18,7,4,7,10,12,1,4,18,0,0,0,20,30,3,1,17,0,0,3,5,42,6,18,16
lcl|CP017623.1_cds_AOW26267.1_563 [locus_tag=CAALFM_C106030CA] [db_xref=CGD:CAL0000187315] [protein=hypothetical protein] [protein_id=AOW26267.1] [location=complement(1267647..1268351)] [gbkey=CDS],28,3,7,21,3,2,1,3,5,0,0,3,10,0,7,10,23,0,1,4,4,0,0,2,2,0,0,1,3,1,0,2,11,0,2,20,2,0,0,3,1,0,2,2,0,0,1,4,0,1,0,4,8,0,0,1,0,0,0,0,15,2,2,6
lcl|CP017623.1_cds_AOW26268.1_564 [gene=RTT101] [locus_tag=CAALFM_C106040WA] [db_xref=CGD:CAL0000191783] [protein=cullin] [protein_id=AOW26268.1] [location=1268617..1271166] [gbkey=CDS],65,12,12,70,16,8,6,21,8,3,1,17,29,16,14,37,42,2,3,12,10,2,1,7,8,0,0,6,4,2,5,8,43,9,7,52,5,1,1,2,4,0,4,9,12,4,7,19,0,4,0,30,22,6,3,14,0,0,7,7,54,11,28,36
"lcl|CP017623.1_cds_AOW26269.1_565 [locus_tag=CAALFM_C106050CA] [db_xref=CGD:CAL0000182541] [protein=ubiquinol--cytochrome-c reductase subunit 10] [protein_id=AOW26269.1] [location=complement(join(1271299..1271526,1271632..1271640))] [gbkey=CDS]",4,1,1,2,0,0,0,3,1,0,0,1,0,1,0,2,2,0,0,2,8,0,0,0,0,0,0,0,0,0,0,0,3,0,0,2,0,2,0,6,1,0,0,6,1,1,0,6,0,3,0,2,1,0,0,1,0,0,2,0,3,3,2,4
lcl|CP017623.1_cds_AOW26270.1_566 [gene=ACP1] [locus_tag=CAALFM_C106060CA] [db_xref=CGD:CAL0000199317] [protein=Acp1p] [protein_id=AOW26270.1] [location=complement(1272151..1272585)] [gbkey=CDS],8,3,0,3,0,4,0,10,5,1,0,2,0,5,2,9,6,0,0,1,2,0,0,3,0,0,0,1,0,0,0,0,11,0,0,10,0,2,0,3,0,0,0,4,2,1,2,3,0,0,0,3,11,0,0,4,0,0,0,2,12,2,2,4
lcl|CP017623.1_cds_AOW26271.1_567 [locus_tag=CAALFM_C106070WA] [db_xref=CGD:CAL0000176693] [protein=putative mitochondrial 37S ribosomal protein MRPS12] [protein_id=AOW26271.1] [location=1272827..1273369] [gbkey=CDS],15,6,2,16,0,2,0,3,11,0,1,1,6,2,2,6,6,1,0,6,6,2,1,3,0,0,0,1,1,1,0,1,2,0,0,5,1,2,0,4,3,0,2,7,4,0,0,12,0,0,0,5,11,1,0,1,0,0,0,1,9,3,3,1
lcl|CP017623.1_cds_AOW26272.1_568 [gene=ARC35] [locus_tag=CAALFM_C106080CA] [db_xref=CGD:CAL0000181673] [protein=Arc35p] [protein_id=AOW26272.1] [location=complement(1273457..1274497)] [gbkey=CDS],25,1,1,20,5,3,2,14,15,0,1,4,3,3,3,14,12,0,0,10,9,1,0,3,1,0,0,3,0,0,2,4,23,1,2,21,2,1,1,9,2,0,1,4,5,2,3,12,0,1,0,16,11,1,2,7,0,2,1,2,27,6,6,15
lcl|CP017623.1_cds_AOW26273.1_569 [locus_tag=CAALFM_C106090CA] [db_xref=CGD:CAL0000186077] [protein=serine/threonine protein kinase] [protein_id=AOW26273.1] [location=complement(1274861..1277509)] [gbkey=CDS],48,21,6,57,21,14,0,34,16,4,2,19,13,8,9,32,46,3,6,39,23,5,2,15,5,1,0,6,3,1,3,4,50,8,4,45,9,9,0,15,11,0,6,21,11,5,4,17,0,2,0,27,34,12,4,16,0,0,8,5,48,5,16,23
lcl|CP017623.1_cds_AOW26274.1_570 [gene=MSI3] [locus_tag=CAALFM_C106100CA] [db_xref=CGD:CAL0000182153] [protein=adenyl-nucleotide exchange factor] [protein_id=AOW26274.1] [location=complement(1278575..1280680)] [gbkey=CDS],65,7,9,24,1,11,0,19,20,0,0,5,1,6,8,38,21,1,0,11,19,0,0,7,0,0,0,3,0,0,0,2,77,1,1,43,0,10,0,50,6,2,0,33,2,5,0,42,0,4,0,21,15,7,1,17,0,0,4,6,32,13,15,15
lcl|CP017623.1_cds_AOW26275.1_571 [gene=NPL4] [locus_tag=CAALFM_C106110CA] [db_xref=CGD:CAL0000200595] [protein=Npl4p] [protein_id=AOW26275.1] [location=complement(1281140..1282936)] [gbkey=CDS],42,1,2,44,10,2,1,27,8,0,0,12,14,3,9,30,27,2,2,13,13,5,0,14,2,0,0,4,0,0,3,2,32,2,2,32,4,1,0,12,12,4,1,20,4,5,6,14,0,1,0,24,23,2,2,9,0,0,4,9,45,9,10,16
lcl|CP017623.1_cds_AOW26276.1_572 [locus_tag=CAALFM_C106120CA] [db_xref=CGD:CAL0000186113] [protein=hypothetical protein] [protein_id=AOW26276.1] [location=complement(1283082..1283711)] [gbkey=CDS],21,0,6,24,3,2,2,5,2,0,0,5,13,3,1,14,10,0,0,3,3,1,0,4,1,0,0,0,0,1,1,3,7,3,2,7,1,1,0,1,0,0,0,4,1,1,2,4,0,0,0,7,8,1,0,8,0,0,1,1,14,1,0,5
"lcl|CP017623.1_cds_AOW26277.1_573 [gene=HAC1] [locus_tag=CAALFM_C106130CA] [db_xref=CGD:CAL0000199458] [protein=transcription factor] [protein_id=AOW26277.1] [location=complement(join(1284280..1284362,1284382..1285402))] [gbkey=CDS]",26,5,8,18,11,5,1,17,9,1,3,7,9,0,6,10,15,1,2,11,17,0,0,2,0,0,0,0,2,0,0,3,28,3,6,22,4,1,0,5,2,0,0,3,1,1,0,11,0,1,0,4,25,7,2,14,0,0,1,0,19,1,5,11
lcl|CP017623.1_cds_AOW26278.1_574 [locus_tag=CAALFM_C106150WA] [db_xref=CGD:CAL0000174980] [protein=hypothetical protein] [protein_id=AOW26278.1] [location=1288905..1289630] [gbkey=CDS],12,3,5,10,6,2,1,6,2,2,1,3,10,3,5,16,6,2,1,4,7,1,1,3,0,0,1,2,6,1,2,4,14,7,5,10,4,1,1,1,1,1,0,4,2,1,2,6,0,3,0,2,3,3,0,4,0,1,1,3,10,4,8,10
lcl|CP017623.1_cds_AOW26279.1_575 [locus_tag=CAALFM_C106160WA] [db_xref=CGD:CAL0000186654] [protein=hypothetical protein] [protein_id=AOW26279.1] [location=1289661..1291016] [gbkey=CDS],19,7,12,27,7,3,2,7,6,4,1,12,17,5,6,14,12,2,0,7,13,1,0,5,1,0,0,3,2,4,3,9,30,7,14,19,2,2,0,6,5,2,3,5,7,3,4,4,0,8,0,9,7,6,3,9,0,0,1,6,30,5,20,22
lcl|CP017623.1_cds_AOW26280.1_576 [gene=TLO34] [locus_tag=CAALFM_C106180WA] [db_xref=CGD:CAL0000200749] [protein=Tlo34p] [protein_id=AOW26280.1] [location=1292811..1293806] [gbkey=CDS],14,19,26,6,6,6,1,2,5,4,1,0,9,4,6,4,10,2,1,5,5,4,0,3,1,0,0,2,4,6,4,2,18,23,19,4,12,10,2,1,3,4,1,5,6,5,2,3,0,4,0,4,5,6,4,1,0,0,1,2,3,4,8,8
lcl|CP017623.1_cds_AOW26281.1_577 [locus_tag=CAALFM_C106190CA] [db_xref=CGD:CAL0000183781] [protein=hypothetical protein] [protein_id=AOW26281.1] [location=complement(1293014..1293619)] [gbkey=CDS],1,2,4,4,1,2,1,2,2,1,1,4,3,2,5,3,0,2,0,0,1,0,2,1,0,0,0,1,1,0,2,3,0,2,1,3,2,15,1,5,0,1,5,0,1,1,1,4,0,0,0,1,8,6,10,20,0,0,7,4,1,20,18,12
lcl|CP017623.1_cds_AOW26282.1_578 [locus_tag=CAALFM_C106200WA] [db_xref=CGD:CAL0000180086] [protein=hypothetical protein] [protein_id=AOW26282.1] [location=1294855..1296609] [gbkey=CDS],22,8,14,33,12,4,3,12,9,8,5,11,14,5,13,20,12,4,1,13,10,5,2,8,1,0,2,3,7,3,3,10,34,13,12,25,12,3,2,3,6,1,3,7,9,4,8,5,0,4,0,9,9,3,7,10,0,4,4,8,37,9,32,23
lcl|CP017623.1_cds_AOW26283.1_579 [gene=BUD16] [locus_tag=CAALFM_C106210WA] [db_xref=CGD:CAL0000183203] [protein=putative pyridoxal kinase] [protein_id=AOW26283.1] [location=1297212..1298261] [gbkey=CDS],27,3,4,24,4,3,1,12,1,0,0,5,16,11,5,13,14,1,2,10,2,0,2,2,3,0,0,0,1,1,0,3,17,4,1,21,4,1,2,5,5,1,6,7,3,3,4,11,0,0,0,19,14,0,3,4,0,1,1,1,17,5,10,8
lcl|CP017623.1_cds_AOW26284.1_580 [locus_tag=CAALFM_C106220CA] [db_xref=CGD:CAL0000196976] [protein=hypothetical protein] [protein_id=AOW26284.1] [location=complement(1298404..1299762)] [gbkey=CDS],38,8,6,30,9,6,1,14,7,4,0,11,8,10,5,24,27,1,3,2,10,1,2,1,0,0,0,3,1,2,6,11,18,3,10,24,3,1,0,5,0,1,2,8,2,1,0,10,0,2,0,21,9,4,1,4,0,0,3,2,23,7,15,21
lcl|CP017623.1_cds_AOW26285.1_581 [gene=MDM34] [locus_tag=CAALFM_C106230CA] [db_xref=CGD:CAL0000184363] [protein=ERMES complex subunit] [protein_id=AOW26285.1] [location=complement(1300699..1302570)] [gbkey=CDS],40,12,11,55,13,4,1,22,15,4,0,23,7,6,7,33,26,3,2,11,19,2,2,6,0,0,1,7,2,1,0,1,25,6,4,29,10,5,1,7,6,1,2,21,6,1,4,10,0,2,0,16,24,4,5,7,0,0,2,2,40,11,14,21
lcl|CP017623.1_cds_AOW26286.1_582 [locus_tag=CAALFM_C106250WA] [db_xref=CGD:CAL0000194362] [protein=hypothetical protein] [protein_id=AOW26286.1] [location=1306250..1308475] [gbkey=CDS],50,15,16,41,14,9,4,9,16,0,7,19,19,13,12,30,27,4,6,14,20,1,3,8,4,2,4,7,2,4,4,13,37,4,17,32,14,5,2,11,11,1,7,10,5,3,5,19,0,8,0,30,16,4,4,10,0,5,6,9,12,13,21,22
lcl|CP017623.1_cds_AOW26287.1_583 [gene=PGA50] [locus_tag=CAALFM_C106260WA] [db_xref=CGD:CAL0000197770] [protein=Pga50p] [protein_id=AOW26287.1] [location=1309503..1310432] [gbkey=CDS],8,10,6,12,9,10,3,5,2,3,0,10,4,5,1,0,8,0,1,3,2,1,0,1,1,0,0,1,4,1,2,4,13,4,7,12,4,3,1,7,6,0,2,10,4,1,1,11,0,7,0,12,17,5,3,8,0,6,2,11,11,4,5,14
lcl|CP017623.1_cds_AOW26288.1_584 [locus_tag=CAALFM_C106270WA] [db_xref=CGD:CAL0000193197] [protein=hypothetical protein] [protein_id=AOW26288.1] [location=1310816..1313557] [gbkey=CDS],43,7,7,42,22,10,5,21,14,4,4,13,26,12,18,50,30,3,5,7,28,3,1,11,9,0,0,5,11,0,5,7,33,10,11,42,10,5,0,15,9,7,11,18,5,10,13,19,0,10,0,36,20,6,2,10,0,0,14,7,44,21,55,46
lcl|CP017623.1_cds_AOW26289.1_585 [gene=UME6] [locus_tag=CAALFM_C106280CA] [db_xref=CGD:CAL0000177314] [protein=Ume6p] [protein_id=AOW26289.1] [location=complement(1314438..1316969)] [gbkey=CDS],40,10,11,69,22,6,1,35,11,1,2,22,7,4,11,24,60,2,8,24,51,2,1,15,2,0,2,3,7,0,8,7,18,4,3,47,14,4,0,14,16,3,0,23,7,9,6,11,0,1,0,18,43,4,5,41,0,0,1,8,34,6,20,14
lcl|CP017623.1_cds_AOW26290.1_586 [locus_tag=CAALFM_C106320WA] [db_xref=CGD:CAL0000201906] [protein=hypothetical protein] [protein_id=AOW26290.1] [location=1337607..1340003] [gbkey=CDS],55,17,5,68,21,7,4,24,13,8,2,15,24,4,11,39,40,1,0,11,32,3,3,20,5,0,0,4,3,0,4,4,34,3,0,36,7,3,0,13,11,2,4,18,4,5,4,17,0,0,0,24,43,4,6,27,0,0,4,3,40,8,12,18
lcl|CP017623.1_cds_AOW26291.1_587 [locus_tag=CAALFM_C106340WA] [db_xref=CGD:CAL0000179810] [protein=hypothetical protein] [protein_id=AOW26291.1] [location=1344841..1348191] [gbkey=CDS],69,16,15,110,55,10,2,30,15,2,1,30,33,8,13,63,35,0,0,27,49,4,1,13,1,0,1,2,4,2,10,6,43,6,9,62,7,3,2,12,12,0,1,9,1,0,4,12,0,2,0,31,79,10,2,37,0,0,4,17,72,5,13,31
lcl|CP017623.1_cds_AOW26292.1_588 [locus_tag=CAALFM_C106350WA] [db_xref=CGD:CAL0000191771] [protein=hypothetical protein] [protein_id=AOW26292.1] [location=1350783..1353404] [gbkey=CDS],62,18,6,63,23,14,4,30,9,2,1,24,24,7,16,32,50,1,6,18,36,4,4,21,3,2,3,3,1,1,10,2,38,2,7,54,7,2,1,4,9,0,3,11,6,1,0,16,0,2,0,24,61,9,1,39,0,0,1,2,48,4,11,9
lcl|CP017623.1_cds_AOW26293.1_589 [locus_tag=CAALFM_C106360WA] [db_xref=CGD:CAL0000193910] [protein=putative protein kinase] [protein_id=AOW26293.1] [location=1353982..1355679] [gbkey=CDS],40,3,2,33,10,2,2,10,10,2,1,9,21,4,9,18,31,3,0,10,24,0,0,12,4,0,0,1,3,0,0,6,37,2,8,37,6,5,0,7,14,0,4,12,5,2,6,12,0,1,0,22,18,2,0,17,0,0,2,2,43,9,4,17
lcl|CP017623.1_cds_AOW26294.1_590 [gene=PBR1] [locus_tag=CAALFM_C106370CA] [db_xref=CGD:CAL0000188826] [protein=Pbr1p] [protein_id=AOW26294.1] [location=complement(1356733..1357260)] [gbkey=CDS],8,2,3,6,1,1,0,7,1,0,0,6,1,3,0,10,7,0,0,1,7,0,0,0,0,0,0,3,0,1,1,2,6,1,1,10,0,0,0,13,1,0,0,13,0,3,1,9,0,10,0,8,2,2,0,5,0,0,1,0,4,6,2,5
lcl|CP017623.1_cds_AOW26295.1_591 [locus_tag=CAALFM_C106380CA] [db_xref=CGD:CAL0000186976] [protein=hypothetical protein] [protein_id=AOW26295.1] [location=complement(1359377..1359700)] [gbkey=CDS],4,1,5,2,4,2,0,2,2,1,0,1,2,0,0,3,3,1,1,3,1,0,0,0,0,0,0,0,2,0,2,0,5,4,3,6,0,0,0,3,6,1,1,6,1,0,0,0,0,2,0,5,4,2,0,1,0,0,0,2,5,0,2,5
lcl|CP017623.1_cds_AOW26296.1_592 [locus_tag=CAALFM_C106390WA] [db_xref=CGD:CAL0000198739] [protein=ubiquitin-specific protease] [protein_id=AOW26296.1] [location=1359948..1360724] [gbkey=CDS],15,7,2,30,3,2,1,5,4,0,0,2,4,1,2,21,9,0,0,4,5,1,1,6,1,0,0,1,1,0,0,0,13,1,1,21,4,1,0,5,3,0,0,9,0,0,1,3,0,0,0,9,6,1,1,5,0,0,1,1,26,3,4,10
lcl|CP017623.1_cds_AOW26297.1_593 [locus_tag=CAALFM_C106400CA] [db_xref=CGD:CAL0000199872] [protein=hypothetical protein] [protein_id=AOW26297.1] [location=complement(1361000..1363132)] [gbkey=CDS],55,24,20,47,12,6,3,12,17,4,4,19,13,1,11,21,29,3,4,9,19,2,2,12,6,2,0,10,3,3,2,8,39,7,4,24,20,10,1,13,20,4,8,20,4,2,10,13,0,3,0,25,18,2,1,10,0,0,2,5,18,8,15,20
lcl|CP017623.1_cds_AOW26298.1_594 [locus_tag=CAALFM_C106410WA] [db_xref=CGD:CAL0000200820] [protein=hypothetical protein] [protein_id=AOW26298.1] [location=1364407..1366992] [gbkey=CDS],70,7,11,92,18,11,3,29,12,1,4,23,25,10,20,36,45,2,4,18,21,6,0,19,11,1,2,3,1,3,3,7,42,9,5,57,5,2,0,2,11,2,3,7,4,0,3,5,0,0,0,18,36,10,2,18,0,0,5,3,54,6,7,26
lcl|CP017623.1_cds_AOW26299.1_595 [locus_tag=CAALFM_C106420CA] [db_xref=CGD:CAL0000177039] [protein=hypothetical protein] [protein_id=AOW26299.1] [location=complement(1367104..1369278)] [gbkey=CDS],37,8,6,58,9,16,4,22,19,3,0,21,20,1,19,28,41,0,7,16,30,2,3,14,8,0,3,6,6,0,3,10,32,5,1,39,10,2,2,14,14,3,6,10,7,3,5,9,0,1,0,14,35,2,7,14,0,0,5,3,33,4,10,13
lcl|CP017623.1_cds_AOW26300.1_596 [locus_tag=CAALFM_C106430CA] [db_xref=CGD:CAL0000175928] [protein=hypothetical protein] [protein_id=AOW26300.1] [location=complement(1370780..1372147)] [gbkey=CDS],37,4,9,20,3,5,2,12,15,0,1,6,2,8,13,18,8,2,0,9,19,2,2,10,0,0,0,3,3,0,0,6,30,4,3,26,4,2,0,10,4,3,0,14,6,1,6,14,0,4,0,24,8,1,0,9,0,0,8,1,20,8,12,13
lcl|CP017623.1_cds_AOW26301.1_597 [locus_tag=CAALFM_C106440CA] [db_xref=CGD:CAL0000189377] [protein=hypothetical protein] [protein_id=AOW26301.1] [location=complement(1372798..1375413)] [gbkey=CDS],64,11,16,48,24,8,4,15,20,5,3,11,26,12,18,33,39,2,8,13,11,3,4,9,10,0,1,4,5,2,5,16,45,6,6,39,12,0,1,14,15,2,7,12,15,4,4,14,0,2,0,41,24,6,4,10,0,1,3,7,46,12,30,38
"lcl|CP017623.1_cds_AOW26302.1_598 [gene=RPS14B] [locus_tag=CAALFM_C106450CA] [db_xref=CGD:CAL0000196584] [protein=ribosomal 40S subunit protein S14B] [protein_id=AOW26302.1] [location=complement(join(1375843..1376231,1376662..1376671))] [gbkey=CDS]",8,1,1,0,0,3,0,9,14,0,0,0,0,0,2,6,3,2,0,0,5,0,0,0,0,0,0,1,0,0,0,0,4,2,0,6,0,2,0,13,0,0,0,15,0,2,0,9,0,1,0,0,3,3,0,4,0,0,0,1,5,3,2,1
lcl|CP017623.1_cds_AOW26303.1_599 [gene=RPS22A] [locus_tag=CAALFM_C106460CA] [db_xref=CGD:CAL0000188584] [protein=ribosomal 40S subunit protein S22A] [protein_id=AOW26303.1] [location=complement(1377036..1377428)] [gbkey=CDS],9,6,1,2,0,2,0,5,10,0,0,0,1,7,2,5,5,4,0,0,3,0,0,0,0,0,0,0,0,0,0,0,6,3,0,3,0,1,0,6,0,0,0,10,0,6,0,5,0,4,0,0,0,4,0,2,0,0,1,1,7,5,3,0
"lcl|CP017623.1_cds_AOW26304.1_600 [locus_tag=CAALFM_C106470WA] [db_xref=CGD:CAL0000189989] [protein=ribosomal 60S subunit protein L39] [protein_id=AOW26304.1] [location=join(1377812..1377817,1378049..1378198)] [gbkey=CDS]",4,2,4,1,0,0,0,3,9,0,0,0,0,3,0,0,5,1,0,0,2,0,0,1,0,0,0,0,0,0,0,0,0,1,0,0,0,0,0,3,0,0,0,1,0,0,0,0,0,1,0,0,1,0,0,1,0,0,2,0,1,1,3,0
"lcl|CP017623.1_cds_AOW26305.1_601 [locus_tag=CAALFM_C106480CA] [db_xref=CGD:CAL0000185928] [protein=hypothetical protein] [protein_id=AOW26305.1] [location=complement(join(1378615..1379118,1379200..1379223))] [gbkey=CDS]",4,3,1,7,3,1,0,6,6,0,0,4,0,4,3,10,6,0,0,1,5,1,0,1,1,0,0,0,1,0,0,1,8,0,1,4,2,2,0,5,5,0,1,9,1,1,2,10,0,3,0,4,6,1,1,3,0,0,1,0,15,4,6,10
lcl|CP017623.1_cds_AOW26306.1_602 [locus_tag=CAALFM_C106500WA] [db_xref=CGD:CAL0000196852] [protein=hypothetical protein] [protein_id=AOW26306.1] [location=1380391..1381107] [gbkey=CDS],10,6,8,12,8,3,1,5,5,1,0,3,6,3,3,13,7,2,0,1,5,3,0,3,1,0,0,0,1,0,0,8,15,1,4,6,3,1,1,7,4,2,2,6,0,1,4,8,0,5,0,8,7,1,1,4,0,0,0,3,5,5,5,10
lcl|CP017623.1_cds_AOW26307.1_603 [locus_tag=CAALFM_C106510CA] [db_xref=CGD:CAL0000177667] [protein=hypothetical protein] [protein_id=AOW26307.1] [location=complement(1381134..1382531)] [gbkey=CDS],8,5,3,15,6,3,4,18,7,1,1,10,15,6,15,23,11,1,2,3,7,1,1,7,2,0,0,1,3,1,4,4,6,4,4,9,7,6,2,15,10,4,6,24,13,3,8,15,0,2,0,13,11,5,5,9,0,3,6,11,16,6,25,28
lcl|CP017623.1_cds_AOW26308.1_604 [gene=BPH1] [locus_tag=CAALFM_C106520CA] [db_xref=CGD:CAL0000197663] [protein=Bph1p] [protein_id=AOW26308.1] [location=complement(1382826..1389647)] [gbkey=CDS],125,41,27,154,57,26,6,50,39,17,9,51,47,28,34,101,61,9,20,47,23,9,2,19,14,1,4,6,27,13,7,45,113,16,33,108,35,13,3,22,38,10,9,35,23,12,26,63,0,15,0,64,46,18,27,31,0,7,24,12,107,34,112,97
lcl|CP017623.1_cds_AOW26309.1_605 [locus_tag=CAALFM_C106530CA] [db_xref=CGD:CAL0000197778] [protein=putative ubiquitin-specific protease] [protein_id=AOW26309.1] [location=complement(1390212..1394330)] [gbkey=CDS],67,28,19,72,35,6,5,27,21,9,4,29,21,20,14,41,65,14,12,27,36,6,5,25,7,3,0,11,1,5,2,19,91,23,28,97,17,11,2,18,17,5,6,24,15,9,13,30,0,15,0,36,30,15,13,19,0,2,11,12,47,17,45,47
lcl|CP017623.1_cds_AOW26310.1_606 [locus_tag=CAALFM_C106540CA] [db_xref=CGD:CAL0000184319] [protein=exosome non-catalytic core subunit] [protein_id=AOW26310.1] [location=complement(1395028..1396152)] [gbkey=CDS],22,10,1,21,12,4,4,10,8,3,1,15,14,3,5,12,13,1,2,6,5,3,0,4,1,0,0,4,0,0,0,2,22,4,4,12,7,2,0,4,5,0,4,6,7,3,2,9,0,6,0,6,17,2,4,9,0,0,1,3,20,6,16,6
lcl|CP017623.1_cds_AOW26311.1_607 [gene=GLT1] [locus_tag=CAALFM_C106550WA] [db_xref=CGD:CAL0000182870] [protein=glutamate synthase (NADH)] [protein_id=AOW26311.1] [location=1398176..1404556] [gbkey=CDS],106,40,38,63,13,21,1,69,90,2,3,13,5,29,42,98,61,12,5,36,75,2,1,18,0,0,0,18,0,1,0,5,141,26,14,100,24,46,1,98,18,5,20,132,8,28,6,103,0,29,0,37,27,23,6,57,0,2,24,35,72,37,102,37
lcl|CP017623.1_cds_AOW26312.1_608 [locus_tag=CAALFM_C106560WA] [db_xref=CGD:CAL0000198419] [protein=hypothetical protein] [protein_id=AOW26312.1] [location=1404816..1406129] [gbkey=CDS],24,8,8,22,12,3,2,9,8,2,3,6,15,9,8,26,19,4,5,8,5,3,1,5,2,1,0,2,3,2,0,4,17,6,10,27,6,4,0,2,8,2,3,8,4,2,11,10,0,4,0,6,6,5,3,4,0,2,5,2,22,3,17,8
lcl|CP017623.1_cds_AOW26313.1_609 [gene=ANT1] [locus_tag=CAALFM_C106570WA] [db_xref=CGD:CAL0000199020] [protein=Ant1p] [protein_id=AOW26313.1] [location=1407257..1408294] [gbkey=CDS],24,10,13,4,4,11,0,7,3,1,1,3,5,5,3,14,17,1,2,4,8,1,1,4,0,0,0,3,0,2,0,3,9,2,3,17,7,8,0,6,6,0,7,8,2,4,3,10,0,8,0,7,8,4,3,7,0,0,4,2,18,4,20,13
lcl|CP017623.1_cds_AOW26314.1_610 [gene=RPS23A] [locus_tag=CAALFM_C106580WA] [db_xref=CGD:CAL0000197722] [protein=ribosomal 40S subunit protein S23B] [protein_id=AOW26314.1] [location=1408972..1409409] [gbkey=CDS],15,7,5,1,0,1,0,1,13,0,0,0,0,3,0,3,3,2,0,0,6,0,0,0,0,0,0,0,0,0,0,1,6,2,0,3,0,1,0,10,0,0,3,13,0,5,0,8,0,0,0,1,2,1,0,7,0,0,2,2,7,4,4,2
lcl|CP017623.1_cds_AOW26315.1_611 [locus_tag=CAALFM_C106590CA] [db_xref=CGD:CAL0000188700] [protein=hypothetical protein] [protein_id=AOW26315.1] [location=complement(1409768..1410970)] [gbkey=CDS],23,3,14,17,4,5,3,5,25,2,3,6,6,3,8,16,22,3,1,4,13,1,0,5,1,0,0,2,0,1,2,2,31,10,3,23,12,6,2,11,3,1,1,7,3,2,7,6,0,5,0,6,6,2,4,10,0,0,2,0,12,0,18,6
lcl|CP017623.1_cds_AOW26316.1_612 [locus_tag=CAALFM_C106600WA] [db_xref=CGD:CAL0000176560] [protein=hypothetical protein] [protein_id=AOW26316.1] [location=1411658..1412701] [gbkey=CDS],7,7,7,14,9,5,0,17,17,3,0,2,0,3,4,5,27,1,8,1,14,0,1,9,1,1,0,4,1,0,1,3,18,3,3,13,7,5,2,13,7,3,3,19,3,2,3,8,0,3,0,8,13,4,0,12,0,0,4,1,3,1,6,7
lcl|CP017623.1_cds_AOW26317.1_613 [gene=HAK1] [locus_tag=CAALFM_C106610CA] [db_xref=CGD:CAL0000188660] [protein=Hak1p] [protein_id=AOW26317.1] [location=complement(1413016..1415442)] [gbkey=CDS],33,10,5,25,5,8,2,20,14,3,2,11,23,10,18,48,27,2,4,14,20,8,0,11,3,0,1,1,4,3,5,18,33,5,4,23,19,12,0,13,12,1,12,28,5,8,8,34,0,8,0,26,25,6,4,29,0,2,9,10,27,19,34,33
lcl|CP017623.1_cds_AOW26318.1_614 [locus_tag=CAALFM_C106620CA] [db_xref=CGD:CAL0000175565] [protein=hypothetical protein] [protein_id=AOW26318.1] [location=complement(1417195..1417896)] [gbkey=CDS],16,0,5,12,3,2,1,2,2,3,1,5,9,5,3,10,13,0,1,7,1,0,0,4,4,0,0,2,6,0,1,6,10,2,5,7,4,2,1,3,3,1,2,2,1,1,2,8,0,3,0,10,6,1,0,1,0,0,2,2,10,1,8,10
lcl|CP017623.1_cds_AOW26319.1_615 [locus_tag=CAALFM_C106630WA] [db_xref=CGD:CAL0000200747] [protein=chromatin-binding protein] [protein_id=AOW26319.1] [location=1418523..1421138] [gbkey=CDS],42,21,11,57,14,14,1,24,16,3,4,21,17,12,9,38,20,7,3,12,17,2,2,8,5,1,0,5,3,1,3,8,54,12,11,56,14,6,1,7,17,5,11,17,11,8,10,22,0,9,0,18,20,10,5,16,0,2,9,6,47,13,31,21
lcl|CP017623.1_cds_AOW26320.1_616 [locus_tag=CAALFM_C106640CA] [db_xref=CGD:CAL0000195297] [protein=hypothetical protein] [protein_id=AOW26320.1] [location=complement(1421365..1421508)] [gbkey=CDS],2,0,2,1,1,0,0,1,1,0,0,1,0,1,0,3,5,0,0,0,2,0,0,1,0,0,0,0,0,0,0,1,3,0,0,1,0,0,0,4,1,0,0,3,0,0,0,2,0,2,0,1,0,0,0,0,0,0,1,0,4,1,0,1
lcl|CP017623.1_cds_AOW26321.1_617 [locus_tag=CAALFM_C106650WA] [db_xref=CGD:CAL0000187951] [protein=peptide alpha-N-acetyltransferase complex B subunit] [protein_id=AOW26321.1] [location=1421838..1422404] [gbkey=CDS],10,2,3,10,4,2,3,3,5,0,1,2,4,2,4,3,8,0,0,2,4,1,1,1,3,0,0,1,3,1,2,1,13,3,2,8,2,1,1,1,4,1,2,2,4,3,4,6,0,4,0,6,3,1,2,1,0,0,2,1,7,5,7,5
lcl|CP017623.1_cds_AOW26322.1_618 [locus_tag=CAALFM_C106660WA] [db_xref=CGD:CAL0000196966] [protein=hypothetical protein] [protein_id=AOW26322.1] [location=1422905..1424605] [gbkey=CDS],27,11,10,27,9,3,1,10,19,1,4,14,4,7,4,27,17,4,2,8,7,1,0,1,4,0,2,3,4,2,4,8,41,10,10,35,10,8,3,12,9,1,6,8,3,3,11,14,0,7,0,13,12,8,9,8,0,1,2,3,17,6,32,18
lcl|CP017623.1_cds_AOW26323.1_619 [locus_tag=CAALFM_C106670WA] [db_xref=CGD:CAL0000189062] [protein=hypothetical protein] [protein_id=AOW26323.1] [location=1425323..1427644] [gbkey=CDS],52,18,19,39,11,9,3,20,21,2,3,17,13,9,12,15,22,3,8,13,19,4,4,17,5,1,0,7,10,3,7,8,41,14,13,50,14,7,2,6,6,3,5,11,7,6,6,8,0,8,0,23,34,9,8,17,0,2,4,5,13,15,24,17
lcl|CP017623.1_cds_AOW26324.1_620 [gene=VPS34] [locus_tag=CAALFM_C106680WA] [db_xref=CGD:CAL0000195103] [protein=phosphatidylinositol 3-kinase] [protein_id=AOW26324.1] [location=1427895..1430957] [gbkey=CDS],57,15,28,56,26,6,3,20,17,4,3,18,25,14,16,42,30,6,6,15,35,6,6,18,2,1,3,7,12,3,1,14,47,10,11,54,17,5,3,8,10,3,8,14,13,4,5,23,0,16,0,36,27,6,8,17,0,4,9,8,44,14,49,31
lcl|CP017623.1_cds_AOW26326.1_622 [locus_tag=CAALFM_C106700WA] [db_xref=CGD:CAL0000184542] [protein=hypothetical protein] [protein_id=AOW26326.1] [location=1433430..1435013] [gbkey=CDS],29,10,18,29,5,7,3,10,7,2,3,9,12,13,5,24,23,1,4,13,15,3,1,4,3,1,0,1,2,2,2,3,29,7,5,20,11,1,0,5,8,1,4,7,5,5,10,15,0,9,0,10,10,2,3,11,0,4,6,5,14,13,26,16
lcl|CP017623.1_cds_AOW26327.1_623 [locus_tag=CAALFM_C106710WA] [db_xref=CGD:CAL0000201956] [protein=TFIIH complex serine/threonine-protein kinase subunit] [protein_id=AOW26327.1] [location=1435371..1436402] [gbkey=CDS],24,1,3,16,8,3,2,7,10,0,1,3,8,5,5,5,9,1,1,8,11,1,1,9,3,0,2,4,3,0,1,5,16,2,3,19,12,3,1,7,4,1,3,6,5,0,3,14,0,3,0,8,8,2,3,7,0,1,4,2,17,2,17,9
lcl|CP017623.1_cds_AOW26328.1_624 [locus_tag=CAALFM_C106720CA] [db_xref=CGD:CAL0000195713] [protein=hypothetical protein] [protein_id=AOW26328.1] [location=complement(1436436..1437638)] [gbkey=CDS],21,7,7,18,13,3,2,7,8,2,0,4,11,6,4,8,15,3,0,6,11,0,3,7,2,1,0,0,5,2,1,5,22,5,6,12,12,4,2,12,11,4,5,9,4,3,2,11,0,6,0,16,12,1,3,5,0,1,4,2,14,6,14,9
lcl|CP017623.1_cds_AOW26329.1_625 [gene=RAC1] [locus_tag=CAALFM_C106730WA] [db_xref=CGD:CAL0000196388] [protein=Rho family GTPase] [protein_id=AOW26329.1] [location=1440080..1440790] [gbkey=CDS],12,4,8,8,4,3,0,9,6,2,2,5,9,2,3,7,4,0,1,4,7,2,1,2,1,0,0,0,0,0,0,0,8,6,2,10,3,3,0,7,6,1,1,11,3,7,3,4,0,1,0,7,4,3,2,3,0,0,2,6,11,3,8,4
lcl|CP017623.1_cds_AOW26330.1_626 [gene=NOP6] [locus_tag=CAALFM_C106740CA] [db_xref=CGD:CAL0000191755] [protein=Nop6p] [protein_id=AOW26330.1] [location=complement(1441424..1442053)] [gbkey=CDS],24,1,11,10,4,1,0,1,12,0,2,3,3,3,2,5,6,0,2,4,4,1,0,4,3,0,0,2,1,0,1,2,22,1,3,10,5,2,0,4,5,1,2,5,0,2,5,3,0,0,0,1,2,1,3,2,0,0,0,0,6,1,5,5
lcl|CP017623.1_cds_AOW26331.1_627 [locus_tag=CAALFM_C106750WA] [db_xref=CGD:CAL0000185887] [protein=hypothetical protein] [protein_id=AOW26331.1] [location=1442282..1442668] [gbkey=CDS],4,0,4,8,5,0,2,5,5,0,2,3,2,2,1,3,3,0,3,4,5,2,1,4,3,1,2,1,1,2,3,0,5,2,0,6,2,0,0,1,2,1,0,1,1,3,0,3,0,0,0,3,5,2,0,4,0,0,0,0,2,0,0,3
lcl|CP017623.1_cds_AOW26332.1_628 [locus_tag=CAALFM_C106770WA] [db_xref=CGD:CAL0000177463] [protein=putative oxidoreductase] [protein_id=AOW26332.1] [location=1444436..1445959] [gbkey=CDS],29,6,14,18,9,5,1,18,18,0,6,9,6,12,9,19,22,1,3,6,14,3,3,6,4,0,1,4,5,1,5,7,24,5,8,20,6,7,2,11,11,1,5,13,5,1,8,9,0,1,0,15,7,3,3,3,0,0,9,8,15,9,22,11
lcl|CP017623.1_cds_AOW26333.1_629 [gene=NPR1] [locus_tag=CAALFM_C106780WA] [db_xref=CGD:CAL0000199299] [protein=serine/threonine protein kinase] [protein_id=AOW26333.1] [location=1447122..1449623] [gbkey=CDS],32,17,16,37,14,10,0,24,15,3,2,31,6,8,16,29,35,4,16,14,29,2,2,15,4,1,2,11,4,0,6,3,29,5,10,30,15,10,0,25,11,7,9,23,5,3,14,23,0,3,0,16,44,6,18,28,0,2,3,11,17,9,24,24
lcl|CP017623.1_cds_AOW26334.1_630 [gene=MRPL19] [locus_tag=CAALFM_C106790CA] [db_xref=CGD:CAL0000178684] [protein=mitochondrial 54S ribosomal protein YmL19] [protein_id=AOW26334.1] [location=complement(1449873..1450304)] [gbkey=CDS],19,0,1,2,2,1,1,2,1,1,0,2,3,1,2,7,2,0,0,2,4,2,0,5,0,0,0,2,0,0,0,1,6,0,1,5,5,5,0,6,4,0,3,5,4,4,5,5,0,0,0,1,2,1,1,2,0,0,2,1,4,1,3,3
lcl|CP017623.1_cds_AOW26335.1_631 [locus_tag=CAALFM_C106800WA] [db_xref=CGD:CAL0000178137] [protein=decapping nuclease] [protein_id=AOW26335.1] [location=1450584..1451759] [gbkey=CDS],35,4,6,23,5,6,2,14,7,0,3,9,6,6,5,16,12,0,2,1,8,1,0,6,5,0,0,3,1,1,0,2,30,3,1,22,6,1,0,5,2,0,6,6,6,3,2,10,0,2,0,20,10,1,2,4,0,0,6,6,22,6,11,8
lcl|CP017623.1_cds_AOW26336.1_632 [gene=CAT1] [locus_tag=CAALFM_C106810WA] [db_xref=CGD:CAL0000188148] [protein=catalase A] [protein_id=AOW26336.1] [location=1453350..1454807] [gbkey=CDS],18,21,11,6,1,9,1,22,21,2,0,2,0,8,7,9,22,11,0,8,29,0,0,1,0,0,0,0,0,0,0,1,30,8,0,20,1,10,0,35,1,0,0,28,1,5,5,18,0,14,0,5,3,6,0,12,0,0,8,2,5,18,24,15
lcl|CP017623.1_cds_AOW26337.1_633 [locus_tag=CAALFM_C106820WA] [db_xref=CGD:CAL0000186698] [protein=hypothetical protein] [protein_id=AOW26337.1] [location=1455538..1456530] [gbkey=CDS],13,8,3,17,11,3,4,5,7,1,1,6,5,1,5,7,18,6,1,15,12,2,3,3,3,1,1,2,1,0,1,0,20,2,7,11,5,4,1,5,6,0,4,6,5,1,5,4,0,4,0,13,16,3,9,7,0,0,2,2,8,0,7,6
lcl|CP017623.1_cds_AOW26338.1_634 [locus_tag=CAALFM_C106840CA] [db_xref=CGD:CAL0000194611] [protein=hypothetical protein] [protein_id=AOW26338.1] [location=complement(1457212..1457505)] [gbkey=CDS],9,0,3,2,1,1,0,1,3,0,0,1,0,2,0,5,10,0,0,1,2,0,0,2,1,0,0,0,0,0,1,2,8,1,2,2,5,3,0,4,1,0,2,2,1,0,0,1,0,0,0,2,4,0,0,0,0,0,0,1,5,1,2,2
lcl|CP017623.1_cds_AOW26339.1_635 [gene=PCL7] [locus_tag=CAALFM_C106850WA] [db_xref=CGD:CAL0000179255] [protein=Pcl7p] [protein_id=AOW26339.1] [location=1459268..1461322] [gbkey=CDS],17,19,10,59,21,6,5,13,10,7,1,16,11,4,7,14,40,10,14,20,20,7,3,10,6,0,0,2,4,0,7,4,22,12,9,30,12,4,2,9,4,3,4,12,8,5,8,16,0,3,0,17,20,5,12,25,0,0,1,2,24,10,20,17
lcl|CP017623.1_cds_AOW26340.1_636 [locus_tag=CAALFM_C106860WA] [db_xref=CGD:CAL0000199366] [protein=hypothetical protein] [protein_id=AOW26340.1] [location=1462710..1464203] [gbkey=CDS],11,6,7,17,17,4,4,13,6,4,1,13,11,9,12,18,14,2,7,8,8,2,1,5,5,1,1,0,7,1,2,7,14,3,4,9,12,10,1,13,9,5,4,7,4,3,5,16,0,6,0,27,14,7,4,11,0,3,5,7,21,12,15,21
lcl|CP017623.1_cds_AOW26341.1_637 [locus_tag=CAALFM_C106870CA] [db_xref=CGD:CAL0000198304] [protein=hypothetical protein] [protein_id=AOW26341.1] [location=complement(1464434..1464637)] [gbkey=CDS],5,0,3,2,1,1,0,1,2,0,0,2,1,1,0,2,4,0,0,1,4,0,0,4,0,0,0,0,0,0,0,0,1,1,2,2,3,1,0,2,0,0,0,1,1,0,1,2,0,1,0,3,0,1,1,0,0,2,1,2,3,0,1,0
"lcl|CP017623.1_cds_AOW26342.1_638 [gene=SPO22] [locus_tag=CAALFM_C106880CA] [db_xref=CGD:CAL0000181289] [protein=Spo22p] [protein_id=AOW26342.1] [location=complement(join(1465177..1465260,1465340..1465427,1465511..1468118,1468179..1468227))] [gbkey=CDS]",53,22,15,41,14,8,2,21,11,13,4,20,27,17,18,43,31,5,11,13,10,3,3,2,4,1,2,1,19,7,7,21,55,9,20,33,22,9,3,10,11,3,6,6,7,5,9,24,0,12,0,24,19,10,3,17,0,9,12,17,29,13,47,28
"lcl|CP017623.1_cds_AOW26343.1_639 [locus_tag=CAALFM_C106890CA] [db_xref=CGD:CAL0000185373] [protein=ribosomal 60S subunit protein L34B] [protein_id=AOW26343.1] [location=complement(join(1468465..1468796,1469239..1469275))] [gbkey=CDS]",12,3,8,1,0,5,0,2,12,0,0,0,0,3,0,2,8,2,0,0,3,0,0,0,0,0,0,1,0,0,0,0,5,2,0,0,0,1,0,11,0,0,0,8,0,5,0,7,0,4,0,0,0,4,0,2,0,0,0,4,3,1,2,0
"lcl|CP017623.1_cds_AOW26344.1_640 [gene=MMD1] [locus_tag=CAALFM_C106900CA] [db_xref=CGD:CAL0000190397] [protein=isoleucine biosynthesis protein] [protein_id=AOW26344.1] [location=complement(join(1469637..1469965,1470055..1470115,1470194..1470274))] [gbkey=CDS]",7,8,4,2,2,3,0,2,4,0,0,2,1,2,2,9,5,2,2,0,7,0,0,4,0,0,0,0,0,0,0,0,7,2,1,3,4,7,0,7,2,1,1,1,1,2,0,9,0,3,0,3,7,3,2,3,0,0,0,1,4,3,5,5
lcl|CP017623.1_cds_AOW26345.1_641 [locus_tag=CAALFM_C106910CA] [db_xref=CGD:CAL0000179377] [protein=CCR4-NOT core subunit] [protein_id=AOW26345.1] [location=complement(1470485..1473181)] [gbkey=CDS],41,23,27,37,22,5,6,13,16,14,6,9,29,14,15,36,12,6,8,13,12,1,3,10,5,0,1,1,23,6,9,16,58,25,18,41,27,9,6,12,16,8,5,8,6,7,6,14,0,8,0,18,19,5,14,11,0,2,8,9,22,15,28,33
lcl|CP017623.1_cds_AOW26346.1_642 [locus_tag=CAALFM_C106920CA] [db_xref=CGD:CAL0000178470] [protein=hypothetical protein] [protein_id=AOW26346.1] [location=complement(1473495..1474850)] [gbkey=CDS],21,9,11,5,8,9,1,6,14,3,7,10,6,8,9,16,5,3,4,6,12,3,3,7,2,1,0,5,6,2,3,7,11,4,4,6,10,11,5,13,10,3,2,7,6,3,6,10,0,9,0,9,6,5,3,8,0,4,6,4,16,12,27,18
lcl|CP017623.1_cds_AOW26347.1_643 [gene=PGA63] [locus_tag=CAALFM_C106930WA] [db_xref=CGD:CAL0000193385] [protein=Pga63p] [protein_id=AOW26347.1] [location=1475649..1479446] [gbkey=CDS],53,22,43,58,25,23,7,37,14,8,0,24,8,11,9,31,36,3,10,16,66,4,7,44,0,1,0,12,1,4,2,15,52,14,26,38,34,24,3,63,22,9,6,30,9,8,9,52,0,14,0,16,40,16,10,34,0,0,19,4,27,11,45,35
"lcl|CP017623.1_cds_AOW26348.1_644 [gene=ATC1] [locus_tag=CAALFM_C106940CA] [db_xref=CGD:CAL0000186706] [protein=alpha,alpha-trehalase] [protein_id=AOW26348.1] [location=complement(1479745..1482981)] [gbkey=CDS]",26,29,19,51,34,13,9,18,16,15,6,14,20,9,18,35,39,10,14,19,21,10,3,11,2,0,0,3,8,7,3,11,29,28,21,37,40,12,5,24,33,13,10,17,13,13,11,30,0,20,0,31,17,7,6,15,0,4,12,7,29,22,32,46
lcl|CP017623.1_cds_AOW26349.1_645 [gene=SUI2] [locus_tag=CAALFM_C106960WA] [db_xref=CGD:CAL0000201409] [protein=translation initiation factor eIF2 subunit alpha] [protein_id=AOW26349.1] [location=1484762..1485664] [gbkey=CDS],13,7,14,4,3,3,0,2,13,2,0,5,4,7,6,10,5,1,2,2,3,1,0,5,0,0,0,4,0,0,0,1,29,7,3,14,4,7,1,13,1,1,2,6,4,10,6,9,0,5,0,7,8,2,4,4,0,1,1,4,11,2,12,4
lcl|CP017623.1_cds_AOW26350.1_646 [locus_tag=CAALFM_C106970CA] [db_xref=CGD:CAL0000198629] [protein=hypothetical protein] [protein_id=AOW26350.1] [location=complement(1485816..1487471)] [gbkey=CDS],29,13,21,24,10,1,3,15,7,3,0,10,8,16,8,23,7,5,9,7,11,5,6,10,3,0,1,2,12,4,2,11,21,15,22,15,4,6,2,6,9,2,6,5,5,8,8,8,0,9,0,11,4,3,7,7,0,1,2,2,17,14,33,12
lcl|CP017623.1_cds_AOW26351.1_647 [locus_tag=CAALFM_C106980CA] [db_xref=CGD:CAL0000197504] [protein=hypothetical protein] [protein_id=AOW26351.1] [location=complement(1487707..1489140)] [gbkey=CDS],18,4,6,10,12,8,6,5,4,1,3,9,15,13,16,20,8,3,7,2,7,1,3,3,1,0,0,3,4,1,1,8,9,10,3,5,14,7,0,14,18,7,7,17,10,9,9,9,0,8,0,8,11,3,4,6,0,2,9,8,7,12,24,24
lcl|CP017623.1_cds_AOW26352.1_648 [gene=MEF2] [locus_tag=CAALFM_C107000WA] [db_xref=CGD:CAL0000188276] [protein=Mef2p] [protein_id=AOW26352.1] [location=1490452..1492731] [gbkey=CDS],32,19,21,22,22,5,5,18,22,4,5,10,14,9,18,30,16,2,8,11,15,3,3,9,3,2,1,4,8,3,2,9,45,16,17,33,23,10,4,14,11,9,5,17,18,8,23,21,0,9,0,11,8,6,4,8,0,0,6,6,17,6,35,13
lcl|CP017623.1_cds_AOW26353.1_649 [locus_tag=CAALFM_C107010WA] [db_xref=CGD:CAL0000182411] [protein=hypothetical protein] [protein_id=AOW26353.1] [location=1493064..1494020] [gbkey=CDS],5,5,3,16,6,2,1,2,5,0,3,5,7,0,6,4,51,1,17,4,14,1,8,18,0,1,0,0,3,5,1,10,5,3,4,8,6,4,0,2,2,0,1,6,2,0,3,1,0,3,0,7,9,3,2,7,0,2,0,2,7,4,11,9
lcl|CP017623.1_cds_AOW26354.1_650 [gene=PUT3] [locus_tag=CAALFM_C107020CA] [db_xref=CGD:CAL0000196161] [protein=Put3p] [protein_id=AOW26354.1] [location=complement(1494130..1497066)] [gbkey=CDS],43,25,14,47,26,15,9,17,21,9,4,11,14,8,23,31,35,2,9,17,25,8,7,11,9,1,3,6,11,1,3,12,39,13,11,45,27,9,5,15,15,6,9,17,6,5,10,23,0,8,0,25,28,11,16,16,0,2,9,8,36,13,44,29
lcl|CP017623.1_cds_AOW26355.1_651 [gene=RBT4] [locus_tag=CAALFM_C107030CA] [db_xref=CGD:CAL0000174557] [protein=Rbt4p] [protein_id=AOW26355.1] [location=complement(1497905..1498981)] [gbkey=CDS],10,6,4,3,3,12,0,23,2,1,0,7,0,3,3,7,25,2,1,3,9,2,0,3,0,0,0,3,0,1,0,2,15,9,2,15,2,6,0,38,3,3,1,30,1,6,0,24,0,10,0,10,5,3,0,15,0,0,4,4,3,2,5,6
lcl|CP017623.1_cds_AOW26356.1_652 [locus_tag=CAALFM_C107040CA] [db_xref=CGD:CAL0000178383] [protein=hypothetical protein] [protein_id=AOW26356.1] [location=complement(1502167..1503120)] [gbkey=CDS],13,2,3,20,15,5,1,10,1,0,0,15,5,2,1,11,14,1,2,4,15,5,5,3,2,1,1,1,0,0,3,7,11,0,3,5,9,5,1,8,9,3,3,3,7,4,5,6,0,3,0,10,15,3,2,4,0,1,4,3,5,1,6,9
lcl|CP017623.1_cds_AOW26357.1_653 [locus_tag=CAALFM_C107050CA] [db_xref=CGD:CAL0000193898] [protein=ATP-dependent 5'-3' DNA helicase] [protein_id=AOW26357.1] [location=complement(1504795..1506954)] [gbkey=CDS],48,12,15,36,13,10,5,11,7,6,2,13,19,11,17,34,30,4,11,5,10,3,3,5,11,1,3,1,8,0,1,4,37,10,8,39,13,2,1,7,16,5,7,18,7,8,3,22,0,6,0,14,18,6,13,10,0,0,4,7,36,5,25,12
"lcl|CP017623.1_cds_AOW26358.1_654 [locus_tag=CAALFM_C107060CA] [db_xref=CGD:CAL0000192058] [protein=hypothetical protein] [protein_id=AOW26358.1] [location=complement(join(1507743..1508048,1508256..1508261))] [gbkey=CDS]",7,0,2,6,1,1,0,2,2,0,0,2,3,2,1,2,4,0,0,3,0,0,0,0,0,0,0,2,1,0,2,0,3,1,0,7,1,0,0,2,1,0,1,5,3,0,1,2,0,1,0,4,4,0,1,2,0,0,2,1,5,3,3,6
lcl|CP017623.1_cds_AOW26359.1_655 [gene=DHH1] [locus_tag=CAALFM_C107070CA] [db_xref=CGD:CAL0000182112] [protein=DExD/H-box ATP-dependent RNA helicase] [protein_id=AOW26359.1] [location=complement(1509898..1511547)] [gbkey=CDS],24,5,11,22,4,4,3,17,17,1,2,2,5,9,9,15,51,3,10,11,28,1,0,21,2,0,0,2,1,1,1,4,18,2,10,20,11,6,2,12,5,5,1,21,5,4,5,14,0,4,0,13,10,3,6,4,0,0,2,7,22,9,23,18
lcl|CP017623.1_cds_AOW26360.1_656 [locus_tag=CAALFM_C107080WA] [db_xref=CGD:CAL0000176156] [protein=hypothetical protein] [protein_id=AOW26360.1] [location=1513268..1513834] [gbkey=CDS],7,12,3,15,3,6,0,5,2,2,2,4,2,4,1,1,12,4,2,6,3,0,1,2,0,0,1,1,2,0,0,0,10,2,1,9,2,0,0,5,1,3,0,3,4,1,1,6,0,2,0,4,2,5,3,3,0,0,4,0,0,1,7,5
lcl|CP017623.1_cds_AOW26361.1_657 [locus_tag=CAALFM_C107090CA] [db_xref=CGD:CAL0000194430] [protein=hypothetical protein] [protein_id=AOW26361.1] [location=complement(1514079..1516313)] [gbkey=CDS],55,18,16,36,18,6,2,17,14,7,3,15,12,7,6,27,37,3,3,7,18,1,4,5,9,1,3,3,7,2,10,9,51,11,16,34,4,4,5,12,9,2,6,14,9,7,3,15,0,4,0,14,20,6,4,18,0,1,4,9,25,3,32,20
lcl|CP017623.1_cds_AOW26362.1_658 [locus_tag=CAALFM_C107100CA] [db_xref=CGD:CAL0000200072] [protein=hypothetical protein] [protein_id=AOW26362.1] [location=complement(1516783..1517724)] [gbkey=CDS],14,4,5,20,7,4,2,8,7,3,1,8,15,7,4,12,18,0,3,7,6,0,0,5,2,0,0,1,1,1,1,4,12,5,6,11,2,0,0,4,2,1,3,3,4,1,2,9,0,5,0,12,10,4,2,5,0,0,2,1,16,4,13,3
lcl|CP017623.1_cds_AOW26363.1_659 [gene=TAF145] [locus_tag=CAALFM_C107110WA] [db_xref=CGD:CAL0000186486] [protein=Taf145p] [protein_id=AOW26363.1] [location=1518188..1521970] [gbkey=CDS],81,35,37,69,21,9,1,25,31,11,5,16,19,17,19,37,54,10,20,21,31,6,2,15,11,0,5,12,9,1,3,11,70,26,32,95,23,7,4,27,21,4,15,18,10,7,15,30,0,9,0,25,18,6,11,17,0,1,6,3,30,16,42,27
lcl|CP017623.1_cds_AOW26364.1_660 [gene=GAP4] [locus_tag=CAALFM_C107120WA] [db_xref=CGD:CAL0000198089] [protein=Gap4p] [protein_id=AOW26364.1] [location=1526934..1528757] [gbkey=CDS],15,9,6,14,6,9,0,16,15,1,0,7,1,18,9,40,11,3,6,6,11,4,0,6,1,1,0,6,0,0,0,10,21,7,3,13,12,9,0,28,12,2,7,37,5,15,9,26,0,5,0,16,14,9,6,13,0,1,16,6,22,23,22,16
lcl|CP017623.1_cds_AOW26365.1_661 [locus_tag=CAALFM_C107130CA] [db_xref=CGD:CAL0000193155] [protein=hypothetical protein] [protein_id=AOW26365.1] [location=complement(1528942..1530747)] [gbkey=CDS],33,17,23,43,12,5,3,18,7,7,5,10,13,7,10,11,23,4,13,10,11,3,3,9,8,2,2,2,7,2,7,4,45,13,9,37,8,5,0,6,7,6,7,11,5,2,5,5,0,5,0,14,11,3,3,8,0,2,3,9,11,2,10,14
lcl|CP017623.1_cds_AOW26366.1_662 [gene=RIA1] [locus_tag=CAALFM_C107140CA] [db_xref=CGD:CAL0000176174] [protein=GTPase] [protein_id=AOW26366.1] [location=complement(1531432..1534566)] [gbkey=CDS],52,22,24,36,12,13,5,14,29,2,1,11,17,20,14,51,27,5,6,11,17,7,6,15,9,3,1,7,9,2,3,6,77,24,26,47,27,17,2,19,14,1,17,20,7,19,12,32,0,8,0,14,25,8,8,16,0,4,10,9,31,11,48,33
lcl|CP017623.1_cds_AOW26367.1_663 [locus_tag=CAALFM_C107150WA] [db_xref=CGD:CAL0000184286] [protein=hypothetical protein] [protein_id=AOW26367.1] [location=1534761..1535003] [gbkey=CDS],2,3,3,4,5,0,1,2,0,1,0,0,1,2,3,4,3,0,0,3,3,2,0,1,0,0,0,0,6,0,0,1,6,1,0,2,0,0,0,0,0,1,0,0,0,0,1,1,0,1,0,1,3,0,0,2,0,2,0,2,2,0,2,2
lcl|CP017623.1_cds_AOW26368.1_664 [locus_tag=CAALFM_C107160CA] [db_xref=CGD:CAL0000177231] [protein=hypothetical protein] [protein_id=AOW26368.1] [location=complement(1535148..1535354)] [gbkey=CDS],4,2,2,0,0,0,0,2,3,0,1,0,3,1,2,1,2,2,1,0,1,0,0,1,0,0,0,0,0,0,0,1,4,1,0,0,1,1,0,3,1,0,0,4,0,0,1,3,0,2,0,4,1,0,1,4,0,1,2,0,3,0,0,1
lcl|CP017623.1_cds_AOW26369.1_665 [gene=ZCF23] [locus_tag=CAALFM_C107170CA] [db_xref=CGD:CAL0000175205] [protein=Zcf23p] [protein_id=AOW26369.1] [location=complement(1536685..1538385)] [gbkey=CDS],23,25,18,21,17,14,4,11,6,7,3,12,6,9,15,25,18,5,3,9,19,4,7,6,6,0,1,2,12,3,5,10,19,13,10,18,10,2,3,7,8,3,4,4,4,3,12,6,0,10,0,7,15,4,5,10,0,2,1,5,7,8,24,15
lcl|CP017623.1_cds_AOW26370.1_666 [gene=CCS1] [locus_tag=CAALFM_C107180WA] [db_xref=CGD:CAL0000176166] [protein=copper chaperone] [protein_id=AOW26370.1] [location=1540676..1541422] [gbkey=CDS],15,6,1,7,5,3,0,4,7,3,0,6,5,6,1,8,5,1,3,2,6,2,2,3,1,0,0,0,0,0,0,4,9,5,5,10,4,3,0,10,7,3,2,7,7,7,5,5,0,2,0,2,8,2,1,5,0,1,2,5,9,1,8,6
lcl|CP017623.1_cds_AOW26371.1_667 [gene=SOG2] [locus_tag=CAALFM_C107190WA] [db_xref=CGD:CAL0000181590] [protein=Sog2p] [protein_id=AOW26371.1] [location=1542214..1544679] [gbkey=CDS],41,14,22,37,26,13,8,17,10,8,0,16,21,16,13,22,30,6,10,5,22,3,7,15,3,1,2,6,9,5,3,14,25,12,19,25,24,7,2,17,15,5,5,5,10,10,11,10,0,6,0,9,27,18,21,27,0,3,1,2,19,8,32,20
lcl|CP017623.1_cds_AOW26372.1_668 [gene=YMC1] [locus_tag=CAALFM_C107200WA] [db_xref=CGD:CAL0000175477] [protein=organic acid transporter] [protein_id=AOW26372.1] [location=1545381..1546280] [gbkey=CDS],15,4,7,6,11,4,1,6,9,0,2,2,8,3,3,13,7,0,5,2,7,0,4,4,1,0,0,2,2,3,0,2,7,4,4,9,7,6,1,6,12,1,7,12,3,5,5,7,0,4,0,10,4,0,2,6,0,0,2,4,7,7,15,8
lcl|CP017623.1_cds_AOW26373.1_669 [locus_tag=CAALFM_C107210CA] [db_xref=CGD:CAL0000191891] [protein=hypothetical protein] [protein_id=AOW26373.1] [location=complement(1546391..1548133)] [gbkey=CDS],11,9,8,21,9,8,2,9,14,0,1,7,11,7,17,27,10,2,9,12,7,4,6,3,3,2,0,1,16,3,1,6,14,6,9,20,10,4,2,14,23,7,10,11,8,6,7,19,0,12,0,12,13,4,13,9,0,2,12,6,13,20,20,27
lcl|CP017623.1_cds_AOW26374.1_670 [locus_tag=CAALFM_C107220WA] [db_xref=CGD:CAL0000192240] [protein=hypothetical protein] [protein_id=AOW26374.1] [location=1549757..1551385] [gbkey=CDS],24,28,13,47,9,4,1,6,3,4,3,4,15,11,6,19,27,5,6,9,7,2,1,2,0,1,1,4,7,2,2,9,17,6,14,17,2,3,1,7,1,1,1,6,4,0,6,3,0,9,0,16,11,7,12,8,0,9,4,11,14,18,33,18
lcl|CP017623.1_cds_AOW26375.1_671 [gene=PHO15] [locus_tag=CAALFM_C107230WA] [db_xref=CGD:CAL0000178325] [protein=4-nitrophenylphosphatase] [protein_id=AOW26375.1] [location=1551710..1552636] [gbkey=CDS],21,8,8,13,6,4,1,6,5,1,1,3,4,6,4,14,5,1,3,2,3,2,1,7,0,0,0,1,3,0,1,3,9,9,6,17,1,3,0,5,8,2,5,10,1,3,3,7,0,6,0,3,8,4,1,5,0,1,2,3,14,5,20,9
lcl|CP017623.1_cds_AOW26376.1_672 [gene=YPD1] [locus_tag=CAALFM_C107240WA] [db_xref=CGD:CAL0000174022] [protein=Ypd1p] [protein_id=AOW26376.1] [location=1553508..1554062] [gbkey=CDS],10,4,4,11,3,2,0,3,3,3,0,3,4,1,1,4,7,0,0,2,1,0,1,0,1,0,0,0,1,0,0,1,19,7,3,10,4,3,2,3,4,3,2,2,2,2,4,2,0,1,0,3,6,2,3,2,0,1,2,0,5,1,7,8
"lcl|CP017623.1_cds_AOW26377.1_673 [gene=ALG9] [locus_tag=CAALFM_C107250CA] [db_xref=CGD:CAL0000183067] [protein=dolichyl-P-Man:Man(6)GlcNAc(2)-PP-dolichol alpha-1,2-mannosyltransferase] [protein_id=AOW26377.1] [location=complement(1554222..1555904)] [gbkey=CDS]",14,12,10,18,12,4,6,6,1,3,2,7,13,6,10,27,14,3,6,5,13,4,5,8,7,1,0,3,7,4,4,11,13,5,10,12,10,5,3,7,13,5,10,5,9,6,5,19,0,14,0,18,8,7,3,7,0,3,11,6,21,15,32,31
lcl|CP017623.1_cds_AOW26378.1_674 [locus_tag=CAALFM_C107260CA] [db_xref=CGD:CAL0000193912] [protein=hypothetical protein] [protein_id=AOW26378.1] [location=complement(1556089..1557885)] [gbkey=CDS],40,20,37,17,12,7,3,6,13,6,6,10,8,7,15,13,20,2,11,9,8,4,6,2,3,4,4,4,5,2,6,10,30,15,9,31,5,10,2,6,7,4,6,5,8,3,6,12,0,9,0,6,9,6,7,15,0,3,2,2,15,7,19,18
lcl|CP017623.1_cds_AOW26379.1_675 [gene=SEC34] [locus_tag=CAALFM_C107270WA] [db_xref=CGD:CAL0000188287] [protein=Golgi transport complex subunit] [protein_id=AOW26379.1] [location=1558121..1560640] [gbkey=CDS],35,32,21,38,10,12,7,14,15,10,7,15,16,14,14,28,23,4,11,11,9,3,1,9,3,2,0,4,15,4,8,8,32,17,28,44,15,5,6,8,7,10,0,11,7,5,5,26,0,19,0,26,19,4,4,17,0,3,1,4,24,12,50,26
lcl|CP017623.1_cds_AOW26380.1_676 [locus_tag=CAALFM_C107280CA] [db_xref=CGD:CAL0000181098] [protein=TFIIH complex subunit] [protein_id=AOW26380.1] [location=complement(1560696..1560905)] [gbkey=CDS],5,1,0,3,1,0,0,0,0,2,0,1,0,2,0,6,1,0,2,2,1,0,1,0,1,0,0,0,5,0,0,0,5,1,2,3,1,0,0,1,2,0,0,0,1,0,2,2,0,1,0,0,2,3,0,0,0,0,0,1,3,0,2,2
lcl|CP017623.1_cds_AOW26381.1_677 [gene=RME1] [locus_tag=CAALFM_C107330WA] [db_xref=CGD:CAL0000193774] [protein=Rme1p] [protein_id=AOW26381.1] [location=1578886..1580409] [gbkey=CDS],21,32,9,29,8,4,0,15,14,10,1,7,1,7,15,12,18,10,7,27,16,5,4,5,2,2,4,3,1,1,4,3,15,6,9,12,5,4,1,9,1,6,4,7,1,5,3,9,0,7,0,12,11,6,5,9,0,4,0,7,13,1,18,19
"lcl|CP017623.1_cds_AOW26382.1_678 [locus_tag=CAALFM_C107340WA] [db_xref=CGD:CAL0000192256] [protein=chromatin-remodeling ATPase] [protein_id=AOW26382.1] [location=join(1581153..1581170,1581241..1584276)] [gbkey=CDS]",62,20,30,43,14,8,1,19,35,5,5,10,13,11,15,42,48,1,16,15,16,8,3,9,4,1,3,14,6,3,3,4,64,20,31,41,18,11,3,14,18,5,4,20,6,12,8,17,0,15,0,23,23,10,6,7,0,3,11,4,40,13,51,31
lcl|CP017623.1_cds_AOW26383.1_679 [gene=GPX3] [locus_tag=CAALFM_C107350CA] [db_xref=CGD:CAL0000190813] [protein=Gpx3p] [protein_id=AOW26383.1] [location=complement(1584338..1584853)] [gbkey=CDS],9,3,5,9,2,2,1,0,4,0,0,2,11,0,1,1,7,0,1,2,2,2,0,3,0,1,0,2,4,1,0,3,17,1,2,4,3,0,0,1,2,2,2,6,0,4,5,3,0,4,0,3,2,0,1,3,0,0,1,4,4,5,5,8
lcl|CP017623.1_cds_AOW26384.1_680 [locus_tag=CAALFM_C107360WA] [db_xref=CGD:CAL0000197796] [protein=hypothetical protein] [protein_id=AOW26384.1] [location=1585929..1589840] [gbkey=CDS],78,27,34,50,13,14,6,31,26,14,7,37,29,18,22,54,28,5,20,16,24,8,6,16,2,2,2,15,7,5,13,25,62,16,30,50,28,11,5,20,13,3,8,15,9,9,16,31,0,10,0,22,32,17,17,26,0,8,10,11,56,16,59,38
lcl|CP017623.1_cds_AOW26385.1_681 [gene=CPH1] [locus_tag=CAALFM_C107370CA] [db_xref=CGD:CAL0000198463] [protein=homeodomain family transcription factor] [protein_id=AOW26385.1] [location=complement(1590522..1592492)] [gbkey=CDS],28,9,10,39,17,13,0,27,8,2,2,13,8,9,15,14,41,6,12,7,19,1,4,13,4,1,1,2,4,0,3,3,28,9,6,21,18,15,1,19,8,8,2,19,7,5,6,8,0,12,0,19,21,7,3,12,0,0,4,4,16,10,12,20
lcl|CP017623.1_cds_AOW26386.1_682 [gene=KSP1] [locus_tag=CAALFM_C107380CA] [db_xref=CGD:CAL0000176768] [protein=putative serine/threonine protein kinase] [protein_id=AOW26386.1] [location=complement(1595184..1598036)] [gbkey=CDS],34,23,26,77,18,7,5,22,25,4,2,20,5,8,11,28,28,5,4,33,23,1,7,17,8,2,1,6,2,0,7,5,45,12,6,60,12,8,1,16,16,11,8,31,7,7,5,28,0,10,0,33,27,7,5,22,0,1,7,5,25,15,27,28
lcl|CP017623.1_cds_AOW26387.1_683 [locus_tag=CAALFM_C107390WA] [db_xref=CGD:CAL0000201437] [protein=hypothetical protein] [protein_id=AOW26387.1] [location=1600375..1602015] [gbkey=CDS],22,10,2,35,9,2,3,13,12,2,1,12,14,5,5,20,34,6,2,9,15,4,0,8,6,0,0,7,2,0,2,3,35,10,4,51,6,7,0,10,6,3,5,10,7,4,6,10,0,3,0,10,12,2,2,8,0,0,5,1,21,8,13,21
lcl|CP017623.1_cds_AOW26388.1_684 [locus_tag=CAALFM_C107400CA] [db_xref=CGD:CAL0000180756] [protein=hypothetical protein] [protein_id=AOW26388.1] [location=complement(1602167..1603606)] [gbkey=CDS],27,8,14,42,6,5,0,14,3,1,4,14,10,4,5,22,20,3,8,8,2,1,2,5,4,0,2,4,7,0,4,5,47,8,11,33,8,2,0,4,4,4,0,4,3,2,3,3,0,7,0,11,7,4,1,5,0,1,3,1,19,5,14,10
lcl|CP017623.1_cds_AOW26389.1_685 [gene=SKP1] [locus_tag=CAALFM_C107410CA] [db_xref=CGD:CAL0000178736] [protein=SCF ubiquitin ligase subunit] [protein_id=AOW26389.1] [location=complement(1604432..1604926)] [gbkey=CDS],8,5,7,7,0,0,0,3,6,0,0,3,0,5,4,9,2,0,0,3,6,0,0,4,0,0,0,0,0,0,0,1,23,2,1,10,0,3,0,6,2,0,0,0,2,0,2,7,0,2,0,0,3,1,0,3,0,0,3,3,6,4,5,2
lcl|CP017623.1_cds_AOW26390.1_686 [gene=PEX3] [locus_tag=CAALFM_C107420CA] [db_xref=CGD:CAL0000196480] [protein=Pex3p] [protein_id=AOW26390.1] [location=complement(1605356..1606747)] [gbkey=CDS],20,17,5,40,10,6,1,10,8,5,2,12,12,15,6,18,15,1,3,5,9,1,0,1,0,0,0,0,2,1,3,6,20,5,10,15,9,7,1,8,5,2,2,3,2,3,4,4,0,4,0,11,12,6,1,7,0,0,4,1,32,8,30,12
lcl|CP017623.1_cds_AOW26391.1_687 [gene=PHO100] [locus_tag=CAALFM_C107430WA] [db_xref=CGD:CAL0000174526] [protein=Pho100p] [protein_id=AOW26391.1] [location=1609045..1610016] [gbkey=CDS],13,24,1,9,0,9,0,15,5,1,0,3,1,4,1,9,11,3,0,1,16,0,0,1,0,0,0,0,0,1,0,3,11,5,0,9,0,4,0,16,0,1,0,29,0,4,0,23,0,11,0,2,8,3,0,14,0,0,6,4,11,15,11,4
lcl|CP017623.1_cds_AOW26392.1_688 [locus_tag=CAALFM_C107440WA] [db_xref=CGD:CAL0000196864] [protein=hypothetical protein] [protein_id=AOW26392.1] [location=1611003..1614224] [gbkey=CDS],71,19,27,46,32,12,6,23,25,18,6,27,11,6,12,44,35,2,5,15,25,9,6,13,8,1,1,8,10,4,4,12,50,24,21,57,18,5,1,18,19,5,12,20,6,9,8,23,0,5,0,16,45,15,16,24,0,1,7,2,28,10,36,28
lcl|CP017623.1_cds_AOW26393.1_689 [gene=GPI8] [locus_tag=CAALFM_C107460CA] [db_xref=CGD:CAL0000200776] [protein=GPI-anchor transamidase] [protein_id=AOW26393.1] [location=complement(1615681..1616832)] [gbkey=CDS],11,6,5,25,5,4,1,9,8,2,2,5,5,6,10,17,8,1,2,9,8,1,0,2,3,0,0,5,2,0,0,5,20,5,7,26,3,2,1,9,2,1,3,8,4,7,4,12,0,4,0,9,15,5,2,9,0,0,4,3,13,12,11,14
lcl|CP017623.1_cds_AOW26394.1_690 [locus_tag=CAALFM_C107470CA] [db_xref=CGD:CAL0000186343] [protein=double-stranded DNA-dependent ATPase] [protein_id=AOW26394.1] [location=complement(1617098..1619065)] [gbkey=CDS],39,11,16,21,19,3,3,9,19,5,5,7,19,8,11,22,22,6,8,16,7,4,3,2,5,1,3,6,15,1,1,9,28,13,16,26,20,3,2,6,10,3,7,9,10,7,11,14,0,10,0,13,13,5,8,8,0,0,3,10,23,6,22,22
lcl|CP017623.1_cds_AOW26395.1_691 [locus_tag=CAALFM_C107480CA] [db_xref=CGD:CAL0000179105] [protein=hypothetical protein] [protein_id=AOW26395.1] [location=complement(1619304..1621175)] [gbkey=CDS],39,7,19,23,12,8,4,11,14,4,6,8,13,9,15,24,20,1,4,14,7,1,1,5,5,1,1,4,6,3,3,9,31,5,12,28,25,5,1,10,8,2,4,13,12,4,9,13,0,9,0,19,12,2,3,10,0,6,2,4,18,9,26,19
lcl|CP017623.1_cds_AOW26396.1_692 [locus_tag=CAALFM_C107490CA] [db_xref=CGD:CAL0000183205] [protein=DNA-directed DNA polymerase alpha subunit] [protein_id=AOW26396.1] [location=complement(1621424..1623418)] [gbkey=CDS],46,12,8,35,21,13,2,13,12,2,1,10,9,9,6,35,30,2,2,3,21,5,1,15,3,1,0,4,4,1,1,3,32,4,3,47,7,6,0,4,18,1,0,15,10,2,7,16,0,4,0,15,15,7,4,15,0,0,1,6,39,12,21,22
lcl|CP017623.1_cds_AOW26397.1_693 [gene=LHP1] [locus_tag=CAALFM_C107500CA] [db_xref=CGD:CAL0000195360] [protein=Lhp1p] [protein_id=AOW26397.1] [location=complement(1623838..1624812)] [gbkey=CDS],36,6,9,20,5,6,0,15,13,0,0,7,1,0,4,14,9,0,0,2,5,1,0,2,0,0,0,2,0,0,1,1,44,1,3,19,4,3,0,6,4,1,0,9,2,1,1,16,0,1,0,4,3,1,0,5,0,0,3,1,11,7,5,9
lcl|CP017623.1_cds_AOW26398.1_694 [locus_tag=CAALFM_C107510WA] [db_xref=CGD:CAL0000185809] [protein=hypothetical protein] [protein_id=AOW26398.1] [location=1625174..1626007] [gbkey=CDS],23,2,1,19,5,2,0,10,5,0,2,6,5,2,6,12,21,0,0,3,5,1,0,3,2,0,0,1,1,1,0,2,16,0,1,13,2,2,0,5,6,0,3,5,2,1,3,9,0,0,0,6,15,2,0,7,0,0,1,2,14,3,8,10
lcl|CP017623.1_cds_AOW26399.1_695 [gene=IST2] [locus_tag=CAALFM_C107520CA] [db_xref=CGD:CAL0000183382] [protein=Ist2p] [protein_id=AOW26399.1] [location=complement(1626202..1629063)] [gbkey=CDS],73,10,16,45,18,18,4,37,16,2,0,18,4,8,3,49,23,1,2,19,31,3,0,12,1,0,0,2,2,1,3,13,45,4,4,51,15,16,0,23,12,3,5,21,6,13,7,37,0,6,0,29,23,7,3,30,0,0,12,4,48,20,37,37
lcl|CP017623.1_cds_AOW26400.1_696 [locus_tag=CAALFM_C107530WA] [db_xref=CGD:CAL0000181025] [protein=hypothetical protein] [protein_id=AOW26400.1] [location=1630610..1630705] [gbkey=CDS],4,0,2,1,0,0,0,1,1,0,0,1,1,1,0,1,0,1,1,0,2,1,0,0,0,1,0,0,1,1,0,1,1,0,1,0,0,0,0,0,0,0,1,0,0,0,0,2,0,0,0,0,0,0,0,0,0,0,0,0,2,0,0,1
lcl|CP017623.1_cds_AOW26401.1_697 [gene=BBC1] [locus_tag=CAALFM_C107540CA] [db_xref=CGD:CAL0000176182] [protein=Bbc1p] [protein_id=AOW26401.1] [location=complement(1631817..1634681)] [gbkey=CDS],46,9,17,28,14,7,1,23,24,6,2,16,10,6,10,34,27,3,3,20,53,4,10,40,1,3,1,9,0,2,5,5,86,12,18,51,28,8,0,33,12,7,8,22,16,5,6,36,0,7,0,16,23,7,10,35,0,0,5,0,13,5,26,19
lcl|CP017623.1_cds_AOW26402.1_698 [gene=SWD2] [locus_tag=CAALFM_C107550WA] [db_xref=CGD:CAL0000198527] [protein=WD-repeat containing protein] [protein_id=AOW26402.1] [location=1635159..1636253] [gbkey=CDS],18,10,5,16,14,2,1,6,5,3,0,10,9,3,2,9,9,4,2,8,7,3,1,5,1,1,0,0,8,0,4,4,11,7,1,10,6,5,1,8,7,1,10,5,4,4,8,8,0,6,0,11,11,9,2,15,0,0,4,5,10,6,9,9
lcl|CP017623.1_cds_AOW26403.1_699 [locus_tag=CAALFM_C107560WA] [db_xref=CGD:CAL0000190976] [protein=hypothetical protein] [protein_id=AOW26403.1] [location=1636861..1637820] [gbkey=CDS],23,5,10,27,4,6,2,5,9,1,4,4,8,5,5,16,12,2,7,6,7,3,3,3,4,1,1,0,4,0,4,1,8,5,2,9,6,3,1,3,5,0,0,2,5,4,4,4,0,2,0,8,5,4,1,6,0,0,3,3,9,7,2,15
lcl|CP017623.1_cds_AOW26404.1_700 [locus_tag=CAALFM_C107570CA] [db_xref=CGD:CAL0000174988] [protein=hypothetical protein] [protein_id=AOW26404.1] [location=complement(1637846..1639054)] [gbkey=CDS],27,3,8,20,13,2,2,7,8,2,0,3,16,5,8,14,11,1,6,12,9,0,1,6,6,0,0,1,5,3,4,3,19,6,9,24,5,2,1,2,7,2,2,4,4,3,3,13,0,3,0,17,9,0,3,5,0,3,6,5,14,3,8,13
lcl|CP017623.1_cds_AOW26405.1_701 [gene=PRY1] [locus_tag=CAALFM_C107580CA] [db_xref=CGD:CAL0000185546] [protein=Pry1p] [protein_id=AOW26405.1] [location=complement(1639501..1640733)] [gbkey=CDS],11,2,0,23,5,1,1,9,2,2,0,18,1,4,0,11,22,0,2,6,14,3,0,7,0,0,0,0,0,1,2,2,4,3,0,18,13,4,3,32,15,5,1,16,2,1,2,14,0,1,0,12,31,8,1,35,0,0,6,6,11,7,2,7
lcl|CP017623.1_cds_AOW26406.1_702 [locus_tag=CAALFM_C107590CA] [db_xref=CGD:CAL0000177244] [protein=hypothetical protein] [protein_id=AOW26406.1] [location=complement(1641986..1645111)] [gbkey=CDS],69,5,8,82,24,13,0,29,17,2,0,18,20,15,17,64,51,1,3,9,21,5,0,12,6,0,1,8,7,1,3,18,55,4,3,43,17,14,1,18,13,1,6,18,12,7,7,33,0,4,0,28,38,4,1,22,0,1,7,7,81,12,19,35
lcl|CP017623.1_cds_AOW26407.1_703 [gene=ATP7] [locus_tag=CAALFM_C107600WA] [db_xref=CGD:CAL0000180826] [protein=F1F0 ATP synthase subunit d] [protein_id=AOW26407.1] [location=1645623..1646147] [gbkey=CDS],22,1,0,7,0,0,0,10,5,0,0,3,0,0,2,10,4,0,0,2,3,0,0,0,0,0,0,0,0,0,1,1,16,0,0,12,1,1,0,13,4,0,0,3,1,0,0,14,0,0,0,3,5,1,0,6,0,0,1,0,8,4,5,4
lcl|CP017623.1_cds_AOW26408.1_704 [locus_tag=CAALFM_C107610CA] [db_xref=CGD:CAL0000176890] [protein=hypothetical protein] [protein_id=AOW26408.1] [location=complement(1646303..1647247)] [gbkey=CDS],16,2,6,41,12,2,2,13,4,0,0,2,10,3,2,14,14,2,3,8,8,3,0,4,1,0,1,1,0,0,0,5,8,1,0,19,0,1,0,4,5,3,0,1,2,1,3,4,0,0,0,19,9,0,1,9,0,1,1,3,20,4,6,9
lcl|CP017623.1_cds_AOW26409.1_705 [gene=PIR32] [locus_tag=CAALFM_C107620CA] [db_xref=CGD:CAL0000195669] [protein=Pir32p] [protein_id=AOW26409.1] [location=complement(1647560..1648828)] [gbkey=CDS],29,5,3,21,5,3,3,14,4,1,0,5,5,1,6,23,29,2,2,19,11,2,0,9,1,0,0,1,0,0,0,1,38,3,2,37,4,1,0,9,6,1,1,15,5,0,1,13,0,1,0,19,6,1,3,10,0,0,3,7,13,4,3,10
lcl|CP017623.1_cds_AOW26410.1_706 [locus_tag=CAALFM_C107630WA] [db_xref=CGD:CAL0000183749] [protein=monothiol glutaredoxin] [protein_id=AOW26410.1] [location=1649647..1650174] [gbkey=CDS],6,1,1,12,6,0,1,4,4,0,0,2,2,2,2,7,10,0,0,0,5,1,1,3,2,0,0,2,0,0,1,0,17,0,1,5,3,3,0,3,5,1,0,5,2,0,0,5,0,0,0,3,10,2,1,3,0,0,1,2,15,3,2,7
lcl|CP017623.1_cds_AOW26411.1_707 [locus_tag=CAALFM_C107640CA] [db_xref=CGD:CAL0000195277] [protein=hypothetical protein] [protein_id=AOW26411.1] [location=complement(1651145..1653661)] [gbkey=CDS],52,10,9,107,16,8,4,38,7,3,4,17,20,11,5,57,24,0,0,20,15,2,0,18,2,0,0,3,4,0,2,6,56,7,3,53,5,0,1,15,8,3,2,19,8,3,0,10,0,2,0,22,40,4,3,14,0,0,5,6,46,8,6,24
lcl|CP017623.1_cds_AOW26412.1_708 [locus_tag=CAALFM_C107650WA] [db_xref=CGD:CAL0000183823] [protein=hypothetical protein] [protein_id=AOW26412.1] [location=1658863..1659375] [gbkey=CDS],6,1,6,5,0,4,3,9,1,0,3,8,1,4,3,7,5,1,1,4,7,1,0,3,1,1,1,1,0,2,1,4,2,3,3,6,8,0,0,6,0,1,2,0,0,5,0,4,0,3,0,1,7,5,3,2,0,0,1,0,6,3,3,1
lcl|CP017623.1_cds_AOW26413.1_709 [locus_tag=CAALFM_C107660WA] [db_xref=CGD:CAL0000198519] [protein=hypothetical protein] [protein_id=AOW26413.1] [location=1660186..1662414] [gbkey=CDS],57,15,4,64,12,9,0,25,7,4,1,15,24,13,10,64,35,1,2,7,7,2,0,12,3,0,1,1,0,1,2,5,28,1,1,37,7,1,0,5,6,0,1,8,9,1,2,16,0,1,0,28,31,3,1,13,0,0,10,3,71,7,14,33
lcl|CP017623.1_cds_AOW26414.1_710 [gene=ZCF4] [locus_tag=CAALFM_C107670WA] [db_xref=CGD:CAL0000189382] [protein=Zcf4p] [protein_id=AOW26414.1] [location=1666415..1667008] [gbkey=CDS],16,4,5,17,5,11,2,8,4,0,1,4,9,0,3,6,8,0,0,2,5,2,1,1,2,0,1,0,4,0,3,1,8,2,2,11,0,1,0,1,0,0,1,3,1,0,2,3,0,1,0,4,8,1,0,6,0,0,1,7,6,0,2,0
lcl|CP017623.1_cds_AOW26415.1_711 [gene=HAP2] [locus_tag=CAALFM_C107680WA] [db_xref=CGD:CAL0000184546] [protein=Hap2p] [protein_id=AOW26415.1] [location=1668121..1669215] [gbkey=CDS],12,9,5,56,9,2,0,10,6,1,0,7,4,4,4,11,32,3,4,15,8,0,0,2,4,0,0,2,3,0,0,1,33,2,7,16,4,1,0,8,9,2,1,16,3,0,2,8,0,0,0,10,9,2,1,5,0,0,0,0,4,0,2,4
lcl|CP017623.1_cds_AOW26416.1_712 [locus_tag=CAALFM_C107690CA] [db_xref=CGD:CAL0000195471] [protein=importin-alpha export receptor] [protein_id=AOW26416.1] [location=complement(1669743..1672880)] [gbkey=CDS],59,13,3,95,28,10,5,36,10,1,0,16,15,9,10,90,53,0,0,14,25,0,3,11,8,0,0,3,0,0,6,6,56,0,0,55,9,6,2,13,12,1,2,18,9,3,9,22,0,0,0,36,42,2,1,14,0,0,6,4,118,13,19,43
lcl|CP017623.1_cds_AOW26417.1_713 [gene=VRG4] [locus_tag=CAALFM_C107700CA] [db_xref=CGD:CAL0000182900] [protein=GDP-mannose transporter] [protein_id=AOW26417.1] [location=complement(1674155..1675270)] [gbkey=CDS],19,0,1,18,1,5,1,18,8,0,0,5,4,3,10,26,15,1,0,2,3,1,0,3,0,0,0,0,0,0,1,1,5,0,0,9,7,3,0,20,6,1,0,11,0,7,0,18,0,2,0,19,15,4,3,19,0,0,6,6,31,5,8,19
lcl|CP017623.1_cds_AOW26418.1_714 [gene=ADE4] [locus_tag=CAALFM_C107710CA] [db_xref=CGD:CAL0000174536] [protein=amidophosphoribosyltransferase] [protein_id=AOW26418.1] [location=complement(1677049..1678674)] [gbkey=CDS],28,1,1,36,2,1,2,12,20,0,0,12,5,1,13,35,21,0,0,9,6,0,1,9,4,0,0,6,0,0,1,1,34,1,1,35,9,5,1,26,20,0,8,17,8,0,1,32,0,1,0,18,15,2,1,5,0,0,0,10,32,3,4,24
lcl|CP017623.1_cds_AOW26419.1_715 [locus_tag=CAALFM_C107780WA] [db_xref=CGD:CAL0000177087] [protein=hypothetical protein] [protein_id=AOW26419.1] [location=1696626..1699202] [gbkey=CDS],66,23,18,38,17,16,3,20,9,6,2,18,24,7,7,41,24,7,10,14,12,1,1,3,4,1,0,1,4,6,7,11,61,22,20,37,12,5,1,12,11,2,3,3,9,9,3,22,0,9,0,20,20,12,6,15,0,0,6,3,31,12,39,31
lcl|CP017623.1_cds_AOW26420.1_716 [locus_tag=CAALFM_C107790CA] [db_xref=CGD:CAL0000195062] [protein=hypothetical protein] [protein_id=AOW26420.1] [location=complement(1699242..1700171)] [gbkey=CDS],29,11,13,21,7,4,0,10,10,2,1,5,3,7,4,11,1,1,3,1,1,0,0,4,1,0,0,2,3,0,0,4,25,6,3,20,3,1,0,7,4,1,2,5,3,2,1,4,0,3,0,3,13,4,1,4,0,1,1,2,12,2,11,5
lcl|CP017623.1_cds_AOW26421.1_717 [gene=MTO1] [locus_tag=CAALFM_C107800WA] [db_xref=CGD:CAL0000190865] [protein=tRNA modification protein] [protein_id=AOW26421.1] [location=1700387..1702474] [gbkey=CDS],49,4,5,28,12,7,3,18,17,1,7,10,21,7,17,24,24,1,6,11,19,5,0,13,3,0,1,4,5,1,3,7,38,5,8,31,11,3,1,18,26,2,8,20,11,4,9,15,0,9,0,14,15,1,4,16,0,1,3,9,30,6,24,19
lcl|CP017623.1_cds_AOW26422.1_718 [locus_tag=CAALFM_C107810CA] [db_xref=CGD:CAL0000201274] [protein=hypothetical protein] [protein_id=AOW26422.1] [location=complement(1702555..1704825)] [gbkey=CDS],31,19,18,34,23,3,3,26,16,4,6,18,19,6,7,27,41,6,14,10,21,7,6,8,8,0,0,4,6,1,10,4,53,14,14,51,12,1,2,6,7,3,3,11,11,3,7,11,0,0,0,9,28,9,4,26,0,0,2,1,17,4,24,16
lcl|CP017623.1_cds_AOW26423.1_719 [locus_tag=CAALFM_C107820WA] [db_xref=CGD:CAL0000180534] [protein=hypothetical protein] [protein_id=AOW26423.1] [location=1705110..1706270] [gbkey=CDS],24,3,5,21,7,5,2,20,8,0,1,5,6,6,8,15,17,1,2,12,8,1,0,8,0,1,0,1,0,0,5,4,10,3,3,7,14,4,1,5,6,0,7,13,8,3,5,6,0,4,0,12,11,1,1,4,0,0,7,3,18,4,14,15
lcl|CP017623.1_cds_AOW26424.1_720 [locus_tag=CAALFM_C107830CA] [db_xref=CGD:CAL0000174681] [protein=hypothetical protein] [protein_id=AOW26424.1] [location=complement(1706353..1707135)] [gbkey=CDS],25,2,4,20,9,2,2,2,3,1,1,8,12,3,5,12,15,1,1,6,2,3,1,3,1,0,1,1,3,0,1,2,5,1,2,8,3,1,0,3,7,1,2,4,3,1,4,6,0,2,0,4,6,3,0,6,0,0,5,4,11,3,6,6
lcl|CP017623.1_cds_AOW26425.1_721 [locus_tag=CAALFM_C107840WA] [db_xref=CGD:CAL0000188735] [protein=nicotinate-nucleotide diphosphorylase (carboxylating)] [protein_id=AOW26425.1] [location=1707470..1708372] [gbkey=CDS],22,1,4,12,5,1,0,14,3,0,0,8,5,3,5,11,11,0,0,5,5,1,0,0,1,0,0,2,0,0,0,2,17,2,1,13,7,6,0,9,9,0,3,14,3,1,2,17,0,0,0,9,11,0,0,11,0,0,2,5,17,3,7,9
lcl|CP017623.1_cds_AOW26426.1_722 [locus_tag=CAALFM_C107850CA] [db_xref=CGD:CAL0000181158] [protein=anaphase promoting complex subunit] [protein_id=AOW26426.1] [location=complement(1708433..1709872)] [gbkey=CDS],15,6,1,50,6,1,0,10,8,3,1,22,11,5,5,20,23,4,3,18,4,1,1,3,5,0,0,3,3,1,4,4,35,3,4,32,5,2,0,9,10,4,4,10,3,2,4,6,0,1,0,11,20,5,2,12,0,0,6,3,21,4,9,10
lcl|CP017623.1_cds_AOW26427.1_723 [locus_tag=CAALFM_C107860WA] [db_xref=CGD:CAL0000179214] [protein=hypothetical protein] [protein_id=AOW26427.1] [location=1710121..1711374] [gbkey=CDS],37,6,6,28,6,7,0,10,6,0,0,9,13,2,8,17,13,0,3,12,23,1,2,5,1,1,1,3,1,0,8,8,24,3,2,22,3,2,1,4,3,1,4,8,1,1,1,8,0,1,0,23,15,3,2,6,0,0,6,5,15,2,4,9
lcl|CP017623.1_cds_AOW26428.1_724 [gene=SMI1] [locus_tag=CAALFM_C107870CA] [db_xref=CGD:CAL0000199204] [protein=Smi1p] [protein_id=AOW26428.1] [location=complement(1711666..1713528)] [gbkey=CDS],38,7,10,38,8,8,0,21,13,1,1,14,9,4,7,15,35,1,0,5,18,2,1,11,1,0,0,4,0,0,1,3,61,8,3,35,8,6,0,18,8,5,6,21,6,4,8,12,0,0,0,16,30,3,2,15,0,0,5,0,29,3,14,17
lcl|CP017623.1_cds_AOW26429.1_725 [gene=GCS1] [locus_tag=CAALFM_C107880CA] [db_xref=CGD:CAL0000193135] [protein=glutamate--cysteine ligase] [protein_id=AOW26429.1] [location=complement(1714644..1716962)] [gbkey=CDS],45,8,9,52,13,7,6,22,18,0,3,13,18,5,13,39,36,1,0,15,22,2,1,12,3,0,0,6,0,1,1,4,36,6,2,58,14,5,3,9,15,2,6,20,7,1,4,15,0,0,0,30,18,2,1,9,0,1,10,4,50,6,17,31
"lcl|CP017623.1_cds_AOW26430.1_726 [gene=ADE5,7] [locus_tag=CAALFM_C107890CA] [db_xref=CGD:CAL0000199243] [protein=bifunctional aminoimidazole ribotide synthase/glycinamide ribotide synthase] [protein_id=AOW26430.1] [location=complement(1718492..1720900)] [gbkey=CDS]",54,8,3,36,2,10,0,31,13,0,0,9,6,11,15,49,29,3,1,11,27,1,0,8,0,0,0,4,0,0,0,1,46,6,2,44,5,17,0,43,19,0,6,60,12,8,4,43,0,4,0,18,11,8,0,15,0,0,4,4,43,11,20,16
lcl|CP017623.1_cds_AOW26431.1_727 [gene=COI1] [locus_tag=CAALFM_C107900WA] [db_xref=CGD:CAL0000196800] [protein=Coi1p] [protein_id=AOW26431.1] [location=1722824..1723399] [gbkey=CDS],20,5,2,4,0,1,0,13,2,0,0,3,0,1,3,8,6,0,0,7,3,0,0,0,0,0,0,0,0,0,0,2,13,0,0,14,0,1,0,14,1,0,0,7,0,3,0,10,0,1,0,6,5,2,0,4,0,0,0,7,11,2,4,5
lcl|CP017623.1_cds_AOW26432.1_728 [gene=MRPL3] [locus_tag=CAALFM_C107910CA] [db_xref=CGD:CAL0000175974] [protein=mitochondrial 54S ribosomal protein YmL3] [protein_id=AOW26432.1] [location=complement(1723764..1724978)] [gbkey=CDS],28,3,1,18,8,5,0,11,13,0,0,9,9,3,5,20,15,0,0,10,9,0,2,5,2,0,0,2,0,0,2,4,22,0,1,20,5,1,2,12,9,0,3,15,2,0,1,12,0,0,0,17,20,4,2,10,0,0,1,4,33,3,7,13
lcl|CP017623.1_cds_AOW26433.1_729 [locus_tag=CAALFM_C107920WA] [db_xref=CGD:CAL0000191354] [protein=hypothetical protein] [protein_id=AOW26433.1] [location=1725659..1725850] [gbkey=CDS],6,0,1,4,0,0,0,0,3,0,0,5,1,0,1,3,0,0,0,2,3,0,0,0,0,0,0,0,0,0,0,0,2,1,0,2,4,1,0,4,0,0,0,2,0,0,0,6,0,0,0,2,2,0,0,0,0,0,3,0,3,0,0,1
lcl|CP017623.1_cds_AOW26434.1_730 [gene=ERD1] [locus_tag=CAALFM_C107930CA] [db_xref=CGD:CAL0000182859] [protein=Erd1p] [protein_id=AOW26434.1] [location=complement(1726172..1727575)] [gbkey=CDS],24,11,2,27,7,4,2,14,9,0,1,6,14,4,5,40,13,0,0,14,7,0,0,6,4,0,0,2,2,0,3,5,19,1,2,18,4,0,0,7,6,0,4,7,5,0,2,8,0,0,0,25,16,0,1,10,0,0,15,3,47,9,12,19
lcl|CP017623.1_cds_AOW26435.1_731 [locus_tag=CAALFM_C107950CA] [db_xref=CGD:CAL0000175073] [protein=hypothetical protein] [protein_id=AOW26435.1] [location=complement(1729610..1730410)] [gbkey=CDS],29,0,12,19,3,0,0,7,3,0,0,1,5,2,0,8,20,0,1,6,3,0,0,2,3,0,1,6,0,0,0,2,32,3,1,18,2,2,0,9,7,1,1,3,4,0,2,6,0,0,0,5,7,0,0,3,0,0,1,1,14,3,2,5
lcl|CP017623.1_cds_AOW26436.1_732 [locus_tag=CAALFM_C107960WA] [db_xref=CGD:CAL0000186441] [protein=hypothetical protein] [protein_id=AOW26436.1] [location=1730691..1731389] [gbkey=CDS],30,6,8,18,5,4,0,6,3,0,0,6,10,2,4,5,9,0,0,3,3,1,0,0,1,0,0,0,2,0,5,1,13,1,4,12,3,0,0,2,2,1,1,4,1,1,0,3,0,0,0,5,14,2,1,9,0,0,0,0,12,2,4,2
lcl|CP017623.1_cds_AOW26437.1_733 [gene=IRE1] [locus_tag=CAALFM_C107970CA] [db_xref=CGD:CAL0000181249] [protein=bifunctional endoribonuclease/protein kinase] [protein_id=AOW26437.1] [location=complement(1731592..1735263)] [gbkey=CDS],70,16,21,86,23,12,6,31,20,4,1,26,29,18,18,50,46,2,8,29,23,6,5,26,11,0,5,9,7,3,7,9,64,19,16,70,12,4,4,17,12,7,8,28,5,4,13,33,0,5,0,37,39,4,15,17,0,1,11,9,72,15,25,29
lcl|CP017623.1_cds_AOW26438.1_734 [locus_tag=CAALFM_C107980CA] [db_xref=CGD:CAL0000183398] [protein=hypothetical protein] [protein_id=AOW26438.1] [location=complement(1737039..1737770)] [gbkey=CDS],16,12,2,19,16,4,1,13,1,0,1,2,4,6,3,7,12,4,3,1,9,0,0,5,2,0,0,2,6,0,0,2,15,5,0,9,3,1,1,0,0,1,1,0,2,2,2,0,0,3,0,4,12,2,2,7,0,0,0,1,9,2,5,0
lcl|CP017623.1_cds_AOW26439.1_735 [locus_tag=CAALFM_C107990CA] [db_xref=CGD:CAL0000188260] [protein=hypothetical protein] [protein_id=AOW26439.1] [location=complement(1741763..1743058)] [gbkey=CDS],13,6,4,35,13,7,1,18,12,3,3,19,13,2,6,19,18,1,3,0,13,4,0,11,4,0,0,4,9,0,2,1,7,1,1,10,5,3,0,8,4,3,0,12,4,3,3,12,0,2,0,15,25,7,5,16,0,0,2,2,12,4,7,13
lcl|CP017623.1_cds_AOW26440.1_736 [gene=NRP1] [locus_tag=CAALFM_C108000WA] [db_xref=CGD:CAL0000187528] [protein=Nrp1p] [protein_id=AOW26440.1] [location=1747219..1749510] [gbkey=CDS],23,42,10,73,22,5,4,18,16,9,2,12,5,7,8,24,32,14,14,18,16,4,1,15,0,1,0,6,1,3,3,8,18,9,9,19,13,13,4,15,9,7,9,16,4,10,7,13,0,10,0,14,22,11,7,17,0,3,7,9,21,7,21,22
lcl|CP017623.1_cds_AOW26441.1_737 [gene=DPM1] [locus_tag=CAALFM_C108010WA] [db_xref=CGD:CAL0000190463] [protein=dolichyl-phosphate beta-D-mannosyltransferase] [protein_id=AOW26441.1] [location=1750206..1750925] [gbkey=CDS],12,5,5,3,4,3,0,8,11,0,0,5,4,4,5,11,9,1,0,4,7,0,0,2,0,0,0,0,0,0,0,0,10,4,0,12,2,7,0,4,6,0,1,14,3,4,2,12,0,3,0,7,6,0,0,1,0,0,3,0,9,6,11,8
lcl|CP017623.1_cds_AOW26442.1_738 [gene=UBA2] [locus_tag=CAALFM_C108020WA] [db_xref=CGD:CAL0000174476] [protein=E1 ubiquitin-activating protein] [protein_id=AOW26442.1] [location=1751228..1753102] [gbkey=CDS],34,10,17,26,9,7,0,14,12,2,2,13,9,9,9,36,12,2,10,5,12,4,2,6,3,0,1,4,5,4,4,9,31,13,20,37,8,13,0,10,13,5,7,3,6,5,7,8,0,4,0,15,15,5,2,10,0,4,5,3,22,5,29,26
lcl|CP017623.1_cds_AOW26443.1_739 [gene=PFY1] [locus_tag=CAALFM_C108030WA] [db_xref=CGD:CAL0000200755] [protein=profilin] [protein_id=AOW26443.1] [location=1753563..1753943] [gbkey=CDS],6,2,1,1,0,2,0,5,4,1,0,2,0,3,0,5,9,2,0,1,3,0,0,0,0,0,0,0,0,0,0,1,7,3,1,4,2,8,0,4,1,1,0,10,0,2,0,5,0,3,0,4,3,0,1,1,0,0,2,1,7,2,4,1
lcl|CP017623.1_cds_AOW26444.1_740 [locus_tag=CAALFM_C108040WA] [db_xref=CGD:CAL0000177198] [protein=hypothetical protein] [protein_id=AOW26444.1] [location=1754691..1754915] [gbkey=CDS],4,1,1,4,1,1,0,0,2,3,1,1,1,2,0,0,4,1,1,0,3,1,0,3,0,0,0,0,2,0,0,1,1,0,1,1,3,0,0,1,1,0,0,1,0,0,1,2,0,1,0,1,4,2,2,3,0,0,1,0,3,2,2,2
lcl|CP017623.1_cds_AOW26445.1_741 [locus_tag=CAALFM_C108050WA] [db_xref=CGD:CAL0000176640] [protein=hypothetical protein] [protein_id=AOW26445.1] [location=1755407..1755907] [gbkey=CDS],9,6,5,5,1,3,0,3,9,1,0,0,5,3,0,1,10,2,0,5,6,1,0,2,0,0,0,2,0,0,0,4,9,3,2,3,2,2,0,5,7,1,1,4,2,0,0,4,0,5,0,1,7,1,1,3,0,0,0,0,4,2,5,8
lcl|CP017623.1_cds_AOW26446.1_742 [gene=OFR1] [locus_tag=CAALFM_C108060WA] [db_xref=CGD:CAL0000174295] [protein=Ofr1p] [protein_id=AOW26446.1] [location=1756486..1756893] [gbkey=CDS],4,6,7,6,2,0,0,1,5,0,1,3,1,2,2,9,2,0,1,2,6,1,0,0,1,0,0,2,0,0,0,2,4,4,3,4,3,0,0,6,2,0,1,2,3,1,1,6,0,5,0,1,3,3,1,2,0,0,1,0,5,2,2,3
lcl|CP017623.1_cds_AOW26447.1_743 [gene=CDR4] [locus_tag=CAALFM_C108070WA] [db_xref=CGD:CAL0000201396] [protein=Cdr4p] [protein_id=AOW26447.1] [location=1757979..1762451] [gbkey=CDS],40,28,36,37,39,11,9,31,47,8,7,17,23,14,32,56,47,13,24,15,31,8,4,20,7,1,2,10,4,2,4,23,53,19,30,47,37,19,12,42,18,15,14,43,15,15,26,38,0,30,0,49,26,13,15,19,0,7,19,17,38,29,68,66
lcl|CP017623.1_cds_AOW26448.1_744 [locus_tag=CAALFM_C108080CA] [db_xref=CGD:CAL0000199894] [protein=hypothetical protein] [protein_id=AOW26448.1] [location=complement(1762963..1763349)] [gbkey=CDS],7,1,2,5,0,1,0,2,11,1,0,2,2,2,2,2,3,0,0,1,3,1,0,4,0,0,0,3,1,0,0,2,10,1,4,5,2,1,0,4,5,0,1,2,0,0,1,3,0,5,0,3,0,1,0,2,0,0,3,0,3,6,3,4
lcl|CP017623.1_cds_AOW26449.1_745 [gene=FUN12] [locus_tag=CAALFM_C108090CA] [db_xref=CGD:CAL0000190309] [protein=translation initiation factor eIF5B] [protein_id=AOW26449.1] [location=complement(1763704..1766757)] [gbkey=CDS],66,19,59,13,12,13,0,17,19,1,1,5,4,14,18,27,47,4,5,4,24,0,1,17,1,0,0,23,1,0,1,6,94,19,19,49,28,20,5,53,9,4,11,29,6,14,9,40,0,10,0,6,10,7,3,29,0,0,7,7,26,8,59,13
lcl|CP017623.1_cds_AOW26450.1_746 [gene=DRG1] [locus_tag=CAALFM_C108100WA] [db_xref=CGD:CAL0000193469] [protein=GTP-binding protein] [protein_id=AOW26450.1] [location=1767333..1768439] [gbkey=CDS],16,10,20,8,9,7,2,5,12,0,1,4,3,10,6,19,9,1,0,7,7,1,1,5,0,0,0,1,3,0,0,1,15,9,7,14,8,10,1,8,8,1,1,19,3,3,12,10,0,3,0,4,3,2,4,6,0,0,2,3,13,6,19,5
lcl|CP017623.1_cds_AOW26451.1_747 [locus_tag=CAALFM_C108110WA] [db_xref=CGD:CAL0000200179] [protein=hypothetical protein] [protein_id=AOW26451.1] [location=1768990..1772265] [gbkey=CDS],33,18,21,37,20,8,2,25,27,2,0,11,13,9,24,44,33,5,10,9,20,5,5,19,1,0,0,8,1,6,3,13,67,29,23,39,39,20,4,49,15,4,3,14,15,11,10,41,0,10,0,14,28,6,5,29,0,4,11,16,43,8,70,31
lcl|CP017623.1_cds_AOW26452.1_748 [gene=BUD6] [locus_tag=CAALFM_C108120WA] [db_xref=CGD:CAL0000191626] [protein=Bud6p] [protein_id=AOW26452.1] [location=1772645..1774756] [gbkey=CDS],39,14,22,29,14,9,2,11,14,8,6,12,13,7,9,28,25,3,20,6,14,2,2,5,7,2,4,6,5,5,3,12,36,14,26,33,25,4,1,11,5,2,10,10,7,6,10,16,0,4,0,7,16,9,5,17,0,1,3,3,15,6,31,11
lcl|CP017623.1_cds_AOW26453.1_749 [gene=TERT] [locus_tag=CAALFM_C108130CA] [db_xref=CGD:CAL0000184329] [protein=Tertp] [protein_id=AOW26453.1] [location=complement(1774766..1777369)] [gbkey=CDS],55,11,30,35,20,10,6,9,16,10,10,18,25,8,11,25,19,6,9,9,7,3,0,10,10,3,1,3,20,10,7,14,28,14,19,28,6,0,3,12,9,4,10,10,14,8,20,24,0,14,0,26,13,16,9,11,0,2,11,10,26,16,36,37
lcl|CP017623.1_cds_AOW26454.1_750 [locus_tag=CAALFM_C108140WA] [db_xref=CGD:CAL0000187006] [protein=hypothetical protein] [protein_id=AOW26454.1] [location=1777560..1778540] [gbkey=CDS],13,10,5,10,6,1,1,5,6,1,3,8,13,2,8,12,6,4,7,6,6,1,3,5,6,0,1,0,4,2,2,9,17,5,10,17,3,1,1,6,6,0,3,6,8,4,2,4,0,4,0,5,3,3,3,7,0,0,7,10,6,4,10,4
lcl|CP017623.1_cds_AOW26455.1_751 [locus_tag=CAALFM_C108150CA] [db_xref=CGD:CAL0000178698] [protein=hypothetical protein] [protein_id=AOW26455.1] [location=complement(1778537..1779175)] [gbkey=CDS],16,6,5,6,5,3,0,5,2,1,1,0,9,6,4,14,9,1,4,1,1,0,0,6,1,1,0,0,6,1,3,5,12,3,9,8,2,0,0,2,1,0,0,1,0,1,2,2,0,2,0,4,8,4,1,7,0,0,0,1,7,2,6,4
lcl|CP017623.1_cds_AOW26456.1_752 [locus_tag=CAALFM_C108160WA] [db_xref=CGD:CAL0000186865] [protein=hypothetical protein] [protein_id=AOW26456.1] [location=1779285..1780343] [gbkey=CDS],11,9,6,21,6,1,1,8,17,2,4,7,9,4,7,15,16,2,2,4,8,3,1,3,2,0,0,1,2,0,0,5,27,5,7,16,10,3,2,6,5,1,1,4,5,1,4,9,0,4,0,4,3,4,2,6,0,1,4,0,15,4,12,9
lcl|CP017623.1_cds_AOW26457.1_753 [gene=BUL1] [locus_tag=CAALFM_C108170CA] [db_xref=CGD:CAL0000184571] [protein=Bul1p] [protein_id=AOW26457.1] [location=complement(1780648..1782873)] [gbkey=CDS],41,22,24,36,12,12,5,16,18,6,3,7,16,4,15,38,15,5,3,9,18,4,2,14,1,0,1,6,4,1,1,8,36,6,14,38,7,4,3,7,9,2,7,12,7,8,8,19,0,7,0,17,22,9,4,20,0,5,7,5,14,15,37,24
lcl|CP017623.1_cds_AOW26458.1_754 [locus_tag=CAALFM_C108180CA] [db_xref=CGD:CAL0000176916] [protein=oxysterol-binding protein related protein] [protein_id=AOW26458.1] [location=complement(1785337..1789293)] [gbkey=CDS],63,34,38,53,22,21,5,34,38,5,9,14,11,19,18,31,43,8,7,18,31,6,6,17,4,2,1,11,1,3,8,14,83,29,33,69,28,15,4,41,21,6,9,35,22,4,17,35,0,11,0,27,31,8,10,18,0,1,17,7,41,7,65,28
lcl|CP017623.1_cds_AOW26459.1_755 [gene=CAT8] [locus_tag=CAALFM_C108190CA] [db_xref=CGD:CAL0000192438] [protein=DNA-binding transcription factor] [protein_id=AOW26459.1] [location=complement(1790347..1793517)] [gbkey=CDS],44,37,25,50,24,10,2,16,23,5,6,21,31,14,23,30,35,5,23,15,21,3,2,7,6,1,1,6,9,8,8,13,44,16,25,40,18,10,6,24,19,4,12,12,11,5,14,16,0,15,0,19,25,7,16,20,0,6,5,16,49,11,44,22
lcl|CP017623.1_cds_AOW26460.1_756 [gene=NTG1] [locus_tag=CAALFM_C108200WA] [db_xref=CGD:CAL0000179989] [protein=bifunctional N-glycosylase/AP lyase] [protein_id=AOW26460.1] [location=1794134..1795096] [gbkey=CDS],19,8,11,10,8,4,1,2,7,0,2,4,9,4,9,11,9,2,1,5,12,2,1,2,3,1,1,1,5,2,0,6,18,3,5,11,4,5,2,5,6,3,2,9,5,1,6,8,0,2,0,4,2,0,4,9,0,3,7,5,7,2,13,6
lcl|CP017623.1_cds_AOW26461.1_757 [gene=MLT1] [locus_tag=CAALFM_C108210CA] [db_xref=CGD:CAL0000178329] [protein=Mlt1p] [protein_id=AOW26461.1] [location=complement(1795204..1800024)] [gbkey=CDS],69,24,39,47,32,19,5,45,42,9,2,29,16,36,22,90,37,7,13,21,34,2,3,22,2,1,0,8,4,8,2,27,76,29,25,52,46,18,4,42,21,3,12,47,13,21,18,58,0,25,0,39,40,10,6,29,0,2,19,13,55,30,73,62
lcl|CP017623.1_cds_AOW26462.1_758 [gene=CCR4] [locus_tag=CAALFM_C108220WA] [db_xref=CGD:CAL0000194050] [protein=CCR4-NOT core exoribonuclease subunit] [protein_id=AOW26462.1] [location=1801629..1803992] [gbkey=CDS],30,13,26,43,12,9,2,17,14,6,3,11,8,9,13,17,62,2,35,19,17,3,3,10,0,1,0,2,2,5,4,8,32,10,10,27,18,6,0,10,10,6,6,15,6,4,10,16,0,11,0,21,17,6,7,20,0,2,8,7,17,15,39,24
lcl|CP017623.1_cds_AOW26463.1_759 [gene=PLB5] [locus_tag=CAALFM_C108230CA] [db_xref=CGD:CAL0000190956] [protein=Plb5p] [protein_id=AOW26463.1] [location=complement(1804089..1806353)] [gbkey=CDS],25,16,10,37,22,11,6,16,7,2,1,22,16,9,7,21,21,3,11,3,14,2,0,8,3,1,1,4,3,1,3,9,18,24,10,30,16,7,2,13,25,8,14,23,10,1,5,15,0,11,0,15,35,13,10,29,0,1,12,8,20,11,23,29
lcl|CP017623.1_cds_AOW26464.1_760 [locus_tag=CAALFM_C108240CA] [db_xref=CGD:CAL0000180276] [protein=hypothetical protein] [protein_id=AOW26464.1] [location=complement(1806847..1807839)] [gbkey=CDS],17,5,9,12,11,5,4,7,9,3,3,2,8,2,4,9,9,2,7,11,6,2,0,3,1,1,1,1,7,1,1,1,20,7,8,13,3,4,1,3,5,4,5,7,2,3,3,8,0,0,0,7,4,3,3,7,0,2,7,2,11,4,7,12
"lcl|CP017623.1_cds_AOW26465.1_761 [gene=LTP1] [locus_tag=CAALFM_C108260CA] [db_xref=CGD:CAL0000199576] [protein=tyrosine protein phosphatase] [protein_id=AOW26465.1] [location=complement(join(1808933..1809374,1809537..1809601))] [gbkey=CDS]",12,1,3,5,4,1,0,2,3,1,0,3,5,2,2,5,7,2,0,6,3,0,0,5,1,0,0,1,1,0,0,0,8,3,2,11,2,1,0,3,6,1,0,4,1,2,4,3,0,1,0,5,6,2,0,3,0,2,2,2,2,2,3,11
lcl|CP017623.1_cds_AOW26466.1_762 [gene=MED15] [locus_tag=CAALFM_C108270CA] [db_xref=CGD:CAL0000193033] [protein=Med15p] [protein_id=AOW26466.1] [location=complement(1810097..1813534)] [gbkey=CDS],34,27,21,77,22,11,8,21,25,9,3,17,15,12,34,28,153,8,71,8,38,4,7,39,5,1,3,8,5,4,12,13,24,6,7,30,19,15,3,25,12,9,5,27,11,8,13,20,0,4,0,17,20,7,10,28,0,0,5,0,15,7,41,13
lcl|CP017623.1_cds_AOW26467.1_763 [gene=DIP2] [locus_tag=CAALFM_C108290CA] [db_xref=CGD:CAL0000188650] [protein=snoRNA-binding rRNA-processing protein] [protein_id=AOW26467.1] [location=complement(1816300..1819245)] [gbkey=CDS],59,13,20,37,21,17,5,21,16,7,5,17,22,14,21,47,36,5,8,17,16,1,2,6,3,0,0,4,4,1,2,7,45,20,18,53,12,8,0,23,17,7,9,21,9,5,12,25,0,5,0,15,31,5,10,25,0,2,17,11,47,12,41,21
lcl|CP017623.1_cds_AOW26468.1_764 [gene=NOT5] [locus_tag=CAALFM_C108300WA] [db_xref=CGD:CAL0000183176] [protein=CCR4-NOT core subunit] [protein_id=AOW26468.1] [location=1820165..1822153] [gbkey=CDS],27,21,25,39,11,7,2,11,14,8,5,15,11,3,7,19,27,3,13,8,18,2,2,7,6,1,1,4,5,0,7,3,38,12,21,36,16,4,2,14,4,7,7,7,4,2,9,13,0,6,0,15,21,10,6,14,0,2,4,1,14,2,23,15
lcl|CP017623.1_cds_AOW26469.1_765 [gene=OPY2] [locus_tag=CAALFM_C108310WA] [db_xref=CGD:CAL0000195807] [protein=Opy2p] [protein_id=AOW26469.1] [location=1823757..1825340] [gbkey=CDS],15,14,6,28,9,3,4,15,16,8,1,15,11,5,3,13,24,0,9,3,16,6,3,8,3,1,0,4,4,1,3,3,23,10,9,25,11,5,1,18,16,5,5,13,2,5,8,15,0,9,0,9,13,7,9,13,0,0,0,8,9,3,10,11
lcl|CP017623.1_cds_AOW26470.1_766 [gene=TKL1] [locus_tag=CAALFM_C108320WA] [db_xref=CGD:CAL0000174068] [protein=transketolase] [protein_id=AOW26470.1] [location=1826586..1828619] [gbkey=CDS],24,21,18,9,1,14,0,21,22,0,0,3,0,13,5,23,22,8,0,9,33,0,0,4,0,0,0,0,0,2,0,5,41,16,1,24,1,22,0,41,3,2,0,52,0,8,4,34,0,19,0,8,9,13,0,30,0,0,10,2,12,13,41,13
lcl|CP017623.1_cds_AOW26471.1_767 [gene=ADH2] [locus_tag=CAALFM_C108330CA] [db_xref=CGD:CAL0000200753] [protein=alcohol dehydrogenase] [protein_id=AOW26471.1] [location=complement(1829194..1830240)] [gbkey=CDS],22,8,8,4,1,9,0,9,7,0,0,1,0,10,2,8,9,4,0,1,14,0,0,0,0,0,0,0,0,0,0,1,22,7,0,10,2,11,0,25,0,2,0,39,0,16,0,21,0,9,0,4,2,5,0,7,0,0,5,7,12,5,15,3
lcl|CP017623.1_cds_AOW26472.1_768 [locus_tag=CAALFM_C108340CA] [db_xref=CGD:CAL0000191797] [protein=hypothetical protein] [protein_id=AOW26472.1] [location=complement(1831872..1832345)] [gbkey=CDS],11,5,3,7,0,2,2,3,5,0,1,4,5,5,0,7,4,1,3,1,8,1,2,0,4,0,0,0,0,1,2,1,9,1,4,4,1,1,0,0,3,2,2,0,2,0,2,3,0,3,0,2,2,1,2,1,0,0,1,1,4,4,6,7
lcl|CP017623.1_cds_AOW26473.1_769 [locus_tag=CAALFM_C108350CA] [db_xref=CGD:CAL0000196079] [protein=hypothetical protein] [protein_id=AOW26473.1] [location=complement(1832850..1833041)] [gbkey=CDS],2,2,1,0,0,2,0,2,2,1,0,0,1,0,3,3,2,0,0,1,4,0,0,1,0,0,0,2,0,0,0,0,0,0,0,2,0,3,0,2,2,0,0,3,0,2,1,2,0,2,0,2,1,0,0,1,0,1,2,0,1,2,1,3
lcl|CP017623.1_cds_AOW26474.1_770 [gene=OLE1] [locus_tag=CAALFM_C108360CA] [db_xref=CGD:CAL0000197289] [protein=stearoyl-CoA 9-desaturase] [protein_id=AOW26474.1] [location=complement(1834255..1835715)] [gbkey=CDS],21,15,16,8,6,7,0,15,17,0,1,2,1,7,11,20,18,10,0,9,12,1,0,3,0,0,0,3,1,0,0,8,22,9,2,14,6,20,0,23,6,1,3,24,4,6,6,15,0,9,0,8,6,5,0,7,0,1,17,2,10,13,20,14
lcl|CP017623.1_cds_AOW26475.1_771 [gene=SDS24] [locus_tag=CAALFM_C108370WA] [db_xref=CGD:CAL0000184899] [protein=Sds24p] [protein_id=AOW26475.1] [location=1839237..1841123] [gbkey=CDS],15,13,12,24,17,14,5,17,20,14,1,15,10,11,9,21,22,6,3,12,22,1,5,12,1,1,1,4,2,1,0,5,26,7,2,18,14,8,1,24,8,5,4,14,3,7,3,20,0,6,0,5,29,8,15,19,0,1,3,0,16,12,26,7
lcl|CP017623.1_cds_AOW26476.1_772 [gene=TEF2] [locus_tag=CAALFM_C108380WA] [db_xref=CGD:CAL0000196876] [protein=translation elongation factor EF-1 alpha] [protein_id=AOW26476.1] [location=1842502..1843878] [gbkey=CDS],30,12,21,5,0,16,0,17,16,0,0,0,0,13,8,19,9,9,0,2,23,0,0,0,0,0,0,0,0,0,0,0,30,13,0,12,0,5,0,28,0,0,0,43,0,16,1,29,0,9,0,0,0,9,0,10,0,0,6,8,3,14,18,1
lcl|CP017623.1_cds_AOW26477.1_773 [locus_tag=CAALFM_C108390CA] [db_xref=CGD:CAL0000189537] [protein=hypothetical protein] [protein_id=AOW26477.1] [location=complement(1844112..1845788)] [gbkey=CDS],6,21,7,39,18,5,8,12,7,5,2,15,7,8,11,15,17,4,7,10,11,6,3,5,4,0,1,2,5,0,5,4,17,4,4,25,19,2,2,9,7,3,5,14,5,6,13,8,0,4,0,14,29,7,14,14,0,1,9,8,14,7,14,9
lcl|CP017623.1_cds_AOW26478.1_774 [gene=GCV2] [locus_tag=CAALFM_C108400CA] [db_xref=CGD:CAL0000198461] [protein=glycine decarboxylase subunit P] [protein_id=AOW26478.1] [location=complement(1846393..1849392)] [gbkey=CDS],41,23,22,34,11,11,5,30,25,1,2,10,6,14,21,43,30,7,4,25,36,4,2,10,1,0,0,6,0,2,0,8,55,10,8,39,17,25,2,40,16,3,4,40,3,12,8,35,0,14,0,19,29,7,7,23,0,0,4,14,41,15,54,20
lcl|CP017623.1_cds_AOW26479.1_775 [gene=SAM4] [locus_tag=CAALFM_C108410CA] [db_xref=CGD:CAL0000183325] [protein=S-adenosylmethionine-homocysteine S-methyltransferase] [protein_id=AOW26479.1] [location=complement(1850368..1851303)] [gbkey=CDS],9,8,8,7,6,4,0,12,3,5,0,2,2,7,2,19,12,2,2,2,7,1,1,4,1,0,0,1,0,1,1,4,13,9,5,8,3,5,2,11,6,3,3,9,1,4,3,15,0,6,0,10,8,2,2,5,0,1,4,3,6,4,18,8
lcl|CP017623.1_cds_AOW26480.1_776 [gene=GCR3] [locus_tag=CAALFM_C108420WA] [db_xref=CGD:CAL0000190077] [protein=Gcr3p] [protein_id=AOW26480.1] [location=1851770..1854430] [gbkey=CDS],46,25,16,40,11,5,4,15,17,4,1,17,19,26,9,53,24,6,9,10,18,3,2,7,3,1,0,5,1,2,4,11,51,19,26,40,12,15,0,13,6,4,1,12,8,7,9,18,0,13,0,26,20,5,7,11,0,0,12,6,27,18,51,34
lcl|CP017623.1_cds_AOW26481.1_777 [gene=CAF16] [locus_tag=CAALFM_C108430WA] [db_xref=CGD:CAL0000179885] [protein=putative ATP-binding cassette family ATPase] [protein_id=AOW26481.1] [location=1854820..1855782] [gbkey=CDS],18,9,9,11,7,3,1,6,10,6,1,2,9,7,3,9,5,2,3,6,3,1,2,2,3,1,0,3,1,1,1,6,10,8,5,22,4,4,0,6,6,5,5,5,3,4,7,5,0,3,0,6,4,4,0,2,0,0,6,3,15,4,16,6
lcl|CP017623.1_cds_AOW26482.1_778 [locus_tag=CAALFM_C108440CA] [db_xref=CGD:CAL0000196805] [protein=hypothetical protein] [protein_id=AOW26482.1] [location=complement(1855865..1856236)] [gbkey=CDS],7,3,1,7,3,1,0,4,1,1,3,2,5,1,2,3,7,0,1,0,6,0,1,1,0,1,2,1,4,0,1,0,10,0,1,3,1,0,0,3,1,0,1,1,2,1,2,2,0,0,0,1,5,1,2,3,0,0,1,0,4,2,3,3
lcl|CP017623.1_cds_AOW26483.1_779 [gene=CDC42] [locus_tag=CAALFM_C108450CA] [db_xref=CGD:CAL0000192612] [protein=Rho family GTPase] [protein_id=AOW26483.1] [location=complement(1856784..1857359)] [gbkey=CDS],11,1,3,2,1,5,0,9,5,0,1,1,4,2,1,6,5,2,3,2,6,1,0,5,1,0,0,0,0,0,0,1,9,3,2,9,2,1,0,8,3,0,0,7,4,4,3,10,0,1,0,5,1,2,4,2,0,1,1,5,8,2,8,7
lcl|CP017623.1_cds_AOW26484.1_780 [gene=UPC2] [locus_tag=CAALFM_C108460CA] [db_xref=CGD:CAL0000191743] [protein=Upc2p] [protein_id=AOW26484.1] [location=complement(1858136..1860274)] [gbkey=CDS],25,10,18,42,18,9,3,20,11,2,1,19,16,4,25,13,15,3,7,11,19,6,3,20,2,3,2,3,4,3,2,14,17,17,8,25,19,18,1,15,10,4,10,15,4,5,11,9,0,6,0,7,16,8,14,23,0,4,4,7,22,7,37,15
lcl|CP017623.1_cds_AOW26485.1_781 [locus_tag=CAALFM_C108470WA] [db_xref=CGD:CAL0000197776] [protein=hypothetical protein] [protein_id=AOW26485.1] [location=1861221..1861655] [gbkey=CDS],8,2,6,2,3,1,0,1,4,0,2,2,5,0,2,2,8,2,2,0,4,0,1,2,2,0,1,1,0,0,0,0,12,1,6,4,5,2,1,1,3,1,0,2,2,0,2,3,0,1,0,3,3,0,0,4,0,0,6,1,5,2,5,5
"lcl|CP017623.1_cds_AOW26486.1_782 [gene=APS3] [locus_tag=CAALFM_C108480CA] [db_xref=CGD:CAL0000182525] [protein=Aps3p] [protein_id=AOW26486.1] [location=complement(join(1861721..1862226,1862295..1862316))] [gbkey=CDS]",4,4,2,5,1,3,1,3,3,0,1,3,5,5,2,6,8,2,2,1,1,1,1,1,2,0,0,1,2,2,2,2,4,4,5,9,2,2,0,2,1,2,3,2,5,2,7,3,0,1,0,3,2,3,2,4,0,0,2,4,3,3,12,6
lcl|CP017623.1_cds_AOW26487.1_783 [locus_tag=CAALFM_C108490WA] [db_xref=CGD:CAL0000197943] [protein=kynureninase] [protein_id=AOW26487.1] [location=1862511..1863896] [gbkey=CDS],25,11,15,17,5,1,1,11,9,2,0,3,11,9,6,11,12,0,3,10,9,2,3,10,3,0,0,1,4,0,2,5,23,7,12,14,9,7,1,14,9,1,6,9,4,2,5,16,0,12,0,8,7,6,3,9,0,0,7,5,19,7,18,19
lcl|CP017623.1_cds_AOW26488.1_784 [gene=ENO1] [locus_tag=CAALFM_C108500CA] [db_xref=CGD:CAL0000185645] [protein=phosphopyruvate hydratase] [protein_id=AOW26488.1] [location=complement(1864127..1865449)] [gbkey=CDS],23,12,14,6,0,6,0,13,12,0,0,0,2,12,4,17,14,6,0,1,16,0,0,1,0,0,0,0,0,0,0,0,25,17,0,15,0,20,0,32,0,2,0,37,0,10,0,19,0,12,0,1,4,12,0,16,0,0,5,0,7,12,31,3
lcl|CP017623.1_cds_AOW26489.1_785 [gene=EAF6] [locus_tag=CAALFM_C108510WA] [db_xref=CGD:CAL0000192577] [protein=Eaf6p] [protein_id=AOW26489.1] [location=1866411..1867046] [gbkey=CDS],17,3,12,8,6,3,5,4,6,2,0,14,6,3,1,2,3,1,2,1,3,2,1,1,1,1,0,0,4,1,1,2,6,3,10,15,4,1,1,2,2,3,2,6,2,2,1,3,0,1,0,5,7,1,1,8,0,0,0,0,0,2,3,3
lcl|CP017623.1_cds_AOW26490.1_786 [locus_tag=CAALFM_C108520CA] [db_xref=CGD:CAL0000197867] [protein=mitochondrial 54S ribosomal protein YmL28] [protein_id=AOW26490.1] [location=complement(1867125..1867568)] [gbkey=CDS],11,7,7,5,3,6,0,4,5,1,0,2,4,1,3,3,9,1,0,3,6,1,0,4,1,0,0,2,0,2,0,0,5,0,2,3,4,1,0,3,0,0,1,0,0,2,3,2,0,1,0,2,4,0,0,2,0,1,2,0,4,4,6,3
lcl|CP017623.1_cds_AOW26491.1_787 [locus_tag=CAALFM_C108530WA] [db_xref=CGD:CAL0000195070] [protein=hypothetical protein] [protein_id=AOW26491.1] [location=1867837..1868310] [gbkey=CDS],8,2,3,11,0,1,1,1,5,1,0,3,2,1,0,0,16,2,9,2,11,2,0,7,0,0,0,1,1,1,2,0,9,3,2,4,3,1,0,3,5,1,0,4,0,0,2,3,0,4,0,10,0,1,1,1,0,0,0,0,1,1,3,1
lcl|CP017623.1_cds_AOW26492.1_788 [locus_tag=CAALFM_C108540CA] [db_xref=CGD:CAL0000177447] [protein=serine/threonine protein kinase] [protein_id=AOW26492.1] [location=complement(1868417..1870555)] [gbkey=CDS],34,16,17,38,19,15,5,18,13,5,1,9,7,13,11,18,24,5,12,7,16,6,4,13,1,0,1,4,6,1,3,11,25,13,10,28,8,7,5,9,9,6,9,15,3,4,10,14,0,5,0,12,22,9,9,12,0,1,6,3,25,18,45,16
lcl|CP017623.1_cds_AOW26493.1_789 [gene=GCF1] [locus_tag=CAALFM_C108550CA] [db_xref=CGD:CAL0000184530] [protein=Gcf1p] [protein_id=AOW26493.1] [location=complement(1871363..1872100)] [gbkey=CDS],27,3,19,5,5,6,0,8,7,2,1,4,2,3,3,5,9,1,3,1,4,1,0,3,0,0,0,2,0,0,1,4,16,1,4,9,8,3,2,10,0,0,2,4,3,1,1,2,0,6,0,6,4,3,0,5,0,0,4,0,3,4,8,6
lcl|CP017623.1_cds_AOW26494.1_790 [gene=TCP1] [locus_tag=CAALFM_C108560WA] [db_xref=CGD:CAL0000181702] [protein=chaperonin-containing T-complex alpha subunit] [protein_id=AOW26494.1] [location=1872858..1874522] [gbkey=CDS],27,9,12,15,8,10,0,17,16,1,1,8,10,10,9,25,19,7,1,5,7,0,0,7,0,0,0,10,0,0,1,2,31,6,4,30,17,12,0,24,9,2,3,21,8,9,6,24,0,3,0,7,13,9,1,7,0,0,0,7,25,2,29,7
lcl|CP017623.1_cds_AOW26495.1_791 [gene=PCL2] [locus_tag=CAALFM_C108570CA] [db_xref=CGD:CAL0000186908] [protein=cyclin] [protein_id=AOW26495.1] [location=complement(1874780..1875544)] [gbkey=CDS],16,7,4,14,4,5,1,6,4,1,1,8,15,2,6,9,9,2,2,6,3,1,0,5,0,2,1,2,5,0,1,2,13,2,0,4,1,4,0,5,0,0,2,1,4,2,0,4,0,4,0,6,12,4,2,10,0,0,2,0,15,2,7,3
lcl|CP017623.1_cds_AOW26496.1_792 [gene=VCX1] [locus_tag=CAALFM_C108580CA] [db_xref=CGD:CAL0000184577] [protein=Vcx1p] [protein_id=AOW26496.1] [location=complement(1877922..1879172)] [gbkey=CDS],6,6,6,10,13,5,0,8,4,3,1,10,0,9,10,24,8,4,3,2,9,0,2,3,0,0,0,2,0,0,0,2,19,3,1,11,8,7,2,19,7,3,7,14,5,6,6,23,0,5,0,4,9,7,2,8,0,2,3,1,17,9,41,16
lcl|CP017623.1_cds_AOW26497.1_793 [gene=ERG1] [locus_tag=CAALFM_C108590CA] [db_xref=CGD:CAL0000179458] [protein=squalene monooxygenase] [protein_id=AOW26497.1] [location=complement(1880547..1882037)] [gbkey=CDS],18,9,16,14,10,4,0,11,20,0,1,9,4,9,9,23,8,3,1,8,18,2,1,10,0,0,0,4,0,0,1,4,15,4,6,26,15,6,0,15,7,4,10,14,6,1,7,22,0,5,0,15,6,4,1,5,0,0,3,7,22,10,26,16
lcl|CP017623.1_cds_AOW26498.1_794 [gene=GCD6] [locus_tag=CAALFM_C108600CA] [db_xref=CGD:CAL0000183518] [protein=translation initiation factor eIF2B catalytic subunit epsilon] [protein_id=AOW26498.1] [location=complement(1882757..1884955)] [gbkey=CDS],25,10,19,36,11,9,8,12,16,5,1,14,13,10,14,31,17,3,9,9,10,0,2,9,1,2,0,4,0,3,2,5,46,25,17,37,17,7,2,16,8,8,7,15,11,9,15,25,0,9,0,13,12,8,11,13,0,1,8,8,18,8,27,20
lcl|CP017623.1_cds_AOW26499.1_795 [locus_tag=CAALFM_C108610CA] [db_xref=CGD:CAL0000188012] [protein=hypothetical protein] [protein_id=AOW26499.1] [location=complement(1885503..1886144)] [gbkey=CDS],16,2,7,5,2,3,0,2,7,0,0,3,4,4,6,11,8,1,1,4,6,0,0,0,0,0,0,2,0,0,0,4,15,4,3,5,6,4,1,12,0,0,1,9,2,2,1,4,0,3,0,6,3,2,2,3,0,0,4,1,6,4,8,3
lcl|CP017623.1_cds_AOW26500.1_796 [gene=CTR2] [locus_tag=CAALFM_C108620WA] [db_xref=CGD:CAL0000189658] [protein=low-affinity Cu transporter] [protein_id=AOW26500.1] [location=1886878..1887366] [gbkey=CDS],7,1,2,7,5,0,1,2,1,3,2,2,3,1,8,3,1,4,1,2,0,0,0,1,1,0,0,0,0,1,0,2,6,2,2,3,4,0,0,4,5,2,1,5,2,2,2,6,0,2,0,4,5,6,0,2,0,1,9,3,8,6,4,4
lcl|CP017623.1_cds_AOW26501.1_797 [locus_tag=CAALFM_C108630WA] [db_xref=CGD:CAL0000189535] [protein=hypothetical protein] [protein_id=AOW26501.1] [location=1887736..1889073] [gbkey=CDS],21,12,13,19,15,7,1,8,17,3,3,10,11,4,8,11,20,4,4,7,7,2,1,4,0,2,0,3,5,1,7,8,24,4,9,21,2,1,1,6,7,2,4,4,7,4,5,3,0,8,0,11,14,2,4,8,0,1,4,3,15,6,10,16
lcl|CP017623.1_cds_AOW26502.1_798 [gene=RTG1] [locus_tag=CAALFM_C108640WA] [db_xref=CGD:CAL0000175785] [protein=Rtg1p] [protein_id=AOW26502.1] [location=1889477..1890301] [gbkey=CDS],16,10,8,18,7,5,3,2,6,3,1,9,4,7,1,8,10,1,4,0,6,2,1,0,2,0,2,1,3,1,2,2,11,6,10,14,4,1,1,1,12,3,2,4,4,1,3,5,0,0,0,9,8,3,0,7,0,0,0,1,7,4,5,2
"lcl|CP017623.1_cds_AOW26503.1_799 [gene=FAD1] [locus_tag=CAALFM_C108650CA] [db_xref=CGD:CAL0000193566] [protein=FMN adenylyltransferase] [protein_id=AOW26503.1] [location=complement(join(1890487..1891105,1891191..1891423))] [gbkey=CDS]",14,4,4,14,2,0,1,8,6,3,0,1,8,3,7,11,8,2,4,8,7,1,4,3,2,0,1,2,3,1,1,7,9,6,7,14,3,0,0,1,6,2,2,4,3,2,6,6,0,5,0,11,6,3,1,8,0,1,3,4,9,2,10,8
lcl|CP017623.1_cds_AOW26504.1_800 [locus_tag=CAALFM_C108660CA] [db_xref=CGD:CAL0000185007] [protein=hypothetical protein] [protein_id=AOW26504.1] [location=complement(1891687..1892457)] [gbkey=CDS],15,10,10,10,2,3,1,4,4,1,2,6,6,5,4,11,4,0,5,8,2,0,1,5,5,0,1,1,4,0,1,2,12,5,6,19,2,0,0,3,3,0,0,8,2,0,2,6,0,4,0,9,2,3,3,4,0,1,4,2,5,3,11,3
lcl|CP017623.1_cds_AOW26505.1_801 [gene=SWI6] [locus_tag=CAALFM_C108670WA] [db_xref=CGD:CAL0000183437] [protein=transcriptional regulator] [protein_id=AOW26505.1] [location=1892915..1895104] [gbkey=CDS],52,31,20,34,12,15,3,10,10,10,4,6,27,11,2,28,18,3,15,7,10,7,1,5,0,0,0,4,5,2,2,5,26,25,13,41,14,4,1,13,7,3,5,11,13,4,6,11,0,4,0,16,11,11,8,13,0,0,4,3,31,12,42,17
lcl|CP017623.1_cds_AOW26506.1_802 [locus_tag=CAALFM_C108680CA] [db_xref=CGD:CAL0000194595] [protein=frequenin] [protein_id=AOW26506.1] [location=complement(1895260..1895835)] [gbkey=CDS],16,2,6,3,1,2,2,3,4,1,1,2,4,1,3,4,7,0,4,1,2,1,3,1,2,0,0,1,3,0,2,1,9,5,3,12,2,1,1,4,3,3,2,3,2,0,3,4,0,3,0,9,4,1,0,1,0,0,2,2,4,2,11,11
lcl|CP017623.1_cds_AOW26507.1_803 [locus_tag=CAALFM_C108690WA] [db_xref=CGD:CAL0000186694] [protein=succinate dehydrogenase assembly factor] [protein_id=AOW26507.1] [location=1896172..1896639] [gbkey=CDS],12,3,8,3,1,4,0,3,7,0,0,3,1,6,4,6,4,0,1,0,4,0,0,4,1,0,0,1,2,1,1,0,11,2,2,9,1,1,1,4,1,0,0,2,0,1,0,4,0,3,0,5,3,2,1,2,0,0,3,0,6,0,7,3
lcl|CP017623.1_cds_AOW26508.1_804 [locus_tag=CAALFM_C108700WA] [db_xref=CGD:CAL0000179227] [protein=hypothetical protein] [protein_id=AOW26508.1] [location=1897121..1901266] [gbkey=CDS],96,21,53,59,32,8,10,31,27,23,12,41,15,14,7,42,32,11,8,23,32,3,7,20,12,2,7,14,12,4,7,11,101,17,35,81,35,7,2,31,28,5,7,29,18,11,10,24,0,8,0,27,45,15,11,24,0,4,4,5,24,14,32,30
"lcl|CP017623.1_cds_AOW26509.1_805 [locus_tag=CAALFM_C108710WA] [db_xref=CGD:CAL0000199763] [protein=hypothetical protein] [protein_id=AOW26509.1] [location=join(1901480..1901493,1901556..1902264)] [gbkey=CDS]",24,6,13,8,2,1,1,2,9,1,2,5,5,1,5,3,14,0,3,0,7,2,1,1,2,1,2,1,5,0,1,2,22,4,4,10,4,3,0,4,3,0,1,5,2,1,1,6,0,3,0,6,6,1,0,3,0,0,1,4,4,1,2,8
lcl|CP017623.1_cds_AOW26510.1_806 [locus_tag=CAALFM_C108730WA] [db_xref=CGD:CAL0000181817] [protein=Golgi transport complex subunit] [protein_id=AOW26510.1] [location=1902971..1904146] [gbkey=CDS],21,7,13,16,14,3,1,6,8,2,3,10,9,7,5,14,14,1,8,5,6,1,0,3,3,2,0,0,5,0,3,6,21,6,13,13,10,3,2,5,1,1,1,4,5,2,3,6,0,3,0,8,15,6,2,4,0,0,2,2,13,4,21,18
lcl|CP017623.1_cds_AOW26511.1_807 [gene=SEC24] [locus_tag=CAALFM_C108740CA] [db_xref=CGD:CAL0000196446] [protein=COPII subunit] [protein_id=AOW26511.1] [location=complement(1904314..1907100)] [gbkey=CDS],24,29,12,26,11,13,0,21,32,9,2,7,5,12,13,34,43,4,7,7,50,3,0,15,0,0,0,8,0,4,0,5,39,16,15,27,21,14,1,37,19,11,4,28,11,11,10,33,0,18,0,21,24,9,5,23,0,2,6,10,24,17,55,20
lcl|CP017623.1_cds_AOW26512.1_808 [gene=YMC2] [locus_tag=CAALFM_C108750WA] [db_xref=CGD:CAL0000178309] [protein=Ymc2p] [protein_id=AOW26512.1] [location=1907474..1908382] [gbkey=CDS],13,1,4,8,11,3,1,6,6,5,0,6,9,2,2,13,12,1,5,3,9,0,0,3,1,0,1,4,1,1,1,4,9,3,2,6,7,3,1,10,9,1,7,12,2,5,7,9,0,4,0,8,4,3,2,5,0,0,4,3,11,4,16,8
lcl|CP017623.1_cds_AOW26513.1_809 [locus_tag=CAALFM_C108760WA] [db_xref=CGD:CAL0000201126] [protein=hypothetical protein] [protein_id=AOW26513.1] [location=1908828..1909877] [gbkey=CDS],19,9,13,17,14,4,2,5,4,4,2,7,16,5,4,7,8,3,5,10,7,1,1,6,3,0,3,2,6,3,2,2,11,5,8,17,5,2,1,1,2,1,0,1,3,3,2,8,0,5,0,7,7,3,4,6,0,0,3,0,15,6,15,13
lcl|CP017623.1_cds_AOW26514.1_810 [locus_tag=CAALFM_C108770WA] [db_xref=CGD:CAL0000179983] [protein=hypothetical protein] [protein_id=AOW26514.1] [location=1910142..1911194] [gbkey=CDS],13,8,14,14,11,3,1,7,3,1,0,8,10,6,5,17,12,2,1,6,8,3,0,5,0,0,0,1,1,3,2,4,15,5,7,14,9,4,0,7,8,2,1,10,5,4,2,9,0,2,0,5,6,6,1,7,0,1,1,4,10,7,21,7
lcl|CP017623.1_cds_AOW26515.1_811 [locus_tag=CAALFM_C108780WA] [db_xref=CGD:CAL0000197686] [protein=alkaline phosphatase] [protein_id=AOW26515.1] [location=1912020..1913675] [gbkey=CDS],19,12,15,19,7,11,0,15,16,5,0,6,6,9,3,26,15,12,3,8,8,1,0,7,0,0,0,3,0,2,2,6,19,15,9,26,14,8,1,19,11,3,7,18,8,2,7,14,0,11,0,12,13,3,4,15,0,2,4,4,26,4,22,13
lcl|CP017623.1_cds_AOW26516.1_812 [gene=TPO3] [locus_tag=CAALFM_C108790WA] [db_xref=CGD:CAL0000176249] [protein=spermine transporter] [protein_id=AOW26516.1] [location=1914832..1916589] [gbkey=CDS],22,6,4,12,16,9,1,13,15,1,0,6,8,8,17,28,9,4,1,4,23,2,0,8,0,0,0,1,1,0,2,8,29,3,5,15,11,13,0,22,11,3,3,22,6,7,9,20,0,14,0,13,17,6,1,14,0,1,12,9,25,11,27,26
lcl|CP017623.1_cds_AOW26517.1_813 [locus_tag=CAALFM_C108800WA] [db_xref=CGD:CAL0000189668] [protein=hypothetical protein] [protein_id=AOW26517.1] [location=1916963..1918639] [gbkey=CDS],29,8,13,34,19,4,2,14,8,4,0,11,13,5,11,23,20,3,7,7,12,0,0,8,2,1,2,3,9,2,6,4,25,9,18,14,9,6,2,4,2,1,5,3,5,7,6,11,0,11,0,11,18,11,7,11,0,3,4,7,25,12,12,14
lcl|CP017623.1_cds_AOW26518.1_814 [gene=MSS116] [locus_tag=CAALFM_C108810CA] [db_xref=CGD:CAL0000195117] [protein=ATP-dependent RNA helicase] [protein_id=AOW26518.1] [location=complement(1918866..1920872)] [gbkey=CDS],43,10,20,25,16,8,3,10,29,6,6,15,5,13,9,25,20,1,5,16,10,3,1,9,1,0,0,12,1,1,4,10,30,7,12,37,9,7,0,15,14,3,2,14,6,6,8,21,0,4,0,21,13,6,2,13,0,0,3,4,24,6,20,23
lcl|CP017623.1_cds_AOW26519.1_815 [locus_tag=CAALFM_C108820CA] [db_xref=CGD:CAL0000178920] [protein=aminoacyl-tRNA hydrolase] [protein_id=AOW26519.1] [location=complement(1921091..1921723)] [gbkey=CDS],14,4,7,8,1,2,0,1,6,1,0,1,5,2,3,6,8,1,2,7,3,0,4,4,1,1,0,1,6,3,2,4,3,0,4,11,0,1,1,3,5,2,1,8,5,2,3,4,0,3,0,8,5,4,1,3,0,2,2,0,7,1,7,5
"lcl|CP017623.1_cds_AOW26520.1_816 [locus_tag=CAALFM_C108830CA] [db_xref=CGD:CAL0000187665] [protein=hypothetical protein] [protein_id=AOW26520.1] [location=complement(join(1921987..1922113,1922180..1922238,1922310..1922570))] [gbkey=CDS]",12,4,5,3,4,4,0,3,1,1,1,5,1,2,0,4,7,0,4,0,4,0,0,0,1,0,0,1,3,1,0,2,13,4,6,7,5,0,0,2,0,0,0,0,3,2,1,1,0,0,0,3,4,0,1,1,0,1,2,3,2,2,6,5
lcl|CP017623.1_cds_AOW26521.1_817 [locus_tag=CAALFM_C108840WA] [db_xref=CGD:CAL0000190331] [protein=hypothetical protein] [protein_id=AOW26521.1] [location=1922753..1923817] [gbkey=CDS],25,9,12,14,5,5,1,10,6,2,2,4,7,6,4,14,16,2,2,7,2,0,0,2,1,0,1,1,2,3,1,7,19,12,11,10,3,1,0,8,4,2,4,1,4,7,3,9,0,7,0,10,8,7,0,4,0,1,4,2,13,5,14,7
lcl|CP017623.1_cds_AOW26522.1_818 [gene=AFG1] [locus_tag=CAALFM_C108850CA] [db_xref=CGD:CAL0000193419] [protein=Afg1p] [protein_id=AOW26522.1] [location=complement(1923990..1926056)] [gbkey=CDS],35,15,18,29,11,6,2,13,16,2,5,11,15,6,23,24,27,2,6,7,12,3,5,5,8,0,4,6,10,1,2,6,33,10,16,34,8,3,1,13,8,2,8,9,5,3,8,24,0,10,0,19,20,4,4,16,0,2,9,5,17,10,27,24
lcl|CP017623.1_cds_AOW26523.1_819 [locus_tag=CAALFM_C108860CA] [db_xref=CGD:CAL0000182833] [protein=phosphatidylinositol-3-phosphatase] [protein_id=AOW26523.1] [location=complement(1926303..1928510)] [gbkey=CDS],26,12,22,46,20,5,2,7,18,9,6,19,21,6,12,21,26,3,13,12,9,4,2,6,4,1,3,4,7,2,4,13,26,5,14,38,12,5,4,13,12,3,7,15,11,3,7,14,0,14,0,20,19,10,10,18,0,4,10,9,14,11,18,23
lcl|CP017623.1_cds_AOW26524.1_820 [gene=JIP5] [locus_tag=CAALFM_C108870CA] [db_xref=CGD:CAL0000174164] [protein=Jip5p] [protein_id=AOW26524.1] [location=complement(1928994..1930622)] [gbkey=CDS],38,10,15,22,12,3,3,17,9,3,0,6,8,6,7,20,17,4,3,14,8,3,0,4,1,1,0,4,4,2,2,3,30,15,8,46,10,6,0,8,8,1,4,14,7,6,7,11,0,1,0,11,11,5,5,23,0,1,7,5,18,4,16,4
lcl|CP017623.1_cds_AOW26525.1_821 [gene=HEM14] [locus_tag=CAALFM_C108880WA] [db_xref=CGD:CAL0000182679] [protein=oxygen-dependent protoporphyrinogen oxidase] [protein_id=AOW26525.1] [location=1931304..1932899] [gbkey=CDS],48,3,5,35,19,8,2,9,8,0,0,5,13,7,9,26,16,1,1,8,13,1,0,11,2,1,0,1,5,2,2,8,26,1,1,31,6,3,1,3,15,0,8,12,5,5,10,12,0,3,0,17,18,4,3,7,0,0,3,4,28,8,15,12
lcl|CP017623.1_cds_AOW26526.1_822 [locus_tag=CAALFM_C108890CA] [db_xref=CGD:CAL0000176904] [protein=U2 snRNP complex subunit] [protein_id=AOW26526.1] [location=complement(1932950..1933345)] [gbkey=CDS],14,1,3,13,2,1,1,1,2,0,0,2,3,2,1,3,4,0,2,2,4,0,0,0,0,0,0,0,5,1,2,1,5,2,1,6,1,1,1,2,1,0,0,1,2,3,1,1,0,1,0,4,3,1,0,6,0,0,0,0,5,0,5,7
lcl|CP017623.1_cds_AOW26527.1_823 [locus_tag=CAALFM_C108900WA] [db_xref=CGD:CAL0000174928] [protein=hypothetical protein] [protein_id=AOW26527.1] [location=1933791..1935467] [gbkey=CDS],15,8,8,23,9,10,3,17,10,2,1,12,6,5,8,28,9,5,1,7,10,1,1,8,4,1,0,6,2,1,3,7,35,2,2,19,18,15,0,12,13,0,4,13,3,1,8,21,0,5,0,17,12,4,2,10,0,1,9,5,38,7,24,26
lcl|CP017623.1_cds_AOW26528.1_824 [locus_tag=CAALFM_C108910CA] [db_xref=CGD:CAL0000190673] [protein=hypothetical protein] [protein_id=AOW26528.1] [location=complement(1936147..1938249)] [gbkey=CDS],44,9,7,56,16,18,0,13,9,3,2,10,22,12,7,43,39,1,5,10,10,1,4,10,8,1,0,7,3,1,2,5,32,3,2,40,9,5,0,3,4,2,1,6,4,2,2,9,0,3,0,32,20,6,3,14,0,1,6,3,56,11,20,22
lcl|CP017623.1_cds_AOW26529.1_825 [locus_tag=CAALFM_C108920WA] [db_xref=CGD:CAL0000181949] [protein=mitochondrial 37S ribosomal protein RSM25] [protein_id=AOW26529.1] [location=1938480..1939367] [gbkey=CDS],25,3,6,26,4,0,0,11,5,0,0,6,1,0,6,14,19,0,0,7,11,1,1,0,0,0,0,4,1,0,2,1,26,0,1,12,4,1,0,6,3,0,0,6,4,0,2,7,0,0,0,10,8,0,2,10,0,0,6,1,24,2,0,5
lcl|CP017623.1_cds_AOW26530.1_826 [locus_tag=CAALFM_C108930CA] [db_xref=CGD:CAL0000191606] [protein=hypothetical protein] [protein_id=AOW26530.1] [location=complement(1939545..1939769)] [gbkey=CDS],3,0,1,4,1,1,0,1,4,0,0,3,3,0,0,0,5,0,0,6,1,0,0,1,0,0,0,1,0,0,0,0,2,0,0,4,3,0,0,3,3,1,0,3,1,0,0,1,0,0,0,3,1,0,0,0,0,0,2,1,5,2,0,3
lcl|CP017623.1_cds_AOW26531.1_827 [gene=MSN4] [locus_tag=CAALFM_C108940CA] [db_xref=CGD:CAL0000191067] [protein=stress-responsive transcriptional activator] [protein_id=AOW26531.1] [location=complement(1940406..1942679)] [gbkey=CDS],28,16,5,87,23,12,5,32,11,4,1,23,12,7,9,23,65,1,10,21,32,4,3,9,3,1,0,4,4,0,2,5,22,4,3,22,9,7,1,20,6,4,5,22,8,0,1,13,0,0,0,8,35,6,10,23,0,0,1,4,26,11,6,17
lcl|CP017623.1_cds_AOW26532.1_828 [gene=PFK26] [locus_tag=CAALFM_C108950WA] [db_xref=CGD:CAL0000176014] [protein=Pfk26p] [protein_id=AOW26532.1] [location=1948142..1951585] [gbkey=CDS],77,13,11,67,29,10,4,33,24,1,0,29,5,3,15,42,41,5,3,28,36,4,3,22,19,0,5,9,4,1,7,10,76,7,4,64,10,9,2,29,23,1,10,26,9,8,7,29,0,2,0,36,57,7,6,30,0,1,5,5,72,11,17,23
lcl|CP017623.1_cds_AOW26533.1_829 [gene=ZWF1] [locus_tag=CAALFM_C108980CA] [db_xref=CGD:CAL0000192089] [protein=glucose-6-phosphate dehydrogenase] [protein_id=AOW26533.1] [location=complement(1953260..1954783)] [gbkey=CDS],45,2,4,18,0,5,1,20,18,0,0,7,2,3,5,29,14,0,0,8,17,1,1,7,1,0,0,5,0,0,0,2,41,1,0,35,4,5,0,14,8,0,3,21,2,1,2,27,0,0,0,27,13,2,0,8,0,0,5,3,36,2,6,25
lcl|CP017623.1_cds_AOW26534.1_830 [gene=KEX2] [locus_tag=CAALFM_C108990CA] [db_xref=CGD:CAL0000186377] [protein=kexin] [protein_id=AOW26534.1] [location=complement(1956445..1959255)] [gbkey=CDS],54,3,7,53,12,8,1,44,22,2,2,16,15,4,13,40,37,0,4,28,10,3,0,17,5,0,0,7,1,0,2,4,58,11,7,77,15,3,0,31,18,6,4,38,9,5,7,34,0,3,0,35,28,2,5,32,0,0,12,6,39,12,6,18
lcl|CP017623.1_cds_AOW26535.1_831 [locus_tag=CAALFM_C109000WA] [db_xref=CGD:CAL0000194856] [protein=hypothetical protein] [protein_id=AOW26535.1] [location=1960295..1961950] [gbkey=CDS],18,3,1,30,11,0,5,15,6,0,0,12,17,5,16,20,20,1,1,24,8,1,0,6,2,0,2,3,2,0,4,7,26,2,0,19,6,2,1,9,13,1,4,26,8,2,3,10,0,1,0,20,24,3,1,20,0,0,12,7,48,7,9,26
lcl|CP017623.1_cds_AOW26536.1_832 [gene=NAR1] [locus_tag=CAALFM_C109010WA] [db_xref=CGD:CAL0000185143] [protein=Nar1p] [protein_id=AOW26536.1] [location=1962465..1964288] [gbkey=CDS],38,4,7,41,10,19,3,10,9,0,2,12,15,8,12,31,24,0,0,6,19,1,1,9,4,0,0,1,4,0,1,3,42,3,4,23,14,4,0,17,13,1,1,17,9,2,4,13,0,1,0,18,44,3,1,3,0,0,6,13,37,1,4,14
lcl|CP017623.1_cds_AOW26537.1_833 [locus_tag=CAALFM_C109020WA] [db_xref=CGD:CAL0000196894] [protein=hypothetical protein] [protein_id=AOW26537.1] [location=1964983..1965726] [gbkey=CDS],15,0,0,5,4,9,0,13,12,1,0,7,2,1,3,14,6,0,0,2,9,0,0,3,1,0,0,1,0,0,0,2,23,0,0,8,3,3,0,16,3,0,0,7,0,0,0,3,0,1,0,15,7,3,0,7,0,0,2,10,15,0,2,8
lcl|CP017623.1_cds_AOW26538.1_834 [gene=COX5] [locus_tag=CAALFM_C109030CA] [db_xref=CGD:CAL0000179426] [protein=cytochrome c oxidase subunit Va] [protein_id=AOW26538.1] [location=complement(1966282..1966779)] [gbkey=CDS],8,2,1,5,0,2,0,12,9,1,0,2,1,0,3,8,11,0,0,0,10,0,0,1,0,0,0,0,0,0,0,1,9,0,0,4,0,2,0,13,0,0,1,6,3,0,0,3,0,0,0,6,5,1,0,8,0,0,5,1,11,3,1,5
lcl|CP017623.1_cds_AOW26539.1_835 [gene=HST1] [locus_tag=CAALFM_C109050WA] [db_xref=CGD:CAL0000190389] [protein=histone deacetylase] [protein_id=AOW26539.1] [location=1969726..1971693] [gbkey=CDS],45,6,9,46,6,3,2,11,10,2,1,17,28,7,9,24,19,2,1,11,12,3,0,14,3,0,1,1,4,0,2,6,66,14,20,51,4,2,1,11,20,0,2,10,5,3,3,13,0,0,0,17,28,1,2,9,0,0,1,7,32,5,6,16
lcl|CP017623.1_cds_AOW26540.1_836 [locus_tag=CAALFM_C109060CA] [db_xref=CGD:CAL0000186257] [protein=hypothetical protein] [protein_id=AOW26540.1] [location=complement(1972141..1972821)] [gbkey=CDS],14,3,0,15,4,2,0,9,4,5,0,7,2,1,0,21,15,1,0,2,6,0,0,0,0,0,0,2,1,0,1,0,7,0,0,2,0,0,0,5,4,0,1,7,4,0,0,5,0,0,0,11,15,0,0,7,0,0,1,0,20,4,1,16
lcl|CP017623.1_cds_AOW26541.1_837 [locus_tag=CAALFM_C109070WA] [db_xref=CGD:CAL0000194881] [protein=poly(A)-specific ribonuclease] [protein_id=AOW26541.1] [location=1973678..1977250] [gbkey=CDS],68,4,7,123,26,21,3,30,18,1,2,25,34,5,20,52,54,1,2,24,22,6,7,24,10,0,0,1,4,2,5,5,58,1,2,61,17,1,1,17,22,3,8,18,13,6,8,29,0,1,0,64,40,1,10,15,0,0,8,10,83,13,21,52
lcl|CP017623.1_cds_AOW26542.1_838 [gene=PGA6] [locus_tag=CAALFM_C109080CA] [db_xref=CGD:CAL0000190753] [protein=Pga6p] [protein_id=AOW26542.1] [location=complement(1978117..1978776)] [gbkey=CDS],3,4,0,2,1,3,0,33,0,1,0,5,0,5,0,3,5,3,0,3,6,0,0,2,0,0,0,0,0,0,0,2,14,1,0,2,1,4,0,16,0,0,0,13,0,8,0,21,0,1,0,5,6,3,0,24,0,0,0,4,8,2,2,2
lcl|CP017623.1_cds_AOW26543.1_839 [gene=ARG81] [locus_tag=CAALFM_C109090CA] [db_xref=CGD:CAL0000185550] [protein=Arg81p] [protein_id=AOW26543.1] [location=complement(1980940..1984239)] [gbkey=CDS],73,14,5,93,37,23,7,48,16,0,2,24,25,4,21,44,63,2,2,33,31,2,2,14,9,0,1,2,2,0,7,6,49,14,5,57,20,8,4,18,16,2,7,18,10,3,2,21,0,0,0,33,30,7,3,15,0,0,14,11,69,6,10,34
lcl|CP017623.1_cds_AOW26545.1_841 [locus_tag=CAALFM_C109110WA] [db_xref=CGD:CAL0000188576] [protein=hypothetical protein] [protein_id=AOW26545.1] [location=1986752..1988347] [gbkey=CDS],41,4,5,46,11,4,1,14,8,0,0,8,16,5,11,36,28,0,2,5,4,2,2,2,3,0,0,0,1,0,1,5,36,0,3,31,4,4,0,3,11,2,3,1,3,4,3,8,0,2,0,26,20,2,1,8,0,0,6,9,47,4,8,16
lcl|CP017623.1_cds_AOW26546.1_842 [gene=IPT1] [locus_tag=CAALFM_C109120WA] [db_xref=CGD:CAL0000180770] [protein=inositolphosphotransferase] [protein_id=AOW26546.1] [location=1991466..1993010] [gbkey=CDS],15,6,1,38,7,2,1,10,7,5,1,12,16,7,10,27,24,1,0,16,10,6,0,9,4,0,0,4,3,1,3,5,9,5,3,15,12,4,1,11,11,2,1,11,5,3,4,13,0,4,0,25,12,2,3,7,0,0,15,4,30,9,16,25
lcl|CP017623.1_cds_AOW26547.1_843 [locus_tag=CAALFM_C109130WA] [db_xref=CGD:CAL0000176316] [protein=hypothetical protein] [protein_id=AOW26547.1] [location=1996613..1998733] [gbkey=CDS],36,10,3,63,14,8,1,21,13,1,1,12,14,5,11,37,39,4,1,24,11,2,2,9,10,2,1,3,6,2,2,7,40,2,2,46,8,2,1,12,8,3,6,10,11,4,3,13,0,3,0,28,10,4,1,10,0,1,15,6,40,8,19,14
lcl|CP017623.1_cds_AOW26548.1_844 [gene=SSU81] [locus_tag=CAALFM_C109140CA] [db_xref=CGD:CAL0000185371] [protein=osmosensor] [protein_id=AOW26548.1] [location=complement(1999453..2000619)] [gbkey=CDS],8,2,1,46,5,3,4,12,6,0,0,14,10,3,4,20,11,1,0,9,9,1,0,7,1,0,0,1,0,0,0,5,10,0,1,14,9,7,0,14,15,0,3,29,4,2,0,8,0,0,0,13,15,1,0,10,0,0,6,4,18,4,4,13
lcl|CP017623.1_cds_AOW26549.1_845 [gene=AOX2] [locus_tag=CAALFM_C109150WA] [db_xref=CGD:CAL0000177372] [protein=Aox2p] [protein_id=AOW26549.1] [location=2004765..2005862] [gbkey=CDS],19,3,1,15,13,4,1,17,15,0,0,4,5,2,6,10,14,2,0,11,14,1,1,10,0,0,0,6,0,0,0,7,22,4,1,10,5,3,0,11,3,0,3,10,2,3,7,9,0,2,0,10,9,2,2,4,0,1,6,3,19,11,10,11
lcl|CP017623.1_cds_AOW26550.1_846 [gene=AOX1] [locus_tag=CAALFM_C109160WA] [db_xref=CGD:CAL0000186504] [protein=Aox1p] [protein_id=AOW26550.1] [location=2007208..2008347] [gbkey=CDS],14,3,11,14,13,8,2,16,14,3,1,1,3,4,5,19,10,3,0,9,14,3,0,8,3,1,0,5,0,0,0,4,21,4,1,20,2,2,0,11,7,1,4,7,2,1,3,10,0,5,0,11,8,4,1,3,0,2,7,2,18,8,11,11
lcl|CP017623.1_cds_AOW26551.1_847 [gene=CTA8] [locus_tag=CAALFM_C109170WA] [db_xref=CGD:CAL0000175059] [protein=stress-responsive transcription factor] [protein_id=AOW26551.1] [location=2010260..2012542] [gbkey=CDS],20,31,17,54,15,11,0,17,20,3,2,18,17,7,15,13,56,6,12,15,36,6,2,13,3,1,0,9,3,2,9,5,28,12,13,38,10,2,2,11,10,6,6,10,1,4,10,15,0,5,0,14,21,6,4,22,0,0,6,0,23,7,14,21
lcl|CP017623.1_cds_AOW26552.1_848 [gene=LYS143] [locus_tag=CAALFM_C109180WA] [db_xref=CGD:CAL0000182884] [protein=Lys143p] [protein_id=AOW26552.1] [location=2014803..2017433] [gbkey=CDS],35,18,18,55,15,2,2,13,18,10,6,12,20,9,10,29,55,6,15,23,35,5,11,30,5,0,1,3,8,4,6,8,34,13,12,33,20,4,5,18,7,1,10,11,12,3,4,20,0,7,0,24,23,10,3,15,0,4,7,8,27,9,24,20
lcl|CP017623.1_cds_AOW26553.1_849 [gene=DAK2] [locus_tag=CAALFM_C109190CA] [db_xref=CGD:CAL0000174642] [protein=dihydroxyacetone kinase] [protein_id=AOW26553.1] [location=complement(2017549..2019336)] [gbkey=CDS],43,4,10,25,10,7,0,20,10,0,0,14,1,14,7,23,12,1,1,13,14,0,1,8,0,1,0,2,0,0,1,3,40,4,3,39,13,6,0,20,17,2,8,25,6,2,9,24,0,3,0,15,13,3,3,9,0,0,3,2,28,7,30,15
lcl|CP017623.1_cds_AOW26554.1_850 [gene=LYS142] [locus_tag=CAALFM_C109200WA] [db_xref=CGD:CAL0000198710] [protein=Lys142p] [protein_id=AOW26554.1] [location=2020180..2022249] [gbkey=CDS],37,12,16,37,12,5,4,15,11,2,2,18,18,12,13,29,19,0,3,11,19,9,1,8,5,1,3,4,12,1,5,12,22,8,9,37,12,4,4,9,12,4,9,11,2,5,8,10,0,5,0,22,14,13,6,11,0,3,5,9,31,8,19,20
lcl|CP017623.1_cds_AOW26555.1_851 [locus_tag=CAALFM_C109210CA] [db_xref=CGD:CAL0000193702] [protein=basic amino acid transporter] [protein_id=AOW26555.1] [location=complement(2022447..2024309)] [gbkey=CDS],23,4,12,22,19,7,2,9,9,2,0,8,7,13,12,36,23,2,3,4,23,1,1,3,0,0,0,3,1,3,2,7,22,6,4,14,21,5,2,20,11,4,8,19,11,8,12,21,0,4,0,6,17,5,8,17,0,0,6,5,33,13,20,36
lcl|CP017623.1_cds_AOW26556.1_852 [locus_tag=CAALFM_C109220WA] [db_xref=CGD:CAL0000188365] [protein=hypothetical protein] [protein_id=AOW26556.1] [location=2025818..2027191] [gbkey=CDS],10,2,6,9,18,10,4,10,6,0,2,6,6,10,8,23,9,2,1,4,16,3,0,2,1,0,0,2,2,2,0,11,10,5,4,11,13,6,0,7,13,2,9,12,8,8,9,15,0,7,0,9,17,3,5,11,0,0,5,6,22,12,22,20
lcl|CP017623.1_cds_AOW26557.1_853 [gene=GRP1] [locus_tag=CAALFM_C109230CA] [db_xref=CGD:CAL0000175332] [protein=Grp1p] [protein_id=AOW26557.1] [location=complement(2027229..2028242)] [gbkey=CDS],22,13,4,14,12,5,1,7,4,0,0,4,5,2,4,13,9,3,1,3,8,2,2,4,0,0,0,2,3,1,0,3,18,4,7,15,14,3,1,6,7,1,2,4,5,2,5,10,0,2,0,9,7,4,2,7,0,0,4,2,11,5,14,14
lcl|CP017623.1_cds_AOW26558.1_854 [locus_tag=CAALFM_C109240CA] [db_xref=CGD:CAL0000201655] [protein=hypothetical protein] [protein_id=AOW26558.1] [location=complement(2028519..2029943)] [gbkey=CDS],30,7,10,18,12,0,0,10,10,1,3,7,5,7,8,22,14,5,3,6,11,5,1,8,3,0,2,1,0,1,0,5,25,8,11,29,8,4,1,7,9,3,4,10,2,3,4,10,0,5,0,11,11,6,4,8,0,0,10,6,16,7,17,19
lcl|CP017623.1_cds_AOW26559.1_855 [gene=CRP1] [locus_tag=CAALFM_C109250WA] [db_xref=CGD:CAL0000174668] [protein=Crp1p] [protein_id=AOW26559.1] [location=2030997..2034590] [gbkey=CDS],69,17,24,39,27,9,8,23,17,6,2,25,19,22,17,63,25,11,11,16,24,3,2,15,2,3,1,3,1,5,4,14,43,14,26,61,28,10,6,39,31,7,10,32,5,13,30,45,0,9,0,16,21,8,12,19,0,3,15,19,45,10,46,46
lcl|CP017623.1_cds_AOW26560.1_856 [gene=PTC1] [locus_tag=CAALFM_C109260CA] [db_xref=CGD:CAL0000194483] [protein=type 2C protein phosphatase] [protein_id=AOW26560.1] [location=complement(2034691..2035818)] [gbkey=CDS],14,6,10,17,18,6,2,11,2,2,2,7,8,1,3,6,6,4,2,4,7,1,4,2,5,1,3,2,1,1,4,5,17,7,3,23,10,3,3,13,6,4,5,9,6,4,5,11,0,2,0,7,7,8,4,8,0,1,4,6,3,3,14,11
lcl|CP017623.1_cds_AOW26561.1_857 [gene=FGR43] [locus_tag=CAALFM_C109270WA] [db_xref=CGD:CAL0000193193] [protein=Fgr43p] [protein_id=AOW26561.1] [location=2036746..2038410] [gbkey=CDS],22,7,12,26,15,3,3,13,8,7,3,13,15,9,4,22,10,5,7,11,8,2,1,5,5,1,2,1,9,5,3,15,16,9,6,30,4,3,2,10,8,4,2,7,5,5,4,12,0,7,0,16,12,2,6,7,0,5,3,9,31,5,34,17
lcl|CP017623.1_cds_AOW26562.1_858 [locus_tag=CAALFM_C109280WA] [db_xref=CGD:CAL0000188652] [protein=hypothetical protein] [protein_id=AOW26562.1] [location=2038862..2041054] [gbkey=CDS],38,12,22,37,20,11,7,20,11,0,11,13,11,11,12,12,37,8,9,18,20,4,4,16,7,3,6,5,4,3,2,8,45,11,22,38,19,6,5,7,6,1,6,6,5,3,6,11,0,6,0,20,18,7,1,19,0,0,4,1,16,9,12,17
"lcl|CP017623.1_cds_AOW26563.1_859 [gene=ARG5,6] [locus_tag=CAALFM_C109290CA] [db_xref=CGD:CAL0000175409] [protein=bifunctional acetylglutamate kinase/N-acetyl-gamma-glutamyl-phosphate reductase] [protein_id=AOW26563.1] [location=complement(2041212..2043785)] [gbkey=CDS]",41,33,23,29,9,12,0,23,17,2,0,13,5,18,2,45,38,7,2,7,20,1,2,9,0,0,0,14,3,2,1,2,50,16,4,25,8,12,1,29,12,6,0,43,8,9,6,36,0,14,0,18,15,10,6,25,0,2,8,4,37,10,44,18
lcl|CP017623.1_cds_AOW26564.1_860 [locus_tag=CAALFM_C109300CA] [db_xref=CGD:CAL0000175342] [protein=hypothetical protein] [protein_id=AOW26564.1] [location=complement(2044586..2045479)] [gbkey=CDS],14,8,4,10,7,4,1,7,4,0,3,6,5,4,4,8,7,4,3,7,6,4,1,3,0,1,1,1,0,0,0,2,17,1,2,17,12,3,1,20,6,0,4,10,0,0,3,6,0,2,0,8,7,2,0,2,0,0,1,4,13,6,9,11
lcl|CP017623.1_cds_AOW26565.1_861 [locus_tag=CAALFM_C109310CA] [db_xref=CGD:CAL0000191456] [protein=hypothetical protein] [protein_id=AOW26565.1] [location=complement(2045895..2048825)] [gbkey=CDS],54,20,21,76,12,9,7,14,19,8,5,27,25,14,11,44,33,7,17,19,9,3,5,8,11,3,4,5,7,1,7,8,38,11,9,44,6,5,0,8,8,1,9,10,10,7,7,15,0,17,0,36,27,7,10,17,0,3,6,10,33,18,45,45
lcl|CP017623.1_cds_AOW26566.1_862 [locus_tag=CAALFM_C109320CA] [db_xref=CGD:CAL0000176411] [protein=hypothetical protein] [protein_id=AOW26566.1] [location=complement(2050005..2051678)] [gbkey=CDS],24,16,10,43,19,7,6,16,5,11,1,21,8,4,8,15,13,6,6,16,14,6,4,6,4,0,1,5,4,2,5,2,18,12,4,21,6,4,1,5,4,5,1,10,5,3,2,11,0,6,0,10,29,8,11,14,0,1,3,6,21,9,12,6
lcl|CP017623.1_cds_AOW26567.1_863 [locus_tag=CAALFM_C109330WA] [db_xref=CGD:CAL0000197859] [protein=hypothetical protein] [protein_id=AOW26567.1] [location=2054912..2055511] [gbkey=CDS],19,1,5,12,3,3,1,12,8,0,0,3,4,3,4,6,12,0,1,3,2,1,1,1,1,0,1,3,1,0,0,2,21,0,0,11,0,2,0,2,3,2,1,3,2,1,1,0,0,0,0,2,3,3,1,1,0,0,1,0,14,4,2,5
lcl|CP017623.1_cds_AOW26568.1_864 [locus_tag=CAALFM_C109340CA] [db_xref=CGD:CAL0000200848] [protein=hypothetical protein] [protein_id=AOW26568.1] [location=complement(2055982..2059482)] [gbkey=CDS],83,27,34,47,21,7,2,32,21,3,2,29,17,16,16,39,40,12,5,18,9,6,0,21,1,2,3,4,6,2,7,11,67,16,26,66,21,11,0,22,11,6,4,15,13,8,15,31,0,14,0,29,16,13,4,22,0,4,12,4,43,14,52,63
lcl|CP017623.1_cds_AOW26569.1_865 [locus_tag=CAALFM_C109350WA] [db_xref=CGD:CAL0000199949] [protein=hypothetical protein] [protein_id=AOW26569.1] [location=2060785..2061315] [gbkey=CDS],12,2,6,8,0,2,0,4,10,0,0,2,1,0,0,8,6,4,1,4,4,0,0,4,1,0,0,0,0,0,0,1,21,2,0,13,2,5,0,8,1,2,0,8,1,0,1,3,0,1,0,2,3,1,0,6,0,0,2,0,6,1,2,4
lcl|CP017623.1_cds_AOW26570.1_866 [locus_tag=CAALFM_C109360CA] [db_xref=CGD:CAL0000200870] [protein=hypothetical protein] [protein_id=AOW26570.1] [location=complement(2061654..2064530)] [gbkey=CDS],45,27,17,44,17,8,5,24,14,9,3,24,12,12,19,54,43,5,9,21,9,4,2,8,1,0,0,9,1,3,4,9,32,17,7,49,8,13,3,20,14,4,6,26,4,8,11,27,0,10,0,21,17,12,9,21,0,2,7,9,41,17,50,30
lcl|CP017623.1_cds_AOW26571.1_867 [gene=CEF1] [locus_tag=CAALFM_C109370WA] [db_xref=CGD:CAL0000201853] [protein=Cef1p] [protein_id=AOW26571.1] [location=2065803..2067635] [gbkey=CDS],43,9,23,30,14,5,0,11,15,4,4,9,15,7,5,19,17,5,8,7,13,2,1,10,8,1,3,7,12,1,1,10,48,13,15,28,20,4,4,12,11,3,1,6,5,2,6,13,0,2,0,11,9,4,1,9,0,0,6,2,18,5,22,10
lcl|CP017623.1_cds_AOW26572.1_868 [gene=RIM20] [locus_tag=CAALFM_C109380WA] [db_xref=CGD:CAL0000180949] [protein=Rim20p] [protein_id=AOW26572.1] [location=2067844..2070201] [gbkey=CDS],44,15,15,33,11,4,1,16,17,2,4,19,13,11,12,36,48,1,11,12,7,4,3,8,6,2,0,5,8,2,5,8,42,12,16,36,18,7,3,11,10,0,2,9,9,5,8,17,0,8,0,25,17,7,5,19,0,1,5,7,41,8,28,25
lcl|CP017623.1_cds_AOW26573.1_869 [locus_tag=CAALFM_C109390WA] [db_xref=CGD:CAL0000175281] [protein=tRNA dimethylallyltransferase] [protein_id=AOW26573.1] [location=2070405..2071802] [gbkey=CDS],32,5,14,24,4,6,3,4,9,0,0,6,12,7,9,21,23,3,1,14,8,3,1,1,7,1,0,2,8,1,2,3,30,7,7,28,7,4,1,6,3,2,6,12,4,3,8,9,0,3,0,13,7,2,4,6,0,2,8,2,18,5,11,12
lcl|CP017623.1_cds_AOW26574.1_870 [gene=FTH1] [locus_tag=CAALFM_C109400CA] [db_xref=CGD:CAL0000186938] [protein=Fth1p] [protein_id=AOW26574.1] [location=complement(2072063..2073337)] [gbkey=CDS],14,9,5,17,7,3,1,14,9,1,0,8,10,16,9,20,13,2,2,3,3,0,0,5,0,1,0,4,1,0,1,9,22,4,4,7,4,2,1,14,11,3,3,16,7,4,5,11,0,4,0,11,15,2,3,6,0,3,13,3,15,11,22,10
lcl|CP017623.1_cds_AOW26575.1_871 [gene=LIP2] [locus_tag=CAALFM_C109420WA] [db_xref=CGD:CAL0000197688] [protein=Lip2p] [protein_id=AOW26575.1] [location=2075333..2076733] [gbkey=CDS],13,7,6,18,6,3,1,21,8,1,0,6,0,9,1,24,15,3,0,5,19,0,0,11,0,0,0,0,0,1,3,12,18,6,4,18,5,5,0,35,10,0,2,29,2,6,2,13,0,11,0,10,4,6,0,14,0,0,8,4,11,13,25,11
lcl|CP017623.1_cds_AOW26576.1_872 [locus_tag=CAALFM_C109430WA] [db_xref=CGD:CAL0000193886] [protein=hypothetical protein] [protein_id=AOW26576.1] [location=2077583..2080183] [gbkey=CDS],45,14,19,22,10,12,1,19,23,0,2,12,10,16,17,40,19,3,2,12,28,2,2,13,3,0,0,7,2,5,0,21,26,4,15,26,17,16,3,31,14,2,7,20,10,8,14,43,0,7,0,24,23,11,3,9,0,1,11,6,24,24,47,38
lcl|CP017623.1_cds_AOW26577.1_873 [locus_tag=CAALFM_C109440WA] [db_xref=CGD:CAL0000198968] [protein=inorganic diphosphatase] [protein_id=AOW26577.1] [location=2080806..2081780] [gbkey=CDS],21,8,4,17,10,13,1,7,9,1,0,2,6,6,2,14,10,2,0,8,11,1,0,6,0,0,0,2,1,0,2,2,13,4,1,21,9,1,0,7,6,3,3,6,4,2,3,8,0,2,0,8,8,1,0,4,0,0,5,4,10,3,9,12
lcl|CP017623.1_cds_AOW26578.1_874 [gene=NUP188] [locus_tag=CAALFM_C109450CA] [db_xref=CGD:CAL0000201257] [protein=Nup188p] [protein_id=AOW26578.1] [location=complement(2082040..2086968)] [gbkey=CDS],73,33,31,73,35,15,5,27,34,9,9,41,44,24,23,71,36,6,21,16,22,6,4,14,5,1,0,7,10,6,7,17,71,22,25,73,38,10,4,33,22,4,5,20,24,15,13,46,0,27,0,36,43,25,11,41,0,8,12,13,75,27,115,58
lcl|CP017623.1_cds_AOW26579.1_875 [gene=ERG12] [locus_tag=CAALFM_C109460WA] [db_xref=CGD:CAL0000186221] [protein=mevalonate kinase] [protein_id=AOW26579.1] [location=2087338..2088633] [gbkey=CDS],19,7,7,17,11,1,1,8,8,0,0,6,5,7,10,19,7,2,0,9,10,1,3,6,1,0,0,2,2,0,2,4,15,5,10,19,8,4,6,15,10,2,2,20,7,3,8,8,0,5,0,5,16,3,4,7,0,3,6,5,13,6,25,15
lcl|CP017623.1_cds_AOW26580.1_876 [locus_tag=CAALFM_C109470CA] [db_xref=CGD:CAL0000177270] [protein=hypothetical protein] [protein_id=AOW26580.1] [location=complement(2088739..2089725)] [gbkey=CDS],16,11,8,8,5,3,2,16,13,0,1,6,4,3,8,10,4,1,4,4,10,3,0,4,0,0,0,0,0,0,0,3,9,5,4,5,14,6,0,7,8,1,2,7,5,3,8,15,0,2,0,3,9,4,1,7,0,0,5,3,14,2,21,10
lcl|CP017623.1_cds_AOW26581.1_877 [gene=PPT2] [locus_tag=CAALFM_C109480WA] [db_xref=CGD:CAL0000183849] [protein=holo-[acyl-carrier-protein] synthase] [protein_id=AOW26581.1] [location=2089906..2090313] [gbkey=CDS],4,4,5,2,4,0,1,2,2,1,1,1,1,3,1,3,5,3,4,3,3,0,0,1,3,1,0,1,1,0,0,5,5,1,2,6,3,1,0,2,2,1,1,2,4,2,0,2,0,2,0,2,3,2,0,5,0,0,3,0,3,5,6,4
lcl|CP017623.1_cds_AOW26582.1_878 [gene=GUA1] [locus_tag=CAALFM_C109490CA] [db_xref=CGD:CAL0000179678] [protein=GMP synthase (glutamine-hydrolyzing)] [protein_id=AOW26582.1] [location=complement(2090366..2091958)] [gbkey=CDS],25,5,15,10,3,8,0,16,14,0,0,4,2,12,9,29,14,2,0,13,17,1,1,5,0,0,0,7,0,1,0,1,41,9,2,23,5,11,0,22,4,1,0,39,2,13,0,32,0,5,0,8,6,6,1,8,0,1,7,4,16,11,26,12
lcl|CP017623.1_cds_AOW26583.1_879 [locus_tag=CAALFM_C109500WA] [db_xref=CGD:CAL0000193948] [protein=hypothetical protein] [protein_id=AOW26583.1] [location=2092602..2092937] [gbkey=CDS],9,3,2,4,0,0,0,2,10,0,2,2,0,7,1,3,1,0,0,1,3,0,0,1,6,0,0,3,1,0,1,0,0,1,0,2,5,0,0,1,0,2,1,2,2,0,1,2,0,0,0,4,3,4,1,4,0,0,1,0,5,3,1,3
lcl|CP017623.1_cds_AOW26584.1_880 [gene=YTM1] [locus_tag=CAALFM_C109510WA] [db_xref=CGD:CAL0000176486] [protein=Ytm1p] [protein_id=AOW26584.1] [location=2093170..2094570] [gbkey=CDS],24,9,6,14,16,10,1,10,14,2,0,2,16,7,5,11,15,0,3,10,9,0,1,7,0,0,0,6,0,1,1,7,19,6,6,28,3,3,3,14,5,2,11,10,2,8,9,17,0,6,0,7,20,5,1,20,0,1,7,1,13,3,17,11
lcl|CP017623.1_cds_AOW26585.1_881 [locus_tag=CAALFM_C109520CA] [db_xref=CGD:CAL0000181027] [protein=hypothetical protein] [protein_id=AOW26585.1] [location=complement(2094630..2095979)] [gbkey=CDS],29,9,6,20,12,7,3,5,8,3,0,5,6,9,7,12,15,1,3,8,5,2,1,5,1,2,1,4,4,1,3,5,17,7,3,22,7,5,2,14,8,1,2,11,3,5,4,15,0,11,0,18,10,4,4,7,0,0,5,4,14,9,21,13
lcl|CP017623.1_cds_AOW26586.1_882 [gene=RAM2] [locus_tag=CAALFM_C109530WA] [db_xref=CGD:CAL0000180742] [protein=bifunctional protein farnesyltransferase/protein geranylgeranyltransferase] [protein_id=AOW26586.1] [location=2096586..2097506] [gbkey=CDS],17,6,5,16,6,1,2,7,3,0,0,6,4,3,4,17,10,0,3,8,4,2,0,3,5,0,1,2,3,1,0,3,17,9,7,18,4,1,0,6,0,1,2,1,0,2,2,7,0,3,0,16,4,3,3,5,0,0,8,3,11,3,17,10
lcl|CP017623.1_cds_AOW26587.1_883 [locus_tag=CAALFM_C109540WA] [db_xref=CGD:CAL0000192368] [protein=hypothetical protein] [protein_id=AOW26587.1] [location=2102573..2104153] [gbkey=CDS],15,18,10,25,22,15,5,22,8,4,0,19,5,5,1,16,22,2,8,7,18,0,1,10,4,0,1,5,10,2,2,4,24,8,7,21,6,5,1,5,4,1,4,11,2,2,2,16,0,1,0,5,27,10,9,13,0,1,1,6,16,7,16,8
lcl|CP017623.1_cds_AOW26588.1_884 [locus_tag=CAALFM_C109550WA] [db_xref=CGD:CAL0000174614] [protein=hypothetical protein] [protein_id=AOW26588.1] [location=2104221..2104577] [gbkey=CDS],3,0,1,1,1,0,0,2,1,0,1,4,2,3,2,16,5,4,0,7,1,0,0,0,0,0,0,0,0,0,0,1,0,0,1,4,1,1,0,0,0,0,1,2,1,1,0,6,0,0,0,11,2,0,0,1,0,0,2,3,4,3,4,14
lcl|CP017623.1_cds_AOW26589.1_885 [locus_tag=CAALFM_C109570WA] [db_xref=CGD:CAL0000186125] [protein=hypothetical protein] [protein_id=AOW26589.1] [location=2106955..2108577] [gbkey=CDS],36,9,4,21,14,5,5,8,9,2,0,11,12,7,13,13,16,4,7,13,13,3,6,12,8,0,0,1,3,2,0,2,25,10,3,24,8,2,4,6,6,2,4,7,5,3,6,13,0,12,0,25,13,3,8,10,0,0,4,3,14,13,22,25
lcl|CP017623.1_cds_AOW26590.1_886 [gene=LIP1] [locus_tag=CAALFM_C109580CA] [db_xref=CGD:CAL0000177069] [protein=Lip1p] [protein_id=AOW26590.1] [location=complement(2108735..2110141)] [gbkey=CDS],18,11,10,11,5,6,1,21,8,0,0,9,5,9,8,19,10,0,1,4,11,4,1,7,0,0,0,1,1,2,1,8,19,7,6,20,9,9,1,20,11,2,9,19,3,10,4,10,0,8,0,12,8,10,0,13,0,1,7,3,16,9,14,15
lcl|CP017623.1_cds_AOW26591.1_887 [gene=LIP10] [locus_tag=CAALFM_C109590CA] [db_xref=CGD:CAL0000198152] [protein=Lip10p] [protein_id=AOW26591.1] [location=complement(2111646..2113043)] [gbkey=CDS],22,12,6,10,9,5,2,13,7,3,4,7,6,6,4,26,13,0,5,3,8,7,2,9,1,0,0,1,5,1,2,6,13,7,4,11,10,6,0,28,14,3,10,11,1,2,4,16,0,5,0,15,13,2,2,14,0,2,7,2,16,7,17,17
lcl|CP017623.1_cds_AOW26592.1_888 [gene=LIP6] [locus_tag=CAALFM_C109600CA] [db_xref=CGD:CAL0000176920] [protein=Lip6p] [protein_id=AOW26592.1] [location=complement(2114091..2115482)] [gbkey=CDS],24,6,10,14,11,6,3,4,8,4,2,7,8,7,3,15,10,0,3,5,15,5,0,9,0,0,0,1,0,1,4,8,17,3,3,24,15,8,1,15,11,4,6,17,2,5,2,16,0,4,0,16,10,3,8,9,0,1,8,3,12,5,22,19
lcl|CP017623.1_cds_AOW26593.1_889 [locus_tag=CAALFM_C109610WA] [db_xref=CGD:CAL0000201251] [protein=hypothetical protein] [protein_id=AOW26593.1] [location=2117863..2118681] [gbkey=CDS],6,15,5,14,9,0,0,3,9,3,0,6,6,7,8,9,6,4,8,1,3,0,4,4,1,1,0,1,4,0,2,3,6,5,6,13,3,1,2,3,3,1,2,1,1,3,3,4,0,6,0,7,8,1,2,1,0,1,2,5,7,7,16,9
lcl|CP017623.1_cds_AOW26594.1_890 [locus_tag=CAALFM_C109620CA] [db_xref=CGD:CAL0000192723] [protein=hypothetical protein] [protein_id=AOW26594.1] [location=complement(2118745..2119209)] [gbkey=CDS],16,4,4,14,4,2,1,3,4,2,0,2,3,4,1,0,9,2,1,1,2,1,0,1,0,0,0,0,2,0,1,2,7,2,5,3,2,2,0,3,1,0,0,3,0,4,0,1,0,4,0,4,3,0,0,2,0,0,0,0,8,1,9,3
"lcl|CP017623.1_cds_AOW26595.1_891 [gene=IDH1] [locus_tag=CAALFM_C109630WA] [db_xref=CGD:CAL0000189143] [protein=isocitrate dehydrogenase (NAD(+))] [protein_id=AOW26595.1] [location=join(2120305..2120331,2120551..2121618)] [gbkey=CDS]",20,13,8,5,2,3,0,16,12,0,0,6,0,8,6,20,10,3,0,3,12,0,0,1,0,0,0,2,0,0,0,0,20,6,0,14,2,7,0,22,2,1,0,33,1,13,0,17,0,7,0,4,3,7,0,9,0,0,1,1,10,8,21,4
lcl|CP017623.1_cds_AOW26596.1_892 [gene=ADE12] [locus_tag=CAALFM_C109640WA] [db_xref=CGD:CAL0000175348] [protein=adenylosuccinate synthase] [protein_id=AOW26596.1] [location=2122166..2123452] [gbkey=CDS],25,11,11,7,2,9,0,13,17,0,1,3,1,10,4,10,10,5,0,3,12,0,0,7,0,0,0,3,0,0,1,1,28,5,4,21,3,4,1,12,5,1,3,31,3,14,2,21,0,7,0,11,7,3,0,7,0,0,5,7,13,12,26,5
"lcl|CP017623.1_cds_AOW26597.1_893 [locus_tag=CAALFM_C109650WA] [db_xref=CGD:CAL0000188209] [protein=hypothetical protein] [protein_id=AOW26597.1] [location=join(2124235..2124277,2124344..2125830)] [gbkey=CDS]",23,11,14,22,14,4,7,10,12,7,4,17,15,7,10,21,13,3,9,6,9,3,3,2,4,0,4,0,6,2,4,8,8,14,11,25,5,3,1,6,5,2,5,7,5,4,7,8,0,9,0,11,12,3,8,9,0,2,3,3,6,10,28,14
lcl|CP017623.1_cds_AOW26598.1_894 [gene=DOA1] [locus_tag=CAALFM_C109660WA] [db_xref=CGD:CAL0000180586] [protein=Doa1p] [protein_id=AOW26598.1] [location=2126282..2128567] [gbkey=CDS],33,15,17,30,19,11,4,18,11,7,1,9,9,8,8,27,19,9,16,6,9,1,1,11,1,0,1,0,2,3,6,5,33,10,12,38,22,4,2,16,17,11,9,14,9,6,14,24,0,12,0,21,14,8,6,23,0,2,12,8,37,8,34,17
lcl|CP017623.1_cds_AOW26599.1_895 [locus_tag=CAALFM_C109670CA] [db_xref=CGD:CAL0000181418] [protein=hypothetical protein] [protein_id=AOW26599.1] [location=complement(2128602..2128934)] [gbkey=CDS],3,3,6,5,2,0,0,1,3,1,0,1,4,4,1,3,5,0,0,2,1,0,0,0,0,0,0,0,0,0,0,1,5,1,2,7,0,2,0,6,3,1,0,1,1,3,3,1,0,4,0,1,4,1,1,2,0,1,0,1,7,0,3,2
lcl|CP017623.1_cds_AOW26600.1_896 [gene=MTS1] [locus_tag=CAALFM_C109680WA] [db_xref=CGD:CAL0000177730] [protein=Mts1p] [protein_id=AOW26600.1] [location=2129681..2131222] [gbkey=CDS],22,15,13,5,4,8,0,20,19,1,0,9,0,8,8,25,16,4,0,4,16,0,1,6,0,0,0,3,0,0,0,1,25,11,2,21,6,5,0,15,5,1,3,31,0,3,3,21,0,17,0,11,5,6,0,16,0,2,16,7,10,17,30,15
lcl|CP017623.1_cds_AOW26601.1_897 [gene=MLS1] [locus_tag=CAALFM_C109690WA] [db_xref=CGD:CAL0000178842] [protein=malate synthase] [protein_id=AOW26601.1] [location=2132251..2133906] [gbkey=CDS],19,19,17,11,2,11,1,17,32,0,0,4,1,13,9,23,20,11,0,3,31,0,0,3,0,0,0,1,0,0,0,4,32,11,0,20,2,12,0,29,1,5,0,28,1,12,3,20,0,15,0,5,4,9,0,3,0,0,9,6,12,15,34,10
lcl|CP017623.1_cds_AOW26602.1_898 [locus_tag=CAALFM_C109700WA] [db_xref=CGD:CAL0000187275] [protein=hypothetical protein] [protein_id=AOW26602.1] [location=2134158..2134862] [gbkey=CDS],13,6,5,9,5,1,1,5,1,1,0,3,8,3,5,11,8,0,2,2,5,2,2,2,3,0,0,1,2,1,0,3,18,6,4,7,5,0,0,4,1,1,1,1,1,0,2,3,0,3,0,8,6,1,2,6,0,1,2,4,11,4,10,11
lcl|CP017623.1_cds_AOW26603.1_899 [locus_tag=CAALFM_C109710CA] [db_xref=CGD:CAL0000181309] [protein=hypothetical protein] [protein_id=AOW26603.1] [location=complement(2134881..2136464)] [gbkey=CDS],37,3,19,17,10,4,3,12,21,1,3,5,8,7,10,11,20,8,6,10,12,4,3,2,0,1,0,3,3,3,1,7,28,10,10,22,16,6,1,16,11,3,6,18,8,2,7,9,0,9,0,8,9,3,1,6,0,1,6,1,20,4,20,11
lcl|CP017623.1_cds_AOW26604.1_900 [gene=URA1] [locus_tag=CAALFM_C109720WA] [db_xref=CGD:CAL0000178448] [protein=dihydroorotate dehydrogenase] [protein_id=AOW26604.1] [location=2136910..2138244] [gbkey=CDS],24,7,13,16,5,5,1,9,16,2,1,3,7,7,1,13,13,1,2,6,18,0,1,6,2,0,0,1,0,0,2,0,14,10,8,14,9,8,0,11,8,5,3,26,5,5,4,14,0,5,0,6,6,6,3,11,0,1,1,3,19,11,34,11
lcl|CP017623.1_cds_AOW26605.1_901 [gene=DAM1] [locus_tag=CAALFM_C109730WA] [db_xref=CGD:CAL0000195338] [protein=Dam1p] [protein_id=AOW26605.1] [location=2138426..2139259] [gbkey=CDS],14,6,1,16,7,2,1,2,15,1,4,6,5,2,7,5,13,3,4,9,16,2,1,4,3,0,2,3,4,0,2,3,9,4,3,9,7,1,0,1,5,0,3,1,2,1,3,2,0,1,0,4,12,3,5,8,0,0,2,3,6,5,8,5
lcl|CP017623.1_cds_AOW26606.1_902 [locus_tag=CAALFM_C109740CA] [db_xref=CGD:CAL0000193371] [protein=hypothetical protein] [protein_id=AOW26606.1] [location=complement(2139280..2139498)] [gbkey=CDS],5,3,1,4,1,2,0,3,1,0,0,0,1,0,5,3,7,0,0,0,0,0,0,3,1,0,0,0,2,1,0,1,2,0,3,2,0,1,0,0,1,0,1,0,0,0,1,1,0,3,0,1,3,3,0,1,0,0,0,0,3,0,0,1
lcl|CP017623.1_cds_AOW26607.1_903 [locus_tag=CAALFM_C109750WA] [db_xref=CGD:CAL0000174567] [protein=GET complex subunit] [protein_id=AOW26607.1] [location=2139718..2140614] [gbkey=CDS],8,6,8,5,6,2,1,7,7,0,2,6,6,1,7,5,13,1,4,5,9,1,1,5,1,1,0,1,1,3,0,6,12,3,8,13,9,4,0,9,2,2,3,8,2,2,5,11,0,3,0,10,7,2,9,2,0,0,2,0,7,4,15,14
lcl|CP017623.1_cds_AOW26608.1_904 [gene=SHY1] [locus_tag=CAALFM_C109760CA] [db_xref=CGD:CAL0000182145] [protein=Shy1p] [protein_id=AOW26608.1] [location=complement(2140691..2141770)] [gbkey=CDS],15,5,15,8,4,3,0,6,10,2,2,5,7,2,10,15,13,4,6,5,13,2,2,5,2,0,1,5,2,2,1,6,15,6,3,12,10,8,0,4,10,3,2,3,3,3,5,7,0,3,0,6,10,3,1,2,0,1,6,3,20,3,10,18
lcl|CP017623.1_cds_AOW26609.1_905 [locus_tag=CAALFM_C109770WA] [db_xref=CGD:CAL0000179602] [protein=hypothetical protein] [protein_id=AOW26609.1] [location=2142201..2142542] [gbkey=CDS],9,5,2,3,5,0,0,4,5,1,1,2,1,1,3,3,3,0,2,1,0,0,0,0,1,0,0,0,3,2,0,0,7,0,0,3,8,1,1,2,1,1,3,1,3,0,0,3,0,2,0,5,1,0,0,1,0,0,3,0,2,2,3,2
lcl|CP017623.1_cds_AOW26610.1_906 [locus_tag=CAALFM_C109780CA] [db_xref=CGD:CAL0000198623] [protein=putative ferric-chelate reductase] [protein_id=AOW26610.1] [location=complement(2142636..2144831)] [gbkey=CDS],31,16,11,33,15,10,3,19,17,7,1,16,25,14,8,31,15,9,8,16,17,6,3,5,8,3,0,9,10,0,4,9,23,16,8,19,13,4,0,8,11,1,5,10,6,7,5,20,0,13,0,24,17,11,3,9,0,5,11,6,24,15,28,29
lcl|CP017623.1_cds_AOW26611.1_907 [locus_tag=CAALFM_C109790CA] [db_xref=CGD:CAL0000199717] [protein=TRAMP complex RNA-binding subunit] [protein_id=AOW26611.1] [location=complement(2145394..2146539)] [gbkey=CDS],21,10,8,13,13,1,4,5,25,9,4,13,8,3,2,5,13,2,2,6,11,3,2,4,2,0,1,2,2,2,5,1,11,5,10,15,5,3,1,2,11,8,7,10,0,2,2,4,0,10,0,8,9,7,4,3,0,0,1,15,4,5,3,13
lcl|CP017623.1_cds_AOW26612.1_908 [gene=TVP18] [locus_tag=CAALFM_C109800CA] [db_xref=CGD:CAL0000196216] [protein=Tvp18p] [protein_id=AOW26612.1] [location=complement(2146924..2147445)] [gbkey=CDS],3,1,4,6,5,0,0,3,2,0,0,5,6,3,0,6,5,1,1,2,3,0,0,1,0,0,0,1,0,0,0,6,2,0,2,5,7,1,1,5,4,0,2,7,3,5,3,5,0,0,0,5,4,1,0,3,0,1,2,4,11,3,13,9
lcl|CP017623.1_cds_AOW26613.1_909 [locus_tag=CAALFM_C109810WA] [db_xref=CGD:CAL0000179660] [protein=hypothetical protein] [protein_id=AOW26613.1] [location=2148118..2149359] [gbkey=CDS],20,8,13,13,10,2,4,7,11,0,2,5,8,6,6,15,5,3,5,3,10,2,1,6,1,0,0,5,4,0,2,5,11,14,4,25,10,10,1,6,11,2,6,16,4,2,11,13,0,5,0,6,6,3,1,4,0,2,4,5,13,8,22,5
lcl|CP017623.1_cds_AOW26614.1_910 [locus_tag=CAALFM_C109820CA] [db_xref=CGD:CAL0000179103] [protein=hypothetical protein] [protein_id=AOW26614.1] [location=complement(2148315..2148767)] [gbkey=CDS],5,5,4,8,6,2,0,1,0,1,0,0,5,4,0,3,2,0,1,3,6,7,1,3,2,0,0,0,0,2,3,4,0,1,0,2,5,1,1,2,1,3,0,2,1,2,1,3,0,1,0,2,8,7,2,4,0,2,2,5,3,2,3,5
lcl|CP017623.1_cds_AOW26615.1_911 [gene=SKI3] [locus_tag=CAALFM_C109830WA] [db_xref=CGD:CAL0000188763] [protein=SKI complex subunit tetratricopeptide repeat protein] [protein_id=AOW26615.1] [location=2149689..2153891] [gbkey=CDS],61,23,38,61,15,5,4,34,27,9,6,21,17,18,16,47,61,5,7,10,8,2,1,15,4,1,4,11,7,9,5,22,75,24,30,70,45,14,15,43,20,3,10,31,11,14,23,31,0,23,0,53,23,4,14,25,0,1,17,18,57,17,75,39
lcl|CP017623.1_cds_AOW26616.1_912 [locus_tag=CAALFM_C109840CA] [db_xref=CGD:CAL0000185317] [protein=hypothetical protein] [protein_id=AOW26616.1] [location=complement(2153952..2154935)] [gbkey=CDS],16,5,11,14,14,5,2,9,4,3,0,3,8,5,7,9,15,2,2,8,5,1,0,11,1,1,0,1,1,0,0,2,20,6,2,14,3,3,1,1,3,2,1,1,2,1,6,7,0,4,0,7,10,6,1,13,0,0,2,3,19,4,11,8
lcl|CP017623.1_cds_AOW26617.1_913 [locus_tag=CAALFM_C109850CA] [db_xref=CGD:CAL0000174016] [protein=hypothetical protein] [protein_id=AOW26617.1] [location=complement(2155954..2157804)] [gbkey=CDS],34,10,17,36,13,7,5,14,15,3,1,16,9,5,4,25,22,1,2,10,5,5,2,4,1,0,0,3,3,0,0,6,45,9,15,46,6,3,0,10,9,1,3,10,2,3,6,8,0,11,0,16,12,6,5,8,0,1,1,7,37,3,39,15
lcl|CP017623.1_cds_AOW26618.1_914 [gene=TFA1] [locus_tag=CAALFM_C109860CA] [db_xref=CGD:CAL0000198769] [protein=transcription factor TFIIE subunit] [protein_id=AOW26618.1] [location=complement(2158652..2159836)] [gbkey=CDS],18,6,3,17,3,5,0,13,9,4,1,6,7,6,7,11,18,4,9,4,4,0,0,5,5,0,1,4,1,0,0,7,27,13,9,23,14,4,0,9,6,3,1,4,6,6,2,6,0,3,0,7,15,6,3,6,0,0,2,5,13,3,11,8
lcl|CP017623.1_cds_AOW26619.1_915 [gene=HCM1] [locus_tag=CAALFM_C109870WA] [db_xref=CGD:CAL0000174229] [protein=Hcm1p] [protein_id=AOW26619.1] [location=2161357..2163096] [gbkey=CDS],36,12,15,27,20,7,3,10,13,8,5,12,9,8,7,13,18,6,8,7,15,3,6,15,2,0,1,3,4,0,6,9,23,13,10,22,15,0,2,14,3,3,3,9,4,7,6,3,0,5,0,13,26,8,9,19,0,1,5,2,13,5,15,12
lcl|CP017623.1_cds_AOW26620.1_916 [gene=BUD31] [locus_tag=CAALFM_C109880CA] [db_xref=CGD:CAL0000199633] [protein=U2 snRNP complex subunit] [protein_id=AOW26620.1] [location=complement(2163426..2163878)] [gbkey=CDS],18,1,5,9,3,3,0,3,1,0,0,1,7,2,0,3,4,0,0,0,3,1,2,5,3,0,0,1,1,0,0,2,7,3,0,4,0,2,1,3,1,1,1,5,0,0,2,3,0,3,0,6,3,1,0,4,0,1,3,8,7,0,2,0
lcl|CP017623.1_cds_AOW26621.1_917 [gene=LIP3] [locus_tag=CAALFM_C109900WA] [db_xref=CGD:CAL0000182579] [protein=Lip3p] [protein_id=AOW26621.1] [location=2166008..2167423] [gbkey=CDS],19,7,8,11,6,8,1,13,9,1,0,5,7,7,6,15,12,2,5,3,10,4,1,9,2,0,0,0,2,2,1,8,16,5,7,23,11,6,0,18,16,6,7,17,6,4,5,19,0,5,0,12,14,6,2,7,0,2,7,4,16,9,17,19
lcl|CP017623.1_cds_AOW26622.1_918 [locus_tag=CAALFM_C109910CA] [db_xref=CGD:CAL0000175421] [protein=hypothetical protein] [protein_id=AOW26622.1] [location=complement(2167566..2168384)] [gbkey=CDS],6,12,4,17,3,0,4,5,7,2,3,8,7,8,9,8,6,5,7,2,3,0,4,4,1,2,0,2,2,1,2,2,5,3,5,13,3,2,2,4,3,3,1,1,1,0,2,3,0,4,0,8,8,0,2,2,0,1,2,5,11,8,15,8
lcl|CP017623.1_cds_AOW26623.1_919 [gene=VPS41] [locus_tag=CAALFM_C109920WA] [db_xref=CGD:CAL0000197907] [protein=Vps41p] [protein_id=AOW26623.1] [location=2169696..2172581] [gbkey=CDS],50,11,21,32,33,3,9,11,12,8,4,16,34,15,14,43,21,7,9,16,17,5,4,13,10,0,0,4,6,1,2,10,61,23,29,51,10,8,6,20,13,5,10,10,13,6,18,16,0,10,0,23,24,7,4,14,0,1,14,1,35,12,44,31
lcl|CP017623.1_cds_AOW26624.1_920 [locus_tag=CAALFM_C109930WA] [db_xref=CGD:CAL0000184908] [protein=hypothetical protein] [protein_id=AOW26624.1] [location=2172939..2173751] [gbkey=CDS],12,10,6,23,6,6,5,6,11,2,1,9,3,2,4,13,7,2,0,6,4,2,0,6,1,1,0,1,4,0,0,2,14,2,2,11,5,3,0,4,1,0,1,3,1,2,1,6,0,0,0,9,11,4,1,2,0,0,1,1,9,6,6,8
lcl|CP017623.1_cds_AOW26625.1_921 [locus_tag=CAALFM_C109940WA] [db_xref=CGD:CAL0000201038] [protein=hypothetical protein] [protein_id=AOW26625.1] [location=2173813..2174097] [gbkey=CDS],7,5,0,4,3,0,1,1,0,1,0,1,5,0,0,5,4,1,0,1,3,0,0,1,0,0,0,0,2,0,1,3,1,0,0,2,4,2,1,1,1,0,0,1,2,2,1,0,0,3,0,2,2,2,0,2,0,0,2,1,9,0,1,2
lcl|CP017623.1_cds_AOW26626.1_922 [locus_tag=CAALFM_C109950CA] [db_xref=CGD:CAL0000197417] [protein=hypothetical protein] [protein_id=AOW26626.1] [location=complement(2174079..2174675)] [gbkey=CDS],4,4,1,14,6,5,2,4,2,1,0,2,6,1,1,7,9,1,1,3,8,1,2,3,4,0,0,0,2,0,2,0,10,2,0,7,4,0,0,4,7,1,1,2,3,1,2,5,0,0,0,8,10,1,0,3,0,0,4,0,9,3,4,10
"lcl|CP017623.1_cds_AOW26627.1_923 [gene=PET100] [locus_tag=CAALFM_C109960WA] [db_xref=CGD:CAL0000185665] [protein=Pet100p] [protein_id=AOW26627.1] [location=join(2174942..2175001,2175103..2175366)] [gbkey=CDS]",7,0,1,2,5,0,0,1,5,0,0,0,6,2,1,2,6,0,0,1,3,0,0,3,2,0,0,2,1,0,0,0,12,0,2,4,3,2,0,1,0,1,2,2,0,0,1,1,0,0,0,3,1,0,0,3,0,0,1,0,9,4,1,3
lcl|CP017623.1_cds_AOW26628.1_924 [gene=PDC2] [locus_tag=CAALFM_C109970CA] [db_xref=CGD:CAL0000185877] [protein=Pdc2p] [protein_id=AOW26628.1] [location=complement(2175531..2178041)] [gbkey=CDS],40,20,8,46,10,7,8,21,12,3,4,15,22,7,15,37,40,3,5,9,24,3,3,18,11,1,5,2,9,2,4,8,38,10,9,42,13,4,1,15,15,2,7,16,7,1,14,21,0,10,0,18,28,6,13,21,0,1,14,5,22,3,33,24
lcl|CP017623.1_cds_AOW26629.1_925 [locus_tag=CAALFM_C109980CA] [db_xref=CGD:CAL0000193690] [protein=acylglycerol lipase] [protein_id=AOW26629.1] [location=complement(2178865..2179779)] [gbkey=CDS],23,5,1,22,1,2,0,9,11,0,0,3,2,3,2,19,7,1,1,8,7,0,2,5,0,0,0,1,0,0,1,1,17,0,3,19,1,2,0,7,5,2,1,14,2,5,1,12,0,4,0,6,4,3,0,4,0,0,2,0,15,11,12,14
lcl|CP017623.1_cds_AOW26630.1_926 [gene=SAC1] [locus_tag=CAALFM_C109990WA] [db_xref=CGD:CAL0000200575] [protein=phosphatidylinositol-3-phosphatase] [protein_id=AOW26630.1] [location=2180946..2182802] [gbkey=CDS],35,2,7,61,12,6,0,20,16,0,0,6,0,7,4,36,25,1,0,16,6,0,1,9,0,0,0,6,0,0,2,5,19,2,0,31,6,6,1,10,15,1,4,18,7,5,6,19,0,1,0,36,13,7,0,14,0,0,8,6,41,19,19,20
lcl|CP017623.1_cds_AOW26631.1_927 [gene=CPP1] [locus_tag=CAALFM_C110000CA] [db_xref=CGD:CAL0000191382] [protein=tyrosine/serine/threonine protein phosphatase] [protein_id=AOW26631.1] [location=complement(2183212..2185005)] [gbkey=CDS],17,25,11,53,18,13,4,15,7,3,1,22,19,9,16,10,26,4,3,5,26,6,3,13,4,0,0,2,6,1,2,2,15,5,4,16,8,4,1,11,5,1,2,10,7,0,7,7,0,8,0,12,36,7,8,13,0,1,1,6,19,9,17,10
lcl|CP017623.1_cds_AOW26632.1_928 [gene=SWE1] [locus_tag=CAALFM_C110010CA] [db_xref=CGD:CAL0000197159] [protein=tyrosine protein kinase] [protein_id=AOW26632.1] [location=complement(2189027..2192563)] [gbkey=CDS],57,32,31,75,29,14,10,22,18,14,7,39,28,15,20,49,24,11,13,21,41,5,10,20,5,4,1,3,11,1,12,7,54,22,10,60,20,6,1,25,21,8,8,16,6,7,8,11,0,9,0,19,38,13,14,26,0,0,4,8,29,12,36,37
lcl|CP017623.1_cds_AOW26633.1_929 [gene=SFU1] [locus_tag=CAALFM_C110020WA] [db_xref=CGD:CAL0000194032] [protein=Sfu1p] [protein_id=AOW26633.1] [location=2195272..2196825] [gbkey=CDS],25,9,6,27,20,5,5,19,14,1,2,9,14,3,5,12,19,7,6,13,29,4,13,18,4,0,2,5,4,1,2,3,13,8,5,13,6,5,6,9,15,4,1,7,2,1,2,6,0,3,0,14,30,2,7,15,0,2,2,13,8,0,7,4
lcl|CP017623.1_cds_AOW26634.1_930 [gene=DBP3] [locus_tag=CAALFM_C110030WA] [db_xref=CGD:CAL0000185988] [protein=RNA-dependent ATPase] [protein_id=AOW26634.1] [location=2196988..2198682] [gbkey=CDS],45,4,28,28,9,10,1,17,17,3,0,12,5,11,5,18,20,0,0,10,9,2,0,5,2,0,0,3,0,0,0,2,29,7,5,31,4,14,0,18,5,0,5,17,6,4,7,20,0,1,0,9,18,1,1,17,0,1,2,3,29,8,15,20
lcl|CP017623.1_cds_AOW26635.1_931 [gene=ERO1] [locus_tag=CAALFM_C110040WA] [db_xref=CGD:CAL0000201231] [protein=ER oxidoreductin] [protein_id=AOW26635.1] [location=2199783..2201525] [gbkey=CDS],24,11,7,33,6,10,0,14,19,1,0,16,7,5,8,26,27,3,2,7,12,3,0,11,1,0,0,6,2,1,4,3,38,11,2,28,5,8,0,11,4,0,3,14,6,7,5,21,0,6,0,17,14,4,1,5,0,1,7,11,22,12,22,25
lcl|CP017623.1_cds_AOW26636.1_932 [locus_tag=CAALFM_C110050WA] [db_xref=CGD:CAL0000187748] [protein=hypothetical protein] [protein_id=AOW26636.1] [location=2202127..2202978] [gbkey=CDS],24,6,7,12,11,4,0,8,3,1,1,8,18,4,5,14,8,1,0,10,6,0,0,0,1,0,0,0,0,0,3,1,13,3,0,9,4,0,0,1,3,0,1,4,3,0,0,3,0,0,0,10,9,7,1,7,0,0,5,5,16,3,6,13
lcl|CP017623.1_cds_AOW26637.1_933 [locus_tag=CAALFM_C110060CA] [db_xref=CGD:CAL0000200118] [protein=hypothetical protein] [protein_id=AOW26637.1] [location=complement(2203460..2203972)] [gbkey=CDS],18,6,8,11,3,2,0,4,1,1,0,8,2,2,2,6,9,1,0,3,2,0,0,4,0,0,0,1,0,0,1,0,3,4,2,13,1,2,0,5,0,2,0,2,0,1,3,5,0,1,0,4,6,0,2,2,0,0,1,0,4,4,3,4
lcl|CP017623.1_cds_AOW26638.1_934 [gene=MNN23] [locus_tag=CAALFM_C110070CA] [db_xref=CGD:CAL0000193748] [protein=Mnn23p] [protein_id=AOW26638.1] [location=complement(2205458..2207278)] [gbkey=CDS],42,8,9,27,6,4,0,18,11,0,0,5,12,8,14,17,26,4,1,11,13,0,1,9,2,0,0,3,1,1,1,8,36,10,5,38,9,4,3,8,9,2,5,15,7,4,8,22,0,8,0,22,16,8,2,12,0,0,6,6,29,9,17,23
lcl|CP017623.1_cds_AOW26639.1_935 [locus_tag=CAALFM_C110080WA] [db_xref=CGD:CAL0000190345] [protein=U2-type spliceosomal complex subunit] [protein_id=AOW26639.1] [location=2208542..2209030] [gbkey=CDS],18,6,6,6,4,0,1,1,7,0,1,0,3,1,2,3,8,0,3,3,4,0,1,0,3,0,1,0,1,0,0,1,14,1,4,10,3,3,0,2,4,1,0,2,0,1,1,3,0,0,0,5,5,1,3,3,0,0,0,1,4,0,4,2
lcl|CP017623.1_cds_AOW26640.1_936 [locus_tag=CAALFM_C110090CA] [db_xref=CGD:CAL0000178029] [protein=hypothetical protein] [protein_id=AOW26640.1] [location=complement(2209373..2211919)] [gbkey=CDS],48,14,21,31,36,9,4,31,22,8,0,17,10,3,4,26,35,4,7,10,47,5,3,24,1,1,0,10,1,0,8,3,75,23,29,46,14,4,3,18,6,5,3,16,16,4,5,24,0,2,0,0,33,7,7,19,0,0,1,0,15,2,15,12
"lcl|CP017623.1_cds_AOW26641.1_937 [gene=NTF2] [locus_tag=CAALFM_C110100CA] [db_xref=CGD:CAL0000201779] [protein=Ran GTPase-binding protein] [protein_id=AOW26641.1] [location=complement(join(2212261..2212628,2212738..2212744))] [gbkey=CDS]",1,4,1,6,0,0,0,5,5,0,0,0,0,2,2,4,9,1,0,1,2,0,0,1,0,0,0,1,0,0,0,0,5,3,2,6,3,2,0,4,1,0,1,3,0,1,2,5,0,3,0,4,3,3,0,5,0,0,0,1,6,3,6,6
lcl|CP017623.1_cds_AOW26642.1_938 [locus_tag=CAALFM_C110110WA] [db_xref=CGD:CAL0000197359] [protein=hypothetical protein] [protein_id=AOW26642.1] [location=2213970..2216138] [gbkey=CDS],38,18,10,23,15,8,3,17,16,5,3,17,12,5,13,26,16,7,5,15,14,7,4,12,9,0,1,3,5,2,3,7,28,15,4,35,12,4,1,12,11,4,7,25,9,5,9,12,0,10,0,22,18,5,6,7,0,2,6,23,25,12,27,26
lcl|CP017623.1_cds_AOW26643.1_939 [locus_tag=CAALFM_C110120CA] [db_xref=CGD:CAL0000190129] [protein=transcription factor TFIIE subunit] [protein_id=AOW26643.1] [location=complement(2216358..2217212)] [gbkey=CDS],11,1,23,12,10,3,4,4,6,0,0,3,3,3,4,7,14,1,2,5,8,0,1,3,2,0,0,3,0,0,1,2,14,6,2,12,3,3,0,7,6,2,1,6,5,0,6,5,0,1,0,6,14,2,3,3,0,0,3,1,14,2,16,4
lcl|CP017623.1_cds_AOW26644.1_940 [locus_tag=CAALFM_C110140CA] [db_xref=CGD:CAL0000176152] [protein=hypothetical protein] [protein_id=AOW26644.1] [location=complement(2217841..2220072)] [gbkey=CDS],31,19,21,45,13,6,4,11,18,5,4,21,8,10,10,34,20,5,8,6,20,5,1,11,8,1,2,4,9,3,4,9,28,10,8,36,9,2,0,16,7,5,5,12,2,3,7,12,0,11,0,32,28,11,9,13,0,1,6,6,24,8,37,18
lcl|CP017623.1_cds_AOW26645.1_941 [gene=WOR1] [locus_tag=CAALFM_C110150WA] [db_xref=CGD:CAL0000193718] [protein=Wor1p] [protein_id=AOW26645.1] [location=2230403..2232760] [gbkey=CDS],17,19,11,61,34,10,2,20,7,5,0,45,10,7,10,22,47,10,4,21,18,5,1,12,5,1,0,5,4,0,6,10,18,9,2,17,17,5,3,18,23,13,6,38,10,3,7,22,0,12,0,29,30,11,7,24,0,0,4,1,10,0,7,9
lcl|CP017623.1_cds_AOW26646.1_942 [gene=MIR1] [locus_tag=CAALFM_C110160WA] [db_xref=CGD:CAL0000184756] [protein=Mir1p] [protein_id=AOW26646.1] [location=2236246..2237169] [gbkey=CDS],19,5,3,4,1,5,0,17,6,0,0,1,0,9,3,13,11,2,0,0,15,0,0,1,0,0,0,0,0,1,0,1,12,0,0,7,0,12,0,23,0,0,0,32,0,8,0,9,0,11,0,3,6,5,0,8,0,0,0,4,9,13,23,4
lcl|CP017623.1_cds_AOW26647.1_943 [locus_tag=CAALFM_C110170WA] [db_xref=CGD:CAL0000179752] [protein=hypothetical protein] [protein_id=AOW26647.1] [location=2239042..2239758] [gbkey=CDS],11,4,4,22,7,7,0,13,2,1,0,6,1,5,0,13,5,1,0,2,5,0,0,2,1,0,0,0,0,0,0,2,8,0,1,8,6,2,0,6,7,0,1,7,0,1,0,5,0,0,0,9,11,3,1,6,0,0,1,3,16,7,3,11
lcl|CP017623.1_cds_AOW26648.1_944 [gene=ECM21] [locus_tag=CAALFM_C110180CA] [db_xref=CGD:CAL0000196288] [protein=Ecm21p] [protein_id=AOW26648.1] [location=complement(2240080..2242266)] [gbkey=CDS],35,18,12,50,15,8,3,22,5,1,2,14,9,9,15,33,10,5,4,24,23,5,2,12,7,1,2,9,0,1,8,7,35,5,4,43,12,4,2,9,5,4,4,12,6,3,10,22,0,5,0,22,37,8,5,19,0,1,3,9,32,6,14,15
lcl|CP017623.1_cds_AOW26649.1_945 [locus_tag=CAALFM_C110190WA] [db_xref=CGD:CAL0000199519] [protein=hypothetical protein] [protein_id=AOW26649.1] [location=2245299..2246132] [gbkey=CDS],13,4,1,18,9,3,0,11,17,0,0,6,6,2,4,10,5,0,2,10,9,0,1,6,1,0,0,7,0,0,2,2,15,2,1,19,4,2,0,4,5,1,1,12,2,1,1,4,0,0,0,6,13,3,0,8,0,0,0,2,11,2,3,5
lcl|CP017623.1_cds_AOW26650.1_946 [locus_tag=CAALFM_C110200CA] [db_xref=CGD:CAL0000190891] [protein=hypothetical protein] [protein_id=AOW26650.1] [location=complement(2246376..2248130)] [gbkey=CDS],18,3,3,22,13,7,3,30,6,0,1,2,11,5,14,39,26,1,0,4,12,3,1,9,3,0,1,4,0,0,0,3,23,3,1,20,12,4,0,26,14,0,8,22,11,2,5,13,0,0,0,28,23,1,1,12,0,1,16,8,39,9,11,26
lcl|CP017623.1_cds_AOW26651.1_947 [gene=CLA4] [locus_tag=CAALFM_C110210CA] [db_xref=CGD:CAL0000192143] [protein=serine/threonine protein kinase] [protein_id=AOW26651.1] [location=complement(2249405..2252335)] [gbkey=CDS],75,13,12,77,24,9,1,26,9,4,1,20,5,8,15,41,66,3,6,24,36,6,2,24,3,0,0,8,4,1,5,6,35,3,3,40,15,4,3,20,14,10,10,29,7,6,7,22,0,1,0,21,44,8,5,33,0,0,10,5,42,5,21,18
lcl|CP017623.1_cds_AOW26652.1_948 [gene=TPK1] [locus_tag=CAALFM_C110220CA] [db_xref=CGD:CAL0000200060] [protein=Tpk1p] [protein_id=AOW26652.1] [location=complement(2255500..2256717)] [gbkey=CDS],24,6,2,22,11,2,0,18,8,1,1,4,13,5,9,12,17,1,1,9,12,1,1,8,8,0,0,2,2,0,0,3,20,6,0,26,2,2,0,8,6,1,2,14,5,1,4,6,0,1,0,18,12,4,1,2,0,0,5,2,27,4,7,15
lcl|CP017623.1_cds_AOW26653.1_949 [locus_tag=CAALFM_C110230CA] [db_xref=CGD:CAL0000181206] [protein=hypothetical protein] [protein_id=AOW26653.1] [location=complement(2259255..2263580)] [gbkey=CDS],65,28,25,97,22,13,8,39,28,11,12,37,35,24,23,56,51,14,11,16,19,7,2,10,14,0,1,6,10,7,2,17,65,30,19,87,26,9,5,19,17,6,9,20,12,10,16,28,0,9,0,46,39,10,12,26,0,8,9,7,70,17,52,47
lcl|CP017623.1_cds_AOW26654.1_950 [locus_tag=CAALFM_C110240CA] [db_xref=CGD:CAL0000180176] [protein=bifunctional 4-hydroxy-4-methyl-2-oxoglutarate aldolase/oxaloacetate decarboxylase] [protein_id=AOW26654.1] [location=complement(2263977..2264711)] [gbkey=CDS],12,7,8,9,3,2,1,3,5,1,0,5,5,5,1,8,7,1,0,1,6,2,0,7,1,0,0,1,1,0,0,0,7,6,4,10,5,5,0,7,5,5,4,3,5,5,3,14,0,5,0,5,9,3,0,5,0,1,2,0,11,1,10,1
lcl|CP017623.1_cds_AOW26655.1_951 [locus_tag=CAALFM_C110250CA] [db_xref=CGD:CAL0000178209] [protein=hypothetical protein] [protein_id=AOW26655.1] [location=complement(2264987..2265808)] [gbkey=CDS],25,3,10,8,9,3,0,5,4,2,0,5,6,3,2,2,12,0,3,9,5,3,2,2,6,1,2,2,1,0,3,1,20,5,3,21,2,2,2,2,6,3,1,3,3,2,4,5,0,2,0,3,6,2,3,3,0,0,0,0,12,2,10,6
lcl|CP017623.1_cds_AOW26656.1_952 [gene=RPA34] [locus_tag=CAALFM_C110260CA] [db_xref=CGD:CAL0000179921] [protein=DNA-directed RNA polymerase I subunit] [protein_id=AOW26656.1] [location=complement(2266205..2266927)] [gbkey=CDS],32,2,18,6,2,2,0,3,6,1,0,5,4,2,1,3,2,1,3,3,6,1,0,5,1,0,0,0,2,0,1,2,23,9,9,11,4,3,1,2,3,1,1,3,2,3,2,6,0,4,0,3,8,2,0,6,0,0,1,0,4,7,4,3
lcl|CP017623.1_cds_AOW26657.1_953 [gene=SFH5] [locus_tag=CAALFM_C110270CA] [db_xref=CGD:CAL0000192835] [protein=Sfh5p] [protein_id=AOW26657.1] [location=complement(2267309..2268271)] [gbkey=CDS],16,13,17,12,8,3,0,6,5,1,1,4,4,5,4,18,5,2,1,1,2,2,2,6,0,0,0,2,2,1,2,2,23,6,4,16,3,3,1,4,4,5,2,4,5,1,4,8,0,3,0,6,9,0,3,5,0,0,4,0,13,6,16,14
lcl|CP017623.1_cds_AOW26658.1_954 [locus_tag=CAALFM_C110280CA] [db_xref=CGD:CAL0000198473] [protein=hypothetical protein] [protein_id=AOW26658.1] [location=complement(2268532..2269221)] [gbkey=CDS],16,1,7,9,4,6,0,4,3,1,0,5,1,2,2,15,5,1,0,1,4,0,0,1,0,0,0,2,0,3,1,2,7,4,4,9,7,5,0,8,10,1,3,8,1,3,2,8,0,0,0,4,12,4,2,3,0,0,3,1,9,1,7,6
lcl|CP017623.1_cds_AOW26659.1_955 [gene=GCA1] [locus_tag=CAALFM_C110290WA] [db_xref=CGD:CAL0000192588] [protein=Gca1p] [protein_id=AOW26659.1] [location=2271400..2274240] [gbkey=CDS],35,28,10,34,18,7,0,40,15,3,0,10,3,6,12,39,24,10,0,15,42,0,0,12,0,0,0,6,0,3,0,13,54,10,6,48,17,12,0,32,12,3,2,55,8,10,6,46,0,24,0,32,21,9,2,20,0,0,15,5,22,26,35,28
"lcl|CP017623.1_cds_AOW26660.1_956 [gene=MNN12] [locus_tag=CAALFM_C110300WA] [db_xref=CGD:CAL0000176287] [protein=alpha-1,3-mannosyltransferase] [protein_id=AOW26660.1] [location=2276260..2278746] [gbkey=CDS]",69,6,9,64,9,9,4,22,12,0,0,6,20,7,18,32,36,3,1,19,13,3,1,16,11,0,0,7,8,1,2,10,43,3,4,54,6,6,1,13,10,1,8,12,11,4,4,17,0,1,0,40,37,4,0,6,0,0,13,7,42,8,6,48
lcl|CP017623.1_cds_AOW26661.1_957 [locus_tag=CAALFM_C110310WA] [db_xref=CGD:CAL0000179945] [protein=hypothetical protein] [protein_id=AOW26661.1] [location=2279973..2281007] [gbkey=CDS],21,5,8,22,4,5,1,17,3,2,0,4,4,4,1,25,14,0,1,6,9,3,2,1,0,0,0,4,1,2,4,1,17,3,1,21,3,1,0,5,8,0,0,9,1,2,2,13,0,3,0,16,11,2,0,2,0,0,4,4,18,6,5,12
lcl|CP017623.1_cds_AOW26662.1_958 [locus_tag=CAALFM_C110320WA] [db_xref=CGD:CAL0000183720] [protein=N-acetylglucosaminylphosphatidylinositol deacetylase] [protein_id=AOW26662.1] [location=2282222..2283286] [gbkey=CDS],19,5,4,34,8,3,1,16,6,1,0,14,13,4,6,26,18,2,0,6,5,1,1,3,1,1,0,1,1,1,1,7,11,1,0,14,1,0,0,5,4,0,0,4,3,2,1,4,0,1,0,18,12,4,3,2,0,0,4,1,18,5,10,16
lcl|CP017623.1_cds_AOW26663.1_959 [locus_tag=CAALFM_C110330CA] [db_xref=CGD:CAL0000174064] [protein=hypothetical protein] [protein_id=AOW26663.1] [location=complement(2283308..2284648)] [gbkey=CDS],24,2,2,36,4,6,1,19,3,0,1,7,19,2,5,19,24,1,3,9,12,1,2,7,4,1,0,2,5,0,5,4,22,1,1,29,4,1,1,3,7,1,7,6,5,1,4,7,0,0,0,15,19,1,4,7,0,0,7,6,29,7,4,16
lcl|CP017623.1_cds_AOW26664.1_960 [locus_tag=CAALFM_C110340WA] [db_xref=CGD:CAL0000198270] [protein=hypothetical protein] [protein_id=AOW26664.1] [location=2285484..2287037] [gbkey=CDS],20,10,3,29,5,4,1,18,4,2,0,14,17,7,14,28,16,1,1,7,8,2,0,3,1,0,0,1,0,3,0,4,14,6,1,12,12,9,0,12,17,5,6,18,10,4,3,14,0,4,0,20,17,5,0,13,0,0,6,9,20,9,22,25
lcl|CP017623.1_cds_AOW26665.1_961 [locus_tag=CAALFM_C110350CA] [db_xref=CGD:CAL0000195606] [protein=hypothetical protein] [protein_id=AOW26665.1] [location=complement(2287135..2289441)] [gbkey=CDS],13,7,3,38,38,17,6,37,11,31,1,46,4,7,8,18,34,1,8,8,16,6,1,7,4,0,0,6,0,0,9,4,19,11,1,31,11,7,1,14,13,2,3,29,8,1,2,11,0,3,0,8,78,22,13,38,0,0,1,0,16,11,7,17
lcl|CP017623.1_cds_AOW26666.1_962 [locus_tag=CAALFM_C110360CA] [db_xref=CGD:CAL0000189087] [protein=hypothetical protein] [protein_id=AOW26666.1] [location=complement(2292855..2294669)] [gbkey=CDS],21,13,10,27,6,7,3,20,8,6,0,15,7,5,28,29,23,4,1,13,14,3,0,8,0,0,0,2,3,2,3,2,21,1,5,19,9,5,0,10,10,3,4,18,6,4,4,15,0,5,0,19,19,4,5,7,0,1,13,7,33,17,26,30
lcl|CP017623.1_cds_AOW26667.1_963 [gene=CBK1] [locus_tag=CAALFM_C110380CA] [db_xref=CGD:CAL0000198853] [protein=serine/threonine protein kinase] [protein_id=AOW26667.1] [location=complement(2296797..2298995)] [gbkey=CDS],23,10,13,30,12,3,1,24,20,2,1,16,7,7,19,20,65,1,32,21,18,0,5,14,7,0,0,7,2,1,3,4,38,6,3,37,14,8,3,12,10,3,4,15,2,5,5,15,0,5,0,19,19,3,6,10,0,0,8,4,31,16,26,16
"lcl|CP017623.1_cds_AOW26668.1_964 [gene=RPL42] [locus_tag=CAALFM_C110390CA] [db_xref=CGD:CAL0000190451] [protein=ribosomal 60S subunit protein L42A] [protein_id=AOW26668.1] [location=complement(join(2299892..2300208,2300567..2300570))] [gbkey=CDS]",19,1,4,0,0,6,0,2,6,0,0,0,0,0,0,1,10,2,0,2,2,0,0,0,0,0,0,1,0,0,0,0,3,2,0,0,0,1,0,5,0,0,0,9,0,1,0,6,0,2,0,2,0,1,0,1,0,1,0,4,2,3,5,1
lcl|CP017623.1_cds_AOW26669.1_965 [gene=FGR41] [locus_tag=CAALFM_C110400CA] [db_xref=CGD:CAL0000194403] [protein=Fgr41p] [protein_id=AOW26669.1] [location=complement(2301144..2301896)] [gbkey=CDS],3,5,3,7,17,12,1,31,0,3,1,5,3,2,0,7,11,0,0,1,6,2,1,6,0,0,0,1,1,1,0,0,15,0,0,8,2,0,0,11,1,0,1,6,0,6,4,14,0,2,0,7,9,6,2,9,0,0,1,2,6,0,3,4
lcl|CP017623.1_cds_AOW26670.1_966 [locus_tag=CAALFM_C110410WA] [db_xref=CGD:CAL0000201370] [protein=hypothetical protein] [protein_id=AOW26670.1] [location=2304069..2305031] [gbkey=CDS],19,10,7,15,10,2,1,11,2,3,3,9,9,2,4,3,19,3,6,9,7,0,5,5,4,0,1,1,5,1,4,3,9,3,5,12,6,2,0,3,5,3,4,3,7,3,1,4,0,1,0,4,12,2,1,13,0,1,3,2,10,1,6,10
lcl|CP017623.1_cds_AOW26671.1_967 [locus_tag=CAALFM_C110420CA] [db_xref=CGD:CAL0000183537] [protein=hypothetical protein] [protein_id=AOW26671.1] [location=complement(2305152..2307086)] [gbkey=CDS],23,9,10,25,26,13,4,13,18,6,4,18,15,12,12,15,15,6,5,13,21,6,3,17,1,0,1,3,4,1,4,5,24,10,10,25,16,1,3,6,11,3,8,11,10,5,16,18,0,4,0,9,30,10,9,12,0,3,5,3,15,6,23,9
lcl|CP017623.1_cds_AOW26672.1_968 [gene=PHO8] [locus_tag=CAALFM_C110430WA] [db_xref=CGD:CAL0000181464] [protein=Pho8p] [protein_id=AOW26672.1] [location=2308995..2310503] [gbkey=CDS],23,14,9,16,5,10,0,28,13,0,1,6,1,6,4,18,19,9,1,4,10,1,0,2,0,0,0,2,0,1,0,12,21,14,2,25,1,11,0,29,4,0,1,32,2,9,1,31,0,9,0,8,10,5,0,9,0,0,4,2,17,7,20,12
lcl|CP017623.1_cds_AOW26673.1_969 [locus_tag=CAALFM_C110440WA] [db_xref=CGD:CAL0000184460] [protein=hypothetical protein] [protein_id=AOW26673.1] [location=2311138..2313651] [gbkey=CDS],40,22,11,69,26,13,2,18,12,4,1,14,14,13,6,32,48,3,17,20,23,2,6,7,2,0,0,2,6,2,5,8,38,6,15,40,14,5,4,10,10,4,6,14,11,3,7,13,0,6,0,16,28,13,11,14,0,0,7,2,28,8,31,24
lcl|CP017623.1_cds_AOW26674.1_970 [gene=GLY1] [locus_tag=CAALFM_C110450WA] [db_xref=CGD:CAL0000194550] [protein=Gly1p] [protein_id=AOW26674.1] [location=2315103..2316224] [gbkey=CDS],18,2,7,17,6,9,0,5,7,1,3,13,9,5,10,11,11,3,1,11,9,0,1,2,1,0,0,5,0,1,0,5,22,7,3,16,6,7,0,13,15,1,2,6,5,1,5,10,0,4,0,8,10,2,0,1,0,1,1,9,13,5,13,13
lcl|CP017623.1_cds_AOW26675.1_971 [locus_tag=CAALFM_C110460WA] [db_xref=CGD:CAL0000184780] [protein=hypothetical protein] [protein_id=AOW26675.1] [location=2316584..2317816] [gbkey=CDS],24,9,10,10,6,9,3,8,5,4,0,2,5,8,10,14,11,2,4,7,7,2,2,6,1,0,0,3,1,3,4,4,18,3,3,13,5,3,3,6,4,0,3,8,5,6,11,9,0,5,0,19,12,2,9,2,0,0,8,4,13,8,19,24
lcl|CP017623.1_cds_AOW26676.1_972 [locus_tag=CAALFM_C110470WA] [db_xref=CGD:CAL0000201693] [protein=mitochondrial 37S ribosomal protein MRPS5] [protein_id=AOW26676.1] [location=2318202..2319212] [gbkey=CDS],19,6,12,12,10,6,0,5,14,0,1,7,7,4,2,9,13,0,3,3,12,0,1,6,2,0,0,3,0,1,0,2,18,2,2,11,7,8,1,9,7,0,4,10,6,0,2,9,0,6,0,9,9,0,1,9,0,0,2,3,12,3,15,10
lcl|CP017623.1_cds_AOW26677.1_973 [gene=DJP1] [locus_tag=CAALFM_C110480WA] [db_xref=CGD:CAL0000189099] [protein=Djp1p] [protein_id=AOW26677.1] [location=2319689..2321215] [gbkey=CDS],43,6,23,9,9,2,3,20,6,1,1,8,3,4,9,9,20,4,4,3,2,2,1,5,1,1,0,6,2,2,1,4,63,4,16,23,17,6,2,19,9,1,4,13,4,4,5,9,0,1,0,11,11,2,4,10,0,0,5,2,16,5,13,14
lcl|CP017623.1_cds_AOW26678.1_974 [gene=LKH1] [locus_tag=CAALFM_C110490WA] [db_xref=CGD:CAL0000197502] [protein=bifunctional aminopeptidase/epoxide hydrolase] [protein_id=AOW26678.1] [location=2321499..2323370] [gbkey=CDS],42,11,6,15,14,10,1,17,15,1,1,14,7,5,9,29,17,4,0,9,25,2,0,8,0,0,0,4,0,1,0,4,45,9,9,25,9,9,0,12,8,2,4,21,7,6,6,16,0,9,0,21,8,9,2,10,0,2,12,5,9,16,38,22
lcl|CP017623.1_cds_AOW26679.1_975 [locus_tag=CAALFM_C110500WA] [db_xref=CGD:CAL0000174029] [protein=hypothetical protein] [protein_id=AOW26679.1] [location=2323932..2324456] [gbkey=CDS],11,5,2,4,6,1,1,2,3,0,1,2,2,1,0,5,4,5,0,3,7,1,0,4,0,0,0,1,2,1,0,1,10,3,2,9,2,2,0,4,5,2,0,3,0,1,4,7,0,3,0,5,3,0,2,4,0,0,3,0,5,5,9,5
lcl|CP017623.1_cds_AOW26680.1_976 [locus_tag=CAALFM_C110510WA] [db_xref=CGD:CAL0000198234] [protein=hypothetical protein] [protein_id=AOW26680.1] [location=2325501..2326049] [gbkey=CDS],8,8,4,12,3,5,0,4,2,2,2,2,2,0,4,4,10,0,1,2,6,1,1,2,2,0,0,1,2,0,1,2,7,2,4,12,5,2,2,2,4,1,2,1,0,1,2,7,0,1,0,5,4,1,1,6,0,2,3,1,4,0,2,4
lcl|CP017623.1_cds_AOW26681.1_977 [locus_tag=CAALFM_C110520WA] [db_xref=CGD:CAL0000185090] [protein=hypothetical protein] [protein_id=AOW26681.1] [location=2327281..2329134] [gbkey=CDS],37,9,12,30,9,7,1,9,9,2,2,7,16,4,9,24,14,1,3,9,24,3,0,5,1,0,5,4,7,1,2,12,30,4,12,32,6,1,0,11,9,2,5,15,8,6,7,14,0,4,0,14,10,4,3,13,0,5,6,6,37,10,35,29
lcl|CP017623.1_cds_AOW26682.1_978 [gene=SNL1] [locus_tag=CAALFM_C110530WA] [db_xref=CGD:CAL0000179145] [protein=Snl1p] [protein_id=AOW26682.1] [location=2330114..2330713] [gbkey=CDS],21,3,8,5,3,4,0,5,6,0,0,2,2,4,2,9,6,0,1,2,6,0,0,1,0,0,0,1,0,1,1,1,20,1,2,13,1,1,0,3,0,0,2,3,3,3,2,5,0,2,0,8,5,2,0,1,0,0,0,0,4,4,13,6
lcl|CP017623.1_cds_AOW26683.1_979 [locus_tag=CAALFM_C110540CA] [db_xref=CGD:CAL0000174884] [protein=hypothetical protein] [protein_id=AOW26683.1] [location=complement(2330849..2332411)] [gbkey=CDS],57,9,21,14,15,8,5,13,17,2,3,10,9,1,3,12,17,2,4,3,35,7,5,11,5,0,2,0,1,3,3,5,40,2,12,15,7,3,4,6,2,2,0,7,5,5,6,9,0,2,0,5,22,4,3,10,0,0,2,0,17,1,13,13
lcl|CP017623.1_cds_AOW26684.1_980 [gene=GCA2] [locus_tag=CAALFM_C110550CA] [db_xref=CGD:CAL0000178794] [protein=Gca2p] [protein_id=AOW26684.1] [location=complement(2332801..2335641)] [gbkey=CDS],33,27,12,31,19,5,0,44,15,5,0,7,2,6,12,36,24,7,0,16,43,0,0,11,0,0,0,6,0,4,0,11,51,10,8,49,16,14,0,30,12,3,2,56,8,9,4,48,0,22,0,33,20,9,3,19,0,0,15,5,25,26,34,29
lcl|CP017623.1_cds_AOW26685.1_981 [locus_tag=CAALFM_C110560CA] [db_xref=CGD:CAL0000181815] [protein=hypothetical protein] [protein_id=AOW26685.1] [location=complement(2337547..2339439)] [gbkey=CDS],23,9,18,30,16,4,2,15,10,4,2,11,13,7,11,28,18,5,6,9,16,4,5,11,3,0,2,7,7,3,4,9,35,4,11,29,3,2,0,11,8,2,3,10,8,3,4,10,0,5,0,10,14,5,3,12,0,3,7,6,37,12,31,29
lcl|CP017623.1_cds_AOW26686.1_982 [locus_tag=CAALFM_C110570CA] [db_xref=CGD:CAL0000181384] [protein=hypothetical protein] [protein_id=AOW26686.1] [location=complement(2340437..2342245)] [gbkey=CDS],41,9,14,33,12,4,0,9,10,3,5,11,18,9,7,18,8,3,4,15,15,6,3,10,4,0,1,1,7,2,4,15,22,5,12,20,5,3,0,9,5,5,5,13,6,5,4,13,0,5,0,15,12,8,3,6,0,1,6,5,38,14,28,27
lcl|CP017623.1_cds_AOW26687.1_983 [locus_tag=CAALFM_C110580CA] [db_xref=CGD:CAL0000197248] [protein=hypothetical protein] [protein_id=AOW26687.1] [location=complement(2344169..2344501)] [gbkey=CDS],2,0,0,8,3,0,0,7,0,0,1,3,4,1,1,8,7,1,1,4,2,0,0,0,1,0,0,0,1,0,0,4,1,0,0,2,3,1,0,3,1,0,0,3,0,0,2,2,0,0,0,3,3,0,1,2,0,1,1,1,10,2,1,7
lcl|CP017623.1_cds_AOW26688.1_984 [gene=FCY23] [locus_tag=CAALFM_C110610WA] [db_xref=CGD:CAL0000191201] [protein=Fcy23p] [protein_id=AOW26688.1] [location=2349806..2351599] [gbkey=CDS],21,2,3,22,11,2,1,26,8,1,0,12,11,7,14,38,15,0,0,4,8,2,1,10,2,0,0,11,0,0,0,7,26,3,1,15,18,7,4,16,16,1,6,31,8,1,8,17,0,0,0,23,20,3,3,13,0,0,17,8,47,13,8,24
lcl|CP017623.1_cds_AOW26689.1_985 [locus_tag=CAALFM_C110620WA] [db_xref=CGD:CAL0000194674] [protein=pseudouridine synthase] [protein_id=AOW26689.1] [location=2352465..2353904] [gbkey=CDS],46,0,19,14,1,1,1,14,21,0,0,5,1,2,9,22,15,1,0,7,13,0,0,10,2,0,0,4,0,0,0,0,36,0,2,35,2,3,0,18,6,2,3,17,7,2,0,29,0,1,0,16,10,3,3,14,0,0,5,8,37,0,8,3
lcl|CP017623.1_cds_AOW26690.1_986 [locus_tag=CAALFM_C110630CA] [db_xref=CGD:CAL0000200457] [protein=hypothetical protein] [protein_id=AOW26690.1] [location=complement(2354068..2356800)] [gbkey=CDS],65,9,8,63,11,6,4,23,7,2,2,20,15,5,22,43,62,1,9,17,39,4,0,9,7,0,0,1,4,2,7,14,43,7,6,45,18,4,1,10,11,2,2,11,6,2,2,19,0,4,0,51,27,1,4,3,0,2,3,10,72,10,16,36
lcl|CP017623.1_cds_AOW26692.1_988 [gene=APN2] [locus_tag=CAALFM_C110650WA] [db_xref=CGD:CAL0000190938] [protein=DNA-(apurinic or apyrimidinic site) lyase] [protein_id=AOW26692.1] [location=2360939..2362294] [gbkey=CDS],38,5,2,31,11,3,0,11,14,0,0,8,17,3,8,15,17,0,0,10,6,3,1,5,3,1,0,2,4,0,1,7,25,5,9,25,6,3,0,5,11,0,1,9,5,3,2,11,0,1,0,13,9,2,2,12,0,0,5,8,27,3,5,17
lcl|CP017623.1_cds_AOW26693.1_989 [gene=TBP1] [locus_tag=CAALFM_C110660WA] [db_xref=CGD:CAL0000189736] [protein=TATA-binding protein] [protein_id=AOW26693.1] [location=2362524..2363240] [gbkey=CDS],17,1,8,11,3,2,3,6,7,0,1,0,5,2,4,15,6,0,0,2,7,2,1,2,1,0,0,2,0,0,1,4,15,1,1,15,3,3,1,12,1,1,6,7,0,0,6,7,0,0,0,6,4,2,1,2,0,0,0,2,11,3,4,10
lcl|CP017623.1_cds_AOW26694.1_990 [gene=RPA190] [locus_tag=CAALFM_C110670CA] [db_xref=CGD:CAL0000187313] [protein=DNA-directed RNA polymerase I core subunit] [protein_id=AOW26694.1] [location=complement(2364210..2369207)] [gbkey=CDS],105,16,25,89,21,11,7,60,54,0,0,24,15,15,48,70,66,6,1,28,38,5,1,21,1,0,0,18,1,2,1,8,107,14,5,104,23,22,1,43,24,2,14,70,15,16,12,73,0,5,0,48,33,10,8,48,0,0,7,20,67,28,56,32
"lcl|CP017623.1_cds_AOW26695.1_991 [locus_tag=CAALFM_C110680CA] [db_xref=CGD:CAL0000196336] [protein=tricalbin] [protein_id=AOW26695.1] [location=complement(join(2369620..2373267,2373359..2373397))] [gbkey=CDS]",60,19,38,41,20,19,2,39,31,6,1,15,6,15,16,50,42,5,0,12,46,2,2,18,0,0,0,7,1,2,0,17,76,17,15,62,22,15,3,35,18,2,8,64,10,13,12,51,0,15,0,20,29,6,6,31,0,1,20,4,36,20,56,28
lcl|CP017623.1_cds_AOW26696.1_992 [locus_tag=CAALFM_C110690WA] [db_xref=CGD:CAL0000181267] [protein=hypothetical protein] [protein_id=AOW26696.1] [location=2373907..2374881] [gbkey=CDS],17,3,5,13,8,5,1,4,10,1,1,5,7,4,3,11,5,0,0,7,14,1,1,6,2,0,0,5,0,0,3,6,10,6,8,16,9,4,0,3,11,2,1,5,5,4,4,6,0,3,0,11,6,3,1,11,0,0,4,2,6,5,18,11
lcl|CP017623.1_cds_AOW26697.1_993 [gene=NIT3] [locus_tag=CAALFM_C110700CA] [db_xref=CGD:CAL0000182701] [protein=putative hydrolase] [protein_id=AOW26697.1] [location=complement(2374926..2375831)] [gbkey=CDS],18,3,2,11,3,5,1,6,6,0,0,2,6,5,2,12,9,3,1,3,8,2,1,5,0,1,0,3,1,1,0,0,14,7,3,11,11,5,0,12,8,4,4,11,8,1,0,7,0,7,0,8,6,3,6,1,0,1,1,2,11,3,13,12
lcl|CP017623.1_cds_AOW26698.1_994 [locus_tag=CAALFM_C110710CA] [db_xref=CGD:CAL0000192014] [protein=hypothetical protein] [protein_id=AOW26698.1] [location=complement(2376074..2377636)] [gbkey=CDS],11,7,8,13,9,5,3,6,9,1,1,10,10,5,24,24,14,0,4,3,14,4,1,3,0,0,1,1,2,4,1,8,8,10,8,4,15,4,2,17,19,6,10,15,9,9,15,12,0,8,0,6,16,3,2,13,0,1,11,9,21,9,20,31
lcl|CP017623.1_cds_AOW26699.1_995 [gene=MNN2] [locus_tag=CAALFM_C110720CA] [db_xref=CGD:CAL0000190919] [protein=Mnn2p] [protein_id=AOW26699.1] [location=complement(2378686..2380479)] [gbkey=CDS],42,15,17,19,8,7,1,15,13,2,0,9,8,8,11,16,13,0,4,14,16,2,0,16,0,0,0,4,1,1,0,9,35,18,4,29,7,2,0,19,9,7,3,10,3,8,9,12,0,17,0,21,10,3,4,10,0,0,9,6,16,11,22,21
lcl|CP017623.1_cds_AOW26700.1_996 [locus_tag=CAALFM_C110730WA] [db_xref=CGD:CAL0000193111] [protein=hypothetical protein] [protein_id=AOW26700.1] [location=2381413..2383287] [gbkey=CDS],31,15,10,20,10,9,2,17,20,2,2,7,13,5,10,22,16,3,11,6,17,1,2,9,2,2,3,3,4,0,2,7,31,9,15,33,12,7,2,12,14,5,7,15,6,3,7,13,0,13,0,15,12,2,2,6,0,1,11,4,20,8,30,25
lcl|CP017623.1_cds_AOW26701.1_997 [gene=ASR1] [locus_tag=CAALFM_C110740CA] [db_xref=CGD:CAL0000187233] [protein=Asr1p] [protein_id=AOW26701.1] [location=complement(2383419..2384576)] [gbkey=CDS],12,6,7,1,7,7,0,41,2,2,0,12,0,2,0,1,23,9,0,16,1,0,0,0,0,0,0,1,0,0,1,3,4,8,0,12,4,7,0,25,21,12,3,54,0,0,0,5,0,7,0,13,11,7,1,28,0,0,0,0,3,2,2,1
"lcl|CP017623.1_cds_AOW26702.1_998 [locus_tag=CAALFM_C110750CA] [db_xref=CGD:CAL0000188556] [protein=H(+)-transporting V0 sector ATPase subunit e] [protein_id=AOW26702.1] [location=complement(join(2386240..2386451,2386526..2386703))] [gbkey=CDS]",13,4,2,2,2,0,2,1,5,0,0,4,2,3,3,0,2,0,1,1,4,1,0,1,2,0,0,0,1,0,0,0,4,0,1,4,5,3,1,1,1,0,0,1,5,1,2,5,0,1,0,3,6,0,1,4,0,0,3,3,7,2,5,3
lcl|CP017623.1_cds_AOW26703.1_999 [gene=VPS23] [locus_tag=CAALFM_C110760WA] [db_xref=CGD:CAL0000187259] [protein=ubiquitin-binding ESCRT-I subunit protein] [protein_id=AOW26703.1] [location=2386721..2388169] [gbkey=CDS],22,10,9,27,13,7,4,8,5,5,1,11,9,5,6,23,16,3,12,13,21,7,4,11,2,0,1,1,5,0,3,10,18,3,12,16,8,5,1,4,4,3,2,7,7,3,6,12,0,7,0,11,6,5,2,11,0,1,5,1,9,7,21,10
lcl|CP017623.1_cds_AOW26704.1_1000 [gene=SFT2] [locus_tag=CAALFM_C110770WA] [db_xref=CGD:CAL0000197615] [protein=Sft2p] [protein_id=AOW26704.1] [location=2388397..2389050] [gbkey=CDS],3,5,0,7,7,1,1,9,8,1,1,4,6,0,1,6,2,0,2,1,3,1,1,2,2,0,2,0,3,0,1,3,2,1,4,4,4,2,0,1,6,0,7,4,5,2,4,8,0,6,0,5,7,1,4,6,0,1,4,4,10,8,11,12
lcl|CP017623.1_cds_AOW26705.1_1001 [gene=HNT1] [locus_tag=CAALFM_C110780CA] [db_xref=CGD:CAL0000178567] [protein=adenosine 5'-monophosphoramidase] [protein_id=AOW26705.1] [location=complement(2389133..2389591)] [gbkey=CDS],12,4,6,3,2,0,0,4,1,0,0,1,1,2,0,10,2,5,1,5,4,0,0,4,0,0,0,0,0,0,0,1,10,5,2,5,2,2,0,7,2,0,1,6,1,2,0,7,0,1,0,2,0,2,0,2,0,0,1,2,8,4,8,1
lcl|CP017623.1_cds_AOW26706.1_1002 [gene=CDC48] [locus_tag=CAALFM_C110790WA] [db_xref=CGD:CAL0000177910] [protein=AAA family ATPase] [protein_id=AOW26706.1] [location=2390629..2393109] [gbkey=CDS],27,17,25,26,9,10,0,20,38,2,1,2,3,9,19,42,24,4,0,6,24,0,0,14,0,0,0,10,0,1,0,4,59,23,10,44,12,21,0,40,8,1,0,49,7,11,14,33,0,6,0,9,8,6,3,25,0,0,2,5,17,17,44,14
lcl|CP017623.1_cds_AOW26707.1_1003 [gene=ALP1] [locus_tag=CAALFM_C110800CA] [db_xref=CGD:CAL0000201651] [protein=Alp1p] [protein_id=AOW26707.1] [location=complement(2393472..2395103)] [gbkey=CDS],19,5,5,22,5,8,1,11,10,0,1,10,10,3,15,27,10,1,2,6,10,3,0,6,1,0,0,6,1,0,1,9,15,3,5,13,12,12,0,11,16,2,8,17,7,5,12,23,0,6,0,23,12,5,2,12,0,1,15,4,24,15,25,29
lcl|CP017623.1_cds_AOW26708.1_1004 [locus_tag=CAALFM_C110810WA] [db_xref=CGD:CAL0000186053] [protein=hypothetical protein] [protein_id=AOW26708.1] [location=2396156..2396764] [gbkey=CDS],7,8,2,8,2,2,2,4,1,0,1,1,6,1,3,5,3,1,2,4,2,3,0,1,0,0,0,0,3,2,4,3,11,1,2,3,4,0,0,6,6,0,2,7,2,1,5,5,0,3,0,14,8,1,0,7,0,2,3,4,10,4,5,4
lcl|CP017623.1_cds_AOW26709.1_1005 [locus_tag=CAALFM_C110820CA] [db_xref=CGD:CAL0000182254] [protein=aspartyl aminopeptidase] [protein_id=AOW26709.1] [location=complement(2396747..2398237)] [gbkey=CDS],32,9,4,21,11,6,0,10,11,1,0,3,4,3,3,32,20,2,0,12,12,3,0,7,0,0,0,5,0,0,0,4,28,4,4,26,7,2,3,16,11,0,8,12,3,4,4,17,0,2,0,8,23,4,1,13,0,0,2,4,30,9,15,20
lcl|CP017623.1_cds_AOW26710.1_1006 [gene=BIG1] [locus_tag=CAALFM_C110830WA] [db_xref=CGD:CAL0000189708] [protein=Big1p] [protein_id=AOW26710.1] [location=2398464..2399432] [gbkey=CDS],16,2,10,18,4,1,2,8,6,1,2,5,8,6,6,22,7,1,1,9,12,1,0,4,7,0,2,0,3,0,0,4,21,1,1,24,3,0,0,5,1,0,2,2,2,2,6,7,0,5,0,8,6,1,3,3,0,0,4,3,18,5,10,10
lcl|CP017623.1_cds_AOW26711.1_1007 [locus_tag=CAALFM_C110840CA] [db_xref=CGD:CAL0000178416] [protein=hypothetical protein] [protein_id=AOW26711.1] [location=complement(2399586..2401076)] [gbkey=CDS],28,3,4,13,14,6,1,10,7,3,1,11,8,7,2,16,15,2,1,11,13,2,1,10,3,0,1,3,3,0,0,2,35,11,14,24,11,8,0,5,15,6,2,13,3,0,13,16,0,7,0,13,17,5,6,10,0,1,5,7,17,3,15,12
lcl|CP017623.1_cds_AOW26712.1_1008 [locus_tag=CAALFM_C110850WA] [db_xref=CGD:CAL0000176140] [protein=hypothetical protein] [protein_id=AOW26712.1] [location=2403460..2404254] [gbkey=CDS],10,9,3,18,5,7,3,6,1,3,1,5,10,3,3,9,19,2,0,2,7,1,0,6,1,1,2,1,2,1,1,5,16,1,4,8,5,2,0,3,0,1,2,2,1,2,2,7,0,2,0,4,13,0,1,14,0,0,2,1,10,3,5,5
lcl|CP017623.1_cds_AOW26713.1_1009 [gene=ADA2] [locus_tag=CAALFM_C110860CA] [db_xref=CGD:CAL0000192402] [protein=chromatin-binding transcription regulator] [protein_id=AOW26713.1] [location=complement(2404309..2405646)] [gbkey=CDS],33,3,4,20,10,1,2,9,16,0,1,4,10,3,8,17,15,0,1,13,12,1,1,8,5,1,1,6,1,0,1,1,28,4,6,29,8,2,1,16,10,3,2,9,2,3,3,5,0,1,0,11,8,3,1,7,0,1,5,11,23,7,16,11
"lcl|CP017623.1_cds_AOW26714.1_1010 [gene=RPS17B] [locus_tag=CAALFM_C110870WA] [db_xref=CGD:CAL0000195565] [protein=ribosomal 40S subunit protein S17B] [protein_id=AOW26714.1] [location=join(2406453..2406455,2406835..2407245)] [gbkey=CDS]",8,3,6,1,0,2,0,8,14,0,0,0,0,2,1,7,7,2,0,0,5,0,0,0,0,0,0,1,0,0,0,0,9,1,0,5,0,1,0,7,0,0,0,7,0,2,0,8,0,3,0,0,1,1,0,7,0,0,0,0,3,3,9,2
lcl|CP017623.1_cds_AOW26715.1_1011 [locus_tag=CAALFM_C110880WA] [db_xref=CGD:CAL0000174108] [protein=snoRNA-binding rRNA-processing protein] [protein_id=AOW26715.1] [location=2407718..2409013] [gbkey=CDS],30,10,9,16,5,5,1,13,17,2,3,3,7,11,9,12,16,0,0,3,6,3,2,4,2,1,0,7,2,2,1,5,26,6,10,20,10,6,3,10,7,1,3,6,2,2,6,5,0,4,0,13,5,3,2,2,0,1,4,2,25,8,20,11
lcl|CP017623.1_cds_AOW26716.1_1012 [locus_tag=CAALFM_C110890CA] [db_xref=CGD:CAL0000179316] [protein=hypothetical protein] [protein_id=AOW26716.1] [location=complement(2409010..2409846)] [gbkey=CDS],15,4,1,10,10,3,1,4,6,0,0,6,7,6,4,11,9,4,3,2,13,0,1,2,0,0,0,0,1,2,1,2,10,4,3,11,9,1,0,4,10,1,3,4,4,1,4,4,0,5,0,9,9,0,6,3,0,2,3,2,12,5,6,14
lcl|CP017623.1_cds_AOW26717.1_1013 [locus_tag=CAALFM_C110910CA] [db_xref=CGD:CAL0000175639] [protein=hypothetical protein] [protein_id=AOW26717.1] [location=complement(2410846..2412303)] [gbkey=CDS],29,7,23,15,10,2,4,9,8,4,7,5,11,5,8,12,12,4,4,5,17,0,6,10,2,0,0,3,5,0,3,6,39,5,22,29,5,3,2,5,6,0,2,5,6,5,5,15,0,3,0,7,13,6,2,14,0,0,1,0,9,5,21,13
lcl|CP017623.1_cds_AOW26718.1_1014 [locus_tag=CAALFM_C110920WA] [db_xref=CGD:CAL0000198278] [protein=transcription factor TFIIIC subunit] [protein_id=AOW26718.1] [location=2412526..2414079] [gbkey=CDS],28,13,7,27,15,7,4,11,3,7,5,13,15,11,8,15,8,3,11,5,13,2,5,5,2,2,0,1,9,4,3,5,18,8,4,22,9,7,4,8,5,6,7,7,2,6,5,14,0,7,0,18,12,2,2,8,0,4,8,4,11,7,15,19
lcl|CP017623.1_cds_AOW26719.1_1015 [gene=UBA4] [locus_tag=CAALFM_C110930CA] [db_xref=CGD:CAL0000183559] [protein=Uba4p] [protein_id=AOW26719.1] [location=complement(2414144..2415460)] [gbkey=CDS],19,7,13,17,8,4,2,3,11,1,2,5,14,3,6,16,14,3,12,4,7,3,3,11,1,1,0,2,2,3,1,6,12,6,6,29,9,3,2,8,7,10,5,9,7,1,9,18,0,6,0,13,4,6,5,8,0,3,2,7,12,4,10,12
"lcl|CP017623.1_cds_AOW26720.1_1016 [gene=ERP5] [locus_tag=CAALFM_C110940CA] [db_xref=CGD:CAL0000201082] [protein=Erp5p] [protein_id=AOW26720.1] [location=complement(join(2415772..2416206,2416269..2416490))] [gbkey=CDS]",10,4,8,10,3,3,0,6,6,1,0,4,2,2,3,4,11,1,0,7,3,0,0,1,0,1,0,1,0,0,0,2,14,5,1,9,2,4,0,3,0,2,2,3,2,5,5,11,0,4,0,4,4,2,1,6,0,1,2,3,7,5,10,7
lcl|CP017623.1_cds_AOW26721.1_1017 [locus_tag=CAALFM_C110950CA] [db_xref=CGD:CAL0000187360] [protein=protein kinase] [protein_id=AOW26721.1] [location=complement(2416729..2418210)] [gbkey=CDS],33,5,22,20,12,3,3,6,13,4,5,7,9,4,9,19,10,2,4,8,10,0,3,4,4,0,0,6,1,1,2,6,40,9,19,34,7,3,0,8,5,3,4,8,4,3,10,12,0,6,0,12,8,3,2,11,0,2,2,1,9,9,17,6
"lcl|CP017623.1_cds_AOW26722.1_1018 [locus_tag=CAALFM_C110960WA] [db_xref=CGD:CAL0000188976] [protein=hypothetical protein] [protein_id=AOW26722.1] [location=join(2418401..2418439,2418510..2419166)] [gbkey=CDS]",6,5,4,6,7,3,0,9,6,3,1,7,8,2,1,10,5,0,0,2,6,0,0,0,0,1,0,1,1,1,3,5,9,2,4,5,3,2,2,6,9,2,0,2,4,3,3,4,0,4,0,8,5,0,2,4,0,0,3,0,10,8,15,8
lcl|CP017623.1_cds_AOW26723.1_1019 [locus_tag=CAALFM_C110970WA] [db_xref=CGD:CAL0000194444] [protein=hypothetical protein] [protein_id=AOW26723.1] [location=2419611..2421629] [gbkey=CDS],50,12,43,30,9,6,2,10,20,6,2,17,6,5,12,13,13,1,6,5,9,4,1,5,3,0,1,8,0,3,2,2,66,24,21,49,12,7,1,11,5,3,3,11,4,3,7,15,0,7,0,10,18,7,4,16,0,1,2,3,13,7,20,15
lcl|CP017623.1_cds_AOW26724.1_1020 [locus_tag=CAALFM_C110980WA] [db_xref=CGD:CAL0000189564] [protein=hypothetical protein] [protein_id=AOW26724.1] [location=2423223..2423756] [gbkey=CDS],20,1,6,9,5,5,1,8,3,3,1,6,2,2,2,4,6,2,1,0,2,1,2,2,1,0,1,0,0,1,3,0,5,3,4,9,0,0,0,2,2,1,1,2,3,1,2,2,0,2,0,2,9,3,2,6,0,0,0,0,6,1,3,5
lcl|CP017623.1_cds_AOW26725.1_1021 [gene=RTG3] [locus_tag=CAALFM_C110990CA] [db_xref=CGD:CAL0000194052] [protein=Rtg3p] [protein_id=AOW26725.1] [location=complement(2424019..2425581)] [gbkey=CDS],11,23,4,48,7,6,3,10,9,8,1,13,9,6,3,10,31,3,10,3,17,6,3,10,2,0,0,4,4,3,4,4,17,6,7,21,8,7,2,5,8,2,2,12,4,4,7,6,0,8,0,11,16,12,8,19,0,0,1,0,12,7,18,14
lcl|CP017623.1_cds_AOW26726.1_1022 [locus_tag=CAALFM_C111000CA] [db_xref=CGD:CAL0000173953] [protein=hypothetical protein] [protein_id=AOW26726.1] [location=complement(2426349..2426756)] [gbkey=CDS],20,2,9,2,1,0,0,2,9,1,1,1,3,0,3,2,4,0,0,1,0,1,0,2,3,0,0,3,2,0,0,0,13,1,4,6,2,0,0,6,1,0,2,1,1,0,2,2,0,2,0,2,4,0,1,1,0,0,1,0,2,1,6,1
lcl|CP017623.1_cds_AOW26727.1_1023 [locus_tag=CAALFM_C111010CA] [db_xref=CGD:CAL0000188880] [protein=hypothetical protein] [protein_id=AOW26727.1] [location=complement(2427065..2428255)] [gbkey=CDS],15,4,6,13,16,3,0,8,15,2,1,7,12,4,2,20,6,2,2,7,8,3,4,6,2,1,1,3,2,5,2,5,17,7,5,13,6,3,0,5,6,0,2,4,7,2,5,8,0,9,0,13,8,6,2,6,0,1,13,3,11,12,24,10
lcl|CP017623.1_cds_AOW26728.1_1024 [locus_tag=CAALFM_C111020WA] [db_xref=CGD:CAL0000186071] [protein=hypothetical protein] [protein_id=AOW26728.1] [location=2429970..2432009] [gbkey=CDS],25,9,12,19,14,7,5,15,10,3,6,10,15,6,10,31,14,7,8,18,13,2,1,10,5,2,3,5,5,5,5,10,17,10,6,15,11,10,3,20,14,2,3,11,10,7,9,22,0,9,0,24,16,7,7,14,0,3,17,9,18,14,28,32
"lcl|CP017623.1_cds_AOW26729.1_1025 [gene=RPL82] [locus_tag=CAALFM_C111030WA] [db_xref=CGD:CAL0000174842] [protein=Rpl82p] [protein_id=AOW26729.1] [location=join(2432310..2432312,2432650..2433429)] [gbkey=CDS]",25,11,13,2,1,3,0,10,9,1,0,0,0,6,2,7,7,3,0,0,14,0,0,1,0,0,0,0,0,0,0,0,15,2,0,4,0,10,0,24,1,0,0,10,0,5,1,15,0,4,0,2,2,4,0,13,0,0,2,1,8,2,15,4
lcl|CP017623.1_cds_AOW26730.1_1026 [gene=RPL29] [locus_tag=CAALFM_C111040WA] [db_xref=CGD:CAL0000175799] [protein=ribosomal 60S subunit protein L29] [protein_id=AOW26730.1] [location=2433984..2434175] [gbkey=CDS],7,4,6,0,1,2,0,1,5,0,0,0,0,0,0,1,1,4,0,1,2,0,0,0,0,0,0,0,0,0,0,0,1,0,0,1,0,3,0,8,0,0,0,3,0,0,0,1,0,3,0,0,0,1,0,2,0,0,0,0,3,1,0,0
"lcl|CP017623.1_cds_AOW26731.1_1027 [locus_tag=CAALFM_C111050WA] [db_xref=CGD:CAL0000178569] [protein=hypothetical protein] [protein_id=AOW26731.1] [location=join(2434511..2434611,2434694..2435489)] [gbkey=CDS]",29,6,9,15,4,2,0,8,7,5,1,6,7,5,6,9,6,3,1,6,5,0,1,4,1,0,2,2,0,4,3,6,12,5,9,9,2,4,0,8,3,2,3,7,4,1,1,9,0,5,0,5,10,1,2,6,0,1,0,2,6,5,5,7
"lcl|CP017623.1_cds_AOW26732.1_1028 [gene=RPL2] [locus_tag=CAALFM_C111060CA] [db_xref=CGD:CAL0000174265] [protein=ribosomal 60S subunit protein L2A] [protein_id=AOW26732.1] [location=complement(join(2435729..2436489,2436894..2436897))] [gbkey=CDS]",14,10,9,1,1,6,0,6,19,0,0,0,0,8,1,11,6,5,0,4,11,0,0,0,0,0,0,4,0,0,0,0,9,4,0,4,0,6,0,18,0,0,1,35,1,3,0,14,0,7,0,1,1,4,0,7,0,0,1,1,6,4,9,1
lcl|CP017623.1_cds_AOW26733.1_1029 [gene=PET127] [locus_tag=CAALFM_C111070WA] [db_xref=CGD:CAL0000196654] [protein=Pet127p] [protein_id=AOW26733.1] [location=2438057..2440174] [gbkey=CDS],47,12,31,35,15,3,5,18,25,3,2,11,11,7,12,19,27,4,4,15,18,2,3,9,6,0,3,3,3,0,0,7,30,12,12,33,11,7,0,7,8,3,5,9,6,6,6,9,0,6,0,26,15,9,5,7,0,2,4,4,32,17,25,28
lcl|CP017623.1_cds_AOW26734.1_1030 [locus_tag=CAALFM_C111080WA] [db_xref=CGD:CAL0000192951] [protein=6-phosphofructo-2-kinase] [protein_id=AOW26734.1] [location=2441889..2442974] [gbkey=CDS],22,10,2,22,8,8,1,8,12,4,0,9,11,4,5,9,23,6,0,5,11,0,0,2,2,0,0,3,3,1,0,1,17,3,4,19,1,5,0,8,4,0,2,7,3,2,2,6,0,3,0,13,8,5,3,5,0,2,1,2,18,6,7,12
lcl|CP017623.1_cds_AOW26735.1_1031 [locus_tag=CAALFM_C111090CA] [db_xref=CGD:CAL0000196733] [protein=cleavage polyadenylation factor subunit] [protein_id=AOW26735.1] [location=complement(2443283..2444914)] [gbkey=CDS],22,16,7,46,10,4,4,12,17,0,2,9,7,5,9,13,12,3,3,17,7,4,2,10,7,0,0,7,0,0,4,2,16,5,4,27,6,3,4,25,10,2,8,13,6,3,5,14,0,4,0,14,19,6,3,13,0,0,13,6,22,6,15,9
lcl|CP017623.1_cds_AOW26736.1_1032 [locus_tag=CAALFM_C111100WA] [db_xref=CGD:CAL0000199544] [protein=acireductone dioxygenase (Ni2+-requiring)] [protein_id=AOW26736.1] [location=2445467..2446003] [gbkey=CDS],9,2,4,9,3,2,0,6,7,0,0,1,0,1,1,10,3,2,2,4,3,0,0,2,0,0,0,3,1,1,0,1,18,2,1,13,5,2,0,9,3,0,0,3,1,2,0,6,0,5,0,7,2,0,0,0,0,0,2,0,6,1,4,8
lcl|CP017623.1_cds_AOW26737.1_1033 [locus_tag=CAALFM_C111110CA] [db_xref=CGD:CAL0000197543] [protein=tubulin-binding prefolding complex subunit] [protein_id=AOW26737.1] [location=complement(2446099..2446473)] [gbkey=CDS],14,3,1,3,6,2,0,3,3,0,0,2,5,2,1,5,9,0,1,1,0,0,0,2,0,0,0,2,2,0,0,1,12,2,3,3,1,0,1,1,1,0,0,3,1,1,2,2,0,0,0,2,5,1,1,0,0,0,1,1,4,0,6,1
lcl|CP017623.1_cds_AOW26738.1_1034 [locus_tag=CAALFM_C111120CA] [db_xref=CGD:CAL0000182431] [protein=hypothetical protein] [protein_id=AOW26738.1] [location=complement(2446811..2447839)] [gbkey=CDS],23,4,13,11,4,10,0,6,4,3,0,7,2,3,2,12,19,3,1,1,10,0,0,4,0,0,0,1,0,0,1,2,25,3,7,23,1,5,1,10,4,1,1,6,4,5,4,9,0,5,0,6,13,0,3,5,0,0,0,2,16,2,24,10
lcl|CP017623.1_cds_AOW26739.1_1035 [gene=FGR16] [locus_tag=CAALFM_C111130WA] [db_xref=CGD:CAL0000195741] [protein=U4/U6-U5 snRNP complex subunit] [protein_id=AOW26739.1] [location=2448571..2449272] [gbkey=CDS],11,2,4,6,10,2,3,2,3,1,0,6,8,5,1,10,7,0,4,5,7,1,2,1,6,1,2,1,2,1,0,4,16,5,6,13,3,0,0,3,1,2,0,2,3,1,3,1,0,8,0,9,3,3,1,1,0,0,1,1,9,3,9,7
lcl|CP017623.1_cds_AOW26740.1_1036 [locus_tag=CAALFM_C111140WA] [db_xref=CGD:CAL0000194218] [protein=mannosylinositol phosphorylceramide synthase regulatory subunit] [protein_id=AOW26740.1] [location=2449578..2451047] [gbkey=CDS],16,10,7,13,17,5,5,11,4,5,0,9,11,9,6,25,15,4,4,7,5,3,2,3,2,0,0,3,3,3,4,7,15,5,7,10,13,0,6,8,10,1,6,6,7,6,9,14,0,10,0,13,16,7,2,9,0,2,11,2,24,8,18,25
lcl|CP017623.1_cds_AOW26741.1_1037 [locus_tag=CAALFM_C111150WA] [db_xref=CGD:CAL0000199691] [protein=hypothetical protein] [protein_id=AOW26741.1] [location=2451373..2452068] [gbkey=CDS],6,3,4,10,3,0,1,5,9,1,2,4,8,3,3,8,9,2,0,3,3,0,1,3,6,0,0,2,2,0,2,3,13,7,5,17,1,3,0,4,6,4,2,1,2,4,3,5,0,2,0,1,5,1,2,4,0,1,1,0,13,3,7,7
lcl|CP017623.1_cds_AOW26742.1_1038 [locus_tag=CAALFM_C111160CA] [db_xref=CGD:CAL0000198786] [protein=ubiquitin-related modifier] [protein_id=AOW26742.1] [location=complement(2452098..2452403)] [gbkey=CDS],3,0,2,3,2,5,0,1,2,1,0,1,7,3,1,4,0,1,0,1,2,1,0,1,0,0,0,0,0,0,0,0,10,0,1,8,1,0,0,2,2,0,2,5,3,0,2,4,0,1,0,1,2,1,0,0,0,0,1,1,3,1,4,4
lcl|CP017623.1_cds_AOW26743.1_1039 [gene=WBP1] [locus_tag=CAALFM_C111170WA] [db_xref=CGD:CAL0000193403] [protein=dolichyl-diphosphooligosaccharide-protein glycotransferase] [protein_id=AOW26743.1] [location=2452925..2454238] [gbkey=CDS],21,9,8,21,6,6,0,5,10,2,0,11,2,6,2,14,14,3,1,6,11,1,2,6,2,0,0,2,0,0,1,4,16,10,8,17,9,6,0,5,7,2,3,9,7,7,7,19,0,16,0,7,8,6,2,6,0,0,8,2,19,12,24,18
lcl|CP017623.1_cds_AOW26744.1_1040 [gene=ARL3] [locus_tag=CAALFM_C111190WA] [db_xref=CGD:CAL0000188016] [protein=Arf family GTPase] [protein_id=AOW26744.1] [location=2454869..2455636] [gbkey=CDS],12,10,9,8,7,5,3,4,1,2,2,2,5,3,4,9,10,0,4,4,2,3,1,1,2,0,2,1,3,1,0,1,10,13,3,10,5,0,1,2,4,2,2,1,2,2,5,3,0,5,0,3,9,5,4,3,0,2,4,0,11,2,13,7
lcl|CP017623.1_cds_AOW26745.1_1041 [locus_tag=CAALFM_C111200WA] [db_xref=CGD:CAL0000191057] [protein=hypothetical protein] [protein_id=AOW26745.1] [location=2456985..2464640] [gbkey=CDS],146,39,79,95,46,31,9,100,41,31,3,68,9,11,2,54,73,27,21,58,63,3,5,29,1,2,1,10,0,1,9,16,119,50,45,121,76,52,7,176,51,28,15,170,15,14,15,72,0,23,0,56,82,32,20,90,0,0,5,0,42,12,57,22
lcl|CP017623.1_cds_AOW26746.1_1042 [gene=HAP43] [locus_tag=CAALFM_C111210CA] [db_xref=CGD:CAL0000188360] [protein=Hap43p] [protein_id=AOW26746.1] [location=complement(2464977..2466881)] [gbkey=CDS],37,23,14,24,20,7,3,19,17,5,1,13,14,3,13,8,26,4,7,5,39,6,2,15,2,1,0,6,4,0,5,3,27,6,10,18,24,6,1,13,5,2,3,8,8,2,9,13,0,5,0,2,21,9,8,28,0,1,1,12,15,6,11,13
lcl|CP017623.1_cds_AOW26747.1_1043 [gene=TIM50] [locus_tag=CAALFM_C111220CA] [db_xref=CGD:CAL0000183476] [protein=protein translocase subunit] [protein_id=AOW26747.1] [location=complement(2468077..2469486)] [gbkey=CDS],32,8,8,16,4,4,0,10,17,2,1,4,2,4,8,17,25,4,3,5,18,0,2,5,0,0,0,8,0,0,1,1,35,10,7,18,8,6,0,13,5,1,3,15,2,4,3,12,0,10,0,12,8,6,2,8,0,1,5,1,14,10,31,9
lcl|CP017623.1_cds_AOW26748.1_1044 [gene=FGR39] [locus_tag=CAALFM_C111230WA] [db_xref=CGD:CAL0000196677] [protein=Fgr39p] [protein_id=AOW26748.1] [location=2469709..2470272] [gbkey=CDS],8,1,6,10,4,0,0,4,5,0,3,2,7,2,4,4,7,0,0,3,4,1,2,5,3,0,0,3,2,0,0,2,8,1,3,8,4,1,0,3,3,0,2,2,1,1,3,4,0,1,0,4,6,0,0,2,0,0,3,2,7,4,10,11
lcl|CP017623.1_cds_AOW26749.1_1045 [gene=CHO1] [locus_tag=CAALFM_C111240CA] [db_xref=CGD:CAL0000195699] [protein=CDP-diacylglycerol-serine O-phosphatidyltransferase] [protein_id=AOW26749.1] [location=complement(2470408..2471229)] [gbkey=CDS],11,4,2,6,5,1,0,6,12,0,0,3,3,3,5,12,7,4,0,5,7,1,0,3,0,0,0,0,0,0,1,0,5,5,3,14,5,4,0,6,9,0,6,2,4,3,2,5,0,3,0,3,15,6,1,4,0,0,3,3,19,10,14,17
lcl|CP017623.1_cds_AOW26750.1_1046 [locus_tag=CAALFM_C111250WA] [db_xref=CGD:CAL0000198451] [protein=microtubule-binding protein] [protein_id=AOW26750.1] [location=2472572..2473468] [gbkey=CDS],15,5,5,17,8,3,2,6,6,2,1,7,4,6,4,10,8,0,2,5,4,5,0,7,1,0,0,4,3,1,0,2,17,0,5,11,9,5,1,15,3,0,3,11,5,7,2,6,0,1,0,7,8,4,1,6,0,2,2,1,6,2,7,7
lcl|CP017623.1_cds_AOW26751.1_1047 [locus_tag=CAALFM_C111260CA] [db_xref=CGD:CAL0000180574] [protein=hypothetical protein] [protein_id=AOW26751.1] [location=complement(2473804..2473941)] [gbkey=CDS],3,0,0,4,1,2,0,5,0,1,0,1,0,0,0,0,2,0,0,0,1,0,0,0,0,0,0,0,0,0,0,0,0,0,0,0,0,1,0,1,1,0,1,1,0,0,0,0,0,0,0,0,6,0,1,3,0,1,0,7,1,0,0,0
lcl|CP017623.1_cds_AOW26752.1_1048 [locus_tag=CAALFM_C111270WA] [db_xref=CGD:CAL0000192169] [protein=hypothetical protein] [protein_id=AOW26752.1] [location=2475446..2476084] [gbkey=CDS],6,3,2,6,7,6,0,9,2,3,0,10,0,1,0,5,3,0,1,2,3,0,0,0,0,0,0,1,0,0,0,2,6,2,2,5,7,7,0,17,3,3,0,14,0,4,6,8,0,1,0,0,15,10,2,10,0,0,3,0,3,3,4,4
lcl|CP017623.1_cds_AOW26753.1_1049 [locus_tag=CAALFM_C111280WA] [db_xref=CGD:CAL0000184865] [protein=hypothetical protein] [protein_id=AOW26753.1] [location=2476659..2477750] [gbkey=CDS],28,12,6,17,7,6,1,9,9,2,1,4,7,1,5,5,18,1,3,5,5,0,1,4,5,0,0,2,4,2,2,3,24,6,5,24,8,2,1,6,3,1,2,10,7,3,7,7,0,3,0,9,9,5,2,7,0,0,2,7,7,2,10,8
lcl|CP017623.1_cds_AOW26754.1_1050 [locus_tag=CAALFM_C111290WA] [db_xref=CGD:CAL0000177129] [protein=hypothetical protein] [protein_id=AOW26754.1] [location=2477968..2479077] [gbkey=CDS],11,6,8,16,6,0,1,6,7,2,0,7,13,8,3,15,18,5,0,8,8,2,3,3,5,0,2,3,2,2,1,3,13,11,4,15,8,5,2,10,11,1,4,6,3,0,6,9,0,1,0,4,11,3,2,4,0,4,4,6,15,4,12,16
lcl|CP017623.1_cds_AOW26755.1_1051 [locus_tag=CAALFM_C111300CA] [db_xref=CGD:CAL0000181927] [protein=mRNA splicing protein] [protein_id=AOW26755.1] [location=complement(2479082..2480827)] [gbkey=CDS],36,9,16,21,16,17,2,16,13,6,3,7,15,6,9,29,17,7,5,5,9,7,3,4,5,0,0,2,6,3,3,2,35,11,8,24,19,4,2,5,10,2,6,11,3,9,7,10,0,1,0,15,15,3,4,7,0,1,6,3,17,5,20,18
lcl|CP017623.1_cds_AOW26756.1_1052 [gene=PSP1] [locus_tag=CAALFM_C111310CA] [db_xref=CGD:CAL0000196960] [protein=Psp1p] [protein_id=AOW26756.1] [location=complement(2481346..2483355)] [gbkey=CDS],29,28,18,50,11,5,2,11,7,8,2,8,10,13,11,19,46,5,9,10,15,4,4,10,3,1,0,5,3,1,5,8,13,10,11,27,8,5,3,10,10,4,4,10,3,3,7,12,0,10,0,15,11,7,12,11,0,1,1,3,23,15,30,28
"lcl|CP017623.1_cds_AOW26757.1_1053 [locus_tag=CAALFM_C111320CA] [db_xref=CGD:CAL0000174751] [protein=hypothetical protein] [protein_id=AOW26757.1] [location=complement(join(2485116..2485315,2485398..2485428))] [gbkey=CDS]",6,0,0,1,0,2,0,1,3,0,0,3,1,1,1,3,2,1,1,3,4,0,0,0,0,0,0,0,0,0,0,0,5,0,1,4,1,0,0,0,1,1,1,7,0,1,0,2,0,1,0,1,0,1,0,3,0,2,2,5,0,1,2,0
lcl|CP017623.1_cds_AOW26758.1_1054 [gene=SMT3] [locus_tag=CAALFM_C111330CA] [db_xref=CGD:CAL0000178394] [protein=SUMO family protein] [protein_id=AOW26758.1] [location=complement(2486989..2487297)] [gbkey=CDS],6,1,1,2,5,1,0,3,4,0,0,0,1,0,3,2,4,1,0,2,4,1,0,0,0,0,0,3,0,0,0,0,8,1,0,9,2,2,0,4,3,1,0,7,0,0,2,4,0,0,0,0,1,2,0,1,0,0,0,1,4,1,0,4
lcl|CP017623.1_cds_AOW26759.1_1055 [gene=PRM1] [locus_tag=CAALFM_C111340WA] [db_xref=CGD:CAL0000179626] [protein=pheromone-regulated protein] [protein_id=AOW26759.1] [location=2487814..2489685] [gbkey=CDS],25,15,14,30,18,9,3,13,8,8,1,17,19,15,16,30,18,1,4,5,5,1,2,7,3,2,1,2,12,1,4,14,20,10,10,18,10,4,2,8,10,4,5,12,9,2,12,14,0,7,0,17,13,6,6,9,0,0,7,4,30,9,22,19
lcl|CP017623.1_cds_AOW26760.1_1056 [gene=TOS4] [locus_tag=CAALFM_C111350CA] [db_xref=CGD:CAL0000194861] [protein=Tos4p] [protein_id=AOW26760.1] [location=complement(2489747..2491225)] [gbkey=CDS],29,11,14,29,7,2,5,23,13,1,0,6,4,11,6,18,14,1,2,10,26,1,1,11,1,2,0,7,1,1,1,5,29,7,3,18,11,2,2,10,2,2,2,8,4,4,2,12,0,4,0,8,13,8,6,15,0,1,1,4,11,9,23,7
"lcl|CP017623.1_cds_AOW26761.1_1057 [gene=RPL37B] [locus_tag=CAALFM_C111360WA] [db_xref=CGD:CAL0000198698] [protein=ribosomal 60S subunit protein L37B] [protein_id=AOW26761.1] [location=join(2491976..2491982,2492336..2492601)] [gbkey=CDS]",6,4,5,0,0,5,0,4,8,0,0,0,0,0,2,0,3,5,0,0,2,0,0,1,0,0,0,3,0,0,0,0,0,0,0,0,0,2,0,6,0,1,0,8,0,0,0,3,0,2,0,0,1,1,0,5,0,0,1,4,3,3,1,0
lcl|CP017623.1_cds_AOW26762.1_1058 [locus_tag=CAALFM_C111370CA] [db_xref=CGD:CAL0000193596] [protein=hypothetical protein] [protein_id=AOW26762.1] [location=complement(2492859..2495039)] [gbkey=CDS],37,9,14,40,16,7,1,16,9,3,2,10,21,13,10,32,28,2,8,12,16,2,3,4,10,2,2,3,16,2,5,13,34,9,20,42,13,8,3,6,4,2,2,5,13,5,11,16,0,3,0,13,20,6,5,6,0,2,3,4,29,10,34,29
lcl|CP017623.1_cds_AOW26763.1_1059 [gene=NEP1] [locus_tag=CAALFM_C111380WA] [db_xref=CGD:CAL0000197320] [protein=18S rRNA pseudouridine methyltransferase] [protein_id=AOW26763.1] [location=2495591..2496394] [gbkey=CDS],18,4,3,7,7,3,0,8,11,0,0,5,3,4,4,6,9,0,1,5,10,1,0,2,0,0,0,4,1,1,1,2,12,2,2,15,6,3,0,6,3,0,4,8,3,2,1,14,0,0,0,5,8,3,0,8,0,3,1,5,20,0,4,8
lcl|CP017623.1_cds_AOW26764.1_1060 [locus_tag=CAALFM_C111390WA] [db_xref=CGD:CAL0000180266] [protein=hypothetical protein] [protein_id=AOW26764.1] [location=2496926..2497660] [gbkey=CDS],14,1,2,20,6,0,1,13,6,2,1,1,6,0,3,9,8,0,0,2,1,1,1,5,4,1,0,3,0,0,2,2,9,2,3,12,2,0,1,5,7,0,2,4,3,1,0,12,0,1,0,5,13,0,0,2,0,0,4,2,12,5,9,12
lcl|CP017623.1_cds_AOW26765.1_1061 [gene=GIN4] [locus_tag=CAALFM_C111400CA] [db_xref=CGD:CAL0000191817] [protein=protein kinase] [protein_id=AOW26765.1] [location=complement(2497783..2501832)] [gbkey=CDS],82,31,37,58,18,10,6,34,71,5,7,28,17,8,24,35,41,5,10,23,48,8,5,25,3,1,1,14,3,1,0,12,81,12,18,69,17,11,1,36,22,5,4,26,7,10,9,38,0,16,0,25,43,20,12,47,0,0,10,8,60,8,41,21
lcl|CP017623.1_cds_AOW26766.1_1062 [locus_tag=CAALFM_C111410CA] [db_xref=CGD:CAL0000188749] [protein=hypothetical protein] [protein_id=AOW26766.1] [location=complement(2503463..2503804)] [gbkey=CDS],16,2,9,10,4,0,2,4,1,0,0,0,5,0,1,1,4,0,1,0,1,0,0,0,0,0,0,0,3,1,0,0,5,0,2,7,2,1,0,3,0,0,1,0,1,0,0,1,0,0,0,0,12,0,0,1,0,0,0,0,5,1,5,0
lcl|CP017623.1_cds_AOW26767.1_1063 [gene=KRR1] [locus_tag=CAALFM_C111420WA] [db_xref=CGD:CAL0000200947] [protein=ribosome biosynthesis protein] [protein_id=AOW26767.1] [location=2504035..2505111] [gbkey=CDS],39,1,25,11,1,2,2,10,15,0,0,8,4,1,6,13,12,1,0,7,11,1,1,7,1,0,0,3,1,1,1,1,30,3,5,20,3,1,1,13,2,0,0,8,2,0,3,13,0,1,0,7,8,0,1,2,0,0,4,4,20,7,5,8
lcl|CP017623.1_cds_AOW26768.1_1064 [locus_tag=CAALFM_C111430WA] [db_xref=CGD:CAL0000187847] [protein=hypothetical protein] [protein_id=AOW26768.1] [location=2506060..2508006] [gbkey=CDS],31,14,12,38,24,6,7,18,9,4,2,10,23,7,12,16,25,4,5,18,13,7,1,15,9,0,1,1,9,2,3,3,32,8,10,41,12,5,3,2,8,2,1,4,6,5,3,6,0,3,0,21,32,8,10,18,0,0,0,3,15,6,15,19
lcl|CP017623.1_cds_AOW26769.1_1065 [gene=GIN1] [locus_tag=CAALFM_C111440CA] [db_xref=CGD:CAL0000186065] [protein=chromatin-modulating protein] [protein_id=AOW26769.1] [location=complement(2508110..2511814)] [gbkey=CDS],110,13,24,79,19,15,3,36,17,1,4,24,17,10,20,48,70,0,5,17,32,0,1,14,10,0,3,18,6,3,7,6,121,21,12,113,12,7,1,16,11,7,5,22,5,6,7,29,0,1,0,13,36,9,8,24,0,1,2,0,47,15,21,29
lcl|CP017623.1_cds_AOW26770.1_1066 [gene=SAM2] [locus_tag=CAALFM_C111450CA] [db_xref=CGD:CAL0000185243] [protein=methionine adenosyltransferase] [protein_id=AOW26770.1] [location=complement(2513459..2514616)] [gbkey=CDS],24,2,7,5,2,16,0,12,8,2,2,0,1,9,3,23,12,4,2,6,10,2,0,2,0,2,1,0,0,0,0,2,24,10,2,16,3,13,0,19,2,5,2,23,3,7,2,11,0,5,0,9,5,7,1,7,0,0,4,4,9,6,19,7
lcl|CP017623.1_cds_AOW26771.1_1067 [gene=DPP1] [locus_tag=CAALFM_C111470CA] [db_xref=CGD:CAL0000186353] [protein=Dpp1p] [protein_id=AOW26771.1] [location=complement(2517426..2518211)] [gbkey=CDS],10,2,2,6,3,2,0,6,2,0,1,8,10,3,2,11,12,0,0,5,6,0,1,7,2,0,0,2,1,0,1,5,7,0,1,11,6,1,0,3,10,1,0,4,5,2,6,7,0,5,0,9,8,3,1,5,0,0,4,6,14,7,13,11
lcl|CP017623.1_cds_AOW26772.1_1068 [gene=PHO84] [locus_tag=CAALFM_C111480WA] [db_xref=CGD:CAL0000178178] [protein=phosphate transporter] [protein_id=AOW26772.1] [location=2522233..2523870] [gbkey=CDS],19,9,8,8,1,7,0,30,18,0,0,2,1,14,13,38,16,4,0,5,13,1,0,3,0,0,0,1,0,0,0,5,25,5,0,19,0,20,0,27,3,0,1,53,1,10,5,16,0,10,0,11,4,2,0,21,0,0,7,14,15,19,27,12
lcl|CP017623.1_cds_AOW26773.1_1069 [gene=BTA1] [locus_tag=CAALFM_C111490CA] [db_xref=CGD:CAL0000198004] [protein=Bta1p] [protein_id=AOW26773.1] [location=complement(2524641..2526899)] [gbkey=CDS],39,16,11,31,7,8,0,28,24,3,1,10,5,13,18,35,19,3,1,10,20,2,2,10,0,0,0,4,0,1,0,16,37,7,1,36,7,10,0,30,7,0,4,26,4,4,4,27,0,12,0,22,21,6,2,17,0,2,16,14,28,14,31,25
lcl|CP017623.1_cds_AOW26774.1_1070 [gene=ARO7] [locus_tag=CAALFM_C111500CA] [db_xref=CGD:CAL0000179531] [protein=chorismate mutase] [protein_id=AOW26774.1] [location=complement(2528376..2529182)] [gbkey=CDS],17,2,9,9,0,1,0,7,7,1,1,5,2,7,3,15,12,0,1,2,11,1,2,1,0,0,0,2,0,0,0,2,22,1,2,18,6,2,0,5,5,0,1,2,4,1,5,10,0,0,0,12,4,3,0,4,0,0,2,3,8,1,15,11
lcl|CP017623.1_cds_AOW26775.1_1071 [locus_tag=CAALFM_C111510CA] [db_xref=CGD:CAL0000198782] [protein=hypothetical protein] [protein_id=AOW26775.1] [location=complement(2529466..2530416)] [gbkey=CDS],23,4,7,15,7,4,1,4,12,3,3,5,9,1,10,5,12,1,2,10,5,0,0,6,3,0,3,2,3,0,2,5,20,0,6,16,6,5,0,8,5,1,6,5,3,0,1,4,0,1,0,18,4,4,2,1,0,0,6,0,10,0,6,10
lcl|CP017623.1_cds_AOW26776.1_1072 [gene=ZCF3] [locus_tag=CAALFM_C111520CA] [db_xref=CGD:CAL0000196450] [protein=Zcf3p] [protein_id=AOW26776.1] [location=complement(2531200..2531787)] [gbkey=CDS],19,4,8,5,5,5,0,10,4,2,2,6,2,4,0,2,12,2,0,1,12,2,0,6,1,1,0,1,1,0,0,1,5,3,2,4,2,4,0,5,0,1,0,1,4,0,6,3,0,2,0,4,4,1,1,3,0,0,1,9,2,1,6,2
lcl|CP017623.1_cds_AOW26777.1_1073 [locus_tag=CAALFM_C111530CA] [db_xref=CGD:CAL0000196426] [protein=sulfonate dioxygenase] [protein_id=AOW26777.1] [location=complement(2532303..2533463)] [gbkey=CDS],23,7,4,9,5,0,0,9,19,1,1,7,0,5,0,10,12,5,1,12,10,0,0,11,1,0,0,6,0,0,3,1,22,6,6,24,9,2,1,10,5,0,1,22,3,4,4,15,0,7,0,3,8,2,2,6,0,0,2,0,18,11,17,13
"lcl|CP017623.1_cds_AOW26778.1_1074 [gene=CTA3] [locus_tag=CAALFM_C111540CA] [db_xref=CGD:CAL0000185742] [protein=Cta3p] [protein_id=AOW26778.1] [location=complement(join(2534053..2537927,2538030..2538045))] [gbkey=CDS]",39,25,25,50,19,17,3,37,22,7,8,40,10,7,10,32,78,7,26,11,39,6,7,32,2,4,1,7,0,2,8,8,76,23,33,52,32,14,4,57,17,9,13,27,9,9,14,43,0,4,0,11,33,11,23,54,0,1,7,0,30,15,57,28
lcl|CP017623.1_cds_AOW26779.1_1075 [gene=GAR1] [locus_tag=CAALFM_C111550WA] [db_xref=CGD:CAL0000187800] [protein=H/ACA snoRNP pseudouridylase subunit] [protein_id=AOW26779.1] [location=2538443..2539003] [gbkey=CDS],8,3,5,3,3,0,0,1,13,3,0,1,2,1,2,4,3,0,0,0,10,2,0,2,0,1,0,6,0,0,0,0,8,3,1,2,1,2,0,2,14,4,2,25,1,0,4,4,0,2,0,2,6,2,0,4,0,1,0,1,5,7,3,6
lcl|CP017623.1_cds_AOW26780.1_1076 [locus_tag=CAALFM_C111560CA] [db_xref=CGD:CAL0000179722] [protein=hypothetical protein] [protein_id=AOW26780.1] [location=complement(2539189..2540280)] [gbkey=CDS],23,9,8,19,6,4,1,7,7,5,4,5,8,8,4,9,6,1,5,4,7,3,1,5,3,0,0,5,8,5,1,2,17,7,3,12,8,3,1,1,10,2,0,4,3,2,10,6,0,6,0,11,5,4,3,15,0,2,3,3,14,5,7,12
"lcl|CP017623.1_cds_AOW26781.1_1077 [locus_tag=CAALFM_C111570WA] [db_xref=CGD:CAL0000183496] [protein=hypothetical protein] [protein_id=AOW26781.1] [location=join(2540442..2540472,2540553..2541055)] [gbkey=CDS]",5,7,2,2,7,1,0,2,6,1,2,6,3,6,0,8,3,2,3,3,1,1,0,1,1,0,0,0,4,1,2,3,6,3,3,8,2,3,0,1,2,3,2,3,3,3,5,3,0,5,0,3,4,2,0,1,0,1,1,2,9,1,4,10
lcl|CP017623.1_cds_AOW26782.1_1078 [locus_tag=CAALFM_C111580WA] [db_xref=CGD:CAL0000182306] [protein=hypothetical protein] [protein_id=AOW26782.1] [location=2541281..2541658] [gbkey=CDS],7,1,5,2,1,2,1,0,2,1,1,0,1,1,1,5,0,4,2,4,5,0,0,2,0,0,1,1,0,1,0,1,9,2,4,7,0,2,0,2,3,1,0,5,1,1,1,5,0,3,0,3,1,0,0,1,0,0,3,0,6,3,5,4
lcl|CP017623.1_cds_AOW26783.1_1079 [gene=PLD1] [locus_tag=CAALFM_C111590WA] [db_xref=CGD:CAL0000189670] [protein=phospholipase D] [protein_id=AOW26783.1] [location=2542175..2547307] [gbkey=CDS],61,46,47,54,37,15,6,32,83,12,15,29,14,21,37,54,44,11,15,28,43,6,6,25,11,2,4,18,4,9,13,30,87,38,51,86,35,21,7,39,22,4,11,41,16,14,19,37,0,21,0,28,34,26,13,26,0,0,21,10,36,24,63,47
lcl|CP017623.1_cds_AOW26784.1_1080 [locus_tag=CAALFM_C111600WA] [db_xref=CGD:CAL0000183918] [protein=hypothetical protein] [protein_id=AOW26784.1] [location=2547617..2548264] [gbkey=CDS],6,4,5,4,2,0,0,3,5,0,1,4,7,2,0,7,1,3,1,7,7,2,1,5,1,0,0,0,2,2,0,4,6,3,3,4,3,2,0,2,1,2,2,3,2,0,7,11,0,4,0,10,3,2,4,3,0,1,2,1,14,3,15,15
lcl|CP017623.1_cds_AOW26785.1_1081 [locus_tag=CAALFM_C111610CA] [db_xref=CGD:CAL0000193625] [protein=hypothetical protein] [protein_id=AOW26785.1] [location=complement(2548322..2549842)] [gbkey=CDS],27,14,14,8,6,5,1,9,8,3,6,9,4,4,8,16,9,2,4,10,14,4,3,8,2,0,0,6,6,3,3,7,24,7,12,16,13,3,1,10,15,2,7,13,7,1,6,14,0,6,0,17,20,9,6,8,0,0,8,6,16,7,16,12
lcl|CP017623.1_cds_AOW26786.1_1082 [locus_tag=CAALFM_C111620WA] [db_xref=CGD:CAL0000190877] [protein=hypothetical protein] [protein_id=AOW26786.1] [location=2550020..2550913] [gbkey=CDS],7,4,4,9,10,3,2,6,4,6,1,5,13,5,3,13,1,1,4,7,4,3,2,3,3,0,0,1,6,2,3,3,4,3,3,5,4,2,1,1,5,2,1,5,6,4,9,8,0,10,0,11,2,4,1,5,0,2,10,3,13,4,8,22
lcl|CP017623.1_cds_AOW26787.1_1083 [gene=FUS1] [locus_tag=CAALFM_C111630CA] [db_xref=CGD:CAL0000187409] [protein=Fus1p] [protein_id=AOW26787.1] [location=complement(2550972..2552126)] [gbkey=CDS],28,5,7,13,19,3,1,11,7,9,1,7,11,8,5,17,9,1,3,1,11,6,2,4,2,1,5,2,2,1,1,2,13,4,5,14,7,0,1,8,4,4,0,10,11,2,3,9,0,6,0,7,10,3,1,15,0,0,3,2,13,4,11,8
lcl|CP017623.1_cds_AOW26788.1_1084 [gene=DPP2] [locus_tag=CAALFM_C111640CA] [db_xref=CGD:CAL0000185564] [protein=phosphatidate phosphatase] [protein_id=AOW26788.1] [location=complement(2552572..2553426)] [gbkey=CDS],5,3,5,3,10,1,1,5,5,1,0,5,10,4,1,9,9,4,4,8,9,1,2,4,1,0,1,1,0,2,2,4,6,2,4,9,9,2,1,5,5,1,4,5,6,1,2,8,0,5,0,5,8,4,3,5,0,1,5,3,12,6,20,16
lcl|CP017623.1_cds_AOW26789.1_1085 [gene=EGD1] [locus_tag=CAALFM_C111650WA] [db_xref=CGD:CAL0000174763] [protein=Egd1p] [protein_id=AOW26789.1] [location=2554159..2554632] [gbkey=CDS],13,5,5,3,0,2,0,6,4,0,0,0,0,5,0,4,11,0,0,1,8,0,0,0,0,0,0,0,0,0,0,0,13,5,0,6,0,5,0,12,0,0,0,13,1,1,0,7,0,1,0,0,2,0,0,3,0,0,0,0,3,5,10,2
lcl|CP017623.1_cds_AOW26790.1_1086 [gene=GAD1] [locus_tag=CAALFM_C111660WA] [db_xref=CGD:CAL0000195622] [protein=glutamate decarboxylase] [protein_id=AOW26790.1] [location=2555723..2557429] [gbkey=CDS],29,10,16,18,7,8,0,15,21,2,1,6,1,9,4,31,16,9,1,5,8,3,1,10,0,0,0,5,0,0,0,5,36,6,6,30,8,6,0,21,5,3,4,22,2,4,2,27,0,5,0,12,10,8,3,14,0,1,5,4,14,8,43,17
lcl|CP017623.1_cds_AOW26791.1_1087 [locus_tag=CAALFM_C111670WA] [db_xref=CGD:CAL0000189541] [protein=hypothetical protein] [protein_id=AOW26791.1] [location=2558239..2559036] [gbkey=CDS],5,1,1,9,3,3,0,7,5,1,0,3,1,8,4,17,5,1,0,5,4,2,1,2,0,0,0,0,0,1,0,7,9,0,2,5,5,6,0,10,4,1,3,6,1,5,4,15,0,2,0,11,3,2,1,3,0,0,12,0,16,12,15,15
lcl|CP017623.1_cds_AOW26792.1_1088 [locus_tag=CAALFM_C111680CA] [db_xref=CGD:CAL0000175803] [protein=hypothetical protein] [protein_id=AOW26792.1] [location=complement(2559106..2559327)] [gbkey=CDS],8,1,1,3,3,2,0,1,1,0,0,0,3,0,0,1,3,2,0,5,1,0,1,1,1,0,0,0,3,0,0,1,3,0,1,4,1,0,0,2,0,0,1,2,0,1,0,1,0,1,0,3,2,0,0,0,0,0,0,0,4,0,2,2
lcl|CP017623.1_cds_AOW26793.1_1089 [locus_tag=CAALFM_C111690WA] [db_xref=CGD:CAL0000193023] [protein=hypothetical protein] [protein_id=AOW26793.1] [location=2560903..2562321] [gbkey=CDS],21,28,5,47,10,6,5,14,9,8,1,7,7,2,8,9,30,6,3,8,16,4,1,6,2,0,2,1,2,2,8,6,8,9,3,20,6,5,1,5,7,2,2,9,4,2,1,4,0,4,0,5,23,8,3,8,0,2,5,2,17,5,8,9
lcl|CP017623.1_cds_AOW26794.1_1090 [gene=MRF1] [locus_tag=CAALFM_C111700CA] [db_xref=CGD:CAL0000182133] [protein=Mrf1p] [protein_id=AOW26794.1] [location=complement(2562559..2563638)] [gbkey=CDS],21,3,7,19,9,10,0,11,3,1,0,8,1,6,0,18,17,0,0,3,7,1,0,7,1,0,0,3,0,0,0,6,13,1,2,20,10,4,0,10,6,2,3,22,3,7,7,18,0,3,0,9,4,0,4,8,0,0,4,0,9,4,16,7
lcl|CP017623.1_cds_AOW26795.1_1091 [locus_tag=CAALFM_C111710CA] [db_xref=CGD:CAL0000189829] [protein=hypothetical protein] [protein_id=AOW26795.1] [location=complement(2564631..2565422)] [gbkey=CDS],21,3,13,7,2,2,0,7,8,2,0,3,0,4,0,10,6,5,0,6,3,0,0,3,0,0,0,1,0,1,1,3,13,12,3,26,1,0,1,11,5,3,0,14,0,2,1,5,0,4,0,15,2,0,0,6,0,0,2,1,7,6,7,4
lcl|CP017623.1_cds_AOW26796.1_1092 [locus_tag=CAALFM_C111720WA] [db_xref=CGD:CAL0000186317] [protein=hypothetical protein] [protein_id=AOW26796.1] [location=2568085..2568453] [gbkey=CDS],4,1,4,6,4,1,0,4,4,3,0,1,3,3,1,1,6,2,2,2,7,3,1,1,2,1,1,1,2,0,1,1,7,2,3,3,0,1,1,1,0,0,0,2,1,0,1,1,0,0,0,3,4,2,2,2,0,0,0,0,3,1,3,3
lcl|CP017623.1_cds_AOW26797.1_1093 [locus_tag=CAALFM_C111730WA] [db_xref=CGD:CAL0000201060] [protein=hypothetical protein] [protein_id=AOW26797.1] [location=2568686..2572051] [gbkey=CDS],43,28,27,57,16,10,1,20,27,5,4,22,9,6,47,25,84,4,10,10,36,4,6,22,5,0,1,10,3,2,12,11,64,10,20,53,28,11,1,22,16,4,7,25,12,12,3,15,0,18,0,45,33,8,13,31,0,1,6,6,23,10,30,26
lcl|CP017623.1_cds_AOW26798.1_1094 [locus_tag=CAALFM_C111740WA] [db_xref=CGD:CAL0000189999] [protein=hypothetical protein] [protein_id=AOW26798.1] [location=2572482..2573666] [gbkey=CDS],23,13,14,10,8,5,1,4,14,2,1,5,7,10,4,10,15,1,5,4,9,1,1,3,6,0,0,5,6,0,3,3,24,8,8,18,6,1,0,7,3,1,2,3,5,1,3,7,0,7,0,11,11,4,2,5,0,0,2,0,21,8,15,17
lcl|CP017623.1_cds_AOW26799.1_1095 [gene=AVT4] [locus_tag=CAALFM_C111750WA] [db_xref=CGD:CAL0000187441] [protein=Avt4p] [protein_id=AOW26799.1] [location=2574666..2576585] [gbkey=CDS],24,10,6,21,10,6,3,12,8,1,1,12,12,7,9,39,19,2,3,9,16,3,2,9,7,0,1,7,1,2,5,7,27,4,3,21,10,7,4,14,10,2,6,19,5,4,8,23,0,2,0,22,20,3,4,18,0,1,7,5,42,13,27,33
lcl|CP017623.1_cds_AOW26800.1_1096 [locus_tag=CAALFM_C111760CA] [db_xref=CGD:CAL0000190607] [protein=hypothetical protein] [protein_id=AOW26800.1] [location=complement(2576806..2577432)] [gbkey=CDS],12,2,0,10,5,2,0,10,9,0,0,3,6,1,2,12,12,1,0,3,4,0,1,3,0,0,0,1,0,0,1,0,18,0,1,8,2,2,0,5,1,2,3,4,1,2,3,5,0,0,0,10,4,1,1,1,0,0,3,0,16,1,5,8
lcl|CP017623.1_cds_AOW26801.1_1097 [locus_tag=CAALFM_C111770CA] [db_xref=CGD:CAL0000195404] [protein=hypothetical protein] [protein_id=AOW26801.1] [location=complement(2578004..2580928)] [gbkey=CDS],51,35,14,67,15,7,4,12,16,6,2,17,10,9,25,30,95,8,10,17,44,9,3,13,6,1,0,7,2,3,4,10,28,7,11,38,15,5,0,14,16,4,9,27,11,4,9,11,0,11,0,32,34,13,8,25,0,4,4,2,28,13,24,14
lcl|CP017623.1_cds_AOW26802.1_1098 [locus_tag=CAALFM_C111790WA] [db_xref=CGD:CAL0000197535] [protein=bifunctional thymidylate/uridylate kinase] [protein_id=AOW26802.1] [location=2584053..2584727] [gbkey=CDS],17,2,1,10,7,4,2,3,3,0,0,3,8,4,0,11,17,0,0,3,1,1,0,5,0,1,0,4,2,0,1,2,10,1,2,16,4,0,1,3,3,1,2,6,2,0,0,2,0,0,0,6,3,2,1,6,0,0,4,1,19,3,7,6
lcl|CP017623.1_cds_AOW26803.1_1099 [locus_tag=CAALFM_C111800CA] [db_xref=CGD:CAL0000186131] [protein=hypothetical protein] [protein_id=AOW26803.1] [location=complement(2584789..2585226)] [gbkey=CDS],8,1,1,5,1,0,0,0,1,1,0,5,4,1,0,7,9,0,0,4,1,0,0,0,5,0,0,1,2,0,2,3,8,2,0,9,1,0,0,0,4,0,0,2,1,2,0,6,0,1,0,11,5,0,0,1,0,0,1,2,14,0,2,10
lcl|CP017623.1_cds_AOW26804.1_1100 [gene=CAS1] [locus_tag=CAALFM_C111810WA] [db_xref=CGD:CAL0000186914] [protein=ATP-dependent DNA helicase] [protein_id=AOW26804.1] [location=2585501..2587936] [gbkey=CDS],60,7,9,66,15,5,2,20,19,2,3,15,14,8,15,40,38,0,2,16,13,2,0,12,8,0,0,5,5,1,3,7,47,9,9,56,7,5,1,11,18,1,8,17,3,3,6,13,0,1,0,27,25,3,2,14,0,1,5,6,40,12,18,30
lcl|CP017623.1_cds_AOW26805.1_1101 [locus_tag=CAALFM_C111850WA] [db_xref=CGD:CAL0000198771] [protein=hypothetical protein] [protein_id=AOW26805.1] [location=2593187..2594629] [gbkey=CDS],30,24,9,19,6,10,1,13,10,2,1,9,9,8,3,12,17,1,2,9,12,2,0,4,1,1,0,2,2,2,0,4,18,11,5,22,10,4,0,5,4,4,4,9,4,6,2,7,0,10,0,17,13,14,6,10,0,1,4,3,15,6,23,17
lcl|CP017623.1_cds_AOW26806.1_1102 [locus_tag=CAALFM_C111860WA] [db_xref=CGD:CAL0000181643] [protein=hypothetical protein] [protein_id=AOW26806.1] [location=2595221..2598883] [gbkey=CDS],99,18,33,42,10,26,1,48,27,2,1,12,2,24,4,78,40,6,1,10,42,1,1,16,0,0,0,13,0,2,1,2,110,16,6,55,17,30,0,51,9,3,6,45,4,23,5,70,0,7,0,11,22,11,2,43,0,0,5,1,24,13,44,24
lcl|CP017623.1_cds_AOW26807.1_1103 [gene=MUP1] [locus_tag=CAALFM_C111870WA] [db_xref=CGD:CAL0000175765] [protein=Mup1p] [protein_id=AOW26807.1] [location=2600115..2601776] [gbkey=CDS],21,12,6,14,4,7,0,20,8,1,1,11,6,12,6,31,11,1,3,6,14,2,1,5,0,0,0,3,0,3,2,12,22,3,3,7,10,17,1,21,12,4,4,31,4,13,6,29,0,8,0,22,15,4,0,7,0,0,14,3,18,16,17,18
lcl|CP017623.1_cds_AOW26808.1_1104 [locus_tag=CAALFM_C111880WA] [db_xref=CGD:CAL0000189507] [protein=mitochondrial 54S ribosomal protein MRPL51] [protein_id=AOW26808.1] [location=2602121..2602543] [gbkey=CDS],14,3,1,11,1,1,0,4,3,0,1,1,5,5,0,5,4,0,1,6,4,0,1,2,1,0,0,2,0,0,0,2,3,1,4,1,1,2,0,1,5,0,1,4,1,1,2,4,0,1,0,4,4,2,0,2,0,0,2,2,4,2,3,4
lcl|CP017623.1_cds_AOW26809.1_1105 [locus_tag=CAALFM_C111890WA] [db_xref=CGD:CAL0000188791] [protein=hypothetical protein] [protein_id=AOW26809.1] [location=2603042..2604070] [gbkey=CDS],23,6,3,14,4,7,1,11,6,1,1,5,3,4,3,19,12,0,2,7,6,3,0,9,1,0,0,3,1,0,0,1,11,4,0,19,6,3,1,8,8,0,3,5,4,3,3,11,0,2,0,10,7,3,4,9,0,1,5,4,25,3,14,9
lcl|CP017623.1_cds_AOW26810.1_1106 [locus_tag=CAALFM_C111900CA] [db_xref=CGD:CAL0000176622] [protein=hypothetical protein] [protein_id=AOW26810.1] [location=complement(2604245..2605468)] [gbkey=CDS],47,6,32,13,19,0,3,15,5,4,2,12,6,2,2,10,13,0,2,4,12,2,1,11,5,0,0,0,4,0,6,0,24,3,8,15,5,2,0,6,6,2,0,3,2,3,4,5,0,0,0,9,13,6,5,15,0,0,0,1,12,1,6,12
lcl|CP017623.1_cds_AOW26811.1_1107 [locus_tag=CAALFM_C111910WA] [db_xref=CGD:CAL0000198679] [protein=hypothetical protein] [protein_id=AOW26811.1] [location=2605723..2606970] [gbkey=CDS],28,4,6,40,8,3,2,7,6,2,0,12,14,8,9,17,19,0,1,4,2,4,0,5,2,0,1,1,4,0,0,6,7,2,2,19,3,1,1,2,4,1,2,5,5,1,2,9,0,3,0,25,10,5,0,7,0,0,7,4,31,13,19,9
lcl|CP017623.1_cds_AOW26812.1_1108 [locus_tag=CAALFM_C111920WA] [db_xref=CGD:CAL0000196590] [protein=hypothetical protein] [protein_id=AOW26812.1] [location=2607298..2608521] [gbkey=CDS],34,4,10,18,10,0,1,16,3,1,0,7,8,2,2,18,18,3,1,8,15,3,2,3,1,0,1,0,2,0,2,2,41,6,8,25,8,3,1,3,7,1,1,4,4,0,3,6,0,1,0,5,13,1,6,5,0,0,2,2,23,5,18,9
lcl|CP017623.1_cds_AOW26813.1_1109 [locus_tag=CAALFM_C111930WA] [db_xref=CGD:CAL0000197541] [protein=hypothetical protein] [protein_id=AOW26813.1] [location=2610679..2613744] [gbkey=CDS],45,9,17,43,13,6,7,15,27,4,7,22,10,2,17,21,105,6,35,21,53,7,9,27,3,2,1,7,0,0,4,8,27,12,5,45,18,8,0,27,18,4,9,28,6,6,10,15,0,15,0,31,23,6,14,31,0,0,7,2,34,5,39,22
lcl|CP017623.1_cds_AOW26814.1_1110 [locus_tag=CAALFM_C111940CA] [db_xref=CGD:CAL0000197214] [protein=hypothetical protein] [protein_id=AOW26814.1] [location=complement(2613981..2615726)] [gbkey=CDS],31,14,8,49,13,10,7,12,9,1,1,14,10,6,3,22,29,1,1,5,19,5,2,13,5,0,3,2,2,0,0,4,25,13,1,31,12,8,2,5,4,0,0,9,7,5,3,11,0,4,0,17,14,3,2,12,0,1,2,6,37,10,17,18
lcl|CP017623.1_cds_AOW26815.1_1111 [locus_tag=CAALFM_C111950WA] [db_xref=CGD:CAL0000190381] [protein=hypothetical protein] [protein_id=AOW26815.1] [location=2616918..2617940] [gbkey=CDS],22,6,2,20,10,9,1,10,2,0,0,11,7,5,4,19,19,0,1,6,5,3,1,8,3,0,0,2,3,0,0,1,17,1,1,13,3,3,0,6,2,0,4,6,5,1,4,9,0,2,0,11,11,0,1,6,0,0,4,2,22,3,16,6
lcl|CP017623.1_cds_AOW26816.1_1112 [locus_tag=CAALFM_C111960CA] [db_xref=CGD:CAL0000185353] [protein=hypothetical protein] [protein_id=AOW26816.1] [location=complement(2618147..2618401)] [gbkey=CDS],3,0,0,2,1,1,0,2,0,1,0,3,4,0,1,4,5,0,1,0,1,0,0,1,1,0,0,0,0,0,0,1,1,0,1,2,0,3,0,4,1,0,0,3,2,1,1,4,0,0,0,3,5,0,1,0,0,0,0,3,4,4,2,6
lcl|CP017623.1_cds_AOW26817.1_1113 [locus_tag=CAALFM_C111970CA] [db_xref=CGD:CAL0000194989] [protein=hypothetical protein] [protein_id=AOW26817.1] [location=complement(2619019..2620410)] [gbkey=CDS],29,8,10,38,14,11,3,33,8,2,2,19,6,7,14,8,5,2,0,5,10,2,1,10,4,0,2,7,4,0,3,1,22,6,7,26,9,3,0,8,7,1,3,8,6,3,4,10,0,3,0,9,21,3,5,10,0,0,1,0,3,1,5,10
lcl|CP017623.1_cds_AOW26818.1_1114 [gene=MED10] [locus_tag=CAALFM_C111980WA] [db_xref=CGD:CAL0000183331] [protein=mediator complex subunit] [protein_id=AOW26818.1] [location=2620858..2621370] [gbkey=CDS],9,3,2,18,6,3,0,4,1,0,1,5,4,2,2,7,9,1,0,1,3,3,0,2,2,0,0,1,1,0,1,1,7,2,1,11,2,1,1,7,4,0,2,2,1,1,2,4,0,0,0,2,3,1,0,3,0,0,0,0,8,0,6,6
lcl|CP017623.1_cds_AOW26819.1_1115 [locus_tag=CAALFM_C111990WA] [db_xref=CGD:CAL0000196406] [protein=hypothetical protein] [protein_id=AOW26819.1] [location=2623918..2624403] [gbkey=CDS],5,2,1,3,9,8,0,16,1,1,0,6,0,0,0,5,3,0,0,1,4,1,1,2,0,0,0,0,0,1,0,3,8,1,0,10,1,6,0,4,3,0,0,4,2,2,4,6,0,0,0,8,7,3,0,3,0,1,0,0,9,1,1,3
lcl|CP017623.1_cds_AOW26820.1_1116 [locus_tag=CAALFM_C112000CA] [db_xref=CGD:CAL0000200301] [protein=hypothetical protein] [protein_id=AOW26820.1] [location=complement(2624649..2626028)] [gbkey=CDS],26,18,11,43,13,7,1,13,4,4,2,10,17,5,2,25,13,0,0,9,4,2,1,5,2,1,1,2,2,2,0,7,14,4,3,21,4,2,1,6,6,1,1,14,2,4,4,9,0,1,0,16,13,4,2,5,0,0,1,6,17,13,15,17
lcl|CP017623.1_cds_AOW26821.1_1117 [gene=KIP4] [locus_tag=CAALFM_C112010CA] [db_xref=CGD:CAL0000181337] [protein=Kip4p] [protein_id=AOW26821.1] [location=complement(2626511..2629225)] [gbkey=CDS],41,11,15,50,15,7,3,28,25,3,0,30,12,17,21,33,46,4,8,21,19,2,1,9,7,1,2,8,5,0,6,9,61,8,10,39,7,7,2,17,10,5,11,28,5,7,9,10,0,7,0,15,38,17,10,21,0,0,0,3,31,12,35,19
lcl|CP017623.1_cds_AOW26822.1_1118 [gene=SER33] [locus_tag=CAALFM_C112030WA] [db_xref=CGD:CAL0000190003] [protein=phosphoglycerate dehydrogenase] [protein_id=AOW26822.1] [location=2632863..2634254] [gbkey=CDS],26,12,4,16,2,5,0,15,8,2,0,7,3,13,7,21,24,4,1,4,14,1,0,4,0,0,0,2,0,0,0,1,25,1,2,19,1,14,0,24,2,0,0,28,2,8,3,23,0,5,0,9,16,3,1,13,0,0,3,4,18,10,28,4
lcl|CP017623.1_cds_AOW26823.1_1119 [locus_tag=CAALFM_C112040WA] [db_xref=CGD:CAL0000195837] [protein=hypothetical protein] [protein_id=AOW26823.1] [location=2634434..2634865] [gbkey=CDS],11,4,6,7,5,0,0,6,3,3,0,6,0,3,2,6,5,0,2,3,0,0,0,0,0,0,0,0,1,1,2,2,5,5,0,10,2,3,0,0,4,0,0,1,2,2,0,1,0,1,0,2,7,1,0,1,0,0,1,1,3,3,1,8
lcl|CP017623.1_cds_AOW26824.1_1120 [gene=RPN2] [locus_tag=CAALFM_C112050WA] [db_xref=CGD:CAL0000182505] [protein=proteasome regulatory particle base subunit] [protein_id=AOW26824.1] [location=2635306..2638164] [gbkey=CDS],51,25,20,38,16,9,3,20,16,1,4,12,10,16,12,35,36,4,5,9,17,2,2,8,2,0,0,6,1,0,0,4,56,13,6,42,25,30,0,35,17,6,6,26,12,6,15,22,0,11,0,19,23,5,10,25,0,1,5,5,45,16,62,23
lcl|CP017623.1_cds_AOW26825.1_1121 [locus_tag=CAALFM_C112060CA] [db_xref=CGD:CAL0000187635] [protein=hypothetical protein] [protein_id=AOW26825.1] [location=complement(2638267..2638986)] [gbkey=CDS],18,4,6,11,3,3,2,7,1,2,1,6,6,3,2,13,9,0,1,2,2,3,0,2,0,0,1,1,1,0,0,1,6,6,5,7,4,2,1,2,6,0,1,8,6,4,3,5,0,1,0,6,5,4,1,5,0,1,3,3,7,5,9,11
lcl|CP017623.1_cds_AOW26826.1_1122 [locus_tag=CAALFM_C112070CA] [db_xref=CGD:CAL0000179716] [protein=hypothetical protein] [protein_id=AOW26826.1] [location=complement(2639138..2641018)] [gbkey=CDS],30,13,12,49,11,8,3,17,3,3,3,14,14,13,7,24,17,2,4,8,13,6,1,9,5,0,0,2,10,5,3,12,27,6,9,28,7,1,0,9,6,3,1,4,6,4,5,13,0,4,0,15,14,5,4,8,0,4,10,3,42,9,37,20
lcl|CP017623.1_cds_AOW26827.1_1123 [gene=LCB4] [locus_tag=CAALFM_C112080WA] [db_xref=CGD:CAL0000174172] [protein=sphinganine kinase] [protein_id=AOW26827.1] [location=2641810..2643402] [gbkey=CDS],28,12,6,19,12,6,3,10,2,3,0,15,17,4,6,26,15,5,3,13,8,4,3,14,0,1,2,5,4,0,2,4,22,5,7,34,10,2,3,11,7,8,7,10,4,6,8,10,0,7,0,12,9,6,5,11,0,1,3,5,18,8,27,11
lcl|CP017623.1_cds_AOW26828.1_1124 [locus_tag=CAALFM_C112090CA] [db_xref=CGD:CAL0000184437] [protein=hypothetical protein] [protein_id=AOW26828.1] [location=complement(2643534..2644889)] [gbkey=CDS],44,13,7,21,9,7,1,12,10,0,1,14,8,5,8,21,15,0,3,6,3,0,0,2,2,1,1,3,3,1,6,11,34,3,8,21,5,3,2,10,4,2,1,3,6,2,3,12,0,0,0,12,9,5,0,8,0,2,2,3,16,2,24,10
lcl|CP017623.1_cds_AOW26829.1_1125 [gene=PXA2] [locus_tag=CAALFM_C112100CA] [db_xref=CGD:CAL0000196592] [protein=ATP-binding cassette long-chain fatty acid transporter] [protein_id=AOW26829.1] [location=complement(2645318..2647321)] [gbkey=CDS],44,14,15,19,8,6,3,19,20,2,3,9,7,6,10,25,19,1,3,15,13,3,0,4,1,1,0,5,7,1,0,8,25,2,7,34,18,10,1,20,15,1,5,17,6,2,4,14,0,10,0,19,18,9,5,12,0,0,7,4,38,11,44,17
lcl|CP017623.1_cds_AOW26830.1_1126 [locus_tag=CAALFM_C112110CA] [db_xref=CGD:CAL0000182464] [protein=hypothetical protein] [protein_id=AOW26830.1] [location=complement(2647733..2648113)] [gbkey=CDS],10,3,2,12,1,4,1,4,1,0,0,6,5,2,2,5,7,0,1,3,0,0,0,1,1,0,0,0,5,1,0,2,7,1,2,4,3,1,0,4,0,1,0,1,0,0,1,3,0,2,0,2,1,1,0,1,0,0,1,0,6,0,2,2
lcl|CP017623.1_cds_AOW26831.1_1127 [locus_tag=CAALFM_C112120WA] [db_xref=CGD:CAL0000181204] [protein=hypothetical protein] [protein_id=AOW26831.1] [location=2648544..2650742] [gbkey=CDS],47,26,12,33,19,7,8,11,19,2,6,12,27,13,8,17,29,8,7,12,19,3,4,12,6,2,4,3,14,2,8,15,26,13,12,26,9,2,1,6,7,2,5,12,6,4,6,12,0,9,0,19,31,7,6,14,0,0,4,4,25,7,18,23
lcl|CP017623.1_cds_AOW26832.1_1128 [gene=ZCF30] [locus_tag=CAALFM_C112130CA] [db_xref=CGD:CAL0000177855] [protein=Zcf30p] [protein_id=AOW26832.1] [location=complement(2650824..2653223)] [gbkey=CDS],46,22,19,46,17,5,10,8,11,2,1,22,21,5,12,19,37,6,15,18,17,5,8,13,6,1,1,2,13,3,3,2,29,10,15,33,13,6,5,11,10,3,4,7,7,3,12,13,0,4,0,17,22,10,9,19,0,1,9,11,37,7,31,24
lcl|CP017623.1_cds_AOW26833.1_1129 [locus_tag=CAALFM_C112140WA] [db_xref=CGD:CAL0000181678] [protein=hypothetical protein] [protein_id=AOW26833.1] [location=2653555..2654043] [gbkey=CDS],11,5,4,5,0,1,0,3,2,1,0,2,1,3,2,12,2,1,2,2,5,1,0,1,0,0,0,0,0,0,0,2,13,4,1,4,3,1,1,4,1,3,0,9,3,5,1,4,0,4,0,1,5,0,1,4,0,0,2,1,3,3,8,4
"lcl|CP017623.1_cds_AOW26834.1_1130 [locus_tag=CAALFM_C112150CA] [db_xref=CGD:CAL0000182264] [protein=hypothetical protein] [protein_id=AOW26834.1] [location=complement(join(2654122..2654672,2654742..2654799))] [gbkey=CDS]",11,6,4,14,6,0,0,5,4,1,0,4,14,3,2,5,4,2,3,2,4,2,2,2,0,0,1,1,2,2,0,2,6,3,7,8,3,0,0,4,2,3,1,2,4,1,5,2,0,2,0,4,4,3,5,0,0,0,5,0,5,3,4,7
lcl|CP017623.1_cds_AOW26835.1_1131 [gene=MSO1] [locus_tag=CAALFM_C112160WA] [db_xref=CGD:CAL0000178412] [protein=Mso1p] [protein_id=AOW26835.1] [location=2655467..2655976] [gbkey=CDS],6,7,3,6,6,0,0,2,3,1,0,6,2,0,0,1,24,2,7,2,2,3,1,0,1,0,0,4,2,0,0,0,0,4,3,4,2,1,0,2,6,7,0,3,2,1,0,1,0,3,0,10,4,3,1,7,0,0,2,0,5,2,1,3
lcl|CP017623.1_cds_AOW26836.1_1132 [locus_tag=CAALFM_C112170CA] [db_xref=CGD:CAL0000186464] [protein=hypothetical protein] [protein_id=AOW26836.1] [location=complement(2656050..2657330)] [gbkey=CDS],18,12,10,30,5,3,2,8,17,5,2,20,6,2,10,14,8,1,5,8,6,3,3,6,4,1,1,1,4,2,0,7,22,7,9,20,5,6,0,2,5,1,3,6,2,1,6,8,0,7,0,9,7,5,2,13,0,0,4,2,15,12,12,10
lcl|CP017623.1_cds_AOW26837.1_1133 [locus_tag=CAALFM_C112180CA] [db_xref=CGD:CAL0000178396] [protein=hypothetical protein] [protein_id=AOW26837.1] [location=complement(2657594..2658760)] [gbkey=CDS],20,9,10,11,12,4,1,9,6,0,1,7,3,3,4,19,10,1,2,11,12,3,3,11,2,0,1,8,1,3,4,8,24,7,9,12,5,4,0,10,4,1,2,3,6,1,3,16,0,6,0,15,5,3,3,9,0,0,0,1,14,7,7,11
lcl|CP017623.1_cds_AOW26838.1_1134 [gene=BUL4] [locus_tag=CAALFM_C112190WA] [db_xref=CGD:CAL0000182032] [protein=Bul4p] [protein_id=AOW26838.1] [location=2659187..2661355] [gbkey=CDS],42,9,14,44,17,6,3,14,17,2,0,18,22,17,11,28,22,4,8,10,23,9,2,10,3,1,2,2,6,3,4,10,32,4,16,32,9,2,1,7,9,2,1,12,9,5,12,16,0,5,0,26,27,9,3,14,0,1,6,5,23,10,14,26
lcl|CP017623.1_cds_AOW26839.1_1135 [gene=MCD4] [locus_tag=CAALFM_C112200WA] [db_xref=CGD:CAL0000201697] [protein=mannose-ethanolamine phosphotransferase] [protein_id=AOW26839.1] [location=2661669..2664584] [gbkey=CDS],43,2,4,36,15,5,6,30,16,1,1,16,21,13,19,60,31,0,1,25,25,2,0,13,2,0,0,7,1,0,2,8,48,1,4,42,17,6,1,20,20,3,18,20,9,2,8,38,0,4,0,41,26,5,3,20,0,0,14,5,84,23,29,54
lcl|CP017623.1_cds_AOW26840.1_1136 [gene=TRP3] [locus_tag=CAALFM_C112210WA] [db_xref=CGD:CAL0000192837] [protein=bifunctional anthranilate synthase/indole-3-glycerol-phosphate synthase] [protein_id=AOW26840.1] [location=2664810..2666372] [gbkey=CDS],36,5,8,23,9,3,1,23,9,0,0,9,13,3,8,29,16,0,0,13,11,1,1,7,2,0,0,5,0,0,1,3,33,3,1,33,5,4,1,8,10,0,7,20,8,2,4,18,0,1,0,19,13,1,1,13,0,1,3,5,39,2,10,15
lcl|CP017623.1_cds_AOW26841.1_1137 [gene=CDC6] [locus_tag=CAALFM_C112220WA] [db_xref=CGD:CAL0000190984] [protein=AAA family ATPase] [protein_id=AOW26841.1] [location=2666903..2668348] [gbkey=CDS],44,5,3,40,8,5,2,19,8,0,0,14,15,7,9,24,28,1,2,5,11,0,1,7,3,0,0,3,2,1,1,6,14,1,2,22,5,2,0,8,4,2,2,6,5,0,6,8,0,2,0,14,14,6,1,10,0,2,0,10,27,5,13,15
lcl|CP017623.1_cds_AOW26842.1_1138 [gene=SNT1] [locus_tag=CAALFM_C112230WA] [db_xref=CGD:CAL0000181880] [protein=Snt1p] [protein_id=AOW26842.1] [location=2669523..2672528] [gbkey=CDS],59,17,26,59,24,14,7,30,21,1,3,32,14,4,17,24,32,2,12,16,24,3,3,18,11,0,2,15,6,0,2,4,59,10,25,39,13,12,1,21,23,4,4,26,9,1,11,25,0,8,0,34,51,8,12,25,0,1,8,3,22,6,19,18
lcl|CP017623.1_cds_AOW26843.1_1139 [locus_tag=CAALFM_C112240CA] [db_xref=CGD:CAL0000183506] [protein=putative alanine--tRNA ligase] [protein_id=AOW26843.1] [location=complement(2672727..2674139)] [gbkey=CDS],40,8,3,21,14,7,0,13,6,0,0,5,2,3,3,29,22,0,0,18,7,3,1,4,3,0,0,2,1,0,0,2,32,3,1,26,10,2,0,11,11,1,2,19,6,1,2,20,0,0,0,11,15,1,1,8,0,0,3,5,44,4,6,7
lcl|CP017623.1_cds_AOW26844.1_1140 [locus_tag=CAALFM_C112250CA] [db_xref=CGD:CAL0000175090] [protein=hypothetical protein] [protein_id=AOW26844.1] [location=complement(2674414..2676231)] [gbkey=CDS],32,8,9,27,17,5,3,18,19,3,1,11,7,9,14,25,15,5,1,13,22,1,0,9,0,0,0,6,1,2,2,5,34,9,3,31,12,13,2,18,14,3,3,13,7,4,6,31,0,1,0,7,15,2,5,12,0,0,3,5,22,9,21,9
lcl|CP017623.1_cds_AOW26845.1_1141 [gene=VPH2] [locus_tag=CAALFM_C112260WA] [db_xref=CGD:CAL0000185428] [protein=Vph2p] [protein_id=AOW26845.1] [location=2677427..2678068] [gbkey=CDS],18,0,6,6,7,5,1,7,3,0,2,5,6,2,2,6,11,3,1,1,4,2,0,4,1,0,0,1,1,0,1,4,13,1,0,7,4,2,0,3,1,0,0,3,3,0,3,7,0,4,0,9,5,2,0,3,0,0,3,1,11,3,11,3
"lcl|CP017623.1_cds_AOW26846.1_1142 [gene=SRT1] [locus_tag=CAALFM_C112270WA] [db_xref=CGD:CAL0000195761] [protein=ditrans,polycis-polyprenyl diphosphate synthase] [protein_id=AOW26846.1] [location=join(2678223..2678462,2678528..2679232)] [gbkey=CDS]",20,1,4,11,2,1,0,17,6,0,0,5,3,5,4,20,4,0,0,6,8,1,2,7,4,0,0,7,1,1,1,5,23,0,1,16,5,1,3,7,5,1,2,6,3,2,1,16,0,0,0,13,9,0,1,3,0,0,4,4,16,5,3,17
lcl|CP017623.1_cds_AOW26847.1_1143 [locus_tag=CAALFM_C112280CA] [db_xref=CGD:CAL0000194947] [protein=mitochondrial 54S ribosomal protein YmL13] [protein_id=AOW26847.1] [location=complement(2679385..2680083)] [gbkey=CDS],26,0,0,20,5,1,0,5,6,0,1,4,6,2,1,17,19,0,0,4,2,1,0,0,3,0,0,0,0,0,0,2,16,0,0,18,0,0,0,2,0,0,0,3,1,0,0,3,0,0,0,7,12,1,0,6,0,0,3,0,14,2,7,11
lcl|CP017623.1_cds_AOW26848.1_1144 [gene=RBD1] [locus_tag=CAALFM_C112290CA] [db_xref=CGD:CAL0000197514] [protein=Rbd1p] [protein_id=AOW26848.1] [location=complement(2680478..2682487)] [gbkey=CDS],34,4,5,45,19,5,3,21,10,0,3,18,19,8,16,34,23,2,4,12,17,3,2,20,3,0,1,7,3,1,3,9,15,4,1,28,3,11,2,9,16,1,7,19,7,1,8,11,0,4,0,23,30,6,2,11,0,1,7,10,34,11,6,26
lcl|CP017623.1_cds_AOW26849.1_1145 [gene=CSI2] [locus_tag=CAALFM_C112310CA] [db_xref=CGD:CAL0000186593] [protein=Csi2p] [protein_id=AOW26849.1] [location=complement(2685652..2686530)] [gbkey=CDS],26,3,4,17,1,2,0,8,11,0,1,2,3,3,2,13,16,1,0,9,13,0,0,0,1,0,0,2,0,0,0,1,17,0,0,18,3,0,0,11,3,0,2,4,1,1,2,9,0,2,0,7,8,2,1,7,0,0,2,3,27,2,7,13
lcl|CP017623.1_cds_AOW26850.1_1146 [gene=ATP19] [locus_tag=CAALFM_C112320CA] [db_xref=CGD:CAL0000179071] [protein=F1F0 ATP synthase subunit k] [protein_id=AOW26850.1] [location=complement(2687249..2687452)] [gbkey=CDS],6,0,0,0,1,1,0,3,0,0,0,1,0,0,0,3,4,0,0,3,9,0,0,0,0,0,0,0,0,0,0,0,6,0,0,0,0,2,0,4,0,0,1,3,0,0,1,2,0,0,0,1,1,1,0,1,0,0,2,0,6,3,1,0
lcl|CP017623.1_cds_AOW26851.1_1147 [locus_tag=CAALFM_C112330WA] [db_xref=CGD:CAL0000184247] [protein=hypothetical protein] [protein_id=AOW26851.1] [location=2687808..2689043] [gbkey=CDS],18,12,4,31,21,3,0,8,11,1,2,13,11,1,8,18,15,0,5,17,11,2,2,11,4,0,2,0,2,1,0,2,22,6,1,19,4,2,0,2,3,0,2,5,0,1,6,7,0,1,0,14,21,6,0,12,0,1,1,5,12,2,7,12
lcl|CP017623.1_cds_AOW26852.1_1148 [gene=MRPS9] [locus_tag=CAALFM_C112340CA] [db_xref=CGD:CAL0000191081] [protein=mitochondrial 37S ribosomal protein MRPS9] [protein_id=AOW26852.1] [location=complement(2689209..2690219)] [gbkey=CDS],24,3,4,12,9,9,1,15,19,0,1,5,4,4,5,12,21,0,0,4,10,1,0,5,1,0,0,8,0,1,1,5,19,0,1,8,2,1,0,10,6,0,3,8,7,3,4,10,0,2,0,11,8,1,0,8,0,0,1,1,19,4,6,8
lcl|CP017623.1_cds_AOW26853.1_1149 [locus_tag=CAALFM_C112350WA] [db_xref=CGD:CAL0000184500] [protein=exosome catalytic subunit] [protein_id=AOW26853.1] [location=2690712..2693726] [gbkey=CDS],67,2,6,68,11,6,3,24,41,1,3,13,9,8,19,57,33,1,1,18,24,3,2,14,3,0,0,13,0,0,4,4,65,1,1,73,23,13,0,25,16,2,3,28,10,9,10,43,0,3,0,35,29,4,8,14,0,0,6,13,62,11,16,22
"lcl|CP017623.1_cds_AOW26854.1_1150 [gene=RIB3] [locus_tag=CAALFM_C112360CA] [db_xref=CGD:CAL0000192139] [protein=3,4-dihydroxy-2-butanone-4-phosphate synthase] [protein_id=AOW26854.1] [location=complement(2693848..2694471)] [gbkey=CDS]",10,3,0,6,1,2,1,9,7,0,0,5,2,4,7,11,7,0,0,5,6,0,1,3,2,0,0,3,0,0,0,0,17,2,0,10,3,2,0,12,2,2,1,9,1,0,1,7,0,1,0,4,2,0,1,2,0,1,0,3,20,1,2,5
lcl|CP017623.1_cds_AOW26855.1_1151 [locus_tag=CAALFM_C112370WA] [db_xref=CGD:CAL0000182230] [protein=hypothetical protein] [protein_id=AOW26855.1] [location=2695803..2696300] [gbkey=CDS],11,2,0,8,6,0,0,8,1,0,0,4,8,3,3,9,6,0,0,3,1,1,0,6,1,0,0,0,3,1,1,0,12,3,1,9,2,1,0,2,4,0,0,2,1,0,1,3,0,1,0,2,8,1,1,3,0,0,1,1,6,4,3,6
lcl|CP017623.1_cds_AOW26856.1_1152 [gene=WRS1] [locus_tag=CAALFM_C112380CA] [db_xref=CGD:CAL0000182691] [protein=tryptophan--tRNA ligase] [protein_id=AOW26856.1] [location=complement(2696433..2697707)] [gbkey=CDS],34,2,5,5,9,3,0,14,14,0,0,4,6,4,8,14,19,1,2,9,13,1,1,5,1,0,0,2,0,1,0,0,29,4,5,24,11,7,0,8,10,0,4,13,9,2,2,16,0,0,0,11,15,1,2,5,0,0,2,5,23,12,4,22
"lcl|CP017623.1_cds_AOW26857.1_1153 [gene=RPL27A] [locus_tag=CAALFM_C112390CA] [db_xref=CGD:CAL0000176884] [protein=ribosomal 60S subunit protein L27A] [protein_id=AOW26857.1] [location=complement(join(2698188..2698567,2698984..2699014))] [gbkey=CDS]",17,3,8,0,0,2,0,4,5,0,0,0,0,2,2,3,3,2,0,4,7,0,0,0,0,0,0,1,0,0,0,0,10,0,0,3,0,1,0,11,0,0,0,6,3,4,1,8,0,3,0,0,2,0,0,5,0,0,1,0,5,5,1,3
lcl|CP017623.1_cds_AOW26858.1_1154 [locus_tag=CAALFM_C112400CA] [db_xref=CGD:CAL0000184393] [protein=hypothetical protein] [protein_id=AOW26858.1] [location=complement(2699565..2699942)] [gbkey=CDS],12,4,1,11,1,0,0,7,5,1,2,9,0,0,2,1,4,1,0,5,6,0,1,3,1,0,0,0,0,0,0,0,3,0,0,2,2,1,0,4,5,1,1,3,1,0,1,2,0,0,0,2,4,1,0,4,0,0,0,0,6,0,1,3
lcl|CP017623.1_cds_AOW26859.1_1155 [gene=PKH2] [locus_tag=CAALFM_C112410CA] [db_xref=CGD:CAL0000187991] [protein=serine/threonine protein kinase] [protein_id=AOW26859.1] [location=complement(2700183..2703026)] [gbkey=CDS],62,16,29,55,23,14,4,27,18,8,2,30,17,6,13,39,28,3,4,21,27,1,9,14,7,2,1,5,2,2,2,10,60,11,10,41,22,6,1,17,12,0,4,20,17,9,12,15,0,3,0,25,27,15,4,15,0,1,5,3,37,10,19,24
lcl|CP017623.1_cds_AOW26860.1_1156 [locus_tag=CAALFM_C112430WA] [db_xref=CGD:CAL0000176804] [protein=hypothetical protein] [protein_id=AOW26860.1] [location=2704534..2707485] [gbkey=CDS],57,12,31,64,23,16,6,22,18,6,3,31,22,16,14,27,25,2,9,18,24,5,6,13,8,1,2,3,7,2,9,12,43,11,27,65,7,2,3,17,15,4,6,16,11,7,10,23,0,6,0,29,31,4,7,26,0,1,3,5,24,9,30,26
lcl|CP017623.1_cds_AOW26861.1_1157 [locus_tag=CAALFM_C112440WA] [db_xref=CGD:CAL0000191259] [protein=putative 3'-5' exonuclease] [protein_id=AOW26861.1] [location=2707766..2708623] [gbkey=CDS],27,1,5,13,5,11,1,11,8,0,3,5,13,2,5,8,11,1,1,6,6,0,2,6,2,0,0,1,2,1,0,1,11,0,0,15,6,1,1,5,3,1,1,7,4,0,4,8,0,1,0,5,8,4,2,6,0,0,4,2,15,2,4,6
lcl|CP017623.1_cds_AOW26862.1_1158 [gene=IRA2] [locus_tag=CAALFM_C112450CA] [db_xref=CGD:CAL0000177461] [protein=Ras GTPase activating protein] [protein_id=AOW26862.1] [location=complement(2708975..2716906)] [gbkey=CDS],139,41,45,111,62,28,11,57,58,18,12,45,56,40,39,130,72,12,13,36,47,8,4,21,18,3,1,22,20,8,11,45,108,43,45,125,63,19,13,39,24,8,16,23,28,19,38,75,0,32,0,84,60,23,25,41,0,8,20,32,108,56,112,122
lcl|CP017623.1_cds_AOW26863.1_1159 [locus_tag=CAALFM_C112470WA] [db_xref=CGD:CAL0000198128] [protein=hypothetical protein] [protein_id=AOW26863.1] [location=2719965..2720702] [gbkey=CDS],9,7,5,12,9,1,0,3,4,1,1,5,11,1,1,11,19,0,3,6,16,2,1,10,0,0,0,0,3,0,4,2,3,2,2,7,4,2,0,0,3,0,1,2,2,2,1,3,0,2,0,9,11,3,2,9,0,0,0,2,8,3,7,7
"lcl|CP017623.1_cds_AOW26864.1_1160 [locus_tag=CAALFM_C112480WA] [db_xref=CGD:CAL0000185365] [protein=hypothetical protein] [protein_id=AOW26864.1] [location=join(2720860..2720942,2721029..2721362)] [gbkey=CDS]",10,2,1,10,5,3,0,3,1,2,0,4,9,2,5,10,4,0,0,1,4,0,0,0,0,0,0,1,0,0,1,2,10,0,0,7,1,0,0,0,3,0,1,2,0,0,1,1,0,0,0,7,5,0,0,0,0,0,2,1,7,1,1,7
lcl|CP017623.1_cds_AOW26865.1_1161 [gene=PEP1] [locus_tag=CAALFM_C112490WA] [db_xref=CGD:CAL0000201763] [protein=type I sorting receptor] [protein_id=AOW26865.1] [location=2723178..2727197] [gbkey=CDS],85,11,10,86,31,11,5,31,30,2,2,14,14,11,14,56,38,1,0,22,28,0,0,19,3,0,2,14,2,1,3,14,85,10,7,117,13,16,1,30,26,3,11,64,15,13,13,49,0,7,0,44,26,6,3,31,0,0,13,28,44,17,30,56
lcl|CP017623.1_cds_AOW26866.1_1162 [gene=RAX2] [locus_tag=CAALFM_C112510WA] [db_xref=CGD:CAL0000190497] [protein=Rax2p] [protein_id=AOW26866.1] [location=2729345..2733526] [gbkey=CDS],59,24,11,131,22,9,3,55,17,4,2,30,24,23,16,58,63,2,5,11,18,1,0,16,3,0,1,3,4,3,5,19,42,15,5,91,18,12,3,20,35,4,12,46,12,9,10,45,0,9,0,50,53,17,6,42,0,0,11,11,69,24,26,53
lcl|CP017623.1_cds_AOW26867.1_1163 [gene=GSG1] [locus_tag=CAALFM_C112520WA] [db_xref=CGD:CAL0000178502] [protein=Gsg1p] [protein_id=AOW26867.1] [location=2734096..2736375] [gbkey=CDS],46,10,4,88,16,4,2,20,15,1,1,18,23,3,12,39,40,0,2,15,9,4,2,11,7,0,1,1,4,0,11,3,39,1,5,33,7,1,1,4,10,2,4,9,5,0,1,19,0,4,0,32,33,6,2,7,0,0,9,4,51,16,14,27
lcl|CP017623.1_cds_AOW26868.1_1164 [locus_tag=CAALFM_C112530CA] [db_xref=CGD:CAL0000184126] [protein=hypothetical protein] [protein_id=AOW26868.1] [location=complement(2736499..2737875)] [gbkey=CDS],24,12,4,31,8,8,1,17,7,3,2,12,17,3,6,26,18,0,0,13,7,0,3,7,2,0,1,3,2,0,1,2,21,2,2,12,9,0,0,4,6,1,4,6,4,2,2,12,0,0,0,17,11,3,1,10,0,0,6,0,40,5,8,29
lcl|CP017623.1_cds_AOW26869.1_1165 [locus_tag=CAALFM_C112540WA] [db_xref=CGD:CAL0000190411] [protein=hypothetical protein] [protein_id=AOW26869.1] [location=2738222..2738758] [gbkey=CDS],17,1,0,16,3,3,0,10,3,1,0,3,8,3,5,8,11,0,2,0,4,1,1,0,2,0,1,0,1,0,0,0,15,0,1,7,0,1,0,1,0,0,0,1,2,0,0,2,0,2,0,3,9,0,0,3,0,0,1,0,14,2,3,6
lcl|CP017623.1_cds_AOW26870.1_1166 [gene=CDC54] [locus_tag=CAALFM_C112550CA] [db_xref=CGD:CAL0000176876] [protein=MCM DNA helicase complex subunit] [protein_id=AOW26870.1] [location=complement(2738857..2741595)] [gbkey=CDS],38,5,7,49,14,11,2,28,47,1,2,18,8,18,16,47,46,1,1,12,22,2,1,17,4,0,0,13,0,0,1,7,60,3,4,57,11,10,0,23,4,0,9,32,12,5,11,32,0,7,0,21,28,6,5,28,0,0,1,12,40,7,32,13
"lcl|CP017623.1_cds_AOW26871.1_1167 [gene=DLH1] [locus_tag=CAALFM_C112560CA] [db_xref=CGD:CAL0000182507] [protein=recombinase] [protein_id=AOW26871.1] [location=complement(join(2741867..2742640,2742700..2742795,2742877..2742981))] [gbkey=CDS]",16,3,3,9,3,2,1,14,14,0,1,7,6,7,4,13,13,1,1,5,3,0,0,4,4,0,1,0,2,0,0,6,22,4,3,14,10,4,2,10,12,0,4,14,4,1,2,12,0,0,0,7,5,2,1,8,0,1,0,6,16,4,6,6
lcl|CP017623.1_cds_AOW26872.1_1168 [locus_tag=CAALFM_C112570CA] [db_xref=CGD:CAL0000191392] [protein=Elongator subunit] [protein_id=AOW26872.1] [location=complement(2743121..2744461)] [gbkey=CDS],25,3,6,31,15,2,1,11,12,1,1,9,10,6,6,23,20,2,2,7,21,4,4,3,1,0,0,3,6,0,0,3,21,1,1,18,8,1,1,8,9,2,2,14,4,2,8,5,0,2,0,6,21,3,1,15,0,0,3,2,19,2,14,14
lcl|CP017623.1_cds_AOW26873.1_1169 [locus_tag=CAALFM_C112580WA] [db_xref=CGD:CAL0000201411] [protein=hypothetical protein] [protein_id=AOW26873.1] [location=2744834..2746261] [gbkey=CDS],12,4,3,18,9,2,3,18,10,0,0,17,20,6,10,30,14,0,0,6,4,5,0,6,1,0,0,0,4,0,1,1,14,0,3,15,18,6,2,17,12,0,2,14,1,1,8,16,0,3,0,13,18,1,3,7,0,1,10,11,29,6,10,29
lcl|CP017623.1_cds_AOW26874.1_1170 [gene=ATP20] [locus_tag=CAALFM_C112590WA] [db_xref=CGD:CAL0000179249] [protein=F1F0 ATP synthase subunit g] [protein_id=AOW26874.1] [location=2746753..2747097] [gbkey=CDS],14,1,0,2,0,1,0,6,2,0,0,3,1,0,0,5,5,0,0,2,4,0,0,2,0,0,0,0,0,0,0,2,8,0,0,0,0,2,0,8,1,0,0,7,0,1,2,6,0,1,0,5,1,0,0,5,0,0,1,2,6,3,1,3
lcl|CP017623.1_cds_AOW26875.1_1171 [gene=CHR1] [locus_tag=CAALFM_C112600CA] [db_xref=CGD:CAL0000178978] [protein=RNA-dependent ATPase] [protein_id=AOW26875.1] [location=complement(2747573..2749495)] [gbkey=CDS],54,2,11,35,9,2,3,27,23,1,1,12,14,13,11,39,39,2,0,14,12,2,0,9,4,1,0,4,2,2,0,3,40,0,7,32,7,4,1,17,13,0,3,15,4,4,7,13,0,1,0,6,12,4,4,14,0,0,3,7,34,9,10,17
lcl|CP017623.1_cds_AOW26876.1_1172 [locus_tag=CAALFM_C112610WA] [db_xref=CGD:CAL0000201122] [protein=mitochondrial 54S ribosomal protein YmL15] [protein_id=AOW26876.1] [location=2749614..2750276] [gbkey=CDS],18,3,2,15,3,2,0,5,7,0,0,9,8,4,3,7,8,1,0,5,3,3,0,2,1,0,0,0,2,0,0,1,12,0,2,6,2,2,1,7,5,1,2,10,3,1,1,4,0,0,0,7,7,1,1,0,0,0,1,1,14,4,3,9
lcl|CP017623.1_cds_AOW26877.1_1173 [gene=SPA2] [locus_tag=CAALFM_C112620WA] [db_xref=CGD:CAL0000187833] [protein=Spa2p] [protein_id=AOW26877.1] [location=2752402..2756802] [gbkey=CDS],83,27,51,81,35,13,5,41,44,8,7,41,19,7,13,36,74,10,15,22,31,2,2,25,5,3,0,10,8,7,7,18,106,17,34,76,31,13,1,42,21,3,2,18,11,11,15,28,0,6,0,22,69,13,8,45,0,1,4,6,37,9,39,27
lcl|CP017623.1_cds_AOW26878.1_1174 [locus_tag=CAALFM_C112630CA] [db_xref=CGD:CAL0000187979] [protein=U2-type spliceosomal complex subunit] [protein_id=AOW26878.1] [location=complement(2756957..2757631)] [gbkey=CDS],21,3,9,18,6,4,4,6,4,1,0,5,5,1,1,10,11,0,3,6,4,1,0,1,5,0,0,0,1,1,3,2,18,1,1,25,0,0,0,2,1,0,0,1,0,0,0,1,0,1,0,2,14,3,2,1,0,0,1,0,8,1,2,2
lcl|CP017623.1_cds_AOW26879.1_1175 [locus_tag=CAALFM_C112640WA] [db_xref=CGD:CAL0000187048] [protein=hypothetical protein] [protein_id=AOW26879.1] [location=2758065..2758466] [gbkey=CDS],13,0,1,8,1,2,0,5,3,0,0,2,5,0,1,7,8,0,0,2,5,1,0,2,4,0,0,0,0,0,0,1,9,1,2,10,1,0,0,1,0,0,0,3,1,1,3,2,0,0,0,4,3,0,0,1,0,1,1,3,8,0,0,6
"lcl|CP017623.1_cds_AOW26880.1_1176 [locus_tag=CAALFM_C112650CA] [db_xref=CGD:CAL0000191589] [protein=E2 ubiquitin-conjugating protein] [protein_id=AOW26880.1] [location=complement(join(2758614..2759016,2759100..2759110))] [gbkey=CDS]",12,0,0,10,3,0,0,7,3,0,0,3,3,1,3,6,3,0,0,3,4,0,0,6,1,0,0,0,0,0,1,1,12,0,0,6,2,0,0,0,1,0,1,6,2,0,0,3,0,0,0,6,5,0,0,2,0,0,2,2,11,1,2,2
lcl|CP017623.1_cds_AOW26881.1_1177 [locus_tag=CAALFM_C112660WA] [db_xref=CGD:CAL0000199073] [protein=coiled-coil domain-containing protein] [protein_id=AOW26881.1] [location=2759575..2761665] [gbkey=CDS],71,11,15,58,13,15,1,14,8,3,0,10,19,8,3,32,56,2,2,9,4,0,0,6,7,0,2,5,3,1,2,10,68,3,7,33,5,3,1,10,4,0,0,2,4,1,2,9,0,4,0,22,19,3,1,12,0,0,1,4,47,6,20,14
lcl|CP017623.1_cds_AOW26882.1_1178 [locus_tag=CAALFM_C112670CA] [db_xref=CGD:CAL0000180134] [protein=U4/U6-U5 snRNP complex subunit] [protein_id=AOW26882.1] [location=complement(2761699..2764434)] [gbkey=CDS],93,12,11,69,14,12,0,15,15,1,3,14,25,7,12,49,43,1,2,2,9,1,3,15,9,0,0,4,7,0,4,7,62,3,3,52,13,9,0,18,6,1,6,15,5,4,4,15,0,0,0,32,29,6,1,20,0,0,21,10,69,9,18,20
lcl|CP017623.1_cds_AOW26883.1_1179 [locus_tag=CAALFM_C112680WA] [db_xref=CGD:CAL0000198380] [protein=ribosome biosynthesis protein] [protein_id=AOW26883.1] [location=2764631..2766184] [gbkey=CDS],24,3,2,24,14,4,2,19,15,1,0,8,7,4,7,22,17,0,0,14,21,0,0,7,0,0,0,1,0,0,1,2,45,6,1,46,7,8,1,14,8,1,5,12,5,3,4,12,0,2,0,11,25,1,3,14,0,0,12,4,30,3,6,8
lcl|CP017623.1_cds_AOW26884.1_1180 [locus_tag=CAALFM_C112690CA] [db_xref=CGD:CAL0000191895] [protein=hypothetical protein] [protein_id=AOW26884.1] [location=complement(2766270..2766920)] [gbkey=CDS],19,3,2,24,7,3,1,4,1,0,0,2,9,6,3,12,15,1,1,2,0,0,0,2,3,0,0,0,2,1,0,5,9,3,1,12,1,3,0,1,1,0,0,3,2,0,1,1,0,0,0,8,7,0,4,1,0,0,2,1,14,1,6,5
lcl|CP017623.1_cds_AOW26885.1_1181 [locus_tag=CAALFM_C112700WA] [db_xref=CGD:CAL0000184188] [protein=hypothetical protein] [protein_id=AOW26885.1] [location=2767655..2769733] [gbkey=CDS],28,14,17,34,12,6,0,14,14,4,6,14,14,10,10,29,13,5,4,11,13,6,2,14,1,1,2,7,11,5,4,15,32,16,11,30,11,5,1,6,7,2,3,7,9,6,7,13,0,4,0,21,7,3,5,16,0,7,4,7,36,12,32,31
lcl|CP017623.1_cds_AOW26886.1_1182 [locus_tag=CAALFM_C112710CA] [db_xref=CGD:CAL0000178488] [protein=hypothetical protein] [protein_id=AOW26886.1] [location=complement(2770318..2771721)] [gbkey=CDS],43,5,8,50,14,8,1,11,3,1,1,14,12,3,5,13,21,0,5,2,21,3,2,10,4,0,0,3,3,0,6,3,35,2,6,36,3,2,0,1,2,0,3,7,5,1,1,8,0,0,0,8,15,2,1,15,0,0,0,1,15,5,6,11
lcl|CP017623.1_cds_AOW26887.1_1183 [locus_tag=CAALFM_C112720CA] [db_xref=CGD:CAL0000199161] [protein=hypothetical protein] [protein_id=AOW26887.1] [location=complement(2772373..2772915)] [gbkey=CDS],8,2,4,11,1,1,0,6,1,2,0,10,1,3,1,10,2,0,1,1,3,0,0,2,1,0,0,3,0,0,2,1,10,1,1,10,2,0,0,3,4,2,1,8,4,2,2,9,0,2,0,4,6,0,1,8,0,0,3,3,7,2,3,4
lcl|CP017623.1_cds_AOW26888.1_1184 [gene=RVS162] [locus_tag=CAALFM_C112730WA] [db_xref=CGD:CAL0000191779] [protein=Rvs162p] [protein_id=AOW26888.1] [location=2774634..2775641] [gbkey=CDS],24,0,4,37,9,3,0,21,7,0,1,5,9,4,5,20,17,0,0,6,4,0,0,2,6,0,0,1,0,0,0,2,33,3,0,13,0,1,0,7,6,0,2,1,4,0,1,3,0,0,0,18,11,0,1,2,0,0,1,1,24,2,7,6
lcl|CP017623.1_cds_AOW26889.1_1185 [locus_tag=CAALFM_C112740WA] [db_xref=CGD:CAL0000178218] [protein=hypothetical protein] [protein_id=AOW26889.1] [location=2776562..2779384] [gbkey=CDS],78,11,4,79,19,20,4,42,15,0,0,31,24,10,12,36,27,2,2,20,27,2,0,20,11,0,2,6,2,0,4,5,57,4,1,56,9,5,2,10,9,1,4,10,8,4,4,21,0,0,0,25,38,4,1,27,0,0,11,7,55,6,10,35
lcl|CP017623.1_cds_AOW26890.1_1186 [locus_tag=CAALFM_C112750CA] [db_xref=CGD:CAL0000174348] [protein=hypothetical protein] [protein_id=AOW26890.1] [location=complement(2779463..2781025)] [gbkey=CDS],42,17,4,41,5,10,0,12,7,0,0,8,20,1,4,32,33,0,1,15,9,3,0,9,4,0,2,1,1,0,2,1,19,2,3,27,1,2,0,8,12,0,6,10,3,1,4,6,0,0,0,20,27,1,2,12,0,0,8,8,23,4,4,22
lcl|CP017623.1_cds_AOW26891.1_1187 [locus_tag=CAALFM_C112760WA] [db_xref=CGD:CAL0000174555] [protein=protein-transporting protein] [protein_id=AOW26891.1] [location=2781193..2782158] [gbkey=CDS],20,2,8,23,4,3,0,12,9,1,1,6,6,1,7,19,18,1,1,3,9,0,0,3,1,0,0,1,0,0,0,2,36,0,0,27,1,2,0,6,4,0,1,4,3,1,5,6,0,0,0,8,8,2,0,2,0,0,0,0,20,4,5,14
lcl|CP017623.1_cds_AOW26892.1_1188 [gene=RPG1A] [locus_tag=CAALFM_C112770WA] [db_xref=CGD:CAL0000181001] [protein=translation initiation factor eIF3 subunit a] [protein_id=AOW26892.1] [location=2782398..2785190] [gbkey=CDS],83,2,13,35,6,9,2,29,36,0,0,12,2,5,9,57,56,1,0,13,18,2,0,4,0,0,0,21,0,0,1,1,96,0,1,52,21,6,2,68,2,0,3,18,1,3,2,32,0,0,0,20,21,4,5,13,0,0,4,3,80,6,28,21
lcl|CP017623.1_cds_AOW26893.1_1189 [gene=RBK1] [locus_tag=CAALFM_C112780WA] [db_xref=CGD:CAL0000181468] [protein=putative ribokinase] [protein_id=AOW26893.1] [location=2785529..2786701] [gbkey=CDS],29,2,1,27,7,6,2,21,1,2,0,9,5,3,3,30,16,1,0,5,6,2,0,3,1,0,0,2,0,1,4,0,23,0,1,19,7,7,2,3,11,1,3,23,4,3,6,13,0,0,0,10,10,4,2,5,0,0,1,0,27,3,4,8
lcl|CP017623.1_cds_AOW26894.1_1190 [gene=FEN1] [locus_tag=CAALFM_C112790CA] [db_xref=CGD:CAL0000190970] [protein=fatty acid elongase] [protein_id=AOW26894.1] [location=complement(2787011..2788024)] [gbkey=CDS],19,2,1,8,5,3,2,17,5,0,0,1,4,7,5,26,13,0,1,10,9,1,0,3,0,0,0,2,0,0,0,2,5,0,0,9,2,3,1,13,4,0,1,11,4,1,3,18,0,0,0,21,11,3,1,8,0,0,8,6,26,6,5,20
lcl|CP017623.1_cds_AOW26895.1_1191 [locus_tag=CAALFM_C112800WA] [db_xref=CGD:CAL0000191420] [protein=hypothetical protein] [protein_id=AOW26895.1] [location=2789387..2789872] [gbkey=CDS],12,2,1,13,3,0,1,6,2,0,3,4,2,2,2,7,8,1,2,2,0,1,0,3,1,0,1,1,0,2,0,0,19,2,2,15,1,0,0,0,2,0,0,3,1,0,0,1,0,1,0,1,6,4,1,7,0,0,1,0,5,0,3,3
"lcl|CP017623.1_cds_AOW26896.1_1192 [locus_tag=CAALFM_C112810WA] [db_xref=CGD:CAL0000179348] [protein=2,5-diamino-6-(ribosylamino)-4(3H)-pyrimidinone 5'-phosphate reductase] [protein_id=AOW26896.1] [location=2790164..2791078] [gbkey=CDS]",24,3,1,11,13,3,2,9,3,0,0,4,9,4,4,22,15,0,1,9,11,0,2,7,1,0,1,1,2,0,0,2,10,0,0,20,3,1,0,7,3,1,2,9,6,1,3,5,0,1,0,8,10,1,3,6,0,0,4,4,19,1,7,4
"lcl|CP017623.1_cds_AOW26897.1_1193 [locus_tag=CAALFM_C112820CA] [db_xref=CGD:CAL0000198535] [protein=DNA-directed RNA polymerase core subunit] [protein_id=AOW26897.1] [location=complement(join(2791182..2791751,2792056..2792130))] [gbkey=CDS]",15,0,0,7,4,2,1,10,10,0,2,2,1,2,6,14,8,0,0,4,4,0,0,5,2,0,0,5,0,0,0,1,21,0,0,9,3,0,0,5,3,0,2,3,2,0,1,7,0,0,0,7,9,1,0,3,0,0,1,5,16,2,0,8
lcl|CP017623.1_cds_AOW26898.1_1194 [locus_tag=CAALFM_C112830CA] [db_xref=CGD:CAL0000198790] [protein=hypothetical protein] [protein_id=AOW26898.1] [location=complement(2792654..2796280)] [gbkey=CDS],73,24,11,114,21,19,4,40,14,7,2,25,37,16,17,59,49,4,8,21,22,9,3,11,5,1,1,8,4,2,3,12,50,8,6,79,6,4,0,2,9,7,11,24,11,6,7,16,0,7,0,40,57,9,6,31,0,0,11,8,68,12,29,37
lcl|CP017623.1_cds_AOW26899.1_1195 [locus_tag=CAALFM_C112840WA] [db_xref=CGD:CAL0000187076] [protein=hypothetical protein] [protein_id=AOW26899.1] [location=2797709..2798062] [gbkey=CDS],7,2,1,12,6,0,0,2,0,0,1,2,2,0,2,4,9,0,0,2,2,0,0,1,2,0,0,0,4,0,0,0,8,1,1,5,5,1,1,2,1,0,0,0,1,1,2,4,0,0,0,2,3,0,0,0,0,0,0,1,6,0,7,3
lcl|CP017623.1_cds_AOW26900.1_1196 [gene=BLP1] [locus_tag=CAALFM_C112850WA] [db_xref=CGD:CAL0000190643] [protein=Blp1p] [protein_id=AOW26900.1] [location=2799737..2799970] [gbkey=CDS],9,1,1,5,2,0,0,1,2,0,0,0,0,2,3,3,2,1,0,0,0,0,0,1,0,1,0,1,0,0,0,0,8,4,1,3,1,1,0,3,1,0,0,0,1,1,0,2,0,1,0,1,2,1,0,1,0,0,0,0,3,2,4,0
lcl|CP017623.1_cds_AOW26901.1_1197 [locus_tag=CAALFM_C112860CA] [db_xref=CGD:CAL0000178796] [protein=hypothetical protein] [protein_id=AOW26901.1] [location=complement(2800779..2801945)] [gbkey=CDS],20,5,4,17,5,3,5,5,5,4,2,14,2,5,10,12,7,2,2,9,6,0,1,4,5,2,0,2,1,2,2,4,14,3,1,16,5,1,1,6,11,6,4,28,3,2,1,12,0,3,0,16,13,3,2,10,0,4,3,16,8,6,17,5
lcl|CP017623.1_cds_AOW26902.1_1198 [locus_tag=CAALFM_C112870CA] [db_xref=CGD:CAL0000186405] [protein=hypothetical protein] [protein_id=AOW26902.1] [location=complement(2802305..2802952)] [gbkey=CDS],10,2,7,7,2,3,0,8,5,0,1,3,2,6,4,9,7,3,2,2,5,1,2,4,3,0,0,0,0,0,0,4,6,4,2,10,6,2,0,6,0,1,0,3,5,2,4,6,0,3,0,7,3,2,2,3,0,0,2,2,5,1,7,17
lcl|CP017623.1_cds_AOW26903.1_1199 [locus_tag=CAALFM_C112880CA] [db_xref=CGD:CAL0000183805] [protein=hypothetical protein] [protein_id=AOW26903.1] [location=complement(2803586..2805145)] [gbkey=CDS],36,6,12,30,15,6,2,6,13,2,4,12,12,4,10,25,19,3,3,5,14,2,1,6,4,1,3,3,1,5,3,12,28,4,12,23,4,3,1,15,6,3,7,4,8,4,1,14,0,7,0,15,8,3,2,7,0,3,8,10,11,8,5,14
lcl|CP017623.1_cds_AOW26904.1_1200 [locus_tag=CAALFM_C112900WA] [db_xref=CGD:CAL0000196724] [protein=hypothetical protein] [protein_id=AOW26904.1] [location=2807779..2809950] [gbkey=CDS],32,12,9,29,9,6,8,18,15,2,5,22,3,11,14,29,24,6,3,15,15,3,3,9,7,2,0,3,3,2,4,15,22,12,8,28,10,4,1,10,10,9,6,34,9,4,8,16,0,6,0,28,17,6,5,16,0,6,8,16,20,9,29,27
lcl|CP017623.1_cds_AOW26905.1_1201 [locus_tag=CAALFM_C112910WA] [db_xref=CGD:CAL0000180683] [protein=hypothetical protein] [protein_id=AOW26905.1] [location=2811809..2811973] [gbkey=CDS],5,0,0,2,0,0,0,1,2,0,0,1,1,2,1,4,8,0,0,0,2,0,0,0,0,0,0,0,0,0,0,0,5,0,0,0,0,1,0,4,1,0,0,2,0,0,0,0,0,1,0,0,2,0,0,2,0,0,0,0,0,1,2,3
"lcl|CP017623.1_cds_AOW26906.1_1202 [locus_tag=CAALFM_C112920CA] [db_xref=CGD:CAL0000183125] [protein=hypothetical protein] [protein_id=AOW26906.1] [location=complement(join(2812364..2813127,2813211..2813247,2813338..2813373))] [gbkey=CDS]",9,3,6,14,8,5,3,1,1,1,0,7,10,3,1,12,16,0,2,4,7,1,2,3,0,0,0,2,3,2,0,3,4,2,1,14,4,0,0,2,4,0,2,8,5,3,5,6,0,3,0,13,9,3,1,8,0,1,5,0,12,8,11,14
lcl|CP017623.1_cds_AOW26907.1_1203 [locus_tag=CAALFM_C112930CA] [db_xref=CGD:CAL0000194465] [protein=hypothetical protein] [protein_id=AOW26907.1] [location=complement(2813599..2815155)] [gbkey=CDS],26,5,9,17,9,5,5,8,10,9,3,12,17,10,15,33,8,0,3,2,10,4,0,5,2,1,0,2,4,1,3,6,22,4,8,13,9,2,3,10,4,2,3,14,3,4,8,17,0,6,0,11,13,1,3,13,0,1,10,10,17,12,24,26
lcl|CP017623.1_cds_AOW26908.1_1204 [locus_tag=CAALFM_C112940CA] [db_xref=CGD:CAL0000179610] [protein=hypothetical protein] [protein_id=AOW26908.1] [location=complement(2815280..2815492)] [gbkey=CDS],6,2,1,2,1,2,1,0,0,0,0,3,2,0,1,4,1,0,0,0,0,1,0,0,0,1,0,1,1,0,0,0,2,0,0,1,2,0,0,1,1,0,1,3,0,1,0,2,0,2,0,6,3,0,1,0,0,0,0,0,5,1,4,3
lcl|CP017623.1_cds_AOW26909.1_1205 [locus_tag=CAALFM_C112950WA] [db_xref=CGD:CAL0000180039] [protein=hypothetical protein] [protein_id=AOW26909.1] [location=2815725..2819678] [gbkey=CDS],72,25,17,70,33,19,4,32,17,13,3,31,41,25,13,62,37,5,12,16,28,4,3,14,9,1,5,7,15,5,2,13,56,30,22,60,13,9,0,9,18,5,9,21,23,14,20,29,0,10,0,36,49,11,12,22,0,2,13,15,47,17,37,54
lcl|CP017623.1_cds_AOW26910.1_1206 [gene=BNI1] [locus_tag=CAALFM_C112960CA] [db_xref=CGD:CAL0000188644] [protein=formin] [protein_id=AOW26910.1] [location=complement(2819824..2825022)] [gbkey=CDS],97,23,39,103,27,19,1,23,50,7,10,48,31,14,40,45,62,6,12,22,53,3,11,26,23,3,8,18,11,2,13,15,117,27,25,103,47,16,4,35,18,7,7,29,19,10,16,45,0,10,0,32,38,22,7,40,0,3,8,5,55,18,61,42
lcl|CP017623.1_cds_AOW26911.1_1207 [gene=SEC2] [locus_tag=CAALFM_C112970CA] [db_xref=CGD:CAL0000197956] [protein=guanine nucleotide exchange factor] [protein_id=AOW26911.1] [location=complement(2827148..2829403)] [gbkey=CDS],43,15,15,54,19,10,4,19,20,9,2,23,11,10,6,30,48,1,4,10,10,5,0,5,4,0,1,2,3,2,3,0,50,7,12,34,10,10,0,5,9,2,5,12,8,1,3,14,0,3,0,16,22,5,10,22,0,1,5,6,42,6,17,25
lcl|CP017623.1_cds_AOW26912.1_1208 [locus_tag=CAALFM_C113010WA] [db_xref=CGD:CAL0000201653] [protein=hypothetical protein] [protein_id=AOW26912.1] [location=2831895..2835419] [gbkey=CDS],61,23,37,45,21,11,4,26,30,10,6,16,36,13,27,39,50,5,15,16,14,4,3,8,14,3,2,6,19,7,7,16,55,26,11,54,19,7,4,16,14,8,6,15,10,8,6,23,0,24,0,44,22,12,3,15,0,2,11,6,44,24,53,37
lcl|CP017623.1_cds_AOW26913.1_1209 [gene=SPC3] [locus_tag=CAALFM_C113020CA] [db_xref=CGD:CAL0000195857] [protein=signal peptidase complex subunit] [protein_id=AOW26913.1] [location=complement(2835573..2836151)] [gbkey=CDS],14,6,2,10,7,3,0,10,5,2,2,1,7,1,0,5,9,0,0,1,4,0,1,1,0,0,0,0,0,1,1,0,6,1,3,6,5,2,0,4,4,1,0,4,1,1,6,3,0,0,0,6,8,2,1,3,0,0,5,0,8,5,6,7
lcl|CP017623.1_cds_AOW26914.1_1210 [locus_tag=CAALFM_C113030CA] [db_xref=CGD:CAL0000188986] [protein=cysteine--tRNA ligase] [protein_id=AOW26914.1] [location=complement(2836350..2838695)] [gbkey=CDS],57,17,25,28,17,5,2,15,20,6,2,10,8,11,13,28,32,5,5,11,19,0,0,8,0,0,0,5,1,0,1,3,44,9,13,47,14,9,0,27,10,6,4,12,2,12,5,19,0,9,0,23,18,9,6,14,0,0,14,4,26,15,37,18
"lcl|CP017623.1_cds_AOW26915.1_1211 [gene=RPL14] [locus_tag=CAALFM_C113050WA] [db_xref=CGD:CAL0000179395] [protein=ribosomal 60S subunit protein L14B] [protein_id=AOW26915.1] [location=join(2839748..2839858,2840213..2840497)] [gbkey=CDS]",14,4,2,0,0,2,0,5,10,0,0,0,0,1,1,8,6,0,0,0,4,0,0,0,0,0,0,1,0,0,0,1,5,3,0,3,0,4,0,14,1,1,0,2,0,3,0,11,0,0,0,0,1,0,0,5,0,0,4,0,6,1,4,3
lcl|CP017623.1_cds_AOW26916.1_1212 [locus_tag=CAALFM_C113060CA] [db_xref=CGD:CAL0000175777] [protein=hypothetical protein] [protein_id=AOW26916.1] [location=complement(2840957..2843242)] [gbkey=CDS],38,11,15,16,8,10,1,33,23,0,1,7,1,16,19,35,38,3,0,13,21,1,0,11,1,0,0,13,0,2,0,3,57,8,4,31,12,16,0,25,6,0,2,51,5,15,6,35,0,10,0,10,8,7,1,20,0,0,2,9,18,18,31,13
lcl|CP017623.1_cds_AOW26917.1_1213 [gene=FAD3] [locus_tag=CAALFM_C113070CA] [db_xref=CGD:CAL0000200872] [protein=Fad3p] [protein_id=AOW26917.1] [location=complement(2843540..2844841)] [gbkey=CDS],19,7,4,9,5,9,0,11,9,1,1,3,1,5,15,25,13,5,1,15,14,1,0,2,0,0,0,3,0,0,0,1,15,5,3,15,4,6,0,14,7,0,3,18,4,4,3,25,0,12,0,14,13,1,2,11,0,1,14,4,18,11,10,16
lcl|CP017623.1_cds_AOW26918.1_1214 [gene=OP4] [locus_tag=CAALFM_C113080WA] [db_xref=CGD:CAL0000186990] [protein=Op4p] [protein_id=AOW26918.1] [location=2848507..2849721] [gbkey=CDS],15,19,5,9,0,5,0,22,8,3,0,9,0,14,2,16,15,1,0,0,9,0,0,0,0,0,0,0,0,1,0,8,13,8,0,12,1,14,0,44,2,1,0,28,0,6,0,20,0,5,0,1,7,6,0,29,0,0,7,0,19,4,13,2
lcl|CP017623.1_cds_AOW26919.1_1215 [locus_tag=CAALFM_C113100WA] [db_xref=CGD:CAL0000183039] [protein=hypothetical protein] [protein_id=AOW26919.1] [location=2854902..2855117] [gbkey=CDS],8,1,0,2,1,0,0,3,2,1,0,5,3,2,0,2,2,0,0,0,4,0,0,0,0,0,0,0,0,0,0,0,0,1,0,1,1,1,0,4,0,0,0,3,0,0,1,0,0,0,0,3,7,0,1,3,0,0,1,0,2,3,2,0
lcl|CP017623.1_cds_AOW26920.1_1216 [gene=CHS3] [locus_tag=CAALFM_C113110CA] [db_xref=CGD:CAL0000195982] [protein=chitin synthase] [protein_id=AOW26920.1] [location=complement(2856152..2859793)] [gbkey=CDS],56,14,16,53,15,12,2,40,36,2,0,20,6,11,27,57,39,4,3,19,37,6,2,18,3,0,0,19,1,0,0,9,53,6,4,70,19,16,3,33,20,1,11,46,4,15,22,50,0,7,0,48,28,11,6,37,0,0,21,21,46,19,38,30
lcl|CP017623.1_cds_AOW26921.1_1217 [gene=MON2] [locus_tag=CAALFM_C113120CA] [db_xref=CGD:CAL0000183345] [protein=Mon2p] [protein_id=AOW26921.1] [location=complement(2861151..2866055)] [gbkey=CDS],88,32,31,101,26,16,11,29,27,4,4,42,36,22,23,97,58,5,10,25,23,4,3,12,3,0,1,8,8,9,10,23,82,15,19,85,17,5,4,16,23,6,13,14,20,8,22,40,0,11,0,50,50,12,10,29,0,2,15,15,89,19,94,57
lcl|CP017623.1_cds_AOW26922.1_1218 [locus_tag=CAALFM_C113130CA] [db_xref=CGD:CAL0000178778] [protein=hypothetical protein] [protein_id=AOW26922.1] [location=complement(2866542..2868221)] [gbkey=CDS],19,10,9,17,4,4,1,11,8,0,1,14,17,11,10,32,15,4,1,2,9,2,1,10,0,0,0,3,5,0,1,7,12,5,3,12,17,6,2,20,18,2,6,18,4,8,11,24,0,7,0,18,19,6,7,7,0,2,15,6,22,14,14,25
lcl|CP017623.1_cds_AOW26923.1_1219 [gene=TYE7] [locus_tag=CAALFM_C113140CA] [db_xref=CGD:CAL0000180094] [protein=Tye7p] [protein_id=AOW26923.1] [location=complement(2868818..2869627)] [gbkey=CDS],14,17,11,17,3,3,1,9,7,3,1,3,3,6,4,13,12,1,3,2,8,0,1,4,0,0,0,0,2,0,0,2,25,2,3,6,3,5,1,11,0,1,0,6,0,3,1,5,0,1,0,6,6,1,4,5,0,0,2,0,6,5,6,4
lcl|CP017623.1_cds_AOW26924.1_1220 [gene=PSA2] [locus_tag=CAALFM_C113160WA] [db_xref=CGD:CAL0000185249] [protein=Psa2p] [protein_id=AOW26924.1] [location=2874071..2875447] [gbkey=CDS],24,11,10,24,11,3,3,8,9,6,0,5,5,12,8,24,15,1,2,7,13,0,0,3,0,0,0,0,0,1,3,6,14,10,6,23,6,2,1,9,8,2,3,16,2,8,4,21,0,4,0,7,10,3,3,6,0,3,2,6,20,11,20,13
lcl|CP017623.1_cds_AOW26925.1_1221 [gene=MSH6] [locus_tag=CAALFM_C113170CA] [db_xref=CGD:CAL0000192796] [protein=mismatch repair ATPase] [protein_id=AOW26925.1] [location=complement(2875520..2879164)] [gbkey=CDS],80,19,38,31,25,19,0,33,29,6,3,28,8,23,29,42,40,9,8,13,27,4,1,16,1,1,0,9,5,5,6,11,70,27,19,67,25,16,2,28,14,7,7,36,8,6,6,37,0,14,0,23,29,13,8,18,0,4,12,9,34,15,55,35
lcl|CP017623.1_cds_AOW26926.1_1222 [locus_tag=CAALFM_C113180WA] [db_xref=CGD:CAL0000184814] [protein=hypothetical protein] [protein_id=AOW26926.1] [location=2879441..2880202] [gbkey=CDS],9,7,6,16,9,1,4,6,6,1,2,4,7,9,4,6,11,2,1,2,4,3,0,1,3,0,1,1,2,1,4,2,9,4,3,11,2,2,1,1,4,1,0,2,4,0,3,6,0,1,0,7,7,2,2,2,0,5,1,5,6,5,11,10
lcl|CP017623.1_cds_AOW26927.1_1223 [locus_tag=CAALFM_C113190WA] [db_xref=CGD:CAL0000182808] [protein=hypothetical protein] [protein_id=AOW26927.1] [location=2880525..2881034] [gbkey=CDS],11,4,4,3,1,2,0,5,2,0,0,2,0,1,0,8,7,0,0,2,8,0,0,1,0,0,0,0,1,0,0,6,5,1,0,3,1,1,0,8,1,1,1,12,2,2,1,8,0,1,0,6,1,4,0,4,0,0,1,3,10,3,9,11
lcl|CP017623.1_cds_AOW26928.1_1224 [gene=REX3] [locus_tag=CAALFM_C113200CA] [db_xref=CGD:CAL0000199313] [protein=RNA exonuclease] [protein_id=AOW26928.1] [location=complement(2881257..2882471)] [gbkey=CDS],35,5,8,17,8,10,2,11,11,2,0,6,18,3,9,15,18,0,1,8,13,1,1,5,4,0,2,1,3,0,3,7,29,1,2,20,6,3,1,4,7,0,4,6,5,1,1,6,0,4,0,8,6,1,2,7,0,1,3,7,19,5,5,12
lcl|CP017623.1_cds_AOW26929.1_1225 [gene=AKR1] [locus_tag=CAALFM_C113220CA] [db_xref=CGD:CAL0000187472] [protein=palmitoyltransferase] [protein_id=AOW26929.1] [location=complement(2883615..2886056)] [gbkey=CDS],45,6,4,57,20,4,4,23,12,1,0,14,12,9,13,37,30,1,0,22,18,2,2,11,3,1,0,3,0,0,5,7,32,7,2,43,14,13,3,17,13,4,7,17,16,2,8,20,0,1,0,26,28,2,0,18,0,1,17,12,58,10,18,37
lcl|CP017623.1_cds_AOW26930.1_1226 [locus_tag=CAALFM_C113240WA] [db_xref=CGD:CAL0000180932] [protein=hypothetical protein] [protein_id=AOW26930.1] [location=2887954..2889222] [gbkey=CDS],33,4,2,38,13,7,2,22,12,0,0,5,11,0,5,21,8,0,0,6,11,3,0,2,3,1,0,0,2,0,3,4,23,5,3,32,2,7,0,7,2,0,3,4,6,1,2,10,0,2,0,14,18,3,2,12,0,0,0,2,24,4,2,13
lcl|CP017623.1_cds_AOW26931.1_1227 [locus_tag=CAALFM_C113250WA] [db_xref=CGD:CAL0000190575] [protein=hypothetical protein] [protein_id=AOW26931.1] [location=2891491..2892429] [gbkey=CDS],13,4,2,18,11,3,0,11,6,0,2,8,1,1,1,16,10,0,0,2,6,0,0,2,1,0,0,5,0,2,0,2,22,4,2,34,4,2,0,14,3,0,0,11,0,3,0,8,0,3,0,9,8,6,1,11,0,3,3,5,7,2,8,11
"lcl|CP017623.1_cds_AOW26932.1_1228 [locus_tag=CAALFM_C113260WA] [db_xref=CGD:CAL0000180019] [protein=peptidylprolyl isomerase family protein] [protein_id=AOW26932.1] [location=join(2893242..2893335,2893443..2893804)] [gbkey=CDS]",14,1,0,3,2,1,0,3,2,0,0,3,2,0,1,10,3,0,0,2,6,0,0,2,0,0,0,1,0,1,1,1,13,0,1,9,4,1,0,4,3,0,3,6,4,0,1,5,0,0,0,3,5,1,0,4,0,0,2,4,10,1,2,5
lcl|CP017623.1_cds_AOW26933.1_1229 [locus_tag=CAALFM_C113270WA] [db_xref=CGD:CAL0000189089] [protein=nicotinamide-nucleotide adenylyltransferase] [protein_id=AOW26933.1] [location=2894167..2895063] [gbkey=CDS],25,6,2,15,4,3,1,9,4,0,0,4,6,4,4,18,11,2,0,7,6,5,0,4,3,0,0,2,0,0,0,5,14,0,2,22,2,1,0,4,3,1,1,5,4,1,0,5,0,1,0,11,12,6,2,5,0,0,2,2,21,4,7,9
lcl|CP017623.1_cds_AOW26934.1_1230 [locus_tag=CAALFM_C113280CA] [db_xref=CGD:CAL0000187987] [protein=H(+)-transporting V0 sector ATPase subunit c''] [protein_id=AOW26934.1] [location=complement(2895365..2895955)] [gbkey=CDS],7,0,0,4,4,0,3,9,1,0,0,4,3,0,4,19,1,0,0,0,3,0,0,1,0,0,0,0,0,0,0,1,6,0,1,2,6,2,0,10,16,0,4,5,3,0,3,10,0,0,0,6,10,0,2,6,0,0,3,3,17,4,4,8
"lcl|CP017623.1_cds_AOW26935.1_1231 [locus_tag=CAALFM_C113290WA] [db_xref=CGD:CAL0000180245] [protein=hypothetical protein] [protein_id=AOW26935.1] [location=join(2896606..2896678,2896739..2898192)] [gbkey=CDS]",31,1,2,44,10,3,1,20,6,3,0,11,14,3,7,39,18,1,0,6,12,2,0,5,1,1,1,1,0,0,2,2,32,1,0,21,3,0,0,5,10,0,3,19,4,2,3,17,0,0,0,4,20,7,1,8,0,1,3,6,45,5,13,27
lcl|CP017623.1_cds_AOW26936.1_1232 [gene=RPN1] [locus_tag=CAALFM_C113300CA] [db_xref=CGD:CAL0000177742] [protein=proteasome regulatory particle base subunit] [protein_id=AOW26936.1] [location=complement(2898258..2901239)] [gbkey=CDS],52,5,9,44,11,9,3,41,16,1,1,11,8,6,16,35,51,1,3,19,22,3,1,6,0,0,0,5,1,0,1,8,84,6,6,55,19,10,4,39,12,3,6,35,9,7,9,36,0,2,0,31,30,9,7,24,0,0,6,9,63,5,55,22
lcl|CP017623.1_cds_AOW26937.1_1233 [gene=ECM25] [locus_tag=CAALFM_C113310WA] [db_xref=CGD:CAL0000192000] [protein=Ecm25p] [protein_id=AOW26937.1] [location=2902523..2904391] [gbkey=CDS],42,11,5,51,18,15,1,22,13,5,4,21,23,6,7,36,28,0,0,16,8,4,1,6,3,0,1,3,0,0,2,4,24,5,1,36,2,0,1,3,5,5,0,11,6,3,2,6,0,1,0,24,19,2,2,9,0,0,6,6,49,8,11,18
lcl|CP017623.1_cds_AOW26938.1_1234 [locus_tag=CAALFM_C113320CA] [db_xref=CGD:CAL0000189598] [protein=hypothetical protein] [protein_id=AOW26938.1] [location=complement(2904794..2906515)] [gbkey=CDS],25,4,6,24,5,3,1,19,11,0,0,8,1,5,6,18,91,2,5,24,8,1,0,10,0,1,0,11,1,0,2,3,26,3,2,31,8,6,1,52,5,1,3,19,3,5,5,11,0,2,0,18,14,3,2,13,0,0,1,3,20,5,8,7
lcl|CP017623.1_cds_AOW26939.1_1235 [locus_tag=CAALFM_C113330CA] [db_xref=CGD:CAL0000192204] [protein=spermine synthase] [protein_id=AOW26939.1] [location=complement(2907207..2908241)] [gbkey=CDS],28,2,2,21,4,4,2,6,1,0,1,5,6,8,7,16,20,1,0,11,6,1,1,6,0,0,1,0,0,0,4,0,18,1,2,21,2,3,0,3,3,1,2,10,1,5,4,7,0,1,0,13,12,4,1,7,0,0,3,4,18,3,14,16
lcl|CP017623.1_cds_AOW26940.1_1236 [gene=STP2] [locus_tag=CAALFM_C113350WA] [db_xref=CGD:CAL0000195044] [protein=Stp2p] [protein_id=AOW26940.1] [location=2911530..2913284] [gbkey=CDS],33,12,8,35,11,3,1,20,9,2,0,17,12,4,11,15,63,3,9,25,20,2,2,9,2,0,0,4,2,0,2,3,31,3,3,17,5,7,1,8,3,0,2,11,7,3,6,10,0,1,0,22,29,5,2,13,0,0,4,11,16,9,5,10
lcl|CP017623.1_cds_AOW26941.1_1237 [gene=RMP1] [locus_tag=CAALFM_C113360CA] [db_xref=CGD:CAL0000183920] [protein=Rmp1p] [protein_id=AOW26941.1] [location=complement(2913583..2914710)] [gbkey=CDS],45,4,12,29,10,7,1,27,4,1,3,8,15,8,4,17,17,1,0,5,2,0,0,0,3,0,0,3,1,0,0,4,17,5,4,27,0,1,0,0,6,0,2,4,2,1,3,4,0,0,0,10,18,1,2,4,0,0,2,1,16,2,3,8
lcl|CP017623.1_cds_AOW26943.1_1239 [locus_tag=CAALFM_C113380WA] [db_xref=CGD:CAL0000192262] [protein=hypothetical protein] [protein_id=AOW26943.1] [location=2916409..2917254] [gbkey=CDS],30,0,5,25,6,7,1,11,0,0,1,1,13,2,3,7,19,0,0,3,5,1,0,8,3,0,0,4,2,0,0,1,19,1,2,22,2,0,0,2,4,0,1,5,4,1,2,4,0,0,0,10,12,2,0,8,0,0,1,0,6,2,3,9
lcl|CP017623.1_cds_AOW26944.1_1240 [locus_tag=CAALFM_C113390WA] [db_xref=CGD:CAL0000187419] [protein=hypothetical protein] [protein_id=AOW26944.1] [location=2917513..2919603] [gbkey=CDS],44,3,5,79,15,16,1,19,7,1,2,8,39,11,11,36,41,3,1,9,10,3,3,8,11,0,0,3,6,0,1,4,27,2,5,27,6,1,0,1,10,0,4,18,6,1,2,5,0,0,0,35,35,8,2,8,0,0,3,7,32,9,13,28
lcl|CP017623.1_cds_AOW26945.1_1241 [gene=AGC1] [locus_tag=CAALFM_C113400CA] [db_xref=CGD:CAL0000181319] [protein=amino acid transporter] [protein_id=AOW26945.1] [location=complement(2919985..2922180)] [gbkey=CDS],57,2,6,54,7,2,3,29,15,0,0,14,3,10,5,37,25,0,3,11,21,3,0,10,0,0,0,2,1,0,1,8,31,0,1,40,11,8,0,21,12,1,5,24,5,4,0,23,0,0,0,30,25,5,4,13,0,0,5,6,56,16,28,27
"lcl|CP017623.1_cds_AOW26946.1_1242 [gene=COX19] [locus_tag=CAALFM_C113410WA] [db_xref=CGD:CAL0000176572] [protein=Cox19p] [protein_id=AOW26946.1] [location=join(2925344..2925362,2925433..2925812)] [gbkey=CDS]",8,2,2,16,4,1,1,7,1,1,0,4,1,0,4,0,2,0,1,5,4,1,0,2,2,0,0,1,0,0,0,1,6,0,1,8,2,1,0,3,4,0,1,6,0,0,0,2,0,0,0,3,1,1,0,2,0,0,2,4,9,2,1,1
"lcl|CP017623.1_cds_AOW26947.1_1243 [gene=KEM1] [locus_tag=CAALFM_C113420CA] [db_xref=CGD:CAL0000192354] [protein=chromatin-binding exonuclease] [protein_id=AOW26947.1] [location=complement(join(2925999..2930509,2930582..2930585))] [gbkey=CDS]",124,6,19,91,11,12,1,39,33,0,3,22,12,17,24,84,71,1,5,32,47,4,5,35,6,0,0,11,1,0,5,7,110,5,13,72,14,8,1,29,26,4,15,39,11,9,11,47,0,1,0,58,33,11,2,32,0,0,15,6,85,23,45,50
lcl|CP017623.1_cds_AOW26948.1_1244 [locus_tag=CAALFM_C113430CA] [db_xref=CGD:CAL0000197000] [protein=hypothetical protein] [protein_id=AOW26948.1] [location=complement(2931984..2933711)] [gbkey=CDS],32,15,13,33,11,7,3,16,9,3,3,22,9,9,7,23,27,3,4,10,4,3,0,7,0,0,2,2,2,2,1,5,24,4,8,42,5,1,1,10,4,2,4,13,7,1,6,20,0,4,0,21,12,9,3,19,0,0,5,0,15,5,27,15
lcl|CP017623.1_cds_AOW26949.1_1245 [gene=OFI1] [locus_tag=CAALFM_C113440CA] [db_xref=CGD:CAL0000190493] [protein=Ofi1p] [protein_id=AOW26949.1] [location=complement(2935419..2937365)] [gbkey=CDS],13,10,5,43,18,6,3,11,12,4,3,19,14,3,5,16,58,6,14,26,35,7,7,37,5,0,3,2,3,0,8,6,17,3,2,10,10,2,3,9,10,2,5,14,6,9,5,5,0,0,0,22,19,7,7,24,0,1,0,6,21,1,13,12
lcl|CP017623.1_cds_AOW26950.1_1246 [gene=HYR1] [locus_tag=CAALFM_C113450WA] [db_xref=CGD:CAL0000199501] [protein=Hyr1p] [protein_id=AOW26950.1] [location=2944587..2947346] [gbkey=CDS],21,22,3,52,19,12,0,71,6,7,0,25,3,7,7,34,22,3,0,12,20,0,0,11,0,0,0,5,0,3,3,11,43,9,1,25,8,3,0,32,14,14,2,96,3,8,2,42,0,7,0,9,47,27,2,80,0,1,3,10,16,8,10,17
lcl|CP017623.1_cds_AOW26951.1_1247 [gene=KNS1] [locus_tag=CAALFM_C113470WA] [db_xref=CGD:CAL0000194707] [protein=serine/threonine protein kinase] [protein_id=AOW26951.1] [location=2952022..2954022] [gbkey=CDS],38,4,10,41,10,3,0,14,9,1,3,20,15,5,7,42,31,3,1,23,18,2,0,8,8,0,1,5,4,1,4,5,39,12,5,60,3,6,1,8,8,0,5,11,1,3,10,13,0,0,0,22,16,0,4,5,0,2,3,9,33,5,20,25
lcl|CP017623.1_cds_AOW26952.1_1248 [gene=HSP70] [locus_tag=CAALFM_C113480WA] [db_xref=CGD:CAL0000184706] [protein=Hsp70 family chaperone] [protein_id=AOW26952.1] [location=2955558..2957528] [gbkey=CDS],42,12,12,17,4,10,0,33,24,0,0,3,1,7,6,40,19,0,0,4,22,0,0,4,0,0,0,2,0,0,0,0,51,2,0,45,5,18,0,44,2,4,2,55,0,5,2,31,0,2,0,11,11,9,0,18,0,0,1,3,23,16,21,12
lcl|CP017623.1_cds_AOW26953.1_1249 [locus_tag=CAALFM_C113490CA] [db_xref=CGD:CAL0000200303] [protein=hypothetical protein] [protein_id=AOW26953.1] [location=complement(2957814..2959928)] [gbkey=CDS],19,11,5,44,20,5,4,19,11,0,0,18,30,12,15,57,24,2,1,10,11,7,4,6,1,0,0,1,5,1,2,12,17,3,1,26,13,5,2,10,10,1,7,15,3,1,8,8,0,1,0,25,37,4,2,12,0,1,5,17,62,8,16,26
lcl|CP017623.1_cds_AOW26954.1_1250 [gene=TGL99] [locus_tag=CAALFM_C113510CA] [db_xref=CGD:CAL0000198798] [protein=Tgl99p] [protein_id=AOW26954.1] [location=complement(2960894..2962522)] [gbkey=CDS],29,11,5,40,10,1,1,12,8,1,0,9,11,5,10,22,16,3,2,22,10,4,0,5,3,1,0,2,3,0,4,4,21,3,2,27,4,2,1,8,8,3,2,13,7,4,4,14,0,2,0,23,28,3,1,12,0,0,6,5,45,6,11,22
lcl|CP017623.1_cds_AOW26955.1_1251 [gene=MCU1] [locus_tag=CAALFM_C113520CA] [db_xref=CGD:CAL0000187661] [protein=Mcu1p] [protein_id=AOW26955.1] [location=complement(2963189..2964004)] [gbkey=CDS],18,2,5,21,4,2,1,7,12,0,1,8,2,1,3,8,15,0,0,5,11,2,0,8,4,0,0,2,0,0,0,0,21,1,1,17,1,1,0,6,9,1,1,4,2,2,1,8,0,1,0,14,4,0,0,1,0,0,3,0,14,4,3,8
lcl|CP017623.1_cds_AOW26956.1_1252 [gene=GUP1] [locus_tag=CAALFM_C113540WA] [db_xref=CGD:CAL0000180356] [protein=O-acyltransferase] [protein_id=AOW26956.1] [location=2966485..2968239] [gbkey=CDS],22,6,1,40,10,2,1,12,14,0,4,6,14,5,17,45,16,0,0,8,14,0,1,6,9,0,0,5,3,1,2,7,16,1,0,23,5,2,0,15,12,3,9,11,8,1,5,8,0,2,0,29,15,2,1,8,0,0,20,8,48,10,13,37
lcl|CP017623.1_cds_AOW26957.1_1253 [gene=NUP49] [locus_tag=CAALFM_C113550CA] [db_xref=CGD:CAL0000193504] [protein=FG-nucleoporin] [protein_id=AOW26957.1] [location=complement(2968355..2969704)] [gbkey=CDS],20,6,3,36,21,11,0,30,2,0,0,11,11,1,9,8,44,0,10,3,8,0,0,5,0,0,0,0,1,0,1,2,13,2,0,4,8,3,0,5,41,2,6,24,4,0,1,2,0,0,0,6,11,3,1,8,0,0,0,1,27,2,8,23
lcl|CP017623.1_cds_AOW26958.1_1254 [locus_tag=CAALFM_C113560WA] [db_xref=CGD:CAL0000187046] [protein=ssDNA endodeoxyribonuclease] [protein_id=AOW26958.1] [location=2969916..2971433] [gbkey=CDS],45,12,7,30,12,2,2,5,7,0,2,9,14,5,7,29,34,5,4,5,18,5,2,4,8,0,4,6,5,0,5,3,34,7,6,26,0,0,0,0,3,0,1,7,1,2,3,6,0,2,0,14,21,9,1,6,0,0,2,5,17,9,9,17
lcl|CP017623.1_cds_AOW26959.1_1255 [gene=MPT5] [locus_tag=CAALFM_C113570WA] [db_xref=CGD:CAL0000185028] [protein=Mpt5p] [protein_id=AOW26959.1] [location=2976150..2978966] [gbkey=CDS],28,35,15,91,16,3,3,23,7,4,2,10,7,15,17,46,77,2,16,16,30,3,1,15,0,0,0,7,0,0,6,9,21,10,2,20,5,8,2,22,11,4,3,35,5,10,10,30,0,10,0,24,30,12,16,22,0,2,2,9,25,8,42,33
lcl|CP017623.1_cds_AOW26960.1_1256 [gene=SEC18] [locus_tag=CAALFM_C113580WA] [db_xref=CGD:CAL0000188106] [protein=AAA family ATPase] [protein_id=AOW26960.1] [location=2981409..2983799] [gbkey=CDS],51,8,9,45,4,2,2,27,18,0,0,14,5,10,16,62,36,1,0,14,23,1,2,17,4,0,0,15,0,1,2,6,40,3,3,52,9,9,0,15,12,0,11,32,8,9,5,26,0,2,0,18,21,5,5,7,0,0,2,3,48,10,23,22
lcl|CP017623.1_cds_AOW26962.1_1258 [locus_tag=CAALFM_C113600WA] [db_xref=CGD:CAL0000186351] [protein=hypothetical protein] [protein_id=AOW26962.1] [location=2986247..2987143] [gbkey=CDS],28,7,5,22,5,3,2,6,9,2,0,7,5,1,4,13,11,1,0,4,7,2,3,7,5,0,0,3,1,0,1,8,13,0,1,11,0,2,0,4,4,0,0,5,6,2,3,1,0,1,0,14,8,0,2,5,0,0,1,2,22,0,5,13
lcl|CP017623.1_cds_AOW26963.1_1259 [gene=KIS2] [locus_tag=CAALFM_C113610CA] [db_xref=CGD:CAL0000197988] [protein=Kis2p] [protein_id=AOW26963.1] [location=complement(2987589..2989826)] [gbkey=CDS],28,12,4,55,19,5,5,38,11,0,1,30,10,7,13,26,39,5,5,22,26,3,3,16,3,1,1,2,3,1,8,4,28,9,5,40,9,8,0,16,13,2,4,23,5,5,7,13,0,3,0,23,31,4,6,23,0,0,4,2,25,11,7,12
"lcl|CP017623.1_cds_AOW26964.1_1260 [gene=ROB1] [locus_tag=CAALFM_C113620WA] [db_xref=CGD:CAL0000188719] [protein=Rob1p] [protein_id=AOW26964.1] [location=join(2993143..2993189,2993256..2996184)] [gbkey=CDS]",48,6,7,53,18,3,3,23,27,1,1,22,31,6,26,41,75,7,14,8,30,4,1,21,6,0,1,3,4,5,6,10,69,9,14,46,12,8,3,13,15,1,8,13,13,4,3,18,0,4,0,29,27,4,4,24,0,0,6,13,56,8,24,31
lcl|CP017623.1_cds_AOW26965.1_1261 [gene=CYB2] [locus_tag=CAALFM_C113630WA] [db_xref=CGD:CAL0000184748] [protein=Cyb2p] [protein_id=AOW26965.1] [location=2997002..2998684] [gbkey=CDS],39,6,7,14,9,2,5,21,16,1,0,6,4,2,15,28,22,1,1,10,17,0,1,7,1,0,0,6,0,0,4,8,39,4,2,48,10,4,0,22,14,3,2,19,4,3,2,29,0,0,0,19,12,1,1,5,0,0,5,4,21,3,12,18
lcl|CP017623.1_cds_AOW26966.1_1262 [gene=CUP2] [locus_tag=CAALFM_C113640WA] [db_xref=CGD:CAL0000185450] [protein=Cup2p] [protein_id=AOW26966.1] [location=2999684..3001459] [gbkey=CDS],21,14,9,63,18,8,5,18,9,0,0,27,11,5,9,10,25,3,3,14,31,3,3,7,1,1,0,5,3,0,5,6,18,4,2,29,9,5,2,12,9,3,4,13,2,5,7,10,0,4,0,10,26,5,6,15,0,1,0,10,14,4,4,20
lcl|CP017623.1_cds_AOW26967.1_1263 [locus_tag=CAALFM_C113650CA] [db_xref=CGD:CAL0000195642] [protein=hypothetical protein] [protein_id=AOW26967.1] [location=complement(3001541..3002887)] [gbkey=CDS],34,4,7,41,5,2,3,4,7,1,0,13,12,7,6,31,16,0,0,5,6,1,0,4,3,0,0,1,1,4,3,12,31,1,2,38,6,3,1,5,8,1,3,14,2,2,2,9,0,0,0,13,13,3,0,7,0,0,2,3,25,1,8,11
lcl|CP017623.1_cds_AOW26968.1_1264 [gene=RAD54] [locus_tag=CAALFM_C113660WA] [db_xref=CGD:CAL0000186557] [protein=DNA-dependent ATPase] [protein_id=AOW26968.1] [location=3003281..3005827] [gbkey=CDS],65,2,7,45,20,6,4,26,24,0,2,10,15,5,14,40,31,0,2,11,30,4,2,11,11,1,1,13,2,0,2,7,49,5,4,47,14,8,3,18,14,0,8,28,9,4,4,23,0,2,0,18,25,4,4,18,0,1,8,13,52,10,18,23
lcl|CP017623.1_cds_AOW26969.1_1265 [gene=OSM2] [locus_tag=CAALFM_C113670WA] [db_xref=CGD:CAL0000192083] [protein=fumarate reductase] [protein_id=AOW26969.1] [location=3006268..3008214] [gbkey=CDS],45,3,7,26,5,3,3,22,14,1,2,15,1,9,9,26,21,1,3,19,14,2,1,17,3,0,1,5,0,1,1,10,31,6,1,38,7,5,0,36,15,2,4,42,3,1,4,34,0,3,0,15,13,1,4,13,0,0,3,5,31,11,14,15
lcl|CP017623.1_cds_AOW26970.1_1266 [gene=GCV3] [locus_tag=CAALFM_C113680CA] [db_xref=CGD:CAL0000189722] [protein=glycine decarboxylase subunit H] [protein_id=AOW26970.1] [location=complement(3008286..3008819)] [gbkey=CDS],9,1,2,2,5,2,1,8,5,0,0,2,1,0,1,5,5,3,0,4,7,1,0,0,0,0,0,0,0,1,0,1,17,2,1,12,0,1,0,5,1,2,1,6,0,2,0,15,0,3,0,4,6,1,0,5,0,0,2,0,9,2,7,6
"lcl|CP017623.1_cds_AOW26971.1_1267 [locus_tag=CAALFM_C113690CA] [db_xref=CGD:CAL0000176237] [protein=SNAP receptor] [protein_id=AOW26971.1] [location=complement(join(3009398..3009646,3009719..3009805))] [gbkey=CDS]",5,5,0,2,1,1,0,3,9,0,0,2,3,5,4,7,4,0,1,1,4,0,0,0,0,0,0,0,0,0,0,1,3,0,0,9,2,2,0,5,0,0,0,6,0,2,3,3,0,1,0,1,2,1,1,2,0,0,2,1,2,1,0,3
"lcl|CP017623.1_cds_AOW26972.1_1268 [gene=ACT1] [locus_tag=CAALFM_C113700WA] [db_xref=CGD:CAL0000191211] [protein=actin] [protein_id=AOW26972.1] [location=join(3011259..3011268,3011927..3013047)] [gbkey=CDS]",12,7,5,3,0,7,0,12,18,0,0,2,0,6,15,23,14,5,0,5,19,0,0,0,0,0,0,2,0,0,0,1,28,9,0,11,0,4,0,22,0,0,0,31,0,2,0,22,0,10,0,2,2,7,0,21,0,0,4,4,6,11,19,4
lcl|CP017623.1_cds_AOW26973.1_1269 [gene=DAD1] [locus_tag=CAALFM_C113710CA] [db_xref=CGD:CAL0000195552] [protein=Dad1p] [protein_id=AOW26973.1] [location=complement(3013321..3013620)] [gbkey=CDS],5,4,1,12,4,1,0,1,2,0,0,1,6,0,2,1,5,0,0,2,1,0,0,0,2,0,0,1,1,0,1,0,9,1,0,6,0,0,0,1,1,0,1,1,1,0,0,1,0,0,0,2,4,1,1,5,0,0,1,0,5,1,1,2
lcl|CP017623.1_cds_AOW26974.1_1270 [locus_tag=CAALFM_C113720WA] [db_xref=CGD:CAL0000187064] [protein=hypothetical protein] [protein_id=AOW26974.1] [location=3013880..3015796] [gbkey=CDS],52,2,12,28,6,5,1,13,20,1,2,10,8,0,11,23,12,1,2,15,14,1,0,10,3,0,0,5,2,0,0,3,74,8,7,52,7,10,1,17,8,1,6,22,6,1,1,15,0,1,0,20,12,1,2,14,0,0,12,7,30,7,15,18
lcl|CP017623.1_cds_AOW26975.1_1271 [gene=DIM1] [locus_tag=CAALFM_C113730CA] [db_xref=CGD:CAL0000196194] [protein=putative dimethyladenosine transferase] [protein_id=AOW26975.1] [location=complement(3015898..3016878)] [gbkey=CDS],29,4,3,19,1,0,1,16,10,0,2,3,6,0,8,16,13,0,0,6,9,1,1,8,2,0,1,1,2,0,0,1,17,0,0,15,9,4,2,7,4,0,3,7,9,0,5,13,0,1,0,4,6,2,1,6,0,0,2,2,15,6,11,11
lcl|CP017623.1_cds_AOW26976.1_1272 [gene=KAR9] [locus_tag=CAALFM_C113740WA] [db_xref=CGD:CAL0000186111] [protein=Kar9p] [protein_id=AOW26976.1] [location=3017711..3019987] [gbkey=CDS],49,7,7,58,10,3,1,19,13,3,3,32,13,6,12,45,14,1,5,12,9,5,1,21,9,1,2,3,10,1,8,10,54,3,4,32,3,3,4,9,5,3,5,25,8,2,7,24,0,1,0,15,21,10,6,21,0,0,5,7,25,6,27,29
lcl|CP017623.1_cds_AOW26977.1_1273 [locus_tag=CAALFM_C113750CA] [db_xref=CGD:CAL0000179951] [protein=hypothetical protein] [protein_id=AOW26977.1] [location=complement(3020078..3020674)] [gbkey=CDS],27,3,2,9,2,2,2,7,4,0,0,2,10,4,3,6,14,3,1,2,6,2,0,0,5,0,0,0,4,3,0,1,13,2,1,7,0,0,0,1,4,0,3,3,1,1,0,3,0,1,0,3,6,3,1,2,0,0,1,0,6,2,2,7
lcl|CP017623.1_cds_AOW26978.1_1274 [gene=AGM1] [locus_tag=CAALFM_C113760WA] [db_xref=CGD:CAL0000181233] [protein=phosphoacetylglucosamine mutase] [protein_id=AOW26978.1] [location=3020866..3022500] [gbkey=CDS],42,6,3,33,7,5,2,20,9,0,1,7,3,3,5,25,21,0,0,9,12,5,1,10,0,0,0,2,0,0,1,0,32,1,0,38,6,5,2,22,7,1,6,15,4,4,7,30,0,0,0,24,12,1,2,16,0,0,2,4,38,7,10,15
lcl|CP017623.1_cds_AOW26979.1_1275 [locus_tag=CAALFM_C113770CA] [db_xref=CGD:CAL0000194570] [protein=hypothetical protein] [protein_id=AOW26979.1] [location=complement(3022624..3023331)] [gbkey=CDS],20,0,1,6,4,4,1,7,5,0,1,0,7,1,2,6,3,0,0,4,5,0,1,7,7,0,0,4,1,0,0,0,12,0,3,11,4,1,0,8,6,0,5,10,4,1,2,6,0,2,0,15,4,0,0,5,0,0,8,1,17,4,1,7
lcl|CP017623.1_cds_AOW26980.1_1276 [gene=MYO2] [locus_tag=CAALFM_C113780WA] [db_xref=CGD:CAL0000190717] [protein=myosin 2] [protein_id=AOW26980.1] [location=3025935..3030620] [gbkey=CDS],75,34,43,58,11,23,3,29,59,10,3,16,17,27,28,74,74,8,9,19,21,1,2,18,0,2,1,12,2,1,0,13,127,23,9,62,21,33,2,58,11,2,8,37,14,14,16,47,0,17,0,39,39,25,5,25,0,2,18,12,67,31,72,31
lcl|CP017623.1_cds_AOW26981.1_1277 [locus_tag=CAALFM_C113790CA] [db_xref=CGD:CAL0000188080] [protein=hypothetical protein] [protein_id=AOW26981.1] [location=complement(3030836..3031201)] [gbkey=CDS],11,2,1,5,1,0,2,3,5,0,1,1,5,1,2,4,3,0,0,8,4,1,0,1,0,1,0,0,2,0,1,0,9,0,0,4,1,0,0,6,1,0,1,3,1,0,1,2,0,0,0,2,6,2,1,3,0,0,0,0,6,1,1,4
lcl|CP017623.1_cds_AOW26982.1_1278 [gene=DUR32] [locus_tag=CAALFM_C113800CA] [db_xref=CGD:CAL0000198226] [protein=Dur32p] [protein_id=AOW26982.1] [location=complement(3031379..3033394)] [gbkey=CDS],23,5,5,15,15,12,5,17,6,0,1,13,10,13,14,36,18,4,2,9,13,1,1,6,1,0,1,2,1,0,3,9,15,8,5,12,25,5,4,17,20,2,9,24,11,6,13,33,0,5,0,28,21,4,8,18,0,0,13,7,36,10,22,28
lcl|CP017623.1_cds_AOW26983.1_1279 [locus_tag=CAALFM_C113810WA] [db_xref=CGD:CAL0000174249] [protein=hypothetical protein] [protein_id=AOW26983.1] [location=3035056..3037140] [gbkey=CDS],59,10,39,21,9,8,1,15,8,1,5,11,9,6,17,20,27,2,7,4,19,6,5,21,2,0,3,3,5,2,9,7,59,17,21,28,11,6,2,10,6,3,1,11,13,9,11,11,0,12,0,20,13,6,5,4,0,1,5,2,12,4,14,15
lcl|CP017623.1_cds_AOW26984.1_1280 [locus_tag=CAALFM_C113820CA] [db_xref=CGD:CAL0000193700] [protein=hypothetical protein] [protein_id=AOW26984.1] [location=complement(3037435..3038457)] [gbkey=CDS],18,12,5,24,10,2,2,7,7,3,2,6,6,1,2,9,31,1,12,6,14,4,1,11,1,1,1,4,2,2,2,6,5,5,1,10,2,0,3,3,10,3,4,5,4,2,3,3,0,4,0,7,13,6,6,7,0,0,0,0,7,3,5,3
lcl|CP017623.1_cds_AOW26985.1_1281 [gene=PDX1] [locus_tag=CAALFM_C113830CA] [db_xref=CGD:CAL0000179519] [protein=Pdx1p] [protein_id=AOW26985.1] [location=complement(3038900..3040153)] [gbkey=CDS],31,8,14,10,6,5,0,12,6,3,1,4,4,5,4,14,13,0,2,3,16,3,0,3,1,0,0,2,0,1,2,7,34,6,5,18,15,8,1,8,4,2,3,10,6,5,4,13,0,3,0,6,13,8,1,15,0,0,2,0,11,7,14,14
lcl|CP017623.1_cds_AOW26986.1_1282 [locus_tag=CAALFM_C113840WA] [db_xref=CGD:CAL0000199301] [protein=divalent metal ion transporter] [protein_id=AOW26986.1] [location=3041388..3043343] [gbkey=CDS],11,5,7,23,12,8,3,10,11,3,3,13,14,6,12,24,16,4,3,13,16,2,4,5,3,1,1,2,4,2,4,12,27,8,6,36,16,13,2,23,9,4,8,18,16,3,15,20,0,5,0,15,16,4,7,15,0,2,5,6,35,9,28,22
lcl|CP017623.1_cds_AOW26987.1_1283 [gene=DAL7] [locus_tag=CAALFM_C113850CA] [db_xref=CGD:CAL0000193894] [protein=Dal7p] [protein_id=AOW26987.1] [location=complement(3043435..3044964)] [gbkey=CDS],23,7,4,19,7,2,2,10,9,0,1,6,12,7,11,27,14,0,2,5,6,2,0,6,2,0,0,4,2,1,1,12,23,0,0,10,12,6,0,23,15,6,7,17,7,8,7,18,0,4,0,13,16,2,3,5,0,2,10,11,28,7,19,25
"lcl|CP017623.1_cds_AOW26988.1_1284 [gene=GND1] [locus_tag=CAALFM_C113860CA] [db_xref=CGD:CAL0000188008] [protein=phosphogluconate dehydrogenase (decarboxylating)] [protein_id=AOW26988.1] [location=complement(join(3045790..3047260,3047961..3047977))] [gbkey=CDS]",24,15,12,5,1,3,0,18,19,0,0,1,0,12,11,23,16,4,0,4,20,0,0,0,0,0,0,1,0,1,0,6,29,12,0,22,0,14,0,32,1,1,0,49,0,6,1,19,0,15,0,3,3,6,0,14,0,0,9,5,10,11,29,7
lcl|CP017623.1_cds_AOW26989.1_1285 [gene=MET3] [locus_tag=CAALFM_C113870WA] [db_xref=CGD:CAL0000178072] [protein=sulfate adenylyltransferase] [protein_id=AOW26989.1] [location=3051419..3053002] [gbkey=CDS],27,8,7,25,7,8,0,16,21,0,0,4,1,11,4,23,20,0,0,15,18,0,0,12,0,0,0,5,0,1,1,0,28,1,1,39,2,3,1,26,3,1,7,28,3,5,7,21,0,1,0,18,7,2,0,10,0,0,4,1,40,7,17,9
lcl|CP017623.1_cds_AOW26990.1_1286 [locus_tag=CAALFM_C113880CA] [db_xref=CGD:CAL0000200778] [protein=hypothetical protein] [protein_id=AOW26990.1] [location=complement(3053314..3056847)] [gbkey=CDS],57,20,16,66,25,13,2,23,21,9,3,28,20,22,24,34,57,14,14,31,31,10,7,27,11,2,1,10,3,4,9,16,47,13,11,43,22,12,1,29,15,5,3,18,13,8,15,16,0,8,0,17,33,8,8,24,0,4,12,13,41,23,49,35
lcl|CP017623.1_cds_AOW26991.1_1287 [gene=LCB2] [locus_tag=CAALFM_C113900CA] [db_xref=CGD:CAL0000186740] [protein=serine C-palmitoyltransferase] [protein_id=AOW26991.1] [location=complement(3061337..3063046)] [gbkey=CDS],34,3,4,20,4,6,1,12,15,1,2,13,9,6,9,31,9,1,0,8,19,3,1,10,1,0,1,10,2,1,1,6,25,5,6,31,5,8,3,15,13,1,9,25,5,7,8,16,0,5,0,26,11,3,4,11,0,1,3,13,21,4,22,19
lcl|CP017623.1_cds_AOW26992.1_1288 [gene=MODF] [locus_tag=CAALFM_C113910CA] [db_xref=CGD:CAL0000176838] [protein=Modfp] [protein_id=AOW26992.1] [location=complement(3063729..3065366)] [gbkey=CDS],39,13,6,34,13,4,3,12,9,0,3,11,12,8,9,29,21,6,5,8,9,3,1,6,2,0,0,2,1,1,4,0,23,5,4,29,7,4,2,5,11,2,5,10,3,3,10,11,0,7,0,17,14,3,5,7,0,1,8,4,28,5,22,15
lcl|CP017623.1_cds_AOW26993.1_1289 [gene=DOS2] [locus_tag=CAALFM_C113920WA] [db_xref=CGD:CAL0000188424] [protein=Dos2p] [protein_id=AOW26993.1] [location=3065854..3066933] [gbkey=CDS],27,9,13,19,11,6,3,14,3,2,0,4,1,5,1,8,12,3,2,5,3,1,0,2,0,0,0,1,0,1,0,1,45,9,11,20,8,4,2,5,1,1,2,4,4,1,2,6,0,4,0,9,5,2,4,10,0,0,4,0,15,5,12,6
lcl|CP017623.1_cds_AOW26994.1_1290 [gene=SSK1] [locus_tag=CAALFM_C113930WA] [db_xref=CGD:CAL0000190567] [protein=mitogen-activated protein kinase kinase kinase] [protein_id=AOW26994.1] [location=3067395..3069419] [gbkey=CDS],35,33,13,53,22,10,8,13,11,6,4,15,13,9,9,16,23,5,7,6,26,4,8,7,4,0,0,5,4,1,4,3,18,5,5,25,26,10,2,12,10,5,5,5,10,4,10,18,0,1,0,12,22,8,8,13,0,1,6,3,18,3,19,12
lcl|CP017623.1_cds_AOW26995.1_1291 [gene=SIM1] [locus_tag=CAALFM_C113940WA] [db_xref=CGD:CAL0000182747] [protein=SUN family protein] [protein_id=AOW26995.1] [location=3074020..3075138] [gbkey=CDS],14,23,4,5,1,9,0,15,4,6,0,10,0,5,4,10,12,3,0,4,13,0,0,0,0,0,0,1,0,1,0,0,17,9,0,14,0,6,0,14,3,2,0,38,1,11,0,19,0,16,0,2,8,5,0,21,0,0,7,11,9,4,8,2
lcl|CP017623.1_cds_AOW26996.1_1292 [locus_tag=CAALFM_C113950CA] [db_xref=CGD:CAL0000188918] [protein=hypothetical protein] [protein_id=AOW26996.1] [location=complement(3075627..3076121)] [gbkey=CDS],10,2,2,8,4,1,3,2,1,0,1,3,4,3,2,9,7,1,2,2,7,0,1,2,2,0,0,0,3,1,0,0,4,4,2,5,2,0,0,1,2,2,0,5,3,0,1,2,0,0,0,3,11,4,4,2,0,0,0,2,9,3,5,4
lcl|CP017623.1_cds_AOW26997.1_1293 [gene=YBP1] [locus_tag=CAALFM_C113960WA] [db_xref=CGD:CAL0000191408] [protein=Ybp1p] [protein_id=AOW26997.1] [location=3076534..3078465] [gbkey=CDS],37,13,20,33,10,7,0,11,11,3,0,9,7,18,9,31,19,1,5,10,12,3,0,8,1,0,0,2,6,0,1,5,37,8,10,27,7,7,1,6,5,1,6,10,11,3,6,12,0,8,0,17,13,9,7,13,0,2,5,6,37,16,40,20
lcl|CP017623.1_cds_AOW26998.1_1294 [gene=HPC2] [locus_tag=CAALFM_C113970CA] [db_xref=CGD:CAL0000198690] [protein=Hpc2p] [protein_id=AOW26998.1] [location=complement(3078503..3080161)] [gbkey=CDS],48,9,18,25,13,7,8,12,6,2,3,9,13,6,6,14,29,0,6,4,26,9,5,8,1,0,0,3,5,0,5,3,30,9,12,28,12,7,1,8,9,2,6,7,9,2,4,12,0,4,0,1,24,8,7,19,0,0,2,0,10,2,6,7
lcl|CP017623.1_cds_AOW26999.1_1295 [gene=DUR7] [locus_tag=CAALFM_C113980CA] [db_xref=CGD:CAL0000184959] [protein=Dur7p] [protein_id=AOW26999.1] [location=complement(3080843..3082867)] [gbkey=CDS],15,7,13,17,20,4,7,22,6,4,2,8,11,7,17,37,14,4,6,9,8,2,0,11,2,0,0,1,5,4,4,14,18,3,8,11,24,3,2,22,20,4,6,29,13,7,12,26,0,9,0,24,17,6,6,11,0,1,14,7,17,8,35,29
lcl|CP017623.1_cds_AOW27000.1_1296 [gene=OCA6] [locus_tag=CAALFM_C113990WA] [db_xref=CGD:CAL0000201277] [protein=protein-tyrosine-phosphatase] [protein_id=AOW27000.1] [location=3083624..3084232] [gbkey=CDS],11,3,2,10,3,1,2,3,1,1,1,5,5,5,3,8,9,5,3,4,2,5,2,2,3,0,1,0,6,1,0,1,8,3,3,5,3,1,0,2,4,2,1,4,2,3,5,6,0,2,0,7,3,0,1,3,0,1,3,2,5,3,2,9
lcl|CP017623.1_cds_AOW27001.1_1297 [gene=DOA4] [locus_tag=CAALFM_C114000CA] [db_xref=CGD:CAL0000183207] [protein=ubiquitin-specific protease] [protein_id=AOW27001.1] [location=complement(3084235..3086670)] [gbkey=CDS],42,21,29,38,13,8,4,28,15,4,4,14,26,9,12,15,20,3,6,10,13,8,8,10,4,3,2,0,11,8,8,12,36,11,19,29,9,7,4,11,11,3,6,6,10,5,9,16,0,13,0,23,22,6,15,12,0,1,6,12,22,11,35,32
"lcl|CP017623.1_cds_AOW27002.1_1298 [gene=CSK1] [locus_tag=CAALFM_C114010WA] [db_xref=CGD:CAL0000201386] [protein=mitogen-activated protein kinase] [protein_id=AOW27002.1] [location=join(3087546..3087827,3087896..3088738)] [gbkey=CDS]",22,12,12,7,6,3,3,4,7,4,2,3,12,6,5,13,10,7,0,3,6,3,1,3,5,3,0,1,7,2,1,9,17,6,10,9,10,1,1,8,8,4,2,4,8,6,5,7,0,7,0,10,8,1,2,2,0,1,6,5,12,9,10,12
lcl|CP017623.1_cds_AOW27003.1_1299 [locus_tag=CAALFM_C114020WA] [db_xref=CGD:CAL0000192042] [protein=hypothetical protein] [protein_id=AOW27003.1] [location=3089131..3089538] [gbkey=CDS],7,2,5,3,1,5,1,4,3,1,0,0,1,2,2,6,3,3,0,0,6,0,0,1,0,0,0,1,0,2,0,0,12,4,1,4,3,0,2,1,1,2,1,5,1,6,0,6,0,4,0,4,2,0,1,3,0,0,2,1,2,0,2,5
lcl|CP017623.1_cds_AOW27004.1_1300 [locus_tag=CAALFM_C114030WA] [db_xref=CGD:CAL0000191113] [protein=hypothetical protein] [protein_id=AOW27004.1] [location=3089848..3090855] [gbkey=CDS],13,7,8,12,7,4,2,4,5,5,2,7,5,6,3,16,7,4,2,8,6,4,1,5,2,0,0,1,3,3,1,5,18,1,3,13,7,3,1,6,6,11,2,7,0,4,4,3,0,6,0,12,7,4,1,14,0,2,5,1,9,3,12,11
lcl|CP017623.1_cds_AOW27005.1_1301 [locus_tag=CAALFM_C114040WA] [db_xref=CGD:CAL0000195418] [protein=hypothetical protein] [protein_id=AOW27005.1] [location=3091015..3093318] [gbkey=CDS],36,14,17,37,13,8,7,14,16,3,4,10,17,11,10,31,18,7,9,8,14,7,4,6,9,3,2,6,11,6,5,10,32,9,19,27,27,6,4,10,8,4,7,2,13,5,8,23,0,9,0,18,14,13,12,13,0,4,5,5,32,7,29,28
lcl|CP017623.1_cds_AOW27006.1_1302 [locus_tag=CAALFM_C114050CA] [db_xref=CGD:CAL0000197857] [protein=ATP-dependent 3'-5' DNA helicase] [protein_id=AOW27006.1] [location=complement(3093320..3096691)] [gbkey=CDS],53,22,31,38,20,8,4,25,25,7,10,17,33,11,24,36,32,8,14,19,22,6,4,26,8,0,2,9,15,4,13,11,56,24,16,43,20,4,10,19,23,7,11,13,14,12,18,33,0,13,0,18,22,8,5,17,0,8,8,12,31,13,42,45
lcl|CP017623.1_cds_AOW27007.1_1303 [locus_tag=CAALFM_C114060WA] [db_xref=CGD:CAL0000194637] [protein=17-beta-hydroxysteroid dehydrogenase-like protein] [protein_id=AOW27007.1] [location=3097094..3098602] [gbkey=CDS],34,9,18,16,5,3,0,7,8,3,1,3,5,4,3,17,19,0,6,11,6,1,2,5,1,0,0,2,0,1,4,4,20,15,9,35,9,7,1,16,9,4,4,27,1,2,3,19,0,8,0,7,16,6,2,9,0,0,20,4,8,11,11,20
lcl|CP017623.1_cds_AOW27008.1_1304 [locus_tag=CAALFM_C114080WA] [db_xref=CGD:CAL0000180258] [protein=snoRNA-binding rRNA-processing protein] [protein_id=AOW27008.1] [location=3099207..3104663] [gbkey=CDS],70,32,57,78,36,15,5,49,39,12,4,29,19,29,21,80,54,9,13,18,29,7,1,18,5,4,0,8,2,5,3,26,80,29,32,75,46,21,4,41,18,7,7,29,14,18,19,75,0,18,0,24,49,22,18,46,0,3,16,9,85,37,131,67
"lcl|CP017623.1_cds_AOW27009.1_1305 [locus_tag=CAALFM_C114090WA] [db_xref=CGD:CAL0000182181] [protein=hypothetical protein] [protein_id=AOW27009.1] [location=join(3104890..3104892,3104954..3105271)] [gbkey=CDS]",8,3,2,2,0,4,0,5,3,0,0,0,1,2,0,5,5,0,0,0,6,0,0,1,0,0,0,0,0,2,0,0,7,1,1,2,0,3,0,3,0,0,0,8,0,2,0,8,0,3,0,0,2,2,0,3,0,0,0,0,3,2,6,0
lcl|CP017623.1_cds_AOW27010.1_1306 [gene=YPT52] [locus_tag=CAALFM_C114100WA] [db_xref=CGD:CAL0000201225] [protein=Rab family GTPase] [protein_id=AOW27010.1] [location=3105687..3106352] [gbkey=CDS],9,7,4,4,3,0,2,5,10,3,0,4,8,2,2,4,13,1,1,0,3,0,1,2,0,0,0,4,1,0,0,2,12,2,4,12,6,3,0,9,7,1,2,7,3,2,3,8,0,1,0,4,5,1,2,7,0,1,2,4,5,1,4,7
lcl|CP017623.1_cds_AOW27011.1_1307 [gene=RPL4B] [locus_tag=CAALFM_C114110CA] [db_xref=CGD:CAL0000176632] [protein=ribosomal 60S subunit protein L4B] [protein_id=AOW27011.1] [location=complement(3106574..3107665)] [gbkey=CDS],22,15,13,2,0,13,0,4,23,0,0,0,0,5,2,6,16,8,0,1,16,0,0,0,0,0,0,3,0,0,0,0,15,4,0,3,0,11,0,30,0,0,0,30,0,15,0,29,0,6,0,1,6,7,0,16,0,0,4,1,5,6,21,3
lcl|CP017623.1_cds_AOW27012.1_1308 [gene=RBE1] [locus_tag=CAALFM_C114120CA] [db_xref=CGD:CAL0000190649] [protein=sterol-binding protein] [protein_id=AOW27012.1] [location=complement(3108041..3108856)] [gbkey=CDS],8,6,3,8,6,9,0,24,2,2,0,9,2,3,4,4,9,2,0,3,7,0,0,5,0,0,0,2,0,2,0,5,11,3,2,8,4,8,0,13,4,0,0,9,1,9,2,8,0,5,0,4,10,4,2,7,0,0,5,4,6,3,7,6
lcl|CP017623.1_cds_AOW27013.1_1309 [gene=FTR1] [locus_tag=CAALFM_C114130WA] [db_xref=CGD:CAL0000185056] [protein=high-affinity iron permease] [protein_id=AOW27013.1] [location=3113601..3114746] [gbkey=CDS],20,14,9,6,0,5,1,10,5,0,0,3,0,13,8,24,11,4,1,0,10,0,0,1,1,0,0,2,4,1,0,5,19,3,0,8,3,5,2,12,1,1,3,30,1,8,1,17,0,12,0,3,3,8,0,10,0,0,9,8,11,16,22,6
lcl|CP017623.1_cds_AOW27014.1_1310 [gene=SET3] [locus_tag=CAALFM_C114140CA] [db_xref=CGD:CAL0000175019] [protein=histone-binding protein] [protein_id=AOW27014.1] [location=complement(3115346..3118555)] [gbkey=CDS],67,18,33,51,27,7,6,20,14,7,4,17,16,10,21,28,53,2,17,12,42,10,8,20,10,1,3,5,7,2,8,9,54,16,33,40,22,8,5,18,16,2,7,14,16,11,16,30,0,7,0,18,29,12,7,29,0,2,7,12,20,9,31,22
lcl|CP017623.1_cds_AOW27015.1_1311 [gene=PAM16] [locus_tag=CAALFM_C114150CA] [db_xref=CGD:CAL0000176330] [protein=import motor complex subunit] [protein_id=AOW27015.1] [location=complement(3119756..3120121)] [gbkey=CDS],8,3,4,3,0,0,1,2,3,1,0,3,2,0,2,1,3,1,1,0,1,0,0,1,0,0,0,1,1,1,0,0,7,0,6,3,2,4,3,9,2,0,1,5,2,1,2,2,0,1,0,6,2,2,0,2,0,0,0,0,6,4,4,1
lcl|CP017623.1_cds_AOW27016.1_1312 [locus_tag=CAALFM_C114160WA] [db_xref=CGD:CAL0000185918] [protein=protein-lysine N-methyltransferase] [protein_id=AOW27016.1] [location=3120934..3122688] [gbkey=CDS],35,10,8,28,11,2,1,3,3,4,1,13,16,15,6,21,21,4,5,10,12,5,3,7,1,3,1,1,4,0,3,7,42,19,18,38,8,4,2,5,8,0,6,3,6,2,4,14,0,3,0,16,17,4,3,6,0,2,7,11,24,6,25,16
lcl|CP017623.1_cds_AOW27017.1_1313 [locus_tag=CAALFM_C114170WA] [db_xref=CGD:CAL0000190845] [protein=E3 ubiquitin-protein ligase] [protein_id=AOW27017.1] [location=3123050..3124726] [gbkey=CDS],22,18,24,26,5,6,4,12,12,4,4,5,4,7,8,20,15,4,1,12,6,2,3,8,4,0,1,5,1,1,5,3,31,12,11,33,4,4,0,6,4,4,7,5,5,4,7,8,0,9,0,16,9,5,4,16,0,12,9,15,13,10,22,20
lcl|CP017623.1_cds_AOW27018.1_1314 [locus_tag=CAALFM_C114180WA] [db_xref=CGD:CAL0000184602] [protein=hypothetical protein] [protein_id=AOW27018.1] [location=3125262..3126833] [gbkey=CDS],29,25,8,31,25,12,3,9,11,3,8,13,12,3,8,11,31,6,11,7,9,2,3,9,4,2,0,2,9,2,3,3,25,13,6,21,7,2,2,5,6,3,1,5,7,4,3,6,0,4,0,11,14,5,3,10,0,1,5,1,13,3,12,10
lcl|CP017623.1_cds_AOW27019.1_1315 [locus_tag=CAALFM_C114190CA] [db_xref=CGD:CAL0000189568] [protein=type 1 protein phosphatase-activating protein] [protein_id=AOW27019.1] [location=complement(3126893..3127267)] [gbkey=CDS],9,6,6,6,3,0,2,2,3,0,0,4,4,0,0,1,7,0,1,3,1,2,1,2,1,0,1,1,2,0,0,0,7,2,1,9,1,2,1,2,2,0,0,0,0,2,1,3,0,2,0,0,6,1,2,5,0,1,1,2,1,0,0,1
lcl|CP017623.1_cds_AOW27020.1_1316 [locus_tag=CAALFM_C114200WA] [db_xref=CGD:CAL0000180152] [protein=hypothetical protein] [protein_id=AOW27020.1] [location=3127604..3128596] [gbkey=CDS],5,14,8,12,9,2,2,4,5,5,1,9,10,6,5,17,8,2,2,3,5,4,2,3,5,0,0,1,7,0,2,3,4,1,0,7,7,2,1,2,6,1,7,3,1,5,9,9,0,9,0,14,13,1,4,5,0,1,6,2,10,5,15,18
lcl|CP017623.1_cds_AOW27021.1_1317 [gene=IML2] [locus_tag=CAALFM_C114210CA] [db_xref=CGD:CAL0000188632] [protein=Iml2p] [protein_id=AOW27021.1] [location=complement(3128660..3131260)] [gbkey=CDS],32,21,22,36,17,3,1,23,17,9,6,18,15,10,24,30,26,4,8,15,15,3,2,9,5,1,0,6,4,4,4,9,41,13,19,35,19,20,4,25,12,2,10,20,4,4,13,15,0,11,0,27,14,13,10,11,0,1,6,3,28,10,57,19
lcl|CP017623.1_cds_AOW27022.1_1318 [gene=FTR2] [locus_tag=CAALFM_C114220CA] [db_xref=CGD:CAL0000186863] [protein=Ftr2p] [protein_id=AOW27022.1] [location=complement(3132914..3134062)] [gbkey=CDS],21,10,11,9,2,4,0,9,4,0,0,2,3,16,8,17,11,2,1,2,8,0,2,1,1,0,0,2,2,0,0,7,18,4,3,5,6,5,2,9,4,3,6,23,0,10,2,18,0,10,0,5,5,6,1,9,0,2,9,5,11,12,23,10
lcl|CP017623.1_cds_AOW27023.1_1319 [gene=IRR1] [locus_tag=CAALFM_C114230CA] [db_xref=CGD:CAL0000190837] [protein=Irr1p] [protein_id=AOW27023.1] [location=complement(3135405..3138674)] [gbkey=CDS],39,28,44,31,19,12,1,16,24,14,6,22,19,29,13,38,41,3,18,8,10,5,1,10,8,2,3,5,9,4,8,11,76,31,33,45,11,7,2,16,8,2,4,12,15,8,20,18,0,17,0,22,18,8,14,20,0,1,8,12,37,16,64,42
lcl|CP017623.1_cds_AOW27024.1_1320 [locus_tag=CAALFM_C114240WA] [db_xref=CGD:CAL0000189929] [protein=hypothetical protein] [protein_id=AOW27024.1] [location=3139007..3140692] [gbkey=CDS],28,17,23,26,15,7,2,16,9,5,1,7,10,11,3,17,24,3,9,7,18,6,1,2,1,0,0,3,1,2,2,2,46,11,10,20,6,6,0,8,2,9,3,3,7,9,4,16,0,9,0,8,10,5,4,8,0,2,6,3,13,4,34,16
lcl|CP017623.1_cds_AOW27025.1_1321 [locus_tag=CAALFM_C114250CA] [db_xref=CGD:CAL0000196890] [protein=hypothetical protein] [protein_id=AOW27025.1] [location=complement(3140868..3143546)] [gbkey=CDS],33,25,28,33,17,15,7,21,27,13,3,26,18,12,12,23,20,12,12,15,14,5,6,7,9,3,3,6,6,3,7,11,28,23,21,45,15,8,2,7,14,7,7,15,17,11,8,17,0,8,0,11,26,10,20,17,0,3,6,7,14,14,25,33
lcl|CP017623.1_cds_AOW27026.1_1322 [gene=TIF35] [locus_tag=CAALFM_C114260CA] [db_xref=CGD:CAL0000193017] [protein=translation initiation factor eIF3 subunit g] [protein_id=AOW27026.1] [location=complement(3144084..3144923)] [gbkey=CDS],20,7,11,3,6,10,0,9,12,0,1,4,3,1,1,6,10,2,1,4,13,0,0,1,0,0,0,1,0,1,0,0,19,8,2,9,5,7,1,11,6,4,2,12,3,5,4,5,0,2,0,3,3,4,2,2,0,0,4,3,3,3,13,6
lcl|CP017623.1_cds_AOW27027.1_1323 [locus_tag=CAALFM_C114270WA] [db_xref=CGD:CAL0000192193] [protein=arylformamidase] [protein_id=AOW27027.1] [location=3145303..3146106] [gbkey=CDS],10,5,6,9,6,2,0,2,5,5,1,2,10,3,3,7,8,5,3,7,1,2,0,5,0,0,0,2,2,0,1,5,9,9,6,12,5,2,0,3,4,4,3,3,3,3,5,5,0,6,0,7,2,2,7,6,0,0,2,0,7,4,19,11
lcl|CP017623.1_cds_AOW27028.1_1324 [gene=NPL3] [locus_tag=CAALFM_C114280CA] [db_xref=CGD:CAL0000201005] [protein=mRNA-binding protein] [protein_id=AOW27028.1] [location=complement(3146581..3147441)] [gbkey=CDS],7,7,2,2,2,3,0,8,31,3,1,2,0,3,2,4,5,0,3,1,10,0,0,1,0,0,0,11,0,0,0,2,19,5,1,23,4,1,0,7,21,6,1,24,0,4,1,8,0,5,0,5,1,1,0,1,0,0,1,1,5,13,6,11
"lcl|CP017623.1_cds_AOW27029.1_1325 [gene=MDG1] [locus_tag=CAALFM_C114290CA] [db_xref=CGD:CAL0000181056] [protein=Mdg1p] [protein_id=AOW27029.1] [location=complement(join(3147891..3149847,3150096..3150121))] [gbkey=CDS]",35,11,32,14,22,9,1,35,9,2,1,5,2,8,1,21,18,7,1,4,39,1,0,17,0,0,0,1,1,1,0,8,63,18,15,24,10,16,0,42,8,6,3,16,5,11,2,35,0,3,0,3,14,8,2,13,0,0,3,0,16,4,9,4
lcl|CP017623.1_cds_AOW27030.1_1326 [gene=NCR1] [locus_tag=CAALFM_C114300CA] [db_xref=CGD:CAL0000182780] [protein=sphingolipid transporter] [protein_id=AOW27030.1] [location=complement(3150921..3154691)] [gbkey=CDS],44,34,28,35,25,14,4,18,20,13,0,21,30,24,17,45,31,7,17,7,28,6,6,20,8,2,3,3,15,4,8,12,48,27,18,32,32,12,7,22,26,9,6,18,21,16,14,31,0,21,0,25,28,14,15,21,0,16,17,23,38,24,63,62
lcl|CP017623.1_cds_AOW27031.1_1327 [locus_tag=CAALFM_C114310WA] [db_xref=CGD:CAL0000182387] [protein=deoxycytidine monophosphate deaminase] [protein_id=AOW27031.1] [location=3155030..3156043] [gbkey=CDS],14,7,4,16,5,3,4,6,11,3,0,5,8,3,7,12,10,2,6,7,4,0,2,3,4,2,0,2,1,0,2,4,12,4,6,15,6,5,2,6,6,3,4,5,1,6,6,8,0,3,0,7,5,3,5,4,0,5,2,6,11,7,18,8
lcl|CP017623.1_cds_AOW27032.1_1328 [locus_tag=CAALFM_C114320CA] [db_xref=CGD:CAL0000196326] [protein=hypothetical protein] [protein_id=AOW27032.1] [location=complement(3156047..3156742)] [gbkey=CDS],19,6,9,2,2,5,1,3,2,2,0,0,1,4,4,13,5,2,3,3,9,3,2,3,0,0,0,1,0,0,0,1,15,9,2,4,3,7,0,3,3,2,3,7,1,2,3,9,0,3,0,3,5,0,0,5,0,0,1,1,6,6,17,5
lcl|CP017623.1_cds_AOW27033.1_1329 [locus_tag=CAALFM_C114330WA] [db_xref=CGD:CAL0000182034] [protein=tRNA-5-taurinomethyluridine 2-sulfurtransferase] [protein_id=AOW27033.1] [location=3157023..3158294] [gbkey=CDS],20,8,10,9,13,7,3,5,5,2,1,3,8,9,9,10,20,6,8,10,14,5,4,5,6,0,2,3,7,2,3,1,15,8,6,14,6,2,1,4,3,6,7,11,1,4,9,9,0,13,0,9,6,3,6,5,0,4,9,5,13,2,14,9
lcl|CP017623.1_cds_AOW27034.1_1330 [gene=RIM101] [locus_tag=CAALFM_C114340CA] [db_xref=CGD:CAL0000174156] [protein=alkaline-responsive transcriptional regulator] [protein_id=AOW27034.1] [location=complement(3158465..3160450)] [gbkey=CDS],22,31,24,23,5,17,2,19,11,6,1,11,1,8,9,12,62,19,8,15,25,3,0,12,1,0,0,1,0,0,1,4,20,18,11,18,15,7,0,17,5,10,2,11,2,3,4,13,0,16,0,17,17,10,5,19,0,0,2,7,10,13,28,7
lcl|CP017623.1_cds_AOW27035.1_1331 [locus_tag=CAALFM_C114350WA] [db_xref=CGD:CAL0000174216] [protein=hypothetical protein] [protein_id=AOW27035.1] [location=3162078..3162521] [gbkey=CDS],7,5,9,6,5,1,0,2,3,1,1,4,4,0,1,0,9,0,3,5,8,2,0,3,1,0,1,1,1,0,0,1,10,4,6,6,1,0,0,1,2,3,0,0,1,1,0,3,0,0,0,3,7,3,3,1,0,0,1,3,0,1,1,1
lcl|CP017623.1_cds_AOW27036.1_1332 [gene=WSC4] [locus_tag=CAALFM_C114360CA] [db_xref=CGD:CAL0000175455] [protein=Wsc4p] [protein_id=AOW27036.1] [location=complement(3162712..3164187)] [gbkey=CDS],12,12,10,15,30,19,4,17,7,18,1,9,7,7,9,5,16,2,3,4,10,6,0,2,4,0,1,1,3,0,2,4,11,13,7,12,11,4,1,7,12,4,5,9,3,9,2,10,0,10,0,5,29,17,13,12,0,6,0,6,8,4,10,10
lcl|CP017623.1_cds_AOW27037.1_1333 [locus_tag=CAALFM_C114380CA] [db_xref=CGD:CAL0000200173] [protein=hypothetical protein] [protein_id=AOW27037.1] [location=complement(3165464..3167263)] [gbkey=CDS],26,21,17,14,11,17,3,12,11,6,7,7,17,23,9,11,16,13,13,10,14,10,4,1,7,0,5,4,20,7,6,6,24,17,13,11,8,7,1,9,4,7,3,4,5,5,12,5,0,16,0,8,6,3,7,6,0,1,7,2,6,14,23,16
lcl|CP017623.1_cds_AOW27038.1_1334 [gene=RPC10] [locus_tag=CAALFM_C114390WA] [db_xref=CGD:CAL0000192095] [protein=DNA-directed RNA polymerase core subunit] [protein_id=AOW27038.1] [location=3167371..3167592] [gbkey=CDS],3,1,3,0,1,1,0,0,6,2,0,2,1,3,1,0,3,1,2,1,1,0,0,1,0,0,0,0,0,0,0,1,2,0,1,1,2,1,1,4,2,0,0,2,1,0,0,3,0,2,0,0,2,0,3,2,0,1,0,3,2,1,0,2
lcl|CP017623.1_cds_AOW27039.1_1335 [gene=MLH3] [locus_tag=CAALFM_C114400CA] [db_xref=CGD:CAL0000176790] [protein=mismatch repair protein] [protein_id=AOW27039.1] [location=complement(3167604..3169514)] [gbkey=CDS],26,21,18,10,18,20,2,6,10,6,6,3,14,25,7,13,13,22,12,4,13,8,8,6,5,3,5,3,23,7,4,12,16,20,12,16,13,6,5,8,9,7,6,3,8,11,12,13,0,15,0,4,7,8,7,6,0,4,3,3,5,11,21,23
lcl|CP017623.1_cds_AOW27040.1_1336 [locus_tag=CAALFM_C114410WA] [db_xref=CGD:CAL0000192540] [protein=RNA-binding protein] [protein_id=AOW27040.1] [location=3169513..3169746] [gbkey=CDS],1,0,4,3,1,0,1,2,0,0,2,0,1,1,4,3,1,1,0,0,2,0,0,2,0,0,1,0,1,0,0,0,3,1,3,6,0,1,0,1,3,1,0,4,1,4,3,3,0,0,0,1,2,0,0,0,0,0,0,0,2,0,4,2
lcl|CP017623.1_cds_AOW27041.1_1337 [gene=DDI1] [locus_tag=CAALFM_C114420WA] [db_xref=CGD:CAL0000199868] [protein=Ddi1p] [protein_id=AOW27041.1] [location=3169830..3170801] [gbkey=CDS],5,6,7,10,1,4,5,3,9,1,4,8,2,5,6,21,10,5,12,1,2,4,2,2,0,0,4,2,1,1,1,4,11,8,17,13,4,7,4,8,0,6,6,5,3,0,12,8,0,2,0,1,3,6,2,5,0,1,1,2,11,3,19,6
lcl|CP017623.1_cds_AOW27042.1_1338 [locus_tag=CAALFM_C114430CA] [db_xref=CGD:CAL0000175442] [protein=hypothetical protein] [protein_id=AOW27042.1] [location=complement(3170798..3171577)] [gbkey=CDS],8,14,10,2,3,18,1,6,4,3,1,0,6,14,2,4,6,2,5,3,7,7,1,0,0,1,0,2,6,5,1,5,7,11,7,1,6,5,1,1,1,7,4,2,2,6,2,2,0,9,0,4,2,3,5,0,0,1,2,0,3,4,8,5
lcl|CP017623.1_cds_AOW27043.1_1339 [gene=GDI1] [locus_tag=CAALFM_C114440CA] [db_xref=CGD:CAL0000192989] [protein=Gdi1p] [protein_id=AOW27043.1] [location=complement(3171639..3172988)] [gbkey=CDS],17,15,14,0,4,14,0,7,14,4,2,0,0,14,9,17,9,7,2,1,7,6,6,4,0,0,1,1,0,5,0,2,22,26,11,5,5,16,1,9,2,16,6,11,1,13,4,13,0,23,0,4,1,10,8,2,0,0,2,4,12,9,23,7
lcl|CP017623.1_cds_AOW27044.1_1340 [locus_tag=CAALFM_C114450CA] [db_xref=CGD:CAL0000180447] [protein=putative Xaa-Pro dipeptidase] [protein_id=AOW27044.1] [location=complement(3173044..3174396)] [gbkey=CDS],18,13,13,3,6,13,1,3,8,5,1,3,2,19,9,5,5,15,4,5,9,8,3,5,4,1,0,2,2,8,1,3,18,27,13,6,7,19,1,6,3,8,7,5,5,11,8,3,0,23,0,1,3,8,2,2,0,8,6,2,9,13,20,8
lcl|CP017623.1_cds_AOW27045.1_1341 [locus_tag=CAALFM_C114460WA] [db_xref=CGD:CAL0000177137] [protein=proteasome regulatory particle lid subunit] [protein_id=AOW27045.1] [location=3174488..3175426] [gbkey=CDS],3,10,17,6,3,5,6,5,6,1,0,4,3,1,13,10,9,9,11,3,2,1,3,3,0,1,1,3,0,2,0,1,4,8,14,13,3,3,5,5,6,4,7,5,3,2,7,16,0,6,0,3,1,0,12,3,0,1,3,0,7,2,21,5
lcl|CP017623.1_cds_AOW27046.1_1342 [locus_tag=CAALFM_C114470WA] [db_xref=CGD:CAL0000187595] [protein=mRNA splicing protein] [protein_id=AOW27046.1] [location=3175481..3176209] [gbkey=CDS],3,4,15,10,1,2,5,2,2,2,6,3,5,2,4,3,0,8,5,2,4,5,6,2,2,1,3,0,5,3,3,4,3,5,12,6,0,3,6,0,1,0,9,1,5,1,10,4,0,4,0,10,3,1,7,0,0,1,2,3,0,1,11,10
lcl|CP017623.1_cds_AOW27047.1_1343 [locus_tag=CAALFM_C114480WA] [db_xref=CGD:CAL0000177274] [protein=hypothetical protein] [protein_id=AOW27047.1] [location=3176297..3176611] [gbkey=CDS],1,2,11,0,2,1,1,0,1,2,2,6,1,1,1,1,1,0,2,0,1,1,1,0,0,0,0,0,2,0,1,0,1,1,7,4,1,0,1,0,0,1,5,1,2,1,11,4,0,1,0,4,0,0,3,1,0,0,3,0,2,0,6,1
lcl|CP017623.1_cds_AOW27048.1_1344 [gene=SAM35] [locus_tag=CAALFM_C114490CA] [db_xref=CGD:CAL0000184640] [protein=SAM complex subunit] [protein_id=AOW27048.1] [location=complement(3176578..3177333)] [gbkey=CDS],10,12,3,5,9,11,0,2,3,2,1,0,7,13,1,4,3,7,2,2,4,7,4,0,0,1,0,1,6,11,1,8,8,9,5,5,2,6,1,3,3,4,3,0,1,7,5,4,0,6,0,3,1,5,2,2,0,1,2,3,1,5,9,4
lcl|CP017623.1_cds_AOW27049.1_1345 [locus_tag=CAALFM_C114500CA] [db_xref=CGD:CAL0000201548] [protein=polyamine acetyltransferase] [protein_id=AOW27049.1] [location=complement(3177391..3178053)] [gbkey=CDS],12,8,2,3,2,4,1,3,4,1,0,1,3,13,2,3,5,4,4,3,5,3,2,2,1,1,0,1,0,5,0,0,13,14,5,5,2,3,0,7,2,6,0,4,2,7,2,0,0,6,0,2,0,8,2,3,0,0,2,4,3,5,13,1
lcl|CP017623.1_cds_AOW27050.1_1346 [locus_tag=CAALFM_C114520WA] [db_xref=CGD:CAL0000201747] [protein=hypothetical protein] [protein_id=AOW27050.1] [location=3179521..3180675] [gbkey=CDS],9,6,17,9,2,1,3,3,11,3,10,12,10,4,12,4,1,3,11,2,3,2,5,1,2,0,4,3,2,2,7,3,4,3,21,13,4,2,4,1,1,3,21,6,8,10,27,14,0,2,0,10,1,0,11,1,0,0,4,7,3,4,9,12
lcl|CP017623.1_cds_AOW27051.1_1347 [locus_tag=CAALFM_C114530WA] [db_xref=CGD:CAL0000180728] [protein=hypothetical protein] [protein_id=AOW27051.1] [location=3181102..3181422] [gbkey=CDS],9,5,2,6,0,1,0,0,5,1,2,1,1,0,0,2,6,0,3,0,0,0,0,0,2,0,1,0,0,0,0,2,5,2,3,6,0,2,0,1,0,0,2,1,1,1,2,2,0,2,0,4,4,2,0,1,0,0,0,2,4,0,6,3
lcl|CP017623.1_cds_AOW27052.1_1348 [locus_tag=CAALFM_C114550CA] [db_xref=CGD:CAL0000176064] [protein=hypothetical protein] [protein_id=AOW27052.1] [location=complement(3182585..3182917)] [gbkey=CDS],6,4,1,1,1,1,0,2,1,0,1,3,4,3,2,6,11,5,1,1,4,0,0,0,3,0,0,1,3,3,1,3,4,4,0,2,1,0,0,0,5,0,1,2,0,0,1,0,0,2,0,2,0,0,0,0,0,0,2,2,2,2,1,4
lcl|CP017623.1_cds_AOW27053.1_1349 [locus_tag=CAALFM_C114560CA] [db_xref=CGD:CAL0000176110] [protein=hypothetical protein] [protein_id=AOW27053.1] [location=complement(3183132..3184109)] [gbkey=CDS],19,14,8,13,8,4,3,5,6,2,2,4,11,11,4,8,8,1,1,7,4,3,0,4,1,0,2,6,6,5,3,6,9,5,3,15,9,4,2,5,6,1,6,5,3,4,4,4,0,5,0,5,1,1,3,3,0,0,2,6,12,7,10,5
lcl|CP017623.1_cds_AOW27054.1_1350 [gene=FGR24] [locus_tag=CAALFM_C114570CA] [db_xref=CGD:CAL0000184849] [protein=Fgr24p] [protein_id=AOW27054.1] [location=complement(3184381..3185097)] [gbkey=CDS],14,14,2,10,8,4,1,8,3,1,2,3,11,9,3,9,17,5,2,1,7,3,0,0,4,0,0,2,4,1,0,8,7,6,2,5,2,1,0,4,2,0,3,1,3,4,2,2,0,4,0,7,5,3,0,0,0,0,2,1,4,3,4,4
lcl|CP017623.1_cds_AOW27055.1_1351 [locus_tag=CAALFM_C114580CA] [db_xref=CGD:CAL0000184377] [protein=hypothetical protein] [protein_id=AOW27055.1] [location=complement(3185175..3185702)] [gbkey=CDS],13,9,2,4,8,7,1,1,8,2,3,3,5,2,1,2,20,3,0,1,6,1,1,0,0,1,0,2,0,0,1,1,9,1,1,8,1,2,1,1,4,0,1,3,1,3,1,5,0,0,0,3,6,0,1,1,0,3,1,2,1,2,2,2
lcl|CP017623.1_cds_AOW27056.1_1352 [gene=TLO4] [locus_tag=CAALFM_C114590CA] [db_xref=CGD:CAL0000176752] [protein=Tlo4p] [protein_id=AOW27056.1] [location=complement(3186463..3186663)] [gbkey=CDS],2,9,0,2,2,1,0,0,0,1,0,0,2,0,3,0,0,1,1,0,0,0,0,1,0,0,0,0,2,1,2,1,2,11,3,1,0,1,0,0,0,2,1,0,3,0,0,0,0,1,0,0,0,1,0,0,0,0,0,0,1,0,4,3
