seq_id	ENC	CAI	FOP	GC	GC3s	tAI
lcl|CH236927.1_cds_EAA57827.1_1 [protein=hypothetical protein] [protein_id=EAA57827.1] [location=complement(join(7633..8567,8623..8941,8989..9067,9109..9140))] [gbkey=CDS]	57.26442315417801	0.792298198972987	0.32516703786191536	0.48050036791758644	0.41202672605790647	0.21249362074004496
lcl|CH236927.1_cds_EAA57828.1_2 [protein=hypothetical protein] [protein_id=EAA57828.1] [location=complement(join(10249..10694,10809..10862,11084..11090))] [gbkey=CDS]	52.598810842701106	0.8278643083464958	0.425	0.49500998003992014	0.50625	0.22734428888111605
lcl|CH236927.1_cds_EAA57829.1_3 [protein=hypothetical protein] [protein_id=EAA57829.1] [location=complement(join(11962..12140,12203..12627,12795..12955,13008..13061))] [gbkey=CDS]	56.31774066844087	0.8010620796595408	0.3609022556390977	0.5006150061500615	0.45112781954887216	0.23208809309652853
lcl|CH236927.1_cds_EAA57830.1_4 [protein=hypothetical protein] [protein_id=EAA57830.1] [location=join(13648..13664,13726..13805,13863..13927,13981..14183,14239..14518,14598..14606)] [gbkey=CDS]	53.97188397986538	0.8151341106768333	0.4413145539906103	0.5262345679012346	0.5211267605633803	0.22191726506078144
lcl|CH236927.1_cds_EAA57831.1_5 [protein=hypothetical protein] [protein_id=EAA57831.1] [location=complement(join(14724..14978,15116..15189,15514..15712))] [gbkey=CDS]	55.280081555445285	0.8216262524448144	0.4152046783625731	0.4674329501915709	0.4853801169590643	0.23520983427089553
lcl|CH236927.1_cds_EAA57832.1_6 [protein=hypothetical protein] [protein_id=EAA57832.1] [location=join(16436..16517,16587..16600,16659..16715,16774..17430)] [gbkey=CDS]	56.44189017640582	0.8273527420844768	0.4046692607003891	0.5323383084577115	0.48638132295719844	0.22404654293886453
lcl|CH236927.1_cds_EAA57833.1_7 [protein=hypothetical protein] [protein_id=EAA57833.1] [location=complement(join(17814..18068,18125..18574,18627..18762,18812..18918,18969..19070,19121..19252,19304..20296,20351..20401))] [gbkey=CDS]	57.19462768295208	0.8055945209730178	0.40559440559440557	0.45990990990990993	0.48951048951048953	0.22256116398298995
lcl|CH236927.1_cds_EAA57834.1_8 [protein=hypothetical protein] [protein_id=EAA57834.1] [location=join(21642..21832,21883..22261,22307..22741,22796..23155,23206..23241,23291..23390,23496..23526,23629..23681,23733..23776,23933..24074,24129..24364)] [gbkey=CDS]	57.274217359157426	0.8314310539761413	0.42724458204334365	0.5142428785607196	0.4907120743034056	0.2288995367421852
lcl|CH236927.1_cds_EAA57835.1_9 [protein=hypothetical protein] [protein_id=EAA57835.1] [location=join(25116..25342,25421..25841)] [gbkey=CDS]	54.34440256593475	0.816883596925447	0.391304347826087	0.48286604361370716	0.5169082125603864	0.23272262848505862
lcl|CH236927.1_cds_EAA57836.1_10 [protein=hypothetical protein] [protein_id=EAA57836.1] [location=complement(join(26399..26436,26571..27545,27604..27933,28087..28156,28203..28509,28636..28820))] [gbkey=CDS]	56.21268969331568	0.7918178871373532	0.33001658374792703	0.4681411269088994	0.4096185737976783	0.21475630579587748
lcl|CH236927.1_cds_EAA57837.1_11 [protein=hypothetical protein] [protein_id=EAA57837.1] [location=complement(join(29375..29520,29574..29618,29674..29857))] [gbkey=CDS]	52.33989617574673	0.8284919142925212	0.4380165289256198	0.4796747967479675	0.45454545454545453	0.23829506846025472
lcl|CH236927.1_cds_EAA57838.1_12 [protein=hypothetical protein] [protein_id=EAA57838.1] [location=join(30234..30378,30434..30652,30764..30772,30851..31140,31199..31304,31350..31575,31626..32024,32322..32333,32483..32779,32893..33010,33077..33166,33213..33338)] [gbkey=CDS]	57.19861087384046	0.8056315398628408	0.36818181818181817	0.49876907927129494	0.49242424242424243	0.21800358402780567
lcl|CH236927.1_cds_EAA57839.1_13 [protein=hypothetical protein] [protein_id=EAA57839.1] [location=complement(join(33732..33872,33930..34074,34117..34213,34272..34649,34720..34807,34860..34970,35141..35143))] [gbkey=CDS]	48.28592714986583	0.8738462334923831	0.580441640378549	0.5360501567398119	0.5772870662460567	0.23659906379826087
lcl|CH236927.1_cds_EAA57840.1_14 [protein=hypothetical protein] [protein_id=EAA57840.1] [location=complement(join(36309..36486,36561..36814,36847..36941,37035..37086))] [gbkey=CDS]	47.994767918816684	0.8665719574372783	0.6021505376344086	0.5549738219895288	0.6075268817204301	0.25214140685832703
lcl|CH236927.1_cds_EAA57841.1_15 [protein=hypothetical protein] [protein_id=EAA57841.1] [location=complement(join(38470..39132,39187..39562,39614..39633))] [gbkey=CDS]	56.07276943721753	0.8071943373851695	0.3590504451038576	0.5365622032288699	0.44807121661721067	0.22049690312913828
lcl|CH236927.1_cds_EAA57842.1_16 [protein=hypothetical protein] [protein_id=EAA57842.1] [location=join(39994..40020,40079..40125,40187..40215,40716..40727,41068..41388,41455..42005)] [gbkey=CDS]	54.15084871380476	0.8339111626629232	0.48253968253968255	0.5168195718654435	0.5873015873015873	0.2224035087493032
lcl|CH236927.1_cds_EAA57843.1_17 [protein=hypothetical protein] [protein_id=EAA57843.1] [location=complement(join(42371..42709,42772..42945,43009..43062,43115..43921))] [gbkey=CDS]	55.203786486491936	0.8564903358903716	0.49443207126948774	0.5402046783625731	0.5723830734966593	0.23358508488100815
lcl|CH236927.1_cds_EAA57844.1_18 [protein=predicted protein] [protein_id=EAA57844.1] [location=join(47928..47977,48293..48473,48637..48682,48878..48903,49057..49092)] [gbkey=CDS]	53.48014637916523	0.8421048767538658	0.5	0.4864864864864865	0.5545454545454546	0.22545987397807368
lcl|CH236927.1_cds_EAA57845.1_19 [protein=hypothetical protein] [protein_id=EAA57845.1] [location=complement(join(50005..50029,50101..50176,50236..50368,50421..50888,50945..51474,51692..51864,51926..52007,52133..52253))] [gbkey=CDS]	53.595387827017746	0.8502424661519663	0.5243664717348928	0.5580524344569289	0.5730994152046783	0.23824133897554117
lcl|CH236927.1_cds_EAA57846.1_20 [protein=hypothetical protein] [protein_id=EAA57846.1] [location=join(52850..53118,53186..53975)] [gbkey=CDS]	52.62172763704036	0.8619427925696789	0.5391566265060241	0.4862298195631529	0.5813253012048193	0.23135525688561692
lcl|CH236927.1_cds_EAA57847.1_21 [protein=hypothetical protein] [protein_id=EAA57847.1] [location=complement(join(54635..55533,55596..55777,55837..56729,56787..57054,57125..57231,57299..57390,57455..57518))] [gbkey=CDS]	57.49805053008353	0.8277014793410201	0.43279901356350187	0.5206082432973189	0.5215782983970407	0.23108087962949433
lcl|CH236927.1_cds_EAA57848.1_22 [protein=conserved hypothetical protein] [protein_id=EAA57848.1] [location=complement(join(58694..58827,58902..59106,59167..59360,59411..59759,59825..59908,59974..60146,60235..60280))] [gbkey=CDS]	56.397554589024715	0.8262793861537608	0.4444444444444444	0.48346055979643765	0.5211640211640212	0.22997304847572878
lcl|CH236927.1_cds_EAA57849.1_23 [protein=hypothetical protein] [protein_id=EAA57849.1] [location=complement(join(66272..66294,66366..66724,66949..66964,67024..67105))] [gbkey=CDS]	55.0816247126463	0.8010883249447422	0.39072847682119205	0.5042194092827004	0.46357615894039733	0.22991294193767778
lcl|CH236927.1_cds_EAA57850.1_24 [protein=hypothetical protein] [protein_id=EAA57850.1] [location=complement(join(67584..67691,67794..68441,68508..68819))] [gbkey=CDS]	49.95835469657662	0.8761704211247529	0.5791044776119403	0.5546139359698682	0.6268656716417911	0.22887249013446956
lcl|CH236927.1_cds_EAA57851.1_25 [protein=hypothetical protein] [protein_id=EAA57851.1] [location=join(69668..69681,69785..69987,70028..70067,70123..70220,70428..70597,70647..70889,70941..71060,71117..71491,71539..71715,71768..71945,72245..72310,72679..72995,73062..75383)] [gbkey=CDS]	58.62194954363621	0.812273361787351	0.38869005010737295	0.5061385221218438	0.47888332140300643	0.22389551817442993
lcl|CH236927.1_cds_EAA57852.1_26 [protein=hypothetical protein] [protein_id=EAA57852.1] [location=complement(join(75692..76297,76384..76395,76504..76578))] [gbkey=CDS]	50.56949280781104	0.8629742896430099	0.5525114155251142	0.5691411935953421	0.6757990867579908	0.22883951269407377
lcl|CH236927.1_cds_EAA57853.1_27 [protein=hypothetical protein] [protein_id=EAA57853.1] [location=77197..78348] [gbkey=CDS]	56.288845659075314	0.7917177886700376	0.37228260869565216	0.468586387434555	0.46467391304347827	0.22508589938891238
lcl|CH236927.1_cds_EAA57854.1_28 [protein=hypothetical protein] [protein_id=EAA57854.1] [location=complement(join(78741..78886,78949..79248,79311..79481,79537..79603,79701..79712,79765..79792,79843..79874,79950..80192,80253..80327))] [gbkey=CDS]	55.82619880591547	0.8188182200308386	0.43283582089552236	0.5	0.5223880597014925	0.22684649716608699
lcl|CH236927.1_cds_EAA57855.1_29 [protein=hypothetical protein] [protein_id=EAA57855.1] [location=join(80666..80709,80786..81042,81124..81276,81335..81918)] [gbkey=CDS]	55.96097637071172	0.8137648818848274	0.41194029850746267	0.5242248062015504	0.5044776119402985	0.22481496377552898
lcl|CH236927.1_cds_EAA57856.1_30 [protein=hypothetical protein] [protein_id=EAA57856.1] [location=complement(join(82096..82104,82163..82197,82290..82641))] [gbkey=CDS]	54.51264501004817	0.8199182548425012	0.3937007874015748	0.5153846153846153	0.4881889763779528	0.2199653220922971
lcl|CH236927.1_cds_EAA57857.1_31 [protein=hypothetical protein] [protein_id=EAA57857.1] [location=join(83044..83132,83186..83406,83462..83561,83611..84053,84118..84134)] [gbkey=CDS]	55.61482383009112	0.8027929596866774	0.37410071942446044	0.4895833333333333	0.46402877697841727	0.22807583776350812
lcl|CH236927.1_cds_EAA57858.1_32 [protein=hypothetical protein] [protein_id=EAA57858.1] [location=complement(join(84643..84784,84835..84874,84917..84938,85005..85582,85632..85737))] [gbkey=CDS]	54.31914718879993	0.8562593502714834	0.5	0.5158730158730159	0.5740740740740741	0.22366206372152736
lcl|CH236927.1_cds_EAA57859.1_33 [protein=hypothetical protein] [protein_id=EAA57859.1] [location=complement(join(86346..87233,87292..87486,87539..87811,87870..87891,87943..88241,88643..88659,88918..89694,89750..90752))] [gbkey=CDS]	57.60494510576379	0.816865013873342	0.4168912848158131	0.5184544405997693	0.5202156334231806	0.2252192974249144
lcl|CH236927.1_cds_EAA57860.1_34 [protein=hypothetical protein] [protein_id=EAA57860.1] [location=join(91167..91185,91368..92284)] [gbkey=CDS]	55.6480270131247	0.805149367632475	0.3979933110367893	0.5064516129032258	0.47491638795986624	0.22727822795423974
lcl|CH236927.1_cds_EAA57861.1_35 [protein=LYS4_EMENI Homoaconitase, mitochondrial precursor (Homoaconitate hydratase)] [protein_id=EAA57861.1] [location=join(92654..92954,93027..95056)] [gbkey=CDS]	54.09422248400069	0.84478612202348	0.4879356568364611	0.5406451612903226	0.5670241286863271	0.23142770376033872
lcl|CH236927.1_cds_EAA57862.1_36 [protein=hypothetical protein] [protein_id=EAA57862.1] [location=complement(join(96435..98018,98089..98349))] [gbkey=CDS]	57.76811379958062	0.8041038829093615	0.38898163606010017	0.5492115280043501	0.5175292153589316	0.23201096606297544
lcl|CH236927.1_cds_EAA57863.1_37 [protein=SEPA_EMENI Cytokinesis protein sepA (FH1/2 protein) (Forced expression inhibition of growth A)] [protein_id=EAA57863.1] [location=complement(join(99054..99809,99862..102339,102353..104488))] [gbkey=CDS]	57.736645252416565	0.83270608594914175	0.4147331786542923	0.5264727815063386	0.48839907192575405	0.22702110214313445
lcl|CH236927.1_cds_EAA57864.1_38 [protein=hypothetical protein] [protein_id=EAA57864.1] [location=join(105064..105087,105153..105575)] [gbkey=CDS]	56.08758219930023	0.8038321482332863	0.4028776978417266	0.5056689342403629	0.5035971223021583	0.23250499881565256
lcl|CH236927.1_cds_EAA57865.1_39 [protein=FDH_EMENI Probable formate dehydrogenase (NAD-dependent formate dehydrogenase) (FDH)] [protein_id=EAA57865.1] [location=complement(join(105991..106933,106993..107168,107223..107237))] [gbkey=CDS]	41.46287247349219	0.8905175576144794	0.6794520547945205	0.5487588652482269	0.6219178082191781	0.23879105687249907
lcl|CH236927.1_cds_EAA57866.1_40 [protein=hypothetical protein] [protein_id=EAA57866.1] [location=complement(join(109017..111455,111508..112041))] [gbkey=CDS]	56.62845472901815	0.8380774779186577	0.4281217208814271	0.5308392315470172	0.5708289611752361	0.22482838173589573
lcl|CH236927.1_cds_EAA57867.1_41 [protein=hypothetical protein] [protein_id=EAA57867.1] [location=complement(join(112535..113239,113312..113458))] [gbkey=CDS]	57.05168072834755	0.8190255003884794	0.45787545787545786	0.5200945626477541	0.5311355311355311	0.21894283341923865
lcl|CH236927.1_cds_EAA57868.1_42 [protein=hypothetical protein] [protein_id=EAA57868.1] [location=complement(join(114062..115021,115202..115242,115311..115368))] [gbkey=CDS]	56.008170898764305	0.8178317623218437	0.39820359281437123	0.5137701804368471	0.5089820359281437	0.222425625078007
lcl|CH236927.1_cds_EAA57869.1_43 [protein=hypothetical protein] [protein_id=EAA57869.1] [location=join(117710..119573,119636..119832,119899..119910)] [gbkey=CDS]	57.48011598850111	0.8412157231731346	0.40119760479041916	0.5437832607643929	0.5254491017964071	0.22462293240873094
lcl|CH236927.1_cds_EAA57870.1_44 [protein=hypothetical protein] [protein_id=EAA57870.1] [location=complement(join(120954..121438,121495..122401))] [gbkey=CDS]	55.09379534449439	0.8241899474455174	0.4431818181818182	0.4963924963924964	0.5159090909090909	0.22004656949800716
lcl|CH236927.1_cds_EAA57871.1_45 [protein=hypothetical protein] [protein_id=EAA57871.1] [location=join(123145..123261,123332..124357,124407..125045)] [gbkey=CDS]	57.475600922852706	0.8068017669351794	0.41278065630397237	0.49211711711711714	0.5181347150259067	0.22176869510567665
lcl|CH236927.1_cds_EAA57872.1_46 [protein=hypothetical protein] [protein_id=EAA57872.1] [location=join(125381..125524,125585..126559)] [gbkey=CDS]	52.867338505197964	0.8574691033256232	0.4664804469273743	0.5606469002695418	0.5921787709497207	0.21816083031437378
lcl|CH236927.1_cds_EAA57873.1_47 [protein=hypothetical protein] [protein_id=EAA57873.1] [location=complement(join(127194..130469,130527..131507))] [gbkey=CDS]	58.842115139857434	0.8177512994474707	0.3933477946493131	0.5090566925429311	0.502530730296457	0.22471516487906695
lcl|CH236927.1_cds_EAA57874.1_48 [protein=hypothetical protein] [protein_id=EAA57874.1] [location=join(136807..137085,137134..137289,137342..137974)] [gbkey=CDS]	51.31154948540782	0.8472059862656708	0.5225225225225225	0.5235404896421846	0.5795795795795796	0.23880571066280354
lcl|CH236927.1_cds_EAA57875.1_49 [protein=hypothetical protein] [protein_id=EAA57875.1] [location=join(138918..139260,139317..139624)] [gbkey=CDS]	55.16501540577549	0.8358127452974947	0.43601895734597157	0.5519379844961241	0.5734597156398105	0.2233030063596877
lcl|CH236927.1_cds_EAA57876.1_50 [protein=hypothetical protein] [protein_id=EAA57876.1] [location=complement(join(139819..140234,140295..140613))] [gbkey=CDS]	53.82538462405989	0.8561683687237881	0.5084033613445378	0.5802469135802469	0.6092436974789915	0.22968541574300402
lcl|CH236927.1_cds_EAA57877.1_51 [protein=hypothetical protein] [protein_id=EAA57877.1] [location=join(140941..141033,141134..141514)] [gbkey=CDS]	56.68797699300961	0.8478984155866378	0.4533333333333333	0.5405982905982906	0.5666666666666667	0.22821389068965942
lcl|CH236927.1_cds_EAA57878.1_52 [protein=hypothetical protein] [protein_id=EAA57878.1] [location=143660..147517] [gbkey=CDS]	58.25906829747942	0.8227023227031971	0.40096230954290296	0.5114226375908619	0.5164394546912591	0.225315944387156
lcl|CH236927.1_cds_EAA57879.1_53 [protein=predicted protein] [protein_id=EAA57879.1] [location=complement(join(147845..147955,148172..148177))] [gbkey=CDS]	53.21500201677869	0.7995005329547211	0.4117647058823529	0.42342342342342343	0.4411764705882353	0.21768511669019572
lcl|CH236927.1_cds_EAA57880.1_54 [protein=hypothetical protein] [protein_id=EAA57880.1] [location=complement(join(148505..150077,150141..150204,150264..150612,150690..150820,151021..151063))] [gbkey=CDS]	57.58376254610113	0.8237225638311332	0.4447632711621234	0.48792943361188484	0.533715925394548	0.2274639856759563
lcl|CH236927.1_cds_EAA57881.1_55 [protein=hypothetical protein] [protein_id=EAA57881.1] [location=join(151434..151510,151744..152297,152354..153975)] [gbkey=CDS]	48.94591287416423	0.8718433915738378	0.5947802197802198	0.5580774365821095	0.6167582417582418	0.2303211501715516
lcl|CH236927.1_cds_EAA57883.1_57 [protein=hypothetical protein] [protein_id=EAA57883.1] [location=158364..159020] [gbkey=CDS]	53.48092194903813	0.866799250292434	0.4975369458128079	0.5407066052227343	0.6206896551724138	0.2292565721914735
lcl|CH236927.1_cds_EAA57884.1_58 [protein=hypothetical protein] [protein_id=EAA57884.1] [location=complement(join(159598..159664,159711..159808,159894..160154,160234..160332))] [gbkey=CDS]	52.61801316347591	0.8401501517801832	0.4578313253012048	0.5105973025048169	0.6144578313253012	0.23351821111860172
lcl|CH236927.1_cds_EAA57885.1_59 [protein=predicted protein] [protein_id=EAA57885.1] [location=complement(join(160698..161986,162106..162157))] [gbkey=CDS]	57.63894991617933	0.8090008897847903	0.3724137931034483	0.49887640449438203	0.4827586206896552	0.2308982091732875
lcl|CH236927.1_cds_EAA57886.1_60 [protein=hypothetical protein] [protein_id=EAA57886.1] [location=complement(join(162673..162806,162927..163140,163196..163234))] [gbkey=CDS]	54.07258868059087	0.8157952576162156	0.43333333333333335	0.5144356955380578	0.55	0.21678238792764923
lcl|CH236927.1_cds_EAA57887.1_61 [protein=hypothetical protein] [protein_id=EAA57887.1] [location=join(163681..163718,163777..163888,163966..164595)] [gbkey=CDS]	55.39550127048857	0.845187046904371	0.508	0.5400516795865633	0.604	0.22953032917392574
lcl|CH236927.1_cds_EAA57888.1_62 [protein=hypothetical protein] [protein_id=EAA57888.1] [location=complement(join(164788..165490,165651..165691))] [gbkey=CDS]	54.22426114459923	0.8198809054740133	0.46808510638297873	0.5582655826558266	0.6042553191489362	0.22167277599129315
lcl|CH236927.1_cds_EAA57889.1_63 [protein=hypothetical protein] [protein_id=EAA57889.1] [location=complement(join(166032..166975,167040..167136))] [gbkey=CDS]	55.15346148997773	0.8242237057793965	0.4101796407185629	0.5314009661835749	0.5508982035928144	0.21742222578453338
lcl|CH236927.1_cds_EAA57890.1_64 [protein=hypothetical protein] [protein_id=EAA57890.1] [location=complement(167599..170070)] [gbkey=CDS]	56.83293359225796	0.8128889141437126	0.3816300129366106	0.5008110300081103	0.4579560155239327	0.22259001544027268
lcl|CH236927.1_cds_EAA57891.1_65 [protein=hypothetical protein] [protein_id=EAA57891.1] [location=complement(join(170575..170659,170728..171656,171716..172158,172210..172247,172297..175620,175689..175893,175946..175998,176064..176191))] [gbkey=CDS]	58.028114548087785	0.8111632874624702	0.40391459074733094	0.4883631467589921	0.4792408066429419	0.2243277510210661
lcl|CH236927.1_cds_EAA57892.1_66 [protein=hypothetical protein] [protein_id=EAA57892.1] [location=178811..179944] [gbkey=CDS]	56.07555061241486	0.8200032999774086	0.41530054644808745	0.5203900709219859	0.5081967213114754	0.22524767972615184
lcl|CH236927.1_cds_EAA57893.1_67 [protein=hypothetical protein] [protein_id=EAA57893.1] [location=join(180576..181412,181465..181575,181704..181819,181866..182311,182345..182502,182665..183402)] [gbkey=CDS]	57.95509898332447	0.8292817874756628	0.4258064516129032	0.52125	0.5277419354838709	0.22494084225971395
lcl|CH236927.1_cds_EAA57895.1_69 [protein=hypothetical protein] [protein_id=EAA57895.1] [location=join(185536..185547,185717..185738,185812..186530,186577..186737,186795..186875,186929..187052,187100..187228,187274..187427,187478..187491)] [gbkey=CDS]	55.71372665457757	0.8250789491884085	0.42857142857142855	0.5085106382978724	0.5022321428571429	0.22266503810582738
lcl|CH236927.1_cds_EAA57896.1_70 [protein=hypothetical protein] [protein_id=EAA57896.1] [location=complement(join(187794..187985,188038..188319))] [gbkey=CDS]	50.95187194986829	0.8392627676490942	0.4899328859060403	0.49786324786324787	0.6241610738255033	0.23315125739955223
lcl|CH236927.1_cds_EAA57897.1_71 [protein=hypothetical protein] [protein_id=EAA57897.1] [location=join(188662..188704,188806..188867,189066..189212,189335..189454)] [gbkey=CDS]	52.12341882964139	0.8790175235839591	0.6153846153846154	0.5573770491803278	0.7094017094017094	0.2441764069576976
lcl|CH236927.1_cds_EAA57898.1_72 [protein=hypothetical protein] [protein_id=EAA57898.1] [location=complement(join(189941..190074,190132..190208,190331..190422,190522..190632))] [gbkey=CDS]	54.80919632727744	0.8206685078781775	0.3893129770992366	0.5024509803921569	0.5343511450381679	0.21653211663335342
lcl|CH236927.1_cds_EAA57899.1_73 [protein=hypothetical protein] [protein_id=EAA57899.1] [location=complement(191051..192715)] [gbkey=CDS]	50.05826973466228	0.7856085483311867	0.3048327137546468	0.46473779385171793	0.33271375464684017	0.21936812693800342
lcl|CH236927.1_cds_EAA57900.1_74 [protein=hypothetical protein] [protein_id=EAA57900.1] [location=join(195824..196017,196075..197260)] [gbkey=CDS]	56.865805091587994	0.8294013285025413	0.39111111111111113	0.5655021834061136	0.47333333333333333	0.2275989380751738
lcl|CH236927.1_cds_EAA57901.1_75 [protein=hypothetical protein] [protein_id=EAA57901.1] [location=complement(join(197929..198816,198872..199042))] [gbkey=CDS]	56.80142692656624	0.8409132887529058	0.43641618497109824	0.5375118708452041	0.5722543352601156	0.2342800592013785
lcl|CH236927.1_cds_EAA57902.1_76 [protein=hypothetical protein] [protein_id=EAA57902.1] [location=199604..201463] [gbkey=CDS]	56.3327120433187	0.8332774409735627	0.41946308724832215	0.5145631067961165	0.48825503355704697	0.22770785058063667
lcl|CH236927.1_cds_EAA57903.1_77 [protein=hypothetical protein] [protein_id=EAA57903.1] [location=complement(join(202261..202547,202604..203320,203557..203758,203852..203881))] [gbkey=CDS]	38.64034411578182	0.9286532540036194	0.6992481203007519	0.5577235772357724	0.6892230576441103	0.24060169002435983
lcl|CH236927.1_cds_EAA57904.1_78 [protein=hypothetical protein] [protein_id=EAA57904.1] [location=join(204199..205033,205113..205204)] [gbkey=CDS]	53.8227930711975	0.8310181517069017	0.4152823920265781	0.5526601520086862	0.5149501661129569	0.23042795939170738
lcl|CH236927.1_cds_EAA57905.1_79 [protein=hypothetical protein] [protein_id=EAA57905.1] [location=join(208952..209744,209873..210112,210144..210175)] [gbkey=CDS]	56.058299809757166	0.8239273287485933	0.4	0.5533522190745986	0.5235294117647059	0.2230409060456321
lcl|CH236927.1_cds_EAA57906.1_80 [protein=conserved hypothetical protein] [protein_id=EAA57906.1] [location=complement(join(211345..211379,212067..212401,212464..212537,213166..213186))] [gbkey=CDS]	51.30828336670924	0.8572433541845942	0.5306122448979592	0.4793028322440087	0.5986394557823129	0.22781167757450568
lcl|CH236927.1_cds_EAA57907.1_81 [protein=hypothetical protein] [protein_id=EAA57907.1] [location=join(213221..213379,213507..213992,214049..214345,214402..215172)] [gbkey=CDS]	56.85389786900692	0.8215668372417329	0.4553734061930783	0.523725834797891	0.5446265938069217	0.2281605390260924
lcl|CH236927.1_cds_EAA57908.1_82 [protein=hypothetical protein] [protein_id=EAA57908.1] [location=complement(join(215683..216165,216226..216453,216523..217115,217238..217388))] [gbkey=CDS]	55.58208749707962	0.8339762562357323	0.42643923240938164	0.5017253278122843	0.5202558635394456	0.22639076357071847
lcl|CH236927.1_cds_EAA57909.1_83 [protein=hypothetical protein] [protein_id=EAA57909.1] [location=join(217849..218200,218267..219006)] [gbkey=CDS]	56.77804428220415	0.8080927225142417	0.41786743515850144	0.5340699815837937	0.5446685878962536	0.22546885379824988
lcl|CH236927.1_cds_EAA57910.1_84 [protein=hypothetical protein] [protein_id=EAA57910.1] [location=complement(join(219148..219268,219580..219629,219662..219670,219716..220310,220397..221148))] [gbkey=CDS]	56.26762680285374	0.8211338355333806	0.38276553106212424	0.5318869165023011	0.49298597194388777	0.22734835874624723
lcl|CH236927.1_cds_EAA57911.1_85 [protein=hypothetical protein] [protein_id=EAA57911.1] [location=join(223193..224669,224771..224823)] [gbkey=CDS]	56.05409326898469	0.8370903144968762	0.46804123711340206	0.5328083989501312	0.5773195876288659	0.22656825529130314
lcl|CH236927.1_cds_EAA57912.1_86 [protein=hypothetical protein] [protein_id=EAA57912.1] [location=complement(join(225009..226102,226151..227360))] [gbkey=CDS]	57.271356387201585	0.8271301041850577	0.4508748317631225	0.5300261096605744	0.5275908479138627	0.22301242864578352
lcl|CH236927.1_cds_EAA57913.1_87 [protein=hypothetical protein] [protein_id=EAA57913.1] [location=join(227676..227814,227904..228521,228723..228841)] [gbkey=CDS]	53.89909326414287	0.8190179409204399	0.42857142857142855	0.5413793103448276	0.5178571428571429	0.21587148529932315
lcl|CH236927.1_cds_EAA57914.1_88 [protein=hypothetical protein] [protein_id=EAA57914.1] [location=complement(join(229189..229281,229343..230416,230470..231017,231077..231128,231190..231333,231439..231570))] [gbkey=CDS]	57.531860102384016	0.8152580250046586	0.41122913505311076	0.49140893470790376	0.511380880121396	0.2294720831960115
lcl|CH236927.1_cds_EAA57915.1_89 [protein=hypothetical protein] [protein_id=EAA57915.1] [location=join(231944..231971,232020..233713)] [gbkey=CDS]	57.34193257654653	0.8265286363333358	0.3953900709219858	0.5297202797202797	0.48404255319148937	0.22172952337062765
lcl|CH236927.1_cds_EAA58105.1_90 [protein=hypothetical protein] [protein_id=EAA58105.1] [location=complement(join(234093..234227,234281..234652,234723..234752))] [gbkey=CDS]	53.1725265668657	0.8781247404447143	0.5847953216374269	0.5536723163841808	0.672514619883041	0.23696116079876992
lcl|CH236927.1_cds_EAA58106.1_91 [protein=hypothetical protein] [protein_id=EAA58106.1] [location=join(237091..237197,237256..239251)] [gbkey=CDS]	56.53858116659362	0.8257434413926317	0.43446244477172313	0.5498330948974726	0.5640648011782032	0.22943322547327366
lcl|CH236927.1_cds_EAA58107.1_92 [protein=hypothetical protein] [protein_id=EAA58107.1] [location=247298..248728] [gbkey=CDS]	54.36710254942006	0.8486819946424051	0.4344086021505376	0.5873684210526315	0.6301075268817204	0.22870551083216384
lcl|CH236927.1_cds_EAA58108.1_93 [protein=hypothetical protein] [protein_id=EAA58108.1] [location=complement(join(250866..251282,251348..252325))] [gbkey=CDS]	55.48052359617998	0.8362723895470692	0.436241610738255	0.5687544996400288	0.5816554809843401	0.22580351670991075
lcl|CH236927.1_cds_EAA58109.1_94 [protein=hypothetical protein] [protein_id=EAA58109.1] [location=join(253635..253651,253792..254249,254288..254513,254560..254626)] [gbkey=CDS]	53.599317423953416	0.8439207437417139	0.4268292682926829	0.5498687664041995	0.5975609756097561	0.23087162289846214
lcl|CH236927.1_cds_EAA58110.1_95 [protein=hypothetical protein] [protein_id=EAA58110.1] [location=256815..261368] [gbkey=CDS]	49.67750367817547	0.8729445374761224	0.5804676753782668	0.5413368513632366	0.6444291609353507	0.23439453852257067
lcl|CH236927.1_cds_EAA58111.1_96 [protein=hypothetical protein] [protein_id=EAA58111.1] [location=complement(join(261826..261914,262308..262476,262659..263204,263273..263461,263752..263969,264047..264137))] [gbkey=CDS]	57.36004282549205	0.8237846765006932	0.43601895734597157	0.5362654320987654	0.54739336492891	0.21908427273597034
lcl|CH236927.1_cds_EAA58112.1_97 [protein=hypothetical protein] [protein_id=EAA58112.1] [location=complement(join(264507..264593,264747..265084,265137..265354,265399..265574,265866..266618))] [gbkey=CDS]	56.74761601860219	0.8204657480602018	0.41188118811881186	0.49233716475095785	0.4752475247524752	0.22650523259874897
lcl|CH236927.1_cds_EAA58113.1_98 [protein=hypothetical protein] [protein_id=EAA58113.1] [location=complement(join(268364..268660,268708..268875))] [gbkey=CDS]	53.545384210189724	0.8047586713472606	0.4	0.4923747276688453	0.4533333333333333	0.21038141201145796
lcl|CH236927.1_cds_EAA58114.1_99 [protein=hypothetical protein] [protein_id=EAA58114.1] [location=join(269160..269360,269410..272053,272215..272240)] [gbkey=CDS]	57.08773788723946	0.827777770376515	0.46375266524520253	0.5102966841186737	0.5053304904051172	0.22508905047214744
lcl|CH236927.1_cds_EAA58115.1_100 [protein=hypothetical protein] [protein_id=EAA58115.1] [location=complement(join(272448..272509,272591..272858,273064..273675))] [gbkey=CDS]	52.40098496217143	0.8560076237579176	0.5409836065573771	0.5641025641025641	0.639344262295082	0.22810476192455284
lcl|CH236927.1_cds_EAA58116.1_101 [protein=hypothetical protein] [protein_id=EAA58116.1] [location=complement(join(274628..274968,275023..275578,275629..275907,275955..277213,277276..277390))] [gbkey=CDS]	57.1106720263938	0.8343751701674269	0.4289185905224787	0.5176886792452831	0.5212636695018226	0.22393548654310771
lcl|CH236927.1_cds_EAA58117.1_102 [protein=hypothetical protein] [protein_id=EAA58117.1] [location=284525..285070] [gbkey=CDS]	52.636694503124765	0.8399017005955492	0.49142857142857144	0.5296296296296297	0.5885714285714285	0.2328350990473566
lcl|CH236927.1_cds_EAA58118.1_103 [protein=hypothetical protein] [protein_id=EAA58118.1] [location=join(286397..286626,286695..289668)] [gbkey=CDS]	56.34640486957446	0.8290245783031607	0.44313725490196076	0.5075046904315197	0.5284313725490196	0.22136792744608666
lcl|CH236927.1_cds_EAA58119.1_104 [protein=hypothetical protein] [protein_id=EAA58119.1] [location=complement(290627..295339)] [gbkey=CDS]	58.35839377503228	0.8230222041771412	0.41153342070773263	0.4911833439558105	0.5006553079947575	0.22599274661159469
lcl|CH236927.1_cds_EAA58120.1_105 [protein=hypothetical protein] [protein_id=EAA58120.1] [location=join(296098..296164,296248..296558,296609..296779,296841..298165,298219..298301,298351..298654,298706..298885,298936..299380)] [gbkey=CDS]	57.17428320807841	0.8224054620791356	0.4279615795090715	0.4826388888888889	0.5314834578441836	0.2240106996772246
lcl|CH236927.1_cds_EAA58121.1_106 [protein=hypothetical protein] [protein_id=EAA58121.1] [location=join(301242..301356,301413..301657)] [gbkey=CDS]	52.90756161556514	0.8366761478736962	0.5	0.5112994350282486	0.5909090909090909	0.21739391258103663
lcl|CH236927.1_cds_EAA58122.1_107 [protein=hypothetical protein] [protein_id=EAA58122.1] [location=complement(join(302359..302643,302704..302754))] [gbkey=CDS]	50.471212115408555	0.8490203186385229	0.5192307692307693	0.5696969696969697	0.6923076923076923	0.2430700275898064
lcl|CH236927.1_cds_EAA58123.1_108 [protein=hypothetical protein] [protein_id=EAA58123.1] [location=join(303177..303295,303355..304459)] [gbkey=CDS]	54.66956149354352	0.8517962549932475	0.47715736040609136	0.5254515599343186	0.5812182741116751	0.2333791265523671
lcl|CH236927.1_cds_EAA58124.1_109 [protein=hypothetical protein] [protein_id=EAA58124.1] [location=complement(join(304704..305340,305407..305679,305769..305928,305983..306033,306095..306099,306199..306713,306769..307691,308062..308083))] [gbkey=CDS]	55.32925998380761	0.8394402419304736	0.5029868578255675	0.546124031007752	0.6176821983273596	0.2316200371153652
lcl|CH236927.1_cds_EAA58125.1_110 [protein=hypothetical protein] [protein_id=EAA58125.1] [location=join(308616..308758,308815..308933,309043..311063)] [gbkey=CDS]	56.881094757298804	0.8244496541710213	0.39836289222373805	0.512955643390426	0.5115961800818554	0.2258089626155964
lcl|CH236927.1_cds_EAA58126.1_111 [protein=hypothetical protein] [protein_id=EAA58126.1] [location=join(311334..312513,312578..312756)] [gbkey=CDS]	56.569742422301296	0.8492393756037203	0.43792325056433407	0.5469327420546932	0.5711060948081265	0.23059786205493135
lcl|CH236927.1_cds_EAA58127.1_112 [protein=hypothetical protein] [protein_id=EAA58127.1] [location=complement(join(313199..314785,314839..315372,315423..316700,316756..317112,317158..319614))] [gbkey=CDS]	58.4108741621157	0.8210246452915474	0.43316831683168316	0.5165136136619946	0.5262376237623763	0.22536221288306874
lcl|CH236927.1_cds_EAA58128.1_113 [protein=hypothetical protein] [protein_id=EAA58128.1] [location=join(319845..320055,320111..320733)] [gbkey=CDS]	56.712087365811364	0.7893696510280367	0.39114391143911437	0.5108695652173914	0.4944649446494465	0.23127314325377857
lcl|CH236927.1_cds_EAA58129.1_114 [protein=hypothetical protein] [protein_id=EAA58129.1] [location=complement(join(320916..321998,322048..323063,323121..323171,323223..323244))] [gbkey=CDS]	56.58370005010196	0.8182406394733162	0.3942857142857143	0.4856879039704525	0.5214285714285715	0.22188881294792054
lcl|CH236927.1_cds_EAA58130.1_115 [protein=hypothetical protein] [protein_id=EAA58130.1] [location=complement(join(323850..324164,324217..324702,324766..325824,325880..325921))] [gbkey=CDS]	53.41263521242282	0.8427725142710153	0.47603305785123967	0.4899789029535865	0.543801652892562	0.22537926203142147
lcl|CH236927.1_cds_EAA58131.1_116 [protein=hypothetical protein] [protein_id=EAA58131.1] [location=join(326217..326497,326563..326648,326706..326870,326918..326994,327059..327634)] [gbkey=CDS]	54.67162091460002	0.8303060979982878	0.4609375	0.5301102629346904	0.546875	0.22864787089898206
lcl|CH236927.1_cds_EAA58132.1_117 [protein=hypothetical protein] [protein_id=EAA58132.1] [location=complement(join(327773..327812,327887..328605,328662..329129,329197..329330,329391..329398,329477..329544,329958..330004,330132..330174))] [gbkey=CDS]	57.70214248593045	0.8068576119906281	0.36065573770491804	0.4970414201183432	0.4364754098360656	0.23460593044227201
lcl|CH236927.1_cds_EAA58133.1_118 [protein=hypothetical protein] [protein_id=EAA58133.1] [location=complement(join(330782..331518,331573..331729,331796..331954))] [gbkey=CDS]	54.85455438300852	0.8344981844565672	0.40869565217391307	0.5224450811843362	0.4985507246376812	0.22403633444574833
lcl|CH236927.1_cds_EAA58134.1_119 [protein=hypothetical protein] [protein_id=EAA58134.1] [location=join(334070..334409,334463..334850,335266..335357,335441..336627)] [gbkey=CDS]	56.83940366345965	0.824596780129468	0.42	0.5412293853073463	0.5061538461538462	0.22444574405912535
lcl|CH236927.1_cds_EAA58135.1_120 [protein=hypothetical protein] [protein_id=EAA58135.1] [location=join(336926..337166,337242..337721,337770..337927,337981..338026,338079..338457,338530..338643,338845..339427,339483..339731)] [gbkey=CDS]	56.53997515518394	0.8393870645788445	0.4700139470013947	0.5236185383244206	0.5411436541143654	0.22393508388357267
lcl|CH236927.1_cds_EAA58136.1_121 [protein=hypothetical protein] [protein_id=EAA58136.1] [location=complement(join(340172..340547,340608..340645))] [gbkey=CDS]	55.21057074478557	0.833784608064179	0.4263565891472868	0.5588235294117647	0.5193798449612403	0.22303922224345027
lcl|CH236927.1_cds_EAA58137.1_122 [protein=hypothetical protein] [protein_id=EAA58137.1] [location=join(341100..341198,341430..342253,342310..343013,343111..343886)] [gbkey=CDS]	56.86377023734912	0.8274416976159772	0.4072632944228275	0.5073007926574885	0.4889753566796368	0.2288898355671358
lcl|CH236927.1_cds_EAA58138.1_123 [protein=hypothetical protein] [protein_id=EAA58138.1] [location=complement(344531..346393)] [gbkey=CDS]	57.524298462951336	0.8221730632986175	0.43261231281198004	0.5293484114162628	0.49584026622296173	0.22716957619558348
lcl|CH236927.1_cds_EAA58139.1_124 [protein=hypothetical protein] [protein_id=EAA58139.1] [location=join(347591..347644,347709..347898,347960..348312,348435..348437,348730..348818,348944..348971)] [gbkey=CDS]	53.371364178987925	0.81758061801438	0.4801762114537445	0.5232067510548524	0.5726872246696035	0.2286168239982859
lcl|CH236927.1_cds_EAA58140.1_125 [protein=hypothetical protein] [protein_id=EAA58140.1] [location=join(350486..352450,352596..352612,352658..352827,352873..353002,353051..353855)] [gbkey=CDS]	56.61504333855876	0.8294513682436662	0.3987792472024415	0.5086011035378124	0.4842319430315361	0.22535893618811495
lcl|CH236927.1_cds_EAA58141.1_126 [protein=hypothetical protein] [protein_id=EAA58141.1] [location=join(354146..354207,354308..355214)] [gbkey=CDS]	54.24701619428095	0.8496971606936505	0.4983922829581994	0.5337487019730011	0.594855305466238	0.2349670213806829
lcl|CH236927.1_cds_EAA58142.1_127 [protein=hypothetical protein] [protein_id=EAA58142.1] [location=join(355605..356246,356417..356450,356844..356902)] [gbkey=CDS]	53.22153787682787	0.8391547598514173	0.4978902953586498	0.5912208504801097	0.5864978902953587	0.24128024442542742
lcl|CH236927.1_cds_EAA58143.1_128 [protein=hypothetical protein] [protein_id=EAA58143.1] [location=join(357461..359291,359339..361305)] [gbkey=CDS]	56.92030832511282	0.8157447767108469	0.38743882544861336	0.507120253164557	0.5057096247960848	0.2277731414331719
lcl|CH236927.1_cds_EAA58144.1_129 [protein=hypothetical protein] [protein_id=EAA58144.1] [location=join(361916..367088,367140..367680,367754..367883)] [gbkey=CDS]	58.0602841003819	0.8337056883098046	0.3633980073413739	0.5436793422404933	0.47089669638175147	0.22266355244895655
lcl|CH236927.1_cds_EAA58145.1_130 [protein=hypothetical protein] [protein_id=EAA58145.1] [location=complement(join(368164..368190,368238..368314,368399..369275,369351..369469,369576..369618))] [gbkey=CDS]	55.76015760874027	0.8045449608970194	0.40384615384615385	0.5364995602462621	0.5082417582417582	0.22718565649785064
lcl|CH236927.1_cds_EAA58146.1_131 [protein=hypothetical protein] [protein_id=EAA58146.1] [location=371378..374860] [gbkey=CDS]	58.298824748116544	0.825578008507064	0.3968253968253968	0.5389703767615761	0.4964726631393298	0.23219880781240948
lcl|CH236927.1_cds_EAA58147.1_132 [protein=hypothetical protein] [protein_id=EAA58147.1] [location=complement(join(375579..375967,376007..376325,376387..376649,376700..378068,378124..378279))] [gbkey=CDS]	55.69664539402005	0.841507718930997	0.489873417721519	0.5301204819277109	0.5873417721518988	0.22742357225747842
lcl|CH236927.1_cds_EAA58148.1_133 [protein=hypothetical protein] [protein_id=EAA58148.1] [location=join(379103..379189,379234..379284,379446..379646,379794..380100,380531..380808,380897..381389,381457..381826,381885..381946,382015..382140,382177..382229)] [gbkey=CDS]	57.332890525251656	0.8258446807006598	0.44290123456790126	0.4990108803165183	0.5462962962962963	0.2207165879601649
lcl|CH236927.1_cds_EAA58149.1_134 [protein=hypothetical protein] [protein_id=EAA58149.1] [location=complement(join(385060..386193,386253..386285))] [gbkey=CDS]	56.373290437120765	0.828589764816451	0.4602739726027397	0.5400516795865633	0.5315068493150685	0.21933475677691305
lcl|CH236927.1_cds_EAA58150.1_135 [protein=hypothetical protein] [protein_id=EAA58150.1] [location=complement(join(386540..387193,387264..387491,387558..387827))] [gbkey=CDS]	50.67399120647676	0.8708681078350126	0.5231607629427792	0.5732984293193717	0.6893732970027248	0.23035886128293584
lcl|CH236927.1_cds_EAA58151.1_136 [protein=hypothetical protein] [protein_id=EAA58151.1] [location=join(388561..388862,388926..389110,389150..389838)] [gbkey=CDS]	54.30260633852959	0.8395298406152796	0.4304812834224599	0.541025641025641	0.6149732620320856	0.22820871143530289
lcl|CH236927.1_cds_EAA58152.1_137 [protein=hypothetical protein] [protein_id=EAA58152.1] [location=join(391271..392695,392743..393048)] [gbkey=CDS]	55.550633744338064	0.838054690225676	0.48028673835125446	0.5484057971014493	0.6039426523297491	0.22841299062574816
lcl|CH236927.1_cds_EAA58153.1_138 [protein=hypothetical protein] [protein_id=EAA58153.1] [location=complement(join(393704..393726,393818..393834,393950..394613,394832..394867,394952..396346,396485..396676,396720..396807))] [gbkey=CDS]	56.460845742704535	0.8316634499867016	0.4622279129321383	0.5363221253632212	0.5697823303457106	0.22874244640723804
lcl|CH236927.1_cds_EAA58154.1_139 [protein=hypothetical protein] [protein_id=EAA58154.1] [location=complement(399665..402811)] [gbkey=CDS]	57.335884119337464	0.843588170891108	0.44598612487611494	0.5517351162050302	0.5698711595639246	0.22895520644028255
lcl|CH236927.1_cds_EAA58155.1_140 [protein=hypothetical protein] [protein_id=EAA58155.1] [location=complement(join(404410..404632,404739..404884,405056..405382,405428..405589))] [gbkey=CDS]	56.22006868787917	0.7956491128684311	0.44485294117647056	0.5070422535211268	0.5330882352941176	0.22705713147318823
lcl|CH236927.1_cds_EAA58156.1_141 [protein=hypothetical protein] [protein_id=EAA58156.1] [location=complement(join(406119..407554,407643..407895,407956..408177))] [gbkey=CDS]	56.66455950599483	0.831096142925993	0.4573268921095008	0.5175853018372704	0.5394524959742351	0.23129052297198902
lcl|CH236927.1_cds_EAA58157.1_142 [protein=hypothetical protein] [protein_id=EAA58157.1] [location=join(408441..408728,408791..409354,409405..409620)] [gbkey=CDS]	52.4465343312223	0.8533824204438742	0.48955223880597015	0.5451977401129944	0.6179104477611941	0.230099455476346
lcl|CH236927.1_cds_EAA58158.1_143 [protein=hypothetical protein] [protein_id=EAA58158.1] [location=join(410596..410612,410854..411031,411101..411238,411334..411597,411708..411767)] [gbkey=CDS]	48.71767537643036	0.8926055709291068	0.6066350710900474	0.5852534562211982	0.6966824644549763	0.2422523489233445
lcl|CH236927.1_cds_EAA58159.1_144 [protein=hypothetical protein] [protein_id=EAA58159.1] [location=join(412440..412670,412758..412816,412878..413199)] [gbkey=CDS]	39.5539939024807	0.9305470713152207	0.7989949748743719	0.6138613861386139	0.7788944723618091	0.2447182632974088
lcl|CH236927.1_cds_EAA58160.1_145 [protein=hypothetical protein] [protein_id=EAA58160.1] [location=join(413617..413625,413704..414099,414162..414248,414306..414335)] [gbkey=CDS]	40.82623293496346	0.9397506911451039	0.7485029940119761	0.6007751937984496	0.7724550898203593	0.24837086080120258
lcl|CH236927.1_cds_EAA58161.1_146 [protein=hypothetical protein] [protein_id=EAA58161.1] [location=join(415239..415299,415470..415553,415666..415727)] [gbkey=CDS]	47.986076391703946	0.8778805095975778	0.7272727272727273	0.6069651741293532	0.6666666666666666	0.2714371354908398
lcl|CH236927.1_cds_EAA58162.1_147 [protein=hypothetical protein] [protein_id=EAA58162.1] [location=complement(join(416835..417029,417098..417118))] [gbkey=CDS]	47.860250360690436	0.8954645689710663	0.5882352941176471	0.5476190476190477	0.6470588235294118	0.23974079929999242
lcl|CH236927.1_cds_EAA58163.1_148 [protein=predicted protein] [protein_id=EAA58163.1] [location=join(417961..418579,418697..419394)] [gbkey=CDS]	56.35633457492999	0.8350607395554058	0.4611764705882353	0.5316552250190694	0.56	0.22898527829699736
lcl|CH236927.1_cds_EAA58164.1_149 [protein=LAC1_EMENI Laccase precursor (Benzenediol:oxygen oxidoreductase) (Urishiol oxidase) (Laccase I)] [protein_id=EAA58164.1] [location=join(419743..419937,419992..420047,420119..420289,420365..420535,420589..420714,420780..421890)] [gbkey=CDS]	55.50270578711145	0.8400550172859846	0.4482758620689655	0.524671052631579	0.5551724137931034	0.21770596617981194
lcl|CH236927.1_cds_EAA58165.1_150 [protein=hypothetical protein] [protein_id=EAA58165.1] [location=complement(join(422066..423533,423590..423771,423848..424126))] [gbkey=CDS]	55.95799794979284	0.8325890246951116	0.4782608695652174	0.5423816952678107	0.5877616747181964	0.22615902371365804
lcl|CH236927.1_cds_EAA58166.1_151 [protein=hypothetical protein] [protein_id=EAA58166.1] [location=complement(join(424441..425972,426239..426738,426794..427481,427532..427984,428058..428142))] [gbkey=CDS]	55.07217872522349	0.8482674159793936	0.5033112582781457	0.5316728167281672	0.5666982024597919	0.23293022061993227
lcl|CH236927.1_cds_EAA58167.1_152 [protein=hypothetical protein] [protein_id=EAA58167.1] [location=join(429354..430771,430826..431255)] [gbkey=CDS]	57.2349304917359	0.8242043672633454	0.43166666666666664	0.5179153094462541	0.5216666666666666	0.22511603365875532
lcl|CH236927.1_cds_EAA58168.1_153 [protein=hypothetical protein] [protein_id=EAA58168.1] [location=join(431931..432212,432284..433061,433114..433298,433351..433781,433987..434038,434116..434175)] [gbkey=CDS]	43.267949367340236	0.9042951484791656	0.6603119584055459	0.5650953984287318	0.6793760831889082	0.24130506423006756
lcl|CH236927.1_cds_EAA58169.1_154 [protein=hypothetical protein] [protein_id=EAA58169.1] [location=complement(join(434549..434772,434847..434980,435041..435849,435909..436001))] [gbkey=CDS]	54.76588004188858	0.8312431631188237	0.4730392156862745	0.5526315789473685	0.5882352941176471	0.22565840925788908
lcl|CH236927.1_cds_EAA58170.1_155 [protein=hypothetical protein] [protein_id=EAA58170.1] [location=join(437506..437695,437742..437877,437976..438073,438166..438303,438737..438771,438979..439164)] [gbkey=CDS]	53.95389519688445	0.8082000680000438	0.35080645161290325	0.5083655083655083	0.47580645161290325	0.21710305959379994
lcl|CH236927.1_cds_EAA58171.1_156 [protein=hypothetical protein] [protein_id=EAA58171.1] [location=join(442948..443178,443242..443507,443555..445622,445675..446310)] [gbkey=CDS]	53.77132177920618	0.8469721429519513	0.490547263681592	0.5245696400625978	0.5383084577114428	0.2300712966752613
lcl|CH236927.1_cds_EAA58172.1_157 [protein=hypothetical protein] [protein_id=EAA58172.1] [location=complement(join(447213..448184,448282..448491))] [gbkey=CDS]	50.195688948715954	0.8753445594739871	0.5748663101604278	0.5671768707482994	0.6363636363636364	0.23522391448454658
lcl|CH236927.1_cds_EAA58173.1_158 [protein=hypothetical protein] [protein_id=EAA58173.1] [location=complement(join(449405..449577,449653..450227,450280..451613,451667..451760,451811..451998))] [gbkey=CDS]	54.276078184374214	0.8470473582003817	0.5052631578947369	0.5572519083969466	0.6157894736842106	0.22626854568282453
lcl|CH236927.1_cds_EAA58174.1_159 [protein=hypothetical protein] [protein_id=EAA58174.1] [location=join(452707..453475,453525..453685)] [gbkey=CDS]	56.71432737942113	0.8045117763885639	0.4098360655737705	0.5303030303030303	0.5147540983606558	0.2341115649546782
lcl|CH236927.1_cds_EAA58175.1_160 [protein=predicted protein] [protein_id=EAA58175.1] [location=complement(454200..455132)] [gbkey=CDS]	56.03622878049357	0.8350013582664018	0.43666666666666665	0.5070118662351673	0.5166666666666667	0.22378746509929692
lcl|CH236927.1_cds_EAA58176.1_161 [protein=hypothetical protein] [protein_id=EAA58176.1] [location=join(455470..456307,456354..456838)] [gbkey=CDS]	54.6511948830524	0.835880439697755	0.43427230046948356	0.5398633257403189	0.5539906103286385	0.22359840009761875
lcl|CH236927.1_cds_EAA58177.1_162 [protein=hypothetical protein] [protein_id=EAA58177.1] [location=complement(join(460497..461117,461321..461437,461582..461767))] [gbkey=CDS]	53.72064175448905	0.81232967646252	0.37583892617449666	0.5435729847494554	0.5302013422818792	0.22104525226720784
lcl|CH236927.1_cds_EAA58178.1_163 [protein=hypothetical protein] [protein_id=EAA58178.1] [location=join(462189..462226,462342..462467,462550..462572,462622..463282,463345..464629)] [gbkey=CDS]	55.21655386563002	0.8279945511217566	0.4585152838427948	0.5613540197461213	0.6215429403202329	0.2286065810631538
lcl|CH236927.1_cds_EAA58179.1_164 [protein=hypothetical protein] [protein_id=EAA58179.1] [location=complement(join(464845..465045,465095..466228,466324..466371))] [gbkey=CDS]	45.84475601396975	0.8970314687854325	0.6599099099099099	0.6027596223674655	0.7364864864864865	0.2378619069257011
lcl|CH236927.1_cds_EAA58180.1_165 [protein=hypothetical protein] [protein_id=EAA58180.1] [location=join(467470..469499,469556..470122,470182..470914)] [gbkey=CDS]	46.73878418850713	0.8799232597875709	0.6007428040854225	0.5568592057761733	0.6443825441039925	0.24279988947946496
lcl|CH236927.1_cds_EAA58181.1_166 [protein=hypothetical protein] [protein_id=EAA58181.1] [location=join(471478..471951,471999..472153,472195..474637)] [gbkey=CDS]	54.23272633747274	0.8496715480941232	0.5230296827021494	0.5574037834311807	0.5844421699078812	0.23235586433259756
lcl|CH236927.1_cds_EAA58182.1_167 [protein=MASY_EMENI Malate synthase, glyoxysomal] [protein_id=EAA58182.1] [location=complement(join(474950..475228,475283..475636,475685..475885,475932..476349,476437..476771))] [gbkey=CDS]	42.55727850185778	0.9011988972025211	0.6944444444444444	0.5724225173940544	0.6964285714285714	0.2458952122589316
lcl|CH236927.1_cds_EAA58183.1_168 [protein=hypothetical protein] [protein_id=EAA58183.1] [location=complement(join(477834..477864,477915..478604,478652..478704,478753..478991,479046..479469))] [gbkey=CDS]	52.46494340412491	0.8457334458535706	0.47921225382932164	0.5632424877707897	0.649890590809628	0.22948059241058943
lcl|CH236927.1_cds_EAA58184.1_169 [protein=conserved hypothetical protein] [protein_id=EAA58184.1] [location=join(479974..480032,480100..480639,480693..480876,480927..480983)] [gbkey=CDS]	50.34659678214063	0.8706404532130072	0.5485074626865671	0.5935251798561151	0.6828358208955224	0.235999975963757
lcl|CH236927.1_cds_EAA58185.1_170 [protein=hypothetical protein] [protein_id=EAA58185.1] [location=complement(join(481094..481829,481913..482058,482121..482783))] [gbkey=CDS]	53.56109518490067	0.8737116548556034	0.5255905511811023	0.5581546458739441	0.6594488188976378	0.2246947193782412
lcl|CH236927.1_cds_EAA58186.1_171 [protein=hypothetical protein] [protein_id=EAA58186.1] [location=join(484192..484277,484330..484534)] [gbkey=CDS]	48.011418126054686	0.9014657292484055	0.6304347826086957	0.6350877192982456	0.782608695652174	0.2522964784576217
lcl|CH236927.1_cds_EAA58187.1_172 [protein=hypothetical protein] [protein_id=EAA58187.1] [location=join(485384..485499,485557..485587,485633..485770,485806..486130,486207..487207)] [gbkey=CDS]	50.980857300644615	0.8724836906442343	0.5618860510805501	0.5757009345794393	0.6836935166994106	0.22204556538246206
lcl|CH236927.1_cds_EAA58188.1_173 [protein=hypothetical protein] [protein_id=EAA58188.1] [location=complement(join(490323..490842,490898..491001,491071..491226,491279..491320))] [gbkey=CDS]	50.59164762282834	0.8757986217432855	0.5617977528089888	0.5588235294117647	0.6891385767790262	0.2286199927219536
lcl|CH236927.1_cds_EAA58189.1_174 [protein=predicted protein] [protein_id=EAA58189.1] [location=complement(493091..493585)] [gbkey=CDS]	48.687747281819746	0.892679537311409	0.639751552795031	0.6012269938650306	0.7453416149068323	0.23319928395084946
lcl|CH236927.1_cds_EAA58190.1_175 [protein=hypothetical protein] [protein_id=EAA58190.1] [location=complement(join(496615..496632,496699..496896,497180..497451,497515..497590,497853..497948))] [gbkey=CDS]	55.895193214060825	0.8190778177984143	0.463768115942029	0.5045871559633027	0.5362318840579711	0.2298518913524813
lcl|CH236927.1_cds_EAA58191.1_176 [protein=hypothetical protein] [protein_id=EAA58191.1] [location=complement(join(498519..499201,499404..499456,499812..500251,500300..501130,501304..501518,501660..501695,501877..502084,502135..504093))] [gbkey=CDS]	52.60094382342447	0.8628254613109453	0.5286219081272084	0.5700384702421363	0.6812720848056537	0.22685435366241222
lcl|CH236927.1_cds_EAA58192.1_177 [protein=hypothetical protein] [protein_id=EAA58192.1] [location=join(504739..504818,504893..505729,505759..506980)] [gbkey=CDS]	54.563601142706176	0.8484434471816776	0.5058997050147492	0.5649320206282231	0.6253687315634219	0.22521114568317555
lcl|CH236927.1_cds_EAA58193.1_178 [protein=hypothetical protein] [protein_id=EAA58193.1] [location=join(509261..509479,509536..509862,509927..510733)] [gbkey=CDS]	53.11812587263291	0.8488297434780187	0.45813953488372094	0.5842613214550854	0.6627906976744186	0.21661232047188672
lcl|CH236927.1_cds_EAA58194.1_179 [protein=predicted protein] [protein_id=EAA58194.1] [location=join(512889..512895,512955..513077,513130..513256,513379..513445)] [gbkey=CDS]	51.42447162586032	0.8096903602899422	0.4563106796116505	0.4748427672955975	0.5145631067961165	0.23361031256830042
lcl|CH236927.1_cds_EAA58195.1_180 [protein=predicted protein] [protein_id=EAA58195.1] [location=complement(514327..515088)] [gbkey=CDS]	51.76758115414267	0.849854656688241	0.5	0.503968253968254	0.575	0.22553180243823512
lcl|CH236927.1_cds_EAA58196.1_181 [protein=predicted protein] [protein_id=EAA58196.1] [location=complement(join(515579..517518,517609..517699))] [gbkey=CDS]	54.906549094318365	0.8440085741842375	0.4876923076923077	0.5807407407407408	0.6261538461538462	0.23028452113177947
lcl|CH236927.1_cds_EAA58197.1_182 [protein=hypothetical protein] [protein_id=EAA58197.1] [location=complement(join(518157..518793,518888..519099,519155..519225,519298..519331))] [gbkey=CDS]	54.654130291426526	0.8340703299054919	0.46405228758169936	0.5295358649789029	0.5915032679738562	0.2236423701360871
lcl|CH236927.1_cds_EAA58198.1_183 [protein=hypothetical protein] [protein_id=EAA58198.1] [location=complement(join(519978..520613,520663..520714,520765..521513,521599..521766))] [gbkey=CDS]	42.761638755062215	0.8916656426941959	0.6858846918489065	0.5528455284552846	0.6938369781312127	0.23844576184003416
lcl|CH236927.1_cds_EAA58199.1_184 [protein=hypothetical protein] [protein_id=EAA58199.1] [location=complement(join(528061..528219,528261..528602,528644..528853,528943..529269))] [gbkey=CDS]	48.69243439416805	0.8714645114537414	0.5602409638554217	0.5843023255813954	0.7018072289156626	0.22947821624064213
lcl|CH236927.1_cds_EAA58200.1_185 [protein=predicted protein] [protein_id=EAA58200.1] [location=join(530559..530846,531040..531186)] [gbkey=CDS]	50.26948317634833	0.8781987908202368	0.6071428571428571	0.5664335664335665	0.6857142857142857	0.228009077913582
lcl|CH236927.1_cds_EAA57615.1_186 [protein=predicted protein] [protein_id=EAA57615.1] [location=complement(join(534899..535206,535283..535403))] [gbkey=CDS]	50.75791224325985	0.8633977447000031	0.5611510791366906	0.5839243498817966	0.6906474820143885	0.21746512317776565
lcl|CH236927.1_cds_EAA57616.1_187 [protein=hypothetical protein] [protein_id=EAA57616.1] [location=join(539133..539629,539697..539929,539982..541650,541796..541892)] [gbkey=CDS]	55.31018994741493	0.8347750517311694	0.4629861982434128	0.5538152610441767	0.6022584692597239	0.22332885966362107
lcl|CH236927.1_cds_EAA57617.1_188 [protein=predicted protein] [protein_id=EAA57617.1] [location=complement(join(542633..542724,542784..542858,542991..543214,543281..543303))] [gbkey=CDS]	53.77020387853307	0.8195273647190076	0.4351145038167939	0.5931372549019608	0.5572519083969466	0.2460636257001935
lcl|CH236927.1_cds_EAA57618.1_189 [protein=hypothetical protein] [protein_id=EAA57618.1] [location=join(543780..546265,546313..547348)] [gbkey=CDS]	57.42137405347171	0.8285850747504945	0.4105726872246696	0.5341296928327645	0.5048458149779735	0.22746167986220298
lcl|CH236927.1_cds_EAA57619.1_190 [protein=hypothetical protein] [protein_id=EAA57619.1] [location=join(547972..548011,548075..548174,548241..548587,548638..549074)] [gbkey=CDS]	49.336528257467236	0.8510259509261887	0.636963696369637	0.6023965141612201	0.5214521452145214	0.2755073951535732
lcl|CH236927.1_cds_EAA57620.1_191 [protein=hypothetical protein] [protein_id=EAA57620.1] [location=complement(join(550310..550477,550629..550654,550761..550807,550886..551232,551391..551408))] [gbkey=CDS]	53.10686980004532	0.8467343855272672	0.43523316062176165	0.535	0.5699481865284974	0.2170477893020628
lcl|CH236927.1_cds_EAA57621.1_192 [protein=hypothetical protein] [protein_id=EAA57621.1] [location=join(551850..552358,552427..553885,553958..554332,554553..554579)] [gbkey=CDS]	57.41258288913649	0.8264492411177808	0.468586387434555	0.5033840947546532	0.5458115183246073	0.2273951988191576
lcl|CH236927.1_cds_EAA57622.1_193 [protein=hypothetical protein] [protein_id=EAA57622.1] [location=complement(join(554847..555121,555450..555482,555540..555741))] [gbkey=CDS]	41.7182422556866	0.8986486367697885	0.7333333333333333	0.5674603174603174	0.6787878787878788	0.2603454245398434
lcl|CH236927.1_cds_EAA57623.1_194 [protein=hypothetical protein] [protein_id=EAA57623.1] [location=join(561243..561318,561375..561458,561512..562821)] [gbkey=CDS]	53.62874496371533	0.833706493463493	0.49676025917926564	0.537568306010929	0.6241900647948164	0.22993649111626402
lcl|CH236927.1_cds_EAA57624.1_195 [protein=hypothetical protein] [protein_id=EAA57624.1] [location=complement(join(564962..565204,565256..565270,565585..565796,565845..566106,566152..566768,566817..567282,567330..567361,567414..567441))] [gbkey=CDS]	56.12693903433155	0.8536872427418714	0.46787479406919275	0.5468164794007491	0.5733113673805601	0.23400191802552325
lcl|CH236927.1_cds_EAA57625.1_196 [protein=hypothetical protein] [protein_id=EAA57625.1] [location=join(567826..567920,567965..568728,568774..569159)] [gbkey=CDS]	56.46662465861479	0.8149342899472103	0.40601503759398494	0.5092816787732042	0.531328320802005	0.21948092004699918
lcl|CH236927.1_cds_EAA57626.1_197 [protein=hypothetical protein] [protein_id=EAA57626.1] [location=complement(join(569871..569911,570229..570580,570641..571212,571293..571671,571724..571891))] [gbkey=CDS]	55.399131432423765	0.8322555846432242	0.44398340248962653	0.5146082337317397	0.5456431535269709	0.220526867124723
lcl|CH236927.1_cds_EAA57627.1_198 [protein=hypothetical protein] [protein_id=EAA57627.1] [location=complement(join(572593..573395,573449..574062,574117..574748))] [gbkey=CDS]	57.70569869290747	0.817759298726776	0.3956723338485317	0.5124816446402349	0.4992272024729521	0.22861914364239241
lcl|CH236927.1_cds_EAA57628.1_199 [protein=hypothetical protein] [protein_id=EAA57628.1] [location=complement(join(576064..576299,576350..578602,578652..579807))] [gbkey=CDS]	57.51916491514307	0.8242619681670154	0.44107744107744107	0.5056334157735641	0.5092592592592593	0.22096628182031292
lcl|CH236927.1_cds_EAA57629.1_200 [protein=hypothetical protein] [protein_id=EAA57629.1] [location=join(582102..582355,582412..583309)] [gbkey=CDS]	55.27266690579187	0.8220403475150033	0.4550408719346049	0.5218150087260035	0.49318801089918257	0.22391618073367792
lcl|CH236927.1_cds_EAA57630.1_201 [protein=hypothetical protein] [protein_id=EAA57630.1] [location=join(583744..583763,583798..584020,584078..584598,584651..584890,584940..585071,585120..585353,585412..585484,585545..585843,586084..586111)] [gbkey=CDS]	54.11584100580217	0.8462571529457313	0.5219683655536028	0.5153061224489796	0.5729349736379613	0.22877137012053342
lcl|CH236927.1_cds_EAA57631.1_202 [protein=hypothetical protein] [protein_id=EAA57631.1] [location=join(588714..588828,588886..589352,589412..590047)] [gbkey=CDS]	48.90907758624219	0.8643075340417462	0.5820512820512821	0.5148514851485149	0.6153846153846154	0.24806834425330893
lcl|CH236927.1_cds_EAA57632.1_203 [protein=hypothetical protein] [protein_id=EAA57632.1] [location=join(591204..591271,591330..591347,591529..591752,591813..592345)] [gbkey=CDS]	51.23975050695421	0.8560196153585825	0.5311355311355311	0.5603345280764636	0.608058608058608	0.2333693309295483
lcl|CH236927.1_cds_EAA57633.1_204 [protein=hypothetical protein] [protein_id=EAA57633.1] [location=join(593544..593565,593599..593838,593896..594611)] [gbkey=CDS]	55.941938920835135	0.8141517877716833	0.3885350318471338	0.5257201646090535	0.5159235668789809	0.22426294797557633
lcl|CH236927.1_cds_EAA58509.1_205 [protein=hypothetical protein] [protein_id=EAA58509.1] [location=join(595012..595086,595162..595338,595517..595635,595701..595797,595846..596047,596192..596338,596380..596594,596650..596830,596984..597064,597264..597341,597392..597590,597662..597783,597833..597886,597993..598018)] [gbkey=CDS]	51.244089885198576	0.775833902913478	0.29391304347826086	0.39558573853989815	0.3217391304347826	0.21829013392225824
lcl|CH236927.1_cds_EAA58510.1_206 [protein=predicted protein] [protein_id=EAA58510.1] [location=complement(join(598290..598454,598506..598669,598714..598828,599026..599112))] [gbkey=CDS]	55.473751474070795	0.8334069673712079	0.46511627906976744	0.4685714285714286	0.5116279069767442	0.23095491964967121
lcl|CH236927.1_cds_EAA58511.1_207 [protein=hypothetical protein] [protein_id=EAA58511.1] [location=complement(599942..600163)] [gbkey=CDS]	46.300474151616456	0.9471660029767996	0.7391304347826086	0.5462962962962963	0.782608695652174	0.23377901143534857
lcl|CH236927.1_cds_EAA58512.1_208 [protein=hypothetical protein] [protein_id=EAA58512.1] [location=join(602032..604574,604627..604986,605221..605289,605470..605756,605826..606192,606263..606542)] [gbkey=CDS]	56.34459142340656	0.8384821059819404	0.47322834645669293	0.5474358974358975	0.5692913385826772	0.23307489890099364
lcl|CH236927.1_cds_EAA58513.1_209 [protein=hypothetical protein] [protein_id=EAA58513.1] [location=complement(join(607763..607863,607941..608406,608451..608720,608768..608925,608973..611345,611522..611590,612515..612553,612754..612790))] [gbkey=CDS]	55.57479244764481	0.8409273883282977	0.45342706502636204	0.5106928999144568	0.5562390158172232	0.23174884104423055
lcl|CH236927.1_cds_EAA58514.1_210 [protein=hypothetical protein] [protein_id=EAA58514.1] [location=complement(join(613742..613768,613816..615321))] [gbkey=CDS]	55.76502156007868	0.8576816824348341	0.4381338742393509	0.5389652914210871	0.5436105476673428	0.23526360711321256
lcl|CH236927.1_cds_EAA58515.1_211 [protein=hypothetical protein] [protein_id=EAA58515.1] [location=complement(join(616920..616961,617016..617392,617447..618260))] [gbkey=CDS]	42.473983651140834	0.9029688903118968	0.6608040201005025	0.5704971475142624	0.6633165829145728	0.2328119258424299
lcl|CH236927.1_cds_EAA58516.1_212 [protein=hypothetical protein] [protein_id=EAA58516.1] [location=join(621843..621911,621970..623109)] [gbkey=CDS]	50.92073055981765	0.8587257836808031	0.47848101265822784	0.5336658354114713	0.6683544303797468	0.2347838409461959
lcl|CH236927.1_cds_EAA58518.1_214 [protein=hypothetical protein] [protein_id=EAA58518.1] [location=complement(627985..630417)] [gbkey=CDS]	38.4627782230458	0.8998713861795372	0.7052096569250318	0.5475896168108776	0.650571791613723	0.24961884215873895
lcl|CH236927.1_cds_EAA58519.1_215 [protein=hypothetical protein] [protein_id=EAA58519.1] [location=complement(join(634186..634282,634336..634406,634455..634754,634829..634844,635057..635076))] [gbkey=CDS]	54.58451502493295	0.8373453171797568	0.48148148148148145	0.5622489959839357	0.5432098765432098	0.2316870812036575
lcl|CH236927.1_cds_EAA58520.1_216 [protein=hypothetical protein] [protein_id=EAA58520.1] [location=join(637138..637252,637295..637342,637555..637574,637640..637978,638106..638705,638761..639610,639661..641023,641069..641234,641279..641505,641554..641785)] [gbkey=CDS]	56.82863180628033	0.8356376836888266	0.43488555643251775	0.5240263024785028	0.5556432517758485	0.2282137620356343
lcl|CH236927.1_cds_EAA58521.1_217 [protein=hypothetical protein] [protein_id=EAA58521.1] [location=join(643008..643199,643255..643929,643986..644606)] [gbkey=CDS]	53.10182799529285	0.8493821765996588	0.5168776371308017	0.543859649122807	0.6118143459915611	0.22850749246132543
lcl|CH236927.1_cds_EAA58522.1_218 [protein=predicted protein] [protein_id=EAA58522.1] [location=join(645982..646376,646694..646907)] [gbkey=CDS]	54.54561317806623	0.835890645251436	0.4090909090909091	0.5008291873963516	0.46464646464646464	0.22773471357264585
lcl|CH236927.1_cds_EAA58523.1_219 [protein=hypothetical protein] [protein_id=EAA58523.1] [location=join(647427..647520,647674..648161,648214..649677)] [gbkey=CDS]	53.7305747314254	0.8592808114643219	0.4894894894894895	0.5426470588235294	0.5525525525525525	0.22310728628029908
lcl|CH236927.1_cds_EAA58524.1_220 [protein=hypothetical protein] [protein_id=EAA58524.1] [location=complement(650288..652372)] [gbkey=CDS]	55.71395904416096	0.8330663787642841	0.3929098966026588	0.5021645021645021	0.48301329394387	0.2247603354849099
lcl|CH236927.1_cds_EAA58525.1_221 [protein=hypothetical protein] [protein_id=EAA58525.1] [location=join(652629..652683,652767..652912,652967..654697)] [gbkey=CDS]	56.27225878705531	0.8092906528362489	0.3939393939393939	0.5005192107995846	0.5103668261562998	0.22920373601689734
lcl|CH236927.1_cds_EAA58526.1_222 [protein=hypothetical protein] [protein_id=EAA58526.1] [location=complement(join(655112..656194,656253..656476,656540..656589,656669..656778))] [gbkey=CDS]	44.454899118296865	0.8791289734285673	0.5326315789473685	0.5448323066392882	0.5515789473684211	0.23699395016391706
lcl|CH236927.1_cds_EAA58527.1_223 [protein=hypothetical protein] [protein_id=EAA58527.1] [location=join(657138..658886,658933..659117,659170..661469,661520..661889,661942..662997,663061..663400)] [gbkey=CDS]	58.104541557896184	0.8293927602444018	0.4491701244813278	0.4954954954954955	0.5191908713692946	0.22583306532081165
lcl|CH236927.1_cds_EAA58528.1_224 [protein=hypothetical protein] [protein_id=EAA58528.1] [location=complement(join(663660..663810,663861..664180))] [gbkey=CDS]	55.7682736914899	0.8148565272991013	0.3931034482758621	0.5118279569892473	0.496551724137931	0.2298086708728734
lcl|CH236927.1_cds_EAA58529.1_225 [protein=hypothetical protein] [protein_id=EAA58529.1] [location=join(664772..665030,665249..665286,665370..666418,666521..666546,666610..666626)] [gbkey=CDS]	56.80597315711809	0.8283945558817715	0.43555555555555553	0.5191612436731743	0.5355555555555556	0.219515093116682
lcl|CH236927.1_cds_EAA58530.1_226 [protein=hypothetical protein] [protein_id=EAA58530.1] [location=complement(join(673549..673566,673766..674314,674367..674827,674875..675135,675189..675853,675979..676016,676065..676456,676504..676552))] [gbkey=CDS]	53.94483415767325	0.8445176081700264	0.4878048780487805	0.4964977338277709	0.5571245186136072	0.2258848688220846
lcl|CH236927.1_cds_EAA58531.1_227 [protein=hypothetical protein] [protein_id=EAA58531.1] [location=join(677818..677895,677951..678214,678275..678727)] [gbkey=CDS]	54.685432068191155	0.8328571810048121	0.4578313253012048	0.523447401774398	0.5622489959839357	0.22617884910184127
lcl|CH236927.1_cds_EAA58532.1_228 [protein=hypothetical protein] [protein_id=EAA58532.1] [location=complement(join(678926..681940,682292..682305,682403..682487))] [gbkey=CDS]	56.946717203164596	0.8374681645114673	0.45337301587301587	0.5405405405405406	0.5565476190476191	0.2280029661792119
lcl|CH236927.1_cds_EAA58533.1_229 [protein=hypothetical protein] [protein_id=EAA58533.1] [location=complement(join(683337..684022,684072..685746,685820..686125))] [gbkey=CDS]	57.58100269156122	0.8202071445606991	0.39482961222091656	0.5031942878617062	0.47591069330199764	0.2206509309552375
lcl|CH236927.1_cds_EAA58534.1_230 [protein=hypothetical protein] [protein_id=EAA58534.1] [location=686726..687850] [gbkey=CDS]	57.026311721279825	0.8286244664222066	0.4157303370786517	0.5201072386058981	0.5224719101123596	0.22895053316689412
lcl|CH236927.1_cds_EAA58535.1_231 [protein=hypothetical protein] [protein_id=EAA58535.1] [location=join(691113..691178,691276..691393,691457..691755,691806..692399)] [gbkey=CDS]	39.450103711577924	0.915719379977154	0.7223796033994334	0.5845004668534081	0.6855524079320113	0.24077368770827545
lcl|CH236927.1_cds_EAA58536.1_232 [protein=hypothetical protein] [protein_id=EAA58536.1] [location=complement(join(693112..693270,693331..695225,695288..696251))] [gbkey=CDS]	56.99984580962837	0.8378032636493181	0.5030800821355236	0.5086321381142098	0.5718685831622177	0.2274957354196926
lcl|CH236927.1_cds_EAA58537.1_233 [protein=predicted protein] [protein_id=EAA58537.1] [location=join(698708..698875,698939..699310,699391..699594)] [gbkey=CDS]	55.240144501503224	0.845640326190055	0.4978902953586498	0.5230352303523035	0.5738396624472574	0.2326003899293178
lcl|CH236927.1_cds_EAA58538.1_234 [protein=hypothetical protein] [protein_id=EAA58538.1] [location=complement(join(700119..700856,700937..702970,703390..703420,703652..704134,704182..704290,704338..706884,707103..707155,707573..708213,708263..708849,708898..708970,709143..709169))] [gbkey=CDS]	58.37312304354203	0.8284963374683432	0.41803624104509063	0.5192018586852535	0.5356089338390223	0.22621714340945062
lcl|CH236927.1_cds_EAA58539.1_235 [protein=hypothetical protein] [protein_id=EAA58539.1] [location=710203..711828] [gbkey=CDS]	55.21627296309562	0.8377668371520444	0.475	0.5358024691358024	0.551923076923077	0.22621566345261793
lcl|CH236927.1_cds_EAA58540.1_236 [protein=hypothetical protein] [protein_id=EAA58540.1] [location=complement(join(712151..712466,712551..713018,713114..713393,713505..713576,713709..713789,714099..714148,714243..714323,714639..715291,715347..715679,715755..715780,715935..716264,716310..716739))] [gbkey=CDS]	57.53379461653241	0.8290369414908054	0.4543610547667343	0.5414258188824663	0.5862068965517241	0.22566589362568001
lcl|CH236927.1_cds_EAA58541.1_237 [protein=hypothetical protein] [protein_id=EAA58541.1] [location=join(718168..718469,718561..719275)] [gbkey=CDS]	52.40768559778017	0.8529660103541641	0.50625	0.5311572700296736	0.603125	0.22836821045369274
lcl|CH236927.1_cds_EAA58542.1_238 [protein=predicted protein] [protein_id=EAA58542.1] [location=complement(join(719802..721572,721640..722592))] [gbkey=CDS]	51.61501868434612	0.8619697220932183	0.5113122171945701	0.5312729948491538	0.5452488687782805	0.24041274517146902
lcl|CH236927.1_cds_EAA58543.1_239 [protein=hypothetical protein] [protein_id=EAA58543.1] [location=complement(join(723821..723952,724009..724803))] [gbkey=CDS]	54.7130424193194	0.8286711338689442	0.476027397260274	0.5320304017372421	0.5308219178082192	0.23152863113200328
lcl|CH236927.1_cds_EAA58544.1_240 [protein=PSA2_NEUCR Probable proteasome subunit alpha type 2] [protein_id=EAA58544.1] [location=join(725193..725236,725288..725307,725356..725406,725461..726063,726122..726240)] [gbkey=CDS]	51.448041879933314	0.8550915430422867	0.5735294117647058	0.542719614921781	0.6066176470588235	0.22305482260404622
lcl|CH236927.1_cds_EAA58545.1_241 [protein=hypothetical protein] [protein_id=EAA58545.1] [location=join(728039..728706,728744..728762)] [gbkey=CDS]	53.90445763281399	0.8075397759857224	0.419811320754717	0.4919236417033774	0.5754716981132075	0.21846957794888433
lcl|CH236927.1_cds_EAA58546.1_242 [protein=hypothetical protein] [protein_id=EAA58546.1] [location=complement(join(729173..729349,729397..730016,730063..730115,730162..730369,730417..730459))] [gbkey=CDS]	57.69217148939414	0.8069344279775243	0.37359550561797755	0.5296803652968036	0.4859550561797753	0.228421653406886
lcl|CH236927.1_cds_EAA58547.1_243 [protein=hypothetical protein] [protein_id=EAA58547.1] [location=join(730856..732185,732488..732504)] [gbkey=CDS]	57.05507670078871	0.814687969946613	0.4206896551724138	0.5085756897837435	0.5011494252873563	0.22970106580391017
lcl|CH236927.1_cds_EAA58548.1_244 [protein=UAPC_EMENI PURINE PERMEASE] [protein_id=EAA58548.1] [location=complement(join(732538..734021,734068..734326))] [gbkey=CDS]	53.35431029738503	0.8514045532737852	0.5062836624775583	0.558434081750144	0.6104129263913824	0.22324764626585375
lcl|CH236927.1_cds_EAA58549.1_245 [protein=hypothetical protein] [protein_id=EAA58549.1] [location=join(735682..735919,735972..737101)] [gbkey=CDS]	43.59346598530239	0.8941564748089293	0.7018779342723005	0.57856093979442	0.687793427230047	0.24720399224654324
lcl|CH236927.1_cds_EAA58550.1_246 [protein=conserved hypothetical protein] [protein_id=EAA58550.1] [location=complement(join(739569..739597,739650..739742,739858..740131,740505..740507))] [gbkey=CDS]	48.82480878233698	0.8897766940961706	0.6201550387596899	0.5674300254452926	0.7209302325581395	0.2383234540451224
lcl|CH236927.1_cds_EAA58551.1_247 [protein=hypothetical protein] [protein_id=EAA58551.1] [location=complement(join(740989..743780,743840..744059))] [gbkey=CDS]	56.196887781972556	0.8340205040122546	0.4293193717277487	0.5592149035262808	0.5727748691099477	0.22993936416968944
lcl|CH236927.1_cds_EAA58552.1_248 [protein=hypothetical protein] [protein_id=EAA58552.1] [location=complement(join(748323..748411,748464..748994,749043..749238,749314..749468,749516..750796,751186..751447,751540..751671))] [gbkey=CDS]	57.75174607592941	0.8213864516567019	0.4265402843601896	0.5234848484848484	0.5355450236966824	0.22700216077982116
lcl|CH236927.1_cds_EAA58553.1_249 [protein=hypothetical protein] [protein_id=EAA58553.1] [location=join(752108..752248,752300..752434)] [gbkey=CDS]	54.920796856451794	0.8288595257873272	0.47126436781609193	0.5037037037037037	0.5402298850574713	0.21833287821543634
lcl|CH236927.1_cds_EAA58554.1_250 [protein=hypothetical protein] [protein_id=EAA58554.1] [location=join(753821..753934,753987..754101,754159..754337,754384..754680)] [gbkey=CDS]	54.00700989906654	0.8447232934731868	0.4955357142857143	0.5135908440629471	0.59375	0.22202842354487473
lcl|CH236927.1_cds_EAA58555.1_251 [protein=hypothetical protein] [protein_id=EAA58555.1] [location=complement(join(754926..755331,755405..755547))] [gbkey=CDS]	51.9916602733432	0.8651846002094598	0.480225988700565	0.5359116022099447	0.5932203389830508	0.22074102000587106
lcl|CH236927.1_cds_EAA58556.1_252 [protein=hypothetical protein] [protein_id=EAA58556.1] [location=join(755966..756248,756303..758851,758946..759539,759618..760231,760443..760611,760768..760794)] [gbkey=CDS]	56.87535735385703	0.8344646917842432	0.4606413994169096	0.5295508274231678	0.5699708454810496	0.2272845120582508
lcl|CH236927.1_cds_EAA58557.1_253 [protein=hypothetical protein] [protein_id=EAA58557.1] [location=complement(join(761287..761399,761486..761820,761885..762567))] [gbkey=CDS]	52.22719356985897	0.8555071218418047	0.46703296703296704	0.5244444444444445	0.554945054945055	0.22696041355164065
lcl|CH236927.1_cds_EAA58558.1_254 [protein=predicted protein] [protein_id=EAA58558.1] [location=join(766267..766342,766543..766737,766944..767052,767121..767285,767315..767322,767398..767444)] [gbkey=CDS]	55.35502335363473	0.8130274479225015	0.4114583333333333	0.5067340067340067	0.4947916666666667	0.22572496117017454
lcl|CH236927.1_cds_EAA58559.1_255 [protein=hypothetical protein] [protein_id=EAA58559.1] [location=complement(join(767782..768473,768568..769146,769196..769226))] [gbkey=CDS]	51.6582984372501	0.839076005041709	0.4714285714285714	0.5725308641975309	0.5976190476190476	0.2233016806909379
lcl|CH236927.1_cds_EAA58560.1_256 [protein=hypothetical protein] [protein_id=EAA58560.1] [location=complement(join(772106..773049,773100..773937,773985..774059,774113..774238,774294..774404))] [gbkey=CDS]	55.75770069730472	0.8357501469945909	0.4784546805349183	0.553639846743295	0.5884101040118871	0.22711874269684482
lcl|CH236927.1_cds_EAA58561.1_257 [protein=hypothetical protein] [protein_id=EAA58561.1] [location=join(774733..775527,775578..776473,776692..776782,776921..777520)] [gbkey=CDS]	54.02392752902977	0.8515446883268957	0.4804177545691906	0.5597643097643098	0.6279373368146214	0.22593003216301702
lcl|CH236927.1_cds_EAA58562.1_258 [protein=hypothetical protein] [protein_id=EAA58562.1] [location=complement(join(777735..777815,777863..778150))] [gbkey=CDS]	53.25125456036629	0.8523951818575655	0.452991452991453	0.5757575757575758	0.6153846153846154	0.22693556545098612
lcl|CH236927.1_cds_EAA58563.1_259 [protein=hypothetical protein] [protein_id=EAA58563.1] [location=join(778529..778936,778983..779611,779685..780135)] [gbkey=CDS]	55.440241729057995	0.8382750630150826	0.4335378323108384	0.5587044534412956	0.5991820040899796	0.22556878073842393
lcl|CH236927.1_cds_EAA58564.1_260 [protein=hypothetical protein] [protein_id=EAA58564.1] [location=complement(join(780406..781170,781212..781342,781397..781400))] [gbkey=CDS]	48.76322065096861	0.87334007939749	0.5381818181818182	0.5906040268456376	0.7418181818181818	0.22729967874544804
lcl|CH236927.1_cds_EAA58565.1_261 [protein=hypothetical protein] [protein_id=EAA58565.1] [location=join(782009..782119,782157..782514,782571..783568,783639..783773,783848..783972,784026..785187)] [gbkey=CDS]	53.74726605587823	0.8526281373588002	0.48116254036598494	0.5646895594866459	0.6426264800861141	0.23229268310375673
lcl|CH236927.1_cds_EAA58566.1_262 [protein=hypothetical protein] [protein_id=EAA58566.1] [location=join(786051..786506,786577..786894)] [gbkey=CDS]	48.1330340871126	0.874725371827809	0.6062992125984252	0.6002604166666666	0.7244094488188977	0.22950997547872842
lcl|CH236927.1_cds_EAA58567.1_263 [protein=hypothetical protein] [protein_id=EAA58567.1] [location=complement(join(788780..788992,789040..789070,789176..789571,789633..789673,789888..790037))] [gbkey=CDS]	50.322531661568966	0.8609552855458872	0.5190839694656488	0.5890909090909091	0.7022900763358778	0.22940691731610496
lcl|CH236927.1_cds_EAA58568.1_264 [protein=hypothetical protein] [protein_id=EAA58568.1] [location=join(790827..790929,790994..791031,791099..792301)] [gbkey=CDS]	53.736866315447	0.8391720824271712	0.4431279620853081	0.5732436472346786	0.6232227488151659	0.2287816795663385
lcl|CH236927.1_cds_EAA58569.1_265 [protein=hypothetical protein] [protein_id=EAA58569.1] [location=complement(join(792638..793509,793587..794070,794136..794555))] [gbkey=CDS]	55.462866647188996	0.8390465350408419	0.47017543859649125	0.5508474576271186	0.6175438596491228	0.2216091971272784
lcl|CH236927.1_cds_EAA58570.1_266 [protein=hypothetical protein] [protein_id=EAA58570.1] [location=join(795782..796147,796221..796594,796641..797307,797356..798039)] [gbkey=CDS]	51.77703730928638	0.873583680071469	0.5292353823088456	0.5678657074340527	0.671664167916042	0.23321246983812088
lcl|CH236927.1_cds_EAA58571.1_267 [protein=hypothetical protein] [protein_id=EAA58571.1] [location=798803..800071] [gbkey=CDS]	46.69154480856303	0.8983564984669987	0.6330049261083743	0.6088677751385589	0.7413793103448276	0.2330395178197242
lcl|CH236927.1_cds_EAA58572.1_268 [protein=hypothetical protein] [protein_id=EAA58572.1] [location=join(802502..802624,802685..802818,802894..803284)] [gbkey=CDS]	55.67095067771276	0.8344643901269057	0.4077669902912621	0.5872274143302181	0.5825242718446602	0.22329740766058434
lcl|CH236927.1_cds_EAA58573.1_269 [protein=hypothetical protein] [protein_id=EAA58573.1] [location=complement(join(803664..805200,805276..805315,805352..805383,805416..805629,805696..805804))] [gbkey=CDS]	53.61789821997264	0.8415323095045294	0.4603960396039604	0.5877466251298027	0.6435643564356436	0.23148254853970507
lcl|CH236927.1_cds_EAA58574.1_270 [protein=hypothetical protein] [protein_id=EAA58574.1] [location=complement(807324..807857)] [gbkey=CDS]	50.78042474565341	0.8736061984660396	0.5705882352941176	0.5606060606060606	0.6823529411764706	0.22703262879812144
lcl|CH236927.1_cds_EAA58575.1_271 [protein=hypothetical protein] [protein_id=EAA58575.1] [location=complement(join(808237..808374,808426..809371,809417..809477,809530..809559,809610..809700,809759..809880,810020..810209,810333..810611))] [gbkey=CDS]	56.708881208159	0.8202231577520633	0.445578231292517	0.5218800648298217	0.5476190476190477	0.22742631552354642
lcl|CH236927.1_cds_EAA58576.1_272 [protein=hypothetical protein] [protein_id=EAA58576.1] [location=complement(join(811630..811971,812012..812079,812131..812138,812192..812338,812401..812564,812639..812667,812800..812924,812977..814649))] [gbkey=CDS]	56.954848279140656	0.8158656660914024	0.4221411192214112	0.5066666666666667	0.5145985401459854	0.22434883896786986
lcl|CH236927.1_cds_EAA58577.1_273 [protein=hypothetical protein] [protein_id=EAA58577.1] [location=join(815331..815395,815559..815999,816049..816237,816293..816437,816538..816565,816605..817053,817137..817217)] [gbkey=CDS]	57.27849346083532	0.8158957583258553	0.42376681614349776	0.5079022988505747	0.5224215246636771	0.2254143613877495
lcl|CH236927.1_cds_EAA58578.1_274 [protein=hypothetical protein] [protein_id=EAA58578.1] [location=complement(817380..818084)] [gbkey=CDS]	54.84106885974733	0.8433988962209545	0.48672566371681414	0.5264663805436338	0.5796460176991151	0.22056488699681728
lcl|CH236927.1_cds_EAA58579.1_275 [protein=hypothetical protein] [protein_id=EAA58579.1] [location=complement(join(818801..818845,818923..819893,819959..820154))] [gbkey=CDS]	52.29369343044538	0.8578212526446625	0.5182291666666666	0.5754560530679934	0.6796875	0.22491236785639296
lcl|CH236927.1_cds_EAA58580.1_276 [protein=hypothetical protein] [protein_id=EAA58580.1] [location=join(820429..820568,820624..821296,821415..821465,821534..821720,821781..821955,822217..822691)] [gbkey=CDS]	54.59337123520738	0.8492144828114794	0.49264705882352944	0.5781710914454278	0.6102941176470589	0.23032900237842419
lcl|CH236927.1_cds_EAA58581.1_277 [protein=hypothetical protein] [protein_id=EAA58581.1] [location=complement(join(824313..824447,824498..824793,825031..825422,825485..825897))] [gbkey=CDS]	56.12687286281743	0.826245869194483	0.4151898734177215	0.5504065040650407	0.5645569620253165	0.22564693007852152
lcl|CH236927.1_cds_EAA58582.1_278 [protein=hypothetical protein] [protein_id=EAA58582.1] [location=complement(join(828812..828900,828934..830338))] [gbkey=CDS]	52.52998507018957	0.8538833883725158	0.4886128364389234	0.5672043010752689	0.6542443064182195	0.2294310272868404
lcl|CH236927.1_cds_EAA58583.1_279 [protein=hypothetical protein] [protein_id=EAA58583.1] [location=complement(join(831219..831387,831448..831583,831643..831907,831967..832310,832353..832750,832850..833625))] [gbkey=CDS]	56.15271048640048	0.8258359980401622	0.42750373692077726	0.5259365994236311	0.5485799701046338	0.22205786481503018
lcl|CH236927.1_cds_EAA58584.1_280 [protein=hypothetical protein] [protein_id=EAA58584.1] [location=join(833923..834277,834337..835721)] [gbkey=CDS]	56.4404438712581	0.8037904864244041	0.3836589698046181	0.5311418685121108	0.5488454706927176	0.22483353383432036
lcl|CH236927.1_cds_EAA58585.1_281 [protein=hypothetical protein] [protein_id=EAA58585.1] [location=complement(join(835859..835970,836030..836382,836445..836714))] [gbkey=CDS]	52.19280482757316	0.8495657853885803	0.5108225108225108	0.5706447187928669	0.6666666666666666	0.2224904888453585
lcl|CH236927.1_cds_EAA58586.1_282 [protein=hypothetical protein] [protein_id=EAA58586.1] [location=join(837876..839005,839060..839702,839750..839967,840049..840200,840328..840405,840489..840520)] [gbkey=CDS]	56.42561460230349	0.819473356853544	0.4383561643835616	0.5113484646194927	0.541095890410959	0.2240767693070573
lcl|CH236927.1_cds_EAA58587.1_283 [protein=hypothetical protein] [protein_id=EAA58587.1] [location=complement(join(840883..841068,841117..841545,841595..841902,841955..842093))] [gbkey=CDS]	56.14891356006183	0.8229499337371675	0.46407185628742514	0.49242424242424243	0.5568862275449101	0.22435630265572995
lcl|CH236927.1_cds_EAA58588.1_284 [protein=hypothetical protein] [protein_id=EAA58588.1] [location=join(843814..844073,844146..844173,844226..844464,844516..844802,844845..844880,845002..845639,845707..845795,845849..846071,846126..846326)] [gbkey=CDS]	55.775068325455926	0.8204423188580119	0.4230769230769231	0.5253132832080201	0.5769230769230769	0.22719795522675537
lcl|CH236927.1_cds_EAA58589.1_285 [protein=hypothetical protein] [protein_id=EAA58589.1] [location=complement(join(846870..846885,847009..847033,847423..847875,847976..848279,848332..848447,848509..848823,848887..848971,849039..849257))] [gbkey=CDS]	54.35835134406894	0.8507824898665455	0.4651639344262295	0.5415848068107401	0.5901639344262295	0.22038120711001155
lcl|CH236927.1_cds_EAA58590.1_286 [protein=hypothetical protein] [protein_id=EAA58590.1] [location=850507..851625] [gbkey=CDS]	48.74755684041966	0.8856724299792089	0.5512465373961218	0.5858041329739443	0.7229916897506925	0.22705758993596797
lcl|CH236927.1_cds_EAA58591.1_287 [protein=hypothetical protein] [protein_id=EAA58591.1] [location=complement(852521..853867)] [gbkey=CDS]	55.70661938680632	0.8391552757760306	0.4513888888888889	0.5384041759880686	0.5486111111111112	0.22182052150314416
lcl|CH236927.1_cds_EAA58592.1_288 [protein=hypothetical protein] [protein_id=EAA58592.1] [location=complement(join(854444..855514,855791..855838))] [gbkey=CDS]	54.937576402644346	0.8200040212326722	0.4475920679886686	0.5588499550763701	0.603399433427762	0.22251595060620522
lcl|CH236927.1_cds_EAA58593.1_289 [protein=hypothetical protein] [protein_id=EAA58593.1] [location=complement(join(858904..859578,859632..859777,859833..859941))] [gbkey=CDS]	52.076180027631885	0.8352671603579446	0.4560810810810811	0.5335497835497836	0.625	0.22704202641468582
lcl|CH236927.1_cds_EAA58594.1_290 [protein=hypothetical protein] [protein_id=EAA58594.1] [location=join(861404..861966,862166..862184,862450..862452)] [gbkey=CDS]	49.14273764536052	0.8676285749842254	0.5585106382978723	0.5716753022452504	0.6648936170212766	0.23322961039013324
lcl|CH236927.1_cds_EAA58595.1_291 [protein=predicted protein] [protein_id=EAA58595.1] [location=complement(join(865295..866237,866290..866638,866712..866958))] [gbkey=CDS]	55.81856031717603	0.8378228495391695	0.47540983606557374	0.5251141552511416	0.5860655737704918	0.22758829325167587
lcl|CH236927.1_cds_EAA58596.1_292 [protein=hypothetical protein] [protein_id=EAA58596.1] [location=complement(join(869228..869351,869402..869863,869915..870132,870187..870332,870373..870514,870570..870698,870871..871086))] [gbkey=CDS]	52.42330032741376	0.8518457851921559	0.5231788079470199	0.546470999301188	0.6666666666666666	0.22477850294195167
lcl|CH236927.1_cds_EAA58597.1_293 [protein=hypothetical protein] [protein_id=EAA58597.1] [location=join(873321..873608,873682..876855,876924..878006)] [gbkey=CDS]	56.368831399425616	0.8353072826020005	0.4621160409556314	0.5415289711390174	0.5829351535836177	0.22582680114111012
lcl|CH236927.1_cds_EAA58598.1_294 [protein=hypothetical protein] [protein_id=EAA58598.1] [location=join(878871..878969,879022..879088,879143..879465)] [gbkey=CDS]	52.17739209231043	0.8492721831602944	0.46357615894039733	0.5341614906832298	0.6357615894039735	0.22172893518554318
lcl|CH236927.1_cds_EAA58599.1_295 [protein=hypothetical protein] [protein_id=EAA58599.1] [location=join(880667..880709,880887..881009,881133..881319,881382..881486,881660..881828)] [gbkey=CDS]	53.28370474445127	0.85239979825742	0.505	0.5587761674718197	0.595	0.225848513371306
lcl|CH236927.1_cds_EAA58600.1_296 [protein=hypothetical protein] [protein_id=EAA58600.1] [location=complement(join(883777..884906,884965..885250))] [gbkey=CDS]	54.75043628676615	0.8323101725793518	0.4563758389261745	0.5269503546099291	0.5950782997762863	0.21908643724710108
lcl|CH236927.1_cds_EAA58601.1_297 [protein=hypothetical protein] [protein_id=EAA58601.1] [location=join(886762..886985,887034..887553,887602..888323,888473..888497)] [gbkey=CDS]	53.35191359257225	0.8400201043903665	0.4734607218683652	0.560942760942761	0.6475583864118896	0.22139553527276878
lcl|CH236927.1_cds_EAA58602.1_298 [protein=hypothetical protein] [protein_id=EAA58602.1] [location=complement(join(889008..890138,890191..890400))] [gbkey=CDS]	52.59219512232493	0.8693504934694187	0.5409836065573771	0.5513108614232209	0.6440281030444965	0.2248114130203016
lcl|CH236927.1_cds_EAA58603.1_299 [protein=hypothetical protein] [protein_id=EAA58603.1] [location=join(892186..893056,893249..893790)] [gbkey=CDS]	50.46333607797209	0.8645555926447259	0.5088105726872246	0.605543710021322	0.7092511013215859	0.23227634247176177
lcl|CH236927.1_cds_EAA58604.1_300 [protein=hypothetical protein] [protein_id=EAA58604.1] [location=complement(join(896905..897536,897612..897664,897912..897970))] [gbkey=CDS]	51.18389399939655	0.879444504223865	0.5271966527196653	0.5867208672086721	0.5941422594142259	0.2259148617593179
lcl|CH236927.1_cds_EAA58605.1_301 [protein=hypothetical protein] [protein_id=EAA58605.1] [location=join(900679..901851,901924..901949,902001..902085,902137..902476,902617..902706,902737..902783)] [gbkey=CDS]	49.05864182607912	0.8762041744780591	0.5488454706927176	0.5743589743589743	0.7175843694493783	0.2309415519533404
lcl|CH236927.1_cds_EAA58606.1_302 [protein=hypothetical protein] [protein_id=EAA58606.1] [location=complement(join(904212..904236,904307..904319,904401..904455,904508..904627,904676..905299,905369..905864,905917..906521))] [gbkey=CDS]	56.35827299794551	0.8335805559454593	0.45806451612903226	0.5595238095238095	0.5854838709677419	0.2278223664267516
lcl|CH236927.1_cds_EAA58607.1_303 [protein=hypothetical protein] [protein_id=EAA58607.1] [location=907536..908591] [gbkey=CDS]	54.32686146115672	0.8233106437668873	0.42729970326409494	0.5685714285714286	0.5816023738872403	0.21890553890045428
lcl|CH236927.1_cds_EAA58608.1_304 [protein=hypothetical protein] [protein_id=EAA58608.1] [location=complement(join(911189..911880,911933..912198,912258..913034,913084..913178))] [gbkey=CDS]	57.01664002288592	0.8296416097777515	0.40625	0.549890350877193	0.5798611111111112	0.2258716233492709
lcl|CH236927.1_cds_EAA58609.1_305 [protein=hypothetical protein] [protein_id=EAA58609.1] [location=join(914979..915314,915366..915423,915474..915757,915834..922862)] [gbkey=CDS]	57.166134604664315	0.8291284082524839	0.4399028733306354	0.5404492922997013	0.5277215702144881	0.2296454951889281
lcl|CH236927.1_cds_EAA58610.1_306 [protein=hypothetical protein] [protein_id=EAA58610.1] [location=complement(join(923002..923063,923119..924230,924292..924341))] [gbkey=CDS]	55.76135148005431	0.837868171584171	0.4722222222222222	0.5213464696223317	0.5959595959595959	0.22356565550638283
lcl|CH236927.1_cds_EAA58611.1_307 [protein=hypothetical protein] [protein_id=EAA58611.1] [location=924939..926066] [gbkey=CDS]	54.685023728408304	0.829272119413064	0.39335180055401664	0.5570409982174688	0.5734072022160664	0.2296008140123792
lcl|CH236927.1_cds_EAA58612.1_308 [protein=predicted protein] [protein_id=EAA58612.1] [location=complement(join(930000..930097,930149..930236,930285..930373,930424..930553,930598..930663,930816..930824))] [gbkey=CDS]	51.73254903210286	0.8270300336562513	0.4810126582278481	0.4831223628691983	0.5063291139240507	0.23372792209235665
lcl|CH236927.1_cds_EAA58613.1_309 [protein=hypothetical protein] [protein_id=EAA58613.1] [location=931874..932440] [gbkey=CDS]	49.187409715409885	0.8815314346964518	0.5483870967741935	0.5525846702317291	0.7150537634408602	0.2279903739165441
lcl|CH236927.1_cds_EAA58614.1_310 [protein=hypothetical protein] [protein_id=EAA58614.1] [location=complement(join(932712..933103,933167..933444,933489..933559))] [gbkey=CDS]	52.4524542232759	0.8665753212603353	0.5063291139240507	0.5578231292517006	0.6497890295358649	0.22238287233094844
lcl|CH236927.1_cds_EAA58615.1_311 [protein=predicted protein] [protein_id=EAA58615.1] [location=join(935623..935772,935832..935992,936035..936044)] [gbkey=CDS]	51.333874831350386	0.8535904704071583	0.54	0.5746031746031746	0.68	0.2253853416275688
lcl|CH236927.1_cds_EAA58616.1_312 [protein=hypothetical protein] [protein_id=EAA58616.1] [location=complement(join(936384..936814,936870..937416,937492..937873,938053..938312))] [gbkey=CDS]	54.81100498354109	0.8451210720627323	0.4786821705426357	0.5458488228004956	0.625968992248062	0.22590095457565085
lcl|CH236927.1_cds_EAA58617.1_313 [protein=hypothetical protein] [protein_id=EAA58617.1] [location=complement(join(939140..940110,940295..940346,940382..940414,940500..940581,940777..940888,941042..941548,941616..942042))] [gbkey=CDS]	56.73587062462446	0.8254667255901497	0.43142857142857144	0.5330578512396694	0.5528571428571428	0.21617343799667824
lcl|CH236927.1_cds_EAA58618.1_314 [protein=hypothetical protein] [protein_id=EAA58618.1] [location=complement(join(942476..942562,942744..943515,943577..944391,944784..945782))] [gbkey=CDS]	56.47265815147557	0.8108823427079593	0.45654692931633833	0.5020622422197225	0.5156431054461182	0.2271407220306399
lcl|CH236927.1_cds_EAA58619.1_315 [protein=predicted protein] [protein_id=EAA58619.1] [location=join(946450..946913,946968..947217)] [gbkey=CDS]	52.802783933226515	0.8705653227127839	0.527027027027027	0.5861581920903954	0.6351351351351351	0.22527275736289065
lcl|CH236927.1_cds_EAA58201.1_316 [protein=hypothetical protein] [protein_id=EAA58201.1] [location=complement(join(952038..953059,953518..953594,953858..953978,954018..954099))] [gbkey=CDS]	57.30347523523888	0.8009485853823399	0.39568345323741005	0.47530864197530864	0.47961630695443647	0.22246080675534016
lcl|CH236927.1_cds_EAA58202.1_317 [protein=hypothetical protein] [protein_id=EAA58202.1] [location=join(955223..955853,955980..957554,957846..957956,958200..958255)] [gbkey=CDS]	54.60465657949805	0.8102394092776294	0.4187582562747688	0.4799324038867765	0.4861294583883752	0.22471290158861879
lcl|CH236927.1_cds_EAA58203.1_318 [protein=hypothetical protein] [protein_id=EAA58203.1] [location=complement(join(958830..958993,959044..959136,959200..959259,959314..959447,959508..959605,959655..959812,959878..960258,960305..960561,960621..960997,961052..961189))] [gbkey=CDS]	47.913754511342944	0.8763047513726617	0.597623089983022	0.5738942826321467	0.6859083191850595	0.2341289538895745
lcl|CH236927.1_cds_EAA58204.1_319 [protein=hypothetical protein] [protein_id=EAA58204.1] [location=complement(join(970417..970863,970921..971583,971644..972183))] [gbkey=CDS]	50.69036128633932	0.8659959454460189	0.5761078998073218	0.5620437956204379	0.697495183044316	0.22739456613497294
lcl|CH236927.1_cds_EAA58205.1_320 [protein=predicted protein] [protein_id=EAA58205.1] [location=join(973722..973777,974024..975029)] [gbkey=CDS]	52.948504538546395	0.8483662927282868	0.46449704142011833	0.5653409090909091	0.6183431952662722	0.23227100472320253
lcl|CH236927.1_cds_EAA58206.1_321 [protein=hypothetical protein] [protein_id=EAA58206.1] [location=join(976472..977933,978048..978071,978629..979411,980155..980164,980471..980519,980680..981110,981158..981347)] [gbkey=CDS]	50.36615885812382	0.880645878384567	0.5561385099685204	0.5582738702004757	0.6799580272822665	0.22825806371550608
lcl|CH236927.1_cds_EAA58207.1_322 [protein=hypothetical protein] [protein_id=EAA58207.1] [location=complement(join(982431..982577,982627..982742,982804..982966,983039..983400,983457..983649))] [gbkey=CDS]	47.271406977839476	0.8914317975491848	0.6417445482866043	0.5928205128205128	0.7320872274143302	0.22659247277614816
lcl|CH236927.1_cds_EAA58208.1_323 [protein=hypothetical protein] [protein_id=EAA58208.1] [location=complement(join(984354..984755,984857..985273,985353..985500,985553..985689))] [gbkey=CDS]	54.28302527509541	0.8465508332612094	0.4702549575070821	0.581056466302368	0.6487252124645893	0.2317845928058496
lcl|CH236927.1_cds_EAA58209.1_324 [protein=hypothetical protein] [protein_id=EAA58209.1] [location=join(986570..986839,987015..987446,987485..987859,987986..988140,988200..988465,988524..988587,988663..989061,989292..990132)] [gbkey=CDS]	52.19841061487027	0.8548913550731021	0.5229050279329609	0.5529327610872675	0.6715083798882682	0.22895250983129367
lcl|CH236927.1_cds_EAA58210.1_325 [protein=hypothetical protein] [protein_id=EAA58210.1] [location=join(991516..991955,992017..992416)] [gbkey=CDS]	49.61766104400344	0.8536631885489108	0.5458015267175572	0.5695443645083933	0.7022900763358778	0.23225114924009332
lcl|CH236927.1_cds_EAA58211.1_326 [protein=hypothetical protein] [protein_id=EAA58211.1] [location=join(993240..994159,994368..994506)] [gbkey=CDS]	54.81806058356297	0.8531642057924687	0.47941176470588237	0.560303893637227	0.6323529411764706	0.23118292056774054
lcl|CH236927.1_cds_EAA58212.1_327 [protein=hypothetical protein] [protein_id=EAA58212.1] [location=join(996650..996825,996891..996933,997072..997159,997211..997421,997564..997635,997785..997922,997984..998071)] [gbkey=CDS]	53.93110332875762	0.8347546423642314	0.48091603053435117	0.5555555555555556	0.5534351145038168	0.22832201793503035
lcl|CH236927.1_cds_EAA58213.1_328 [protein=hypothetical protein] [protein_id=EAA58213.1] [location=complement(998426..999394)] [gbkey=CDS]	53.37630891276787	0.8465709790559703	0.41118421052631576	0.5379023883696781	0.5493421052631579	0.22303578153178605
lcl|CH236927.1_cds_EAA58214.1_329 [protein=hypothetical protein] [protein_id=EAA58214.1] [location=complement(1000606..1001952)] [gbkey=CDS]	54.55235930751074	0.8471906743316434	0.5034802784222738	0.5563012677106637	0.6194895591647331	0.23260439939782054
lcl|CH236927.1_cds_EAA58215.1_330 [protein=predicted protein] [protein_id=EAA58215.1] [location=complement(join(1003600..1003941,1003987..1005426))] [gbkey=CDS]	55.16769676123344	0.8427077426638858	0.4631578947368421	0.5563063063063063	0.5789473684210527	0.2311947658463495
lcl|CH236927.1_cds_EAA58216.1_331 [protein=hypothetical protein] [protein_id=EAA58216.1] [location=join(1005683..1006501,1006550..1006792)] [gbkey=CDS]	53.700949128651075	0.834039039566456	0.4836795252225519	0.5520833333333334	0.5816023738872403	0.23174885741588985
lcl|CH236927.1_cds_EAA58217.1_332 [protein=hypothetical protein] [protein_id=EAA58217.1] [location=1007089..1007904] [gbkey=CDS]	54.25879244802528	0.8424699331128127	0.49019607843137253	0.5493827160493827	0.6235294117647059	0.23105341820091843
lcl|CH236927.1_cds_EAA58218.1_333 [protein=hypothetical protein] [protein_id=EAA58218.1] [location=join(1008323..1008656,1008710..1009158,1009214..1009321)] [gbkey=CDS]	50.929265818615804	0.8838324096372436	0.5087108013937283	0.5638418079096045	0.6480836236933798	0.22870180708200474
lcl|CH236927.1_cds_EAA58219.1_334 [protein=hypothetical protein] [protein_id=EAA58219.1] [location=join(1010416..1010497,1010597..1013456,1013515..1014211)] [gbkey=CDS]	55.58398847006239	0.8482629467627627	0.49786142001710865	0.5466556564822461	0.6236099230111206	0.22708119870528748
lcl|CH236927.1_cds_EAA58220.1_335 [protein=hypothetical protein] [protein_id=EAA58220.1] [location=join(1016700..1017238,1017289..1017792,1017899..1017906,1018093..1018133)] [gbkey=CDS]	50.205312612624795	0.8809048164502424	0.5393586005830904	0.569060773480663	0.6967930029154519	0.21806095272802373
lcl|CH236927.1_cds_EAA58221.1_336 [protein=predicted protein] [protein_id=EAA58221.1] [location=complement(join(1018234..1018777,1018843..1019093,1019419..1019559,1019658..1019777))] [gbkey=CDS]	54.61797918489626	0.8143567148522499	0.37388724035608306	0.5457142857142857	0.5489614243323442	0.22536945060002933
lcl|CH236927.1_cds_EAA58222.1_337 [protein=hypothetical protein] [protein_id=EAA58222.1] [location=complement(1020123..1021217)] [gbkey=CDS]	54.87525601323324	0.8637302964955265	0.43440233236151604	0.54178145087236	0.577259475218659	0.22065430695354685
lcl|CH236927.1_cds_EAA58223.1_338 [protein=hypothetical protein] [protein_id=EAA58223.1] [location=join(1028246..1028359,1028474..1028548,1028603..1029626,1029681..1030114)] [gbkey=CDS]	52.49528161334034	0.8554228234215512	0.4896421845574388	0.5569774527726996	0.6440677966101694	0.22933165946701395
lcl|CH236927.1_cds_EAA58224.1_339 [protein=hypothetical protein] [protein_id=EAA58224.1] [location=join(1032157..1032392,1032502..1032991)] [gbkey=CDS]	52.37836729300124	0.8197065183532799	0.45652173913043476	0.5458333333333333	0.5826086956521739	0.2251501394496775
lcl|CH236927.1_cds_EAA58225.1_340 [protein=hypothetical protein] [protein_id=EAA58225.1] [location=complement(join(1033151..1033225,1033606..1034850))] [gbkey=CDS]	57.39626101667017	0.8200581818733115	0.4219114219114219	0.5357686453576864	0.49184149184149184	0.23077119825009446
lcl|CH236927.1_cds_EAA58226.1_341 [protein=hypothetical protein] [protein_id=EAA58226.1] [location=join(1035357..1035651,1035716..1035789)] [gbkey=CDS]	55.48289580675115	0.8358229002874538	0.4369747899159664	0.5454545454545454	0.5462184873949579	0.21012941525069712
lcl|CH236927.1_cds_EAA58227.1_342 [protein=hypothetical protein] [protein_id=EAA58227.1] [location=complement(join(1036294..1037594,1037648..1039758,1039935..1040011))] [gbkey=CDS]	57.719086433747286	0.8416945816358002	0.43071491615180935	0.5400516795865633	0.5145631067961165	0.22769393142666167
lcl|CH236927.1_cds_EAA58228.1_343 [protein=hypothetical protein] [protein_id=EAA58228.1] [location=complement(join(1043586..1044336,1044390..1045094,1045139..1045815))] [gbkey=CDS]	54.347508142540065	0.8482792566222385	0.5072886297376094	0.5228020686412788	0.577259475218659	0.22892166430993083
lcl|CH236927.1_cds_EAA58229.1_344 [protein=hypothetical protein] [protein_id=EAA58229.1] [location=complement(join(1047215..1047777,1047816..1047932,1048002..1048441,1048527..1048774))] [gbkey=CDS]	56.992567807000185	0.8230925494927532	0.43648960739030024	0.5139500734214391	0.5450346420323325	0.21927290129107788
lcl|CH236927.1_cds_EAA58230.1_345 [protein=hypothetical protein] [protein_id=EAA58230.1] [location=complement(join(1050783..1050884,1050952..1051596,1051658..1052464,1052540..1052596))] [gbkey=CDS]	51.115103311201864	0.8641948320052675	0.562624254473161	0.5476635514018692	0.6481113320079522	0.22796769719748577
lcl|CH236927.1_cds_EAA58231.1_346 [protein=hypothetical protein] [protein_id=EAA58231.1] [location=complement(join(1053096..1053123,1053418..1053440,1053543..1053553,1053783..1054557,1054624..1055659,1055717..1055958))] [gbkey=CDS]	53.31087077549073	0.8562178822185867	0.48059701492537316	0.5666192508297772	0.6253731343283582	0.22292186566824435
lcl|CH236927.1_cds_EAA58232.1_347 [protein=predicted protein] [protein_id=EAA58232.1] [location=join(1061044..1061228,1061261..1061422,1061454..1061635,1061696..1061796)] [gbkey=CDS]	48.309690063424824	0.9003481662897027	0.62	0.5625	0.67	0.23152438889211677
lcl|CH236927.1_cds_EAA58233.1_348 [protein=hypothetical protein] [protein_id=EAA58233.1] [location=complement(join(1062758..1063653,1063724..1063972,1064065..1064587))] [gbkey=CDS]	53.27649337187543	0.8430560768279292	0.49521988527724664	0.5553549939831528	0.6367112810707457	0.2185409521142094
lcl|CH236927.1_cds_EAA58234.1_349 [protein=hypothetical protein] [protein_id=EAA58234.1] [location=complement(join(1066313..1067003,1067059..1067255,1067312..1069675))] [gbkey=CDS]	55.830253280805024	0.8462413826547571	0.47449470644850816	0.5569932224276032	0.6179018286814244	0.226285078637844
lcl|CH236927.1_cds_EAA58235.1_350 [protein=hypothetical protein] [protein_id=EAA58235.1] [location=complement(join(1071369..1071506,1071579..1072002,1072076..1072248))] [gbkey=CDS]	52.78053282264331	0.8267119834262173	0.4117647058823529	0.5349794238683128	0.5378151260504201	0.22614495269849189
lcl|CH236927.1_cds_EAA58236.1_351 [protein=hypothetical protein] [protein_id=EAA58236.1] [location=complement(join(1074477..1075355,1075407..1075447,1075494..1076079))] [gbkey=CDS]	56.490610608690744	0.8136738895470468	0.43478260869565216	0.5153333333333333	0.5341614906832298	0.22892644015793207
lcl|CH236927.1_cds_EAA58237.1_352 [protein=TBB2_EMENI TUBULIN BETA-2 CHAIN] [protein_id=EAA58237.1] [location=join(1077718..1077729,1077781..1077804,1077865..1077890,1077941..1077982,1078032..1078877,1078965..1079364)] [gbkey=CDS]	51.4379671568012	0.8694336407030913	0.5165876777251185	0.5372023809523809	0.6327014218009479	0.22930076466298402
lcl|CH236927.1_cds_EAA58238.1_353 [protein=predicted protein] [protein_id=EAA58238.1] [location=join(1079853..1080638,1081023..1081109)] [gbkey=CDS]	53.88681173549289	0.819088058372977	0.42857142857142855	0.5190311418685121	0.5285714285714286	0.23096344666142452
lcl|CH236927.1_cds_EAA58239.1_354 [protein=hypothetical protein] [protein_id=EAA58239.1] [location=join(1082063..1082334,1082766..1082951,1083174..1083564,1083641..1083807,1083858..1083919,1083964..1083969,1084335..1084415,1084687..1084774,1084837..1084908,1084965..1085211,1085246..1085374,1085425..1085703)] [gbkey=CDS]	55.70737471855775	0.8481434258837937	0.4385692068429238	0.5364741641337386	0.5614307931570762	0.22516078931708428
lcl|CH236927.1_cds_EAA58240.1_355 [protein=hypothetical protein] [protein_id=EAA58240.1] [location=join(1086454..1086825,1086891..1087067)] [gbkey=CDS]	50.922439493795686	0.8180557559179872	0.4069767441860465	0.5451197053406999	0.5755813953488372	0.2198506649556192
lcl|CH236927.1_cds_EAA58241.1_356 [protein=hypothetical protein] [protein_id=EAA58241.1] [location=complement(join(1087197..1087921,1087971..1088502))] [gbkey=CDS]	53.65535182474717	0.8607469508345091	0.5369458128078818	0.5379696243005595	0.6206896551724138	0.22880327204121487
lcl|CH236927.1_cds_EAA58242.1_357 [protein=hypothetical protein] [protein_id=EAA58242.1] [location=1089031..1089633] [gbkey=CDS]	51.00911281878604	0.8347438101073587	0.5282051282051282	0.541038525963149	0.5948717948717949	0.2293525721282035
lcl|CH236927.1_cds_EAA58243.1_358 [protein=hypothetical protein] [protein_id=EAA58243.1] [location=join(1090167..1090217,1090265..1090432,1090486..1091712)] [gbkey=CDS]	50.83826154399233	0.8708220001313349	0.5692640692640693	0.5666666666666667	0.6536796536796536	0.23587338488403758
lcl|CH236927.1_cds_EAA58244.1_359 [protein=hypothetical protein] [protein_id=EAA58244.1] [location=join(1091976..1092255,1092311..1092474,1092526..1092565,1092622..1092782,1092832..1093362,1093412..1093651)] [gbkey=CDS]	57.23207906270446	0.8061482106249103	0.3622222222222222	0.5184397163120568	0.5111111111111111	0.22293905987640095
lcl|CH236927.1_cds_EAA58245.1_360 [protein=hypothetical protein] [protein_id=EAA58245.1] [location=join(1093825..1093830,1093882..1095921)] [gbkey=CDS]	55.999560234412094	0.8213621791180267	0.4337899543378995	0.5411764705882353	0.5509893455098934	0.2285885116100611
lcl|CH236927.1_cds_EAA58246.1_361 [protein=hypothetical protein] [protein_id=EAA58246.1] [location=complement(join(1096000..1097689,1097750..1097933,1097966..1098131,1098185..1098199))] [gbkey=CDS]	55.680109215297676	0.8452291163191797	0.49691358024691357	0.5544167886774036	0.6157407407407407	0.22612625836132952
lcl|CH236927.1_cds_EAA58247.1_362 [protein=hypothetical protein] [protein_id=EAA58247.1] [location=join(1098567..1098732,1098803..1100328)] [gbkey=CDS]	54.20554747288567	0.8177122403039039	0.4632352941176471	0.5539739027283511	0.5606617647058824	0.223733132737952
lcl|CH236927.1_cds_EAA58248.1_363 [protein=hypothetical protein] [protein_id=EAA58248.1] [location=complement(1100704..1101612)] [gbkey=CDS]	52.5989384594378	0.8798644129124022	0.5272108843537415	0.5514950166112956	0.6122448979591837	0.23386873082553122
lcl|CH236927.1_cds_EAA58249.1_364 [protein=hypothetical protein] [protein_id=EAA58249.1] [location=complement(join(1102670..1103493,1103922..1105086))] [gbkey=CDS]	56.50509318678369	0.8144117270255488	0.4230171073094868	0.5279878971255674	0.5085536547433903	0.22410187852809818
lcl|CH236927.1_cds_EAA58250.1_365 [protein=hypothetical protein] [protein_id=EAA58250.1] [location=complement(join(1105748..1106271,1106328..1106477,1106549..1106672,1106907..1107304,1107458..1107501,1107898..1107995,1108045..1108052,1108176..1108218,1108296..1108385,1108639..1108917))] [gbkey=CDS]	56.51445679803545	0.8317051902801904	0.4630281690140845	0.5485159817351598	0.5757042253521126	0.22706198012435694
lcl|CH236927.1_cds_EAA58251.1_366 [protein=predicted protein] [protein_id=EAA58251.1] [location=complement(join(1112122..1112423,1112474..1112499,1112629..1112849))] [gbkey=CDS]	49.97924072686135	0.8779378741050887	0.5423728813559322	0.6058931860036832	0.6101694915254238	0.23762037504836234
lcl|CH236927.1_cds_EAA58252.1_367 [protein=hypothetical protein] [protein_id=EAA58252.1] [location=complement(join(1113648..1113997,1114049..1114943))] [gbkey=CDS]	54.2402811981763	0.8586400933149172	0.4900497512437811	0.5560936238902341	0.599502487562189	0.21976442059418166
lcl|CH236927.1_cds_EAA58253.1_368 [protein=hypothetical protein] [protein_id=EAA58253.1] [location=join(1115306..1115308,1115373..1115825)] [gbkey=CDS]	56.25991099378413	0.82875911663993	0.4246575342465753	0.5511111111111111	0.5821917808219178	0.22862524343481483
lcl|CH236927.1_cds_EAA58254.1_369 [protein=hypothetical protein] [protein_id=EAA58254.1] [location=complement(join(1115982..1116155,1116206..1117499,1117563..1117709,1117772..1118177,1118284..1118290,1118641..1119330))] [gbkey=CDS]	57.82507911730634	0.8252413381176439	0.4098173515981735	0.5313421828908554	0.5513698630136986	0.22748378537199343
lcl|CH236927.1_cds_EAA58255.1_370 [protein=hypothetical protein] [protein_id=EAA58255.1] [location=join(1120387..1120528,1120603..1120724,1120791..1120889)] [gbkey=CDS]	47.87206954624956	0.9131941606039391	0.6302521008403361	0.5546218487394958	0.6638655462184874	0.24218576684859114
lcl|CH236927.1_cds_EAA58256.1_371 [protein=hypothetical protein] [protein_id=EAA58256.1] [location=complement(1121100..1122572)] [gbkey=CDS]	56.73285282565175	0.8295570400702403	0.4252136752136752	0.5207907293796864	0.5363247863247863	0.23082344391119322
lcl|CH236927.1_cds_EAA58257.1_372 [protein=hypothetical protein] [protein_id=EAA58257.1] [location=join(1123652..1123721,1123958..1124864,1124895..1125810)] [gbkey=CDS]	55.30331223865862	0.8290361432473079	0.41956882255389716	0.5331213566507684	0.5472636815920398	0.22978204417261966
lcl|CH236927.1_cds_EAA58258.1_373 [protein=hypothetical protein] [protein_id=EAA58258.1] [location=1130654..1131847] [gbkey=CDS]	50.89365415401593	0.8716572328598652	0.5514511873350924	0.5808080808080808	0.6569920844327177	0.24400183077734686
lcl|CH236927.1_cds_EAA58259.1_374 [protein=hypothetical protein] [protein_id=EAA58259.1] [location=complement(join(1132310..1132362,1132436..1132450,1132574..1132604))] [gbkey=CDS]	54.379530509575844	0.7706494380870373	0.45161290322580644	0.41935483870967744	0.41935483870967744	0.2204784131283891
lcl|CH236927.1_cds_EAA58260.1_375 [protein=hypothetical protein] [protein_id=EAA58260.1] [location=join(1134795..1134972,1135047..1135585,1135802..1135855)] [gbkey=CDS]	52.381132366715626	0.8344169314515039	0.4669421487603306	0.5411764705882353	0.6033057851239669	0.22583298479015332
lcl|CH236927.1_cds_EAA58261.1_376 [protein=hypothetical protein] [protein_id=EAA58261.1] [location=1136232..1136534] [gbkey=CDS]	51.11877240713039	0.8535710824077417	0.4787234042553192	0.5252525252525253	0.5531914893617021	0.23394062289758874
lcl|CH236927.1_cds_EAA58262.1_377 [protein=hypothetical protein] [protein_id=EAA58262.1] [location=join(1137357..1137714,1137767..1139421)] [gbkey=CDS]	55.7719428908871	0.8386218925947095	0.42725880551301687	0.521175884404584	0.5237366003062787	0.22114857268865276
lcl|CH236927.1_cds_EAA58263.1_378 [protein=hypothetical protein] [protein_id=EAA58263.1] [location=join(1139824..1140450,1140500..1141492)] [gbkey=CDS]	54.86412475038583	0.8557032627180017	0.4867924528301887	0.5755885997521685	0.6094339622641509	0.22630294827463698
lcl|CH236927.1_cds_EAA58264.1_379 [protein=hypothetical protein] [protein_id=EAA58264.1] [location=join(1142033..1142347,1142410..1142967)] [gbkey=CDS]	50.4598928211124	0.8650602475406064	0.5142857142857142	0.5317185697808535	0.6535714285714286	0.2254452049942748
lcl|CH236927.1_cds_EAA58265.1_380 [protein=hypothetical protein] [protein_id=EAA58265.1] [location=complement(join(1143086..1143163,1143214..1143868,1143982..1144052))] [gbkey=CDS]	52.22766907578678	0.8526046469969598	0.4961832061068702	0.5388471177944862	0.6679389312977099	0.24018446130689336
lcl|CH236927.1_cds_EAA58266.1_381 [protein=hypothetical protein] [protein_id=EAA58266.1] [location=join(1145313..1145321,1145688..1146291,1146337..1146549,1146595..1147382,1147430..1147705)] [gbkey=CDS]	56.57543027865017	0.8350459092822395	0.4335548172757475	0.5403397027600849	0.5398671096345515	0.22562693447155302
lcl|CH236927.1_cds_EAA58267.1_382 [protein=hypothetical protein] [protein_id=EAA58267.1] [location=1148678..1150504] [gbkey=CDS]	56.07481559859743	0.8538657913931249	0.4562607204116638	0.5475013728720484	0.5917667238421955	0.2305629236850847
lcl|CH236927.1_cds_EAA58268.1_383 [protein=hypothetical protein] [protein_id=EAA58268.1] [location=complement(join(1151334..1151886,1151957..1152319,1152423..1152610,1152674..1152808))] [gbkey=CDS]	52.56364709070685	0.8599206716003208	0.527363184079602	0.5636658556366586	0.6467661691542289	0.22698164757155045
lcl|CH236927.1_cds_EAA58269.1_384 [protein=hypothetical protein] [protein_id=EAA58269.1] [location=complement(join(1153813..1154723,1154781..1155393))] [gbkey=CDS]	50.784508566848785	0.8523068327633225	0.5195876288659794	0.5797101449275363	0.6865979381443299	0.22007057603560382
lcl|CH236927.1_cds_EAA58270.1_385 [protein=hypothetical protein] [protein_id=EAA58270.1] [location=join(1156409..1156682,1156877..1156996,1157063..1157152,1157224..1158000,1158073..1158440)] [gbkey=CDS]	55.937132774987035	0.8297891688718766	0.4377431906614786	0.5237215033887862	0.556420233463035	0.22177061662956624
lcl|CH236927.1_cds_EAA58271.1_386 [protein=predicted protein] [protein_id=EAA58271.1] [location=complement(join(1160271..1160606,1160658..1160927))] [gbkey=CDS]	52.387555345590116	0.8604033201388374	0.5494505494505495	0.56	0.6153846153846154	0.22451722286302467
lcl|CH236927.1_cds_EAA58272.1_387 [protein=predicted protein] [protein_id=EAA58272.1] [location=complement(join(1162427..1162477,1162657..1163222,1163289..1163619))] [gbkey=CDS]	53.96850386287577	0.8300552547042338	0.44299674267100975	0.5127388535031847	0.5407166123778502	0.21730577665153025
lcl|CH236927.1_cds_EAA58273.1_388 [protein=hypothetical protein] [protein_id=EAA58273.1] [location=complement(join(1164091..1164707,1164775..1165594))] [gbkey=CDS]	53.682472602454446	0.804677548339075	0.4146868250539957	0.5429769392033543	0.6025917926565875	0.22881455686121857
lcl|CH236927.1_cds_EAA58274.1_389 [protein=hypothetical protein] [protein_id=EAA58274.1] [location=complement(join(1166338..1166877,1166924..1170871,1170916..1171088,1171136..1171577))] [gbkey=CDS]	54.577319440628614	0.8568790213787975	0.5186522262334536	0.5391406709829312	0.5896510228640193	0.23532509245885438
lcl|CH236927.1_cds_EAA58275.1_390 [protein=hypothetical protein] [protein_id=EAA58275.1] [location=join(1177190..1177261,1177356..1178098,1178325..1178815,1179005..1179015)] [gbkey=CDS]	56.003770983755246	0.8313591848482641	0.4507042253521127	0.547673531655225	0.5915492957746479	0.22015323418755411
lcl|CH236927.1_cds_EAA58276.1_391 [protein=predicted protein] [protein_id=EAA58276.1] [location=complement(join(1179357..1179808,1179863..1180067,1180122..1180328))] [gbkey=CDS]	54.9347265769558	0.799601070427718	0.37681159420289856	0.5046620046620046	0.4891304347826087	0.22802559816635926
lcl|CH236927.1_cds_EAA58277.1_392 [protein=hypothetical protein] [protein_id=EAA58277.1] [location=join(1180861..1182723,1182945..1182961,1183093..1183147,1183308..1183394)] [gbkey=CDS]	56.20671236307586	0.8449215691911944	0.47480916030534354	0.527281746031746	0.5923664122137404	0.231722504665931
lcl|CH236927.1_cds_EAA58278.1_393 [protein=hypothetical protein] [protein_id=EAA58278.1] [location=complement(join(1184273..1185221,1185283..1185554))] [gbkey=CDS]	57.08534225499154	0.7986642355463894	0.41581632653061223	0.5160493827160494	0.5229591836734694	0.2329519719632461
lcl|CH236927.1_cds_EAA58279.1_394 [protein=hypothetical protein] [protein_id=EAA58279.1] [location=complement(join(1186485..1188429,1188480..1190608))] [gbkey=CDS]	57.774377963074244	0.8357893998213993	0.41516516516516516	0.5216322517207473	0.493993993993994	0.23114785553201164
lcl|CH236927.1_cds_EAA58280.1_395 [protein=hypothetical protein] [protein_id=EAA58280.1] [location=complement(join(1196182..1196489,1196556..1196820))] [gbkey=CDS]	54.16407829920906	0.8272408695192133	0.46195652173913043	0.5485008818342152	0.5978260869565217	0.2273377106855703
lcl|CH236927.1_cds_EAA58281.1_396 [protein=hypothetical protein] [protein_id=EAA58281.1] [location=complement(join(1197426..1197444,1197481..1197506,1197754..1198235,1198287..1198764))] [gbkey=CDS]	53.461583484607004	0.841029373504464	0.521875	0.5445445445445446	0.575	0.2303579390807403
lcl|CH236927.1_cds_EAA58282.1_397 [protein=hypothetical protein] [protein_id=EAA58282.1] [location=join(1199333..1199461,1199581..1199582,1199624..1199809,1199874..1200145,1200240..1200852,1200908..1201103)] [gbkey=CDS]	53.850141014953536	0.8431382490009383	0.5133928571428571	0.5308908045977011	0.6183035714285714	0.22358805535949952
lcl|CH236927.1_cds_EAA58283.1_398 [protein=hypothetical protein] [protein_id=EAA58283.1] [location=join(1202048..1202529,1202762..1203486,1203533..1204260)] [gbkey=CDS]	57.31492710058287	0.8234977048373912	0.37891268533772654	0.5230689476412649	0.5271828665568369	0.22690448682694392
lcl|CH236927.1_cds_EAA58284.1_399 [protein=hypothetical protein] [protein_id=EAA58284.1] [location=join(1205133..1205832,1205897..1206132)] [gbkey=CDS]	56.594490708510286	0.8308914130565821	0.37623762376237624	0.5376344086021505	0.47854785478547857	0.21232409880217157
lcl|CH236927.1_cds_EAA58285.1_400 [protein=hypothetical protein] [protein_id=EAA58285.1] [location=join(1207057..1207165,1207249..1209422)] [gbkey=CDS]	56.8588791230457	0.8176637900791366	0.37534246575342467	0.5379885814668424	0.4931506849315068	0.22333787538174038
lcl|CH236927.1_cds_EAA58286.1_401 [protein=predicted protein] [protein_id=EAA58286.1] [location=join(1209951..1210061,1210143..1212269)] [gbkey=CDS]	56.32916073471446	0.8320820602431821	0.4117647058823529	0.5425627240143369	0.5546218487394958	0.22222429529779483
lcl|CH236927.1_cds_EAA58287.1_402 [protein=conserved hypothetical protein] [protein_id=EAA58287.1] [location=complement(join(1213293..1213630,1213687..1213911,1213961..1214238,1214294..1214613))] [gbkey=CDS]	49.89863055316705	0.8772052584903344	0.5626666666666666	0.5393939393939394	0.6	0.22169870852660203
lcl|CH236927.1_cds_EAA58288.1_403 [protein=hypothetical protein] [protein_id=EAA58288.1] [location=complement(join(1217041..1217856,1217909..1218195,1218245..1218292,1218339..1219330,1219379..1220225,1220302..1220452))] [gbkey=CDS]	57.59313760856879	0.8372198097821282	0.45084409136047665	0.5441786283891547	0.5441906653426017	0.23075401833254724
lcl|CH236927.1_cds_EAA58289.1_404 [protein=hypothetical protein] [protein_id=EAA58289.1] [location=complement(join(1221101..1222879,1222945..1223025))] [gbkey=CDS]	58.00158083596999	0.8082901373214293	0.373134328358209	0.5118662351672061	0.5107794361525705	0.22178619908300973
lcl|CH236927.1_cds_EAA58290.1_405 [protein=hypothetical protein] [protein_id=EAA58290.1] [location=join(1223414..1223704,1223768..1224550)] [gbkey=CDS]	53.9164010199092	0.8548379948161335	0.5478260869565217	0.5337078651685393	0.6144927536231884	0.23380344308161652
lcl|CH236927.1_cds_EAA58291.1_406 [protein=hypothetical protein] [protein_id=EAA58291.1] [location=complement(join(1225307..1225735,1225792..1227063))] [gbkey=CDS]	56.60139347952925	0.832020755835096	0.41007194244604317	0.5221238938053098	0.4910071942446043	0.22679406769701763
lcl|CH236927.1_cds_EAA58292.1_407 [protein=hypothetical protein] [protein_id=EAA58292.1] [location=join(1228965..1229079,1229162..1230895,1230954..1231201)] [gbkey=CDS]	56.439569073864725	0.8199509323110995	0.40995607613469986	0.533715925394548	0.5051244509516838	0.23124674262162506
lcl|CH236927.1_cds_EAA58293.1_408 [protein=hypothetical protein] [protein_id=EAA58293.1] [location=join(1231563..1231572,1231625..1231641,1231711..1232915,1232975..1233485)] [gbkey=CDS]	55.814143002928724	0.8463851507070089	0.450530035335689	0.5192861255037421	0.5724381625441696	0.22407641845627627
lcl|CH236927.1_cds_EAA58294.1_409 [protein=hypothetical protein] [protein_id=EAA58294.1] [location=complement(join(1235153..1235993,1236041..1236459,1236764..1237489))] [gbkey=CDS]	57.74223791295574	0.8240685731268772	0.4140625	0.5080808080808081	0.51875	0.23039918020060512
lcl|CH236927.1_cds_EAA58295.1_410 [protein=hypothetical protein] [protein_id=EAA58295.1] [location=join(1238001..1238029,1238061..1238142,1238205..1238481,1238525..1239156,1239204..1239403,1239501..1239607,1239654..1240717)] [gbkey=CDS]	57.46643447719368	0.8133688684430894	0.4036222509702458	0.5064989517819707	0.49159120310478654	0.22828665113428667
lcl|CH236927.1_cds_EAA58296.1_411 [protein=hypothetical protein] [protein_id=EAA58296.1] [location=complement(join(1242073..1242434,1242485..1244574,1244636..1244991))] [gbkey=CDS]	55.95359294765613	0.8380005772006173	0.46153846153846156	0.5214132762312634	0.532967032967033	0.2320860381860235
lcl|CH236927.1_cds_EAA58297.1_412 [protein=hypothetical protein] [protein_id=EAA58297.1] [location=join(1245255..1245260,1245315..1245515,1245642..1245662,1245718..1246176)] [gbkey=CDS]	55.94767549539243	0.8059218527227219	0.4252336448598131	0.5183553597650514	0.5327102803738317	0.2334809704213643
lcl|CH236927.1_cds_EAA58298.1_413 [protein=hypothetical protein] [protein_id=EAA58298.1] [location=1247937..1249646] [gbkey=CDS]	57.700166597107426	0.8335093461618032	0.4296160877513711	0.5223004694835681	0.5082266910420475	0.2261659624264588
lcl|CH236927.1_cds_EAA58299.1_414 [protein=TPIS_EMENI TRIOSEPHOSPHATE ISOMERASE (TIM)] [protein_id=EAA58299.1] [location=join(1250124..1250161,1250283..1250562,1250618..1250692,1250790..1250902,1250965..1251179,1251240..1251268)] [gbkey=CDS]	43.22143333808302	0.9082550297255577	0.6954732510288066	0.5672043010752689	0.7078189300411523	0.2400840700537555
lcl|CH236927.1_cds_EAA58300.1_415 [protein=hypothetical protein] [protein_id=EAA58300.1] [location=complement(join(1251557..1252513,1252580..1252809,1252865..1252961))] [gbkey=CDS]	57.090728672847156	0.8166748421751168	0.4116222760290557	0.5344287949921753	0.5375302663438256	0.220565210181558
lcl|CH236927.1_cds_EAA58301.1_416 [protein=hypothetical protein] [protein_id=EAA58301.1] [location=join(1253315..1253508,1253582..1254128)] [gbkey=CDS]	52.76443161737439	0.8654890872525204	0.5481171548117155	0.5387755102040817	0.6108786610878661	0.23197886808597107
lcl|CH236927.1_cds_EAA58302.1_417 [protein=hypothetical protein] [protein_id=EAA58302.1] [location=complement(join(1254953..1255587,1255634..1255730,1255782..1255909,1255968..1256229))] [gbkey=CDS]	55.576530356995946	0.817154198410095	0.5027173913043478	0.557347670250896	0.48097826086956524	0.2442397222446607
lcl|CH236927.1_cds_EAA58303.1_418 [protein=hypothetical protein] [protein_id=EAA58303.1] [location=join(1256512..1256550,1256612..1256694,1256757..1257048)] [gbkey=CDS]	53.40706004661609	0.8448126552181483	0.5413533834586466	0.5367647058823529	0.6090225563909775	0.23334445457067737
lcl|CH236927.1_cds_EAA58304.1_419 [protein=hypothetical protein] [protein_id=EAA58304.1] [location=complement(join(1257552..1257554,1257641..1258414,1258515..1258559))] [gbkey=CDS]	54.52944103905047	0.8168006242639821	0.3371212121212121	0.5453431372549019	0.45075757575757575	0.21243909495049204
lcl|CH236927.1_cds_EAA58305.1_420 [protein=hypothetical protein] [protein_id=EAA58305.1] [location=complement(join(1259076..1259539,1259621..1260084,1260148..1260589,1260641..1260685,1260740..1260752))] [gbkey=CDS]	54.98124958505382	0.8424680974703028	0.44612068965517243	0.5450070323488045	0.5625	0.22448636623217427
lcl|CH236927.1_cds_EAA58306.1_421 [protein=hypothetical protein] [protein_id=EAA58306.1] [location=join(1261160..1261190,1261242..1261633,1261868..1262128,1262219..1262239,1262301..1263226,1263276..1264776)] [gbkey=CDS]	56.55307793471388	0.8208557484674289	0.4175715695952616	0.5076775431861804	0.49259624876604147	0.22562703282795823
lcl|CH236927.1_cds_EAA57591.1_422 [protein=hypothetical protein] [protein_id=EAA57591.1] [location=join(1270329..1270951,1271002..1271098,1271246..1271743)] [gbkey=CDS]	57.405481316147586	0.8351822376299763	0.398989898989899	0.5313531353135313	0.5176767676767676	0.2267724192336924
lcl|CH236927.1_cds_EAA57592.1_423 [protein=hypothetical protein] [protein_id=EAA57592.1] [location=join(1272888..1272954,1273017..1273147,1273208..1274182)] [gbkey=CDS]	53.760806520507465	0.8343090366883015	0.4959349593495935	0.5424164524421594	0.5907859078590786	0.22705910464741139
lcl|CH236927.1_cds_EAA57593.1_424 [protein=hypothetical protein] [protein_id=EAA57593.1] [location=complement(join(1274549..1274700,1274867..1275077,1275127..1275309,1275357..1275503))] [gbkey=CDS]	54.15075714353162	0.8238306977684254	0.43805309734513276	0.5240174672489083	0.5707964601769911	0.22810195347870982
lcl|CH236927.1_cds_EAA57594.1_425 [protein=hypothetical protein] [protein_id=EAA57594.1] [location=join(1275734..1275878,1275925..1276031,1276081..1276209,1276258..1276751,1276797..1276891,1276940..1278210,1278289..1278372)] [gbkey=CDS]	55.65132938485091	0.8142294789977833	0.38533333333333336	0.500646830530401	0.5106666666666667	0.22523489858496845
lcl|CH236927.1_cds_EAA57595.1_426 [protein=hypothetical protein] [protein_id=EAA57595.1] [location=complement(join(1278538..1278729,1278782..1279074,1279126..1279141))] [gbkey=CDS]	56.75664337354931	0.8316655233053071	0.4409937888198758	0.5656565656565656	0.5714285714285714	0.23842844241872602
lcl|CH236927.1_cds_EAA57596.1_427 [protein=hypothetical protein] [protein_id=EAA57596.1] [location=join(1279363..1280245,1280312..1281321)] [gbkey=CDS]	57.79671570541809	0.8218319947009365	0.4240924092409241	0.5029146793852676	0.49834983498349833	0.22321987155796336
lcl|CH236927.1_cds_EAA57597.1_428 [protein=hypothetical protein] [protein_id=EAA57597.1] [location=complement(join(1281631..1282269,1282344..1282346))] [gbkey=CDS]	55.10926331490934	0.8175312925345313	0.3932038834951456	0.5471698113207547	0.5776699029126213	0.22548517522810554
lcl|CH236927.1_cds_EAA57598.1_429 [protein=hypothetical protein] [protein_id=EAA57598.1] [location=join(1282766..1282801,1282852..1282866,1282917..1283138,1283187..1284671)] [gbkey=CDS]	54.52583038512866	0.8544549294046606	0.4868651488616462	0.5490867579908676	0.6234676007005254	0.2234544761184143
lcl|CH236927.1_cds_EAA57599.1_430 [protein=predicted protein] [protein_id=EAA57599.1] [location=complement(join(1287557..1287669,1287721..1287928,1288140..1288262,1288429..1288438,1288497..1288507,1288620,1289194..1289217,1289288..1289506,1289540..1289614,1290274..1290365))] [gbkey=CDS]	53.657865137986704	0.8388928304996431	0.4731182795698925	0.5586206896551724	0.6272401433691757	0.22880480420824492
lcl|CH236927.1_cds_EAA57672.1_431 [protein=predicted protein] [protein_id=EAA57672.1] [location=join(1296472..1296835,1296886..1297418)] [gbkey=CDS]	53.02594309385567	0.8543712062312475	0.5	0.5622895622895623	0.6153846153846154	0.22725844316628832
lcl|CH236927.1_cds_EAA57673.1_432 [protein=hypothetical protein] [protein_id=EAA57673.1] [location=join(1297787..1298124,1298173..1298331,1298379..1298449,1298512..1298687)] [gbkey=CDS]	51.31374355926289	0.8652850711237929	0.5495867768595041	0.5338753387533876	0.6157024793388429	0.23651030115107577
lcl|CH236927.1_cds_EAA57674.1_433 [protein=hypothetical protein] [protein_id=EAA57674.1] [location=complement(join(1299878..1300334,1300419..1300552,1300800..1300841,1301374..1301641,1301690..1301760,1301814..1301978,1302875..1302904,1302955..1303164))] [gbkey=CDS]	52.23131287480419	0.8472924832890093	0.5146067415730337	0.5382932166301969	0.5325842696629214	0.23152581975491793
lcl|CH236927.1_cds_EAA57675.1_434 [protein=hypothetical protein] [protein_id=EAA57675.1] [location=complement(join(1303888..1304526,1304580..1304627))] [gbkey=CDS]	54.13088841375348	0.8294953023480302	0.4681818181818182	0.5374449339207048	0.5636363636363636	0.2341763287550306
lcl|CH236927.1_cds_EAA57676.1_435 [protein=hypothetical protein] [protein_id=EAA57676.1] [location=join(1305232..1305262,1305431..1305756,1305818..1305991,1306052..1306153)] [gbkey=CDS]	50.91038569871413	0.8908281394635069	0.5882352941176471	0.5518341307814992	0.6519607843137255	0.23214147415459882
lcl|CH236927.1_cds_EAA57677.1_436 [protein=hypothetical protein] [protein_id=EAA57677.1] [location=join(1307097..1307153,1307215..1307232,1307303..1307844,1307896..1308301)] [gbkey=CDS]	53.45811757470664	0.8581285184294285	0.5674846625766872	0.5388397246804326	0.6226993865030674	0.23685194798882378
lcl|CH236927.1_cds_EAA57678.1_437 [protein=hypothetical protein] [protein_id=EAA57678.1] [location=join(1309825..1309879,1309925..1309963,1310011..1310072,1310123..1310250,1310295..1310871,1310920..1311405,1311473..1311721)] [gbkey=CDS]	49.24429886609042	0.8661711558348617	0.5987903225806451	0.5528301886792453	0.657258064516129	0.235575490859456
lcl|CH236927.1_cds_EAA57679.1_438 [protein=hypothetical protein] [protein_id=EAA57679.1] [location=join(1314331..1314468,1314521..1314563,1314631..1314802,1314865..1315001,1315127..1315851)] [gbkey=CDS]	51.68493470830713	0.8632651501182483	0.5295629820051414	0.5376344086021505	0.6452442159383034	0.2297544386871704
lcl|CH236927.1_cds_EAA57680.1_439 [protein=hypothetical protein] [protein_id=EAA57680.1] [location=complement(join(1318127..1318794,1318842..1319027,1319064..1319299,1319344..1319753,1320222..1320572,1320622..1321766,1322338..1324228,1324284..1324772,1325051..1325515,1325571..1325677,1325734..1326096,1326151..1326572,1326631..1326764))] [gbkey=CDS]	54.3222046039497	0.8438202519250231	0.481498401096391	0.5592479230432882	0.6464138876199178	0.22571642011733592
lcl|CH236927.1_cds_EAA57681.1_440 [protein=predicted protein] [protein_id=EAA57681.1] [location=join(1327328..1327502,1327581..1327665,1327789..1327844,1328088..1328203,1328464..1328641,1328983..1329019,1329259..1329348,1329413..1329509)] [gbkey=CDS]	54.29102429052658	0.8380485221325024	0.46616541353383456	0.5314009661835749	0.6278195488721805	0.22814771364231604
lcl|CH236927.1_cds_EAA57682.1_441 [protein=hypothetical protein] [protein_id=EAA57682.1] [location=complement(join(1330022..1330341,1330389..1330686))] [gbkey=CDS]	53.789589400788955	0.8665326887612704	0.4228855721393035	0.5702614379084967	0.5920398009950248	0.22336975612217708
lcl|CH236927.1_cds_EAA57683.1_442 [protein=hypothetical protein] [protein_id=EAA57683.1] [location=complement(join(1332440..1332576,1332665..1333292,1333338..1333419,1333479..1334112,1334164..1334218))] [gbkey=CDS]	55.83332410344209	0.8216294642783151	0.44742268041237115	0.5411764705882353	0.5896907216494846	0.22693036454731924
lcl|CH236927.1_cds_EAA57684.1_443 [protein=hypothetical protein] [protein_id=EAA57684.1] [location=join(1335597..1335660,1335845..1336011,1336273..1336763,1337251..1337605,1337878..1338471)] [gbkey=CDS]	55.29715453488764	0.8359860153336086	0.45627376425855515	0.5519519519519519	0.564638783269962	0.2243562105097815
lcl|CH236927.1_cds_EAA57685.1_444 [protein=hypothetical protein] [protein_id=EAA57685.1] [location=join(1340809..1341106,1341184..1341530,1341585..1342037,1342097..1342342)] [gbkey=CDS]	54.327490009070935	0.8229020451189313	0.44954128440366975	0.5605381165919282	0.5986238532110092	0.22801084112426864
lcl|CH236927.1_cds_EAA57686.1_445 [protein=hypothetical protein] [protein_id=EAA57686.1] [location=complement(join(1342497..1343108,1343165..1343626))] [gbkey=CDS]	52.8791989666995	0.838453184042155	0.49554896142433236	0.5730337078651685	0.655786350148368	0.2272323816787465
lcl|CH236927.1_cds_EAA57687.1_446 [protein=UAPA_EMENI URIC ACID-XANTHINE PERMEASE (UAPA TRANSPORTER)] [protein_id=EAA57687.1] [location=join(1345782..1345784,1345832..1346322,1346383..1346929,1346994..1347625,1347684..1347810)] [gbkey=CDS]	51.836869777685344	0.8531324864380473	0.519163763066202	0.5707915273132664	0.6672473867595818	0.22688813013489892
lcl|CH236927.1_cds_EAA57688.1_447 [protein=hypothetical protein] [protein_id=EAA57688.1] [location=complement(join(1348057..1348394,1348454..1348821,1348883..1349155,1349196..1349464,1349522..1350019))] [gbkey=CDS]	53.89694023635202	0.8499739117489535	0.5123674911660777	0.5327586206896552	0.607773851590106	0.2312330113900543
lcl|CH236927.1_cds_EAA57689.1_448 [protein=hypothetical protein] [protein_id=EAA57689.1] [location=complement(join(1350365..1350524,1350579..1351046,1351083..1351542,1351605..1351890,1351984..1352009,1352072..1352255))] [gbkey=CDS]	52.104764383375795	0.8447770084170714	0.4930139720558882	0.5456273764258555	0.6367265469061876	0.22399238263985438
lcl|CH236927.1_cds_EAA57690.1_449 [protein=hypothetical protein] [protein_id=EAA57690.1] [location=join(1352686..1352728,1353185..1353399,1353472..1353625,1353695..1353924)] [gbkey=CDS]	54.28399287315444	0.8457016510415687	0.48058252427184467	0.5110062893081762	0.558252427184466	0.2249994106446144
lcl|CH236927.1_cds_EAA57691.1_450 [protein=hypothetical protein] [protein_id=EAA57691.1] [location=complement(1354545..1355195)] [gbkey=CDS]	52.368157630066996	0.8263843941939857	0.4375	0.5519379844961241	0.6009615384615384	0.23070392257454744
lcl|CH236927.1_cds_EAA57692.1_451 [protein=hypothetical protein] [protein_id=EAA57692.1] [location=join(1356608..1357018,1357075..1357200,1357246..1357777,1358580..1358728,1359926..1360073,1360126..1360187,1360236..1360315,1360446..1360513,1360843..1360946,1360996..1361118,1361273..1361320)] [gbkey=CDS]	57.3945351764801	0.8303933512011539	0.445364238410596	0.5355013550135501	0.5678807947019867	0.22537737472670033
lcl|CH236927.1_cds_EAA57693.1_452 [protein=hypothetical protein] [protein_id=EAA57693.1] [location=join(1364027..1364790,1364839..1364932,1365074..1365368,1365436..1365650,1365789..1365816,1366294..1366785,1366869..1367221)] [gbkey=CDS]	55.432066210550595	0.8306094673117217	0.47619047619047616	0.5561521252796421	0.6064425770308123	0.2211061967781193
lcl|CH236927.1_cds_EAA57694.1_453 [protein=hypothetical protein] [protein_id=EAA57694.1] [location=join(1367519..1367554,1367610..1367830,1367885..1368050,1368106..1368178,1368901..1369497,1369554..1369984)] [gbkey=CDS]	53.70545637744466	0.8551353511688261	0.5121951219512195	0.5632411067193676	0.6300813008130082	0.23130972263290067
lcl|CH236927.1_cds_EAA57695.1_454 [protein=hypothetical protein] [protein_id=EAA57695.1] [location=complement(join(1370146..1370172,1370414..1370494,1370527..1370581,1370622..1371197,1371291..1371796))] [gbkey=CDS]	55.10240315237051	0.8206453648026748	0.4332493702770781	0.5318805488297014	0.5919395465994962	0.22378117088831145
lcl|CH236927.1_cds_EAA57696.1_455 [protein=predicted protein] [protein_id=EAA57696.1] [location=complement(1372879..1374096)] [gbkey=CDS]	54.10439090169201	0.8453794401252297	0.4789473684210526	0.5651815181518152	0.6210526315789474	0.22627100022861016
lcl|CH236927.1_cds_EAA57697.1_456 [protein=hypothetical protein] [protein_id=EAA57697.1] [location=complement(join(1377306..1377770,1377851..1377980,1378031..1378349,1378421..1378526,1378579..1378986,1379021..1379146))] [gbkey=CDS]	53.58510759525195	0.8382361633910611	0.5071868583162218	0.5542635658914729	0.6324435318275154	0.22667647668654292
lcl|CH236927.1_cds_EAA57698.1_457 [protein=hypothetical protein] [protein_id=EAA57698.1] [location=join(1380053..1381031,1381100..1381137)] [gbkey=CDS]	54.1705760106285	0.8374483439636625	0.48338368580060426	0.5964391691394659	0.5981873111782477	0.22534785376907088
lcl|CH236927.1_cds_EAA57699.1_458 [protein=predicted protein] [protein_id=EAA57699.1] [location=join(1381761..1382411,1382515..1383213)] [gbkey=CDS]	55.912574324650336	0.815832742148673	0.4423963133640553	0.5104166666666666	0.5599078341013825	0.2223753165065284
lcl|CH236927.1_cds_EAA57700.1_459 [protein=hypothetical protein] [protein_id=EAA57700.1] [location=complement(join(1383524..1384292,1384349..1384472,1384525..1384663,1384741..1385013))] [gbkey=CDS]	53.11950630792606	0.8603546771578471	0.5227817745803357	0.5681293302540416	0.6546762589928058	0.22332323705733104
lcl|CH236927.1_cds_EAA57701.1_460 [protein=hypothetical protein] [protein_id=EAA57701.1] [location=join(1385615..1385776,1385831..1386227,1386581..1386611,1386661..1387024)] [gbkey=CDS]	52.32550120378208	0.84855389735119	0.5066666666666667	0.5379746835443038	0.6366666666666667	0.22221611484242795
lcl|CH236927.1_cds_EAA57702.1_461 [protein=predicted protein] [protein_id=EAA57702.1] [location=join(1387339..1387415,1387756..1388461)] [gbkey=CDS]	56.14466355188986	0.8123378472505924	0.43089430894308944	0.5160875160875161	0.5	0.2336866011368858
lcl|CH236927.1_cds_EAA57703.1_462 [protein=hypothetical protein] [protein_id=EAA57703.1] [location=join(1390609..1391411,1391467..1391767)] [gbkey=CDS]	52.17847979625828	0.8729750430638655	0.5404624277456648	0.558287795992714	0.6705202312138728	0.2223436387309355
lcl|CH236927.1_cds_EAA57704.1_463 [protein=hypothetical protein] [protein_id=EAA57704.1] [location=join(1394336..1394467,1394521..1394801,1394855..1395201,1395364..1395884,1396141..1396232,1396285..1396402,1396592..1396782,1396829..1396988)] [gbkey=CDS]	55.53408612872581	0.8330822465533168	0.4631217838765009	0.553921568627451	0.6209262435677531	0.22574391826194876
lcl|CH236927.1_cds_EAA57705.1_464 [protein=hypothetical protein] [protein_id=EAA57705.1] [location=complement(join(1397225..1397289,1397455..1397700,1397766..1398840))] [gbkey=CDS]	55.39070764175494	0.8275110239090675	0.4439461883408072	0.5442028985507247	0.5515695067264574	0.22115721100445937
lcl|CH236927.1_cds_EAA57706.1_465 [protein=predicted protein] [protein_id=EAA57706.1] [location=complement(join(1400109..1400209,1400287..1400414,1400474..1400638,1400744..1400940))] [gbkey=CDS]	53.24225107257118	0.84560489554049445	0.4603174603174603	0.5247863247863248	0.5608465608465608	0.21536388365818793
lcl|CH236927.1_cds_EAA57707.1_466 [protein=hypothetical protein] [protein_id=EAA57707.1] [location=join(1404564..1404861,1404982..1405105,1405191..1405675,1405741..1406053,1406371..1406383,1406568..1406592,1406629..1406793,1406874..1406935)] [gbkey=CDS]	55.95142708083824	0.8284124056240871	0.4652631578947368	0.5273833671399595	0.5326315789473685	0.2197940033192401
lcl|CH236927.1_cds_EAA57708.1_467 [protein=hypothetical protein] [protein_id=EAA57708.1] [location=complement(join(1407149..1407387,1407457..1407582,1407652..1408597))] [gbkey=CDS]	56.74142747470879	0.8080540677283488	0.4075829383886256	0.514176245210728	0.509478672985782	0.23102832497880485
lcl|CH236927.1_cds_EAA57709.1_468 [protein=predicted protein] [protein_id=EAA57709.1] [location=complement(1409986..1410486)] [gbkey=CDS]	52.48054627645169	0.8610430423014818	0.5403726708074534	0.5575757575757576	0.5900621118012422	0.22276419345284967
lcl|CH236927.1_cds_EAA57710.1_469 [protein=hypothetical protein] [protein_id=EAA57710.1] [location=join(1414229..1414551,1414807..1414904,1414978..1416137)] [gbkey=CDS]	54.6386394717478	0.807041809826298	0.386317907444668	0.4901587301587302	0.48088531187122735	0.22614897876494566
lcl|CH236927.1_cds_EAA57711.1_470 [protein=hypothetical protein] [protein_id=EAA57711.1] [location=1416810..1417724] [gbkey=CDS]	51.41612330830051	0.7869610802575621	0.35738831615120276	0.4829482948294829	0.42955326460481097	0.2252453433520547
lcl|CH236927.1_cds_EAA57712.1_471 [protein=predicted protein] [protein_id=EAA57712.1] [location=complement(join(1419730..1419849,1420212..1420649))] [gbkey=CDS]	53.40047613665461	0.8212540684331329	0.5166666666666667	0.5362318840579711	0.5777777777777777	0.22776760978340133
lcl|CH236927.1_cds_EAA57600.1_472 [protein=predicted protein] [protein_id=EAA57600.1] [location=join(1427844..1428098,1428178..1428228,1428350..1428422,1428506..1428744)] [gbkey=CDS]	56.642642034831375	0.8056644845861858	0.4090909090909091	0.49673202614379086	0.5	0.22496493036307944
lcl|CH236927.1_cds_EAA57601.1_473 [protein=hypothetical protein] [protein_id=EAA57601.1] [location=join(1430858..1430983,1431051..1431119,1431167..1431319,1431497..1431568,1432007..1432234,1432290..1432515,1432572..1432885,1432943..1433104,1433145..1433260,1433443..1433545,1433640..1433664,1433756..1433841,1433958..1434119,1434455..1435258,1435329..1436381)] [gbkey=CDS]	57.147666059578945	0.8302577228673259	0.45054945054945056	0.50446791226645	0.5350803043110736	0.22917854107972657
lcl|CH236927.1_cds_EAA57602.1_474 [protein=hypothetical protein] [protein_id=EAA57602.1] [location=complement(join(1438272..1438858,1438945..1439044,1439097..1439228,1439277..1439582,1439642..1439880,1439938..1440592,1440715..1441921,1442074..1443706,1443798..1443933,1443984..1444625))] [gbkey=CDS]	58.74653931939038	0.8043058372865503	0.39622641509433965	0.4787781921505949	0.46781354051054386	0.22674768573580995
lcl|CH236927.1_cds_EAA57603.1_475 [protein=hypothetical protein] [protein_id=EAA57603.1] [location=complement(1447845..1448384)] [gbkey=CDS]	50.66699715166284	0.8489432813142944	0.47674418604651164	0.5280898876404494	0.5232558139534884	0.23338134081196343
lcl|CH236927.1_cds_EAA57604.1_476 [protein=hypothetical protein] [protein_id=EAA57604.1] [location=complement(join(1450567..1451018,1451120..1451299,1451534..1451585))] [gbkey=CDS]	56.28538744224615	0.816333022218719	0.41037735849056606	0.5132743362831859	0.5141509433962265	0.2154467178706033
lcl|CH236927.1_cds_EAA57605.1_477 [protein=hypothetical protein] [protein_id=EAA57605.1] [location=join(1453036..1453252,1453327..1454136,1454199..1454335)] [gbkey=CDS]	54.13935417461579	0.8383915129431876	0.478494623655914	0.5233160621761658	0.5564516129032258	0.2279702893960939
lcl|CH236927.1_cds_EAA57606.1_478 [protein=predicted protein] [protein_id=EAA57606.1] [location=complement(1456110..1456763)] [gbkey=CDS]	56.56693067423997	0.8272211784157071	0.3942307692307692	0.5	0.5048076923076923	0.22414220927352
lcl|CH236927.1_cds_EAA57607.1_479 [protein=hypothetical protein] [protein_id=EAA57607.1] [location=complement(join(1457966..1457980,1458172..1458452,1458504..1459002))] [gbkey=CDS]	54.14395991560511	0.8709606494914809	0.4980237154150198	0.5386565272496832	0.5928853754940712	0.21774000226702248
lcl|CH236927.1_cds_EAA57608.1_480 [protein=hypothetical protein] [protein_id=EAA57608.1] [location=complement(1459751..1460821)] [gbkey=CDS]	54.131881363673244	0.8020435828817883	0.40588235294117647	0.49859154929577465	0.48823529411764705	0.2108476795920653
lcl|CH236927.1_cds_EAA57609.1_481 [protein=hypothetical protein] [protein_id=EAA57609.1] [location=complement(join(1461787..1461816,1461929..1462051))] [gbkey=CDS]	51.76211956514227	0.8032321674744591	0.4375	0.4965986394557823	0.5416666666666666	0.22832180878898675
lcl|CH236927.1_cds_EAA57610.1_482 [protein=hypothetical protein] [protein_id=EAA57610.1] [location=complement(join(1462283..1463295,1463577..1464405,1464440..1464584,1464667..1464778,1464965..1465019,1465098..1465112))] [gbkey=CDS]	56.84032150379629	0.8024081154849023	0.43857142857142856	0.5034674063800277	0.51	0.22720986721805334
lcl|CH236927.1_cds_EAA57611.1_483 [protein=hypothetical protein] [protein_id=EAA57611.1] [location=1465349..1466221] [gbkey=CDS]	53.68382873729421	0.856206117196362	0.5145985401459854	0.5340253748558247	0.6131386861313869	0.22453782952710863
lcl|CH236927.1_cds_EAA57612.1_484 [protein=predicted protein] [protein_id=EAA57612.1] [location=complement(join(1473441..1473548,1473706..1473743,1473793..1473814,1473865..1474050))] [gbkey=CDS]	51.58611268617249	0.8134292637975922	0.35185185185185186	0.47126436781609193	0.4444444444444444	0.22196473274173914
lcl|CH236927.1_cds_EAA57613.1_485 [protein=predicted protein] [protein_id=EAA57613.1] [location=join(1474834..1475034,1475074..1475156,1475281..1475336,1475576..1475934)] [gbkey=CDS]	47.86267331806262	0.8621333177331254	0.591743119266055	0.5584415584415584	0.7155963302752294	0.23252235492892764
lcl|CH236927.1_cds_EAA57614.1_486 [protein=hypothetical protein] [protein_id=EAA57614.1] [location=complement(join(1479259..1479926,1479963..1480641))] [gbkey=CDS]	48.31086587941231	0.8962849187559246	0.6145124716553289	0.5876211782252051	0.7210884353741497	0.23424550707252548
