seq_id	ENC	CAI	FOP	GC	GC3s	tAI
lcl|CM001196.1_cds_EGP92790.1_1 [locus_tag=MYCGRDRAFT_32211] [db_xref=JGIDB:Mycgr3_32211] [protein=hypothetical protein] [protein_id=EGP92790.1] [location=complement(83873..84103)] [gbkey=CDS]	48.06047740554657	0.7930688849594252	0.42857142857142855	0.5555555555555556	0.6285714285714286	0.8530956348573693
lcl|CM001196.1_cds_EGP92789.1_2 [locus_tag=MYCGRDRAFT_88584] [db_xref=JGIDB:Mycgr3_88584] [protein=hypothetical protein] [protein_id=EGP92789.1] [location=complement(110070..111032)] [gbkey=CDS]	52.25714298475319	0.766835783994605	0.5478547854785478	0.554858934169279	0.6501650165016502	0.8574057981440354
lcl|CM001196.1_cds_EGP90807.1_3 [locus_tag=MYCGRDRAFT_88585] [db_xref=InterPro:IPR000637,JGIDB:Mycgr3_88585] [protein=hypothetical protein] [protein_id=EGP90807.1] [location=join(112306..116224,116953..117149)] [gbkey=CDS]	56.20512976080336	0.7774698930169136	0.46022304832713756	0.5732360097323601	0.5970260223048327	0.8567419229782731
lcl|CM001196.1_cds_EGP92788.1_4 [locus_tag=MYCGRDRAFT_88586] [db_xref=JGIDB:Mycgr3_88586] [protein=hypothetical protein] [protein_id=EGP92788.1] [location=complement(join(117450..117922,118058..118320,118452..118798))] [gbkey=CDS]	53.41126990832906	0.7587641688049447	0.45348837209302323	0.5459610027855153	0.5668604651162791	0.8567498436462915
lcl|CM001196.1_cds_EGP90808.1_5 [locus_tag=MYCGRDRAFT_51803] [db_xref=InterPro:IPR000571,JGIDB:Mycgr3_51803] [protein=hypothetical protein] [protein_id=EGP90808.1] [location=120041..120670] [gbkey=CDS]	48.549179053683964	0.8158259416507821	0.5931372549019608	0.5689102564102564	0.7549019607843137	0.8427242418094708
lcl|CM001196.1_cds_EGP90809.1_6 [locus_tag=MYCGRDRAFT_64857] [db_xref=InterPro:IPR007832,JGIDB:Mycgr3_64857] [protein=hypothetical protein] [protein_id=EGP90809.1] [location=join(123050..123643,123764..124219)] [gbkey=CDS]	47.92199282051792	0.7915365643427366	0.5575221238938053	0.5622605363984674	0.6548672566371682	0.8568089841231905
lcl|CM001196.1_cds_EGP90810.1_8 [gene=CSN5] [locus_tag=MYCGRDRAFT_51814] [db_xref=InterPro:IPR000555,JGIDB:Mycgr3_51814] [protein=26S proteasome regulatory complex] [protein_id=EGP90810.1] [location=join(127316..127384,128113..128363,128417..129161)] [gbkey=CDS]	48.9739575784783	0.7990057200351948	0.562874251497006	0.5722379603399433	0.6766467065868264	0.8575431012752927
lcl|CM001196.1_cds_EGP92785.1_10 [locus_tag=MYCGRDRAFT_88592] [db_xref=InterPro:IPR007867,JGIDB:Mycgr3_88592] [protein=hypothetical protein] [protein_id=EGP92785.1] [location=complement(join(132334..132494,132758..133296,133366..133440,133734..133763,133968..134113))] [gbkey=CDS]	51.266618404194496	0.7357010343556863	0.4105960264900662	0.5724867724867725	0.5496688741721855	0.8468341549839746
lcl|CM001196.1_cds_EGP90811.1_12 [locus_tag=MYCGRDRAFT_101983] [db_xref=JGIDB:Mycgr3_101983] [protein=hypothetical protein] [protein_id=EGP90811.1] [location=136333..136869] [gbkey=CDS]	52.47512970046457	0.7860026709371822	0.4880952380952381	0.5856873822975518	0.6309523809523809	0.849596368463337
lcl|CM001196.1_cds_EGP92783.1_13 [locus_tag=MYCGRDRAFT_31341] [db_xref=JGIDB:Mycgr3_31341] [protein=hypothetical protein] [protein_id=EGP92783.1] [location=complement(join(138344..138670,138730..139570,139627..139978,140045..140192))] [gbkey=CDS]	55.48527828827041	0.7516344757192971	0.46226415094339623	0.5523465703971119	0.5886792452830188	0.8551229425152409
lcl|CM001196.1_cds_EGP92782.1_14 [locus_tag=MYCGRDRAFT_106732] [db_xref=JGIDB:Mycgr3_106732] [protein=hypothetical protein] [protein_id=EGP92782.1] [location=complement(140837..144592)] [gbkey=CDS]	54.701496356567546	0.780386341184613	0.46792763157894735	0.5786666666666667	0.6151315789473685	0.8578887210631917
lcl|CM001196.1_cds_EGP92781.1_15 [locus_tag=MYCGRDRAFT_88597] [db_xref=JGIDB:Mycgr3_88597] [protein=hypothetical protein] [protein_id=EGP92781.1] [location=complement(145496..146929)] [gbkey=CDS]	53.94723508245534	0.73446442246114	0.3869565217391304	0.5434173669467787	0.55	0.8605314592597276
lcl|CM001196.1_cds_EGP92780.1_16 [locus_tag=MYCGRDRAFT_88598] [db_xref=JGIDB:Mycgr3_88598] [protein=hypothetical protein] [protein_id=EGP92780.1] [location=complement(join(148830..149039,149091..149747,149823..150020))] [gbkey=CDS]	50.13604341539164	0.7532594568518298	0.4393063583815029	0.5476864966949953	0.6011560693641619	0.8564011699446962
lcl|CM001196.1_cds_EGP92779.1_17 [locus_tag=MYCGRDRAFT_106733] [db_xref=JGIDB:Mycgr3_106733] [protein=hypothetical protein] [protein_id=EGP92779.1] [location=complement(150985..151662)] [gbkey=CDS]	50.476655477292624	0.8011183693234563	0.4252336448598131	0.6190476190476191	0.6355140186915887	0.8572778744388648
lcl|CM001196.1_cds_EGP90812.1_19 [locus_tag=MYCGRDRAFT_88601] [db_xref=JGIDB:Mycgr3_88601] [protein=hypothetical protein] [protein_id=EGP90812.1] [location=154820..155431] [gbkey=CDS]	53.000968406182984	0.7624193764565241	0.4717948717948718	0.5379537953795379	0.5846153846153846	0.8542176560336616
lcl|CM001196.1_cds_EGP92776.1_21 [locus_tag=MYCGRDRAFT_88603] [db_xref=JGIDB:Mycgr3_88603] [protein=hypothetical protein] [protein_id=EGP92776.1] [location=complement(join(160833..161027,161191..161291,162132..162314,162607..162631))] [gbkey=CDS]	50.006111219062745	0.7391792681764076	0.47468354430379744	0.5481927710843374	0.5443037974683544	0.8581169339062291
lcl|CM001196.1_cds_EGP90813.1_22 [locus_tag=MYCGRDRAFT_64873] [db_xref=InterPro:IPR000836,JGIDB:Mycgr3_64873] [protein=hypothetical protein] [protein_id=EGP90813.1] [location=join(176417..176963,177030..177190)] [gbkey=CDS]	50.82520362351469	0.7741836862645955	0.5238095238095238	0.5726495726495726	0.6017316017316018	0.857749852583625
lcl|CM001196.1_cds_EGP90814.1_23 [locus_tag=MYCGRDRAFT_83301] [db_xref=InterPro:IPR011576,JGIDB:Mycgr3_83301] [protein=hypothetical protein] [protein_id=EGP90814.1] [location=join(178948..179112,179181..179487,179546..179706)] [gbkey=CDS]	48.83012746058669	0.8378674138960666	0.6206896551724138	0.5534290271132376	0.7192118226600985	0.8574501600467493
lcl|CM001196.1_cds_EGP92775.1_24 [locus_tag=MYCGRDRAFT_88606] [db_xref=JGIDB:Mycgr3_88606] [protein=hypothetical protein] [protein_id=EGP92775.1] [location=complement(join(180980..181012,181072..181899,182097..182502,182605..182648))] [gbkey=CDS]	53.433554807975504	0.7519265622673867	0.5106382978723404	0.5318007662835249	0.6335697399527187	0.8588961345710878
lcl|CM001196.1_cds_EGP92774.1_26 [locus_tag=MYCGRDRAFT_64875] [db_xref=InterPro:IPR002569,JGIDB:Mycgr3_64875] [protein=peptide methionine sulfoxide reductase] [protein_id=EGP92774.1] [location=complement(join(192635..192665,192726..193044,193103..193361))] [gbkey=CDS]	48.02850055092216	0.8025623229683473	0.6041666666666666	0.5704809286898839	0.7291666666666666	0.8528827110419411
lcl|CM001196.1_cds_EGP90816.1_28 [locus_tag=MYCGRDRAFT_106738] [db_xref=JGIDB:Mycgr3_106738] [protein=hypothetical protein] [protein_id=EGP90816.1] [location=join(198416..198614,198758..198934,199094..199230,199431..199512,199796..200151)] [gbkey=CDS]	55.329042392285835	0.7610683677041951	0.47854785478547857	0.5693121693121693	0.6072607260726073	0.8574379074822962
lcl|CM001196.1_cds_EGP90817.1_29 [locus_tag=MYCGRDRAFT_88611] [db_xref=JGIDB:Mycgr3_88611] [protein=hypothetical protein] [protein_id=EGP90817.1] [location=join(200954..200988,201108..201585,202068..202334)] [gbkey=CDS]	54.30046867293055	0.7528306355498617	0.43253968253968256	0.5658914728682171	0.5634920634920635	0.8564409791493516
lcl|CM001196.1_cds_EGP92772.1_30 [locus_tag=MYCGRDRAFT_202665] [db_xref=InterPro:IPR011701,JGIDB:Mycgr3_202665] [protein=putative major facilitator superfamily transporter] [protein_id=EGP92772.1] [location=complement(join(203107..205031,205203..205260))] [gbkey=CDS]	52.27530968839731	0.7588867273785075	0.46984126984126984	0.5655032878098128	0.626984126984127	0.856917363175677
lcl|CM001196.1_cds_EGP90818.1_31 [locus_tag=MYCGRDRAFT_88613] [db_xref=JGIDB:Mycgr3_88613] [protein=hypothetical protein] [protein_id=EGP90818.1] [location=join(206531..206728,206987..207093,207754..207760,207914..208076,208658..208710,209351..209390,209681..209717,209998..210041,210291..210351,210603..210654,210916..211064,211149..211224)] [gbkey=CDS]	49.6412353028413	0.8076411850204753	0.5537974683544303	0.54638124362895	0.6360759493670886	0.8479408750472655
lcl|CM001196.1_cds_EGP92771.1_32 [locus_tag=MYCGRDRAFT_88614] [db_xref=JGIDB:Mycgr3_88614] [protein=hypothetical protein] [protein_id=EGP92771.1] [location=complement(211916..212437)] [gbkey=CDS]	51.93583701412795	0.7863434840619948	0.5093167701863354	0.5484496124031008	0.6086956521739131	0.8509933324925557
lcl|CM001196.1_cds_EGP92770.1_33 [locus_tag=MYCGRDRAFT_106740] [db_xref=JGIDB:Mycgr3_106740] [protein=hypothetical protein] [protein_id=EGP92770.1] [location=complement(213893..216649)] [gbkey=CDS]	55.953088460917186	0.7609223528161834	0.4330357142857143	0.5736095965103599	0.5736607142857143	0.8583962870831446
lcl|CM001196.1_cds_EGP90819.1_34 [locus_tag=MYCGRDRAFT_64883] [db_xref=JGIDB:Mycgr3_64883] [protein=hypothetical protein] [protein_id=EGP90819.1] [location=join(217709..218075,218241..218599)] [gbkey=CDS]	49.76137242048838	0.77873934001093	0.5347826086956522	0.5833333333333334	0.6956521739130435	0.8599222432803725
lcl|CM001196.1_cds_EGP90820.1_35 [gene=HMG1] [locus_tag=MYCGRDRAFT_64888] [db_xref=InterPro:IPR002202,JGIDB:Mycgr3_64888] [protein=hmg1, hmg-CoA reductase] [protein_id=EGP90820.1] [location=join(219853..222926,222982..223342)] [gbkey=CDS]	49.45976896479094	0.8014754748871722	0.5364298724954463	0.5584718576844561	0.6484517304189436	0.8547636981484638
lcl|CM001196.1_cds_EGP92769.1_36 [locus_tag=MYCGRDRAFT_88617] [db_xref=InterPro:IPR001248,InterPro:IPR001965,JGIDB:Mycgr3_88617] [protein=hypothetical protein] [protein_id=EGP92769.1] [location=complement(join(223670..224017,224273..224775,224838..224890,224952..225115,225177..225355,226618..226755,226816..226897,226949..227970,228066..228117))] [gbkey=CDS]	46.05725453267975	0.7966400226264266	0.6162361623616236	0.5940828402366863	0.7023370233702337	0.8567865987021189
lcl|CM001196.1_cds_EGP90821.1_37 [gene=HDA2401] [locus_tag=MYCGRDRAFT_64892] [db_xref=InterPro:IPR000286,JGIDB:Mycgr3_64892] [protein=histone deacetylase] [protein_id=EGP90821.1] [location=join(228547..229093,229142..230163)] [gbkey=CDS]	43.67660387988853	0.8242816530741063	0.6294820717131474	0.5790147152911068	0.7051792828685259	0.85333871291092
lcl|CM001196.1_cds_EGP90822.1_39 [locus_tag=MYCGRDRAFT_88619] [db_xref=JGIDB:Mycgr3_88619] [protein=hypothetical protein] [protein_id=EGP90822.1] [location=join(234190..234686,234995..235022)] [gbkey=CDS]	53.273179381772664	0.7770138382949987	0.5	0.5260115606936416	0.6352941176470588	0.851015753449013
lcl|CM001196.1_cds_EGP92767.1_40 [locus_tag=MYCGRDRAFT_88620] [db_xref=JGIDB:Mycgr3_88620] [protein=hypothetical protein] [protein_id=EGP92767.1] [location=complement(236211..236654)] [gbkey=CDS]	49.29908139067329	0.7978344587531118	0.5179856115107914	0.6118721461187214	0.6474820143884892	0.8594836964525714
lcl|CM001196.1_cds_EGP90823.1_41 [locus_tag=MYCGRDRAFT_106743] [db_xref=JGIDB:Mycgr3_106743] [protein=hypothetical protein] [protein_id=EGP90823.1] [location=237862..238635] [gbkey=CDS]	52.79553644185567	0.776210436616449	0.503968253968254	0.5598958333333334	0.6031746031746031	0.8491408127943262
lcl|CM001196.1_cds_EGP92766.1_42 [locus_tag=MYCGRDRAFT_88622] [db_xref=JGIDB:Mycgr3_88622] [protein=hypothetical protein] [protein_id=EGP92766.1] [location=complement(239195..240148)] [gbkey=CDS]	52.50049649883775	0.781359373046908	0.4900662251655629	0.5675105485232067	0.6225165562913907	0.8489630840095606
lcl|CM001196.1_cds_EGP92765.1_43 [locus_tag=MYCGRDRAFT_88623] [db_xref=JGIDB:Mycgr3_88623] [protein=hypothetical protein] [protein_id=EGP92765.1] [location=complement(join(243152..243492,243549..243579))] [gbkey=CDS]	47.15623076339591	0.8696973092889934	0.6333333333333333	0.5792349726775956	0.7666666666666667	0.8537829820844656
lcl|CM001196.1_cds_EGP90824.1_44 [locus_tag=MYCGRDRAFT_88624] [db_xref=JGIDB:Mycgr3_88624] [protein=hypothetical protein] [protein_id=EGP90824.1] [location=join(246303..246499,246564..246675)] [gbkey=CDS]	49.560172128233994	0.8618010745563491	0.6161616161616161	0.6072607260726073	0.7676767676767676	0.8509088485318761
lcl|CM001196.1_cds_EGP90826.1_46 [locus_tag=MYCGRDRAFT_106745] [db_xref=JGIDB:Mycgr3_106745] [protein=hypothetical protein] [protein_id=EGP90826.1] [location=join(257337..257356,257963..258070,258136..258201,258968..259403)] [gbkey=CDS]	46.90280844283227	0.7713385019762209	0.5320197044334976	0.5753205128205128	0.5517241379310345	0.854236782588686
lcl|CM001196.1_cds_EGP92764.1_47 [locus_tag=MYCGRDRAFT_88627] [db_xref=JGIDB:Mycgr3_88627] [protein=hypothetical protein] [protein_id=EGP92764.1] [location=complement(261698..262024)] [gbkey=CDS]	53.030658362574435	0.75169544446289	0.5098039215686274	0.557632398753894	0.5882352941176471	0.8561345827830961
lcl|CM001196.1_cds_EGP90827.1_48 [locus_tag=MYCGRDRAFT_88628] [db_xref=JGIDB:Mycgr3_88628] [protein=hypothetical protein] [protein_id=EGP90827.1] [location=join(262670..263018,263541..264418)] [gbkey=CDS]	54.63570764755507	0.7397308105527539	0.4498714652956298	0.5192465192465192	0.5784061696658098	0.8565292224187191
lcl|CM001196.1_cds_EGP92763.1_49 [locus_tag=MYCGRDRAFT_88629] [db_xref=JGIDB:Mycgr3_88629] [protein=hypothetical protein] [protein_id=EGP92763.1] [location=complement(265655..266656)] [gbkey=CDS]	53.58134991902581	0.7641609411683821	0.49842271293375395	0.5180722891566265	0.5899053627760252	0.8508531473762512
lcl|CM001196.1_cds_EGP92762.1_50 [locus_tag=MYCGRDRAFT_88630] [db_xref=JGIDB:Mycgr3_88630] [protein=hypothetical protein] [protein_id=EGP92762.1] [location=complement(269253..270098)] [gbkey=CDS]	53.37701630347128	0.7592609147568031	0.5	0.5380952380952381	0.6296296296296297	0.8472557764415876
lcl|CM001196.1_cds_EGP90828.1_51 [locus_tag=MYCGRDRAFT_98146] [db_xref=InterPro:IPR006845,JGIDB:Mycgr3_98146] [protein=hypothetical protein] [protein_id=EGP90828.1] [location=join(271488..272794,272900..273014)] [gbkey=CDS]	48.06369498974166	0.7655946603478495	0.5010989010989011	0.5437853107344632	0.5714285714285714	0.8531787662585216
lcl|CM001196.1_cds_EGP90829.1_52 [locus_tag=MYCGRDRAFT_64902] [db_xref=InterPro:IPR006114,InterPro:IPR006115,JGIDB:Mycgr3_64902] [protein=hypothetical protein] [protein_id=EGP90829.1] [location=join(273593..274014,274067..275138)] [gbkey=CDS]	52.02664241555954	0.7749834950517666	0.5520169851380042	0.5544354838709677	0.643312101910828	0.8546107619149474
lcl|CM001196.1_cds_EGP92761.1_53 [locus_tag=MYCGRDRAFT_32213] [db_xref=InterPro:IPR001140,InterPro:IPR003439,JGIDB:Mycgr3_32213] [protein=putative ABC transporter] [protein_id=EGP92761.1] [location=complement(278572..283062)] [gbkey=CDS]	49.719714471055866	0.7892837563883727	0.5494043447792571	0.5565217391304348	0.6657323055360898	0.8573051689319434
lcl|CM001196.1_cds_EGP90831.1_55 [locus_tag=MYCGRDRAFT_64907] [db_xref=JGIDB:Mycgr3_64907] [protein=hypothetical protein] [protein_id=EGP90831.1] [location=289005..290279] [gbkey=CDS]	52.22308830605187	0.7513477241491143	0.47715736040609136	0.5807722616233254	0.649746192893401	0.8571019860539784
lcl|CM001196.1_cds_EGP92760.1_56 [locus_tag=MYCGRDRAFT_64910] [db_xref=JGIDB:Mycgr3_64910] [protein=hypothetical protein] [protein_id=EGP92760.1] [location=complement(290539..292224)] [gbkey=CDS]	48.84392918237761	0.7775780643075355	0.5367647058823529	0.5613095238095238	0.6764705882352942	0.8582385209254799
lcl|CM001196.1_cds_EGP90833.1_58 [locus_tag=MYCGRDRAFT_98150] [db_xref=InterPro:IPR001248,JGIDB:Mycgr3_98150] [protein=hypothetical protein] [protein_id=EGP90833.1] [location=296406..297950] [gbkey=CDS]	47.53857968148985	0.8008067314670274	0.5979166666666667	0.5743989603638726	0.6791666666666667	0.856711915400827
lcl|CM001196.1_cds_EGP90835.1_60 [locus_tag=MYCGRDRAFT_88639] [db_xref=JGIDB:Mycgr3_88639] [protein=hypothetical protein] [protein_id=EGP90835.1] [location=join(303543..303571,303940..303959,304705..304859,304912..305015,305239..305638,305733..305909)] [gbkey=CDS]	51.15445649562302	0.7806544178106131	0.4666666666666667	0.5790671217292378	0.5649122807017544	0.8521405277779728
lcl|CM001196.1_cds_EGP90836.1_61 [locus_tag=MYCGRDRAFT_88640] [db_xref=JGIDB:Mycgr3_88640] [protein=hypothetical protein] [protein_id=EGP90836.1] [location=join(307304..307553,307623..307942)] [gbkey=CDS]	46.78338967600831	0.8099502774613723	0.5955056179775281	0.6081560283687943	0.7696629213483146	0.8570225644190574
lcl|CM001196.1_cds_EGP92759.1_62 [locus_tag=MYCGRDRAFT_88641] [db_xref=JGIDB:Mycgr3_88641] [protein=hypothetical protein] [protein_id=EGP92759.1] [location=complement(join(308550..308607,308663..308789,308850..308967))] [gbkey=CDS]	45.293884670371064	0.8612484347952489	0.648936170212766	0.632996632996633	0.7978723404255319	0.8589524243749137
lcl|CM001196.1_cds_EGP92758.1_63 [locus_tag=MYCGRDRAFT_88642] [db_xref=JGIDB:Mycgr3_88642] [protein=hypothetical protein] [protein_id=EGP92758.1] [location=complement(join(309601..310222,310275..310277,310328..310850,310940..311106,311171..311484))] [gbkey=CDS]	52.97764326885145	0.7749837997875524	0.5239005736137667	0.5403573629081947	0.621414913957935	0.8556245699657204
lcl|CM001196.1_cds_EGP92757.1_64 [locus_tag=MYCGRDRAFT_88643] [db_xref=JGIDB:Mycgr3_88643] [protein=hypothetical protein] [protein_id=EGP92757.1] [location=complement(join(313055..313083,313373..313620,313881..313957))] [gbkey=CDS]	53.56732223228815	0.7474081383647903	0.45132743362831856	0.5086206896551724	0.5929203539823009	0.8630079305165967
lcl|CM001196.1_cds_EGP90837.1_65 [locus_tag=MYCGRDRAFT_88644] [db_xref=JGIDB:Mycgr3_88644] [protein=Ca2+/calmodulin-dependent protein kinase] [protein_id=EGP90837.1] [location=join(316103..318732,318784..319033,319100..319112,319372..319430,319738..321377,321515..321569,321805..321866,322308..322349,322498..325158,325217..325365,325419..325558,325753..325839)] [gbkey=CDS]	57.99572882186408	0.7436083341078257	0.44852644327815905	0.5363659727576459	0.5425918449737586	0.8561220084415654
lcl|CM001196.1_cds_EGP92756.1_66 [locus_tag=MYCGRDRAFT_64915] [db_xref=InterPro:IPR002103,JGIDB:Mycgr3_64915] [protein=hypothetical protein] [protein_id=EGP92756.1] [location=complement(join(328405..329178,329233..329766))] [gbkey=CDS]	47.489095493065705	0.8181165244860351	0.5924170616113744	0.5560675883256528	0.7274881516587678	0.8582850311143277
lcl|CM001196.1_cds_EGP92754.1_68 [locus_tag=MYCGRDRAFT_31554] [db_xref=InterPro:IPR003959,JGIDB:Mycgr3_31554] [protein=hypothetical protein] [protein_id=EGP92754.1] [location=complement(join(334756..334948,335090..335253,335310..335611,335669..336000,336085..336967,337019..337193))] [gbkey=CDS]	41.18714241169921	0.8693314479500974	0.7151515151515152	0.5903083700440529	0.7863636363636364	0.857443547958281
lcl|CM001196.1_cds_EGP92753.1_69 [locus_tag=MYCGRDRAFT_88647] [db_xref=JGIDB:Mycgr3_88647] [protein=hypothetical protein] [protein_id=EGP92753.1] [location=complement(join(342389..342608,343072..343922,343977..344777))] [gbkey=CDS]	53.56505998894071	0.7576405865544608	0.47254575707154745	0.5562700964630225	0.5757071547420965	0.8531587177517669
lcl|CM001196.1_cds_EGP92752.1_70 [locus_tag=MYCGRDRAFT_88648] [db_xref=JGIDB:Mycgr3_88648] [protein=hypothetical protein] [protein_id=EGP92752.1] [location=complement(join(345834..346355,347133..347144))] [gbkey=CDS]	53.134793163078996	0.7577397012210035	0.46153846153846156	0.5284090909090909	0.5739644970414202	0.8510814910215956
lcl|CM001196.1_cds_EGP90838.1_71 [locus_tag=MYCGRDRAFT_64917] [db_xref=InterPro:IPR000648,JGIDB:Mycgr3_64917] [protein=hypothetical protein] [protein_id=EGP90838.1] [location=join(348282..348883,348951..349893)] [gbkey=CDS]	50.777741121278616	0.8026743627092219	0.532520325203252	0.5607537361923327	0.6483739837398373	0.8574978105729322
lcl|CM001196.1_cds_EGP90839.1_72 [locus_tag=MYCGRDRAFT_88650] [db_xref=JGIDB:Mycgr3_88650] [protein=hypothetical protein] [protein_id=EGP90839.1] [location=join(351187..351375,351568..352101,352601..352626,352910..353108)] [gbkey=CDS]	51.32645074123839	0.7973299526138372	0.5551948051948052	0.5414012738853503	0.6428571428571429	0.8570180118095205
lcl|CM001196.1_cds_EGP90840.1_73 [locus_tag=MYCGRDRAFT_106752] [db_xref=InterPro:IPR002110,InterPro:IPR007087,JGIDB:Mycgr3_106752] [protein=hypothetical protein] [protein_id=EGP90840.1] [location=353858..356317] [gbkey=CDS]	47.69092086489856	0.8198859873154102	0.5656050955414013	0.5973920130399348	0.6840764331210191	0.8498162896063672
lcl|CM001196.1_cds_EGP92750.1_75 [locus_tag=MYCGRDRAFT_32102] [db_xref=InterPro:IPR002734,JGIDB:Mycgr3_32102] [protein=hypothetical protein] [protein_id=EGP92750.1] [location=complement(358191..358973)] [gbkey=CDS]	46.46294019558414	0.8257207550195487	0.5789473684210527	0.631917631917632	0.7651821862348178	0.8621571226936068
lcl|CM001196.1_cds_EGP90841.1_76 [locus_tag=MYCGRDRAFT_106753] [db_xref=JGIDB:Mycgr3_106753] [protein=hypothetical protein] [protein_id=EGP90841.1] [location=join(360517..360773,360831..362083,362147..362686,363151..363476)] [gbkey=CDS]	47.3976253340667	0.8285740102989726	0.613965744400527	0.5649789029535865	0.6877470355731226	0.8543721010739677
lcl|CM001196.1_cds_EGP90842.1_77 [locus_tag=MYCGRDRAFT_88655] [db_xref=InterPro:IPR001138,InterPro:IPR007219,JGIDB:Mycgr3_88655] [protein=hypothetical protein] [protein_id=EGP90842.1] [location=join(366450..366611,366665..366994,367052..367189,367247..367475,367526..369405)] [gbkey=CDS]	53.99590468736099	0.7829838370198786	0.4855824682814302	0.5642151481888035	0.6113033448673587	0.8559115210254927
lcl|CM001196.1_cds_EGP92749.1_78 [locus_tag=MYCGRDRAFT_64923] [db_xref=InterPro:IPR002198,JGIDB:Mycgr3_64923] [protein=hypothetical protein] [protein_id=EGP92749.1] [location=complement(join(375594..375842,375909..376460))] [gbkey=CDS]	33.52355413883997	0.9311734557134046	0.890625	0.6364779874213836	0.890625	0.8453244053797017
lcl|CM001196.1_cds_EGP92748.1_79 [locus_tag=MYCGRDRAFT_32474] [db_xref=InterPro:IPR005101,InterPro:IPR006050,JGIDB:Mycgr3_32474] [protein=hypothetical protein] [protein_id=EGP92748.1] [location=complement(379302..381080)] [gbkey=CDS]	53.3109908231947	0.7649652556711081	0.48226950354609927	0.5634517766497462	0.5815602836879432	0.8539742371065989
lcl|CM001196.1_cds_EGP90844.1_81 [locus_tag=MYCGRDRAFT_101995] [db_xref=InterPro:IPR001841,JGIDB:Mycgr3_101995] [protein=hypothetical protein] [protein_id=EGP90844.1] [location=383038..383349] [gbkey=CDS]	49.79267772073849	0.7364430881372899	0.41836734693877553	0.5980392156862745	0.6020408163265306	0.862802102666243
lcl|CM001196.1_cds_EGP90845.1_82 [locus_tag=MYCGRDRAFT_35093] [db_xref=InterPro:IPR006811,JGIDB:Mycgr3_35093] [protein=hypothetical protein] [protein_id=EGP90845.1] [location=join(384317..384474,384528..384807,384871..385260)] [gbkey=CDS]	51.44172969028161	0.759139204689309	0.4790874524714829	0.5705596107055961	0.6539923954372624	0.8602790750555398
lcl|CM001196.1_cds_EGP90846.1_83 [locus_tag=MYCGRDRAFT_106756] [db_xref=JGIDB:Mycgr3_106756] [protein=hypothetical protein] [protein_id=EGP90846.1] [location=387590..387967] [gbkey=CDS]	45.88742255672056	0.8292457201951285	0.6854838709677419	0.6129032258064516	0.75	0.8388193186995174
lcl|CM001196.1_cds_EGP92747.1_84 [locus_tag=MYCGRDRAFT_88661] [db_xref=JGIDB:Mycgr3_88661] [protein=hypothetical protein] [protein_id=EGP92747.1] [location=complement(join(400522..400595,400652..400835,401186..401218,401340..401360,401499..401539,401632..401706,401813..401837,402101..402178))] [gbkey=CDS]	48.06322929086173	0.7933264518287924	0.5523255813953488	0.6209523809523809	0.686046511627907	0.8457389208549955
lcl|CM001196.1_cds_EGP92746.1_85 [locus_tag=MYCGRDRAFT_98153] [db_xref=InterPro:IPR000868,JGIDB:Mycgr3_98153] [protein=hypothetical protein] [protein_id=EGP92746.1] [location=complement(join(404184..404589,404643..404895,405607..405634))] [gbkey=CDS]	47.10092650170955	0.8359751485026015	0.5954545454545455	0.580029368575624	0.759090909090909	0.8525222921643018
lcl|CM001196.1_cds_EGP92745.1_86 [locus_tag=MYCGRDRAFT_88663] [db_xref=JGIDB:Mycgr3_88663] [protein=hypothetical protein] [protein_id=EGP92745.1] [location=complement(406098..406400)] [gbkey=CDS]	50.56336968236472	0.8002562160417306	0.5625	0.5353535353535354	0.6979166666666666	0.8575931195696012
lcl|CM001196.1_cds_EGP92744.1_87 [locus_tag=MYCGRDRAFT_88664] [db_xref=JGIDB:Mycgr3_88664] [protein=hypothetical protein] [protein_id=EGP92744.1] [location=complement(409004..409441)] [gbkey=CDS]	50.301132783505025	0.7786794780400614	0.5971223021582733	0.5648148148148148	0.697841726618705	0.8410319265999626
lcl|CM001196.1_cds_EGP90847.1_88 [locus_tag=MYCGRDRAFT_88665] [db_xref=JGIDB:Mycgr3_88665] [protein=hypothetical protein] [protein_id=EGP90847.1] [location=join(411458..411868,412006..412128)] [gbkey=CDS]	47.81997266904249	0.8488198940117764	0.6569767441860465	0.5587121212121212	0.7209302325581395	0.8397841035889232
lcl|CM001196.1_cds_EGP92743.1_89 [locus_tag=MYCGRDRAFT_31466] [db_xref=InterPro:IPR002656,JGIDB:Mycgr3_31466] [protein=membrane protein acetyltransferase-like protein] [protein_id=EGP92743.1] [location=complement(413323..414744)] [gbkey=CDS]	50.910549969745716	0.7603735655344006	0.510250569476082	0.5840395480225988	0.7015945330296127	0.8588659638007583
lcl|CM001196.1_cds_EGP90848.1_90 [locus_tag=MYCGRDRAFT_88667] [db_xref=InterPro:IPR003689,JGIDB:Mycgr3_88667] [protein=hypothetical protein] [protein_id=EGP90848.1] [location=join(416100..416568,416627..417309)] [gbkey=CDS]	45.37562314557325	0.7858524668152723	0.5374331550802139	0.5986038394415357	0.6951871657754011	0.8534785576339822
lcl|CM001196.1_cds_EGP92742.1_91 [locus_tag=MYCGRDRAFT_64933] [db_xref=JGIDB:Mycgr3_64933] [protein=hypothetical protein] [protein_id=EGP92742.1] [location=complement(join(417681..417974,418045..418314))] [gbkey=CDS]	51.57231806601212	0.7381509038061916	0.47540983606557374	0.5304659498207885	0.6010928961748634	0.8592157643798266
lcl|CM001196.1_cds_EGP92741.1_94 [locus_tag=MYCGRDRAFT_88671] [db_xref=JGIDB:Mycgr3_88671] [protein=hypothetical protein] [protein_id=EGP92741.1] [location=complement(join(424317..425464,426250..426982))] [gbkey=CDS]	51.76783519680951	0.8049386053398332	0.5514950166112956	0.5530666666666667	0.6445182724252492	0.8553099935885196
lcl|CM001196.1_cds_EGP90852.1_96 [locus_tag=MYCGRDRAFT_33111] [db_xref=InterPro:IPR004843,JGIDB:Mycgr3_33111] [protein=hypothetical protein] [protein_id=EGP90852.1] [location=join(442531..442651,442712..444078)] [gbkey=CDS]	52.248551839866586	0.7827594320097059	0.5303983228511531	0.5479082321187584	0.5974842767295597	0.8554238017915516
lcl|CM001196.1_cds_EGP90853.1_97 [locus_tag=MYCGRDRAFT_88674] [db_xref=JGIDB:Mycgr3_88674] [protein=hypothetical protein] [protein_id=EGP90853.1] [location=join(444387..444497,444675..445574,446049..446096)] [gbkey=CDS]	51.845875131897635	0.784149710902414	0.5473372781065089	0.5574548907882241	0.6449704142011834	0.8506905988378165
lcl|CM001196.1_cds_EGP92740.1_98 [locus_tag=MYCGRDRAFT_101997] [db_xref=InterPro:IPR000504,JGIDB:Mycgr3_101997] [protein=hypothetical protein] [protein_id=EGP92740.1] [location=complement(join(447562..447783,447840..448094))] [gbkey=CDS]	50.85527029401705	0.812878332506486	0.535483870967742	0.5966029723991507	0.6903225806451613	0.8591604059583948
lcl|CM001196.1_cds_EGP90855.1_100 [locus_tag=MYCGRDRAFT_98156] [db_xref=InterPro:IPR002155,JGIDB:Mycgr3_98156] [protein=hypothetical protein] [protein_id=EGP90855.1] [location=join(454691..455187,455243..456125)] [gbkey=CDS]	47.473707555154036	0.8351339350943312	0.6284403669724771	0.5800582241630277	0.7247706422018348	0.8502111621437547
lcl|CM001196.1_cds_EGP90856.1_101 [locus_tag=MYCGRDRAFT_106762] [db_xref=InterPro:IPR000277,JGIDB:Mycgr3_106762] [protein=hypothetical protein] [protein_id=EGP90856.1] [location=join(456512..457780,458348..458770)] [gbkey=CDS]	47.978043410345606	0.751801594038812	0.48428835489833644	0.5907473309608541	0.6820702402957486	0.8579871447122722
lcl|CM001196.1_cds_EGP92739.1_102 [locus_tag=MYCGRDRAFT_88680] [db_xref=JGIDB:Mycgr3_88680] [protein=hypothetical protein] [protein_id=EGP92739.1] [location=complement(join(459400..459479,459595..462054,462180..462315,462437..463939))] [gbkey=CDS]	54.89147261710219	0.7587734592407199	0.4582409460458241	0.5772825305535586	0.6016260162601627	0.8564241413375743
lcl|CM001196.1_cds_EGP90857.1_104 [locus_tag=MYCGRDRAFT_64952] [db_xref=InterPro:IPR002130,JGIDB:Mycgr3_64952] [protein=hypothetical protein] [protein_id=EGP90857.1] [location=join(476536..476737,476858..477027,477100..477402)] [gbkey=CDS]	37.48476412658089	0.8931850615123585	0.8387096774193549	0.5994020926756353	0.7880184331797235	0.8512821153573352
lcl|CM001196.1_cds_EGP90858.1_105 [locus_tag=MYCGRDRAFT_102005] [db_xref=InterPro:IPR000218,JGIDB:Mycgr3_102005] [protein=hypothetical protein] [protein_id=EGP90858.1] [location=join(478286..478296,478369..478419,478645..478891,478978..479055,479116..479148)] [gbkey=CDS]	45.378470270782636	0.8694138215654372	0.7131782945736435	0.6159420289855072	0.7984496124031008	0.8519720205442388
lcl|CM001196.1_cds_EGP92736.1_107 [locus_tag=MYCGRDRAFT_64956] [db_xref=InterPro:IPR000008,JGIDB:Mycgr3_64956] [protein=hypothetical protein] [protein_id=EGP92736.1] [location=complement(join(486232..487832,487892..488786,488871..490483,490586..490784))] [gbkey=CDS]	48.225135432649466	0.8191020880607849	0.5953757225433526	0.5609019060901906	0.6864161849710982	0.855816194901007
lcl|CM001196.1_cds_EGP92735.1_108 [locus_tag=MYCGRDRAFT_34130] [db_xref=JGIDB:Mycgr3_34130] [protein=hypothetical protein] [protein_id=EGP92735.1] [location=complement(491933..492364)] [gbkey=CDS]	48.82294690934098	0.8481023738161507	0.6666666666666666	0.5469483568075117	0.7111111111111111	0.8539375414847983
lcl|CM001196.1_cds_EGP90859.1_109 [locus_tag=MYCGRDRAFT_106768] [db_xref=InterPro:IPR000209,JGIDB:Mycgr3_106768] [protein=hypothetical protein] [protein_id=EGP90859.1] [location=join(493684..494392,494446..494749,495104..495202,495366..495623,495693..497359,497417..497541)] [gbkey=CDS]	51.28986985419497	0.7830786155313249	0.5078895463510849	0.5595690747782003	0.6725838264299803	0.8570497420969609
lcl|CM001196.1_cds_EGP90860.1_110 [locus_tag=MYCGRDRAFT_106769] [db_xref=JGIDB:Mycgr3_106769] [protein=hypothetical protein] [protein_id=EGP90860.1] [location=join(497958..498545,498610..498849)] [gbkey=CDS]	50.061255032424164	0.7170539107264704	0.44528301886792454	0.5669099756690997	0.6490566037735849	0.8588034904085524
lcl|CM001196.1_cds_EGP90861.1_111 [locus_tag=MYCGRDRAFT_64960] [db_xref=InterPro:IPR002618,JGIDB:Mycgr3_64960] [protein=hypothetical protein] [protein_id=EGP90861.1] [location=join(500543..500647,501072..501167,501221..502588)] [gbkey=CDS]	37.5559749856731	0.8851253703029401	0.777120315581854	0.5706973768394114	0.7948717948717948	0.8541094883123549
lcl|CM001196.1_cds_EGP90862.1_112 [locus_tag=MYCGRDRAFT_88691] [db_xref=JGIDB:Mycgr3_88691] [protein=hydrophobin-like protein] [protein_id=EGP90862.1] [location=join(509647..510000,510135..511503,511570..511646,511713..511875,511945..512009,512067..512235,512313..512377,512523..512588,512656..512738,512803..512842)] [gbkey=CDS]	49.82103183343604	0.7940898651331335	0.5234567901234568	0.5987730061349693	0.6024691358024692	0.8476750192532071
lcl|CM001196.1_cds_EGP92734.1_113 [locus_tag=MYCGRDRAFT_102012] [db_xref=InterPro:IPR002124,JGIDB:Mycgr3_102012] [protein=hypothetical protein] [protein_id=EGP92734.1] [location=complement(join(515839..516113,516167..516325,516402..516458,516527..516617))] [gbkey=CDS]	44.79071234392057	0.8668368968340969	0.6666666666666666	0.6059027777777778	0.7043010752688172	0.850008048164206
lcl|CM001196.1_cds_EGP90863.1_114 [locus_tag=MYCGRDRAFT_83336] [db_xref=JGIDB:Mycgr3_83336] [protein=hypothetical protein] [protein_id=EGP90863.1] [location=join(523437..523803,523862..524817)] [gbkey=CDS]	46.6613530427474	0.8034975539678497	0.5801886792452831	0.5998481397114654	0.6462264150943396	0.8557974375483265
lcl|CM001196.1_cds_EGP92733.1_115 [locus_tag=MYCGRDRAFT_88695] [db_xref=JGIDB:Mycgr3_88695] [protein=hypothetical protein] [protein_id=EGP92733.1] [location=complement(525245..528061)] [gbkey=CDS]	56.56662650803848	0.7483198080016156	0.4119601328903654	0.5649235147634294	0.5448504983388704	0.859039539667464
lcl|CM001196.1_cds_EGP92732.1_116 [locus_tag=MYCGRDRAFT_88696] [db_xref=JGIDB:Mycgr3_88696] [protein=hypothetical protein] [protein_id=EGP92732.1] [location=complement(join(529344..532371,532437..532842,532981..533018,533599..533909))] [gbkey=CDS]	54.273838561474435	0.7725059552789657	0.4696223316912972	0.5676462801164945	0.5706075533661741	0.8564794269500647
lcl|CM001196.1_cds_EGP90864.1_117 [locus_tag=MYCGRDRAFT_83337] [db_xref=JGIDB:Mycgr3_83337] [protein=hypothetical protein] [protein_id=EGP90864.1] [location=534698..534961] [gbkey=CDS]	52.843433473947606	0.7297696399969033	0.3333333333333333	0.49612403100775193	0.47619047619047616	0.861138138338105
lcl|CM001196.1_cds_EGP90865.1_118 [locus_tag=MYCGRDRAFT_88698] [db_xref=JGIDB:Mycgr3_88698] [protein=hypothetical protein] [protein_id=EGP90865.1] [location=join(536720..536772,536829..537015,537089..537157,537226..537396)] [gbkey=CDS]	46.1514556100413	0.8672612250444083	0.6623376623376623	0.5928270042194093	0.7467532467532467	0.8364195051915292
lcl|CM001196.1_cds_EGP90867.1_120 [locus_tag=MYCGRDRAFT_78092] [db_xref=JGIDB:Mycgr3_78092] [protein=hypothetical protein] [protein_id=EGP90867.1] [location=542471..542755] [gbkey=CDS]	53.09121847122623	0.7256165251752206	0.45054945054945056	0.5519713261648745	0.6153846153846154	0.8405889386046939
lcl|CM001196.1_cds_EGP92731.1_121 [locus_tag=MYCGRDRAFT_88700] [db_xref=JGIDB:Mycgr3_88700] [protein=hypothetical protein] [protein_id=EGP92731.1] [location=complement(544973..546640)] [gbkey=CDS]	51.662305859664926	0.7924461703399913	0.5671641791044776	0.5649819494584838	0.6455223880597015	0.847173566619734
lcl|CM001196.1_cds_EGP90868.1_122 [locus_tag=MYCGRDRAFT_64973] [db_xref=InterPro:IPR000133,JGIDB:Mycgr3_64973] [protein=hypothetical protein] [protein_id=EGP90868.1] [location=join(548999..549385,549441..550157)] [gbkey=CDS]	48.51967615180491	0.8149229281813284	0.5444126074498568	0.5683060109289617	0.7163323782234957	0.8596552038056651
lcl|CM001196.1_cds_EGP90869.1_123 [locus_tag=MYCGRDRAFT_64976] [db_xref=InterPro:IPR000581,JGIDB:Mycgr3_64976] [protein=hypothetical protein] [protein_id=EGP90869.1] [location=550543..552333] [gbkey=CDS]	46.08195423618801	0.7868428915354554	0.5802469135802469	0.5703081232492997	0.6825396825396826	0.85488095991415
lcl|CM001196.1_cds_EGP92730.1_124 [locus_tag=MYCGRDRAFT_64979] [db_xref=InterPro:IPR000719,JGIDB:Mycgr3_64979] [protein=Ca2+/calmodulin-dependent protein kinase] [protein_id=EGP92730.1] [location=complement(join(552672..553839,553889..554133,554262..554309,554436..554984))] [gbkey=CDS]	49.470402775800146	0.8101347480854197	0.5867895545314901	0.5723552894211577	0.663594470046083	0.857091047307961
lcl|CM001196.1_cds_EGP90870.1_125 [locus_tag=MYCGRDRAFT_88705] [db_xref=JGIDB:Mycgr3_88705] [protein=hypothetical protein] [protein_id=EGP90870.1] [location=join(561886..562615,562703..562976,563028..563706)] [gbkey=CDS]	52.5628004611461	0.7814323725141241	0.5300751879699248	0.5515802027429935	0.6165413533834586	0.855600615380406
lcl|CM001196.1_cds_EGP92729.1_126 [gene=LEN2] [locus_tag=MYCGRDRAFT_117731] [db_xref=InterPro:IPR001087,JGIDB:Mycgr3_117731] [protein=lipolytic enzyme/sugar transporter] [protein_id=EGP92729.1] [location=complement(join(566184..566284,566368..566546,566622..567048,567102..567163,567219..567517))] [gbkey=CDS]	51.848624261981016	0.753929373208981	0.47619047619047616	0.5508474576271186	0.6458333333333334	0.8563968717608417
lcl|CM001196.1_cds_EGP92728.1_127 [locus_tag=MYCGRDRAFT_102016] [db_xref=JGIDB:Mycgr3_102016] [protein=hypothetical protein] [protein_id=EGP92728.1] [location=complement(join(568253..569182,569245..569334))] [gbkey=CDS]	40.68956882741958	0.8646088712140005	0.6596385542168675	0.6301775147928994	0.713855421686747	0.849347021681246
lcl|CM001196.1_cds_EGP92727.1_128 [gene=MgEXG1] [locus_tag=MYCGRDRAFT_106779] [db_xref=InterPro:IPR001547,JGIDB:Mycgr3_106779] [protein=putative Exo-beta-1,3-glucanase] [protein_id=EGP92727.1] [location=complement(join(571914..572947,573004..573054,573114..573282))] [gbkey=CDS]	48.754608145890316	0.7937192609477967	0.5894206549118388	0.5801282051282052	0.672544080604534	0.854236782588686
lcl|CM001196.1_cds_EGP90871.1_129 [locus_tag=MYCGRDRAFT_106780] [db_xref=JGIDB:Mycgr3_106780] [protein=hypothetical protein] [protein_id=EGP90871.1] [location=577551..578981] [gbkey=CDS]	40.77112241470267	0.8987094281341481	0.6637931034482759	0.656140350877193	0.75	0.8345274322911115
lcl|CM001196.1_cds_EGP92726.1_130 [locus_tag=MYCGRDRAFT_33635] [db_xref=InterPro:IPR001395,JGIDB:Mycgr3_33635] [protein=hypothetical protein] [protein_id=EGP92726.1] [location=complement(join(579845..580231,580284..580690,580879..580948))] [gbkey=CDS]	53.928273291516966	0.7648130452418817	0.5272727272727272	0.541958041958042	0.6363636363636364	0.8600518971204145
lcl|CM001196.1_cds_EGP90872.1_131 [locus_tag=MYCGRDRAFT_106782] [db_xref=InterPro:IPR005140,InterPro:IPR005141,InterPro:IPR005142,InterPro:IPR006175,JGIDB:Mycgr3_106782] [protein=hypothetical protein] [protein_id=EGP90872.1] [location=join(581426..581506,581559..582699,583058..583159,583221..583234,583294..583461,583534..583698)] [gbkey=CDS]	51.739583972989706	0.7810531706025737	0.4906716417910448	0.554954954954955	0.6436567164179104	0.85948203335325
lcl|CM001196.1_cds_EGP92724.1_133 [locus_tag=MYCGRDRAFT_34487] [db_xref=InterPro:IPR000048,InterPro:IPR000593,InterPro:IPR001715,InterPro:IPR001936,JGIDB:Mycgr3_34487] [protein=ras GTPase] [protein_id=EGP92724.1] [location=complement(join(587103..587173,587207..587884,588008..591962))] [gbkey=CDS]	54.15368553833992	0.7733542573979351	0.5098814229249012	0.545338441890166	0.6040843214756259	0.8596876576045
lcl|CM001196.1_cds_EGP90873.1_134 [locus_tag=MYCGRDRAFT_106783] [db_xref=InterPro:IPR000644,InterPro:IPR001093,JGIDB:Mycgr3_106783] [protein=hypothetical protein] [protein_id=EGP90873.1] [location=join(593177..593690,593892..595039)] [gbkey=CDS]	46.43050530448873	0.8245732831210837	0.6409774436090225	0.5736714975845411	0.6917293233082706	0.8560959474101142
lcl|CM001196.1_cds_EGP92723.1_135 [locus_tag=MYCGRDRAFT_88714] [db_xref=JGIDB:Mycgr3_88714] [protein=hypothetical protein] [protein_id=EGP92723.1] [location=complement(join(598688..598999,599373..601550))] [gbkey=CDS]	54.674845299525856	0.7372362403630016	0.3820638820638821	0.5672302737520128	0.5466830466830467	0.8558528118466872
lcl|CM001196.1_cds_EGP90874.1_136 [gene=MgSCP11] [locus_tag=MYCGRDRAFT_35026] [db_xref=InterPro:IPR008758,JGIDB:Mycgr3_35026] [protein=serine carboxypeptidase] [protein_id=EGP90874.1] [location=603090..604706] [gbkey=CDS]	56.0450494091325	0.7363786472225876	0.45930232558139533	0.5369335816263191	0.5523255813953488	0.8528864278314894
lcl|CM001196.1_cds_EGP92722.1_137 [gene=CYP-47] [locus_tag=MYCGRDRAFT_64993] [db_xref=InterPro:IPR001128,JGIDB:Mycgr3_64993] [protein=putative P450 monooxygenase] [protein_id=EGP92722.1] [location=complement(join(606594..607202,607256..607632,607681..608209))] [gbkey=CDS]	52.02701849118428	0.7787119894201989	0.5421940928270043	0.5288270377733598	0.6350210970464135	0.8588875179684431
lcl|CM001196.1_cds_EGP92721.1_138 [locus_tag=MYCGRDRAFT_102019] [db_xref=JGIDB:Mycgr3_102019] [protein=hypothetical protein] [protein_id=EGP92721.1] [location=complement(join(608688..608875,608932..609790))] [gbkey=CDS]	50.596768821700664	0.7982433027442338	0.5121951219512195	0.5696445725264169	0.6585365853658537	0.8583645644622673
lcl|CM001196.1_cds_EGP90875.1_139 [locus_tag=MYCGRDRAFT_102020] [db_xref=JGIDB:Mycgr3_102020] [protein=hypothetical protein] [protein_id=EGP90875.1] [location=610258..610452] [gbkey=CDS]	49.422212704856385	0.8128613101637019	0.559322033898305	0.544973544973545	0.6779661016949152	0.8591467865760293
lcl|CM001196.1_cds_EGP92720.1_140 [locus_tag=MYCGRDRAFT_88718] [db_xref=InterPro:IPR007087,JGIDB:Mycgr3_88718] [protein=hypothetical protein] [protein_id=EGP92720.1] [location=complement(join(615870..616026,616379..616481,616594..616739,616896..616998,617132..617207,617655..618812,619085..619249))] [gbkey=CDS]	50.825057989199934	0.7987616584442864	0.565359477124183	0.5672975814931651	0.6225490196078431	0.8491916734541427
lcl|CM001196.1_cds_EGP92719.1_141 [gene=GALM2] [locus_tag=MYCGRDRAFT_98175] [db_xref=InterPro:IPR008183,JGIDB:Mycgr3_98175] [protein=aldose 1-epimerase] [protein_id=EGP92719.1] [location=complement(join(620486..620599,620655..621426,621482..621771))] [gbkey=CDS]	46.30767857983034	0.8434367069067087	0.6157894736842106	0.5726495726495726	0.7368421052631579	0.856256828896101
lcl|CM001196.1_cds_EGP92718.1_142 [locus_tag=MYCGRDRAFT_32965] [db_xref=JGIDB:Mycgr3_32965] [protein=hypothetical protein] [protein_id=EGP92718.1] [location=complement(join(622734..622966,623019..623488,623543..623868))] [gbkey=CDS]	54.17288341505345	0.7541497541930768	0.4584615384615385	0.5395894428152492	0.5846153846153846	0.851350573188917
lcl|CM001196.1_cds_EGP92717.1_143 [locus_tag=MYCGRDRAFT_34594] [db_xref=InterPro:IPR000120,JGIDB:Mycgr3_34594] [protein=hypothetical protein] [protein_id=EGP92717.1] [location=complement(join(626689..628360,628476..628516))] [gbkey=CDS]	51.39802470817986	0.7907061016936692	0.5055350553505535	0.5371997656707674	0.5922509225092251	0.855116562481599
lcl|CM001196.1_cds_EGP92716.1_144 [locus_tag=MYCGRDRAFT_65005] [db_xref=InterPro:IPR001138,JGIDB:Mycgr3_65005] [protein=hypothetical protein] [protein_id=EGP92716.1] [location=complement(join(629897..630708,630762..631926,632023..632100))] [gbkey=CDS]	54.359571486817906	0.763853829156607	0.47560975609756095	0.55392874572962425	0.5746951219512195	0.8552735519106276
lcl|CM001196.1_cds_EGP90877.1_146 [locus_tag=MYCGRDRAFT_106788] [db_xref=JGIDB:Mycgr3_106788] [protein=hypothetical protein] [protein_id=EGP90877.1] [location=635923..638724] [gbkey=CDS]	54.82214225881952	0.7652021286568689	0.4461538461538462	0.5565092989985694	0.5681318681318681	0.8579065020990042
lcl|CM001196.1_cds_EGP92715.1_147 [locus_tag=MYCGRDRAFT_88725] [db_xref=JGIDB:Mycgr3_88725] [protein=hypothetical protein] [protein_id=EGP92715.1] [location=complement(join(639435..640175,640239..640370))] [gbkey=CDS]	42.065995720553126	0.8532896147943835	0.6956521739130435	0.6424452133794695	0.782608695652174	0.8585994567349455
lcl|CM001196.1_cds_EGP92711.1_151 [locus_tag=MYCGRDRAFT_98177] [db_xref=InterPro:IPR000555,JGIDB:Mycgr3_98177] [protein=hypothetical protein] [protein_id=EGP92711.1] [location=complement(join(653919..656354,656426..656451,656513..656560,656615..656656,656711..656771,656828..661312))] [gbkey=CDS]	47.62766319520204	0.8244355110429448	0.6194926568758344	0.5401861252115059	0.6858032932799288	0.8577775689308103
lcl|CM001196.1_cds_EGP90878.1_152 [locus_tag=MYCGRDRAFT_102027] [db_xref=InterPro:IPR008195,JGIDB:Mycgr3_102027] [protein=hypothetical protein] [protein_id=EGP90878.1] [location=join(661694..661720,661805..661942,662078..662263)] [gbkey=CDS]	44.79363300876097	0.8657116280426086	0.7522123893805309	0.5942028985507246	0.7345132743362832	0.8479161271398435
lcl|CM001196.1_cds_EGP90879.1_153 [locus_tag=MYCGRDRAFT_106793] [db_xref=InterPro:IPR001138,InterPro:IPR007087,JGIDB:Mycgr3_106793] [protein=hypothetical protein] [protein_id=EGP90879.1] [location=join(663731..665002,665058..666236)] [gbkey=CDS]	55.8268792990739	0.745830357644313	0.46496815286624205	0.5574642126789366	0.5834394904458599	0.8588372586929572
lcl|CM001196.1_cds_EGP90880.1_154 [locus_tag=MYCGRDRAFT_88732] [db_xref=JGIDB:Mycgr3_88732] [protein=hypothetical protein] [protein_id=EGP90880.1] [location=666685..667593] [gbkey=CDS]	51.286769666501385	0.7928322325592956	0.511864406779661	0.5614617940199336	0.6542372881355932	0.850439402229134
lcl|CM001196.1_cds_EGP92710.1_155 [locus_tag=MYCGRDRAFT_106794] [db_xref=InterPro:IPR000073,JGIDB:Mycgr3_106794] [protein=hypothetical protein] [protein_id=EGP92710.1] [location=complement(join(668103..668110,668176..668382,668508..668536,668849..670475,670526..670700))] [gbkey=CDS]	52.36762873807951	0.7805688917854628	0.5222052067381318	0.5470588235294118	0.6309341500765697	0.85488095991415
lcl|CM001196.1_cds_EGP90881.1_156 [locus_tag=MYCGRDRAFT_98180] [db_xref=InterPro:IPR001266,JGIDB:Mycgr3_98180] [protein=hypothetical protein] [protein_id=EGP90881.1] [location=join(671465..671558,671713..671773,671832..672129)] [gbkey=CDS]	38.9840282140427	0.8873287234327535	0.8163265306122449	0.6241610738255033	0.7482993197278912	0.85488095991415
lcl|CM001196.1_cds_EGP90882.1_158 [locus_tag=MYCGRDRAFT_83356] [db_xref=InterPro:IPR001752,JGIDB:Mycgr3_83356] [protein=hypothetical protein] [protein_id=EGP90882.1] [location=join(674625..674839,674895..676729,676838..677677,684888..684940,686547..686600)] [gbkey=CDS]	53.22388502733095	0.7858880070720404	0.5108135942327497	0.5533266466064861	0.611740473738414	0.8568999811777693
lcl|CM001196.1_cds_EGP90883.1_160 [locus_tag=MYCGRDRAFT_32367] [db_xref=InterPro:IPR004274,JGIDB:Mycgr3_32367] [protein=hypothetical protein] [protein_id=EGP90883.1] [location=692115..693593] [gbkey=CDS]	52.396041418752425	0.7836704376518142	0.5574468085106383	0.5756958587915818	0.6404255319148936	0.857615249853954
lcl|CM001196.1_cds_EGP90884.1_161 [locus_tag=MYCGRDRAFT_32208] [db_xref=InterPro:IPR003738,JGIDB:Mycgr3_32208] [protein=hypothetical protein] [protein_id=EGP90884.1] [location=join(694028..695104,695210..695383)] [gbkey=CDS]	51.00070690873123	0.780312764979421	0.5264483627204031	0.5413654618473895	0.6750629722921915	0.8571448576575459
lcl|CM001196.1_cds_EGP90885.1_163 [locus_tag=MYCGRDRAFT_34306] [db_xref=InterPro:IPR001461,JGIDB:Mycgr3_34306] [protein=hypothetical protein] [protein_id=EGP90885.1] [location=join(697181..698006,698077..698372)] [gbkey=CDS]	52.65629054225039	0.7525770751838751	0.5192307692307693	0.5510752688172043	0.6236263736263736	0.855241356804427
lcl|CM001196.1_cds_EGP90886.1_164 [locus_tag=MYCGRDRAFT_65036] [db_xref=JGIDB:Mycgr3_65036] [protein=hypothetical protein] [protein_id=EGP90886.1] [location=698962..700026] [gbkey=CDS]	51.62762393115146	0.7929788620039865	0.5295857988165681	0.5571293673276676	0.6715976331360947	0.857162288414251
lcl|CM001196.1_cds_EGP90887.1_165 [locus_tag=MYCGRDRAFT_88743] [db_xref=JGIDB:Mycgr3_88743] [protein=hypothetical protein] [protein_id=EGP90887.1] [location=701100..701591] [gbkey=CDS]	52.145918331709595	0.7731111547497069	0.5031446540880503	0.551440329218107	0.6477987421383647	0.8590280044499726
lcl|CM001196.1_cds_EGP90888.1_166 [locus_tag=MYCGRDRAFT_106799] [db_xref=InterPro:IPR000868,JGIDB:Mycgr3_106799] [protein=hypothetical protein] [protein_id=EGP90888.1] [location=join(703274..703606,703659..705608)] [gbkey=CDS]	56.20341771494012	0.7512153666154321	0.43945578231292515	0.5318401405357928	0.5428571428571428	0.8575340681819831
lcl|CM001196.1_cds_EGP92706.1_167 [locus_tag=MYCGRDRAFT_88745] [db_xref=JGIDB:Mycgr3_88745] [protein=hypothetical protein] [protein_id=EGP92706.1] [location=complement(join(705916..705972,706044..706579,706655..706841))] [gbkey=CDS]	54.80102362260537	0.7307890977268775	0.4534412955465587	0.5478036175710594	0.582995951417004	0.8595695631616727
lcl|CM001196.1_cds_EGP92705.1_168 [locus_tag=MYCGRDRAFT_106800] [db_xref=JGIDB:Mycgr3_106800] [protein=hypothetical protein] [protein_id=EGP92705.1] [location=complement(707026..707397)] [gbkey=CDS]	55.795941790708014	0.7815962654822669	0.49166666666666664	0.5628415300546448	0.575	0.8537829820844656
lcl|CM001196.1_cds_EGP90890.1_170 [locus_tag=MYCGRDRAFT_102033] [db_xref=JGIDB:Mycgr3_102033] [protein=hypothetical protein] [protein_id=EGP90890.1] [location=723354..723716] [gbkey=CDS]	51.997847962571484	0.7309498657949999	0.43103448275862066	0.5462184873949579	0.5	0.8359453367037348
lcl|CM001196.1_cds_EGP90891.1_171 [locus_tag=MYCGRDRAFT_65045] [db_xref=InterPro:IPR000101,JGIDB:Mycgr3_65045] [protein=hypothetical protein] [protein_id=EGP90891.1] [location=join(724528..725061,725112..726404)] [gbkey=CDS]	50.11440736484502	0.8035195348245723	0.5354058721934369	0.5529928610653487	0.6286701208981001	0.8533365975167525
lcl|CM001196.1_cds_EGP90892.1_172 [locus_tag=MYCGRDRAFT_88749] [db_xref=JGIDB:Mycgr3_88749] [protein=hypothetical protein] [protein_id=EGP90892.1] [location=join(726894..726923,727018..727416)] [gbkey=CDS]	49.57542510956889	0.8159887228690316	0.5547445255474452	0.5697399527186762	0.6861313868613139	0.8454272803319599
lcl|CM001196.1_cds_EGP90893.1_173 [locus_tag=MYCGRDRAFT_102037] [db_xref=JGIDB:Mycgr3_102037] [protein=hypothetical protein] [protein_id=EGP90893.1] [location=729088..729468] [gbkey=CDS]	50.44281963358108	0.8138361334803752	0.48760330578512395	0.6133333333333333	0.6611570247933884	0.8581039656408932
lcl|CM001196.1_cds_EGP90894.1_174 [locus_tag=MYCGRDRAFT_51997] [db_xref=InterPro:IPR007197,JGIDB:Mycgr3_51997] [protein=hypothetical protein] [protein_id=EGP90894.1] [location=730101..731147] [gbkey=CDS]	50.23931502209714	0.7796534037098343	0.5468277945619335	0.5110470701248799	0.6465256797583081	0.849874031223254
lcl|CM001196.1_cds_EGP92704.1_175 [locus_tag=MYCGRDRAFT_65051] [db_xref=JGIDB:Mycgr3_65051] [protein=Hypothetical protein] [protein_id=EGP92704.1] [location=complement(join(731227..731582,731625..732870,732923..733060,733112..733210,733292..733870,733930..734099,734147..734630))] [gbkey=CDS]	55.21990608490025	0.7594488148872832	0.48074921956295524	0.5287018917155903	0.5796045785639958	0.8572449946362328
lcl|CM001196.1_cds_EGP92702.1_178 [locus_tag=MYCGRDRAFT_65057] [db_xref=InterPro:IPR001199,InterPro:IPR006090,InterPro:IPR006091,JGIDB:Mycgr3_65057] [protein=hypothetical protein] [protein_id=EGP92702.1] [location=complement(join(745954..746421,746475..746698,746756..747566,747623..747658))] [gbkey=CDS]	47.960820378976656	0.8219326758068487	0.621900826446281	0.5538160469667319	0.7045454545454546	0.8517390516840679
lcl|CM001196.1_cds_EGP92701.1_179 [locus_tag=MYCGRDRAFT_106807] [db_xref=JGIDB:Mycgr3_106807] [protein=hypothetical protein] [protein_id=EGP92701.1] [location=complement(join(748688..748970,749052..749636,749696..750135,750202..751134))] [gbkey=CDS]	55.178680420777965	0.7551508685839574	0.4827109266943292	0.5436241610738255	0.5753803596127247	0.8545211983429577
lcl|CM001196.1_cds_EGP90896.1_180 [locus_tag=MYCGRDRAFT_65060] [db_xref=InterPro:IPR000595,InterPro:IPR001611,InterPro:IPR001810,JGIDB:Mycgr3_65060] [protein=hypothetical protein] [protein_id=EGP90896.1] [location=752548..755520] [gbkey=CDS]	53.103596912503384	0.7629153080788392	0.47193347193347196	0.570273003033367	0.6268191268191268	0.8582759389344901
lcl|CM001196.1_cds_EGP90897.1_181 [locus_tag=MYCGRDRAFT_33425] [db_xref=InterPro:IPR001952,JGIDB:Mycgr3_33425] [protein=hypothetical protein] [protein_id=EGP90897.1] [location=758876..760729] [gbkey=CDS]	50.95664259830036	0.7733234975381718	0.5016778523489933	0.5871212121212122	0.6644295302013423	0.8572778744388648
lcl|CM001196.1_cds_EGP92700.1_183 [locus_tag=MYCGRDRAFT_65063] [db_xref=JGIDB:Mycgr3_65063] [protein=hypothetical protein] [protein_id=EGP92700.1] [location=complement(join(767597..767636,767704..767786,767848..767921,767996..768471,768523..768547,768598..768677,768743..768800,768855..768922,768993..769057,769158..769187))] [gbkey=CDS]	51.10351001338324	0.7558885631094107	0.5129032258064516	0.5639476334340383	0.6451612903225806	0.8565023068522551
lcl|CM001196.1_cds_EGP92699.1_184 [locus_tag=MYCGRDRAFT_65067] [db_xref=InterPro:IPR001140,InterPro:IPR003439,JGIDB:Mycgr3_65067] [protein=putative ABC transporter] [protein_id=EGP92699.1] [location=complement(join(770946..773618,773669..774052))] [gbkey=CDS]	51.121668938152375	0.7800394262306659	0.526100307062436	0.5529334644378893	0.654042988741044	0.8577854566996015
lcl|CM001196.1_cds_EGP92698.1_185 [locus_tag=MYCGRDRAFT_78124] [db_xref=InterPro:IPR001931,JGIDB:Mycgr3_78124] [protein=hypothetical protein] [protein_id=EGP92698.1] [location=complement(join(778755..778983,779047..779078))] [gbkey=CDS]	47.18573519314632	0.8500190566642113	0.7349397590361446	0.615686274509804	0.8313253012048193	0.8501632235828203
lcl|CM001196.1_cds_EGP92697.1_186 [locus_tag=MYCGRDRAFT_102047] [db_xref=InterPro:IPR000757,JGIDB:Mycgr3_102047] [protein=hypothetical protein] [protein_id=EGP92697.1] [location=complement(join(779624..780387,780438..780999))] [gbkey=CDS]	48.49187259613693	0.8091774383788771	0.5876777251184834	0.553030303030303	0.6255924170616114	0.8536632880288499
lcl|CM001196.1_cds_EGP90899.1_187 [locus_tag=MYCGRDRAFT_32167] [db_xref=JGIDB:Mycgr3_32167] [protein=hypothetical protein] [protein_id=EGP90899.1] [location=join(781996..782388,782483..782812)] [gbkey=CDS]	50.380113366858225	0.7767078479234214	0.5065502183406113	0.5481171548117155	0.6026200873362445	0.8576897354195607
lcl|CM001196.1_cds_EGP92696.1_188 [locus_tag=MYCGRDRAFT_32028] [db_xref=JGIDB:Mycgr3_32028] [protein=hypothetical protein] [protein_id=EGP92696.1] [location=complement(join(783309..783713,783784..783954))] [gbkey=CDS]	44.989527999216826	0.7666671617643669	0.592391304347826	0.6070175438596491	0.75	0.8562930658620465
lcl|CM001196.1_cds_EGP92695.1_189 [locus_tag=MYCGRDRAFT_88762] [db_xref=JGIDB:Mycgr3_88762] [protein=hypothetical protein] [protein_id=EGP92695.1] [location=complement(join(784427..784469,784861..785018,785122..785331))] [gbkey=CDS]	53.550690224248804	0.7667307864002639	0.421875	0.5456790123456791	0.5859375	0.8598598243285203
lcl|CM001196.1_cds_EGP90900.1_190 [locus_tag=MYCGRDRAFT_88763] [db_xref=InterPro:IPR001680,JGIDB:Mycgr3_88763] [protein=hypothetical protein] [protein_id=EGP90900.1] [location=join(785587..788823,788948..788992)] [gbkey=CDS]	56.923588609803225	0.7557757657908616	0.43909348441926344	0.5482295482295483	0.56657223796034	0.8582015530860958
lcl|CM001196.1_cds_EGP92693.1_192 [locus_tag=MYCGRDRAFT_34157] [db_xref=JGIDB:Mycgr3_34157] [protein=hypothetical protein] [protein_id=EGP92693.1] [location=complement(join(793634..794034,794389..795322))] [gbkey=CDS]	55.71494387441258	0.7429923856660426	0.42923433874709976	0.5282167042889391	0.5150812064965197	0.8573049659687562
lcl|CM001196.1_cds_EGP90901.1_193 [locus_tag=MYCGRDRAFT_83371] [db_xref=JGIDB:Mycgr3_83371] [protein=hypothetical protein] [protein_id=EGP90901.1] [location=join(795627..795968,796025..797113,797240..797272,797328..797345)] [gbkey=CDS]	53.6997193209158	0.7677903525007427	0.4864864864864865	0.5399728997289973	0.5966735966735967	0.8589773097628564
lcl|CM001196.1_cds_EGP92692.1_195 [locus_tag=MYCGRDRAFT_88767] [db_xref=JGIDB:Mycgr3_88767] [protein=hypothetical protein] [protein_id=EGP92692.1] [location=complement(join(801154..801473,801533..801935))] [gbkey=CDS]	54.30255061354416	0.7395495659184691	0.41739130434782606	0.5648535564853556	0.5391304347826087	0.8582525969649191
lcl|CM001196.1_cds_EGP92691.1_196 [locus_tag=MYCGRDRAFT_98194] [db_xref=InterPro:IPR001494,JGIDB:Mycgr3_98194] [protein=hypothetical protein] [protein_id=EGP92691.1] [location=complement(join(805666..808543,808617..808885))] [gbkey=CDS]	54.256978541831984	0.7601330029383808	0.49751737835153925	0.5345431391276664	0.6127110228401191	0.8584731113823814
lcl|CM001196.1_cds_EGP90903.1_197 [locus_tag=MYCGRDRAFT_106814] [db_xref=JGIDB:Mycgr3_106814] [protein=hypothetical protein] [protein_id=EGP90903.1] [location=join(809724..809913,809971..810611)] [gbkey=CDS]	53.495490548550634	0.7713766688802655	0.4696969696969697	0.566060606060606	0.6136363636363636	0.8568328487059576
lcl|CM001196.1_cds_EGP90904.1_198 [locus_tag=MYCGRDRAFT_31826] [db_xref=InterPro:IPR002085,JGIDB:Mycgr3_31826] [protein=hypothetical protein] [protein_id=EGP90904.1] [location=join(811094..811183,811257..811303,811381..811618,811675..811758,811811..812334,812452..812542)] [gbkey=CDS]	47.90333440115031	0.828717026441405	0.636094674556213	0.5589887640449438	0.7071005917159763	0.8451474028754205
lcl|CM001196.1_cds_EGP92690.1_199 [locus_tag=MYCGRDRAFT_65081] [db_xref=InterPro:IPR000895,JGIDB:Mycgr3_65081] [protein=hypothetical protein] [protein_id=EGP92690.1] [location=complement(813851..814237)] [gbkey=CDS]	50.78456610606166	0.7965621677122932	0.5289256198347108	0.5853018372703412	0.7272727272727273	0.85488095991415
lcl|CM001196.1_cds_EGP92689.1_200 [locus_tag=MYCGRDRAFT_106817] [db_xref=JGIDB:Mycgr3_106817] [protein=hypothetical protein] [protein_id=EGP92689.1] [location=complement(822031..822555)] [gbkey=CDS]	52.82621402003037	0.7745668538164319	0.5384615384615384	0.5529865125240848	0.6449704142011834	0.8579857610668378
lcl|CM001196.1_cds_EGP90905.1_201 [locus_tag=MYCGRDRAFT_34938] [db_xref=InterPro:IPR003749,JGIDB:Mycgr3_34938] [protein=hypothetical protein] [protein_id=EGP90905.1] [location=822994..823287] [gbkey=CDS]	50.06569217126583	0.7963043141012073	0.5789473684210527	0.5694444444444444	0.6947368421052632	0.8576780130634953
lcl|CM001196.1_cds_EGP90906.1_202 [locus_tag=MYCGRDRAFT_65087] [db_xref=InterPro:IPR003137,InterPro:IPR007365,InterPro:IPR007484,JGIDB:Mycgr3_65087] [protein=peptidase M28] [protein_id=EGP90906.1] [location=join(826199..826273,826332..826621,826673..827178,827231..828657)] [gbkey=CDS]	50.42547357766271	0.8018544141467002	0.5573549257759784	0.5453752181500873	0.650472334682861	0.8568130264295334
lcl|CM001196.1_cds_EGP92687.1_205 [locus_tag=MYCGRDRAFT_88777] [db_xref=JGIDB:Mycgr3_88777] [protein=hypothetical protein] [protein_id=EGP92687.1] [location=complement(join(836435..837001,837062..837076))] [gbkey=CDS]	48.26121210591537	0.8306573934977054	0.5851063829787234	0.5694444444444444	0.723404255319149	0.8555793668752455
lcl|CM001196.1_cds_EGP90908.1_206 [locus_tag=MYCGRDRAFT_88778] [db_xref=JGIDB:Mycgr3_88778] [protein=hypothetical protein] [protein_id=EGP90908.1] [location=join(837614..838104,838211..838510,838608..838770)] [gbkey=CDS]	53.039986546521384	0.7721631092699788	0.5234899328859061	0.5453586497890295	0.6308724832214765	0.857429803825418
lcl|CM001196.1_cds_EGP92686.1_207 [locus_tag=MYCGRDRAFT_52044] [db_xref=InterPro:IPR000304,JGIDB:Mycgr3_52044] [protein=hypothetical protein] [protein_id=EGP92686.1] [location=complement(839427..840221)] [gbkey=CDS]	43.88943189613063	0.8027508425935201	0.4921875	0.5855513307984791	0.7265625	0.8589679421747944
lcl|CM001196.1_cds_EGP92684.1_209 [locus_tag=MYCGRDRAFT_102052] [db_xref=JGIDB:Mycgr3_102052] [protein=hypothetical protein] [protein_id=EGP92684.1] [location=complement(join(846107..846307,846370..846630,846705..846743))] [gbkey=CDS]	41.74714929525833	0.8772334860456396	0.7467532467532467	0.6181818181818182	0.7597402597402597	0.8435832377658238
lcl|CM001196.1_cds_EGP92682.1_211 [locus_tag=MYCGRDRAFT_88783] [db_xref=JGIDB:Mycgr3_88783] [protein=hypothetical protein] [protein_id=EGP92682.1] [location=complement(852474..853505)] [gbkey=CDS]	50.548408124914296	0.7989058612560488	0.5363636363636364	0.571150097465887	0.6515151515151515	0.857628863174396
lcl|CM001196.1_cds_EGP90909.1_212 [gene=MgSNF1] [locus_tag=MYCGRDRAFT_98201] [db_xref=InterPro:IPR000719,JGIDB:Mycgr3_98201] [protein=carbon catabolite derepressing protein kinase] [protein_id=EGP90909.1] [location=join(855085..856134,856234..857487)] [gbkey=CDS]	50.78066437936591	0.7925597986108893	0.5723951285520974	0.5604873803307223	0.6468200270635994	0.8575097858277786
lcl|CM001196.1_cds_EGP92680.1_214 [locus_tag=MYCGRDRAFT_33498] [db_xref=JGIDB:Mycgr3_33498] [protein=hypothetical protein] [protein_id=EGP92680.1] [location=complement(join(863557..864150,864256..864401,864494..864755,864804..864941))] [gbkey=CDS]	50.323976537749665	0.7507904764757454	0.52	0.5652557319223986	0.6657142857142857	0.8580783384547783
lcl|CM001196.1_cds_EGP92679.1_215 [locus_tag=MYCGRDRAFT_32207] [db_xref=JGIDB:Mycgr3_32207] [protein=hypothetical protein] [protein_id=EGP92679.1] [location=complement(866665..867600)] [gbkey=CDS]	46.13542328482892	0.7342699440214607	0.4868421052631579	0.5838709677419355	0.7105263157894737	0.8609558344179331
lcl|CM001196.1_cds_EGP92678.1_216 [gene=CHS3] [locus_tag=MYCGRDRAFT_65104] [db_xref=InterPro:IPR004834,JGIDB:Mycgr3_65104] [protein=chitin synthase, class] [protein_id=EGP92678.1] [location=complement(join(868484..869448,869496..871233,871300..871347))] [gbkey=CDS]	49.42840258485554	0.7989540017144725	0.5959137343927355	0.5322404371584699	0.6345062429057888	0.8554671253322308
lcl|CM001196.1_cds_EGP90910.1_217 [locus_tag=MYCGRDRAFT_65107] [db_xref=JGIDB:Mycgr3_65107] [protein=hypothetical protein] [protein_id=EGP90910.1] [location=872516..873361] [gbkey=CDS]	53.86161579959528	0.7623573913598795	0.4852941176470588	0.5571428571428572	0.6029411764705882	0.8577580631976307
lcl|CM001196.1_cds_EGP90911.1_218 [locus_tag=MYCGRDRAFT_88790] [db_xref=JGIDB:Mycgr3_88790] [protein=hypothetical protein] [protein_id=EGP90911.1] [location=join(874289..874629,874708..874798,875029..875806,876297..877048)] [gbkey=CDS]	53.95684199789102	0.7864470492384704	0.53198127925117	0.5761758691206544	0.6443057722308893	0.8559094875839326
lcl|CM001196.1_cds_EGP90912.1_219 [locus_tag=MYCGRDRAFT_88791] [db_xref=JGIDB:Mycgr3_88791] [protein=hypothetical protein] [protein_id=EGP90912.1] [location=877569..879164] [gbkey=CDS]	54.308920234727296	0.7786255844772934	0.4686907020872865	0.5962264150943396	0.5445920303605313	0.8574137496370119
lcl|CM001196.1_cds_EGP92677.1_220 [locus_tag=MYCGRDRAFT_52059] [db_xref=InterPro:IPR000559,InterPro:IPR000672,JGIDB:Mycgr3_52059] [protein=hypothetical protein] [protein_id=EGP92677.1] [location=complement(880373..883207)] [gbkey=CDS]	45.45239958255771	0.8260470045266758	0.6547619047619048	0.5765288087663485	0.6937229437229437	0.8550231131859612
lcl|CM001196.1_cds_EGP90913.1_221 [locus_tag=MYCGRDRAFT_65114] [db_xref=InterPro:IPR001680,JGIDB:Mycgr3_65114] [protein=hypothetical protein] [protein_id=EGP90913.1] [location=join(884021..884070,884129..885101)] [gbkey=CDS]	46.02934822072229	0.8193124034722277	0.6090909090909091	0.5663716814159292	0.696969696969697	0.854485654904189
lcl|CM001196.1_cds_EGP92676.1_222 [locus_tag=MYCGRDRAFT_88794] [db_xref=JGIDB:Mycgr3_88794] [protein=hypothetical protein] [protein_id=EGP92676.1] [location=complement(887139..887723)] [gbkey=CDS]	50.179070650042725	0.7916313719643554	0.5591397849462365	0.5768566493955095	0.6827956989247311	0.8486532134683739
lcl|CM001196.1_cds_EGP92675.1_223 [locus_tag=MYCGRDRAFT_98206] [db_xref=InterPro:IPR005024,JGIDB:Mycgr3_98206] [protein=hypothetical protein] [protein_id=EGP92675.1] [location=complement(join(888278..888351,888411..888824,888915..889101))] [gbkey=CDS]	49.201237348774214	0.797492681261797	0.5023696682464455	0.5650224215246636	0.6872037914691943	0.8633375419051809
lcl|CM001196.1_cds_EGP90914.1_224 [locus_tag=MYCGRDRAFT_33900] [db_xref=JGIDB:Mycgr3_33900] [protein=hypothetical protein] [protein_id=EGP90914.1] [location=889606..890007] [gbkey=CDS]	52.95682920813195	0.7454647659357205	0.4015748031496063	0.5505050505050505	0.5748031496062992	0.8569142740497515
lcl|CM001196.1_cds_EGP90915.1_225 [locus_tag=MYCGRDRAFT_106831] [db_xref=InterPro:IPR010730,JGIDB:Mycgr3_106831] [protein=hypothetical protein] [protein_id=EGP90915.1] [location=join(890654..892247,892870..892904,892978..893209,893299..893450)] [gbkey=CDS]	54.87703741151411	0.7540273276966366	0.48992248062015503	0.5455904334828101	0.5922480620155038	0.8546806255566408
lcl|CM001196.1_cds_EGP92674.1_226 [locus_tag=MYCGRDRAFT_102063] [db_xref=JGIDB:Mycgr3_102063] [protein=hypothetical protein] [protein_id=EGP92674.1] [location=complement(895659..895874)] [gbkey=CDS]	54.507827363805745	0.7280743571950317	0.48484848484848486	0.5904761904761905	0.5606060606060606	0.8606448493769671
lcl|CM001196.1_cds_EGP90916.1_227 [locus_tag=MYCGRDRAFT_102064] [db_xref=InterPro:IPR008146,InterPro:IPR008147,JGIDB:Mycgr3_102064] [protein=hypothetical protein] [protein_id=EGP90916.1] [location=join(896673..896675,896732..896764,896835..896927,897245..897749,897804..898225,898284..898328,898466..898516)] [gbkey=CDS]	42.87589772711658	0.8441445803858237	0.7262569832402235	0.5785340314136126	0.7150837988826816	0.8492851392545122
lcl|CM001196.1_cds_EGP90918.1_229 [locus_tag=MYCGRDRAFT_52069] [db_xref=InterPro:IPR005152,JGIDB:Mycgr3_52069] [protein=hypothetical protein] [protein_id=EGP90918.1] [location=join(905469..906453,906551..906948)] [gbkey=CDS]	45.57717555022039	0.8252040911725947	0.6414253897550112	0.5911401597676107	0.6904231625835189	0.8557574834171797
lcl|CM001196.1_cds_EGP90919.1_230 [locus_tag=MYCGRDRAFT_65123] [db_xref=InterPro:IPR000262,InterPro:IPR001199,JGIDB:Mycgr3_65123] [protein=hypothetical protein] [protein_id=EGP90919.1] [location=join(907498..907630,907690..907903,907958..908252,908303..908744,908797..909021,909093..909250)] [gbkey=CDS]	54.390462222702666	0.7516112601980484	0.4636752136752137	0.5242984257357974	0.5918803418803419	0.8576377442600286
lcl|CM001196.1_cds_EGP92673.1_232 [locus_tag=MYCGRDRAFT_35016] [db_xref=JGIDB:Mycgr3_35016] [protein=hypothetical protein] [protein_id=EGP92673.1] [location=complement(933250..934092)] [gbkey=CDS]	49.94596097663037	0.8042621995895558	0.5477941176470589	0.5710872162485066	0.6764705882352942	0.858250578880572
lcl|CM001196.1_cds_EGP90921.1_233 [locus_tag=MYCGRDRAFT_106834] [db_xref=JGIDB:Mycgr3_106834] [protein=hypothetical protein] [protein_id=EGP90921.1] [location=join(936592..936771,936831..939053)] [gbkey=CDS]	55.344858100341675	0.7687401792212996	0.4764930114358323	0.5661243220692532	0.6099110546378653	0.860434968799752
lcl|CM001196.1_cds_EGP90922.1_234 [locus_tag=MYCGRDRAFT_88803] [db_xref=InterPro:IPR006140,JGIDB:Mycgr3_88803] [protein=hypothetical protein] [protein_id=EGP90922.1] [location=939442..940518] [gbkey=CDS]	53.405767162858766	0.7360121630285299	0.4314868804664723	0.5499533146591971	0.5947521865889213	0.8586438218375306
lcl|CM001196.1_cds_EGP92672.1_235 [locus_tag=MYCGRDRAFT_31926] [db_xref=InterPro:IPR004045,InterPro:IPR004046,JGIDB:Mycgr3_31926] [protein=hypothetical protein] [protein_id=EGP92672.1] [location=complement(join(940524..940697,940747..940790,940842..941023,941081..941370))] [gbkey=CDS]	47.7295480826278	0.8271699015315385	0.5909090909090909	0.5745614035087719	0.7090909090909091	0.8537059839829185
lcl|CM001196.1_cds_EGP90923.1_236 [locus_tag=MYCGRDRAFT_33747] [db_xref=JGIDB:Mycgr3_33747] [protein=hypothetical protein] [protein_id=EGP90923.1] [location=942184..943008] [gbkey=CDS]	52.988524242797915	0.7593650067481058	0.4247104247104247	0.5457875457875457	0.5984555984555985	0.8602989108977116
lcl|CM001196.1_cds_EGP90924.1_237 [locus_tag=MYCGRDRAFT_98210] [db_xref=JGIDB:Mycgr3_98210] [protein=hypothetical protein] [protein_id=EGP90924.1] [location=join(943844..943874,943936..946466)] [gbkey=CDS]	54.83476365098027	0.7613399798184773	0.46153846153846156	0.543035993740219	0.5836385836385837	0.8583490868303247
lcl|CM001196.1_cds_EGP92671.1_238 [locus_tag=MYCGRDRAFT_65129] [db_xref=InterPro:IPR001138,InterPro:IPR007219,JGIDB:Mycgr3_65129] [protein=hypothetical protein] [protein_id=EGP92671.1] [location=complement(join(946535..947243,947296..948634,948708..948737,948793..948889,948958..948993))] [gbkey=CDS]	54.282755499665896	0.7643744156052591	0.4838709677419355	0.5392290249433107	0.5904628330995793	0.854334035384562
lcl|CM001196.1_cds_EGP90925.1_239 [locus_tag=MYCGRDRAFT_32540] [db_xref=InterPro:IPR001354,JGIDB:Mycgr3_32540] [protein=L-rhamnoate dehydratase-like protein] [protein_id=EGP90925.1] [location=join(949486..949807,949859..950814)] [gbkey=CDS]	51.147573229044404	0.7857200469567928	0.4802955665024631	0.5511006289308176	0.6206896551724138	0.8564630753083681
lcl|CM001196.1_cds_EGP90926.1_240 [locus_tag=MYCGRDRAFT_32232] [db_xref=JGIDB:Mycgr3_32232] [protein=hypothetical protein] [protein_id=EGP90926.1] [location=951876..952109] [gbkey=CDS]	53.36767976922394	0.716459779325927	0.39473684210526316	0.5307017543859649	0.4605263157894737	0.844364127761916
lcl|CM001196.1_cds_EGP92669.1_243 [locus_tag=MYCGRDRAFT_88808] [db_xref=JGIDB:Mycgr3_88808] [protein=hypothetical protein] [protein_id=EGP92669.1] [location=complement(955116..956789)] [gbkey=CDS]	52.733367539597275	0.7705516733096571	0.4491682070240296	0.5557553956834532	0.6136783733826248	0.861657865278642
lcl|CM001196.1_cds_EGP90928.1_244 [locus_tag=MYCGRDRAFT_78154] [db_xref=JGIDB:Mycgr3_78154] [protein=hypothetical protein] [protein_id=EGP90928.1] [location=959823..960038] [gbkey=CDS]	48.00400199117419	0.7913123753244112	0.5230769230769231	0.5571428571428572	0.6461538461538462	0.8529682544018323
lcl|CM001196.1_cds_EGP90930.1_246 [gene=ERG26] [locus_tag=MYCGRDRAFT_32274] [db_xref=InterPro:IPR002225,JGIDB:Mycgr3_32274] [protein=ERG26, C-3 sterol dehydrogenase] [protein_id=EGP90930.1] [location=join(964672..965190,965251..965889)] [gbkey=CDS]	48.79429651011545	0.809793783049668	0.5902964959568733	0.5946180555555556	0.7008086253369272	0.85488095991415
lcl|CM001196.1_cds_EGP92668.1_247 [locus_tag=MYCGRDRAFT_65137] [db_xref=InterPro:IPR000504,JGIDB:Mycgr3_65137] [protein=hypothetical protein] [protein_id=EGP92668.1] [location=complement(join(966520..967504,967556..967660,967748..967971))] [gbkey=CDS]	45.547101398879754	0.8348906165346429	0.6699507389162561	0.5978593272171254	0.6674876847290641	0.8515059120397986
lcl|CM001196.1_cds_EGP92667.1_248 [gene=MgBmh1] [locus_tag=MYCGRDRAFT_102072] [db_xref=InterPro:IPR000308,JGIDB:Mycgr3_102072] [protein=hypothetical protein] [protein_id=EGP92667.1] [location=complement(join(969894..970013,970067..970137,970191..970432,970499..970805,970859..970919))] [gbkey=CDS]	38.00316734957627	0.9093823713407952	0.8132295719844358	0.6075471698113207	0.8287937743190662	0.8533648787747012
lcl|CM001196.1_cds_EGP92666.1_249 [locus_tag=MYCGRDRAFT_83400] [db_xref=JGIDB:Mycgr3_83400] [protein=hypothetical protein] [protein_id=EGP92666.1] [location=complement(join(972213..975304,975365..975845))] [gbkey=CDS]	53.30177569921567	0.7842345657884757	0.5188101487314086	0.552004485562097	0.6307961504811899	0.8554448101679208
lcl|CM001196.1_cds_EGP90932.1_251 [locus_tag=MYCGRDRAFT_32957] [db_xref=InterPro:IPR001077,JGIDB:Mycgr3_32957] [protein=hypothetical protein] [protein_id=EGP90932.1] [location=977859..979157] [gbkey=CDS]	53.150141847785406	0.7752428604398799	0.4744525547445255	0.5622583139984532	0.6326034063260341	0.8573725539534982
lcl|CM001196.1_cds_EGP90933.1_252 [locus_tag=MYCGRDRAFT_88816] [db_xref=InterPro:IPR002937,InterPro:IPR006175,JGIDB:Mycgr3_88816] [protein=hypothetical protein] [protein_id=EGP90933.1] [location=981017..982828] [gbkey=CDS]	54.07099955728665	0.7677334861319302	0.4974182444061962	0.5586932447397563	0.6006884681583476	0.8546583321113246
lcl|CM001196.1_cds_EGP90934.1_253 [locus_tag=MYCGRDRAFT_88817] [db_xref=JGIDB:Mycgr3_88817] [protein=hypothetical protein] [protein_id=EGP90934.1] [location=983288..983734] [gbkey=CDS]	50.02481900027779	0.8353580522816069	0.5821917808219178	0.6054421768707483	0.726027397260274	0.8576208389701735
lcl|CM001196.1_cds_EGP90935.1_254 [locus_tag=MYCGRDRAFT_32848] [db_xref=JGIDB:Mycgr3_32848] [protein=hypothetical protein] [protein_id=EGP90935.1] [location=985273..985950] [gbkey=CDS]	54.86366219567716	0.7477049073112608	0.41284403669724773	0.5595238095238095	0.5412844036697247	0.8596815094305313
lcl|CM001196.1_cds_EGP92665.1_255 [locus_tag=MYCGRDRAFT_33257] [db_xref=InterPro:IPR001926,JGIDB:Mycgr3_33257] [protein=hypothetical protein] [protein_id=EGP92665.1] [location=complement(join(986329..987203,987276..987612))] [gbkey=CDS]	51.177455868973894	0.7588209060372358	0.4607594936708861	0.5572139303482587	0.6227848101265823	0.8572181682688098
lcl|CM001196.1_cds_EGP92664.1_256 [locus_tag=MYCGRDRAFT_65146] [db_xref=InterPro:IPR000195,JGIDB:Mycgr3_65146] [protein=hypothetical protein] [protein_id=EGP92664.1] [location=complement(join(988242..988786,988958..989442,989539..989748,989821..989925,989995..990588,990641..991149))] [gbkey=CDS]	55.576911446974286	0.7675470486375657	0.47831632653061223	0.5630630630630631	0.6007653061224489	0.8576848966880574
lcl|CM001196.1_cds_EGP92663.1_257 [locus_tag=MYCGRDRAFT_106842] [db_xref=InterPro:IPR000008,JGIDB:Mycgr3_106842] [protein=hypothetical protein] [protein_id=EGP92663.1] [location=complement(join(999223..1001686,1001748..1001971))] [gbkey=CDS]	55.89143844686392	0.7707196705818231	0.40045766590389015	0.5782997762863534	0.5480549199084668	0.8574336109030034
lcl|CM001196.1_cds_EGP90936.1_258 [locus_tag=MYCGRDRAFT_33930] [db_xref=JGIDB:Mycgr3_33930] [protein=hypothetical protein] [protein_id=EGP90936.1] [location=1002993..1003664] [gbkey=CDS]	50.22166083129723	0.7789131307532523	0.5094339622641509	0.5495495495495496	0.6367924528301887	0.8560893752705889
lcl|CM001196.1_cds_EGP92662.1_259 [locus_tag=MYCGRDRAFT_106843] [db_xref=JGIDB:Mycgr3_106843] [protein=hypothetical protein] [protein_id=EGP92662.1] [location=complement(join(1003735..1003976,1004030..1004135))] [gbkey=CDS]	49.13142440073827	0.8573585037732993	0.6283185840707964	0.5964912280701754	0.6637168141592921	0.8572357654446253
lcl|CM001196.1_cds_EGP90937.1_260 [locus_tag=MYCGRDRAFT_102079] [db_xref=JGIDB:Mycgr3_102079] [protein=hypothetical protein] [protein_id=EGP90937.1] [location=join(1004983..1005011,1005068..1005842)] [gbkey=CDS]	53.11171554151675	0.7656281054850411	0.5115384615384615	0.5388471177944862	0.5846153846153846	0.8498567072673416
lcl|CM001196.1_cds_EGP92661.1_261 [locus_tag=MYCGRDRAFT_65151] [db_xref=InterPro:IPR006823,JGIDB:Mycgr3_65151] [protein=ceramidase like protein] [protein_id=EGP92661.1] [location=complement(join(1007045..1007156,1007226..1009360))] [gbkey=CDS]	54.28761351216411	0.7573595058211979	0.4931506849315068	0.5466309683177153	0.5698630136986301	0.8559582597546318
lcl|CM001196.1_cds_EGP90938.1_262 [locus_tag=MYCGRDRAFT_83408] [db_xref=JGIDB:Mycgr3_83408] [protein=hypothetical protein] [protein_id=EGP90938.1] [location=1009745..1010365] [gbkey=CDS]	50.56227145706353	0.7970574408135528	0.49746192893401014	0.5609756097560976	0.6142131979695431	0.8581564725101654
lcl|CM001196.1_cds_EGP90939.1_263 [locus_tag=MYCGRDRAFT_88827] [db_xref=JGIDB:Mycgr3_88827] [protein=hypothetical protein] [protein_id=EGP90939.1] [location=1011055..1012257] [gbkey=CDS]	45.06674657990637	0.8311227184962289	0.6441558441558441	0.6090225563909775	0.7324675324675325	0.8552169642528753
lcl|CM001196.1_cds_EGP90940.1_265 [locus_tag=MYCGRDRAFT_83409] [db_xref=InterPro:IPR008854,JGIDB:Mycgr3_83409] [protein=hypothetical protein] [protein_id=EGP90940.1] [location=1015560..1016432] [gbkey=CDS]	44.83367886246028	0.7698921086861875	0.5800711743772242	0.6055363321799307	0.708185053380783	0.8530277550154102
lcl|CM001196.1_cds_EGP92659.1_266 [locus_tag=MYCGRDRAFT_33142] [db_xref=JGIDB:Mycgr3_33142] [protein=hypothetical protein] [protein_id=EGP92659.1] [location=complement(join(1016791..1017531,1017588..1017633,1017693..1018507))] [gbkey=CDS]	46.644515863188104	0.7751593340099078	0.5369261477045908	0.5833333333333334	0.7365269461077845	0.8558893691739395
lcl|CM001196.1_cds_EGP90941.1_267 [locus_tag=MYCGRDRAFT_102083] [db_xref=InterPro:IPR000918,JGIDB:Mycgr3_102083] [protein=hypothetical protein] [protein_id=EGP90941.1] [location=join(1020955..1021158,1021220..1022271,1022335..1022692)] [gbkey=CDS]	38.946165215303346	0.8719161393168628	0.7514792899408284	0.6169154228855721	0.7889546351084813	0.8533818349431974
lcl|CM001196.1_cds_EGP90943.1_271 [locus_tag=MYCGRDRAFT_32217] [db_xref=InterPro:IPR002300,JGIDB:Mycgr3_32217] [protein=hypothetical protein] [protein_id=EGP90943.1] [location=join(1032636..1033265,1033326..1034346,1034404..1036058)] [gbkey=CDS]	50.056999246056456	0.7972230197061768	0.560377358490566	0.55	0.6820754716981132	0.8582996893931468
lcl|CM001196.1_cds_EGP90944.1_272 [locus_tag=MYCGRDRAFT_32651] [db_xref=InterPro:IPR002529,JGIDB:Mycgr3_32651] [protein=hypothetical protein] [protein_id=EGP90944.1] [location=join(1038608..1038890,1038976..1039595)] [gbkey=CDS]	50.091306424004685	0.7813511815057832	0.5397923875432526	0.5763656633221851	0.7093425605536332	0.8553293697536307
lcl|CM001196.1_cds_EGP92656.1_273 [locus_tag=MYCGRDRAFT_106850] [db_xref=JGIDB:Mycgr3_106850] [protein=hypothetical protein] [protein_id=EGP92656.1] [location=complement(join(1039984..1042427,1043058..1043282,1043365..1043617))] [gbkey=CDS]	55.771573301636835	0.7491013415718638	0.4048370136698212	0.5504115226337448	0.5415352260778128	0.8570902194214333
lcl|CM001196.1_cds_EGP90945.1_274 [locus_tag=MYCGRDRAFT_65163] [db_xref=InterPro:IPR000719,JGIDB:Mycgr3_65163] [protein=hypothetical protein] [protein_id=EGP90945.1] [location=join(1046242..1046424,1046581..1048027,1048115..1048542,1048598..1048978)] [gbkey=CDS]	54.89770339808859	0.7489832188376593	0.4337957124842371	0.551993423756679	0.5649432534678437	0.8585247906839154
lcl|CM001196.1_cds_EGP90947.1_276 [locus_tag=MYCGRDRAFT_106853] [db_xref=InterPro:IPR001650,InterPro:IPR011545,JGIDB:Mycgr3_106853] [protein=hypothetical protein] [protein_id=EGP90947.1] [location=1058057..1060174] [gbkey=CDS]	53.92139000185657	0.7664394544235257	0.5241581259150805	0.5833333333333334	0.575402635431918	0.8558334744828737
lcl|CM001196.1_cds_EGP90948.1_277 [locus_tag=MYCGRDRAFT_52118] [db_xref=JGIDB:Mycgr3_52118] [protein=hypothetical protein] [protein_id=EGP90948.1] [location=1060976..1062523] [gbkey=CDS]	51.37738523715615	0.7840662012878181	0.5355731225296443	0.5778210116731517	0.658102766798419	0.8561858399078807
lcl|CM001196.1_cds_EGP92655.1_279 [locus_tag=MYCGRDRAFT_88841] [db_xref=JGIDB:Mycgr3_88841] [protein=hypothetical protein] [protein_id=EGP92655.1] [location=complement(join(1067213..1067286,1067346..1068755,1068806..1068941,1069001..1069198,1069254..1069470,1069539..1069657))] [gbkey=CDS]	54.8084599288706	0.7646255663636159	0.4314574314574315	0.5507448789571695	0.5627705627705628	0.8552554536241121
lcl|CM001196.1_cds_EGP92652.1_282 [locus_tag=MYCGRDRAFT_65177] [db_xref=InterPro:IPR005065,JGIDB:Mycgr3_65177] [protein=hypothetical protein] [protein_id=EGP92652.1] [location=complement(join(1075318..1075757,1075992..1077126))] [gbkey=CDS]	51.83649086918248	0.7907492512366934	0.48804780876494025	0.5576800509878904	0.6195219123505976	0.8582192239387628
lcl|CM001196.1_cds_EGP90950.1_283 [locus_tag=MYCGRDRAFT_88845] [db_xref=JGIDB:Mycgr3_88845] [protein=hypothetical protein] [protein_id=EGP90950.1] [location=join(1078376..1078538,1078632..1078777)] [gbkey=CDS]	51.69922452246008	0.7901673063212237	0.4838709677419355	0.570957095709571	0.6236559139784946	0.8588716134338814
lcl|CM001196.1_cds_EGP92650.1_286 [locus_tag=MYCGRDRAFT_31465] [db_xref=JGIDB:Mycgr3_31465] [protein=putative alpha-glucosidase] [protein_id=EGP92650.1] [location=complement(join(1085179..1086285,1086338..1086612,1086712..1087630))] [gbkey=CDS]	52.09549284114494	0.7817387821172471	0.5380434782608695	0.5359477124183006	0.6399456521739131	0.8562838288427448
lcl|CM001196.1_cds_EGP92649.1_287 [locus_tag=MYCGRDRAFT_32234] [db_xref=JGIDB:Mycgr3_32234] [protein=hypothetical protein] [protein_id=EGP92649.1] [location=complement(join(1088685..1089089,1089160..1089603))] [gbkey=CDS]	50.685520793931516	0.7989083948442366	0.5147058823529411	0.5765124555160143	0.6691176470588235	0.8567911248378405
lcl|CM001196.1_cds_EGP92648.1_288 [locus_tag=MYCGRDRAFT_98224] [db_xref=InterPro:IPR010816,JGIDB:Mycgr3_98224] [protein=hypothetical protein] [protein_id=EGP92648.1] [location=complement(join(1090139..1090470,1090741..1090956,1091043..1091120,1091170..1092383,1092452..1092953,1093010..1093358))] [gbkey=CDS]	49.78843731523189	0.7944679901014289	0.6066897347174164	0.5623836126629422	0.643598615916955	0.85488095991415
lcl|CM001196.1_cds_EGP92647.1_290 [locus_tag=MYCGRDRAFT_98225] [db_xref=InterPro:IPR001365,JGIDB:Mycgr3_98225] [protein=hypothetical protein] [protein_id=EGP92647.1] [location=complement(join(1097579..1099309,1099690..1099719))] [gbkey=CDS]	53.0818275771566	0.7675947834284055	0.5090579710144928	0.5253561253561253	0.5960144927536232	0.85488095991415
lcl|CM001196.1_cds_EGP90953.1_291 [locus_tag=MYCGRDRAFT_32625] [db_xref=InterPro:IPR000008,InterPro:IPR000909,InterPro:IPR001711,JGIDB:Mycgr3_32625] [protein=phosphoinositide-specific phospholipase C] [protein_id=EGP90953.1] [location=1099827..1101563] [gbkey=CDS]	51.986285782890064	0.7916590263448345	0.5410714285714285	0.5378393991912189	0.6303571428571428	0.8576731575764525
lcl|CM001196.1_cds_EGP90955.1_293 [locus_tag=MYCGRDRAFT_83423] [db_xref=JGIDB:Mycgr3_83423] [protein=hypothetical protein] [protein_id=EGP90955.1] [location=join(1103173..1103594,1103679..1103940,1104010..1104315,1104520..1104564,1104814..1104960,1105021..1105447,1105601..1105704,1105774..1107760,1108034..1109682,1109739..1109756)] [gbkey=CDS]	55.71796243443547	0.7561390597419213	0.45790080738177624	0.5478455512031337	0.583044982698962	0.8589410054678729
lcl|CM001196.1_cds_EGP92646.1_294 [locus_tag=MYCGRDRAFT_65191] [db_xref=JGIDB:Mycgr3_65191] [protein=hypothetical protein] [protein_id=EGP92646.1] [location=complement(join(1110007..1110103,1111112..1111509))] [gbkey=CDS]	51.05635606543832	0.7901416097798655	0.5159235668789809	0.5521472392638037	0.6560509554140127	0.8623140366065949
lcl|CM001196.1_cds_EGP90956.1_295 [locus_tag=MYCGRDRAFT_83424] [db_xref=InterPro:IPR002657,JGIDB:Mycgr3_83424] [protein=hypothetical protein] [protein_id=EGP90956.1] [location=join(1112430..1113056,1113110..1113342,1113397..1113520)] [gbkey=CDS]	51.7183672058522	0.7465586378408912	0.45483870967741935	0.5388548057259713	0.6451612903225806	0.8585894544901488
lcl|CM001196.1_cds_EGP92645.1_296 [locus_tag=MYCGRDRAFT_88858] [db_xref=JGIDB:Mycgr3_88858] [protein=hypothetical protein] [protein_id=EGP92645.1] [location=complement(1113593..1114633)] [gbkey=CDS]	52.627645760341096	0.7518781014674351	0.45454545454545453	0.5352657004830917	0.5575757575757576	0.8560473147723492
lcl|CM001196.1_cds_EGP92644.1_297 [locus_tag=MYCGRDRAFT_88859] [db_xref=JGIDB:Mycgr3_88859] [protein=hypothetical protein] [protein_id=EGP92644.1] [location=complement(join(1116262..1116855,1116923..1116988,1117042..1117143,1117200..1117252,1117316..1117445,1117499..1117525,1118061..1118563,1118618..1118693))] [gbkey=CDS]	56.0082921796309	0.7495722778754366	0.482	0.5482200647249191	0.604	0.8587939479474427
lcl|CM001196.1_cds_EGP92643.1_298 [locus_tag=MYCGRDRAFT_65192] [db_xref=JGIDB:Mycgr3_65192] [protein=hypothetical protein] [protein_id=EGP92643.1] [location=complement(1121571..1122506)] [gbkey=CDS]	51.64353504970418	0.7531352776879473	0.4163934426229508	0.546236559139785	0.5573770491803278	0.8574792111815119
lcl|CM001196.1_cds_EGP92642.1_299 [locus_tag=MYCGRDRAFT_106864] [db_xref=InterPro:IPR002618,JGIDB:Mycgr3_106864] [protein=hypothetical protein] [protein_id=EGP92642.1] [location=complement(1126948..1128492)] [gbkey=CDS]	48.74636731014079	0.8117627908248567	0.5963855421686747	0.5360623781676414	0.6646586345381527	0.8538364570741691
lcl|CM001196.1_cds_EGP90958.1_301 [locus_tag=MYCGRDRAFT_35302] [db_xref=InterPro:IPR001789,InterPro:IPR003594,InterPro:IPR003660,InterPro:IPR003661,JGIDB:Mycgr3_35302] [protein=hypothetical protein] [protein_id=EGP90958.1] [location=join(1134104..1134968,1135021..1138058)] [gbkey=CDS]	54.09880248118611	0.7706525541685652	0.5155378486055777	0.5345137285091096	0.6215139442231076	0.8583965130611645
lcl|CM001196.1_cds_EGP90959.1_302 [locus_tag=MYCGRDRAFT_106866] [db_xref=JGIDB:Mycgr3_106866] [protein=hypothetical protein] [protein_id=EGP90959.1] [location=join(1138968..1139096,1139149..1140514,1140577..1140692)] [gbkey=CDS]	55.42893376944755	0.7451722195364323	0.4116504854368932	0.5457943925233645	0.5262135922330097	0.8599064922763233
lcl|CM001196.1_cds_EGP90960.1_303 [locus_tag=MYCGRDRAFT_65205] [db_xref=InterPro:IPR002086,JGIDB:Mycgr3_65205] [protein=hypothetical protein] [protein_id=EGP90960.1] [location=join(1141696..1142001,1142055..1142261,1142365..1142700,1142821..1143000,1143054..1143464)] [gbkey=CDS]	39.26699281981258	0.8798113617979629	0.7570498915401301	0.5899581589958159	0.7722342733188721	0.8523609272976038
lcl|CM001196.1_cds_EGP90961.1_304 [locus_tag=MYCGRDRAFT_106868] [db_xref=InterPro:IPR003439,InterPro:IPR010509,JGIDB:Mycgr3_106868] [protein=putative ABC transporter] [protein_id=EGP90961.1] [location=join(1143924..1146111,1146162..1146475)] [gbkey=CDS]	54.93543584652381	0.7480542817158068	0.4739454094292804	0.5428685897435898	0.5992555831265509	0.8616742204722634
lcl|CM001196.1_cds_EGP92641.1_305 [locus_tag=MYCGRDRAFT_88868] [db_xref=JGIDB:Mycgr3_88868] [protein=ferric reductase-like transmembrane component] [protein_id=EGP92641.1] [location=complement(join(1147064..1147089,1147190..1147618,1147671..1147774,1147912..1148061,1148115..1148506))] [gbkey=CDS]	51.57955973176108	0.7569963280197268	0.5	0.5506849315068493	0.603448275862069	0.85488095991415
lcl|CM001196.1_cds_EGP92640.1_306 [locus_tag=MYCGRDRAFT_98231] [db_xref=InterPro:IPR000352,InterPro:IPR005139,JGIDB:Mycgr3_98231] [protein=hypothetical protein] [protein_id=EGP92640.1] [location=complement(join(1150174..1151378,1151429..1151525))] [gbkey=CDS]	56.70244280563983	0.7224135267989866	0.4156769596199525	0.5540123456790124	0.5534441805225653	0.8601719644022415
lcl|CM001196.1_cds_EGP90963.1_308 [locus_tag=MYCGRDRAFT_31350] [db_xref=JGIDB:Mycgr3_31350] [protein=hypothetical protein] [protein_id=EGP90963.1] [location=1161460..1162230] [gbkey=CDS]	49.96129584626874	0.7993373843954201	0.584	0.5281045751633987	0.628	0.8527809647533974
lcl|CM001196.1_cds_EGP92639.1_309 [locus_tag=MYCGRDRAFT_106870] [db_xref=InterPro:IPR001753,JGIDB:Mycgr3_106870] [protein=hypothetical protein] [protein_id=EGP92639.1] [location=complement(join(1162461..1162570,1162623..1163367))] [gbkey=CDS]	52.94460275059208	0.7585462729364197	0.46153846153846156	0.535924617196702	0.6117216117216118	0.85488095991415
lcl|CM001196.1_cds_EGP90964.1_310 [gene=ARP2409] [locus_tag=MYCGRDRAFT_65218] [db_xref=InterPro:IPR004000,JGIDB:Mycgr3_65218] [protein=actin-related protein, ARP1 class] [protein_id=EGP90964.1] [location=join(1164061..1164363,1164436..1165243,1165316..1165347)] [gbkey=CDS]	48.387238046991556	0.7798427900321663	0.5177111716621253	0.5549692172383466	0.6539509536784741	0.8609144726740995
lcl|CM001196.1_cds_EGP90965.1_311 [locus_tag=MYCGRDRAFT_102108] [db_xref=JGIDB:Mycgr3_102108] [protein=hypothetical protein] [protein_id=EGP90965.1] [location=1166847..1167317] [gbkey=CDS]	43.22733204198684	0.8515108540048176	0.6754966887417219	0.6021505376344086	0.6821192052980133	0.85488095991415
lcl|CM001196.1_cds_EGP90966.1_312 [locus_tag=MYCGRDRAFT_98235] [db_xref=InterPro:IPR000648,InterPro:IPR001849,JGIDB:Mycgr3_98235] [protein=hypothetical protein] [protein_id=EGP90966.1] [location=join(1168562..1168606,1168658..1171594)] [gbkey=CDS]	54.30701003773127	0.7639016601171932	0.45369406867845996	0.5621639784946236	0.6118626430801248	0.8588084444498314
lcl|CM001196.1_cds_EGP90967.1_313 [locus_tag=MYCGRDRAFT_106874] [db_xref=InterPro:IPR001563,JGIDB:Mycgr3_106874] [protein=hypothetical protein] [protein_id=EGP90967.1] [location=join(1176298..1176965,1177015..1177746,1177800..1177847,1177905..1177956,1178039..1178128,1178183..1178230)] [gbkey=CDS]	53.742121771602065	0.7689435488455466	0.4720616570327553	0.522671568627451	0.6088631984585742	0.857101402044509
lcl|CM001196.1_cds_EGP90968.1_314 [locus_tag=MYCGRDRAFT_34542] [db_xref=InterPro:IPR000330,InterPro:IPR001650,InterPro:IPR001841,JGIDB:Mycgr3_34542] [protein=hypothetical protein] [protein_id=EGP90968.1] [location=join(1181301..1181945,1182030..1183004,1183149..1183895)] [gbkey=CDS]	49.83320915956568	0.8062577974576001	0.5565789473684211	0.5497670478610758	0.6763157894736842	0.8545403939920487
lcl|CM001196.1_cds_EGP90969.1_315 [gene=CYP-9] [locus_tag=MYCGRDRAFT_65227] [db_xref=InterPro:IPR001128,JGIDB:Mycgr3_65227] [protein=putative P450 monooxygenase] [frame=2] [partial=5'] [protein_id=EGP90969.1] [location=join(<1199706..1200038,1200090..1200630,1200688..1201029,1201090..1201237,1201291..1201301,1201359..1201544)] [gbkey=CDS]	55.77844004652512	0.7254039259240408	0.4393638170974155	0.51994851994852	0.5506958250497018	0.8579917657836583
lcl|CM001196.1_cds_EGP92638.1_316 [locus_tag=MYCGRDRAFT_88879] [db_xref=JGIDB:Mycgr3_88879] [protein=hypothetical protein] [protein_id=EGP92638.1] [location=complement(join(1202223..1202807,1202857..1202988,1203040..1204410))] [gbkey=CDS]	56.18092427566946	0.7352927446026007	0.439209726443769	0.5230547550432276	0.5319148936170213	0.8556538704367797
lcl|CM001196.1_cds_EGP90971.1_318 [locus_tag=MYCGRDRAFT_65233] [db_xref=JGIDB:Mycgr3_65233] [protein=hypothetical protein] [protein_id=EGP90971.1] [location=join(1211439..1211578,1211634..1211763,1211824..1212179,1212235..1212679)] [gbkey=CDS]	54.76457930876679	0.7589427219228129	0.4550898203592814	0.5539906103286385	0.5838323353293413	0.858285904569215
lcl|CM001196.1_cds_EGP92637.1_319 [locus_tag=MYCGRDRAFT_65235] [db_xref=InterPro:IPR004113,InterPro:IPR006094,JGIDB:Mycgr3_65235] [protein=hypothetical protein] [protein_id=EGP92637.1] [location=complement(join(1213569..1213661,1213721..1215445))] [gbkey=CDS]	53.34049838498352	0.7628973607824207	0.48013816925734026	0.5596026490066225	0.614853195164076	0.8557690990285477
lcl|CM001196.1_cds_EGP92636.1_320 [locus_tag=MYCGRDRAFT_32587] [db_xref=InterPro:IPR000679,JGIDB:Mycgr3_32587] [protein=hypothetical protein] [protein_id=EGP92636.1] [location=complement(1215964..1217445)] [gbkey=CDS]	56.00390798093561	0.7435025729036435	0.459915611814346	0.5501355013550135	0.5738396624472574	0.8546085655332607
lcl|CM001196.1_cds_EGP92635.1_321 [locus_tag=MYCGRDRAFT_88884] [db_xref=InterPro:IPR001841,JGIDB:Mycgr3_88884] [protein=hypothetical protein] [protein_id=EGP92635.1] [location=complement(join(1224655..1224996,1225267..1225344))] [gbkey=CDS]	51.03590938015996	0.7632280249508107	0.5114503816793893	0.5362318840579711	0.6183206106870229	0.8423468552228618
lcl|CM001196.1_cds_EGP92634.1_322 [locus_tag=MYCGRDRAFT_106880] [db_xref=InterPro:IPR001452,InterPro:IPR001849,InterPro:IPR011510,JGIDB:Mycgr3_106880] [protein=hypothetical protein] [protein_id=EGP92634.1] [location=complement(join(1226650..1229393,1229447..1229496,1229629..1229759))] [gbkey=CDS]	55.94366664670895	0.772816275925775	0.4777542372881356	0.5584104145255224	0.590042372881356	0.8577787968245374
lcl|CM001196.1_cds_EGP92633.1_323 [locus_tag=MYCGRDRAFT_52186] [db_xref=InterPro:IPR001789,InterPro:IPR003594,InterPro:IPR003661,JGIDB:Mycgr3_52186] [protein=hypothetical protein] [protein_id=EGP92633.1] [location=complement(join(1235208..1235297,1235359..1238128,1238185..1238225,1238868..1239129,1239172..1239335))] [gbkey=CDS]	52.93005699142703	0.7690026192093099	0.5089877010406811	0.5510388437217706	0.6404919583727531	0.8587644247442401
lcl|CM001196.1_cds_EGP92632.1_324 [locus_tag=MYCGRDRAFT_33464] [db_xref=JGIDB:Mycgr3_33464] [protein=hypothetical protein] [protein_id=EGP92632.1] [location=complement(join(1240709..1241148,1241257..1241926))] [gbkey=CDS]	52.396839399039635	0.7732625927869653	0.4702549575070821	0.5480072463768116	0.623229461756374	0.8599955234838075
lcl|CM001196.1_cds_EGP90972.1_325 [locus_tag=MYCGRDRAFT_106883] [db_xref=JGIDB:Mycgr3_106883] [protein=hypothetical protein] [protein_id=EGP90972.1] [location=join(1242825..1243761,1244057..1244184)] [gbkey=CDS]	55.04838601580935	0.7480012619518713	0.4402332361516035	0.5618508026440038	0.5160349854227405	0.8579240833206733
lcl|CM001196.1_cds_EGP90973.1_326 [gene=MgEXG2] [locus_tag=MYCGRDRAFT_88889] [db_xref=InterPro:IPR001547,JGIDB:Mycgr3_88889] [protein=putative Exo-beta-1,3-glucanase] [protein_id=EGP90973.1] [location=join(1245306..1245364,1245417..1245502,1245564..1246675)] [gbkey=CDS]	53.59733021525577	0.7579525851177079	0.4836272040302267	0.5419664268585132	0.5944584382871536	0.8561676768460754
lcl|CM001196.1_cds_EGP92631.1_327 [locus_tag=MYCGRDRAFT_106884] [db_xref=InterPro:IPR000719,JGIDB:Mycgr3_106884] [protein=hypothetical protein] [protein_id=EGP92631.1] [location=complement(join(1247206..1247898,1248063..1248157,1248212..1248265,1248376..1248395,1248446..1248547,1248644..1248880,1248937..1249052,1249110..1249637))] [gbkey=CDS]	52.77184746573976	0.7676808872889889	0.48034188034188036	0.5377922784121806	0.6085470085470085	0.8579477060491185
lcl|CM001196.1_cds_EGP90974.1_328 [locus_tag=MYCGRDRAFT_106885] [db_xref=JGIDB:Mycgr3_106885] [protein=putative RAD50] [protein_id=EGP90974.1] [location=1250724..1254635] [gbkey=CDS]	49.32466132600442	0.820162898048528	0.6036392405063291	0.5424987199180747	0.6867088607594937	0.8549839149544416
lcl|CM001196.1_cds_EGP92630.1_329 [locus_tag=MYCGRDRAFT_106886] [db_xref=InterPro:IPR000253,JGIDB:Mycgr3_106886] [protein=hypothetical protein] [protein_id=EGP92630.1] [location=complement(join(1255339..1256795,1256943..1257284,1257363..1257429))] [gbkey=CDS]	48.87051029711821	0.8203806067344801	0.5887230514096186	0.5854838709677419	0.6517412935323383	0.8561790999325312
lcl|CM001196.1_cds_EGP90975.1_330 [locus_tag=MYCGRDRAFT_83445] [db_xref=InterPro:IPR000722,InterPro:IPR007066,InterPro:IPR007080,InterPro:IPR007081,InterPro:IPR007083,JGIDB:Mycgr3_83445] [protein=hypothetical protein] [protein_id=EGP90975.1] [location=join(1258358..1259359,1259555..1262791,1264211..1264279)] [gbkey=CDS]	50.75448578046296	0.7995023167895597	0.5660102115244348	0.5432357043235704	0.6549963530269876	0.8549744374033279
lcl|CM001196.1_cds_EGP92629.1_331 [locus_tag=MYCGRDRAFT_83446] [db_xref=JGIDB:Mycgr3_83446] [protein=hypothetical protein] [protein_id=EGP92629.1] [location=complement(join(1264430..1264583,1264641..1264735,1264800..1264991))] [gbkey=CDS]	49.00476984480359	0.7863414480761736	0.5602836879432624	0.5540229885057472	0.6737588652482269	0.8585866065816612
lcl|CM001196.1_cds_EGP90976.1_332 [locus_tag=MYCGRDRAFT_88895] [db_xref=JGIDB:Mycgr3_88895] [protein=hypothetical protein] [protein_id=EGP90976.1] [location=join(1265889..1266191,1266263..1266466)] [gbkey=CDS]	50.169226898838666	0.7583908586918905	0.484472049689441	0.6227544910179641	0.6521739130434783	0.8580975204082747
lcl|CM001196.1_cds_EGP90977.1_333 [locus_tag=MYCGRDRAFT_65252] [db_xref=JGIDB:Mycgr3_65252] [protein=hypothetical protein] [protein_id=EGP90977.1] [location=1269106..1270608] [gbkey=CDS]	48.15533005491431	0.8195401171409422	0.5934291581108829	0.5818303273213092	0.6735112936344969	0.851128595092994
lcl|CM001196.1_cds_EGP90978.1_334 [locus_tag=MYCGRDRAFT_65256] [db_xref=JGIDB:Mycgr3_65256] [protein=hypothetical protein] [protein_id=EGP90978.1] [location=join(1271555..1271911,1271988..1272962,1273175..1273540)] [gbkey=CDS]	49.87064113190851	0.7924124530687975	0.5217391304347826	0.5957446808510638	0.6757246376811594	0.8551186514471837
lcl|CM001196.1_cds_EGP92628.1_335 [locus_tag=MYCGRDRAFT_52203] [db_xref=JGIDB:Mycgr3_52203] [protein=hypothetical protein] [protein_id=EGP92628.1] [location=complement(join(1273690..1273845,1273916..1274069,1274193..1274431))] [gbkey=CDS]	53.05249144726701	0.7871276153961483	0.5393258426966292	0.5911602209944752	0.6853932584269663	0.8504491923397007
lcl|CM001196.1_cds_EGP92627.1_336 [locus_tag=MYCGRDRAFT_65258] [db_xref=JGIDB:Mycgr3_65258] [protein=hypothetical protein] [protein_id=EGP92627.1] [location=complement(1276351..1277424)] [gbkey=CDS]	52.0083140040207	0.8016309237424989	0.5514285714285714	0.5627340823970037	0.6171428571428571	0.8590326753469499
lcl|CM001196.1_cds_EGP90979.1_337 [locus_tag=MYCGRDRAFT_65261] [db_xref=InterPro:IPR003137,InterPro:IPR007484,JGIDB:Mycgr3_65261] [protein=peptidase M28] [protein_id=EGP90979.1] [location=join(1278402..1278564,1278621..1280116)] [gbkey=CDS]	48.813777308287015	0.8052999229085543	0.5948905109489051	0.5765275257108288	0.6587591240875912	0.8582934724351629
lcl|CM001196.1_cds_EGP92626.1_338 [locus_tag=MYCGRDRAFT_106893] [db_xref=InterPro:IPR002687,JGIDB:Mycgr3_106893] [protein=hypothetical protein] [protein_id=EGP92626.1] [location=complement(join(1280737..1282251,1282316..1282519))] [gbkey=CDS]	49.910571737301765	0.817173775379118	0.5934664246823956	0.5481611208406305	0.6515426497277677	0.8567609840780954
lcl|CM001196.1_cds_EGP90980.1_339 [gene=ARP2403] [locus_tag=MYCGRDRAFT_52213] [db_xref=JGIDB:Mycgr3_52213] [protein=fungal specific actin related protein] [protein_id=EGP90980.1] [location=1282805..1284340] [gbkey=CDS]	53.69251055191884	0.7438686320510366	0.39227642276422764	0.5601307189542484	0.5589430894308943	0.8596248759665904
lcl|CM001196.1_cds_EGP90981.1_340 [locus_tag=MYCGRDRAFT_88903] [db_xref=JGIDB:Mycgr3_88903] [protein=hypothetical protein] [protein_id=EGP90981.1] [location=join(1285252..1285335,1285513..1285600,1285682..1285929)] [gbkey=CDS]	55.02348017473211	0.7498615198311283	0.4222222222222222	0.5434782608695652	0.5185185185185185	0.8519720205442388
lcl|CM001196.1_cds_EGP90982.1_341 [gene=MgSPR5] [locus_tag=MYCGRDRAFT_34453] [db_xref=InterPro:IPR000209,JGIDB:Mycgr3_34453] [protein=subtilase] [protein_id=EGP90982.1] [location=join(1286229..1286654,1286706..1287458)] [gbkey=CDS]	47.99508010791828	0.8055354649477338	0.5633074935400517	0.5635123614663257	0.6201550387596899	0.8555668584112075
lcl|CM001196.1_cds_EGP90983.1_342 [locus_tag=MYCGRDRAFT_102119] [db_xref=JGIDB:Mycgr3_102119] [protein=hypothetical protein] [protein_id=EGP90983.1] [location=join(1288019..1288175,1288231..1288382)] [gbkey=CDS]	45.88157623968653	0.8542439763797808	0.6458333333333334	0.570957095709571	0.75	0.8588716134338814
lcl|CM001196.1_cds_EGP92625.1_343 [locus_tag=MYCGRDRAFT_33888] [db_xref=JGIDB:Mycgr3_33888] [protein=hypothetical protein] [protein_id=EGP92625.1] [location=complement(join(1288736..1288853,1288914..1289365,1289422..1289757))] [gbkey=CDS]	52.32558971798455	0.7728941987856964	0.5034722222222222	0.56	0.6354166666666666	0.8580142738378614
lcl|CM001196.1_cds_EGP90984.1_344 [locus_tag=MYCGRDRAFT_88907] [db_xref=JGIDB:Mycgr3_88907] [protein=hypothetical protein] [protein_id=EGP90984.1] [location=join(1294215..1294258,1294445..1297046)] [gbkey=CDS]	55.671200429240415	0.7453196267941614	0.46080760095011875	0.5363636363636364	0.5771971496437055	0.8599222432803725
lcl|CM001196.1_cds_EGP90985.1_346 [locus_tag=MYCGRDRAFT_33525] [db_xref=JGIDB:Mycgr3_33525] [protein=hypothetical protein] [protein_id=EGP90985.1] [location=join(1300654..1300967,1301018..1301171,1301222..1301625,1301772..1301935,1302116..1302228,1302304..1302624)] [gbkey=CDS]	53.95300600746033	0.7381166811006187	0.45295404814004375	0.5204918032786885	0.5601750547045952	0.8562554180616392
lcl|CM001196.1_cds_EGP90986.1_347 [locus_tag=MYCGRDRAFT_106897] [db_xref=InterPro:IPR000907,JGIDB:Mycgr3_106897] [protein=hypothetical protein] [protein_id=EGP90986.1] [location=join(1303423..1303531,1303593..1303816,1303871..1305567,1305624..1305894)] [gbkey=CDS]	51.701599528975336	0.7974250330255356	0.5400271370420624	0.5363834422657952	0.6512890094979648	0.8559328959339874
lcl|CM001196.1_cds_EGP92623.1_348 [locus_tag=MYCGRDRAFT_88911] [db_xref=JGIDB:Mycgr3_88911] [protein=hypothetical protein] [protein_id=EGP92623.1] [location=complement(1306132..1307919)] [gbkey=CDS]	55.35619734536019	0.7729901268658057	0.44768439108061747	0.5572390572390572	0.5763293310463122	0.8560099825006903
lcl|CM001196.1_cds_EGP90987.1_350 [locus_tag=MYCGRDRAFT_65274] [db_xref=InterPro:IPR006153,JGIDB:Mycgr3_65274] [protein=hypothetical protein] [protein_id=EGP90987.1] [location=join(1310206..1310311,1310372..1310526,1310578..1310638,1310698..1311908)] [gbkey=CDS]	51.60186756223399	0.7652839276047747	0.5379876796714579	0.564505566470203	0.6611909650924025	0.8546176617833319
lcl|CM001196.1_cds_EGP92621.1_351 [locus_tag=MYCGRDRAFT_65279] [db_xref=JGIDB:Mycgr3_65279] [protein=hypothetical protein] [protein_id=EGP92621.1] [location=complement(1312024..1313253)] [gbkey=CDS]	52.96636997897407	0.7397839128337876	0.49872122762148335	0.5294117647058824	0.6240409207161125	0.8555382683229628
lcl|CM001196.1_cds_EGP90988.1_352 [locus_tag=MYCGRDRAFT_98251] [db_xref=JGIDB:Mycgr3_98251] [protein=hypothetical protein] [protein_id=EGP90988.1] [location=join(1313719..1314973,1315040..1315374)] [gbkey=CDS]	52.9905602406971	0.755539565589537	0.4520547945205479	0.5454545454545454	0.5929549902152642	0.8584424327722616
lcl|CM001196.1_cds_EGP92620.1_353 [locus_tag=MYCGRDRAFT_106901] [db_xref=JGIDB:Mycgr3_106901] [protein=hypothetical protein] [protein_id=EGP92620.1] [location=complement(join(1315657..1317033,1317089..1317532))] [gbkey=CDS]	54.98459583400211	0.7553117293772241	0.42832764505119453	0.5608815426997246	0.5273037542662116	0.8593235176502724
lcl|CM001196.1_cds_EGP90989.1_354 [locus_tag=MYCGRDRAFT_88916] [db_xref=JGIDB:Mycgr3_88916] [protein=hypothetical protein] [protein_id=EGP90989.1] [location=join(1320107..1320804,1321073..1321334)] [gbkey=CDS]	53.342781814775705	0.7779942894084764	0.5224358974358975	0.5524109014675053	0.5961538461538461	0.8502569281167229
lcl|CM001196.1_cds_EGP92619.1_356 [locus_tag=MYCGRDRAFT_65284] [db_xref=JGIDB:Mycgr3_65284] [protein=hypothetical protein] [protein_id=EGP92619.1] [location=complement(join(1324674..1324948,1325030..1325366))] [gbkey=CDS]	53.196861943634566	0.7088803873711188	0.375	0.5495049504950495	0.5104166666666666	0.8648925496733267
lcl|CM001196.1_cds_EGP92618.1_357 [locus_tag=MYCGRDRAFT_98253] [db_xref=InterPro:IPR002086,JGIDB:Mycgr3_98253] [protein=hypothetical protein] [protein_id=EGP92618.1] [location=complement(join(1328679..1328685,1329344..1330812))] [gbkey=CDS]	45.56117856766619	0.8454040453093434	0.6434599156118144	0.5666666666666667	0.7172995780590717	0.8557020032689532
lcl|CM001196.1_cds_EGP90991.1_358 [gene=MgSlt2] [locus_tag=MYCGRDRAFT_102121] [db_xref=InterPro:IPR000719,JGIDB:Mycgr3_102121] [protein=mitogen-activated protein kinase] [protein_id=EGP90991.1] [location=join(1331641..1331953,1332006..1332322,1332378..1332992)] [gbkey=CDS]	51.05535985462311	0.8034854031257753	0.55	0.536723163841808	0.6525	0.8545564709289531
lcl|CM001196.1_cds_EGP90992.1_359 [locus_tag=MYCGRDRAFT_106905] [db_xref=JGIDB:Mycgr3_106905] [protein=hypothetical protein] [protein_id=EGP90992.1] [location=join(1334559..1339727,1339790..1339964,1340426..1340520)] [gbkey=CDS]	55.35809088090917	0.778289627244351	0.4898419864559819	0.5661697036628014	0.5756207674943566	0.8579209270592572
lcl|CM001196.1_cds_EGP90993.1_360 [locus_tag=MYCGRDRAFT_102125] [db_xref=InterPro:IPR001138,JGIDB:Mycgr3_102125] [protein=hypothetical protein] [protein_id=EGP90993.1] [location=join(1342632..1342787,1342873..1342886,1342944..1343271,1343461..1343793)] [gbkey=CDS]	51.00914343192887	0.8049168647825529	0.5285171102661597	0.6012121212121212	0.6425855513307985	0.8534199618616025
lcl|CM001196.1_cds_EGP92617.1_361 [locus_tag=MYCGRDRAFT_102127] [db_xref=InterPro:IPR000506,JGIDB:Mycgr3_102127] [protein=hypothetical protein] [protein_id=EGP92617.1] [location=complement(join(1345028..1345720,1345780..1346058,1346121..1346152,1346206..1346413))] [gbkey=CDS]	37.741571231251804	0.8902708232181767	0.7958656330749354	0.6077943615257048	0.8113695090439277	0.8545475936085631
lcl|CM001196.1_cds_EGP90994.1_362 [locus_tag=MYCGRDRAFT_88924] [db_xref=JGIDB:Mycgr3_88924] [protein=hypothetical protein] [protein_id=EGP90994.1] [location=join(1346831..1346949,1347010..1347972,1348027..1349545)] [gbkey=CDS]	55.320118555143324	0.7486682019372181	0.4407185628742515	0.5371868978805395	0.5676646706586826	0.8582968606973495
lcl|CM001196.1_cds_EGP90995.1_363 [locus_tag=MYCGRDRAFT_98257] [db_xref=InterPro:IPR000348,JGIDB:Mycgr3_98257] [protein=hypothetical protein] [protein_id=EGP90995.1] [location=join(1349935..1350132,1350235..1350681)] [gbkey=CDS]	47.30276572062747	0.8321377425357683	0.6048780487804878	0.5884194053208138	0.7707317073170732	0.8561404726699989
lcl|CM001196.1_cds_EGP92616.1_364 [locus_tag=MYCGRDRAFT_88926] [db_xref=JGIDB:Mycgr3_88926] [protein=hypothetical protein] [protein_id=EGP92616.1] [location=complement(join(1351204..1351303,1351362..1351702,1351762..1352159,1352213..1352456,1352516..1352527))] [gbkey=CDS]	51.2022893104688	0.8124542979885518	0.5369318181818182	0.5711662075298439	0.6448863636363636	0.8556197880382362
lcl|CM001196.1_cds_EGP92615.1_365 [locus_tag=MYCGRDRAFT_102131] [db_xref=InterPro:IPR005631,JGIDB:Mycgr3_102131] [protein=hypothetical protein] [protein_id=EGP92615.1] [location=complement(join(1353399..1353901,1353956..1354397))] [gbkey=CDS]	49.99362670368878	0.808107908984284	0.5448504983388704	0.5601703940362087	0.627906976744186	0.8570248480054729
lcl|CM001196.1_cds_EGP92614.1_366 [locus_tag=MYCGRDRAFT_88928] [db_xref=JGIDB:Mycgr3_88928] [protein=hypothetical protein] [protein_id=EGP92614.1] [location=complement(1354936..1355271)] [gbkey=CDS]	54.04763866808738	0.7744120839993439	0.47619047619047616	0.5606060606060606	0.580952380952381	0.85488095991415
lcl|CM001196.1_cds_EGP92613.1_367 [locus_tag=MYCGRDRAFT_88929] [db_xref=JGIDB:Mycgr3_88929] [protein=hypothetical protein] [protein_id=EGP92613.1] [location=complement(1356357..1357553)] [gbkey=CDS]	53.381659194339264	0.7532782515625428	0.5	0.5482787573467675	0.6157894736842106	0.8538686676060786
lcl|CM001196.1_cds_EGP90996.1_368 [locus_tag=MYCGRDRAFT_65302] [db_xref=InterPro:IPR002155,JGIDB:Mycgr3_65302] [protein=hypothetical protein] [protein_id=EGP90996.1] [location=join(1358175..1359305,1359372..1359575)] [gbkey=CDS]	47.43035465002042	0.8068348961506876	0.5128205128205128	0.5786305492851769	0.6806526806526807	0.8557891579611546
lcl|CM001196.1_cds_EGP92612.1_369 [gene=MgAtr1] [locus_tag=MYCGRDRAFT_117819] [db_xref=JGIDB:Mycgr3_117819] [protein=ABC transporter] [protein_id=EGP92612.1] [location=complement(join(1360003..1362542,1362671..1364624,1364679..1364873))] [gbkey=CDS]	45.300227189345065	0.8293699857895559	0.6352705410821643	0.554559043348281	0.6953907815631263	0.8553963210535535
lcl|CM001196.1_cds_EGP92611.1_370 [locus_tag=MYCGRDRAFT_88932] [db_xref=JGIDB:Mycgr3_88932] [protein=hypothetical protein] [protein_id=EGP92611.1] [location=complement(1366081..1367283)] [gbkey=CDS]	48.33459265431047	0.8284627778705009	0.5535248041775457	0.6374269005847953	0.7441253263707572	0.8558893691739395
lcl|CM001196.1_cds_EGP92610.1_371 [locus_tag=MYCGRDRAFT_106912] [db_xref=JGIDB:Mycgr3_106912] [protein=hypothetical protein] [protein_id=EGP92610.1] [location=complement(join(1369602..1369711,1369973..1370079,1370386..1370551,1370609..1372421))] [gbkey=CDS]	54.457769540228504	0.777489900005707	0.48936170212765956	0.5465753424657535	0.6056737588652482	0.8578238634224546
lcl|CM001196.1_cds_EGP90997.1_372 [locus_tag=MYCGRDRAFT_102133] [db_xref=JGIDB:Mycgr3_102133] [protein=hypothetical protein] [protein_id=EGP90997.1] [location=join(1373054..1373071,1373131..1373221,1373282..1373535,1373656..1373706)] [gbkey=CDS]	45.65193337033324	0.8799077278342035	0.7111111111111111	0.6151960784313726	0.7481481481481481	0.8558671120269954
lcl|CM001196.1_cds_EGP92609.1_373 [locus_tag=MYCGRDRAFT_65312] [db_xref=InterPro:IPR005828,JGIDB:Mycgr3_65312] [protein=MFS transporter] [protein_id=EGP92609.1] [location=complement(join(1373841..1374480,1374529..1375226))] [gbkey=CDS]	52.897566681712576	0.7432002050558117	0.4748201438848921	0.5367867867867868	0.6115107913669064	0.8572994987802587
lcl|CM001196.1_cds_EGP90998.1_374 [locus_tag=MYCGRDRAFT_88936] [db_xref=JGIDB:Mycgr3_88936] [protein=hypothetical protein] [protein_id=EGP90998.1] [location=join(1375791..1376225,1376298..1376399)] [gbkey=CDS]	50.33442727637342	0.7934220945365433	0.5	0.608286252354049	0.7380952380952381	0.8450927270562033
lcl|CM001196.1_cds_EGP90999.1_376 [locus_tag=MYCGRDRAFT_65316] [db_xref=InterPro:IPR007235,JGIDB:Mycgr3_65316] [protein=hypothetical protein] [protein_id=EGP90999.1] [location=join(1377884..1378193,1378262..1378539)] [gbkey=CDS]	51.88147564524849	0.7437636298050221	0.4607329842931937	0.5274914089347079	0.5445026178010471	0.8535002267444401
lcl|CM001196.1_cds_EGP91001.1_378 [locus_tag=MYCGRDRAFT_102136] [db_xref=JGIDB:Mycgr3_102136] [protein=hypothetical protein] [protein_id=EGP91001.1] [location=1381254..1381724] [gbkey=CDS]	52.075624070131475	0.8240207247611924	0.6095890410958904	0.5483870967741935	0.6712328767123288	0.8531531677498747
lcl|CM001196.1_cds_EGP91002.1_379 [locus_tag=MYCGRDRAFT_33375] [db_xref=JGIDB:Mycgr3_33375] [protein=hypothetical protein] [protein_id=EGP91002.1] [location=1383091..1383324] [gbkey=CDS]	45.3983923512318	0.7213246906919023	0.3466666666666667	0.5087719298245614	0.5866666666666667	0.85488095991415
lcl|CM001196.1_cds_EGP92607.1_380 [locus_tag=MYCGRDRAFT_65322] [db_xref=InterPro:IPR002843,JGIDB:Mycgr3_65322] [protein=hypothetical protein] [protein_id=EGP92607.1] [location=complement(join(1383729..1383812,1383871..1384763,1384832..1384934,1385000..1385020))] [gbkey=CDS]	48.67176137987025	0.7801327597164789	0.5454545454545454	0.5378995433789955	0.6875	0.8559833637281393
lcl|CM001196.1_cds_EGP92606.1_381 [locus_tag=MYCGRDRAFT_106918] [db_xref=JGIDB:Mycgr3_106918] [protein=hypothetical protein] [protein_id=EGP92606.1] [location=complement(1385554..1386603)] [gbkey=CDS]	50.43077524207409	0.8187268922182545	0.5432835820895522	0.5766283524904214	0.6298507462686567	0.857581410781622
lcl|CM001196.1_cds_EGP92605.1_384 [locus_tag=MYCGRDRAFT_88944] [db_xref=JGIDB:Mycgr3_88944] [protein=hypothetical protein] [protein_id=EGP92605.1] [location=complement(join(1394265..1395354,1395451..1395569))] [gbkey=CDS]	53.310610294468056	0.7963149820633341	0.46632124352331605	0.57356608478803	0.6295336787564767	0.8552152880931112
lcl|CM001196.1_cds_EGP91006.1_386 [locus_tag=MYCGRDRAFT_88946] [db_xref=JGIDB:Mycgr3_88946] [protein=hypothetical protein] [protein_id=EGP91006.1] [location=join(1400781..1401074,1401127..1401948)] [gbkey=CDS]	51.84731743818665	0.7652432362665682	0.480225988700565	0.527027027027027	0.635593220338983	0.8599677951048866
lcl|CM001196.1_cds_EGP91007.1_387 [locus_tag=MYCGRDRAFT_65330] [db_xref=InterPro:IPR001650,InterPro:IPR011545,JGIDB:Mycgr3_65330] [protein=hypothetical protein] [protein_id=EGP91007.1] [location=join(1402274..1402444,1402497..1404251)] [gbkey=CDS]	53.96149690708244	0.7346441840524555	0.4378029079159935	0.5161458333333333	0.567043618739903	0.8616092688206841
lcl|CM001196.1_cds_EGP91008.1_388 [locus_tag=MYCGRDRAFT_34973] [db_xref=InterPro:IPR002314,InterPro:IPR002317,JGIDB:Mycgr3_34973] [protein=hypothetical protein] [protein_id=EGP91008.1] [location=1404480..1406000] [gbkey=CDS]	53.61436556929479	0.7535483429557435	0.4784394250513347	0.5471947194719472	0.5954825462012321	0.8583384518667784
lcl|CM001196.1_cds_EGP92604.1_389 [locus_tag=MYCGRDRAFT_88949] [db_xref=JGIDB:Mycgr3_88949] [protein=hypothetical protein] [protein_id=EGP92604.1] [location=complement(join(1407625..1407657,1407785..1409683,1409775..1409789))] [gbkey=CDS]	55.52440116780108	0.7545449742673409	0.43690851735015773	0.5450798557444616	0.5646687697160884	0.85488095991415
lcl|CM001196.1_cds_EGP92602.1_392 [locus_tag=MYCGRDRAFT_31719] [db_xref=InterPro:IPR001138,InterPro:IPR007219,JGIDB:Mycgr3_31719] [protein=hypothetical protein] [protein_id=EGP92602.1] [location=complement(join(1418509..1418978,1419036..1419719,1419772..1421005,1421074..1421232))] [gbkey=CDS]	55.25641762789752	0.7340717600688962	0.42857142857142855	0.5234159779614325	0.5445665445665445	0.8559894415144875
lcl|CM001196.1_cds_EGP92601.1_393 [locus_tag=MYCGRDRAFT_65342] [db_xref=InterPro:IPR001650,InterPro:IPR011545,JGIDB:Mycgr3_65342] [protein=hypothetical protein] [protein_id=EGP92601.1] [location=complement(join(1421672..1421905,1421958..1423224,1423327..1423742))] [gbkey=CDS]	51.47205380849647	0.7793152178693796	0.5128205128205128	0.5206698063840921	0.5993589743589743	0.8569877808086733
lcl|CM001196.1_cds_EGP91010.1_394 [locus_tag=MYCGRDRAFT_106928] [db_xref=JGIDB:Mycgr3_106928] [protein=hypothetical protein] [protein_id=EGP91010.1] [location=1425507..1426340] [gbkey=CDS]	55.37894695857566	0.7581663869553023	0.5075757575757576	0.5446859903381642	0.6098484848484849	0.8568257686069408
lcl|CM001196.1_cds_EGP92600.1_395 [locus_tag=MYCGRDRAFT_106929] [db_xref=JGIDB:Mycgr3_106929] [protein=hypothetical protein] [protein_id=EGP92600.1] [location=complement(join(1426727..1427255,1427314..1427417))] [gbkey=CDS]	49.63642247891591	0.8280539051061576	0.54	0.5901116427432217	0.66	0.8587376541505344
lcl|CM001196.1_cds_EGP92599.1_396 [locus_tag=MYCGRDRAFT_98268] [db_xref=InterPro:IPR000330,InterPro:IPR001650,InterPro:IPR006935,JGIDB:Mycgr3_98268] [protein=SWI/SNF chromatin remodeling complex component] [protein_id=EGP92599.1] [location=complement(join(1427931..1428056,1428114..1428917,1428996..1431290))] [gbkey=CDS]	47.11255262905603	0.8220991963756585	0.6512077294685991	0.5566946256601429	0.6917874396135266	0.8572577419216798
lcl|CM001196.1_cds_EGP92598.1_398 [locus_tag=MYCGRDRAFT_33380] [db_xref=JGIDB:Mycgr3_33380] [protein=hypothetical protein] [protein_id=EGP92598.1] [location=complement(1439759..1440385)] [gbkey=CDS]	51.02598272910027	0.7748105355965463	0.49748743718592964	0.5539452495974235	0.6532663316582915	0.858124765079238
lcl|CM001196.1_cds_EGP91012.1_399 [locus_tag=MYCGRDRAFT_34023] [db_xref=JGIDB:Mycgr3_34023] [protein=hypothetical protein] [protein_id=EGP91012.1] [location=1441001..1442107] [gbkey=CDS]	54.79893111682672	0.725616281000696	0.4339080459770115	0.51952770208901	0.5287356321839081	0.8545158079723977
lcl|CM001196.1_cds_EGP92597.1_400 [locus_tag=MYCGRDRAFT_65348] [db_xref=InterPro:IPR001452,InterPro:IPR011511,JGIDB:Mycgr3_65348] [protein=hypothetical protein] [protein_id=EGP92597.1] [location=complement(join(1445818..1445863,1445923..1445977,1446033..1446609,1446666..1446710))] [gbkey=CDS]	51.010980023038066	0.7933395114274338	0.5407725321888412	0.5606694560669456	0.630901287553648	0.8543203095649448
lcl|CM001196.1_cds_EGP91013.1_401 [gene=IDP1] [locus_tag=MYCGRDRAFT_98270] [db_xref=InterPro:IPR001804,JGIDB:Mycgr3_98270] [protein=NADP-dependent isocitrate dehydrogenase] [protein_id=EGP91013.1] [location=join(1449890..1450859,1450912..1451330)] [gbkey=CDS]	43.05154716820023	0.8534608449676337	0.7097505668934241	0.5531453362255966	0.746031746031746	0.8572101904924916
lcl|CM001196.1_cds_EGP91014.1_403 [locus_tag=MYCGRDRAFT_65354] [db_xref=InterPro:IPR001440,JGIDB:Mycgr3_65354] [protein=hypothetical protein] [protein_id=EGP91014.1] [location=join(1455357..1456503,1456561..1457043,1457103..1457347)] [gbkey=CDS]	49.097636861724474	0.8212421646113734	0.5950413223140496	0.5617977528089888	0.6925619834710743	0.8540207869098707
lcl|CM001196.1_cds_EGP91015.1_404 [gene=DCW1] [locus_tag=MYCGRDRAFT_33386] [db_xref=InterPro:IPR005198,JGIDB:Mycgr3_33386] [protein=putative mannan endo-1,6-alpha-mannosidase] [protein_id=EGP91015.1] [location=join(1458087..1458599,1458756..1459056,1459214..1459836)] [gbkey=CDS]	52.118325195630256	0.7846890137511727	0.5251641137855579	0.5541579315164221	0.6389496717724289	0.8565686537146646
lcl|CM001196.1_cds_EGP92595.1_405 [locus_tag=MYCGRDRAFT_83481] [db_xref=JGIDB:Mycgr3_83481] [protein=hypothetical protein] [protein_id=EGP92595.1] [location=complement(join(1460212..1460861,1460920..1460995))] [gbkey=CDS]	54.36610745841859	0.7647854435654136	0.4868421052631579	0.5569444444444445	0.5964912280701754	0.8599222432803725
lcl|CM001196.1_cds_EGP92593.1_407 [locus_tag=MYCGRDRAFT_102145] [db_xref=JGIDB:Mycgr3_102145] [protein=hypothetical protein] [protein_id=EGP92593.1] [location=complement(1462857..1463279)] [gbkey=CDS]	50.600977032328466	0.8002245968704043	0.6148148148148148	0.580335731414868	0.7333333333333333	0.8587469236986289
lcl|CM001196.1_cds_EGP91016.1_408 [locus_tag=MYCGRDRAFT_88966] [db_xref=InterPro:IPR000330,InterPro:IPR001650,JGIDB:Mycgr3_88966] [protein=SNF2 family DNA-dependent ATPase] [protein_id=EGP91016.1] [location=join(1463929..1464432,1464756..1468947,1469049..1469434)] [gbkey=CDS]	51.24731213863222	0.7984237525493535	0.5664634146341463	0.5565405831363278	0.6323170731707317	0.8536934929243155
lcl|CM001196.1_cds_EGP92592.1_409 [locus_tag=MYCGRDRAFT_65361] [db_xref=InterPro:IPR002198,JGIDB:Mycgr3_65361] [protein=hypothetical protein] [protein_id=EGP92592.1] [location=complement(1470041..1470943)] [gbkey=CDS]	53.870480536323036	0.7580985887049377	0.46735395189003437	0.5562987736900781	0.5773195876288659	0.8499639399214792
lcl|CM001196.1_cds_EGP92591.1_410 [locus_tag=MYCGRDRAFT_65364] [db_xref=InterPro:IPR005828,JGIDB:Mycgr3_65364] [protein=hypothetical protein] [protein_id=EGP92591.1] [location=complement(join(1471402..1471800,1471873..1472288,1472348..1472815,1472873..1473186,1473236..1473318))] [gbkey=CDS]	50.97262674163597	0.7769317735867947	0.5526315789473685	0.5436081242532855	0.650375939849624	0.8570456215548834
lcl|CM001196.1_cds_EGP92590.1_411 [gene=MgCHS1] [locus_tag=MYCGRDRAFT_98274] [db_xref=InterPro:IPR004834,JGIDB:Mycgr3_98274] [protein=CHS1 chitin synthase, class I] [protein_id=EGP92590.1] [location=complement(join(1478238..1479164,1479215..1480666,1480771..1480998))] [gbkey=CDS]	49.84568551929498	0.8083596228565406	0.5434782608695652	0.5351787773933102	0.6702898550724637	0.8545718130772273
lcl|CM001196.1_cds_EGP91017.1_412 [gene=PTPL-1] [locus_tag=MYCGRDRAFT_31289] [db_xref=InterPro:IPR000106,JGIDB:Mycgr3_31289] [protein=tyrosine protein phosphatase 1] [protein_id=EGP91017.1] [location=1482514..1483077] [gbkey=CDS]	48.68606408854074	0.8043846215204077	0.5683060109289617	0.5716845878136201	0.73224043715847	0.8570456215548833
lcl|CM001196.1_cds_EGP92589.1_413 [locus_tag=MYCGRDRAFT_88971] [db_xref=JGIDB:Mycgr3_88971] [protein=hypothetical protein] [protein_id=EGP92589.1] [location=complement(join(1484796..1485073,1485450..1485828,1485893..1485901))] [gbkey=CDS]	52.297977373816025	0.7354282064538313	0.47417840375586856	0.503030303030303	0.596244131455399	0.8585444068629774
lcl|CM001196.1_cds_EGP92586.1_416 [locus_tag=MYCGRDRAFT_98275] [db_xref=InterPro:IPR002130,JGIDB:Mycgr3_98275] [protein=hypothetical protein] [protein_id=EGP92586.1] [location=complement(1496331..1497452)] [gbkey=CDS]	47.071645256773834	0.8371443387722667	0.6267029972752044	0.5770609318996416	0.7411444141689373	0.8563234593385441
lcl|CM001196.1_cds_EGP92585.1_417 [gene=NTC1] [locus_tag=MYCGRDRAFT_65376] [db_xref=InterPro:IPR001661,InterPro:IPR011120,JGIDB:Mycgr3_65376] [protein=putative neutral trehalase] [protein_id=EGP92585.1] [location=complement(join(1497975..1500340,1500397..1500493,1500593..1500790))] [gbkey=CDS]	50.581320552743016	0.8033453736509802	0.5901060070671378	0.560075329566855	0.6442873969375736	0.8574596091778954
lcl|CM001196.1_cds_EGP92584.1_418 [locus_tag=MYCGRDRAFT_106942] [db_xref=InterPro:IPR002198,JGIDB:Mycgr3_106942] [protein=hypothetical protein] [protein_id=EGP92584.1] [location=complement(join(1502083..1502819,1502971..1503330,1503440..1503473))] [gbkey=CDS]	49.53172599332128	0.7985520444919797	0.5373961218836565	0.5742222222222222	0.7008310249307479	0.8581039656408933
lcl|CM001196.1_cds_EGP92583.1_419 [locus_tag=MYCGRDRAFT_83488] [db_xref=InterPro:IPR001461,JGIDB:Mycgr3_83488] [protein=hypothetical protein] [protein_id=EGP92583.1] [location=complement(join(1504176..1504559,1504626..1505006,1505057..1505215,1505270..1505547,1505658..1505742))] [gbkey=CDS]	44.60773044648705	0.859109166041487	0.6545893719806763	0.570647931303669	0.751207729468599	0.8536262432696415
lcl|CM001196.1_cds_EGP91018.1_420 [locus_tag=MYCGRDRAFT_102151] [db_xref=InterPro:IPR001619,JGIDB:Mycgr3_102151] [protein=hypothetical protein] [protein_id=EGP91018.1] [location=join(1511003..1511039,1511094..1511319,1511393..1511775,1511825..1513272)] [gbkey=CDS]	53.825421144897234	0.7756120610058519	0.4940652818991098	0.5301724137931034	0.615727002967359	0.859128353790288
lcl|CM001196.1_cds_EGP91019.1_421 [locus_tag=MYCGRDRAFT_106945] [db_xref=InterPro:IPR000433,JGIDB:Mycgr3_106945] [protein=hypothetical protein] [protein_id=EGP91019.1] [location=join(1516921..1517043,1517207..1520566)] [gbkey=CDS]	43.480680852546364	0.858914855806134	0.6610470275066548	0.5985044578659764	0.7213842058562555	0.8488882165390925
lcl|CM001196.1_cds_EGP91020.1_422 [locus_tag=MYCGRDRAFT_65387] [db_xref=InterPro:IPR000608,JGIDB:Mycgr3_65387] [protein=hypothetical protein] [protein_id=EGP91020.1] [location=join(1521374..1521479,1521541..1521983)] [gbkey=CDS]	47.378156573109415	0.8258290437770672	0.5977011494252874	0.5506445672191529	0.7586206896551724	0.857105496572322
lcl|CM001196.1_cds_EGP92582.1_423 [locus_tag=MYCGRDRAFT_33192] [db_xref=InterPro:IPR005302,InterPro:IPR005303,JGIDB:Mycgr3_33192] [protein=hypothetical protein] [protein_id=EGP92582.1] [location=complement(1522597..1523724)] [gbkey=CDS]	45.7522635028895	0.8256670843440971	0.6509695290858726	0.5748663101604278	0.7368421052631579	0.8541644721424699
lcl|CM001196.1_cds_EGP91021.1_424 [locus_tag=MYCGRDRAFT_65395] [db_xref=InterPro:IPR001345,JGIDB:Mycgr3_65395] [protein=hypothetical protein] [protein_id=EGP91021.1] [location=join(1524407..1524702,1524768..1525152)] [gbkey=CDS]	53.58504866299535	0.7515368421298787	0.5116279069767442	0.5585185185185185	0.627906976744186	0.8578648083320524
lcl|CM001196.1_cds_EGP92581.1_425 [locus_tag=MYCGRDRAFT_88982] [db_xref=JGIDB:Mycgr3_88982] [protein=Ca2+-modulated nonselective cation channel polycystin] [protein_id=EGP92581.1] [location=complement(1525585..1529025)] [gbkey=CDS]	56.29842432001354	0.7402319845058148	0.4078014184397163	0.5560407569141194	0.526595744680851	0.8571080903793916
lcl|CM001196.1_cds_EGP91022.1_426 [locus_tag=MYCGRDRAFT_31283] [db_xref=JGIDB:Mycgr3_31283] [protein=peptidase aspartic] [protein_id=EGP91022.1] [location=join(1531175..1532735,1532856..1533157)] [gbkey=CDS]	54.1481174833672	0.7574286568014608	0.48013245033112584	0.5358104469574583	0.5811258278145696	0.8561811986833024
lcl|CM001196.1_cds_EGP92580.1_427 [locus_tag=MYCGRDRAFT_102155] [db_xref=JGIDB:Mycgr3_102155] [protein=hypothetical protein] [protein_id=EGP92580.1] [location=complement(1534656..1535009)] [gbkey=CDS]	54.16691458771562	0.7248508538651361	0.38181818181818183	0.5258620689655172	0.5454545454545454	0.8618422215883212
lcl|CM001196.1_cds_EGP92579.1_428 [locus_tag=MYCGRDRAFT_106949] [db_xref=JGIDB:Mycgr3_106949] [protein=hypothetical protein] [protein_id=EGP92579.1] [location=complement(join(1535665..1537018,1537159..1537260,1537723..1538324,1538374..1538670,1538812..1538946))] [gbkey=CDS]	54.22318371499751	0.7624682647505756	0.4191542288557214	0.5595813204508857	0.5659203980099502	0.8560148945486804
lcl|CM001196.1_cds_EGP91023.1_429 [locus_tag=MYCGRDRAFT_33694] [db_xref=InterPro:IPR002198,JGIDB:Mycgr3_33694] [protein=hypothetical protein] [protein_id=EGP91023.1] [location=join(1539395..1539860,1539923..1540521)] [gbkey=CDS]	47.50177797594838	0.8031330322423381	0.6064139941690962	0.5656279508970727	0.6676384839650146	0.8567816446624179
lcl|CM001196.1_cds_EGP92578.1_430 [locus_tag=MYCGRDRAFT_65399] [db_xref=JGIDB:Mycgr3_65399] [protein=hypothetical protein] [protein_id=EGP92578.1] [location=complement(1540787..1541899)] [gbkey=CDS]	50.55185845894724	0.7862193731270376	0.5388888888888889	0.5537488708220416	0.6666666666666666	0.859981621610263
lcl|CM001196.1_cds_EGP92577.1_431 [locus_tag=MYCGRDRAFT_65403] [db_xref=InterPro:IPR005834,InterPro:IPR006121,InterPro:IPR008250,JGIDB:Mycgr3_65403] [protein=hypothetical protein] [protein_id=EGP92577.1] [location=complement(1543207..1546731)] [gbkey=CDS]	54.23952372350831	0.7490638829661629	0.4920212765957447	0.5498721227621484	0.6081560283687943	0.8546524492985179
lcl|CM001196.1_cds_EGP92576.1_432 [locus_tag=MYCGRDRAFT_32491] [db_xref=InterPro:IPR000814,JGIDB:Mycgr3_32491] [protein=hypothetical protein] [protein_id=EGP92576.1] [location=complement(1548100..1548633)] [gbkey=CDS]	49.523314874210364	0.7671082726720774	0.5029940119760479	0.5606060606060606	0.7065868263473054	0.8594627189582025
lcl|CM001196.1_cds_EGP92575.1_433 [locus_tag=MYCGRDRAFT_106951] [db_xref=InterPro:IPR000719,JGIDB:Mycgr3_106951] [protein=Serine/threonine protein kinase] [protein_id=EGP92575.1] [location=complement(join(1552006..1553892,1553945..1555405))] [gbkey=CDS]	55.44610195165899	0.7628531144946741	0.47878228782287824	0.5691202872531418	0.5645756457564576	0.8589817329144495
lcl|CM001196.1_cds_EGP92574.1_434 [locus_tag=MYCGRDRAFT_88990] [db_xref=JGIDB:Mycgr3_88990] [protein=hypothetical protein] [protein_id=EGP92574.1] [location=complement(1558367..1559140)] [gbkey=CDS]	55.60241364277149	0.7533274423523986	0.4581673306772908	0.57421875	0.5816733067729084	0.8554047116619213
lcl|CM001196.1_cds_EGP92573.1_435 [locus_tag=MYCGRDRAFT_88991] [db_xref=JGIDB:Mycgr3_88991] [protein=hypothetical protein] [protein_id=EGP92573.1] [location=complement(join(1559655..1559825,1559881..1560252))] [gbkey=CDS]	52.797757630838994	0.7606220316832284	0.44886363636363635	0.5623836126629422	0.6193181818181818	0.8608925859010366
lcl|CM001196.1_cds_EGP91024.1_436 [locus_tag=MYCGRDRAFT_98284] [db_xref=InterPro:IPR000717,JGIDB:Mycgr3_98284] [protein=CSN7 COP9 signalosome subunit] [protein_id=EGP91024.1] [location=join(1560867..1561569,1562060..1562106)] [gbkey=CDS]	51.03553622820942	0.7932538343430181	0.49382716049382713	0.5577956989247311	0.6131687242798354	0.8554216122210038
lcl|CM001196.1_cds_EGP92572.1_438 [gene=PP2CL2] [locus_tag=MYCGRDRAFT_52355] [db_xref=InterPro:IPR001932,JGIDB:Mycgr3_52355] [protein=protein phosphatase 2C-like protein 2] [protein_id=EGP92572.1] [location=complement(join(1563361..1563570,1563690..1563820,1563874..1563940,1564005..1565252))] [gbkey=CDS]	55.31775371536238	0.7449190073853088	0.4665391969407266	0.5563636363636364	0.5564053537284895	0.8522043709868016
lcl|CM001196.1_cds_EGP91026.1_439 [locus_tag=MYCGRDRAFT_34213] [db_xref=InterPro:IPR006953,InterPro:IPR006955,JGIDB:Mycgr3_34213] [protein=hypothetical protein] [protein_id=EGP91026.1] [location=join(1569398..1569588,1569640..1569762,1569885..1570580,1570647..1572256,1572872..1573164)] [gbkey=CDS]	54.99943447468347	0.7542736073614983	0.47340980187695514	0.5565875472996216	0.5870698644421272	0.859597057385895
lcl|CM001196.1_cds_EGP92571.1_440 [gene=MgOPT6] [locus_tag=MYCGRDRAFT_106955] [db_xref=InterPro:IPR004813,JGIDB:Mycgr3_106955] [protein=oligopeptide transporter] [protein_id=EGP92571.1] [location=complement(join(1573220..1573460,1573587..1575529))] [gbkey=CDS]	54.687917093476266	0.723248722139358	0.4320809248554913	0.5546372819100092	0.5823699421965318	0.8582107185176483
lcl|CM001196.1_cds_EGP91027.1_441 [locus_tag=MYCGRDRAFT_102163] [db_xref=JGIDB:Mycgr3_102163] [protein=hypothetical protein] [protein_id=EGP91027.1] [location=join(1575799..1576081,1576137..1576351)] [gbkey=CDS]	53.026151027083436	0.7626924488164174	0.475	0.524390243902439	0.5875	0.8540640371263903
lcl|CM001196.1_cds_EGP91028.1_442 [locus_tag=MYCGRDRAFT_83502] [db_xref=InterPro:IPR007087,JGIDB:Mycgr3_83502] [protein=hypothetical protein] [protein_id=EGP91028.1] [location=1579548..1580177] [gbkey=CDS]	52.5851474403614	0.7722418461607045	0.4682926829268293	0.5336538461538461	0.5756097560975609	0.85488095991415
lcl|CM001196.1_cds_EGP91029.1_443 [locus_tag=MYCGRDRAFT_98287] [db_xref=InterPro:IPR001241,InterPro:IPR002205,InterPro:IPR003594,JGIDB:Mycgr3_98287] [protein=hypothetical protein] [protein_id=EGP91029.1] [location=join(1580859..1584888,1584958..1585961)] [gbkey=CDS]	50.49837463888329	0.809231409871674	0.5827650340979541	0.5379872712808274	0.6689398636081835	0.8576846995429099
lcl|CM001196.1_cds_EGP92570.1_444 [locus_tag=MYCGRDRAFT_102165] [db_xref=JGIDB:Mycgr3_102165] [protein=hypothetical protein] [frame=3] [partial=5'] [protein_id=EGP92570.1] [location=complement(1586471..>1586688)] [gbkey=CDS]	52.83958289659518	0.7166019122068353	0.4264705882352941	0.5190476190476191	0.5147058823529411	0.8529682544018323
lcl|CM001196.1_cds_EGP91030.1_445 [locus_tag=MYCGRDRAFT_65422] [db_xref=InterPro:IPR001303,JGIDB:Mycgr3_65422] [protein=hypothetical protein] [protein_id=EGP91030.1] [location=join(1588655..1588788,1588843..1589389,1589443..1589658)] [gbkey=CDS]	46.08051279434792	0.85979830211795	0.6527777777777778	0.5869809203142536	0.7395833333333334	0.8503797410285782
lcl|CM001196.1_cds_EGP91031.1_446 [locus_tag=MYCGRDRAFT_102170] [db_xref=JGIDB:Mycgr3_102170] [protein=hypothetical protein] [protein_id=EGP91031.1] [location=join(1590760..1590922,1591315..1591850,1591910..1592378,1592433..1592491)] [gbkey=CDS]	40.594094480585404	0.8935961766449104	0.715	0.5864045864045864	0.795	0.8558695364055755
lcl|CM001196.1_cds_EGP92569.1_447 [locus_tag=MYCGRDRAFT_98291] [db_xref=JGIDB:Mycgr3_98291] [protein=hypothetical protein] [protein_id=EGP92569.1] [location=complement(join(1592966..1593168,1593231..1593416,1593484..1593664,1593716..1593928,1594043..1594210,1594262..1594520,1594575..1594630,1594687..1594908))] [gbkey=CDS]	46.504482384796155	0.8149420034958886	0.6299559471365639	0.5600539811066126	0.737885462555066	0.8537963093839438
lcl|CM001196.1_cds_EGP91032.1_448 [locus_tag=MYCGRDRAFT_89002] [db_xref=JGIDB:Mycgr3_89002] [protein=hypothetical protein] [protein_id=EGP91032.1] [location=join(1597181..1598681,1598841..1599097,1599242..1599304)] [gbkey=CDS]	53.65030392050027	0.7850791580680844	0.47491638795986624	0.5691460055096419	0.5719063545150501	0.8559894415144875
lcl|CM001196.1_cds_EGP92568.1_449 [locus_tag=MYCGRDRAFT_106959] [db_xref=JGIDB:Mycgr3_106959] [protein=hypothetical protein] [protein_id=EGP92568.1] [location=complement(1599837..1600793)] [gbkey=CDS]	54.12251327665671	0.7739488300579481	0.42258064516129035	0.5993690851735016	0.5870967741935483	0.8515049460590478
lcl|CM001196.1_cds_EGP92567.1_450 [locus_tag=MYCGRDRAFT_106960] [db_xref=InterPro:IPR002198,JGIDB:Mycgr3_106960] [protein=hypothetical protein] [protein_id=EGP92567.1] [location=complement(join(1602123..1602161,1602219..1603238))] [gbkey=CDS]	48.1489688501446	0.8392210198688621	0.6142433234421365	0.5688509021842355	0.7151335311572701	0.8567924868741035
lcl|CM001196.1_cds_EGP91034.1_452 [locus_tag=MYCGRDRAFT_89006] [db_xref=InterPro:IPR002641,JGIDB:Mycgr3_89006] [protein=hypothetical protein] [protein_id=EGP91034.1] [location=join(1607081..1607098,1607149..1607222,1607284..1607346,1607717..1607790,1607878..1612187,1612276..1612335,1612400..1612422,1612507..1612609)] [gbkey=CDS]	54.87463478002414	0.7676401580880278	0.4967234600262123	0.5477855477855478	0.608781127129751	0.855307129013658
lcl|CM001196.1_cds_EGP91035.1_455 [locus_tag=MYCGRDRAFT_65433] [db_xref=InterPro:IPR010414,JGIDB:Mycgr3_65433] [protein=hypothetical protein] [protein_id=EGP91035.1] [location=join(1616107..1616483,1616537..1616960)] [gbkey=CDS]	51.4044200469476	0.7766624176450316	0.4864864864864865	0.5459119496855346	0.6332046332046332	0.85488095991415
lcl|CM001196.1_cds_EGP92564.1_456 [locus_tag=MYCGRDRAFT_102173] [db_xref=InterPro:IPR002085,JGIDB:Mycgr3_102173] [protein=hypothetical protein] [protein_id=EGP92564.1] [location=complement(join(1618341..1618697,1618757..1619458))] [gbkey=CDS]	46.526787513199416	0.8537256803724039	0.6686390532544378	0.5546058879392213	0.727810650887574	0.8567924868741035
lcl|CM001196.1_cds_EGP92563.1_457 [gene=MgAMY4] [locus_tag=MYCGRDRAFT_65440] [db_xref=InterPro:IPR006047,JGIDB:Mycgr3_65440] [protein=putative alpha-amylase] [protein_id=EGP92563.1] [location=complement(join(1620575..1621304,1621394..1621680,1621752..1621895,1621961..1622356))] [gbkey=CDS]	51.85018956780232	0.7943716262861705	0.5630081300813008	0.5454545454545454	0.6646341463414634	0.85488095991415
lcl|CM001196.1_cds_EGP92562.1_458 [locus_tag=MYCGRDRAFT_102176] [db_xref=JGIDB:Mycgr3_102176] [protein=hypothetical protein] [protein_id=EGP92562.1] [location=complement(1624057..1624344)] [gbkey=CDS]	53.54658682298902	0.7298994892676448	0.37362637362637363	0.48936170212765956	0.4945054945054945	0.8577376241552689
lcl|CM001196.1_cds_EGP91036.1_460 [gene=GTB2401] [locus_tag=MYCGRDRAFT_89011] [db_xref=InterPro:IPR000980,JGIDB:Mycgr3_89011] [protein=transcription elongation factor SPT6] [protein_id=EGP91036.1] [location=join(1626968..1627260,1627495..1631510,1631566..1631819)] [gbkey=CDS]	53.71391532204281	0.7854381142374146	0.5458871515975526	0.5415843756857581	0.628144119646499	0.8564707899453711
lcl|CM001196.1_cds_EGP91037.1_461 [locus_tag=MYCGRDRAFT_65448] [db_xref=InterPro:IPR002085,JGIDB:Mycgr3_65448] [protein=hypothetical protein] [protein_id=EGP91037.1] [location=join(1632693..1632838,1632897..1633746)] [gbkey=CDS]	45.99972639271458	0.8291677543571464	0.6571428571428571	0.5868686868686869	0.7365079365079366	0.8516376879389017
lcl|CM001196.1_cds_EGP91038.1_463 [locus_tag=MYCGRDRAFT_98298] [db_xref=InterPro:IPR007207,InterPro:IPR007282,JGIDB:Mycgr3_98298] [protein=hypothetical protein] [protein_id=EGP91038.1] [location=join(1635747..1635782,1635838..1636056,1636116..1637105,1637169..1637740,1637799..1637859)] [gbkey=CDS]	51.620078893029984	0.7705960787013854	0.45634266886326197	0.5454059829059829	0.6062602965403624	0.8587562379126404
lcl|CM001196.1_cds_EGP91039.1_464 [locus_tag=MYCGRDRAFT_89015] [db_xref=JGIDB:Mycgr3_89015] [protein=hypothetical protein] [protein_id=EGP91039.1] [location=join(1639427..1639668,1639723..1639792,1639844..1639957)] [gbkey=CDS]	52.34612651112549	0.7829518214242416	0.427536231884058	0.5452380952380952	0.5507246376811594	0.8453601314688588
lcl|CM001196.1_cds_EGP92558.1_466 [locus_tag=MYCGRDRAFT_102177] [db_xref=InterPro:IPR001353,JGIDB:Mycgr3_102177] [protein=hypothetical protein] [protein_id=EGP92558.1] [location=complement(join(1641763..1642149,1642202..1642509,1642565..1642627,1642687..1642693))] [gbkey=CDS]	47.40702961280705	0.8170043095188885	0.54216867469879515	0.5428194993412385	0.6184738955823293	0.8580656770840441
lcl|CM001196.1_cds_EGP91040.1_467 [locus_tag=MYCGRDRAFT_106967] [db_xref=InterPro:IPR000233,JGIDB:Mycgr3_106967] [protein=hypothetical protein] [protein_id=EGP91040.1] [location=join(1643029..1643390,1643503..1644721)] [gbkey=CDS]	55.124516065593554	0.7735441792330977	0.48940269749518306	0.553015873015873	0.605009633911368	0.8564142119945983
lcl|CM001196.1_cds_EGP92557.1_468 [locus_tag=MYCGRDRAFT_33019] [db_xref=InterPro:IPR010308,JGIDB:Mycgr3_33019] [protein=hypothetical protein] [protein_id=EGP92557.1] [location=complement(join(1645625..1647444,1647506..1647776))] [gbkey=CDS]	45.47631220055714	0.8333792799672274	0.6412556053811659	0.5697841726618705	0.7040358744394619	0.855266771814414
lcl|CM001196.1_cds_EGP92556.1_469 [locus_tag=MYCGRDRAFT_83520] [db_xref=InterPro:IPR002085,JGIDB:Mycgr3_83520] [protein=hypothetical protein] [protein_id=EGP92556.1] [location=complement(join(1649662..1650219,1650298..1650671,1650807..1650828))] [gbkey=CDS]	49.88559601300076	0.7961464618639784	0.5442622950819672	0.5981012658227848	0.6721311475409836	0.8570044693798157
lcl|CM001196.1_cds_EGP91041.1_470 [locus_tag=MYCGRDRAFT_89020] [db_xref=JGIDB:Mycgr3_89020] [protein=hypothetical protein] [protein_id=EGP91041.1] [location=join(1652943..1653504,1653708..1654075)] [gbkey=CDS]	51.44145684646946	0.7794383828452475	0.540268456375839	0.566017316017316	0.6442953020134228	0.8557517888081627
lcl|CM001196.1_cds_EGP91042.1_471 [locus_tag=MYCGRDRAFT_98302] [db_xref=InterPro:IPR003323,JGIDB:Mycgr3_98302] [protein=hypothetical protein] [protein_id=EGP91042.1] [location=join(1654709..1654805,1654874..1655697)] [gbkey=CDS]	52.477166640430575	0.7643416798926744	0.4533333333333333	0.5508196721311476	0.6	0.8588453846317177
lcl|CM001196.1_cds_EGP92555.1_472 [locus_tag=MYCGRDRAFT_98303] [db_xref=InterPro:IPR010839,JGIDB:Mycgr3_98303] [protein=hypothetical protein] [protein_id=EGP92555.1] [location=complement(join(1655918..1656098,1656148..1656218,1656271..1656593,1656644..1656918,1656980..1657138,1657198..1658005,1658087..1658123))] [gbkey=CDS]	53.827905244364274	0.755194412775501	0.5	0.5373376623376623	0.6135593220338983	0.8566235047765147
lcl|CM001196.1_cds_EGP91043.1_473 [locus_tag=MYCGRDRAFT_65466] [db_xref=InterPro:IPR003673,JGIDB:Mycgr3_65466] [protein=hypothetical protein] [protein_id=EGP91043.1] [location=join(1658752..1659630,1659694..1659851,1659904..1660090,1660145..1660227,1660278..1660356,1660407..1660452,1660569..1660879)] [gbkey=CDS]	52.46882848062991	0.7842863913062098	0.5235507246376812	0.5371329879101899	0.6213768115942029	0.85488095991415
lcl|CM001196.1_cds_EGP92554.1_474 [locus_tag=MYCGRDRAFT_89024] [db_xref=JGIDB:Mycgr3_89024] [protein=hypothetical protein] [protein_id=EGP92554.1] [location=complement(join(1661258..1661276,1661461..1662812))] [gbkey=CDS]	55.392962514610396	0.7444914950439249	0.46867749419953597	0.5230769230769231	0.5777262180974478	0.860200096874614
lcl|CM001196.1_cds_EGP91045.1_476 [locus_tag=MYCGRDRAFT_35091] [db_xref=InterPro:IPR002018,JGIDB:Mycgr3_35091] [protein=hypothetical protein] [protein_id=EGP91045.1] [location=join(1664703..1665078,1665135..1665512,1665562..1666463)] [gbkey=CDS]	55.53543418700473	0.734536374500408	0.4272030651340996	0.5296969696969697	0.5459770114942529	0.8605046601422096
lcl|CM001196.1_cds_EGP91046.1_477 [locus_tag=MYCGRDRAFT_106974] [db_xref=JGIDB:Mycgr3_106974] [protein=hypothetical protein] [protein_id=EGP91046.1] [location=1667088..1668911] [gbkey=CDS]	53.29974415601193	0.7869368775260337	0.5228426395939086	0.5748074807480749	0.6074450084602369	0.8557661663593144
lcl|CM001196.1_cds_EGP91047.1_478 [locus_tag=MYCGRDRAFT_98304] [db_xref=InterPro:IPR004827,JGIDB:Mycgr3_98304] [protein=hypothetical protein] [protein_id=EGP91047.1] [location=join(1670953..1671046,1671389..1671945,1672000..1672547,1672601..1672910)] [gbkey=CDS]	51.60593408565259	0.8112230141464578	0.5403726708074534	0.573519627411843	0.6356107660455487	0.8570239910900967
lcl|CM001196.1_cds_EGP91048.1_479 [gene=spc98] [locus_tag=MYCGRDRAFT_65473] [db_xref=InterPro:IPR007259,JGIDB:Mycgr3_65473] [protein=spc98 like protein] [protein_id=EGP91048.1] [location=join(1673814..1674233,1674312..1676648)] [gbkey=CDS]	54.45619759332022	0.7607767193233073	0.4706546275395034	0.5565249000363505	0.6106094808126411	0.8601593676801661
lcl|CM001196.1_cds_EGP91049.1_480 [locus_tag=MYCGRDRAFT_65477] [db_xref=InterPro:IPR003697,JGIDB:Mycgr3_65477] [protein=hypothetical protein] [protein_id=EGP91049.1] [location=join(1677007..1677210,1677267..1677866)] [gbkey=CDS]	54.10343363842894	0.7478728322102698	0.46124031007751937	0.5614035087719298	0.6201550387596899	0.8589217396259882
lcl|CM001196.1_cds_EGP92553.1_481 [locus_tag=MYCGRDRAFT_65481] [db_xref=InterPro:IPR006797,JGIDB:Mycgr3_65481] [protein=hypothetical protein] [protein_id=EGP92553.1] [location=complement(1678219..1678959)] [gbkey=CDS]	51.601886260897	0.7795979583063966	0.5423728813559322	0.5768707482993197	0.6610169491525424	0.8598190633770195
lcl|CM001196.1_cds_EGP91050.1_482 [locus_tag=MYCGRDRAFT_65482] [db_xref=InterPro:IPR002305,JGIDB:Mycgr3_65482] [protein=hypothetical protein] [protein_id=EGP91050.1] [location=1679366..1680904] [gbkey=CDS]	52.39958963836456	0.7823924715343817	0.5130784708249497	0.5212002609262884	0.6197183098591549	0.8556682462292919
lcl|CM001196.1_cds_EGP92552.1_483 [locus_tag=MYCGRDRAFT_32555] [db_xref=JGIDB:Mycgr3_32555] [protein=hypothetical protein] [protein_id=EGP92552.1] [location=complement(join(1681237..1683504,1683556..1683747))] [gbkey=CDS]	44.07079147469761	0.8255231413538595	0.6452442159383034	0.5537897310513448	0.6902313624678663	0.8520998338521294
lcl|CM001196.1_cds_EGP92551.1_484 [gene=MAD2] [locus_tag=MYCGRDRAFT_33976] [db_xref=InterPro:IPR003511,JGIDB:Mycgr3_33976] [protein=MAD2-like protein] [protein_id=EGP92551.1] [location=complement(join(1686560..1686922,1686976..1687150,1687202..1687356))] [gbkey=CDS]	50.762328797381016	0.8120376211745055	0.5570776255707762	0.5254730713245997	0.6940639269406392	0.8566387391444092
lcl|CM001196.1_cds_EGP92550.1_486 [locus_tag=MYCGRDRAFT_89033] [db_xref=InterPro:IPR001766,JGIDB:Mycgr3_89033] [protein=hypothetical protein] [protein_id=EGP92550.1] [location=complement(join(1689970..1694133,1694264..1694529,1694703..1695957))] [gbkey=CDS]	56.941964728310765	0.7755994109643343	0.4437837837837838	0.5779186476492341	0.5681081081081081	0.856794913074015
lcl|CM001196.1_cds_EGP91052.1_487 [locus_tag=MYCGRDRAFT_83529] [db_xref=JGIDB:Mycgr3_83529] [protein=hypothetical protein] [protein_id=EGP91052.1] [location=join(1696183..1696645,1696724..1697028)] [gbkey=CDS]	53.360914436434875	0.7376862471438461	0.4489795918367347	0.547244094488189	0.6	0.8575236067459793
lcl|CM001196.1_cds_EGP92549.1_488 [locus_tag=MYCGRDRAFT_65493] [db_xref=JGIDB:Mycgr3_65493] [protein=hypothetical protein] [protein_id=EGP92549.1] [location=complement(join(1697065..1697838,1697898..1698069,1698192..1698238))] [gbkey=CDS]	47.93549076833648	0.7572016631864377	0.46178343949044587	0.5572441742654508	0.6910828025477707	0.8622459666650074
lcl|CM001196.1_cds_EGP92548.1_489 [locus_tag=MYCGRDRAFT_65495] [db_xref=JGIDB:Mycgr3_65495] [protein=hypothetical protein] [protein_id=EGP92548.1] [location=complement(join(1700746..1701411,1701469..1701591))] [gbkey=CDS]	52.05421401274443	0.7847824620410062	0.49609375	0.5810983397190294	0.609375	0.8579678852046186
lcl|CM001196.1_cds_EGP92547.1_490 [gene=PAFD2401] [locus_tag=MYCGRDRAFT_106982] [db_xref=InterPro:IPR004343,JGIDB:Mycgr3_106982] [protein=Paf1p complex subunit] [protein_id=EGP92547.1] [location=complement(join(1701998..1702848,1702898..1703586,1703774..1704039))] [gbkey=CDS]	54.00533583868546	0.7834979497887803	0.5229982964224872	0.5511111111111111	0.58603066439523	0.8571178712641561
lcl|CM001196.1_cds_EGP92546.1_492 [gene=MgBcy1] [locus_tag=MYCGRDRAFT_98311] [db_xref=InterPro:IPR000595,InterPro:IPR003117,JGIDB:Mycgr3_98311] [protein=hypothetical protein] [protein_id=EGP92546.1] [location=complement(1706743..1708125)] [gbkey=CDS]	45.93114692298162	0.8474512697710453	0.6503340757238307	0.6005809731299927	0.7171492204899778	0.8563423316478707
lcl|CM001196.1_cds_EGP91055.1_494 [locus_tag=MYCGRDRAFT_106986] [db_xref=InterPro:IPR002821,InterPro:IPR003692,InterPro:IPR008040,JGIDB:Mycgr3_106986] [protein=hypothetical protein] [protein_id=EGP91055.1] [location=join(1716337..1716370,1716430..1717058,1717111..1718228,1718282..1718795,1719129..1719192,1719250..1719382,1719440..1720084,1720143..1720330,1720386..1720578,1720635..1721040)] [gbkey=CDS]	53.29976583472408	0.7768109834830693	0.5245641838351822	0.5607452782031649	0.6259904912836767	0.8557024225837578
lcl|CM001196.1_cds_EGP92545.1_495 [locus_tag=MYCGRDRAFT_35216] [db_xref=JGIDB:Mycgr3_35216] [protein=hypothetical protein] [protein_id=EGP92545.1] [location=complement(join(1721071..1721147,1721204..1721400,1721453..1721586))] [gbkey=CDS]	53.03024356950366	0.7858510415055214	0.5076923076923077	0.5597014925373134	0.6	0.8538812509416736
lcl|CM001196.1_cds_EGP92544.1_496 [locus_tag=MYCGRDRAFT_89042] [db_xref=JGIDB:Mycgr3_89042] [protein=hypothetical protein] [protein_id=EGP92544.1] [location=complement(join(1722011..1722270,1722330..1722401,1722463..1722661))] [gbkey=CDS]	51.40553812827623	0.8005462415705146	0.5117647058823529	0.5561904761904762	0.6058823529411764	0.8434687278007779
lcl|CM001196.1_cds_EGP92543.1_497 [locus_tag=MYCGRDRAFT_89043] [db_xref=InterPro:IPR000589,JGIDB:Mycgr3_89043] [protein=hypothetical protein] [protein_id=EGP92543.1] [location=complement(join(1723074..1724030,1724183..1724185))] [gbkey=CDS]	52.61129217025626	0.7615677290706651	0.46153846153846156	0.5461215932914046	0.6057692307692307	0.8612270111599005
lcl|CM001196.1_cds_EGP91056.1_498 [locus_tag=MYCGRDRAFT_102197] [db_xref=InterPro:IPR001865,JGIDB:Mycgr3_102197] [protein=hypothetical protein] [protein_id=EGP91056.1] [location=join(1724451..1724620,1724750..1725503)] [gbkey=CDS]	41.97830983310789	0.8635949091592381	0.697594501718213	0.6220043572984749	0.7285223367697594	0.85488095991415
lcl|CM001196.1_cds_EGP91057.1_499 [gene=ARO1] [locus_tag=MYCGRDRAFT_65516] [db_xref=InterPro:IPR000623,InterPro:IPR001381,InterPro:IPR001986,InterPro:IPR002658,InterPro:IPR006151,JGIDB:Mycgr3_65516] [protein=AROM pentafunctional protein, ARO1] [protein_id=EGP91057.1] [location=join(1726164..1729094,1729143..1730962,1731003..1731063)] [gbkey=CDS]	53.30251161086062	0.7652409130373637	0.5120521172638437	0.5482729920932168	0.5993485342019544	0.8571430383234169
lcl|CM001196.1_cds_EGP92542.1_500 [locus_tag=MYCGRDRAFT_106990] [db_xref=JGIDB:Mycgr3_106990] [protein=hypothetical protein] [protein_id=EGP92542.1] [location=complement(join(1731236..1731278,1731334..1731988,1732165..1732197,1732254..1732632))] [gbkey=CDS]	51.676678349795075	0.7735235440162542	0.5014164305949008	0.5552536231884058	0.6402266288951841	0.8592630023748369
lcl|CM001196.1_cds_EGP92541.1_501 [locus_tag=MYCGRDRAFT_106991] [db_xref=JGIDB:Mycgr3_106991] [protein=hypothetical protein] [protein_id=EGP92541.1] [location=complement(join(1732986..1733009,1733062..1733181,1733301..1733494,1733551..1733631,1733744..1733873,1733943..1734221,1734277..1734651,1734708..1735051,1735124..1735205))] [gbkey=CDS]	49.777144734660084	0.7947728099628592	0.5666666666666667	0.5397412199630314	0.6372549019607843	0.8521599145683326
lcl|CM001196.1_cds_EGP91058.1_502 [locus_tag=MYCGRDRAFT_52468] [db_xref=InterPro:IPR002085,JGIDB:Mycgr3_52468] [protein=hypothetical protein] [protein_id=EGP91058.1] [location=join(1737690..1737740,1737797..1738005,1738067..1738826)] [gbkey=CDS]	48.1272090988185	0.8034059687865941	0.6174698795180723	0.5631163708086785	0.6716867469879518	0.8560714868623532
lcl|CM001196.1_cds_EGP91059.1_503 [locus_tag=MYCGRDRAFT_98317] [db_xref=InterPro:IPR002198,JGIDB:Mycgr3_98317] [protein=hypothetical protein] [protein_id=EGP91059.1] [location=join(1739325..1739358,1739409..1739625,1739684..1739965,1740032..1740239)] [gbkey=CDS]	50.50969190709762	0.8003814743668699	0.5714285714285714	0.5496598639455782	0.6596638655462185	0.8526953603257315
lcl|CM001196.1_cds_EGP92540.1_504 [locus_tag=MYCGRDRAFT_89049] [db_xref=JGIDB:Mycgr3_89049] [protein=hypothetical protein] [protein_id=EGP92540.1] [location=complement(join(1740458..1740859,1740963..1741094,1741160..1741255,1741315..1741779))] [gbkey=CDS]	52.78422207148203	0.7829089357295687	0.5575221238938053	0.5583103764921947	0.6430678466076696	0.8578401057973618
lcl|CM001196.1_cds_EGP92539.1_505 [gene=MgPPZ1] [locus_tag=MYCGRDRAFT_52472] [db_xref=InterPro:IPR004843,JGIDB:Mycgr3_52472] [protein=MgPPZ1,protein phosphatase 2A-like protein] [protein_id=EGP92539.1] [location=complement(join(1743065..1743094,1743159..1743311,1743372..1744790))] [gbkey=CDS]	52.57937293891483	0.7779672775086638	0.5203094777562862	0.5419799498746867	0.6112185686653772	0.8536221189525849
lcl|CM001196.1_cds_EGP92538.1_506 [locus_tag=MYCGRDRAFT_65527] [db_xref=InterPro:IPR000537,JGIDB:Mycgr3_65527] [protein=hypothetical protein] [protein_id=EGP92538.1] [location=complement(join(1745695..1746926,1748610..1748832))] [gbkey=CDS]	54.27335366833728	0.7243221463506927	0.3851203501094092	0.549344375431332	0.5711159737417943	0.8612876756539936
lcl|CM001196.1_cds_EGP91060.1_507 [locus_tag=MYCGRDRAFT_34965] [db_xref=InterPro:IPR000089,InterPro:IPR004167,JGIDB:Mycgr3_34965] [protein=hypothetical protein] [protein_id=EGP91060.1] [location=1748814..1750061] [gbkey=CDS]	54.19146433800769	0.756615756858879	0.5073529411764706	0.5418679549114331	0.6004901960784313	0.858124765079238
lcl|CM001196.1_cds_EGP92537.1_508 [locus_tag=MYCGRDRAFT_33455] [db_xref=InterPro:IPR005123,JGIDB:Mycgr3_33455] [protein=hypothetical protein] [protein_id=EGP92537.1] [location=complement(join(1750188..1750746,1750805..1750980))] [gbkey=CDS]	53.13013403444207	0.767986318954061	0.5364806866952789	0.5390946502057613	0.6266094420600858	0.855432740343451
lcl|CM001196.1_cds_EGP91061.1_509 [locus_tag=MYCGRDRAFT_106995] [db_xref=InterPro:IPR007557,JGIDB:Mycgr3_106995] [protein=hypothetical protein] [protein_id=EGP91061.1] [location=join(1754381..1754507,1754564..1754764,1754956..1756775)] [gbkey=CDS]	48.90818000074576	0.8190943876797879	0.5967976710334789	0.5859010270774977	0.6521106259097526	0.8561960821288594
lcl|CM001196.1_cds_EGP92536.1_510 [locus_tag=MYCGRDRAFT_89053] [db_xref=JGIDB:Mycgr3_89053] [protein=hypothetical protein] [protein_id=EGP92536.1] [location=complement(join(1758087..1758171,1758260..1758633))] [gbkey=CDS]	51.427129978191424	0.7756196723505501	0.5	0.5496688741721855	0.6506849315068494	0.8611173438142862
lcl|CM001196.1_cds_EGP91062.1_511 [locus_tag=MYCGRDRAFT_65536] [db_xref=JGIDB:Mycgr3_65536] [protein=hypothetical protein] [protein_id=EGP91062.1] [location=join(1761257..1761549,1761614..1761760,1761934..1762457,1762512..1762537)] [gbkey=CDS]	54.98505438393134	0.7431300013855803	0.4702194357366771	0.5233739837398373	0.5956112852664577	0.8597989321565058
lcl|CM001196.1_cds_EGP92535.1_512 [locus_tag=MYCGRDRAFT_102202] [db_xref=InterPro:IPR005124,JGIDB:Mycgr3_102202] [protein=hypothetical protein] [protein_id=EGP92535.1] [location=complement(join(1763249..1763425,1763498..1763598,1763671..1763679,1763736..1763769,1763824..1763862,1763914..1763916))] [gbkey=CDS]	46.51313403639563	0.8522819694762928	0.5932203389830508	0.5686274509803921	0.7288135593220338	0.8571366936169649
lcl|CM001196.1_cds_EGP92534.1_513 [locus_tag=MYCGRDRAFT_102204] [db_xref=JGIDB:Mycgr3_102204] [protein=hypothetical protein] [protein_id=EGP92534.1] [location=complement(1764433..1764801)] [gbkey=CDS]	51.909448545247855	0.7141153777899072	0.4322033898305085	0.5344352617079889	0.4915254237288136	0.8604377596941568
lcl|CM001196.1_cds_EGP92533.1_514 [locus_tag=MYCGRDRAFT_33800] [db_xref=JGIDB:Mycgr3_33800] [protein=hypothetical protein] [protein_id=EGP92533.1] [location=complement(1764909..1765964)] [gbkey=CDS]	55.20228318326219	0.7284032167229415	0.4115853658536585	0.5304761904761904	0.5365853658536586	0.8579502140040455
lcl|CM001196.1_cds_EGP91063.1_515 [locus_tag=MYCGRDRAFT_83548] [db_xref=InterPro:IPR002198,JGIDB:Mycgr3_83548] [protein=hypothetical protein] [protein_id=EGP91063.1] [location=join(1766305..1766618,1766675..1767137)] [gbkey=CDS]	54.21789521606038	0.7204946567226	0.44664031620553357	0.5278858625162127	0.5217391304347826	0.8533177287620242
lcl|CM001196.1_cds_EGP92532.1_516 [locus_tag=MYCGRDRAFT_65543] [db_xref=InterPro:IPR001650,InterPro:IPR011545,JGIDB:Mycgr3_65543] [protein=hypothetical protein] [protein_id=EGP92532.1] [location=complement(1767146..1769251)] [gbkey=CDS]	54.11717498717908	0.7519298968832577	0.42773722627737226	0.5347619047619048	0.564963503649635	0.8592964754404898
lcl|CM001196.1_cds_EGP91064.1_517 [locus_tag=MYCGRDRAFT_83550] [db_xref=InterPro:IPR007255,JGIDB:Mycgr3_83550] [protein=hypothetical protein] [protein_id=EGP91064.1] [location=1769482..1770996] [gbkey=CDS]	54.947942543155015	0.742629262514337	0.41379310344827586	0.5414181577203446	0.565922920892495	0.8594231425350213
lcl|CM001196.1_cds_EGP91066.1_519 [locus_tag=MYCGRDRAFT_102207] [db_xref=InterPro:IPR007087,JGIDB:Mycgr3_102207] [protein=hypothetical protein] [protein_id=EGP91066.1] [location=1775164..1775442] [gbkey=CDS]	50.45657402176678	0.8238188138667804	0.5955056179775281	0.5714285714285714	0.6741573033707865	0.8460887232405883
lcl|CM001196.1_cds_EGP92530.1_522 [locus_tag=MYCGRDRAFT_107001] [db_xref=JGIDB:Mycgr3_107001] [protein=hypothetical protein] [protein_id=EGP92530.1] [location=complement(1779363..1780973)] [gbkey=CDS]	54.108523132880975	0.7693662165690476	0.461839530332681	0.5638629283489096	0.6183953033268101	0.855883711227514
lcl|CM001196.1_cds_EGP91068.1_523 [locus_tag=MYCGRDRAFT_89063] [db_xref=JGIDB:Mycgr3_89063] [protein=hypothetical protein] [protein_id=EGP91068.1] [location=join(1781394..1781491,1781557..1782088)] [gbkey=CDS]	50.18745009830788	0.8045800940128394	0.4626865671641791	0.5817307692307693	0.6517412935323383	0.8535930906693148
lcl|CM001196.1_cds_EGP91069.1_524 [locus_tag=MYCGRDRAFT_65551] [db_xref=InterPro:IPR002220,JGIDB:Mycgr3_65551] [protein=hypothetical protein] [protein_id=EGP91069.1] [location=join(1782599..1783053,1783140..1783698)] [gbkey=CDS]	44.9627008938775	0.8553435442516956	0.6808510638297872	0.5823412698412699	0.7507598784194529	0.851695495471657
lcl|CM001196.1_cds_EGP92529.1_525 [locus_tag=MYCGRDRAFT_65552] [db_xref=InterPro:IPR001173,JGIDB:Mycgr3_65552] [protein=hypothetical protein] [protein_id=EGP92529.1] [location=complement(join(1786769..1787002,1787061..1787355,1787414..1788256,1788434..1788477))] [gbkey=CDS]	54.200213477519355	0.7464400765163642	0.4908256880733945	0.526241134751773	0.6238532110091743	0.8591695339631581
lcl|CM001196.1_cds_EGP92528.1_526 [locus_tag=MYCGRDRAFT_107003] [db_xref=InterPro:IPR006808,JGIDB:Mycgr3_107003] [protein=hypothetical protein] [protein_id=EGP92528.1] [location=complement(join(1793217..1793502,1793557..1793641,1793700..1794009))] [gbkey=CDS]	47.0606728151086	0.8290015283652951	0.5972850678733032	0.597037037037037	0.6787330316742082	0.8590612617897998
lcl|CM001196.1_cds_EGP91071.1_528 [locus_tag=MYCGRDRAFT_34722] [db_xref=JGIDB:Mycgr3_34722] [protein=hypothetical protein] [protein_id=EGP91071.1] [location=join(1797862..1798052,1798112..1798616)] [gbkey=CDS]	49.176807286015425	0.7899997977686621	0.5765765765765766	0.5608695652173913	0.7207207207207207	0.8508112182286848
lcl|CM001196.1_cds_EGP92527.1_529 [locus_tag=MYCGRDRAFT_107004] [db_xref=InterPro:IPR001345,JGIDB:Mycgr3_107004] [protein=hypothetical protein] [protein_id=EGP92527.1] [location=complement(join(1799315..1799417,1799503..1800068,1800125..1800232,1800288..1800302))] [gbkey=CDS]	54.467905777013975	0.764846545551545	0.503968253968254	0.5292620865139949	0.5952380952380952	0.85488095991415
lcl|CM001196.1_cds_EGP91072.1_530 [locus_tag=MYCGRDRAFT_83558] [db_xref=InterPro:IPR009548,JGIDB:Mycgr3_83558] [protein=hypothetical protein] [protein_id=EGP91072.1] [location=1800543..1801151] [gbkey=CDS]	52.908940167025065	0.7834764765012561	0.4623115577889447	0.5572139303482587	0.5979899497487438	0.8568838905538558
lcl|CM001196.1_cds_EGP91073.1_531 [locus_tag=MYCGRDRAFT_89071] [db_xref=JGIDB:Mycgr3_89071] [protein=hypothetical protein] [protein_id=EGP91073.1] [location=join(1801685..1801779,1802105..1802110,1802208..1802260,1802491..1804349)] [gbkey=CDS]	50.16618086573878	0.8120756312377538	0.5509893455098934	0.5754857997010463	0.6331811263318112	0.8568868879808886
lcl|CM001196.1_cds_EGP91074.1_532 [locus_tag=MYCGRDRAFT_89072] [db_xref=JGIDB:Mycgr3_89072] [protein=hypothetical protein] [protein_id=EGP91074.1] [location=join(1804922..1805111,1805227..1805831)] [gbkey=CDS]	52.28679884262633	0.793308247167171	0.531496062992126	0.5424588086185045	0.6141732283464567	0.8574330391165078
lcl|CM001196.1_cds_EGP92526.1_533 [locus_tag=MYCGRDRAFT_89073] [db_xref=InterPro:IPR002198,JGIDB:Mycgr3_89073] [protein=hypothetical protein] [protein_id=EGP92526.1] [location=complement(join(1807925..1808530,1808589..1809056))] [gbkey=CDS]	51.25811785703908	0.7776898992024962	0.5029239766081871	0.5589887640449438	0.6461988304093568	0.85187413904732745
lcl|CM001196.1_cds_EGP92525.1_534 [locus_tag=MYCGRDRAFT_98331] [db_xref=InterPro:IPR002226,InterPro:IPR002818,InterPro:IPR010582,JGIDB:Mycgr3_98331] [protein=hypothetical protein] [protein_id=EGP92525.1] [location=complement(join(1809359..1810974,1811029..1811101,1811160..1811223,1811279..1811594,1811659..1811830))] [gbkey=CDS]	51.360015424234625	0.7967076538920129	0.5744089012517385	0.545413870246085	0.631432545201669	0.8552408729483937
lcl|CM001196.1_cds_EGP91075.1_535 [locus_tag=MYCGRDRAFT_65563] [db_xref=InterPro:IPR001478,JGIDB:Mycgr3_65563] [protein=hypothetical protein] [protein_id=EGP91075.1] [location=join(1812622..1813203,1813255..1813383)] [gbkey=CDS]	52.753503732346715	0.7736816630022545	0.4847161572052402	0.5858156028368794	0.6375545851528385	0.8600298270012523
lcl|CM001196.1_cds_EGP92524.1_537 [locus_tag=MYCGRDRAFT_65568] [db_xref=InterPro:IPR002933,JGIDB:Mycgr3_65568] [protein=hypothetical protein] [protein_id=EGP92524.1] [location=complement(1818200..1819645)] [gbkey=CDS]	47.865031714409305	0.8149121887726214	0.6157205240174672	0.5604166666666667	0.6790393013100436	0.855998684897281
lcl|CM001196.1_cds_EGP91077.1_538 [locus_tag=MYCGRDRAFT_35147] [db_xref=InterPro:IPR002509,JGIDB:Mycgr3_35147] [protein=hypothetical protein] [protein_id=EGP91077.1] [location=1820135..1820857] [gbkey=CDS]	50.64156412295145	0.7807802473019458	0.5129310344827587	0.5160390516039052	0.6422413793103449	0.8571272430115873
lcl|CM001196.1_cds_EGP91078.1_539 [locus_tag=MYCGRDRAFT_52515] [db_xref=InterPro:IPR002198,JGIDB:Mycgr3_52515] [protein=hypothetical protein] [protein_id=EGP91078.1] [location=join(1821651..1821752,1821876..1822487)] [gbkey=CDS]	50.99064610427466	0.7784737318444855	0.5374449339207048	0.5607344632768362	0.6784140969162996	0.8480924942172626
lcl|CM001196.1_cds_EGP92523.1_540 [locus_tag=MYCGRDRAFT_65574] [db_xref=InterPro:IPR001680,JGIDB:Mycgr3_65574] [protein=hypothetical protein] [protein_id=EGP92523.1] [location=complement(1822564..1824219)] [gbkey=CDS]	52.49220979688561	0.7791430116402426	0.4933837429111531	0.5606060606060606	0.6124763705103969	0.8602593839264144
lcl|CM001196.1_cds_EGP91079.1_541 [locus_tag=MYCGRDRAFT_89079] [db_xref=JGIDB:Mycgr3_89079] [protein=hypothetical protein] [protein_id=EGP91079.1] [location=join(1824971..1825366,1825419..1825728,1825782..1825808,1825949..1825961,1826014..1826102,1826211..1826243,1826747..1826814,1827150..1827197)] [gbkey=CDS]	53.29343093975837	0.7615124459014176	0.45110410094637227	0.5552147239263804	0.6182965299684543	0.8561153415638133
lcl|CM001196.1_cds_EGP92522.1_542 [locus_tag=MYCGRDRAFT_65576] [db_xref=JGIDB:Mycgr3_65576] [protein=hypothetical protein] [protein_id=EGP92522.1] [location=complement(join(1828698..1829170,1829222..1830404,1830461..1830484))] [gbkey=CDS]	55.5361965390246	0.7480106212540721	0.4785046728971963	0.5256869772998806	0.5738317757009346	0.8577683927914018
lcl|CM001196.1_cds_EGP91080.1_543 [locus_tag=MYCGRDRAFT_107010] [db_xref=InterPro:IPR001370,JGIDB:Mycgr3_107010] [protein=hypothetical protein] [protein_id=EGP91080.1] [location=join(1830912..1831070,1831125..1833283,1833681..1833840)] [gbkey=CDS]	54.110003334350274	0.7743263943140827	0.4668335419274093	0.5647249190938511	0.6032540675844806	0.8537430337802574
lcl|CM001196.1_cds_EGP92521.1_544 [locus_tag=MYCGRDRAFT_107011] [db_xref=JGIDB:Mycgr3_107011] [protein=hypothetical protein] [protein_id=EGP92521.1] [location=complement(join(1834542..1834669,1834852..1836091))] [gbkey=CDS]	53.608903131219606	0.7940371821408703	0.4696629213483146	0.5822320117474302	0.6134831460674157	0.8563584399501395
lcl|CM001196.1_cds_EGP92520.1_545 [locus_tag=MYCGRDRAFT_83566] [db_xref=JGIDB:Mycgr3_83566] [protein=hypothetical protein] [protein_id=EGP92520.1] [location=complement(1836559..1837422)] [gbkey=CDS]	49.83871546570091	0.8199678688303988	0.5719424460431655	0.5722610722610723	0.6834532374100719	0.8576976050631648
lcl|CM001196.1_cds_EGP92519.1_546 [locus_tag=MYCGRDRAFT_102217] [db_xref=JGIDB:Mycgr3_102217] [protein=hypothetical protein] [protein_id=EGP92519.1] [location=complement(join(1838043..1839070,1839123..1839631,1839709..1840049))] [gbkey=CDS]	53.35733880914067	0.7720690428544181	0.46710526315789475	0.5721153846153846	0.587171052631579	0.8576780130634952
lcl|CM001196.1_cds_EGP91081.1_547 [locus_tag=MYCGRDRAFT_89085] [db_xref=JGIDB:Mycgr3_89085] [protein=hypothetical protein] [protein_id=EGP91081.1] [location=1845466..1845957] [gbkey=CDS]	51.618753734119196	0.8149031800148723	0.5548387096774193	0.5720164609053497	0.6258064516129033	0.8409301827861985
lcl|CM001196.1_cds_EGP92516.1_551 [locus_tag=MYCGRDRAFT_89088] [db_xref=JGIDB:Mycgr3_89088] [protein=hypothetical protein] [protein_id=EGP92516.1] [location=complement(join(1857235..1857290,1857758..1858019))] [gbkey=CDS]	42.269107071597624	0.8232395491642204	0.6568627450980392	0.5897435897435898	0.7058823529411765	0.8484609860994271
lcl|CM001196.1_cds_EGP92515.1_552 [locus_tag=MYCGRDRAFT_89089] [db_xref=JGIDB:Mycgr3_89089] [protein=hypothetical protein] [protein_id=EGP92515.1] [location=complement(1858413..1859453)] [gbkey=CDS]	51.895600684034775	0.7642206781859432	0.4716417910447761	0.5797101449275363	0.6179104477611941	0.8595559359156295
lcl|CM001196.1_cds_EGP92514.1_553 [locus_tag=MYCGRDRAFT_65583] [db_xref=InterPro:IPR003121,JGIDB:Mycgr3_65583] [protein=SWI/SNF complex protein] [protein_id=EGP92514.1] [location=complement(join(1860409..1860981,1861039..1861904,1862095..1862155))] [gbkey=CDS]	53.545152559893396	0.7880107786475087	0.5072164948453608	0.5528781793842035	0.6123711340206186	0.8586574525402229
lcl|CM001196.1_cds_EGP91083.1_554 [locus_tag=MYCGRDRAFT_89091] [db_xref=JGIDB:Mycgr3_89091] [protein=hypothetical protein] [protein_id=EGP91083.1] [location=1862645..1864003] [gbkey=CDS]	55.096147976063314	0.759593237056288	0.4793577981651376	0.5424981522542498	0.5848623853211009	0.8563682765214192
lcl|CM001196.1_cds_EGP91084.1_555 [locus_tag=MYCGRDRAFT_98339] [db_xref=JGIDB:Mycgr3_98339] [protein=hypothetical protein] [protein_id=EGP91084.1] [location=1871161..1872327] [gbkey=CDS]	52.84023117605893	0.7741813635195253	0.45789473684210524	0.540913006029285	0.5763157894736842	0.8576562953233159
lcl|CM001196.1_cds_EGP92513.1_556 [locus_tag=MYCGRDRAFT_32094] [db_xref=InterPro:IPR002867,JGIDB:Mycgr3_32094] [protein=hypothetical protein] [protein_id=EGP92513.1] [location=complement(join(1873241..1873589,1873645..1874669))] [gbkey=CDS]	50.885329742769116	0.8157875181007024	0.5542986425339367	0.5833333333333334	0.6425339366515838	0.8405982622629186
lcl|CM001196.1_cds_EGP92512.1_557 [locus_tag=MYCGRDRAFT_65589] [db_xref=JGIDB:Mycgr3_65589] [protein=hypothetical protein] [protein_id=EGP92512.1] [location=complement(join(1875048..1876411,1876557..1877196))] [gbkey=CDS]	55.22885603244708	0.7719732482108972	0.47449768160741884	0.5685685685685685	0.5935085007727975	0.8579052018469708
lcl|CM001196.1_cds_EGP91085.1_558 [locus_tag=MYCGRDRAFT_65593] [db_xref=InterPro:IPR001841,JGIDB:Mycgr3_65593] [protein=hypothetical protein] [protein_id=EGP91085.1] [location=join(1878032..1878035,1878091..1879715)] [gbkey=CDS]	56.857088069944005	0.7402818701569263	0.41040462427745666	0.5711645101663586	0.5549132947976878	0.8536430456840854
lcl|CM001196.1_cds_EGP91086.1_559 [locus_tag=MYCGRDRAFT_65596] [db_xref=InterPro:IPR001247,JGIDB:Mycgr3_65596] [protein=hypothetical protein] [protein_id=EGP91086.1] [location=join(1880224..1880501,1880570..1881044)] [gbkey=CDS]	52.38829044277111	0.7795319710982125	0.48333333333333334	0.5676037483266398	0.6416666666666667	0.8527304261605986
lcl|CM001196.1_cds_EGP92511.1_561 [locus_tag=MYCGRDRAFT_31901] [db_xref=InterPro:IPR001789,InterPro:IPR003594,InterPro:IPR003661,JGIDB:Mycgr3_31901] [protein=histidine kinase] [protein_id=EGP92511.1] [location=complement(join(1887334..1888357,1888425..1889185,1889250..1889294,1889382..1889447,1889500..1890715,1890901..1891244))] [gbkey=CDS]	53.995270601697015	0.7559681857444674	0.47584973166368516	0.5382608695652173	0.6082289803220036	0.8585018422914753
lcl|CM001196.1_cds_EGP91088.1_562 [locus_tag=MYCGRDRAFT_52546] [db_xref=InterPro:IPR005828,JGIDB:Mycgr3_52546] [protein=hypothetical protein] [protein_id=EGP91088.1] [location=join(1892559..1892741,1892808..1894079)] [gbkey=CDS]	54.32541041705802	0.7444418077987275	0.4747252747252747	0.5479641131815045	0.6175824175824176	0.8571039593559983
lcl|CM001196.1_cds_EGP91089.1_563 [locus_tag=MYCGRDRAFT_98343] [db_xref=InterPro:IPR001806,JGIDB:Mycgr3_98343] [protein=hypothetical protein] [protein_id=EGP91089.1] [location=join(1894704..1894760,1894851..1894943,1895002..1895361,1895415..1895546)] [gbkey=CDS]	40.128029400522124	0.9040169991070216	0.7609756097560976	0.5833333333333334	0.8048780487804879	0.8523556520211316
lcl|CM001196.1_cds_EGP92510.1_564 [locus_tag=MYCGRDRAFT_89100] [db_xref=JGIDB:Mycgr3_89100] [protein=hypothetical protein] [protein_id=EGP92510.1] [location=complement(1895923..1896909)] [gbkey=CDS]	53.48513595832346	0.7672131159628989	0.48286604361370716	0.5728848114169215	0.616822429906542	0.8614646845612021
lcl|CM001196.1_cds_EGP91090.1_565 [locus_tag=MYCGRDRAFT_65606] [db_xref=JGIDB:Mycgr3_65606] [protein=hypothetical protein] [protein_id=EGP91090.1] [location=join(1897220..1897428,1897492..1897561)] [gbkey=CDS]	53.18473065274382	0.7902136221901238	0.5444444444444444	0.5531135531135531	0.6333333333333333	0.8622775768242948
lcl|CM001196.1_cds_EGP91091.1_567 [locus_tag=MYCGRDRAFT_65607] [db_xref=InterPro:IPR001392,JGIDB:Mycgr3_65607] [protein=hypothetical protein] [protein_id=EGP91091.1] [location=join(1899043..1899083,1899145..1900774)] [gbkey=CDS]	55.511051420214585	0.7313292902088285	0.4209558823529412	0.5525525525525525	0.5790441176470589	0.8592392553824619
lcl|CM001196.1_cds_EGP92508.1_568 [locus_tag=MYCGRDRAFT_31400] [db_xref=JGIDB:Mycgr3_31400] [protein=hypothetical protein] [protein_id=EGP92508.1] [location=complement(join(1901050..1901126,1901245..1901280,1901386..1901428,1901482..1901502))] [gbkey=CDS]	47.13550032967366	0.8411470965996637	0.6296296296296297	0.6140350877192983	0.7037037037037037	0.8572357654446253
lcl|CM001196.1_cds_EGP91092.1_569 [locus_tag=MYCGRDRAFT_107024] [db_xref=InterPro:IPR007701,JGIDB:Mycgr3_107024] [protein=hypothetical protein] [protein_id=EGP91092.1] [location=join(1901942..1903240,1904077..1904307)] [gbkey=CDS]	52.31141584172726	0.7822212849125875	0.5232323232323233	0.5479002624671916	0.6424242424242425	0.857258974870646
lcl|CM001196.1_cds_EGP91093.1_570 [locus_tag=MYCGRDRAFT_102228] [db_xref=JGIDB:Mycgr3_102228] [protein=hypothetical protein] [protein_id=EGP91093.1] [location=1904733..1905029] [gbkey=CDS]	49.51175046726653	0.8236322243819105	0.6702127659574468	0.6048109965635738	0.723404255319149	0.8562639267377316
lcl|CM001196.1_cds_EGP91094.1_572 [locus_tag=MYCGRDRAFT_78335] [db_xref=JGIDB:Mycgr3_78335] [protein=hypothetical protein] [protein_id=EGP91094.1] [location=1906441..1906695] [gbkey=CDS]	50.04354735176967	0.7274106818998557	0.36585365853658536	0.5220883534136547	0.5487804878048781	0.8695396093017979
lcl|CM001196.1_cds_EGP91095.1_573 [locus_tag=MYCGRDRAFT_34200] [db_xref=JGIDB:Mycgr3_34200] [protein=hypothetical protein] [protein_id=EGP91095.1] [location=join(1907167..1907278,1907344..1907525)] [gbkey=CDS]	52.72706192538447	0.7679300823120782	0.6021505376344086	0.5590277777777778	0.6666666666666666	0.85488095991415
lcl|CM001196.1_cds_EGP92506.1_574 [locus_tag=MYCGRDRAFT_65614] [db_xref=InterPro:IPR002735,JGIDB:Mycgr3_65614] [protein=hypothetical protein] [protein_id=EGP92506.1] [location=complement(join(1908221..1908390,1908448..1909234))] [gbkey=CDS]	46.853209834174166	0.8435614628562865	0.6677316293929713	0.562565720294427	0.6932907348242812	0.8527693860494633
lcl|CM001196.1_cds_EGP91096.1_575 [locus_tag=MYCGRDRAFT_32106] [db_xref=JGIDB:Mycgr3_32106] [protein=hypothetical protein] [protein_id=EGP91096.1] [location=join(1909781..1910009,1910065..1910168)] [gbkey=CDS]	50.82642365060029	0.7595478801743387	0.4174757281553398	0.5351681957186545	0.5825242718446602	0.861051720353212
lcl|CM001196.1_cds_EGP92505.1_576 [locus_tag=MYCGRDRAFT_65617] [db_xref=InterPro:IPR002838,JGIDB:Mycgr3_65617] [protein=hypothetical protein] [protein_id=EGP92505.1] [location=complement(join(1910722..1910798,1910848..1910986,1911040..1911854,1911927..1911953,1912004..1912034))] [gbkey=CDS]	52.389776334521464	0.7989629521107217	0.5057471264367817	0.5678670360110804	0.6293103448275862	0.8563674518073179
lcl|CM001196.1_cds_EGP91097.1_578 [locus_tag=MYCGRDRAFT_107028] [db_xref=InterPro:IPR002198,JGIDB:Mycgr3_107028] [protein=hypothetical protein] [protein_id=EGP91097.1] [location=join(1917496..1917882,1917962..1918462)] [gbkey=CDS]	53.724000890606966	0.7529346798097605	0.4716312056737589	0.54421768707483	0.5780141843971631	0.854425165167876
lcl|CM001196.1_cds_EGP92503.1_579 [locus_tag=MYCGRDRAFT_89108] [db_xref=InterPro:IPR000719,JGIDB:Mycgr3_89108] [protein=hypothetical protein] [protein_id=EGP92503.1] [location=complement(join(1920232..1920989,1921050..1921885,1922182..1923542))] [gbkey=CDS]	52.88588719227511	0.7766102286770774	0.5268703898840885	0.557138012885724	0.6301369863013698	0.8562456226575773
lcl|CM001196.1_cds_EGP91098.1_580 [locus_tag=MYCGRDRAFT_89109] [db_xref=JGIDB:Mycgr3_89109] [protein=hypothetical protein] [protein_id=EGP91098.1] [location=join(1925679..1926933,1926992..1927023)] [gbkey=CDS]	48.06513705775921	0.8132328356921578	0.548926014319809	0.5768930523028883	0.6372315035799523	0.8555090096668213
lcl|CM001196.1_cds_EGP92502.1_581 [locus_tag=MYCGRDRAFT_89110] [db_xref=JGIDB:Mycgr3_89110] [protein=hypothetical protein] [protein_id=EGP92502.1] [location=complement(join(1927191..1927224,1927377..1927464,1927698..1930135,1930374..1930434,1930556..1930611,1930790..1931116,1931221..1931541,1931591..1931739))] [gbkey=CDS]	53.68085646755413	0.7891766620031576	0.48125	0.5608419838523645	0.6071428571428571	0.8581337615322874
lcl|CM001196.1_cds_EGP91099.1_582 [locus_tag=MYCGRDRAFT_78344] [db_xref=JGIDB:Mycgr3_78344] [protein=hypothetical protein] [protein_id=EGP91099.1] [location=1933634..1933948] [gbkey=CDS]	53.20645940310918	0.7399935851224189	0.41414141414141414	0.5792880258899676	0.5959595959595959	0.8601022533960038
lcl|CM001196.1_cds_EGP91100.1_583 [gene=CYP-65] [locus_tag=MYCGRDRAFT_35181] [db_xref=InterPro:IPR001128,JGIDB:Mycgr3_35181] [protein=putative P450 monooxygenase] [protein_id=EGP91100.1] [location=join(1934373..1935132,1935156..1935542,1935594..1935748,1935800..1936063)] [gbkey=CDS]	52.96440347502289	0.7818570779990206	0.5170340681362725	0.5634615384615385	0.6392785571142284	0.8582385209254799
lcl|CM001196.1_cds_EGP92501.1_584 [locus_tag=MYCGRDRAFT_89112] [db_xref=JGIDB:Mycgr3_89112] [protein=hypothetical protein] [protein_id=EGP92501.1] [location=complement(join(1937168..1937182,1937431..1938150,1938431..1938466))] [gbkey=CDS]	52.163295915002315	0.7647152685789737	0.44129554655870445	0.5529411764705883	0.5263157894736842	0.8585684025270568
lcl|CM001196.1_cds_EGP91101.1_585 [locus_tag=MYCGRDRAFT_31411] [db_xref=JGIDB:Mycgr3_31411] [protein=hypothetical protein] [protein_id=EGP91101.1] [location=join(1939363..1939675,1939740..1939832,1939882..1939949)] [gbkey=CDS]	50.81102507174425	0.7452584838384061	0.4513888888888889	0.5427350427350427	0.6041666666666666	0.8574625306019417
lcl|CM001196.1_cds_EGP92500.1_586 [locus_tag=MYCGRDRAFT_33211] [db_xref=JGIDB:Mycgr3_33211] [protein=hypothetical protein] [protein_id=EGP92500.1] [location=complement(join(1945340..1946199,1946252..1946567))] [gbkey=CDS]	53.19591570339504	0.7639378778418164	0.46684350132625996	0.535042735042735	0.5676392572944297	0.8607437144902519
lcl|CM001196.1_cds_EGP91102.1_587 [locus_tag=MYCGRDRAFT_52569] [db_xref=InterPro:IPR004217,JGIDB:Mycgr3_52569] [protein=hypothetical protein] [protein_id=EGP91102.1] [location=join(1946836..1946939,1947003..1947186)] [gbkey=CDS]	50.04450379109233	0.8003873686764899	0.6153846153846154	0.5319148936170213	0.6593406593406593	0.8379396635034748
lcl|CM001196.1_cds_EGP92499.1_588 [locus_tag=MYCGRDRAFT_33479] [db_xref=JGIDB:Mycgr3_33479] [protein=hypothetical protein] [protein_id=EGP92499.1] [location=complement(join(1947649..1947714,1947767..1948083,1948144..1948201))] [gbkey=CDS]	51.09914451868616	0.7627708044930862	0.4740740740740741	0.5287356321839081	0.6074074074074074	0.85488095991415
lcl|CM001196.1_cds_EGP91103.1_589 [locus_tag=MYCGRDRAFT_65626] [db_xref=InterPro:IPR002916,JGIDB:Mycgr3_65626] [protein=hypothetical protein] [protein_id=EGP91103.1] [location=join(1949198..1949972,1950030..1950919)] [gbkey=CDS]	49.94209463334202	0.7824242761844258	0.48940269749518306	0.541289933694997	0.653179190751445	0.8577945442178103
lcl|CM001196.1_cds_EGP91104.1_590 [locus_tag=MYCGRDRAFT_34911] [db_xref=JGIDB:Mycgr3_34911] [protein=hypothetical protein] [protein_id=EGP91104.1] [location=join(1951903..1952091,1952321..1953209,1953408..1953434,1953774..1953953,1954020..1954351)] [gbkey=CDS]	54.877788898047214	0.7734162410783538	0.4674329501915709	0.569211669770329	0.5996168582375478	0.857380685533116
lcl|CM001196.1_cds_EGP91105.1_591 [locus_tag=MYCGRDRAFT_89117] [db_xref=JGIDB:Mycgr3_89117] [protein=hypothetical protein] [protein_id=EGP91105.1] [location=1954767..1956602] [gbkey=CDS]	54.269967046696834	0.7749989373320584	0.5059625212947189	0.5606557377049181	0.5877342419080068	0.8562003973307759
lcl|CM001196.1_cds_EGP91106.1_593 [locus_tag=MYCGRDRAFT_89119] [db_xref=InterPro:IPR006992,JGIDB:Mycgr3_89119] [protein=hypothetical protein] [protein_id=EGP91106.1] [location=1958660..1959634] [gbkey=CDS]	48.456830530621474	0.785934227048448	0.5346534653465347	0.543859649122807	0.6567656765676567	0.8623833765297414
lcl|CM001196.1_cds_EGP92497.1_595 [locus_tag=MYCGRDRAFT_33422] [db_xref=InterPro:IPR000717,JGIDB:Mycgr3_33422] [protein=hypothetical protein] [protein_id=EGP92497.1] [location=complement(join(1962374..1962457,1962540..1963260,1963350..1963963))] [gbkey=CDS]	51.00813310418498	0.7782259522723585	0.5541125541125541	0.551309271054494	0.6515151515151515	0.8557351404551918
lcl|CM001196.1_cds_EGP92496.1_597 [locus_tag=MYCGRDRAFT_89123] [db_xref=InterPro:IPR001680,JGIDB:Mycgr3_89123] [protein=hypothetical protein] [protein_id=EGP92496.1] [location=complement(join(1965744..1965965,1966154..1966212,1966485..1966504,1966630..1967520,1967721..1967806))] [gbkey=CDS]	55.590651934170246	0.74002907224284	0.43373493975903615	0.5463836477987422	0.5831325301204819	0.8583654792145101
lcl|CM001196.1_cds_EGP91109.1_598 [locus_tag=MYCGRDRAFT_65636] [db_xref=JGIDB:Mycgr3_65636] [protein=hypothetical protein] [protein_id=EGP91109.1] [location=join(1969506..1969667,1969724..1970155,1970219..1970383)] [gbkey=CDS]	52.14584477157133	0.7838994267948519	0.483739837398374	0.5644090305444888	0.5853658536585366	0.8538135838559209
lcl|CM001196.1_cds_EGP92495.1_599 [locus_tag=MYCGRDRAFT_83595] [db_xref=InterPro:IPR000120,JGIDB:Mycgr3_83595] [protein=amidase signature enzyme] [protein_id=EGP92495.1] [location=complement(join(1971067..1971558,1971619..1972601,1972677..1972810,1972898..1973034))] [gbkey=CDS]	54.85538103933191	0.7455349150678064	0.46869409660107336	0.5649425287356322	0.6064400715563506	0.8588187421139695
lcl|CM001196.1_cds_EGP92494.1_600 [locus_tag=MYCGRDRAFT_98356] [db_xref=InterPro:IPR007087,JGIDB:Mycgr3_98356] [protein=hypothetical protein] [protein_id=EGP92494.1] [location=complement(join(1974024..1975401,1975458..1975765))] [gbkey=CDS]	52.057373783811975	0.7936406530526804	0.5440900562851783	0.5517857142857143	0.6172607879924953	0.8539240716242489
lcl|CM001196.1_cds_EGP92493.1_601 [locus_tag=MYCGRDRAFT_65640] [db_xref=InterPro:IPR001269,JGIDB:Mycgr3_65640] [protein=hypothetical protein] [protein_id=EGP92493.1] [location=complement(1980508..1982568)] [gbkey=CDS]	53.34061431005354	0.7739543948620587	0.5068285280728376	0.5333333333333333	0.5796661608497724	0.8539031298542639
lcl|CM001196.1_cds_EGP91110.1_602 [locus_tag=MYCGRDRAFT_102248] [db_xref=InterPro:IPR008417,JGIDB:Mycgr3_102248] [protein=hypothetical protein] [protein_id=EGP91110.1] [location=join(1983107..1983127,1983315..1983449,1983505..1983608,1983661..1984027)] [gbkey=CDS]	39.83850015065366	0.8956435893661083	0.8059701492537313	0.5764895330112721	0.835820895522388	0.8561770079461414
lcl|CM001196.1_cds_EGP92492.1_603 [locus_tag=MYCGRDRAFT_89129] [db_xref=InterPro:IPR004364,InterPro:IPR004365,JGIDB:Mycgr3_89129] [protein=hypothetical protein] [protein_id=EGP92492.1] [location=complement(join(1985674..1985822,1986091..1986526,1986660..1988044,1988618..1988639))] [gbkey=CDS]	53.783597872784384	0.7652418190867936	0.5227629513343799	0.5639476334340383	0.631083202511774	0.8567051913115317
lcl|CM001196.1_cds_EGP91111.1_604 [locus_tag=MYCGRDRAFT_65650] [db_xref=JGIDB:Mycgr3_65650] [protein=hypothetical protein] [protein_id=EGP91111.1] [location=join(1991626..1992174,1992231..1992746)] [gbkey=CDS]	46.498605327781966	0.8084603156019903	0.5427728613569321	0.5335221907459868	0.7256637168141593	0.8617432254656981
lcl|CM001196.1_cds_EGP92491.1_605 [locus_tag=MYCGRDRAFT_65652] [db_xref=JGIDB:Mycgr3_65652] [protein=hypothetical protein] [protein_id=EGP92491.1] [location=complement(join(1995687..1996307,1996347..1996457,1996514..1996820,1996952..1997100))] [gbkey=CDS]	54.74499217841111	0.7579496809174016	0.4776902887139108	0.5617597292724196	0.5984251968503937	0.8494550283113642
lcl|CM001196.1_cds_EGP91113.1_607 [locus_tag=MYCGRDRAFT_98361] [db_xref=JGIDB:Mycgr3_98361] [protein=hypothetical protein] [protein_id=EGP91113.1] [location=join(2002189..2002650,2002704..2002793)] [gbkey=CDS]	53.6723402851634	0.7205750929645336	0.3977272727272727	0.5476190476190477	0.5397727272727273	0.8570932580418388
lcl|CM001196.1_cds_EGP91114.1_608 [locus_tag=MYCGRDRAFT_102252] [db_xref=JGIDB:Mycgr3_102252] [protein=hypothetical protein] [protein_id=EGP91114.1] [location=join(2003943..2004101,2004171..2004488)] [gbkey=CDS]	46.712701404877706	0.8545788611074978	0.6013071895424836	0.6178343949044586	0.7581699346405228	0.8574460628321449
lcl|CM001196.1_cds_EGP92490.1_609 [locus_tag=MYCGRDRAFT_102254] [db_xref=JGIDB:Mycgr3_102254] [protein=hypothetical protein] [protein_id=EGP92490.1] [location=complement(2005270..2005542)] [gbkey=CDS]	53.448365617217505	0.7148910210655075	0.39080459770114945	0.5355805243445693	0.4367816091954023	0.8578983938179351
lcl|CM001196.1_cds_EGP91115.1_610 [locus_tag=MYCGRDRAFT_98363] [db_xref=InterPro:IPR001715,JGIDB:Mycgr3_98363] [protein=hypothetical protein] [protein_id=EGP91115.1] [location=join(2006732..2007197,2007267..2008034,2008305..2008819)] [gbkey=CDS]	57.45602037416176	0.7461589566540041	0.4418604651162791	0.5633964429145152	0.5491949910554562	0.8583485430732971
lcl|CM001196.1_cds_EGP91116.1_611 [locus_tag=MYCGRDRAFT_65661] [db_xref=InterPro:IPR005828,JGIDB:Mycgr3_65661] [protein=hypothetical protein] [protein_id=EGP91116.1] [location=join(2009413..2009539,2009590..2009625,2009681..2009998,2010049..2010781,2010851..2011151)] [gbkey=CDS]	52.16392325771564	0.7569883992753653	0.5052192066805845	0.5387673956262425	0.6346555323590815	0.8546145215396435
lcl|CM001196.1_cds_EGP92489.1_612 [gene=MgPLD1] [locus_tag=MYCGRDRAFT_65665] [db_xref=InterPro:IPR001736,JGIDB:Mycgr3_65665] [protein=phospholipase D] [protein_id=EGP92489.1] [location=complement(join(2011409..2011484,2011543..2016857))] [gbkey=CDS]	55.84925976837206	0.7637077169854586	0.49155503785672683	0.5502321262766945	0.5847408270238789	0.856226144753551
lcl|CM001196.1_cds_EGP92488.1_613 [locus_tag=MYCGRDRAFT_89139] [db_xref=JGIDB:Mycgr3_89139] [protein=hypothetical protein] [protein_id=EGP92488.1] [location=complement(join(2018170..2018657,2018713..2018979,2019032..2019202,2019257..2019553,2019603..2019696))] [gbkey=CDS]	54.34817934923753	0.7224233177939066	0.41346153846153844	0.5331807780320366	0.5673076923076923	0.85488095991415
lcl|CM001196.1_cds_EGP92487.1_614 [locus_tag=MYCGRDRAFT_32960] [db_xref=JGIDB:Mycgr3_32960] [protein=hypothetical protein] [protein_id=EGP92487.1] [location=complement(join(2020855..2021209,2021258..2021700,2021749..2021806,2021920..2022119,2022307..2022521,2022583..2022859))] [gbkey=CDS]	54.80669679134305	0.7295298337490208	0.4517453798767967	0.5415045395590142	0.6098562628336756	0.85540267309565
lcl|CM001196.1_cds_EGP91117.1_615 [locus_tag=MYCGRDRAFT_65666] [db_xref=InterPro:IPR008775,JGIDB:Mycgr3_65666] [protein=hypothetical protein] [protein_id=EGP91117.1] [location=2023534..2024484] [gbkey=CDS]	50.760849742555344	0.7807879425160056	0.5162337662337663	0.5650793650793651	0.6655844155844156	0.8570112190719986
lcl|CM001196.1_cds_EGP91119.1_618 [locus_tag=MYCGRDRAFT_102256] [db_xref=JGIDB:Mycgr3_102256] [protein=hypothetical protein] [protein_id=EGP91119.1] [location=2030498..2030665] [gbkey=CDS]	45.61720471199273	0.8160588577993136	0.48	0.5925925925925926	0.78	0.8673825432980249
lcl|CM001196.1_cds_EGP92485.1_619 [locus_tag=MYCGRDRAFT_89144] [db_xref=JGIDB:Mycgr3_89144] [protein=hypothetical protein] [protein_id=EGP92485.1] [location=complement(join(2031535..2031617,2031671..2032664,2032718..2036308))] [gbkey=CDS]	55.18278913726953	0.786419955769337	0.47319655857048315	0.5795795795795796	0.6154864328259431	0.8585979579539422
lcl|CM001196.1_cds_EGP91120.1_620 [locus_tag=MYCGRDRAFT_89145] [db_xref=JGIDB:Mycgr3_89145] [protein=hypothetical protein] [protein_id=EGP91120.1] [location=join(2037727..2037760,2038335..2038969,2039028..2039197,2039247..2039616)] [gbkey=CDS]	52.20673080083897	0.7790445341518423	0.5167958656330749	0.5561097256857855	0.6459948320413437	0.8558843367509241
lcl|CM001196.1_cds_EGP92484.1_621 [locus_tag=MYCGRDRAFT_32980] [db_xref=JGIDB:Mycgr3_32980] [protein=hypothetical protein] [protein_id=EGP92484.1] [location=complement(join(2041423..2041755,2041824..2041906,2041964..2042198,2042255..2042347))] [gbkey=CDS]	51.7389061303057	0.8110610290209178	0.5800865800865801	0.532520325203252	0.7056277056277056	0.8532478949886538
lcl|CM001196.1_cds_EGP91121.1_622 [locus_tag=MYCGRDRAFT_65675] [db_xref=JGIDB:Mycgr3_65675] [protein=hypothetical protein] [protein_id=EGP91121.1] [location=join(2045334..2045460,2045514..2045810,2045868..2046239,2046301..2047178)] [gbkey=CDS]	54.74261487663513	0.7558721472510472	0.5112781954887218	0.5509592326139089	0.6146616541353384	0.8553632519924691
lcl|CM001196.1_cds_EGP92483.1_623 [locus_tag=MYCGRDRAFT_33778] [db_xref=JGIDB:Mycgr3_33778] [protein=hypothetical protein] [protein_id=EGP92483.1] [location=complement(join(2051850..2052023,2052091..2052504))] [gbkey=CDS]	47.73082319008772	0.8145813868936563	0.5628415300546448	0.5876288659793815	0.7540983606557377	0.8569562488986988
lcl|CM001196.1_cds_EGP91122.1_624 [locus_tag=MYCGRDRAFT_107050] [db_xref=JGIDB:Mycgr3_107050] [protein=hypothetical protein] [protein_id=EGP91122.1] [location=join(2054017..2054177,2054279..2055665)] [gbkey=CDS]	44.3197594931875	0.8159204766300743	0.6275303643724697	0.5875486381322957	0.6983805668016194	0.8572311778192315
lcl|CM001196.1_cds_EGP92482.1_625 [locus_tag=MYCGRDRAFT_98369] [db_xref=InterPro:IPR005593,JGIDB:Mycgr3_98369] [protein=hypothetical protein] [protein_id=EGP92482.1] [location=complement(join(2056718..2058658,2058738..2058975,2059037..2059308))] [gbkey=CDS]	43.55681063605048	0.8461647728596471	0.6512226512226512	0.567280163599182	0.7271557271557272	0.855209954224974
lcl|CM001196.1_cds_EGP92481.1_626 [locus_tag=MYCGRDRAFT_98370] [db_xref=InterPro:IPR000569,InterPro:IPR010309,InterPro:IPR010314,JGIDB:Mycgr3_98370] [protein=hypothetical protein] [protein_id=EGP92481.1] [location=complement(join(2060233..2060327,2060385..2063036,2063091..2064101,2064213..2064797,2064861..2068731,2068792..2069556,2069629..2072235))] [gbkey=CDS]	53.17046615399235	0.785504017206907	0.5283772981614708	0.5512953367875648	0.6173727684519051	0.8575241552906449
lcl|CM001196.1_cds_EGP91123.1_627 [locus_tag=MYCGRDRAFT_89152] [db_xref=JGIDB:Mycgr3_89152] [protein=hypothetical protein] [protein_id=EGP91123.1] [location=join(2073337..2074120,2074175..2074294,2074521..2074561)] [gbkey=CDS]	52.264345653338964	0.7964478023387659	0.5196078431372549	0.5729499467518637	0.6405228758169934	0.8574542703711684
lcl|CM001196.1_cds_EGP91124.1_628 [locus_tag=MYCGRDRAFT_107052] [db_xref=InterPro:IPR001345,InterPro:IPR003094,JGIDB:Mycgr3_107052] [protein=hypothetical protein] [protein_id=EGP91124.1] [location=join(2075122..2075347,2075413..2075999,2076052..2076705)] [gbkey=CDS]	54.2690984147099	0.7695998264678541	0.535483870967742	0.5373032169746749	0.6236559139784946	0.85460576932655
lcl|CM001196.1_cds_EGP92480.1_629 [locus_tag=MYCGRDRAFT_107053] [db_xref=InterPro:IPR001138,JGIDB:Mycgr3_107053] [protein=hypothetical protein] [protein_id=EGP92480.1] [location=complement(join(2077238..2077269,2077375..2077490,2077678..2077813,2077874..2077891,2077989..2078628,2078683..2078766,2078837..2078858,2078908..2078957))] [gbkey=CDS]	54.60786994580914	0.7447193484013442	0.4602272727272727	0.5613553113553114	0.5568181818181818	0.85488095991415
lcl|CM001196.1_cds_EGP91125.1_630 [locus_tag=MYCGRDRAFT_89155] [db_xref=JGIDB:Mycgr3_89155] [protein=hypothetical protein] [protein_id=EGP91125.1] [location=join(2079523..2079708,2079774..2080131,2080200..2080351)] [gbkey=CDS]	46.98598698146325	0.8205762796099018	0.5972850678733032	0.5666666666666667	0.7149321266968326	0.8560473147723492
lcl|CM001196.1_cds_EGP91126.1_631 [locus_tag=MYCGRDRAFT_89156] [db_xref=JGIDB:Mycgr3_89156] [protein=hypothetical protein] [protein_id=EGP91126.1] [location=join(2080611..2080797,2080850..2081181)] [gbkey=CDS]	51.344181658731806	0.7639173422299871	0.5575757575757576	0.5614035087719298	0.6909090909090909	0.8509706499037981
lcl|CM001196.1_cds_EGP91127.1_632 [locus_tag=MYCGRDRAFT_65687] [db_xref=JGIDB:Mycgr3_65687] [protein=hypothetical protein] [protein_id=EGP91127.1] [location=join(2082928..2082995,2083054..2084212)] [gbkey=CDS]	47.8639819872711	0.7972092922204732	0.5751295336787565	0.5601965601965602	0.689119170984456	0.8565292224187191
lcl|CM001196.1_cds_EGP92479.1_633 [gene=RUVBL2402] [locus_tag=MYCGRDRAFT_98372] [db_xref=InterPro:IPR010339,JGIDB:Mycgr3_98372] [protein=DNA helicase] [protein_id=EGP92479.1] [location=complement(join(2084789..2085005,2085075..2085331,2085384..2086340))] [gbkey=CDS]	50.43744972608279	0.7901249421464681	0.5010752688172043	0.5649122807017544	0.6645161290322581	0.8571414488030756
lcl|CM001196.1_cds_EGP92478.1_635 [locus_tag=MYCGRDRAFT_31813] [db_xref=JGIDB:Mycgr3_31813] [protein=hypothetical protein] [protein_id=EGP92478.1] [location=complement(join(2087592..2087747,2087800..2087976))] [gbkey=CDS]	49.66446254397021	0.786614228849477	0.5	0.5168195718654435	0.5925925925925926	0.8536521247599881
lcl|CM001196.1_cds_EGP91129.1_636 [locus_tag=MYCGRDRAFT_34686] [db_xref=JGIDB:Mycgr3_34686] [protein=hypothetical protein] [protein_id=EGP91129.1] [location=2088196..2089068] [gbkey=CDS]	55.516855236725036	0.6992124789587992	0.3464285714285714	0.5467128027681661	0.5	0.8572031287543269
lcl|CM001196.1_cds_EGP92477.1_637 [locus_tag=MYCGRDRAFT_89160] [db_xref=JGIDB:Mycgr3_89160] [protein=hypothetical protein] [protein_id=EGP92477.1] [location=complement(join(2089079..2090220,2090320..2090359))] [gbkey=CDS]	53.6848533978236	0.7526205293303123	0.5145118733509235	0.5663265306122449	0.5963060686015831	0.8518090574064262
lcl|CM001196.1_cds_EGP91130.1_638 [locus_tag=MYCGRDRAFT_83616] [db_xref=InterPro:IPR004843,JGIDB:Mycgr3_83616] [protein=hypothetical protein] [protein_id=EGP91130.1] [location=2090968..2091807] [gbkey=CDS]	52.89626641870315	0.7550780476250232	0.4849624060150376	0.5359712230215827	0.6015037593984962	0.8529545094465582
lcl|CM001196.1_cds_EGP91131.1_639 [locus_tag=MYCGRDRAFT_89162] [db_xref=JGIDB:Mycgr3_89162] [protein=hypothetical protein] [protein_id=EGP91131.1] [location=join(2094035..2094329,2094387..2094535,2094587..2094688,2094854..2096233)] [gbkey=CDS]	53.508874296842535	0.7714622057051177	0.496	0.5473958333333333	0.6112	0.85488095991415
lcl|CM001196.1_cds_EGP92476.1_640 [locus_tag=MYCGRDRAFT_89163] [db_xref=JGIDB:Mycgr3_89163] [protein=hypothetical protein] [protein_id=EGP92476.1] [location=complement(join(2096869..2096997,2097461..2097964))] [gbkey=CDS]	49.69438732958536	0.8161972620533304	0.5678391959798995	0.5598086124401914	0.6733668341708543	0.8561645962659906
lcl|CM001196.1_cds_EGP92474.1_642 [locus_tag=MYCGRDRAFT_98375] [db_xref=InterPro:IPR007705,JGIDB:Mycgr3_98375] [protein=hypothetical protein] [protein_id=EGP92474.1] [location=complement(join(2098611..2098698,2098758..2099344))] [gbkey=CDS]	50.55864372063429	0.8061442224570884	0.5799086757990868	0.55007473841554555	0.684931506849315	0.8597030971589892
lcl|CM001196.1_cds_EGP91132.1_643 [locus_tag=MYCGRDRAFT_32012] [db_xref=JGIDB:Mycgr3_32012] [protein=hypothetical protein] [protein_id=EGP91132.1] [location=join(2106276..2107169,2107254..2107958)] [gbkey=CDS]	54.62422597605788	0.723733757653599	0.4269005847953216	0.5072190834902699	0.5224171539961013	0.8556385801250337
lcl|CM001196.1_cds_EGP92473.1_644 [locus_tag=MYCGRDRAFT_89166] [db_xref=JGIDB:Mycgr3_89166] [protein=hypothetical protein] [protein_id=EGP92473.1] [location=complement(join(2109870..2110260,2110441..2110608,2110672..2111438))] [gbkey=CDS]	55.41288834635348	0.7347472157075613	0.4200477326968974	0.5386363636363637	0.5513126491646778	0.8588504018216904
lcl|CM001196.1_cds_EGP91133.1_645 [locus_tag=MYCGRDRAFT_89167] [db_xref=InterPro:IPR000172,InterPro:IPR007867,JGIDB:Mycgr3_89167] [protein=hypothetical protein] [protein_id=EGP91133.1] [location=join(2112431..2112579,2112634..2112879,2112945..2113167,2113219..2113776,2113842..2114118,2114190..2114596)] [gbkey=CDS]	54.706915123042265	0.7635485209268432	0.4823529411764706	0.5485436893203883	0.5781512605042017	0.8566178597478225
lcl|CM001196.1_cds_EGP92472.1_646 [locus_tag=MYCGRDRAFT_102272] [db_xref=JGIDB:Mycgr3_102272] [protein=hypothetical protein] [protein_id=EGP92472.1] [location=complement(2115424..2115888)] [gbkey=CDS]	51.21604998685592	0.7759242731899465	0.4527027027027027	0.5904139433551199	0.5675675675675675	0.8557574834171797
lcl|CM001196.1_cds_EGP91134.1_647 [locus_tag=MYCGRDRAFT_89169] [db_xref=JGIDB:Mycgr3_89169] [protein=hypothetical protein] [protein_id=EGP91134.1] [location=join(2116913..2117057,2117121..2118001)] [gbkey=CDS]	52.87531586007084	0.7615043307303649	0.503030303030303	0.5264705882352941	0.5636363636363636	0.8552752843335388
lcl|CM001196.1_cds_EGP92471.1_648 [locus_tag=MYCGRDRAFT_32817] [db_xref=InterPro:IPR007034,JGIDB:Mycgr3_32817] [protein=hypothetical protein] [protein_id=EGP92471.1] [location=complement(2119611..2122082)] [gbkey=CDS]	51.72829323520452	0.7882211821197859	0.5580808080808081	0.5685320356853204	0.6502525252525253	0.853577435111223
lcl|CM001196.1_cds_EGP91135.1_649 [locus_tag=MYCGRDRAFT_98377] [db_xref=InterPro:IPR001250,JGIDB:Mycgr3_98377] [protein=hypothetical protein] [protein_id=EGP91135.1] [location=2122824..2124089] [gbkey=CDS]	53.106668227609276	0.7699442659283613	0.4963325183374083	0.5238095238095238	0.6161369193154034	0.8539240716242489
lcl|CM001196.1_cds_EGP92470.1_650 [locus_tag=MYCGRDRAFT_65706] [db_xref=InterPro:IPR007941,JGIDB:Mycgr3_65706] [protein=hypothetical protein] [protein_id=EGP92470.1] [location=complement(2125176..2127404)] [gbkey=CDS]	55.47523045723189	0.7455822153443772	0.46935933147632314	0.5434098065677013	0.5626740947075209	0.8608712152164076
lcl|CM001196.1_cds_EGP91136.1_651 [locus_tag=MYCGRDRAFT_65710] [db_xref=JGIDB:Mycgr3_65710] [protein=hypothetical protein] [protein_id=EGP91136.1] [location=join(2127715..2127795,2127852..2127974,2128035..2128115,2128165..2128318,2128373..2128485,2128537..2128868,2128914..2129892)] [gbkey=CDS]	54.70371672655535	0.7447045873282002	0.4794069192751236	0.5196553581044696	0.5980230642504119	0.8607476278018826
lcl|CM001196.1_cds_EGP92469.1_652 [locus_tag=MYCGRDRAFT_32378] [db_xref=JGIDB:Mycgr3_32378] [protein=hypothetical protein] [protein_id=EGP92469.1] [location=complement(2129958..2130704)] [gbkey=CDS]	53.70201622327847	0.7475743575894338	0.5085470085470085	0.5222672064777328	0.6410256410256411	0.8565105198646641
lcl|CM001196.1_cds_EGP91137.1_653 [locus_tag=MYCGRDRAFT_107063] [db_xref=InterPro:IPR000938,InterPro:IPR004088,JGIDB:Mycgr3_107063] [protein=hypothetical protein] [protein_id=EGP91137.1] [location=join(2130950..2130989,2131045..2131323,2131384..2132755,2133054..2133148,2133554..2137491)] [gbkey=CDS]	53.58381956060996	0.7879561326741855	0.5002695417789758	0.574501573976915	0.6199460916442049	0.8581926313906709
lcl|CM001196.1_cds_EGP92468.1_654 [locus_tag=MYCGRDRAFT_89175] [db_xref=JGIDB:Mycgr3_89175] [protein=hypothetical protein] [protein_id=EGP92468.1] [location=complement(join(2137702..2139106,2139163..2139564,2139620..2139839,2139889..2140762,2141073..2141084))] [gbkey=CDS]	55.18922728217839	0.7644555756839935	0.4721030042918455	0.5349157206742347	0.5804721030042919	0.8554344491948901
lcl|CM001196.1_cds_EGP91138.1_655 [locus_tag=MYCGRDRAFT_107064] [db_xref=JGIDB:Mycgr3_107064] [protein=hypothetical protein] [protein_id=EGP91138.1] [location=2143016..2143945] [gbkey=CDS]	53.48300226308107	0.7752002542231666	0.4576271186440678	0.5746753246753247	0.5966101694915255	0.8592439841684378
lcl|CM001196.1_cds_EGP92467.1_656 [locus_tag=MYCGRDRAFT_89177] [db_xref=JGIDB:Mycgr3_89177] [protein=hypothetical protein] [protein_id=EGP92467.1] [location=complement(join(2145605..2145708,2145766..2145873,2145931..2146038,2146098..2146166,2146220..2146433,2147109..2147168))] [gbkey=CDS]	51.55484277411746	0.7645831609908721	0.47641509433962265	0.5449010654490106	0.5566037735849056	0.8610234423785283
lcl|CM001196.1_cds_EGP91139.1_657 [locus_tag=MYCGRDRAFT_89178] [db_xref=JGIDB:Mycgr3_89178] [protein=hypothetical protein] [protein_id=EGP91139.1] [location=join(2147686..2147926,2147983..2148102,2148406..2148583,2148680..2148851)] [gbkey=CDS]	53.48054404837252	0.7531834436721301	0.4330357142857143	0.5276595744680851	0.5803571428571429	0.8583101014813935
lcl|CM001196.1_cds_EGP92466.1_658 [locus_tag=MYCGRDRAFT_89179] [db_xref=JGIDB:Mycgr3_89179] [protein=hypothetical protein] [protein_id=EGP92466.1] [location=complement(join(2150937..2151002,2151238..2151998,2152054..2152156,2152716..2152799))] [gbkey=CDS]	52.90202426537324	0.771838139435644	0.5182926829268293	0.5694444444444444	0.6463414634146342	0.8604842177867872
lcl|CM001196.1_cds_EGP92465.1_659 [locus_tag=MYCGRDRAFT_98380] [db_xref=JGIDB:Mycgr3_98380] [protein=hypothetical protein] [protein_id=EGP92465.1] [location=complement(join(2158570..2159735,2159796..2159874))] [gbkey=CDS]	57.42333962334317	0.7062411653306154	0.41604010025062654	0.5230024213075061	0.5413533834586466	0.8565052539822731
lcl|CM001196.1_cds_EGP91140.1_660 [locus_tag=MYCGRDRAFT_107066] [db_xref=JGIDB:Mycgr3_107066] [protein=hypothetical protein] [protein_id=EGP91140.1] [location=join(2161713..2162491,2162549..2163035)] [gbkey=CDS]	56.287788705412396	0.739615359172951	0.45544554455445546	0.5436507936507936	0.5594059405940595	0.8577580631976307
lcl|CM001196.1_cds_EGP91141.1_661 [locus_tag=MYCGRDRAFT_89182] [db_xref=JGIDB:Mycgr3_89182] [protein=hypothetical protein] [protein_id=EGP91141.1] [location=join(2164387..2164399,2164564..2164800,2164919..2165148)] [gbkey=CDS]	53.618919615415535	0.7397509502609427	0.4967741935483871	0.540084388185654	0.5806451612903226	0.8514942836607804
lcl|CM001196.1_cds_EGP92464.1_662 [locus_tag=MYCGRDRAFT_78381] [db_xref=JGIDB:Mycgr3_78381] [protein=hypothetical protein] [protein_id=EGP92464.1] [location=complement(2165825..2166037)] [gbkey=CDS]	46.968753969075	0.8015890401373412	0.4492753623188406	0.5942028985507246	0.6521739130434783	0.85488095991415
lcl|CM001196.1_cds_EGP91142.1_664 [locus_tag=MYCGRDRAFT_107068] [db_xref=JGIDB:Mycgr3_107068] [protein=hypothetical protein] [protein_id=EGP91142.1] [location=2170752..2171879] [gbkey=CDS]	54.25720428281796	0.7623176527470084	0.45706371191135736	0.553475935828877	0.5734072022160664	0.8563157389682414
lcl|CM001196.1_cds_EGP91143.1_665 [locus_tag=MYCGRDRAFT_89185] [db_xref=JGIDB:Mycgr3_89185] [protein=hypothetical protein] [protein_id=EGP91143.1] [location=join(2172553..2172895,2172957..2173003)] [gbkey=CDS]	52.749539400171244	0.7650625787704625	0.4918032786885246	0.5546875	0.5901639344262295	0.85488095991415
lcl|CM001196.1_cds_EGP92462.1_666 [locus_tag=MYCGRDRAFT_107069] [db_xref=InterPro:IPR002916,JGIDB:Mycgr3_107069] [protein=putative FRE ferric reductase-like transmembrane component] [protein_id=EGP92462.1] [location=complement(join(2173209..2173247,2173564..2174514,2174589..2175066,2175120..2175532))] [gbkey=CDS]	53.00448819182962	0.7684724553773233	0.5008460236886633	0.5408	0.6192893401015228	0.8572433112242746
lcl|CM001196.1_cds_EGP92461.1_667 [locus_tag=MYCGRDRAFT_102276] [db_xref=InterPro:IPR002085,JGIDB:Mycgr3_102276] [protein=hypothetical protein] [protein_id=EGP92461.1] [location=complement(join(2175948..2176981,2177041..2177095))] [gbkey=CDS]	47.02230811034698	0.8278435438752217	0.6332378223495702	0.5632502308402585	0.6790830945558739	0.8530264730255401
lcl|CM001196.1_cds_EGP92460.1_668 [locus_tag=MYCGRDRAFT_34982] [db_xref=InterPro:IPR000172,InterPro:IPR007867,JGIDB:Mycgr3_34982] [protein=glucose-methanol-choline oxidoreductase] [protein_id=EGP92460.1] [location=complement(join(2179138..2179273,2179326..2179424,2179477..2179622,2179687..2180334,2180479..2180580,2180683..2181288))] [gbkey=CDS]	52.999277948788304	0.7724897137594529	0.5314183123877917	0.5563258232235702	0.6427289048473968	0.8551132954510269
lcl|CM001196.1_cds_EGP92459.1_669 [locus_tag=MYCGRDRAFT_117725] [db_xref=JGIDB:Mycgr3_117725] [protein=hypothetical protein] [protein_id=EGP92459.1] [location=complement(2181964..2184459)] [gbkey=CDS]	54.009664923624015	0.7958604514429685	0.4808877928483354	0.5690763052208835	0.5524044389642416	0.8560121603690921
lcl|CM001196.1_cds_EGP91144.1_670 [locus_tag=MYCGRDRAFT_89189] [db_xref=JGIDB:Mycgr3_89189] [protein=hypothetical protein] [protein_id=EGP91144.1] [location=join(2185647..2185802,2188604..2188754,2188835..2188867,2188972..2188993,2189260..2189560)] [gbkey=CDS]	54.44680869957974	0.7385226751598235	0.44036697247706424	0.5525114155251142	0.5779816513761468	0.8622572249450399
lcl|CM001196.1_cds_EGP91145.1_671 [locus_tag=MYCGRDRAFT_65725] [db_xref=JGIDB:Mycgr3_65725] [protein=hypothetical protein] [protein_id=EGP91145.1] [location=join(2189682..2190351,2190407..2191185)] [gbkey=CDS]	52.263895710630585	0.7436566653262554	0.486784140969163	0.5453915453915454	0.6035242290748899	0.855438477976659
lcl|CM001196.1_cds_EGP92458.1_672 [locus_tag=MYCGRDRAFT_107072] [db_xref=InterPro:IPR000873,InterPro:IPR002198,InterPro:IPR006163,JGIDB:Mycgr3_107072] [protein=hypothetical protein] [protein_id=EGP92458.1] [location=complement(join(2191438..2193779,2193837..2195442))] [gbkey=CDS]	53.99849690238705	0.7555649946099162	0.46526151444184233	0.5639269406392694	0.5862607338017174	0.8600992641283823
lcl|CM001196.1_cds_EGP91146.1_673 [locus_tag=MYCGRDRAFT_98385] [db_xref=InterPro:IPR000866,JGIDB:Mycgr3_98385] [protein=hypothetical protein] [protein_id=EGP91146.1] [location=join(2197464..2197522,2197829..2197969,2198019..2198136,2198189..2198432,2198556..2198749)] [gbkey=CDS]	48.673394138999406	0.823380200086608	0.5909090909090909	0.5586666666666666	0.6942148760330579	0.85488095991415
lcl|CM001196.1_cds_EGP91147.1_674 [locus_tag=MYCGRDRAFT_102281] [db_xref=InterPro:IPR000439,JGIDB:Mycgr3_102281] [protein=hypothetical protein] [protein_id=EGP91147.1] [location=join(2201706..2201707,2201855..2201939,2202033..2202189,2202252..2202619)] [gbkey=CDS]	38.14797352411132	0.8948119359080307	0.8102564102564103	0.6138613861386139	0.8051282051282052	0.853554866812007
lcl|CM001196.1_cds_EGP91148.1_675 [locus_tag=MYCGRDRAFT_52682] [db_xref=InterPro:IPR000569,JGIDB:Mycgr3_52682] [protein=hypothetical protein] [protein_id=EGP91148.1] [location=join(2203268..2203948,2204150..2207035)] [gbkey=CDS]	54.54861813933569	0.7680724260279411	0.5039164490861618	0.5588317888233643	0.6013925152306353	0.8552197955158771
lcl|CM001196.1_cds_EGP91149.1_676 [locus_tag=MYCGRDRAFT_52686] [db_xref=JGIDB:Mycgr3_52686] [protein=hypothetical protein] [protein_id=EGP91149.1] [location=join(2208268..2208781,2208843..2209189)] [gbkey=CDS]	49.268746800054856	0.8083516026303744	0.5977443609022557	0.5824561403508772	0.7105263157894737	0.8497231321782976
lcl|CM001196.1_cds_EGP91152.1_680 [locus_tag=MYCGRDRAFT_89199] [db_xref=InterPro:IPR001406,JGIDB:Mycgr3_89199] [protein=hypothetical protein] [protein_id=EGP91152.1] [location=2218881..2220485] [gbkey=CDS]	52.93864222237987	0.7624803066581344	0.47766990291262135	0.5634771732332708	0.6155339805825243	0.8576517318155622
lcl|CM001196.1_cds_EGP92455.1_682 [locus_tag=MYCGRDRAFT_32893] [db_xref=JGIDB:Mycgr3_32893] [protein=hypothetical protein] [protein_id=EGP92455.1] [location=complement(join(2222385..2223230,2223357..2223941,2223992..2224438))] [gbkey=CDS]	53.99597063859339	0.7666773320100411	0.4983221476510067	0.5395299145299145	0.6140939597315436	0.8583247854102564
lcl|CM001196.1_cds_EGP92454.1_683 [locus_tag=MYCGRDRAFT_65747] [db_xref=InterPro:IPR000608,JGIDB:Mycgr3_65747] [protein=hypothetical protein] [protein_id=EGP92454.1] [location=complement(join(2226023..2226146,2226217..2226441,2226585..2226691))] [gbkey=CDS]	49.0310636580432	0.7971918283803604	0.5140845070422535	0.5511111111111111	0.6971830985915493	0.8575659554262683
lcl|CM001196.1_cds_EGP92453.1_684 [locus_tag=MYCGRDRAFT_34966] [db_xref=InterPro:IPR000374,JGIDB:Mycgr3_34966] [protein=hypothetical protein] [protein_id=EGP92453.1] [location=complement(2227265..2228509)] [gbkey=CDS]	55.116176021061676	0.7046204406224599	0.38287153652392947	0.5447941888619855	0.5516372795969773	0.858784451802059
lcl|CM001196.1_cds_EGP91153.1_685 [locus_tag=MYCGRDRAFT_65750] [db_xref=InterPro:IPR004839,JGIDB:Mycgr3_65750] [protein=hypothetical protein] [protein_id=EGP91153.1] [location=join(2229044..2229114,2229168..2229320,2229372..2230425)] [gbkey=CDS]	55.321191244086094	0.7407628363119496	0.5036144578313253	0.5227987421383647	0.5831325301204819	0.8526709071012311
lcl|CM001196.1_cds_EGP91155.1_687 [locus_tag=MYCGRDRAFT_98392] [db_xref=InterPro:IPR000608,JGIDB:Mycgr3_98392] [protein=hypothetical protein] [protein_id=EGP91155.1] [location=join(2235588..2235777,2235895..2236250)] [gbkey=CDS]	50.66664004386222	0.7817610926145369	0.52046783625731	0.5277777777777778	0.6374269005847953	0.8563715845492966
lcl|CM001196.1_cds_EGP92452.1_688 [locus_tag=MYCGRDRAFT_89206] [db_xref=JGIDB:Mycgr3_89206] [protein=hypothetical protein] [protein_id=EGP92452.1] [location=complement(join(2236530..2237490,2237544..2237644))] [gbkey=CDS]	54.65664780195074	0.7617821962370361	0.46397694524495675	0.5653409090909091	0.57636887608069165	0.8606119904760593
lcl|CM001196.1_cds_EGP91156.1_689 [locus_tag=MYCGRDRAFT_31509] [db_xref=InterPro:IPR000504,JGIDB:Mycgr3_31509] [protein=hypothetical protein] [protein_id=EGP91156.1] [location=2238027..2239310] [gbkey=CDS]	54.137512615237355	0.7768919415096236	0.5059952038369304	0.5406885758998435	0.6211031175059952	0.8558254206191831
lcl|CM001196.1_cds_EGP92451.1_690 [locus_tag=MYCGRDRAFT_89208] [db_xref=JGIDB:Mycgr3_89208] [protein=hypothetical protein] [protein_id=EGP92451.1] [location=complement(2240080..2241156)] [gbkey=CDS]	54.775596395604474	0.7485546839056202	0.49008498583569404	0.5518207282913166	0.5524079320113314	0.8575132274865802
lcl|CM001196.1_cds_EGP91157.1_691 [locus_tag=MYCGRDRAFT_65760] [db_xref=InterPro:IPR001752,JGIDB:Mycgr3_65760] [protein=hypothetical protein] [protein_id=EGP91157.1] [location=join(2242172..2244687,2244748..2245003)] [gbkey=CDS]	53.309756263727486	0.7757179331072722	0.5260243632336655	0.5549530007230657	0.6334440753045404	0.8598381615432168
lcl|CM001196.1_cds_EGP92450.1_692 [locus_tag=MYCGRDRAFT_65763] [db_xref=InterPro:IPR010300,JGIDB:Mycgr3_65763] [protein=hypothetical protein] [protein_id=EGP92450.1] [location=complement(join(2245540..2245650,2245712..2245830,2245924..2246065,2246261..2246445,2246496..2246610))] [gbkey=CDS]	51.98698101108166	0.8031033336010138	0.5492957746478874	0.5405405405405406	0.6244131455399061	0.8579052018469708
lcl|CM001196.1_cds_EGP91158.1_693 [locus_tag=MYCGRDRAFT_107086] [db_xref=InterPro:IPR004095,InterPro:IPR006169,JGIDB:Mycgr3_107086] [protein=hypothetical protein] [protein_id=EGP91158.1] [location=join(2247538..2247603,2247680..2248717)] [gbkey=CDS]	50.845322577216194	0.779405967949444	0.5014005602240896	0.5227686703096539	0.6414565826330533	0.8537829820844656
lcl|CM001196.1_cds_EGP92449.1_694 [locus_tag=MYCGRDRAFT_33884] [db_xref=JGIDB:Mycgr3_33884] [protein=putative major facilitator superfamily transporter] [protein_id=EGP92449.1] [location=complement(join(2249236..2249663,2249719..2249854,2249930..2249974,2250032..2250114,2250176..2250212,2250268..2250300,2250473..2250524,2250618..2250742,2250795..2250877,2250936..2251196,2251229..2251258,2251304..2251435,2251489..2251608,2251657..2251699))] [gbkey=CDS]	51.379145186084834	0.7459303499418688	0.5329341317365269	0.5430711610486891	0.6207584830339321	0.85187413904732745
lcl|CM001196.1_cds_EGP92448.1_695 [locus_tag=MYCGRDRAFT_35100] [db_xref=JGIDB:Mycgr3_35100] [protein=hypothetical protein] [protein_id=EGP92448.1] [location=complement(join(2254702..2254967,2255026..2255203))] [gbkey=CDS]	51.30287633274034	0.7918679293315382	0.60431654676259	0.5319634703196348	0.6402877697841727	0.8567190892658062
lcl|CM001196.1_cds_EGP92447.1_696 [locus_tag=MYCGRDRAFT_52717] [db_xref=InterPro:IPR005336,JGIDB:Mycgr3_52717] [protein=hypothetical protein] [protein_id=EGP92447.1] [location=complement(join(2255952..2256269,2256346..2256564))] [gbkey=CDS]	47.912387999039794	0.8278170669823546	0.6294117647058823	0.591337099811676	0.6941176470588235	0.8518571814375676
lcl|CM001196.1_cds_EGP92446.1_697 [locus_tag=MYCGRDRAFT_107088] [db_xref=InterPro:IPR004183,JGIDB:Mycgr3_107088] [protein=hypothetical protein] [protein_id=EGP92446.1] [location=complement(join(2256822..2256857,2257005..2257125,2257741..2258337,2258387..2258793))] [gbkey=CDS]	52.896578915558585	0.7707973738757297	0.4796747967479675	0.5523809523809524	0.6016260162601627	0.8611707624470706
lcl|CM001196.1_cds_EGP91159.1_698 [locus_tag=MYCGRDRAFT_65778] [db_xref=InterPro:IPR003140,JGIDB:Mycgr3_65778] [protein=hypothetical protein] [protein_id=EGP91159.1] [location=join(2259168..2259247,2259304..2259315,2259373..2259781,2259843..2260052)] [gbkey=CDS]	50.603061120397285	0.7944670369128123	0.5570175438596491	0.577304964539007	0.6929824561403509	0.8571655286611747
lcl|CM001196.1_cds_EGP92445.1_699 [locus_tag=MYCGRDRAFT_102294] [db_xref=InterPro:IPR002198,JGIDB:Mycgr3_102294] [protein=hypothetical protein] [protein_id=EGP92445.1] [location=complement(join(2260411..2260934,2260987..2261246,2261395..2261463,2261515..2261516))] [gbkey=CDS]	48.56854573981127	0.815367200370214	0.6254545454545455	0.5901060070671378	0.6909090909090909	0.8572524302409675
lcl|CM001196.1_cds_EGP91160.1_700 [locus_tag=MYCGRDRAFT_107090] [db_xref=InterPro:IPR008146,JGIDB:Mycgr3_107090] [protein=hypothetical protein] [protein_id=EGP91160.1] [location=join(2262487..2262919,2262972..2263986,2264037..2264067)] [gbkey=CDS]	52.635595806198424	0.7776428751508567	0.4904862579281184	0.5390359809911744	0.6046511627906976	0.8570676931213914
lcl|CM001196.1_cds_EGP91161.1_701 [locus_tag=MYCGRDRAFT_107091] [db_xref=InterPro:IPR001388,JGIDB:Mycgr3_107091] [protein=hypothetical protein] [protein_id=EGP91161.1] [location=join(2264818..2264919,2265013..2265244,2265386..2265408)] [gbkey=CDS]	43.574088072438414	0.8934716750070236	0.7545454545454545	0.6068376068376068	0.8636363636363636	0.8571753048650096
lcl|CM001196.1_cds_EGP92444.1_702 [locus_tag=MYCGRDRAFT_89219] [db_xref=JGIDB:Mycgr3_89219] [protein=hypothetical protein] [protein_id=EGP92444.1] [location=complement(join(2268571..2273305,2273363..2273517))] [gbkey=CDS]	54.49848506705941	0.8135261482078208	0.5209024552090246	0.55999180999181	0.6211015262110152	0.8564467338680516
lcl|CM001196.1_cds_EGP92443.1_703 [gene=EXG8] [locus_tag=MYCGRDRAFT_107092] [db_xref=JGIDB:Mycgr3_107092] [protein=putative Exo-beta-1,3-glucanase] [protein_id=EGP92443.1] [location=complement(join(2275379..2275404,2275465..2275967,2276054..2276121,2276182..2276328,2276407..2276570,2276660..2276786,2276921..2277049,2277132..2277149,2277230..2277273,2277328..2277439))] [gbkey=CDS]	47.26086377385196	0.8176298454263092	0.585480093676815	0.5900900900900901	0.6510538641686182	0.8557871113863575
lcl|CM001196.1_cds_EGP92442.1_704 [locus_tag=MYCGRDRAFT_33929] [db_xref=JGIDB:Mycgr3_33929] [protein=hypothetical protein] [protein_id=EGP92442.1] [location=complement(join(2278392..2278654,2278745..2278964,2279095..2279330,2279393..2279419,2279475..2279562))] [gbkey=CDS]	53.545833959297184	0.7696676278326811	0.5094339622641509	0.5398550724637681	0.6075471698113207	0.853425250823326
lcl|CM001196.1_cds_EGP91162.1_705 [locus_tag=MYCGRDRAFT_65793] [db_xref=InterPro:IPR010647,JGIDB:Mycgr3_65793] [protein=hypothetical protein] [protein_id=EGP91162.1] [location=join(2279893..2279922,2279972..2280417,2280492..2281296)] [gbkey=CDS]	54.851407356014874	0.7237500698265095	0.44146341463414634	0.5419607843137255	0.5658536585365853	0.8615298052244491
lcl|CM001196.1_cds_EGP92441.1_706 [locus_tag=MYCGRDRAFT_32716] [db_xref=JGIDB:Mycgr3_32716] [protein=hypothetical protein] [protein_id=EGP92441.1] [location=complement(join(2281519..2282160,2282203..2282805,2282857..2283339,2283598..2284266,2284342..2285085))] [gbkey=CDS]	53.50826403022749	0.7759746193405804	0.4825174825174825	0.5572567783094099	0.6173826173826173	0.8564215547352799
lcl|CM001196.1_cds_EGP92440.1_707 [locus_tag=MYCGRDRAFT_65799] [db_xref=InterPro:IPR000760,JGIDB:Mycgr3_65799] [protein=hypothetical protein] [protein_id=EGP92440.1] [location=complement(2285419..2286489)] [gbkey=CDS]	50.094504813791374	0.7962221717880799	0.5689655172413793	0.5464788732394367	0.632183908045977	0.8556364450408687
lcl|CM001196.1_cds_EGP92439.1_708 [locus_tag=MYCGRDRAFT_98404] [db_xref=InterPro:IPR004882,JGIDB:Mycgr3_98404] [protein=hypothetical protein] [protein_id=EGP92439.1] [location=complement(2287949..2288860)] [gbkey=CDS]	50.548201567998994	0.7487294749591087	0.48135593220338985	0.5761589403973509	0.5627118644067797	0.8500126451465807
lcl|CM001196.1_cds_EGP91163.1_709 [locus_tag=MYCGRDRAFT_89224] [db_xref=InterPro:IPR007245,JGIDB:Mycgr3_89224] [protein=hypothetical protein] [protein_id=EGP91163.1] [location=join(2288862..2288864,2289035..2290603)] [gbkey=CDS]	53.59065763746215	0.7428190802647686	0.44047619047619047	0.553639846743295	0.5892857142857143	0.860032025531785
lcl|CM001196.1_cds_EGP91164.1_710 [locus_tag=MYCGRDRAFT_89225] [db_xref=JGIDB:Mycgr3_89225] [protein=hypothetical protein] [protein_id=EGP91164.1] [location=join(2292349..2293602,2293671..2294033)] [gbkey=CDS]	51.40263121983289	0.7902088461746748	0.5510597302504817	0.5524518932340161	0.6377649325626205	0.8553803213133758
lcl|CM001196.1_cds_EGP91165.1_712 [locus_tag=MYCGRDRAFT_89227] [db_xref=JGIDB:Mycgr3_89227] [protein=hypothetical protein] [protein_id=EGP91165.1] [location=join(2299111..2299177,2299400..2300181)] [gbkey=CDS]	54.10343804085666	0.7679969746795774	0.5037878787878788	0.527876631079478	0.5833333333333334	0.8567911248378405
lcl|CM001196.1_cds_EGP92436.1_715 [locus_tag=MYCGRDRAFT_65806] [db_xref=InterPro:IPR002916,JGIDB:Mycgr3_65806] [protein=putative FRE ferric reductase-like transmembrane component] [protein_id=EGP92436.1] [location=complement(join(2308952..2310112,2310172..2310597))] [gbkey=CDS]	54.640187306310125	0.7582562765474857	0.48023715415019763	0.5420619860847565	0.6086956521739131	0.8579385451754883
lcl|CM001196.1_cds_EGP92435.1_717 [gene=MgDCW2] [locus_tag=MYCGRDRAFT_34014] [db_xref=InterPro:IPR005198,JGIDB:Mycgr3_34014] [protein=putative mannan endo-1,6-alpha-mannosidase] [protein_id=EGP92435.1] [location=complement(join(2316139..2316268,2316320..2317089,2317146..2317249,2317299..2317626))] [gbkey=CDS]	54.58610602143693	0.7446793392668458	0.46246973365617433	0.5369532428355958	0.5883777239709443	0.85913711139936
lcl|CM001196.1_cds_EGP92434.1_718 [locus_tag=MYCGRDRAFT_65810] [db_xref=InterPro:IPR001369,JGIDB:Mycgr3_65810] [protein=hypothetical protein] [protein_id=EGP92434.1] [location=complement(join(2318531..2319441,2319497..2319587))] [gbkey=CDS]	51.24173361046488	0.788665396433661	0.5205047318611987	0.5592369477911646	0.6088328075709779	0.8528646758865004
lcl|CM001196.1_cds_EGP92433.1_719 [locus_tag=MYCGRDRAFT_65814] [db_xref=JGIDB:Mycgr3_65814] [protein=hypothetical protein] [protein_id=EGP92433.1] [location=complement(2319960..2320745)] [gbkey=CDS]	52.55231149799951	0.7356527563616947	0.4327731092436975	0.5397435897435897	0.5756302521008403	0.85488095991415
lcl|CM001196.1_cds_EGP91168.1_720 [locus_tag=MYCGRDRAFT_78410] [db_xref=InterPro:IPR006846,JGIDB:Mycgr3_78410] [protein=hypothetical protein] [protein_id=EGP91168.1] [location=join(2321074..2321133,2321208..2321339)] [gbkey=CDS]	45.01330353639146	0.912448496960489	0.7833333333333333	0.6236559139784946	0.8	0.85488095991415
lcl|CM001196.1_cds_EGP92432.1_721 [locus_tag=MYCGRDRAFT_102303] [db_xref=JGIDB:Mycgr3_102303] [protein=hypothetical protein] [protein_id=EGP92432.1] [location=complement(join(2327201..2327268,2327336..2327518,2327607..2327778,2327888..2327917))] [gbkey=CDS]	51.137780448089835	0.8108705152857142	0.5238095238095238	0.5480984340044742	0.6598639455782312	0.8584869166243791
lcl|CM001196.1_cds_EGP92431.1_722 [gene=pp1] [locus_tag=MYCGRDRAFT_65824] [db_xref=InterPro:IPR004843,JGIDB:Mycgr3_65824] [protein=pp1, catalytic subunit of type 1 serine/threonine protein phosphatase] [protein_id=EGP92431.1] [location=complement(join(2328494..2328512,2328567..2328895,2328949..2329350,2329402..2329581))] [gbkey=CDS]	47.3133973843044	0.8325481577272744	0.6521739130434783	0.54004329004329	0.7090301003344481	0.8488099200261093
lcl|CM001196.1_cds_EGP92430.1_723 [locus_tag=MYCGRDRAFT_107101] [db_xref=InterPro:IPR001611,JGIDB:Mycgr3_107101] [protein=hypothetical protein] [protein_id=EGP92430.1] [location=complement(join(2331412..2333835,2333931..2333963))] [gbkey=CDS]	54.23566053296298	0.7775363448526272	0.46441947565543074	0.5614035087719298	0.5942571785268415	0.8586627469392302
lcl|CM001196.1_cds_EGP91169.1_724 [locus_tag=MYCGRDRAFT_65829] [db_xref=InterPro:IPR006108,InterPro:IPR006176,JGIDB:Mycgr3_65829] [protein=hypothetical protein] [protein_id=EGP91169.1] [location=join(2336791..2336975,2337032..2337107,2337166..2337547,2337601..2337911)] [gbkey=CDS]	52.598549941923004	0.7510063507957758	0.4364820846905538	0.5675105485232067	0.6058631921824105	0.8608400876185901
lcl|CM001196.1_cds_EGP91170.1_725 [locus_tag=MYCGRDRAFT_98409] [db_xref=InterPro:IPR001680,JGIDB:Mycgr3_98409] [protein=hypothetical protein] [protein_id=EGP91170.1] [location=join(2339631..2341075,2341184..2341481)] [gbkey=CDS]	54.17526498477991	0.7547331610074126	0.44344703770197486	0.5457685664939551	0.5673249551166966	0.8555757467162199
lcl|CM001196.1_cds_EGP91171.1_726 [locus_tag=MYCGRDRAFT_65833] [db_xref=InterPro:IPR005834,JGIDB:Mycgr3_65833] [protein=hypothetical protein] [protein_id=EGP91171.1] [location=join(2342061..2342126,2342180..2342201,2342312..2342380,2342433..2342524,2342578..2343240)] [gbkey=CDS]	52.45282323783826	0.7555423197131236	0.5510204081632653	0.5441501103752759	0.6462585034013606	0.8593308919883815
lcl|CM001196.1_cds_EGP92429.1_727 [locus_tag=MYCGRDRAFT_31282] [db_xref=InterPro:IPR005828,JGIDB:Mycgr3_31282] [protein=sugar transporter] [protein_id=EGP92429.1] [location=complement(join(2343420..2344166,2344442..2344636,2344696..2344913,2344961..2344993,2345055..2345249,2345299..2345405,2345449..2345493,2345542..2345597))] [gbkey=CDS]	51.45679358282566	0.771253125097181	0.5548902195608783	0.5327044025157233	0.6147704590818364	0.8500892536139116
lcl|CM001196.1_cds_EGP92428.1_728 [locus_tag=MYCGRDRAFT_89241] [db_xref=JGIDB:Mycgr3_89241] [protein=hypothetical protein] [protein_id=EGP92428.1] [location=complement(join(2346416..2346627,2346693..2346741,2346800..2347519))] [gbkey=CDS]	53.90574270009307	0.7891407452723996	0.47249190938511326	0.5579487179487179	0.5598705501618123	0.8483075006175601
lcl|CM001196.1_cds_EGP91172.1_729 [gene=SDG2425] [locus_tag=MYCGRDRAFT_89242] [db_xref=JGIDB:Mycgr3_89242] [protein=hypothetical protein] [protein_id=EGP91172.1] [location=join(2348884..2349474,2349534..2350152,2350204..2350766)] [gbkey=CDS]	55.04220254678768	0.7569591484948303	0.48500881834215165	0.5574419920769667	0.6031746031746031	0.8544259388069652
lcl|CM001196.1_cds_EGP92427.1_730 [gene=CYP-56] [locus_tag=MYCGRDRAFT_98411] [db_xref=InterPro:IPR001128,JGIDB:Mycgr3_98411] [protein=putative P450 monooxygenase] [protein_id=EGP92427.1] [location=complement(join(2350496..2350526,2351174..2352684))] [gbkey=CDS]	48.481227674655	0.7971337652286064	0.5667351129363449	0.5598958333333334	0.6735112936344969	0.8564531779999893
lcl|CM001196.1_cds_EGP91173.1_731 [locus_tag=MYCGRDRAFT_107106] [db_xref=JGIDB:Mycgr3_107106] [protein=hypothetical protein] [protein_id=EGP91173.1] [location=join(2354250..2354332,2354395..2354641,2354694..2356646)] [gbkey=CDS]	53.69672497706543	0.7601205605401071	0.5034106412005457	0.5516029863855951	0.6371077762619373	0.85488095991415
lcl|CM001196.1_cds_EGP92426.1_732 [locus_tag=MYCGRDRAFT_102306] [db_xref=InterPro:IPR005656,JGIDB:Mycgr3_102306] [protein=hypothetical protein] [protein_id=EGP92426.1] [location=complement(join(2357059..2358447,2358524..2358796))] [gbkey=CDS]	39.34899071355715	0.8860434119438015	0.7514231499051234	0.5972222222222222	0.8045540796963947	0.8514881605685045
lcl|CM001196.1_cds_EGP91174.1_733 [locus_tag=MYCGRDRAFT_35188] [db_xref=InterPro:IPR001991,JGIDB:Mycgr3_35188] [protein=putative Sodium/dicarboxylate symporter] [protein_id=EGP91174.1] [location=join(2359774..2360092,2360145..2360693,2360751..2360992,2361044..2361448)] [gbkey=CDS]	51.7518790008167	0.7789014105632169	0.5229166666666667	0.534128561961564	0.6458333333333334	0.8562143982947017
lcl|CM001196.1_cds_EGP91175.1_734 [locus_tag=MYCGRDRAFT_65843] [db_xref=InterPro:IPR000626,InterPro:IPR001394,JGIDB:Mycgr3_65843] [protein=hypothetical protein] [protein_id=EGP91175.1] [location=2361770..2363542] [gbkey=CDS]	50.001367222655624	0.8155843974828915	0.5989492119089317	0.55461233729485	0.6777583187390543	0.8569315554660739
lcl|CM001196.1_cds_EGP91176.1_735 [locus_tag=MYCGRDRAFT_32913] [db_xref=InterPro:IPR010357,JGIDB:Mycgr3_32913] [protein=hypothetical protein] [protein_id=EGP91176.1] [location=join(2366583..2366797,2366855..2367026)] [gbkey=CDS]	50.333722109502716	0.7502204978469903	0.4065040650406504	0.5354330708661418	0.5772357723577236	0.8633662204630403
lcl|CM001196.1_cds_EGP92425.1_736 [locus_tag=MYCGRDRAFT_52792] [db_xref=InterPro:IPR005373,JGIDB:Mycgr3_52792] [protein=hypothetical protein] [protein_id=EGP92425.1] [location=complement(join(2367198..2368609,2368672..2368723))] [gbkey=CDS]	55.53287209979809	0.7441702828076014	0.44820295983086683	0.5534979423868313	0.5539112050739958	0.8570902194214333
lcl|CM001196.1_cds_EGP91177.1_737 [locus_tag=MYCGRDRAFT_65848] [db_xref=InterPro:IPR001752,JGIDB:Mycgr3_65848] [protein=hypothetical protein] [protein_id=EGP91177.1] [location=2369307..2372837] [gbkey=CDS]	55.234435504684555	0.7614705679978142	0.46649260226283723	0.5367375886524822	0.587467362924282	0.8569367973194527
lcl|CM001196.1_cds_EGP91178.1_738 [gene=ERG9] [locus_tag=MYCGRDRAFT_65850] [db_xref=InterPro:IPR002060,JGIDB:Mycgr3_65850] [protein=ERG9, squalene synthase] [protein_id=EGP91178.1] [location=join(2373297..2374598,2374649..2374819)] [gbkey=CDS]	52.239257824526504	0.7837582691070081	0.563169164882227	0.5248807089297887	0.6466809421841542	0.8526908965269071
lcl|CM001196.1_cds_EGP91179.1_740 [locus_tag=MYCGRDRAFT_65854] [db_xref=InterPro:IPR001763,JGIDB:Mycgr3_65854] [protein=hypothetical protein] [protein_id=EGP91179.1] [location=join(2378183..2378397,2378456..2379266)] [gbkey=CDS]	51.21924230291583	0.7872929958121415	0.48338368580060426	0.5431372549019607	0.5800604229607251	0.8568544017204343
lcl|CM001196.1_cds_EGP92423.1_741 [locus_tag=MYCGRDRAFT_98417] [db_xref=InterPro:IPR004839,JGIDB:Mycgr3_98417] [protein=hypothetical protein] [protein_id=EGP92423.1] [location=complement(2380802..2382007)] [gbkey=CDS]	50.36313874204825	0.7816700719336778	0.48711340206185566	0.5241666666666667	0.6391752577319587	0.8542110255945495
lcl|CM001196.1_cds_EGP91180.1_742 [locus_tag=MYCGRDRAFT_65859] [db_xref=InterPro:IPR003439,JGIDB:Mycgr3_65859] [protein=putative ABC transporter] [protein_id=EGP91180.1] [location=join(2383322..2386396,2386452..2386688)] [gbkey=CDS]	51.108245308362264	0.7888898750650419	0.5572232645403377	0.5378100423472474	0.6425891181988743	0.8506343927986484
lcl|CM001196.1_cds_EGP91181.1_744 [locus_tag=MYCGRDRAFT_65863] [db_xref=InterPro:IPR004327,JGIDB:Mycgr3_65863] [protein=hypothetical protein] [protein_id=EGP91181.1] [location=2391243..2392508] [gbkey=CDS]	50.52188828924734	0.8091861636801757	0.5198019801980198	0.5722222222222222	0.6633663366336634	0.8561584791469659
lcl|CM001196.1_cds_EGP92421.1_745 [locus_tag=MYCGRDRAFT_83678] [db_xref=InterPro:IPR007751,JGIDB:Mycgr3_83678] [protein=hypothetical protein] [protein_id=EGP92421.1] [location=complement(join(2392822..2394103,2394163..2394200))] [gbkey=CDS]	50.5392235410753	0.7726726850112811	0.5270588235294118	0.5395738203957382	0.6611764705882353	0.8582538824594772
lcl|CM001196.1_cds_EGP91182.1_746 [locus_tag=MYCGRDRAFT_89257] [db_xref=JGIDB:Mycgr3_89257] [protein=hypothetical protein] [protein_id=EGP91182.1] [location=join(2398669..2398909,2399274..2399321,2399476..2399493,2399726..2399824,2400096..2400886)] [gbkey=CDS]	52.28447283645238	0.7618308204304202	0.5194805194805194	0.5424013434089001	0.612987012987013	0.8565707813729946
lcl|CM001196.1_cds_EGP91183.1_747 [locus_tag=MYCGRDRAFT_34630] [db_xref=InterPro:IPR006055,JGIDB:Mycgr3_34630] [protein=hypothetical protein] [protein_id=EGP91183.1] [location=2401678..2403765] [gbkey=CDS]	53.63875393513723	0.7862815608211378	0.4696296296296296	0.5629202689721422	0.5955555555555555	0.8529517367158573
lcl|CM001196.1_cds_EGP91184.1_748 [locus_tag=MYCGRDRAFT_107116] [db_xref=JGIDB:Mycgr3_107116] [protein=hypothetical protein] [protein_id=EGP91184.1] [location=2404304..2405491] [gbkey=CDS]	51.191258672016794	0.7991951209609266	0.5115681233933161	0.6023688663282571	0.6169665809768637	0.8586313791091859
lcl|CM001196.1_cds_EGP92420.1_749 [locus_tag=MYCGRDRAFT_65866] [db_xref=JGIDB:Mycgr3_65866] [protein=hypothetical protein] [protein_id=EGP92420.1] [location=complement(2406406..2407170)] [gbkey=CDS]	48.753962184251655	0.7509601744215034	0.44214876033057854	0.6034255599472991	0.6900826446280992	0.8570027886346931
lcl|CM001196.1_cds_EGP92419.1_750 [locus_tag=MYCGRDRAFT_98421] [db_xref=JGIDB:Mycgr3_98421] [protein=hypothetical protein] [protein_id=EGP92419.1] [location=complement(join(2407486..2409018,2409075..2409128))] [gbkey=CDS]	53.82979130431781	0.7827303171386022	0.502868068833652	0.5831752055660974	0.6175908221797323	0.8597271842966243
lcl|CM001196.1_cds_EGP92418.1_751 [gene=TKL1] [locus_tag=MYCGRDRAFT_102318] [db_xref=InterPro:IPR005474,InterPro:IPR005475,InterPro:IPR005476,JGIDB:Mycgr3_102318] [protein=hypothetical protein] [protein_id=EGP92418.1] [location=complement(join(2409464..2409580,2409635..2410998,2411052..2411543,2411662..2411692,2411843..2411896))] [gbkey=CDS]	39.6842876129893	0.8679020561618155	0.7314112291350531	0.5891812865497076	0.7465857359635811	0.8540974630808785
lcl|CM001196.1_cds_EGP92417.1_752 [locus_tag=MYCGRDRAFT_89261] [db_xref=JGIDB:Mycgr3_89261] [protein=hypothetical protein] [protein_id=EGP92417.1] [location=complement(2412530..2414701)] [gbkey=CDS]	57.088081262580076	0.7590875753743574	0.4084507042253521	0.5558633425669437	0.5464788732394367	0.855066630200414
lcl|CM001196.1_cds_EGP92416.1_753 [locus_tag=MYCGRDRAFT_33196] [db_xref=InterPro:IPR006767,InterPro:IPR006768,JGIDB:Mycgr3_33196] [protein=hypothetical protein] [protein_id=EGP92416.1] [location=complement(join(2415221..2417005,2417114..2417395))] [gbkey=CDS]	54.67792514993566	0.7600227914668478	0.5235920852359208	0.5468219311014071	0.60882800608828	0.8566387391444092
lcl|CM001196.1_cds_EGP91185.1_754 [locus_tag=MYCGRDRAFT_98423] [db_xref=InterPro:IPR004130,JGIDB:Mycgr3_98423] [protein=hypothetical protein] [protein_id=EGP91185.1] [location=join(2417689..2417780,2417834..2417897,2417954..2418051,2418141..2418810,2418895..2419068)] [gbkey=CDS]	54.80534601206797	0.7571165109793456	0.5028735632183908	0.5128205128205128	0.5718390804597702	0.8552492793212727
lcl|CM001196.1_cds_EGP91186.1_755 [locus_tag=MYCGRDRAFT_65875] [db_xref=JGIDB:Mycgr3_65875] [protein=hypothetical protein] [protein_id=EGP91186.1] [location=join(2419862..2420120,2420171..2420799)] [gbkey=CDS]	48.99474407423224	0.7760418256817891	0.545774647887324	0.5510204081632653	0.6584507042253521	0.8539696134365485
lcl|CM001196.1_cds_EGP92415.1_756 [locus_tag=MYCGRDRAFT_65878] [db_xref=InterPro:IPR000555,JGIDB:Mycgr3_65878] [protein=hypothetical protein] [protein_id=EGP92415.1] [location=complement(join(2421428..2422010,2422067..2422605))] [gbkey=CDS]	48.175895475530815	0.8235699102342232	0.5730027548209367	0.5492831541218638	0.6914600550964187	0.8577683927914018
lcl|CM001196.1_cds_EGP91187.1_757 [locus_tag=MYCGRDRAFT_33235] [db_xref=InterPro:IPR004045,JGIDB:Mycgr3_33235] [protein=hypothetical protein] [protein_id=EGP91187.1] [location=join(2423300..2423567,2423668..2424224)] [gbkey=CDS]	53.405820914002256	0.7634907566262715	0.4828897338403042	0.5335775335775336	0.596958174904943	0.8568471646893041
lcl|CM001196.1_cds_EGP91188.1_758 [locus_tag=MYCGRDRAFT_89267] [db_xref=InterPro:IPR007087,JGIDB:Mycgr3_89267] [protein=zinc finger protein] [protein_id=EGP91188.1] [location=2429515..2430495] [gbkey=CDS]	52.015424693503526	0.8161233879781837	0.4967948717948718	0.5938461538461538	0.6282051282051282	0.8536445681685366
lcl|CM001196.1_cds_EGP91189.1_759 [locus_tag=MYCGRDRAFT_102326] [db_xref=JGIDB:Mycgr3_102326] [protein=hypothetical protein] [protein_id=EGP91189.1] [location=2430515..2430736] [gbkey=CDS]	49.906527542046625	0.7265356962510696	0.4225352112676056	0.49537037037037035	0.5211267605633803	0.8604842177867872
lcl|CM001196.1_cds_EGP92414.1_760 [gene=CYP-64] [locus_tag=MYCGRDRAFT_65881] [db_xref=InterPro:IPR001128,JGIDB:Mycgr3_65881] [protein=putative P450 monooxygenase] [protein_id=EGP92414.1] [location=complement(join(2432302..2432468,2432530..2433085,2433132..2433237,2433285..2433375,2433431..2433461,2433513..2433995,2434055..2434117))] [gbkey=CDS]	55.17705980833789	0.7354160239587438	0.48625792811839325	0.5251509054325956	0.6046511627906976	0.8559604287279006
lcl|CM001196.1_cds_EGP91190.1_761 [gene=GGS2] [locus_tag=MYCGRDRAFT_34236] [db_xref=InterPro:IPR000092,JGIDB:Mycgr3_34236] [protein=geranylgeranyl diphosphate synthase 2] [protein_id=EGP91190.1] [location=2434609..2435607] [gbkey=CDS]	54.008241346544246	0.7479920174202193	0.45962732919254656	0.5327291037260826	0.577639751552795	0.8601615893471531
lcl|CM001196.1_cds_EGP92413.1_763 [locus_tag=MYCGRDRAFT_89270] [db_xref=JGIDB:Mycgr3_89270] [protein=hypothetical protein] [protein_id=EGP92413.1] [location=complement(join(2451189..2451250,2451303..2451645))] [gbkey=CDS]	53.416885626815706	0.7560651785868393	0.5118110236220472	0.5664160401002506	0.6299212598425197	0.8438665660544105
lcl|CM001196.1_cds_EGP92412.1_764 [gene=CYP-58] [locus_tag=MYCGRDRAFT_34461] [db_xref=InterPro:IPR001128,JGIDB:Mycgr3_34461] [protein=putative P450 monooxygenase] [protein_id=EGP92412.1] [location=complement(join(2452412..2453722,2453776..2454027))] [gbkey=CDS]	53.16524132151454	0.7438261326564478	0.4550898203592814	0.527296082209377	0.5848303393213573	0.8595423876539656
lcl|CM001196.1_cds_EGP91192.1_765 [locus_tag=MYCGRDRAFT_65882] [db_xref=InterPro:IPR001906,JGIDB:Mycgr3_65882] [protein=diterpene cyclase-like protein] [protein_id=EGP91192.1] [location=join(2454386..2454541,2454598..2455393,2455455..2455459,2455512..2455796,2455853..2456105,2456175..2456760,2456844..2457097,2457156..2457682)] [gbkey=CDS]	56.452935887545124	0.732925729712949	0.44432194046306506	0.530812324929972	0.5600882028665931	0.8555852382581655
lcl|CM001196.1_cds_EGP92411.1_766 [locus_tag=MYCGRDRAFT_98428] [db_xref=JGIDB:Mycgr3_98428] [protein=hypothetical protein] [protein_id=EGP92411.1] [location=complement(2458990..2459265)] [gbkey=CDS]	52.87771805201127	0.7589004509746871	0.47191011235955055	0.5481481481481482	0.5730337078651685	0.8623601199258839
lcl|CM001196.1_cds_EGP91193.1_767 [locus_tag=MYCGRDRAFT_65888] [db_xref=InterPro:IPR010326,JGIDB:Mycgr3_65888] [protein=hypothetical protein] [protein_id=EGP91193.1] [location=join(2459544..2460055,2460092..2461847)] [gbkey=CDS]	53.098455876847794	0.7740492105985444	0.5425383542538355	0.5322723253757736	0.6513249651324965	0.8575516891916256
lcl|CM001196.1_cds_EGP92410.1_768 [locus_tag=MYCGRDRAFT_65891] [db_xref=InterPro:IPR001138,InterPro:IPR007219,JGIDB:Mycgr3_65891] [protein=hypothetical protein] [protein_id=EGP92410.1] [location=complement(join(2462047..2462466,2462519..2462765,2462890..2464298))] [gbkey=CDS]	56.82510206827361	0.7342245801950266	0.43536404160475484	0.5260869565217391	0.5453194650817236	0.8587750016360182
lcl|CM001196.1_cds_EGP92408.1_771 [locus_tag=MYCGRDRAFT_89276] [db_xref=JGIDB:Mycgr3_89276] [protein=hypothetical protein] [protein_id=EGP92408.1] [location=complement(2469175..2469678)] [gbkey=CDS]	52.61863660308111	0.763058852077273	0.4161490683229814	0.5381526104417671	0.484472049689441	0.8581169339062291
lcl|CM001196.1_cds_EGP91195.1_772 [locus_tag=MYCGRDRAFT_83691] [db_xref=JGIDB:Mycgr3_83691] [protein=hypothetical protein] [protein_id=EGP91195.1] [location=join(2470413..2470444,2470500..2470750,2470828..2471300,2471367..2471707,2471773..2472508)] [gbkey=CDS]	55.94998533804519	0.7433827564735146	0.4702886247877759	0.5435139573070608	0.567062818336163	0.857526214362914
lcl|CM001196.1_cds_EGP92407.1_773 [locus_tag=MYCGRDRAFT_89277] [db_xref=InterPro:IPR004601,JGIDB:Mycgr3_89277] [protein=hypothetical protein] [protein_id=EGP92407.1] [location=complement(2472603..2474882)] [gbkey=CDS]	54.49065201845772	0.7753617965742886	0.47748976807639837	0.5514511873350924	0.6111869031377899	0.8586025294419108
lcl|CM001196.1_cds_EGP92406.1_774 [locus_tag=MYCGRDRAFT_107126] [db_xref=InterPro:IPR007087,JGIDB:Mycgr3_107126] [protein=hypothetical protein] [protein_id=EGP92406.1] [location=complement(join(2475483..2475625,2475802..2477152))] [gbkey=CDS]	52.21770984349414	0.7987304501467887	0.5316455696202531	0.5645161290322581	0.6413502109704642	0.8457419762979141
lcl|CM001196.1_cds_EGP91196.1_775 [locus_tag=MYCGRDRAFT_89280] [db_xref=JGIDB:Mycgr3_89280] [protein=hypothetical protein] [protein_id=EGP91196.1] [location=join(2480623..2480689,2480748..2480859,2480920..2481166)] [gbkey=CDS]	49.78339231946717	0.8256441444588071	0.5797101449275363	0.5619047619047619	0.6739130434782609	0.8577580631976307
lcl|CM001196.1_cds_EGP91197.1_776 [locus_tag=MYCGRDRAFT_78442] [db_xref=JGIDB:Mycgr3_78442] [protein=hypothetical protein] [protein_id=EGP91197.1] [location=join(2481718..2481822,2481885..2481929,2482045..2482137)] [gbkey=CDS]	45.67517322272077	0.8622478086718766	0.7123287671232876	0.5569620253164557	0.7534246575342466	0.8565793459245357
lcl|CM001196.1_cds_EGP91198.1_777 [locus_tag=MYCGRDRAFT_31514] [db_xref=InterPro:IPR001395,JGIDB:Mycgr3_31514] [protein=hypothetical protein] [protein_id=EGP91198.1] [location=join(2482833..2482929,2482986..2483212,2483303..2483621,2483674..2484029)] [gbkey=CDS]	49.60645219241958	0.8109572537222492	0.60625	0.5770392749244713	0.703125	0.8552860086851866
lcl|CM001196.1_cds_EGP92405.1_778 [locus_tag=MYCGRDRAFT_31653] [db_xref=JGIDB:Mycgr3_31653] [protein=hypothetical protein] [protein_id=EGP92405.1] [location=complement(2484357..2484602)] [gbkey=CDS]	47.60295918080081	0.783131320235387	0.569620253164557	0.6	0.759493670886076	0.8616092688206841
lcl|CM001196.1_cds_EGP91199.1_779 [locus_tag=MYCGRDRAFT_65910] [db_xref=JGIDB:Mycgr3_65910] [protein=hypothetical protein] [protein_id=EGP91199.1] [location=2484860..2485726] [gbkey=CDS]	46.04083186462865	0.8040856498722997	0.5370370370370371	0.6004645760743321	0.7444444444444445	0.8567511474278129
lcl|CM001196.1_cds_EGP92404.1_780 [gene=SSN3] [locus_tag=MYCGRDRAFT_65914] [db_xref=InterPro:IPR000719,JGIDB:Mycgr3_65914] [protein=serine/threonine protein kinase, CMGC family, CDC2/CDK subfamily] [protein_id=EGP92404.1] [location=complement(2486152..2487411)] [gbkey=CDS]	49.355010278677305	0.7821845778378111	0.5693069306930693	0.5669856459330144	0.6955445544554455	0.8545603516482183
lcl|CM001196.1_cds_EGP91200.1_781 [locus_tag=MYCGRDRAFT_65916] [db_xref=InterPro:IPR005828,JGIDB:Mycgr3_65916] [protein=hypothetical protein] [protein_id=EGP91200.1] [location=2488418..2489869] [gbkey=CDS]	47.629353968432	0.7887529169410877	0.5745140388768899	0.5726141078838174	0.652267818574514	0.8526591319943129
lcl|CM001196.1_cds_EGP92403.1_782 [gene=GEL1] [locus_tag=MYCGRDRAFT_102341] [db_xref=InterPro:IPR004886,JGIDB:Mycgr3_102341] [protein=beta-glucanosyltransferase] [protein_id=EGP92403.1] [location=complement(join(2492723..2493305,2493362..2494022,2494081..2494216))] [gbkey=CDS]	43.8917478648604	0.8533731705425466	0.6681715575620768	0.58879184861717615	0.7200902934537246	0.8516677271714541
lcl|CM001196.1_cds_EGP92402.1_783 [locus_tag=MYCGRDRAFT_102345] [db_xref=JGIDB:Mycgr3_102345] [protein=hypothetical protein] [protein_id=EGP92402.1] [location=complement(2495663..2496604)] [gbkey=CDS]	53.523762922446224	0.7814185585431246	0.4735099337748344	0.563034188034188	0.5993377483443708	0.8553106813152618
lcl|CM001196.1_cds_EGP92401.1_784 [locus_tag=MYCGRDRAFT_78463] [db_xref=JGIDB:Mycgr3_78463] [protein=hypothetical protein] [protein_id=EGP92401.1] [location=complement(2500398..2500553)] [gbkey=CDS]	52.905086946272206	0.6761801571666596	0.3469387755102041	0.6133333333333333	0.4489795918367347	0.8575659554262683
lcl|CM001196.1_cds_EGP91201.1_785 [locus_tag=MYCGRDRAFT_107133] [db_xref=InterPro:IPR000873,JGIDB:Mycgr3_107133] [protein=hypothetical protein] [protein_id=EGP91201.1] [location=join(2501823..2501881,2501953..2502859,2502915..2502987,2503065..2503366,2503420..2503662,2503726..2503821)] [gbkey=CDS]	49.07922690006721	0.799915610759346	0.550561797752809	0.5686977299880526	0.6910112359550562	0.8551212076292183
lcl|CM001196.1_cds_EGP92400.1_786 [locus_tag=MYCGRDRAFT_65923] [db_xref=InterPro:IPR001650,InterPro:IPR011545,JGIDB:Mycgr3_65923] [protein=hypothetical protein] [protein_id=EGP92400.1] [location=complement(join(2504222..2505410,2505463..2505830))] [gbkey=CDS]	45.86391791050399	0.8396470813606406	0.641851106639839	0.5615731785944552	0.6941649899396378	0.855659105287146
lcl|CM001196.1_cds_EGP91203.1_788 [locus_tag=MYCGRDRAFT_107136] [db_xref=JGIDB:Mycgr3_107136] [protein=hypothetical protein] [protein_id=EGP91203.1] [location=2510553..2512205] [gbkey=CDS]	47.25325810177956	0.8174359702218945	0.5965909090909091	0.5950212507589556	0.6325757575757576	0.8556137294752841
lcl|CM001196.1_cds_EGP92399.1_789 [gene=MgGpa1] [locus_tag=MYCGRDRAFT_52873] [db_xref=InterPro:IPR001019,JGIDB:Mycgr3_52873] [protein=G-protein alpha subunit] [protein_id=EGP92399.1] [location=complement(join(2515109..2515244,2515304..2516229))] [gbkey=CDS]	51.797945168564326	0.7704144313786632	0.5459940652818991	0.4990530303030303	0.6201780415430267	0.8533591411576124
lcl|CM001196.1_cds_EGP92398.1_790 [locus_tag=MYCGRDRAFT_107138] [db_xref=InterPro:IPR001781,JGIDB:Mycgr3_107138] [protein=hypothetical protein] [protein_id=EGP92398.1] [location=complement(2519230..2521572)] [gbkey=CDS]	56.008908454200956	0.7699515949217671	0.41611624834874505	0.5614035087719298	0.5495376486129459	0.8547089112583921
lcl|CM001196.1_cds_EGP92397.1_791 [locus_tag=MYCGRDRAFT_102358] [db_xref=JGIDB:Mycgr3_102358] [protein=hypothetical protein] [protein_id=EGP92397.1] [location=complement(2523376..2523573)] [gbkey=CDS]	53.89056295441308	0.7675953892581827	0.47619047619047616	0.5885416666666666	0.6666666666666666	0.8632996040267195
lcl|CM001196.1_cds_EGP92396.1_792 [locus_tag=MYCGRDRAFT_83707] [db_xref=JGIDB:Mycgr3_83707] [protein=hypothetical protein] [protein_id=EGP92396.1] [location=complement(join(2525904..2526536,2526592..2526646,2526725..2526812,2526862..2527119,2527173..2527245,2527300..2527644))] [gbkey=CDS]	51.96860800766582	0.7788953892667918	0.5488069414316703	0.5567081604426003	0.6550976138828634	0.8515503844148402
lcl|CM001196.1_cds_EGP92394.1_794 [locus_tag=MYCGRDRAFT_102360] [db_xref=JGIDB:Mycgr3_102360] [protein=hypothetical protein] [protein_id=EGP92394.1] [location=complement(2529285..2529863)] [gbkey=CDS]	53.38668433162817	0.7408234251261501	0.37433155080213903	0.5846422338568935	0.5133689839572193	0.8626354647762922
lcl|CM001196.1_cds_EGP91204.1_795 [locus_tag=MYCGRDRAFT_102365] [db_xref=InterPro:IPR005484,JGIDB:Mycgr3_102365] [protein=hypothetical protein] [protein_id=EGP91204.1] [location=join(2532892..2532906,2532959..2532984,2533038..2533899)] [gbkey=CDS]	37.08847757530327	0.9076752756329989	0.8203389830508474	0.6031215161649944	0.8271186440677966	0.8539848453538964
lcl|CM001196.1_cds_EGP92393.1_796 [locus_tag=MYCGRDRAFT_65937] [db_xref=JGIDB:Mycgr3_65937] [protein=hypothetical protein] [protein_id=EGP92393.1] [location=complement(join(2534435..2535577,2535631..2537751))] [gbkey=CDS]	56.37771243533655	0.7499118013760477	0.4691358024691358	0.5460405156537753	0.5679012345679012	0.8564869897188874
lcl|CM001196.1_cds_EGP91205.1_797 [locus_tag=MYCGRDRAFT_102369] [db_xref=JGIDB:Mycgr3_102369] [protein=hypothetical protein] [protein_id=EGP91205.1] [location=2539226..2539456] [gbkey=CDS]	53.20785486043954	0.7998767535651664	0.42857142857142855	0.64	0.6285714285714286	0.8495361623236326
lcl|CM001196.1_cds_EGP91206.1_798 [locus_tag=MYCGRDRAFT_52885] [db_xref=InterPro:IPR000898,JGIDB:Mycgr3_52885] [protein=hypothetical protein] [protein_id=EGP91206.1] [location=2541021..2542466] [gbkey=CDS]	51.3280488878306	0.7873628428885285	0.5553145336225597	0.5527777777777778	0.6420824295010846	0.8557191167213544
lcl|CM001196.1_cds_EGP91207.1_799 [locus_tag=MYCGRDRAFT_65942] [db_xref=InterPro:IPR001092,JGIDB:Mycgr3_65942] [protein=hypothetical protein] [protein_id=EGP91207.1] [location=join(2543548..2543757,2543800..2546034)] [gbkey=CDS]	54.43436857883568	0.7762266507849718	0.4782608695652174	0.5625256252562526	0.59846547314578	0.8598413989358541
lcl|CM001196.1_cds_EGP91208.1_800 [locus_tag=MYCGRDRAFT_33998] [db_xref=InterPro:IPR010482,JGIDB:Mycgr3_33998] [protein=hypothetical protein] [protein_id=EGP91208.1] [location=2546351..2547874] [gbkey=CDS]	51.76375684737694	0.7705207901619112	0.4435146443514644	0.5559947299077734	0.5941422594142259	0.8615291770829249
lcl|CM001196.1_cds_EGP91209.1_801 [locus_tag=MYCGRDRAFT_65946] [db_xref=InterPro:IPR004841,JGIDB:Mycgr3_65946] [protein=hypothetical protein] [protein_id=EGP91209.1] [location=join(2549489..2549612,2549675..2549734,2549798..2550193,2550248..2550920,2550974..2551397)] [gbkey=CDS]	48.69988383557663	0.7994968479394626	0.5887850467289719	0.5553560742070617	0.6523364485981309	0.8551216390143727
lcl|CM001196.1_cds_EGP92392.1_802 [gene=MgSwi4] [locus_tag=MYCGRDRAFT_65949] [db_xref=InterPro:IPR002110,InterPro:IPR003163,JGIDB:Mycgr3_65949] [protein=apses transcription factor] [protein_id=EGP92392.1] [location=complement(join(2551751..2552472,2552533..2553736,2553796..2553882,2553960..2553995))] [gbkey=CDS]	53.5797301656916	0.7872284891474819	0.5196969696969697	0.5531081742535487	0.6121212121212121	0.8564570293619026
lcl|CM001196.1_cds_EGP91210.1_803 [locus_tag=MYCGRDRAFT_65952] [db_xref=InterPro:IPR000991,InterPro:IPR001240,InterPro:IPR001468,JGIDB:Mycgr3_65952] [protein=hypothetical protein] [protein_id=EGP91210.1] [location=2554275..2556581] [gbkey=CDS]	55.58386443236992	0.7326156724386325	0.45927903871829107	0.5397653194263363	0.5647530040053405	0.8575063531570746
lcl|CM001196.1_cds_EGP91211.1_804 [locus_tag=MYCGRDRAFT_89301] [db_xref=JGIDB:Mycgr3_89301] [protein=hypothetical protein] [protein_id=EGP91211.1] [location=join(2557165..2557780,2557835..2557935,2558008..2559081)] [gbkey=CDS]	52.072016260916385	0.795981403458381	0.568695652173913	0.5495798319327732	0.6260869565217392	0.856233686762298
lcl|CM001196.1_cds_EGP92391.1_805 [locus_tag=MYCGRDRAFT_34886] [db_xref=JGIDB:Mycgr3_34886] [protein=hypothetical protein] [protein_id=EGP92391.1] [location=complement(2559396..2560166)] [gbkey=CDS]	54.866376033294465	0.752048631820108	0.45228215767634855	0.5176470588235295	0.5643153526970954	0.8554067662218632
lcl|CM001196.1_cds_EGP92390.1_806 [locus_tag=MYCGRDRAFT_78485] [db_xref=InterPro:IPR009846,JGIDB:Mycgr3_78485] [protein=hypothetical protein] [protein_id=EGP92390.1] [location=complement(join(2560950..2561201,2561251..2561253))] [gbkey=CDS]	52.69337800772317	0.7937795533454856	0.5866666666666667	0.5622489959839357	0.6533333333333333	0.8516571888366897
lcl|CM001196.1_cds_EGP92389.1_810 [locus_tag=MYCGRDRAFT_89305] [db_xref=InterPro:IPR008831,JGIDB:Mycgr3_89305] [protein=hypothetical protein] [protein_id=EGP92389.1] [location=complement(join(2568426..2568555,2568612..2568745,2568988..2569083))] [gbkey=CDS]	46.85263285502236	0.7924790522772862	0.5517241379310345	0.5338983050847458	0.6551724137931034	0.8582955422406291
lcl|CM001196.1_cds_EGP91215.1_811 [locus_tag=MYCGRDRAFT_107149] [db_xref=JGIDB:Mycgr3_107149] [protein=hypothetical protein] [protein_id=EGP91215.1] [location=join(2570279..2570309,2570427..2570680,2570878..2570914,2570974..2571378,2571433..2572298)] [gbkey=CDS]	53.940408363747125	0.7898297687752756	0.5184466019417475	0.5885318210459988	0.5844660194174758	0.8566564793168867
lcl|CM001196.1_cds_EGP92388.1_812 [locus_tag=MYCGRDRAFT_33562] [db_xref=InterPro:IPR001222,JGIDB:Mycgr3_33562] [protein=hypothetical protein] [protein_id=EGP92388.1] [location=complement(join(2572921..2573051,2573175..2573475))] [gbkey=CDS]	50.63273171908801	0.812641293283038	0.5620437956204379	0.5704225352112676	0.6934306569343066	0.842697400423067
lcl|CM001196.1_cds_EGP91216.1_813 [locus_tag=MYCGRDRAFT_65960] [db_xref=InterPro:IPR002110,JGIDB:Mycgr3_65960] [protein=hypothetical protein] [protein_id=EGP91216.1] [location=join(2573969..2574342,2574393..2574561)] [gbkey=CDS]	49.26369371525062	0.777979703134558	0.48044692737430167	0.5865921787709497	0.659217877094972	0.8624020862081876
lcl|CM001196.1_cds_EGP91217.1_815 [locus_tag=MYCGRDRAFT_102377] [db_xref=JGIDB:Mycgr3_102377] [protein=hypothetical protein] [protein_id=EGP91217.1] [location=2576634..2577152] [gbkey=CDS]	54.19658501662998	0.7596094317010538	0.42771084337349397	0.580896686159844	0.572289156626506	0.85488095991415
lcl|CM001196.1_cds_EGP92386.1_816 [locus_tag=MYCGRDRAFT_107151] [db_xref=InterPro:IPR011022,JGIDB:Mycgr3_107151] [protein=hypothetical protein] [protein_id=EGP92386.1] [location=complement(2578780..2581266)] [gbkey=CDS]	55.61193848733322	0.7525526838335493	0.44609665427509293	0.5590487706569931	0.5786864931846345	0.8566656900863905
lcl|CM001196.1_cds_EGP91218.1_817 [locus_tag=MYCGRDRAFT_107152] [db_xref=JGIDB:Mycgr3_107152] [protein=hypothetical protein] [protein_id=EGP91218.1] [location=join(2582624..2582794,2582897..2583113,2583170..2583763,2583826..2584075,2584131..2584176)] [gbkey=CDS]	54.34944850935466	0.7824132344061475	0.44390243902439025	0.565251572327044	0.5756097560975609	0.857730875521822
lcl|CM001196.1_cds_EGP91219.1_818 [locus_tag=MYCGRDRAFT_102381] [db_xref=JGIDB:Mycgr3_102381] [protein=hypothetical protein] [protein_id=EGP91219.1] [location=join(2584748..2584771,2584855..2584873,2584971..2585135,2585242..2585289,2585349..2585472,2585527..2586208)] [gbkey=CDS]	46.427416015498416	0.8077266099980154	0.6428571428571429	0.6429924242424242	0.56	0.8564054925718062
lcl|CM001196.1_cds_EGP91220.1_819 [locus_tag=MYCGRDRAFT_65963] [db_xref=JGIDB:Mycgr3_65963] [protein=hypothetical protein] [protein_id=EGP91220.1] [location=join(2587928..2587967,2588018..2589219)] [gbkey=CDS]	48.15075161422415	0.816102170681037	0.579746835443038	0.5760517799352751	0.7088607594936709	0.85195792364843
lcl|CM001196.1_cds_EGP92385.1_820 [locus_tag=MYCGRDRAFT_65966] [db_xref=InterPro:IPR001715,InterPro:IPR004953,JGIDB:Mycgr3_65966] [protein=hypothetical protein] [protein_id=EGP92385.1] [location=complement(join(2589694..2589756,2589815..2590406,2590467..2590538,2590630..2590643))] [gbkey=CDS]	53.04626425713317	0.7901336079887805	0.542016806722689	0.5727891156462585	0.6386554621848739	0.8565238351688544
lcl|CM001196.1_cds_EGP92384.1_821 [locus_tag=MYCGRDRAFT_107156] [db_xref=InterPro:IPR000504,JGIDB:Mycgr3_107156] [protein=hypothetical protein] [protein_id=EGP92384.1] [location=complement(join(2590990..2591011,2591181..2591418,2592345..2593074))] [gbkey=CDS]	52.1965031327283	0.7878550006213378	0.5493827160493827	0.5467479674796748	0.6203703703703703	0.8528401164303953
lcl|CM001196.1_cds_EGP91221.1_822 [locus_tag=MYCGRDRAFT_65974] [db_xref=InterPro:IPR000727,InterPro:IPR001683,JGIDB:Mycgr3_65974] [protein=hypothetical protein] [protein_id=EGP91221.1] [location=2593375..2594490] [gbkey=CDS]	52.69627450008923	0.7635849515006683	0.46089385474860334	0.5585585585585585	0.5865921787709497	0.8599677951048866
lcl|CM001196.1_cds_EGP92383.1_823 [locus_tag=MYCGRDRAFT_98456] [db_xref=InterPro:IPR006876,JGIDB:Mycgr3_98456] [protein=hypothetical protein] [protein_id=EGP92383.1] [location=complement(join(2594671..2594958,2595037..2596767))] [gbkey=CDS]	54.80619389575903	0.7282251293458176	0.45085803432137284	0.5360158966716344	0.5787831513260531	0.8600905458617346
lcl|CM001196.1_cds_EGP91222.1_824 [locus_tag=MYCGRDRAFT_65978] [db_xref=InterPro:IPR002085,JGIDB:Mycgr3_65978] [protein=hypothetical protein] [protein_id=EGP91222.1] [location=join(2597083..2597227,2597280..2597414,2597544..2598325)] [gbkey=CDS]	52.64083495955909	0.7468974395818598	0.49117647058823527	0.5236742424242424	0.5588235294117647	0.8560241047146345
lcl|CM001196.1_cds_EGP91223.1_825 [locus_tag=MYCGRDRAFT_33473] [db_xref=JGIDB:Mycgr3_33473] [protein=hypothetical protein] [protein_id=EGP91223.1] [location=2598561..2599568] [gbkey=CDS]	52.18759169864521	0.7659603250307958	0.47770700636942676	0.5499001996007984	0.6337579617834395	0.8580975204082747
lcl|CM001196.1_cds_EGP92382.1_827 [locus_tag=MYCGRDRAFT_89321] [db_xref=JGIDB:Mycgr3_89321] [protein=hypothetical protein] [protein_id=EGP92382.1] [location=complement(join(2603704..2604068,2604126..2604360))] [gbkey=CDS]	49.64613000086357	0.8333977122389925	0.5958549222797928	0.622895622895623	0.6632124352331606	0.8535280982610414
lcl|CM001196.1_cds_EGP92381.1_828 [locus_tag=MYCGRDRAFT_89322] [db_xref=JGIDB:Mycgr3_89322] [protein=hypothetical protein] [protein_id=EGP92381.1] [location=complement(join(2604754..2605190,2605358..2605451,2605505..2605585))] [gbkey=CDS]	47.33215329885496	0.8217347137766228	0.5897435897435898	0.5841584158415841	0.6666666666666666	0.8562091132504782
lcl|CM001196.1_cds_EGP92380.1_829 [locus_tag=MYCGRDRAFT_34265] [db_xref=JGIDB:Mycgr3_34265] [protein=hypothetical protein] [protein_id=EGP92380.1] [location=complement(join(2606626..2607757,2607810..2607969,2608032..2608809,2608852..2609637))] [gbkey=CDS]	55.47683586626184	0.7512624766765413	0.46630434782608693	0.5473684210526316	0.5739130434782609	0.8588407371555764
lcl|CM001196.1_cds_EGP92379.1_830 [gene=CIT3] [locus_tag=MYCGRDRAFT_107161] [db_xref=InterPro:IPR002020,JGIDB:Mycgr3_107161] [protein=citrate synthase] [protein_id=EGP92379.1] [location=complement(join(2609922..2611289,2611355..2611402))] [gbkey=CDS]	41.52692857099311	0.8566549143692409	0.7180616740088106	0.5879432624113475	0.7400881057268722	0.8565938147444361
lcl|CM001196.1_cds_EGP91225.1_831 [locus_tag=MYCGRDRAFT_83726] [db_xref=InterPro:IPR000918,JGIDB:Mycgr3_83726] [protein=hypothetical protein] [protein_id=EGP91225.1] [location=join(2611979..2612282,2612339..2613717)] [gbkey=CDS]	51.95865055469545	0.7920308204443582	0.5260223048327137	0.5515802027429935	0.637546468401487	0.8570417442829336
lcl|CM001196.1_cds_EGP92378.1_832 [locus_tag=MYCGRDRAFT_89326] [db_xref=JGIDB:Mycgr3_89326] [protein=hypothetical protein] [protein_id=EGP92378.1] [location=complement(2613898..2615550)] [gbkey=CDS]	53.9296157258385	0.7490534944034768	0.4766355140186916	0.5470552519732848	0.5757009345794393	0.8543927955525034
lcl|CM001196.1_cds_EGP92377.1_833 [locus_tag=MYCGRDRAFT_89327] [db_xref=JGIDB:Mycgr3_89327] [protein=hypothetical protein] [protein_id=EGP92377.1] [location=complement(2616400..2617962)] [gbkey=CDS]	55.564568950327256	0.753617120092954	0.4408817635270541	0.5491329479768786	0.5450901803607214	0.85488095991415
lcl|CM001196.1_cds_EGP91226.1_834 [locus_tag=MYCGRDRAFT_102384] [db_xref=InterPro:IPR001040,JGIDB:Mycgr3_102384] [protein=hypothetical protein] [protein_id=EGP91226.1] [location=join(2618305..2618598,2618670..2619134)] [gbkey=CDS]	44.79902449119204	0.8774773503731601	0.6974789915966386	0.5856573705179283	0.7563025210084033	0.8575552415186987
lcl|CM001196.1_cds_EGP91228.1_836 [locus_tag=MYCGRDRAFT_102388] [db_xref=JGIDB:Mycgr3_102388] [protein=hypothetical protein] [protein_id=EGP91228.1] [location=2621262..2621909] [gbkey=CDS]	54.47513300152791	0.7463801861984387	0.45933014354066987	0.5747663551401869	0.5311004784688995	0.861167484735415
lcl|CM001196.1_cds_EGP91229.1_837 [locus_tag=MYCGRDRAFT_107165] [db_xref=JGIDB:Mycgr3_107165] [protein=hypothetical protein] [protein_id=EGP91229.1] [location=2622791..2623942] [gbkey=CDS]	56.11367791287559	0.7849400805565183	0.4368421052631579	0.5706806282722513	0.5157894736842106	0.8591020081391426
lcl|CM001196.1_cds_EGP91230.1_838 [locus_tag=MYCGRDRAFT_34411] [db_xref=InterPro:IPR001395,JGIDB:Mycgr3_34411] [protein=hypothetical protein] [protein_id=EGP91230.1] [location=2624637..2625572] [gbkey=CDS]	51.64129992030099	0.7831256899465474	0.5049833887043189	0.524731182795699	0.5946843853820598	0.856179099932531
lcl|CM001196.1_cds_EGP91231.1_839 [locus_tag=MYCGRDRAFT_65995] [db_xref=JGIDB:Mycgr3_65995] [protein=hypothetical protein] [protein_id=EGP91231.1] [location=join(2627136..2627297,2627354..2627521,2627574..2628478,2628667..2628907)] [gbkey=CDS]	53.77432425792484	0.7527157117127699	0.4543524416135881	0.545578231292517	0.5562632696390658	0.8562498035393646
lcl|CM001196.1_cds_EGP91232.1_840 [locus_tag=MYCGRDRAFT_65997] [db_xref=InterPro:IPR001993,JGIDB:Mycgr3_65997] [protein=hypothetical protein] [protein_id=EGP91232.1] [location=join(2629473..2629479,2629554..2629575,2629754..2629788,2629918..2629994,2630105..2630350,2630407..2630790,2630846..2631019)] [gbkey=CDS]	36.08350938822286	0.8558172813594049	0.8243243243243243	0.5814696485623003	0.7263513513513513	0.8544528262901429
lcl|CM001196.1_cds_EGP92376.1_841 [locus_tag=MYCGRDRAFT_107168] [db_xref=JGIDB:Mycgr3_107168] [protein=hypothetical protein] [protein_id=EGP92376.1] [location=complement(2631422..2632135)] [gbkey=CDS]	53.434723680814734	0.7972240902292861	0.37554585152838427	0.6101694915254238	0.5720524017467249	0.8560176419776447
lcl|CM001196.1_cds_EGP91233.1_842 [locus_tag=MYCGRDRAFT_107169] [db_xref=JGIDB:Mycgr3_107169] [protein=hypothetical protein] [protein_id=EGP91233.1] [location=join(2632705..2633187,2633264..2634224,2634287..2634747)] [gbkey=CDS]	52.561797871614615	0.7813359400482235	0.4852459016393443	0.5508162190626645	0.601639344262295	0.8550927387345961
lcl|CM001196.1_cds_EGP92375.1_843 [locus_tag=MYCGRDRAFT_66000] [db_xref=InterPro:IPR002937,JGIDB:Mycgr3_66000] [protein=hypothetical protein] [protein_id=EGP92375.1] [location=complement(join(2634845..2634905,2634963..2635465,2635554..2635856,2635905..2636322,2636385..2636453,2636512..2636521,2636587..2636761))] [gbkey=CDS]	54.29375650780399	0.7563270023127056	0.4868686868686869	0.5309849967384214	0.5636363636363636	0.8551433081674645
lcl|CM001196.1_cds_EGP91234.1_844 [locus_tag=MYCGRDRAFT_66002] [db_xref=JGIDB:Mycgr3_66002] [protein=hypothetical protein] [protein_id=EGP91234.1] [location=join(2639982..2640055,2640109..2641102)] [gbkey=CDS]	52.94973165614989	0.7786015636919631	0.5178571428571429	0.556497175141243	0.6339285714285714	0.8579154716879033
lcl|CM001196.1_cds_EGP92374.1_845 [locus_tag=MYCGRDRAFT_66006] [db_xref=JGIDB:Mycgr3_66006] [protein=hypothetical protein] [protein_id=EGP92374.1] [location=complement(join(2641197..2641750,2641810..2642479))] [gbkey=CDS]	54.06072037275749	0.7682047540086039	0.5102040816326531	0.5402298850574713	0.6403061224489796	0.8558719727338254
lcl|CM001196.1_cds_EGP91235.1_846 [locus_tag=MYCGRDRAFT_98465] [db_xref=InterPro:IPR002848,JGIDB:Mycgr3_98465] [protein=hypothetical protein] [protein_id=EGP91235.1] [location=join(2643312..2643404,2643469..2643505,2643563..2643616,2643669..2643802,2643860..2643953,2644004..2644092,2644141..2644353)] [gbkey=CDS]	49.072172981056625	0.8003898142787096	0.5627705627705628	0.5480225988700564	0.6796536796536796	0.8594367644619549
lcl|CM001196.1_cds_EGP91236.1_847 [locus_tag=MYCGRDRAFT_107174] [db_xref=InterPro:IPR000198,JGIDB:Mycgr3_107174] [protein=hypothetical protein] [protein_id=EGP91236.1] [location=join(2646076..2646226,2646360..2646512,2646570..2648986)] [gbkey=CDS]	55.27976794293586	0.7787881946256543	0.4650112866817156	0.5616942909760589	0.5744920993227991	0.857402538492535
lcl|CM001196.1_cds_EGP91237.1_848 [locus_tag=MYCGRDRAFT_107175] [db_xref=JGIDB:Mycgr3_107175] [protein=Ca2+-modulated nonselective cation channel polycystin] [protein_id=EGP91237.1] [location=join(2649639..2649738,2649910..2650021,2650452..2650562,2650666..2651048,2651109..2651189,2651298..2651482,2651538..2651700,2651758..2652058,2652109..2652139)] [gbkey=CDS]	56.11911155991197	0.7530467067538615	0.39705882352941174	0.5763175906913073	0.5483193277310925	0.8551562391155441
lcl|CM001196.1_cds_EGP92373.1_849 [locus_tag=MYCGRDRAFT_89342] [db_xref=InterPro:IPR009580,JGIDB:Mycgr3_89342] [protein=hypothetical protein] [protein_id=EGP92373.1] [location=complement(join(2652576..2652980,2653030..2653326))] [gbkey=CDS]	53.66745835704212	0.7249721669773026	0.42152466367713004	0.5775862068965517	0.6233183856502242	0.8606780872426856
lcl|CM001196.1_cds_EGP91238.1_850 [locus_tag=MYCGRDRAFT_66016] [db_xref=JGIDB:Mycgr3_66016] [protein=hypothetical protein] [protein_id=EGP91238.1] [location=join(2653646..2654686,2654759..2654872)] [gbkey=CDS]	51.5021207367936	0.7949001119701978	0.5504087193460491	0.5439512619669278	0.6457765667574932	0.8555811911387311
lcl|CM001196.1_cds_EGP91239.1_852 [locus_tag=MYCGRDRAFT_35012] [db_xref=JGIDB:Mycgr3_35012] [protein=hypothetical protein] [protein_id=EGP91239.1] [location=join(2656781..2656973,2657075..2657276,2657330..2657426,2657483..2657599)] [gbkey=CDS]	49.085206445328765	0.809502676276943	0.5968586387434555	0.5704809286898839	0.7015706806282722	0.8542143573013021
lcl|CM001196.1_cds_EGP92371.1_853 [gene=ARP2401] [locus_tag=MYCGRDRAFT_107178] [db_xref=InterPro:IPR004000,JGIDB:Mycgr3_107178] [protein=actin-related protein, ARP2 class] [protein_id=EGP92371.1] [location=complement(join(2657819..2658778,2658858..2659004,2659063..2659109,2659160..2659178))] [gbkey=CDS]	51.253816256080604	0.772972446650182	0.522911051212938	0.5501285347043702	0.6226415094339622	0.8569509075119773
lcl|CM001196.1_cds_EGP92370.1_854 [locus_tag=MYCGRDRAFT_66023] [db_xref=InterPro:IPR005556,JGIDB:Mycgr3_66023] [protein=hypothetical protein] [protein_id=EGP92370.1] [location=complement(join(2659997..2660041,2660096..2661331))] [gbkey=CDS]	49.54184365436197	0.8087337911128992	0.5731414868105515	0.5866666666666667	0.6354916067146283	0.844536293852314
lcl|CM001196.1_cds_EGP92369.1_855 [locus_tag=MYCGRDRAFT_66025] [db_xref=InterPro:IPR001107,JGIDB:Mycgr3_66025] [protein=hypothetical protein] [protein_id=EGP92369.1] [location=complement(join(2663241..2663765,2663822..2664142))] [gbkey=CDS]	48.102575777813776	0.8151212018439226	0.6204379562043796	0.5666666666666667	0.6678832116788321	0.8563183032263719
lcl|CM001196.1_cds_EGP91240.1_856 [locus_tag=MYCGRDRAFT_66030] [db_xref=InterPro:IPR004205,JGIDB:Mycgr3_66030] [protein=hypothetical protein] [protein_id=EGP91240.1] [location=join(2664378..2664430,2664542..2664567,2664665..2664842,2664967..2665021)] [gbkey=CDS]	47.60113169234064	0.8321287525436238	0.6597938144329897	0.5849673202614379	0.6701030927835051	0.8575132274865802
lcl|CM001196.1_cds_EGP92368.1_857 [locus_tag=MYCGRDRAFT_31648] [db_xref=JGIDB:Mycgr3_31648] [protein=hypothetical protein] [protein_id=EGP92368.1] [location=complement(join(2665212..2665274,2665333..2665887,2666087..2666239))] [gbkey=CDS]	53.228692741687695	0.7467831752264243	0.4493927125506073	0.5202614379084968	0.5789473684210527	0.8569861263672479
lcl|CM001196.1_cds_EGP92367.1_858 [locus_tag=MYCGRDRAFT_66031] [db_xref=InterPro:IPR000727,InterPro:IPR006011,JGIDB:Mycgr3_66031] [protein=hypothetical protein] [protein_id=EGP92367.1] [location=complement(join(2669297..2669647,2669705..2670376))] [gbkey=CDS]	44.72943422749204	0.8452081320145962	0.6012084592145015	0.6057030481809242	0.7945619335347432	0.8580499906891541
lcl|CM001196.1_cds_EGP91241.1_859 [locus_tag=MYCGRDRAFT_107183] [db_xref=JGIDB:Mycgr3_107183] [protein=hypothetical protein] [protein_id=EGP91241.1] [location=join(2672568..2672573,2672649..2672667,2672747..2673597)] [gbkey=CDS]	48.81652195711735	0.7955329245776156	0.5587188612099644	0.5712643678160919	0.7153024911032029	0.8558058694860947
lcl|CM001196.1_cds_EGP92365.1_861 [locus_tag=MYCGRDRAFT_66037] [db_xref=JGIDB:Mycgr3_66037] [protein=hypothetical protein] [protein_id=EGP92365.1] [location=complement(join(2677809..2680180,2680241..2683379))] [gbkey=CDS]	54.75660202250772	0.7612366412888276	0.4668911335578002	0.5485921889191644	0.6071829405162739	0.8582476875843466
lcl|CM001196.1_cds_EGP91242.1_862 [locus_tag=MYCGRDRAFT_98472] [db_xref=InterPro:IPR008698,JGIDB:Mycgr3_98472] [protein=hypothetical protein] [protein_id=EGP91242.1] [location=join(2683707..2683794,2683861..2683985,2684047..2684151)] [gbkey=CDS]	53.14328097325285	0.7955734397630875	0.58	0.5448717948717948	0.64	0.8497411122173449
lcl|CM001196.1_cds_EGP92364.1_863 [locus_tag=MYCGRDRAFT_107186] [db_xref=InterPro:IPR000330,InterPro:IPR001650,JGIDB:Mycgr3_107186] [protein=SNF2 family DNA-dependent ATPase domain-containing protein] [protein_id=EGP92364.1] [location=complement(join(2684550..2690241,2690312..2690325))] [gbkey=CDS]	54.05611883428672	0.7682595216579564	0.4967462039045553	0.5445614035087719	0.6122559652928417	0.8575659554262683
lcl|CM001196.1_cds_EGP92363.1_864 [locus_tag=MYCGRDRAFT_102406] [db_xref=InterPro:IPR005822,JGIDB:Mycgr3_102406] [protein=hypothetical protein] [protein_id=EGP92363.1] [location=complement(join(2691953..2692404,2692473..2692608,2692715..2692735))] [gbkey=CDS]	39.927160010893665	0.8921674398406075	0.7743589743589744	0.6053067993366501	0.7846153846153846	0.8522176665851194
lcl|CM001196.1_cds_EGP91243.1_865 [locus_tag=MYCGRDRAFT_102408] [db_xref=JGIDB:Mycgr3_102408] [protein=hypothetical protein] [protein_id=EGP91243.1] [location=join(2693661..2694117,2694137..2694156)] [gbkey=CDS]	53.16258231914569	0.769226172238469	0.45161290322580644	0.5690021231422505	0.5548387096774193	0.8591604059583948
lcl|CM001196.1_cds_EGP91244.1_866 [locus_tag=MYCGRDRAFT_66052] [db_xref=InterPro:IPR000873,JGIDB:Mycgr3_66052] [protein=hypothetical protein] [protein_id=EGP91244.1] [location=join(2694757..2694924,2694980..2695007,2695069..2695236,2695290..2695727,2695837..2696764,2696821..2696869)] [gbkey=CDS]	51.919044846709795	0.7937196215092257	0.531578947368421	0.5493513818386915	0.6526315789473685	0.8562428495628134
lcl|CM001196.1_cds_EGP91245.1_867 [gene=MgASG1] [locus_tag=MYCGRDRAFT_66057] [db_xref=InterPro:IPR001138,InterPro:IPR007219,JGIDB:Mycgr3_66057] [protein=fungal transcriptional regulatory protein] [protein_id=EGP91245.1] [location=join(2699049..2699154,2699208..2699304,2699382..2700507,2700638..2702065)] [gbkey=CDS]	55.12243113124415	0.7722119728021898	0.46781609195402296	0.5488913122500909	0.6068965517241379	0.8561975173898965
lcl|CM001196.1_cds_EGP91246.1_868 [locus_tag=MYCGRDRAFT_66060] [db_xref=InterPro:IPR007484,JGIDB:Mycgr3_66060] [protein=peptidase M28] [protein_id=EGP91246.1] [location=join(2702536..2704593,2704635..2705513)] [gbkey=CDS]	52.36604648296883	0.7806050981089643	0.5031914893617021	0.5407710678949164	0.6414893617021277	0.8587310602135627
lcl|CM001196.1_cds_EGP91247.1_869 [locus_tag=MYCGRDRAFT_107190] [db_xref=InterPro:IPR002480,JGIDB:Mycgr3_107190] [protein=hypothetical protein] [protein_id=EGP91247.1] [location=2706009..2707448] [gbkey=CDS]	46.178854735993056	0.8486772916612456	0.6120689655172413	0.5906555090655509	0.75	0.8562841960026983
lcl|CM001196.1_cds_EGP91248.1_870 [locus_tag=MYCGRDRAFT_66064] [db_xref=InterPro:IPR000873,JGIDB:Mycgr3_66064] [protein=hypothetical protein] [protein_id=EGP91248.1] [location=join(2708125..2708140,2708195..2709714,2709776..2710186)] [gbkey=CDS]	47.15080286984166	0.8236474782270072	0.6436597110754414	0.5862957238536837	0.723916532905297	0.8542596739230809
lcl|CM001196.1_cds_EGP91249.1_872 [locus_tag=MYCGRDRAFT_102412] [db_xref=JGIDB:Mycgr3_102412] [protein=hypothetical protein] [protein_id=EGP91249.1] [location=2713606..2714142] [gbkey=CDS]	55.15564057129154	0.7356804817057399	0.4114285714285714	0.5612052730696798	0.4742857142857143	0.8571558354166104
lcl|CM001196.1_cds_EGP91250.1_873 [locus_tag=MYCGRDRAFT_53017] [db_xref=JGIDB:Mycgr3_53017] [protein=hypothetical protein] [protein_id=EGP91250.1] [location=join(2714846..2715136,2715193..2715297)] [gbkey=CDS]	51.92524390058047	0.7833702921744101	0.3888888888888889	0.5435897435897435	0.5952380952380952	0.8590152135082548
lcl|CM001196.1_cds_EGP91251.1_874 [locus_tag=MYCGRDRAFT_107194] [db_xref=InterPro:IPR000262,JGIDB:Mycgr3_107194] [protein=hypothetical protein] [protein_id=EGP91251.1] [location=join(2720017..2720844,2720906..2720914)] [gbkey=CDS]	51.431140313929454	0.7800288645204486	0.5259259259259259	0.5403128760529483	0.6222222222222222	0.8529475626220169
lcl|CM001196.1_cds_EGP92361.1_875 [locus_tag=MYCGRDRAFT_107195] [db_xref=InterPro:IPR001126,JGIDB:Mycgr3_107195] [protein=hypothetical protein] [protein_id=EGP92361.1] [location=complement(2721413..2723374)] [gbkey=CDS]	53.107244431976724	0.7867731730228301	0.5448818897637795	0.5439672801635992	0.647244094488189	0.8559094875839326
lcl|CM001196.1_cds_EGP91252.1_876 [locus_tag=MYCGRDRAFT_107196] [db_xref=JGIDB:Mycgr3_107196] [protein=hypothetical protein] [protein_id=EGP91252.1] [location=2723812..2725902] [gbkey=CDS]	57.699574876940105	0.742599503858546	0.4073529411764706	0.5587529976019184	0.5220588235294118	0.8581659165325752
lcl|CM001196.1_cds_EGP91253.1_877 [locus_tag=MYCGRDRAFT_66079] [db_xref=InterPro:IPR000073,JGIDB:Mycgr3_66079] [protein=hypothetical protein] [protein_id=EGP91253.1] [location=join(2726644..2727346,2727473..2727879)] [gbkey=CDS]	53.96287100534523	0.7352244040207557	0.4	0.5570652173913043	0.5577464788732395	0.858165390436202
lcl|CM001196.1_cds_EGP91254.1_878 [locus_tag=MYCGRDRAFT_107198] [db_xref=InterPro:IPR004367,InterPro:IPR006671,JGIDB:Mycgr3_107198] [protein=hypothetical protein] [protein_id=EGP91254.1] [location=2733688..2734962] [gbkey=CDS]	53.32815191572846	0.7904986307955693	0.5150753768844221	0.5500394011032309	0.6256281407035176	0.8526656891653884
lcl|CM001196.1_cds_EGP91255.1_879 [locus_tag=MYCGRDRAFT_98483] [db_xref=JGIDB:Mycgr3_98483] [protein=hypothetical protein] [protein_id=EGP91255.1] [location=2735836..2738535] [gbkey=CDS]	54.03916738229587	0.7623428028527175	0.4813953488372093	0.5616184112843355	0.6046511627906976	0.8575719447736838
lcl|CM001196.1_cds_EGP92359.1_881 [locus_tag=MYCGRDRAFT_102416] [db_xref=InterPro:IPR002931,JGIDB:Mycgr3_102416] [protein=hypothetical protein] [protein_id=EGP92359.1] [location=complement(join(2741415..2741863,2741916..2742909))] [gbkey=CDS]	51.938167433412524	0.7991381875399534	0.5153508771929824	0.5789839944328462	0.6118421052631579	0.8512508767276035
lcl|CM001196.1_cds_EGP92358.1_882 [locus_tag=MYCGRDRAFT_107202] [db_xref=InterPro:IPR000801,JGIDB:Mycgr3_107202] [protein=hypothetical protein] [protein_id=EGP92358.1] [location=complement(join(2744787..2744796,2744940..2745727,2745785..2745850))] [gbkey=CDS]	46.2678620206591	0.8456758661518261	0.6464285714285715	0.5559440559440559	0.7535714285714286	0.8539441352002901
lcl|CM001196.1_cds_EGP91256.1_884 [locus_tag=MYCGRDRAFT_89374] [db_xref=InterPro:IPR007087,JGIDB:Mycgr3_89374] [protein=hypothetical protein] [protein_id=EGP91256.1] [location=2747295..2749058] [gbkey=CDS]	53.76024459460948	0.7801653216766615	0.5017543859649123	0.5437997724687145	0.5912280701754385	0.84555402975062
lcl|CM001196.1_cds_EGP92356.1_885 [locus_tag=MYCGRDRAFT_78536] [db_xref=JGIDB:Mycgr3_78536] [protein=hypothetical protein] [protein_id=EGP92356.1] [location=complement(2749611..2749865)] [gbkey=CDS]	47.11805424339208	0.7939577971586078	0.49382716049382713	0.570281124497992	0.7407407407407407	0.85488095991415
lcl|CM001196.1_cds_EGP92355.1_886 [locus_tag=MYCGRDRAFT_89375] [db_xref=JGIDB:Mycgr3_89375] [protein=hypothetical protein] [protein_id=EGP92355.1] [location=complement(join(2749960..2749964,2750060..2750921))] [gbkey=CDS]	51.47080362562119	0.7763544000380662	0.4833948339483395	0.5493612078977933	0.5977859778597786	0.8567511474278129
lcl|CM001196.1_cds_EGP91257.1_887 [locus_tag=MYCGRDRAFT_89376] [db_xref=JGIDB:Mycgr3_89376] [protein=hypothetical protein] [protein_id=EGP91257.1] [location=join(2751898..2752717,2752883..2752949,2753717..2753733,2754090..2754178)] [gbkey=CDS]	51.83515975569923	0.7622751731128369	0.5083056478405316	0.5552178318135765	0.6445182724252492	0.8593742875516578
lcl|CM001196.1_cds_EGP91258.1_888 [locus_tag=MYCGRDRAFT_98488] [db_xref=InterPro:IPR007087,JGIDB:Mycgr3_98488] [protein=hypothetical protein] [protein_id=EGP91258.1] [location=2755440..2756435] [gbkey=CDS]	52.44447939333516	0.7874050434806418	0.5283018867924528	0.5626262626262626	0.6132075471698113	0.856507224695074
lcl|CM001196.1_cds_EGP92354.1_889 [locus_tag=MYCGRDRAFT_107205] [db_xref=JGIDB:Mycgr3_107205] [protein=hypothetical protein] [protein_id=EGP92354.1] [location=complement(join(2757440..2761296,2761398..2761428))] [gbkey=CDS]	51.0465171298975	0.8044742634211149	0.5551181102362205	0.550489438433797	0.6448818897637796	0.8557100441684133
lcl|CM001196.1_cds_EGP92353.1_890 [locus_tag=MYCGRDRAFT_89379] [db_xref=JGIDB:Mycgr3_89379] [protein=hypothetical protein] [protein_id=EGP92353.1] [location=complement(join(2798434..2798448,2800288..2800395,2800456..2801099,2801181..2801383,2801447..2801490))] [gbkey=CDS]	52.56661007688729	0.767641212057298	0.5015290519877675	0.5386904761904762	0.6085626911314985	0.8588795498860397
lcl|CM001196.1_cds_EGP91259.1_891 [locus_tag=MYCGRDRAFT_107206] [db_xref=InterPro:IPR001764,JGIDB:Mycgr3_107206] [protein=hypothetical protein] [frame=3] [partial=5'] [protein_id=EGP91259.1] [location=join(<2803000..2803065,2803121..2803813,2803867..2803988,2804232..2804288)] [gbkey=CDS]	53.787933614236806	0.7492197531493413	0.4791666666666667	0.532258064516129	0.5520833333333334	0.8561790999325312
lcl|CM001196.1_cds_EGP92351.1_893 [locus_tag=MYCGRDRAFT_66101] [db_xref=JGIDB:Mycgr3_66101] [protein=hypothetical protein] [protein_id=EGP92351.1] [location=complement(join(2808093..2808679,2808731..2808912,2808982..2810582))] [gbkey=CDS]	53.663243751759964	0.7526850856894974	0.45822454308093996	0.5380710659898477	0.5783289817232375	0.860170379648766
lcl|CM001196.1_cds_EGP92350.1_895 [locus_tag=MYCGRDRAFT_34913] [db_xref=InterPro:IPR003000,JGIDB:Mycgr3_34913] [protein=hypothetical protein] [protein_id=EGP92350.1] [location=complement(2812182..2813333)] [gbkey=CDS]	49.669319202921926	0.7811876729058616	0.5067385444743935	0.5828970331588132	0.6819407008086253	0.8573407110773054
lcl|CM001196.1_cds_EGP91261.1_896 [locus_tag=MYCGRDRAFT_89384] [db_xref=JGIDB:Mycgr3_89384] [protein=hypothetical protein] [protein_id=EGP91261.1] [location=join(2814555..2815670,2815722..2816264)] [gbkey=CDS]	53.31561766261114	0.7874142755507513	0.48608534322820035	0.573502722323049	0.6066790352504638	0.85488095991415
lcl|CM001196.1_cds_EGP92349.1_898 [locus_tag=MYCGRDRAFT_33312] [db_xref=JGIDB:Mycgr3_33312] [protein=hypothetical protein] [protein_id=EGP92349.1] [location=complement(join(2817585..2817910,2818106..2818560,2818606..2819024,2819079..2819567))] [gbkey=CDS]	53.839956230791984	0.7571286440359697	0.46210720887245843	0.5418894830659536	0.5711645101663586	0.8541644721424699
lcl|CM001196.1_cds_EGP91263.1_899 [locus_tag=MYCGRDRAFT_83759] [db_xref=JGIDB:Mycgr3_83759] [protein=hypothetical protein] [protein_id=EGP91263.1] [location=join(2824051..2824594,2824646..2825286,2825338..2826858)] [gbkey=CDS]	54.80456818652362	0.7553396880458442	0.46936416184971097	0.5544444444444444	0.608092485549133	0.8513140382560201
lcl|CM001196.1_cds_EGP91264.1_900 [locus_tag=MYCGRDRAFT_66104] [db_xref=InterPro:IPR001440,InterPro:IPR001623,JGIDB:Mycgr3_66104] [protein=hypothetical protein] [protein_id=EGP91264.1] [location=join(2827194..2827734,2827791..2829178)] [gbkey=CDS]	53.423590327428535	0.7787166836785339	0.5016129032258064	0.5527821112844514	0.5951612903225807	0.856974617634549
lcl|CM001196.1_cds_EGP91265.1_901 [locus_tag=MYCGRDRAFT_89387] [db_xref=JGIDB:Mycgr3_89387] [protein=hypothetical protein] [protein_id=EGP91265.1] [location=2829734..2830747] [gbkey=CDS]	56.340112958978715	0.7409112260245447	0.3588957055214724	0.5793650793650794	0.5245398773006135	0.8556791858648066
lcl|CM001196.1_cds_EGP91266.1_902 [gene=MgMEL1] [locus_tag=MYCGRDRAFT_107208] [db_xref=InterPro:IPR000111,JGIDB:Mycgr3_107208] [protein=putative alpha-galactosidase] [protein_id=EGP91266.1] [location=join(2831294..2831297,2831429..2831658,2831717..2831842,2831900..2833105)] [gbkey=CDS]	49.961846910799906	0.7860157817609322	0.5904572564612326	0.5596153846153846	0.679920477137177	0.8530784863803997
lcl|CM001196.1_cds_EGP91267.1_903 [locus_tag=MYCGRDRAFT_107209] [db_xref=JGIDB:Mycgr3_107209] [protein=hypothetical protein] [protein_id=EGP91267.1] [location=2833669..2835579] [gbkey=CDS]	54.55815260022002	0.7608040762530582	0.48776508972267535	0.5406824146981627	0.600326264274062	0.8567828432749799
lcl|CM001196.1_cds_EGP91268.1_904 [gene=MgXKS1] [locus_tag=MYCGRDRAFT_53056] [db_xref=InterPro:IPR000577,JGIDB:Mycgr3_53056] [protein=putative D-Xylulose kinase] [protein_id=EGP91268.1] [location=join(2835892..2835918,2835972..2836002,2836056..2836292,2836345..2837831)] [gbkey=CDS]	54.170174172457976	0.7607491821102241	0.5280701754385965	0.5523648648648649	0.6192982456140351	0.8562405472451834
lcl|CM001196.1_cds_EGP91269.1_906 [locus_tag=MYCGRDRAFT_66113] [db_xref=InterPro:IPR002198,JGIDB:Mycgr3_66113] [protein=hypothetical protein] [protein_id=EGP91269.1] [location=2840172..2840897] [gbkey=CDS]	55.56106485240111	0.7376773063876695	0.4935064935064935	0.5569444444444445	0.5974025974025974	0.8582385209254799
lcl|CM001196.1_cds_EGP91270.1_907 [locus_tag=MYCGRDRAFT_66114] [db_xref=InterPro:IPR001138,JGIDB:Mycgr3_66114] [protein=hypothetical protein] [protein_id=EGP91270.1] [location=join(2841191..2841216,2841302..2841323,2841383..2842168,2842226..2842633,2842676..2842749,2842804..2843494,2843537..2843674)] [gbkey=CDS]	56.19048836761547	0.7528427254209626	0.4243759177679883	0.5577372604020571	0.5682819383259912	0.856951391956151
lcl|CM001196.1_cds_EGP91271.1_908 [locus_tag=MYCGRDRAFT_107212] [db_xref=InterPro:IPR002300,InterPro:IPR010663,JGIDB:Mycgr3_107212] [protein=hypothetical protein] [protein_id=EGP91271.1] [location=2845762..2848983] [gbkey=CDS]	55.375227509744164	0.7624255122486988	0.4669902912621359	0.5513059701492538	0.5990291262135923	0.8576361987999153
lcl|CM001196.1_cds_EGP92345.1_911 [locus_tag=MYCGRDRAFT_66122] [db_xref=InterPro:IPR005101,InterPro:IPR006050,JGIDB:Mycgr3_66122] [protein=hypothetical protein] [protein_id=EGP92345.1] [location=complement(join(2851232..2852365,2852424..2852600,2852650..2853325,2853381..2853406))] [gbkey=CDS]	50.247462621825946	0.7784942065651659	0.5273010920436817	0.558046836073742	0.6708268330733229	0.8556827670314823
lcl|CM001196.1_cds_EGP91272.1_912 [locus_tag=MYCGRDRAFT_107215] [db_xref=JGIDB:Mycgr3_107215] [protein=hypothetical protein] [protein_id=EGP91272.1] [location=join(2854785..2855291,2855491..2855886)] [gbkey=CDS]	53.35598254640503	0.7740966091377772	0.4349315068493151	0.568561872909699	0.5513698630136986	0.8557780147970679
lcl|CM001196.1_cds_EGP91273.1_913 [locus_tag=MYCGRDRAFT_83763] [db_xref=JGIDB:Mycgr3_83763] [protein=hypothetical protein] [protein_id=EGP91273.1] [location=2856073..2856261] [gbkey=CDS]	52.94875603677709	0.7550376301651767	0.5084745762711864	0.5409836065573771	0.6779661016949152	0.8659386994875959
lcl|CM001196.1_cds_EGP92344.1_914 [locus_tag=MYCGRDRAFT_66126] [db_xref=InterPro:IPR000873,JGIDB:Mycgr3_66126] [protein=hypothetical protein] [protein_id=EGP92344.1] [location=complement(join(2856570..2856632,2856725..2857045,2857122..2857153,2857217..2857488,2857553..2857928,2857988..2858954))] [gbkey=CDS]	50.23378766747663	0.7807526310257435	0.49768160741885625	0.5491358024691358	0.6707882534775889	0.8552782059337061
lcl|CM001196.1_cds_EGP91274.1_915 [locus_tag=MYCGRDRAFT_66129] [db_xref=JGIDB:Mycgr3_66129] [protein=hypothetical protein] [protein_id=EGP91274.1] [location=join(2859537..2859715,2859774..2860558,2860633..2860808,2860941..2860979)] [gbkey=CDS]	46.225636545413856	0.8003583487381448	0.6084656084656085	0.5583972719522592	0.7116402116402116	0.8559100140015599
lcl|CM001196.1_cds_EGP92342.1_917 [locus_tag=MYCGRDRAFT_102437] [db_xref=JGIDB:Mycgr3_102437] [protein=hypothetical protein] [protein_id=EGP92342.1] [location=complement(2863089..2863250)] [gbkey=CDS]	54.015139032739654	0.7964379291644706	0.47058823529411764	0.5769230769230769	0.6078431372549019	0.8574625306019417
lcl|CM001196.1_cds_EGP91275.1_919 [locus_tag=MYCGRDRAFT_102441] [db_xref=JGIDB:Mycgr3_102441] [protein=hypothetical protein] [protein_id=EGP91275.1] [location=2867686..2868756] [gbkey=CDS]	49.66291496248801	0.8156393254180263	0.5375375375375375	0.5802816901408451	0.6666666666666666	0.8563925978134977
lcl|CM001196.1_cds_EGP91276.1_920 [locus_tag=MYCGRDRAFT_107220] [db_xref=JGIDB:Mycgr3_107220] [protein=hypothetical protein] [protein_id=EGP91276.1] [location=join(2870351..2871940,2872030..2872272)] [gbkey=CDS]	55.80547308020075	0.7678479079994243	0.4317032040472175	0.578544061302682	0.5733558178752108	0.8588519094559313
lcl|CM001196.1_cds_EGP92340.1_921 [locus_tag=MYCGRDRAFT_83768] [db_xref=InterPro:IPR004038,JGIDB:Mycgr3_83768] [protein=hypothetical protein] [protein_id=EGP92340.1] [location=complement(join(2873095..2873219,2873278..2873518))] [gbkey=CDS]	41.22154326493263	0.8971667549498975	0.7948717948717948	0.6111111111111112	0.811965811965812	0.8404826562100354
lcl|CM001196.1_cds_EGP91277.1_922 [locus_tag=MYCGRDRAFT_107221] [db_xref=JGIDB:Mycgr3_107221] [protein=hypothetical protein] [protein_id=EGP91277.1] [location=join(2874070..2875371,2875562..2876290,2876478..2876618)] [gbkey=CDS]	54.40935502491974	0.7442805773570578	0.44142857142857145	0.5581717451523546	0.5657142857142857	0.8591615943634963
lcl|CM001196.1_cds_EGP91278.1_923 [locus_tag=MYCGRDRAFT_66140] [db_xref=InterPro:IPR000073,JGIDB:Mycgr3_66140] [protein=hypothetical protein] [protein_id=EGP91278.1] [location=join(2877253..2877543,2877571..2877828,2877878..2878462)] [gbkey=CDS]	54.73948293977119	0.742572377489833	0.5	0.5221631205673759	0.5730337078651685	0.8541682816586167
lcl|CM001196.1_cds_EGP92339.1_924 [locus_tag=MYCGRDRAFT_98499] [db_xref=JGIDB:Mycgr3_98499] [protein=hypothetical protein] [protein_id=EGP92339.1] [location=complement(join(2878602..2879975,2880031..2880213))] [gbkey=CDS]	53.75762722291718	0.7570683851556578	0.4693069306930693	0.539651837524178	0.5900990099009901	0.8566977343589859
lcl|CM001196.1_cds_EGP91279.1_925 [locus_tag=MYCGRDRAFT_98500] [db_xref=InterPro:IPR000432,InterPro:IPR007695,InterPro:IPR007696,InterPro:IPR007860,InterPro:IPR007861,JGIDB:Mycgr3_98500] [protein=hypothetical protein] [protein_id=EGP91279.1] [location=join(2880439..2880715,2880774..2880980,2881064..2884179)] [gbkey=CDS]	51.193851230515094	0.8014362184446436	0.548526863084922	0.5609348914858097	0.6551126516464472	0.8536510997593131
lcl|CM001196.1_cds_EGP92338.1_926 [locus_tag=MYCGRDRAFT_53096] [db_xref=JGIDB:Mycgr3_53096] [protein=hypothetical protein] [protein_id=EGP92338.1] [location=complement(join(2884362..2884889,2884952..2885147,2885214..2885347))] [gbkey=CDS]	48.94902138759928	0.7902030556821469	0.5734767025089605	0.573943661971831	0.6881720430107527	0.8605633986263364
lcl|CM001196.1_cds_EGP91280.1_927 [locus_tag=MYCGRDRAFT_107224] [db_xref=JGIDB:Mycgr3_107224] [protein=hypothetical protein] [protein_id=EGP91280.1] [location=2886488..2889217] [gbkey=CDS]	55.72399660425036	0.7739912939722847	0.44329896907216493	0.5715859030837004	0.5429553264604811	0.8563584399501395
lcl|CM001196.1_cds_EGP91281.1_928 [locus_tag=MYCGRDRAFT_102447] [db_xref=JGIDB:Mycgr3_102447] [protein=hypothetical protein] [protein_id=EGP91281.1] [location=join(2891640..2891757,2891819..2891955,2892013..2892196,2892250..2892821)] [gbkey=CDS]	39.21974646390677	0.8933421885239042	0.7784615384615384	0.6159203980099502	0.7907692307692308	0.8524836221161259
lcl|CM001196.1_cds_EGP91282.1_929 [locus_tag=MYCGRDRAFT_66153] [db_xref=InterPro:IPR002220,JGIDB:Mycgr3_66153] [protein=hypothetical protein] [protein_id=EGP91282.1] [location=join(2893366..2893630,2893682..2893915,2893983..2894428)] [gbkey=CDS]	47.10286749516528	0.8124299953795617	0.5849673202614379	0.5793397231096912	0.7418300653594772	0.8553093080595379
lcl|CM001196.1_cds_EGP92337.1_930 [locus_tag=MYCGRDRAFT_66157] [db_xref=InterPro:IPR002198,JGIDB:Mycgr3_66157] [protein=hypothetical protein] [protein_id=EGP92337.1] [location=complement(join(2894633..2895113,2895181..2895710))] [gbkey=CDS]	48.202946385594224	0.8065557841084752	0.5592705167173252	0.57114427860696515	0.729483282674772	0.8552811711500505
lcl|CM001196.1_cds_EGP92336.1_931 [locus_tag=MYCGRDRAFT_66160] [db_xref=InterPro:IPR003689,JGIDB:Mycgr3_66160] [protein=hypothetical protein] [protein_id=EGP92336.1] [location=complement(join(2896318..2896320,2896377..2896465,2896519..2897311,2897366..2897584))] [gbkey=CDS]	51.32698571275848	0.7900328379679575	0.5673352435530086	0.5655737704918032	0.667621776504298	0.855980349759932
lcl|CM001196.1_cds_EGP91283.1_932 [locus_tag=MYCGRDRAFT_66163] [db_xref=JGIDB:Mycgr3_66163] [protein=hypothetical protein] [protein_id=EGP91283.1] [location=2898451..2899494] [gbkey=CDS]	52.82632334868401	0.7493330297641112	0.41916167664670656	0.5404624277456648	0.562874251497006	0.8579857610668378
lcl|CM001196.1_cds_EGP92335.1_933 [locus_tag=MYCGRDRAFT_89415] [db_xref=JGIDB:Mycgr3_89415] [protein=hypothetical protein] [protein_id=EGP92335.1] [location=complement(join(2903799..2903926,2904061..2904797,2904924..2904946))] [gbkey=CDS]	54.44485482596137	0.7499076329935188	0.352112676056338	0.5691609977324263	0.5	0.8585360819933624
lcl|CM001196.1_cds_EGP92334.1_935 [locus_tag=MYCGRDRAFT_89417] [db_xref=JGIDB:Mycgr3_89417] [protein=hypothetical protein] [protein_id=EGP92334.1] [location=complement(2911884..2912288)] [gbkey=CDS]	53.89112487435118	0.7592025691692161	0.4375	0.5488721804511278	0.5546875	0.8619648536050503
lcl|CM001196.1_cds_EGP91285.1_936 [locus_tag=MYCGRDRAFT_66166] [db_xref=InterPro:IPR002086,JGIDB:Mycgr3_66166] [protein=hypothetical protein] [protein_id=EGP91285.1] [location=join(2913312..2913911,2913964..2914172,2914225..2915008)] [gbkey=CDS]	52.97796180593674	0.7696507119732519	0.49514563106796117	0.5349716446124764	0.5922330097087378	0.8569104257969264
lcl|CM001196.1_cds_EGP92333.1_938 [locus_tag=MYCGRDRAFT_107230] [db_xref=InterPro:IPR002715,JGIDB:Mycgr3_107230] [protein=hypothetical protein] [protein_id=EGP92333.1] [location=complement(join(2919546..2919796,2919853..2920025,2920217..2920239))] [gbkey=CDS]	44.3369157653931	0.8683945574310639	0.6758620689655173	0.5668934240362812	0.7655172413793103	0.8585360819933623
lcl|CM001196.1_cds_EGP92332.1_939 [locus_tag=MYCGRDRAFT_32521] [db_xref=InterPro:IPR002198,JGIDB:Mycgr3_32521] [protein=hypothetical protein] [protein_id=EGP92332.1] [location=complement(join(2920657..2921258,2921321..2921563,2921623..2921683))] [gbkey=CDS]	49.81372017029293	0.8071032885791382	0.5644599303135889	0.5388888888888889	0.6724738675958188	0.8598098924292219
lcl|CM001196.1_cds_EGP92331.1_940 [gene=CYP-33] [locus_tag=MYCGRDRAFT_83782] [db_xref=InterPro:IPR001128,JGIDB:Mycgr3_83782] [protein=putative P450 monooxygenase] [protein_id=EGP92331.1] [location=complement(join(2922427..2922646,2922705..2923000,2923052..2923735,2923787..2923906))] [gbkey=CDS]	55.00718946744726	0.7358491879083217	0.4373522458628842	0.5350076103500762	0.607565011820331	0.8585611708864587
lcl|CM001196.1_cds_EGP92330.1_941 [locus_tag=MYCGRDRAFT_33139] [db_xref=InterPro:IPR001248,JGIDB:Mycgr3_33139] [protein=hypothetical protein] [protein_id=EGP92330.1] [location=complement(join(2924621..2925031,2925085..2925548,2925611..2926114,2926226..2926329,2926410..2926475,2926531..2926658))] [gbkey=CDS]	49.766361421567645	0.7870697064217309	0.5801526717557252	0.5451825254338719	0.666030534351145	0.8551216390143727
lcl|CM001196.1_cds_EGP91287.1_943 [locus_tag=MYCGRDRAFT_66175] [db_xref=InterPro:IPR000008,InterPro:IPR003817,JGIDB:Mycgr3_66175] [protein=hypothetical protein] [protein_id=EGP91287.1] [location=join(2931335..2933749,2933802..2933964,2934016..2934767,2934820..2934972)] [gbkey=CDS]	53.84111906545147	0.7720240444199431	0.5129118432769367	0.5389703767615761	0.6064113980409617	0.8574290696756449
lcl|CM001196.1_cds_EGP91288.1_944 [locus_tag=MYCGRDRAFT_32359] [db_xref=InterPro:IPR001683,JGIDB:Mycgr3_32359] [protein=hypothetical protein] [protein_id=EGP91288.1] [location=2936084..2938858] [gbkey=CDS]	52.2959082835098	0.7879297954075805	0.518058690744921	0.5474900686168291	0.654627539503386	0.8595406996406586
lcl|CM001196.1_cds_EGP92328.1_945 [locus_tag=MYCGRDRAFT_107234] [db_xref=InterPro:IPR001810,JGIDB:Mycgr3_107234] [protein=hypothetical protein] [protein_id=EGP92328.1] [location=complement(join(2938900..2938925,2939163..2940594))] [gbkey=CDS]	52.72350324591434	0.7823708623522687	0.5192307692307693	0.5564738292011019	0.6153846153846154	0.8510125663018306
lcl|CM001196.1_cds_EGP92327.1_946 [locus_tag=MYCGRDRAFT_33861] [db_xref=JGIDB:Mycgr3_33861] [protein=hypothetical protein] [protein_id=EGP92327.1] [location=complement(join(2941108..2941830,2941893..2941949,2942010..2942126))] [gbkey=CDS]	51.43882039292721	0.7766839963520369	0.5263157894736842	0.5432098765432098	0.6736842105263158	0.852177377531334
lcl|CM001196.1_cds_EGP92326.1_947 [locus_tag=MYCGRDRAFT_83788] [db_xref=JGIDB:Mycgr3_83788] [protein=hypothetical protein] [protein_id=EGP92326.1] [location=complement(join(2946357..2946558,2946617..2946693))] [gbkey=CDS]	54.22506257858592	0.725259216203373	0.40229885057471265	0.5384615384615384	0.5287356321839081	0.85488095991415
lcl|CM001196.1_cds_EGP91289.1_948 [locus_tag=MYCGRDRAFT_89428] [db_xref=InterPro:IPR000008,InterPro:IPR000909,InterPro:IPR001711,JGIDB:Mycgr3_89428] [protein=phosphoinositide phospholipase C] [protein_id=EGP91289.1] [location=join(2947156..2948084,2948148..2948789,2949117..2949291)] [gbkey=CDS]	53.29690813691108	0.7660985003800667	0.49376114081996436	0.532183908045977	0.5864527629233511	0.8553432896834091
lcl|CM001196.1_cds_EGP91290.1_949 [locus_tag=MYCGRDRAFT_89429] [db_xref=JGIDB:Mycgr3_89429] [protein=hypothetical protein] [protein_id=EGP91290.1] [location=join(2951153..2951305,2951355..2951740,2952486..2952544,2952621..2952946,2952999..2953355)] [gbkey=CDS]	55.26503192270592	0.7731318485315062	0.4718826405867971	0.5662745098039216	0.5647921760391198	0.8586739914167061
lcl|CM001196.1_cds_EGP92325.1_950 [locus_tag=MYCGRDRAFT_53126] [db_xref=InterPro:IPR003959,JGIDB:Mycgr3_53126] [protein=hypothetical protein] [protein_id=EGP92325.1] [location=complement(join(2953630..2954851,2954911..2955005))] [gbkey=CDS]	51.472381224546474	0.7916852852148333	0.5584725536992841	0.5484363081617086	0.6515513126491647	0.8564159678616428
lcl|CM001196.1_cds_EGP91291.1_951 [locus_tag=MYCGRDRAFT_66188] [db_xref=InterPro:IPR002423,JGIDB:Mycgr3_66188] [protein=hypothetical protein] [protein_id=EGP91291.1] [location=2955452..2957077] [gbkey=CDS]	50.41660907625833	0.782743202318404	0.5391969407265774	0.5432098765432098	0.6233269598470363	0.8541366208628254
lcl|CM001196.1_cds_EGP92324.1_952 [locus_tag=MYCGRDRAFT_34521] [db_xref=InterPro:IPR004582,JGIDB:Mycgr3_34521] [protein=hypothetical protein] [protein_id=EGP92324.1] [location=complement(2959039..2961129)] [gbkey=CDS]	55.00270033941947	0.7392700303593457	0.4258160237388724	0.5410071942446043	0.5534124629080118	0.8614634958908799
lcl|CM001196.1_cds_EGP91292.1_953 [locus_tag=MYCGRDRAFT_98514] [db_xref=InterPro:IPR005123,JGIDB:Mycgr3_98514] [protein=hypothetical protein] [protein_id=EGP91292.1] [location=2961836..2962813] [gbkey=CDS]	53.003586335337964	0.7684257749863876	0.49842271293375395	0.5246913580246914	0.6246056782334385	0.8594438137537747
lcl|CM001196.1_cds_EGP91293.1_954 [locus_tag=MYCGRDRAFT_83794] [db_xref=JGIDB:Mycgr3_83794] [protein=hypothetical protein] [protein_id=EGP91293.1] [location=join(2963609..2963886,2963937..2964297,2964376..2964681,2964744..2964843,2964899..2965164,2966399..2966869)] [gbkey=CDS]	50.86041641018304	0.7925921246803292	0.5416666666666666	0.5332207207207207	0.625	0.8560137992922949
lcl|CM001196.1_cds_EGP92323.1_955 [locus_tag=MYCGRDRAFT_66192] [db_xref=JGIDB:Mycgr3_66192] [protein=hypothetical protein] [protein_id=EGP92323.1] [location=complement(join(2967351..2967554,2967684..2968202))] [gbkey=CDS]	52.096909679998134	0.7574368849022374	0.3948497854077253	0.5411436541143654	0.5536480686695279	0.860507739367538
lcl|CM001196.1_cds_EGP91294.1_956 [locus_tag=MYCGRDRAFT_107239] [db_xref=InterPro:IPR001047,JGIDB:Mycgr3_107239] [protein=hypothetical protein] [protein_id=EGP91294.1] [location=join(2968436..2969205,2969260..2969275)] [gbkey=CDS]	49.92875280190393	0.8086529408867484	0.5816733067729084	0.5307692307692308	0.6414342629482072	0.8564289681431037
lcl|CM001196.1_cds_EGP92322.1_957 [gene=GCH] [locus_tag=MYCGRDRAFT_66199] [db_xref=InterPro:IPR002860,JGIDB:Mycgr3_66199] [protein=glycosyl hydrolase] [protein_id=EGP92322.1] [location=complement(join(2969921..2973805,2973884..2974342))] [gbkey=CDS]	51.169771095620675	0.7937510584148372	0.5578034682080925	0.5444905486399262	0.6589595375722543	0.8539544955532031
lcl|CM001196.1_cds_EGP92321.1_958 [locus_tag=MYCGRDRAFT_78594] [db_xref=JGIDB:Mycgr3_78594] [protein=hypothetical protein] [protein_id=EGP92321.1] [location=complement(join(2975782..2975933,2975991..2976257,2976312..2976519))] [gbkey=CDS]	44.85699632305649	0.8373195003720713	0.635	0.6183574879227053	0.69	0.8561770079461414
lcl|CM001196.1_cds_EGP91295.1_959 [locus_tag=MYCGRDRAFT_107242] [db_xref=JGIDB:Mycgr3_107242] [protein=hypothetical protein] [protein_id=EGP91295.1] [location=join(2978549..2978625,2978689..2978825,2978884..2979374)] [gbkey=CDS]	38.21969221666118	0.9091392134974211	0.7601809954751131	0.6208869814020028	0.8235294117647058	0.8560322872198738
lcl|CM001196.1_cds_EGP92320.1_960 [locus_tag=MYCGRDRAFT_66201] [db_xref=InterPro:IPR000198,InterPro:IPR001781,JGIDB:Mycgr3_66201] [protein=GTPase-activating protein-like protein of the rho/rac family] [protein_id=EGP92320.1] [location=complement(join(2980516..2980929,2980983..2983019,2983065..2983778,2983838..2984164))] [gbkey=CDS]	55.25375280997429	0.7633761502898645	0.4862466725820763	0.5479059093516925	0.6104702750665484	0.8536130256492348
lcl|CM001196.1_cds_EGP91296.1_961 [locus_tag=MYCGRDRAFT_98518] [db_xref=InterPro:IPR005574,JGIDB:Mycgr3_98518] [protein=hypothetical protein] [protein_id=EGP91296.1] [location=join(2984827..2985178,2985235..2985362)] [gbkey=CDS]	51.09964785499916	0.8230843840798877	0.5833333333333334	0.5759493670886076	0.6858974358974359	0.8514942836607804
lcl|CM001196.1_cds_EGP92319.1_962 [locus_tag=MYCGRDRAFT_66207] [db_xref=InterPro:IPR000719,InterPro:IPR001789,JGIDB:Mycgr3_66207] [protein=hypothetical protein] [protein_id=EGP92319.1] [location=complement(2986196..2992072)] [gbkey=CDS]	55.59415050313961	0.77225279705281	0.47832980972515854	0.5673650144779424	0.6014799154334038	0.8567322531160443
lcl|CM001196.1_cds_EGP92318.1_963 [locus_tag=MYCGRDRAFT_66209] [db_xref=JGIDB:Mycgr3_66209] [protein=hypothetical protein] [protein_id=EGP92318.1] [location=complement(2993915..2995573)] [gbkey=CDS]	54.93473057706315	0.7478147007558262	0.4478178368121442	0.5232909860859044	0.5939278937381404	0.8575610748456036
lcl|CM001196.1_cds_EGP91297.1_964 [locus_tag=MYCGRDRAFT_102469] [db_xref=InterPro:IPR008688,JGIDB:Mycgr3_102469] [protein=hypothetical protein] [protein_id=EGP91297.1] [location=join(2995781..2995814,2995881..2996338,2996394..2996616,2996671..2996690)] [gbkey=CDS]	43.15874370587889	0.857509753632965	0.6764705882352942	0.598079561042524	0.7436974789915967	0.855432740343451
lcl|CM001196.1_cds_EGP91298.1_965 [locus_tag=MYCGRDRAFT_66216] [db_xref=InterPro:IPR005123,JGIDB:Mycgr3_66216] [protein=hypothetical protein] [protein_id=EGP91298.1] [location=join(2997031..2998050,2998104..2998208)] [gbkey=CDS]	54.5307651921564	0.7571876570016319	0.4684931506849315	0.550491510277033	0.5780821917808219	0.8555999719862857
lcl|CM001196.1_cds_EGP92317.1_966 [locus_tag=MYCGRDRAFT_102471] [db_xref=InterPro:IPR001395,JGIDB:Mycgr3_102471] [protein=hypothetical protein] [protein_id=EGP92317.1] [location=complement(join(2998331..2999185,2999247..2999342))] [gbkey=CDS]	49.33114904688448	0.7945750248470613	0.5663430420711975	0.5470899470899471	0.6957928802588996	0.85488095991415
lcl|CM001196.1_cds_EGP91299.1_967 [locus_tag=MYCGRDRAFT_31931] [db_xref=InterPro:IPR002495,JGIDB:Mycgr3_31931] [protein=hypothetical protein] [protein_id=EGP91299.1] [location=join(3000354..3000748,3000800..3001091,3001155..3001541)] [gbkey=CDS]	53.04231484757027	0.7613172953380704	0.5014925373134328	0.5383895131086143	0.6298507462686567	0.8620647633692535
lcl|CM001196.1_cds_EGP91300.1_968 [locus_tag=MYCGRDRAFT_83802] [db_xref=InterPro:IPR000757,JGIDB:Mycgr3_83802] [protein=hypothetical protein] [protein_id=EGP91300.1] [location=join(3002789..3003072,3003126..3003268,3003322..3003710,3003834..3004142)] [gbkey=CDS]	47.91725347298646	0.81260853165054	0.5769230769230769	0.5612153708668454	0.6373626373626373	0.853803574576724
lcl|CM001196.1_cds_EGP91301.1_969 [locus_tag=MYCGRDRAFT_102473] [db_xref=JGIDB:Mycgr3_102473] [protein=hypothetical protein] [protein_id=EGP91301.1] [location=3004868..3005374] [gbkey=CDS]	48.141145632448776	0.8111918915643433	0.5414012738853503	0.592814371257485	0.7452229299363057	0.8589035497833724
lcl|CM001196.1_cds_EGP92316.1_970 [locus_tag=MYCGRDRAFT_66222] [db_xref=JGIDB:Mycgr3_66222] [protein=hypothetical protein] [protein_id=EGP92316.1] [location=complement(join(3008601..3008839,3008902..3009331))] [gbkey=CDS]	51.31240566886846	0.7772415587583485	0.44339622641509435	0.5460030165912518	0.6037735849056604	0.8554876881995283
lcl|CM001196.1_cds_EGP92315.1_971 [locus_tag=MYCGRDRAFT_83804] [db_xref=InterPro:IPR001289,JGIDB:Mycgr3_83804] [protein=hypothetical protein] [protein_id=EGP92315.1] [location=complement(join(3009807..3010340,3010419..3010784))] [gbkey=CDS]	53.4955748470664	0.8123775390440583	0.44642857142857145	0.5883668903803132	0.5785714285714286	0.8584869166243791
lcl|CM001196.1_cds_EGP92314.1_972 [locus_tag=MYCGRDRAFT_66225] [db_xref=InterPro:IPR005128,JGIDB:Mycgr3_66225] [protein=hypothetical protein] [protein_id=EGP92314.1] [location=complement(join(3012705..3013014,3013066..3013352,3013409..3013516))] [gbkey=CDS]	53.0036467719516	0.7656761397739509	0.5198237885462555	0.5107296137339056	0.6211453744493393	0.8560322872198738
lcl|CM001196.1_cds_EGP91302.1_973 [locus_tag=MYCGRDRAFT_89451] [db_xref=JGIDB:Mycgr3_89451] [protein=hypothetical protein] [protein_id=EGP91302.1] [location=join(3013790..3014041,3014101..3014352,3014408..3014815)] [gbkey=CDS]	52.12071169398015	0.7495239318255031	0.42857142857142855	0.5408388520971302	0.5680272108843537	0.8602236541543115
lcl|CM001196.1_cds_EGP91303.1_974 [locus_tag=MYCGRDRAFT_98525] [db_xref=InterPro:IPR003674,JGIDB:Mycgr3_98525] [protein=hypothetical protein] [protein_id=EGP91303.1] [location=join(3015228..3015399,3015462..3017207,3017261..3017631)] [gbkey=CDS]	50.06398596946089	0.794490724423937	0.5626740947075209	0.5466491458607096	0.6601671309192201	0.856644134297608
lcl|CM001196.1_cds_EGP91304.1_975 [locus_tag=MYCGRDRAFT_102480] [db_xref=InterPro:IPR002125,JGIDB:Mycgr3_102480] [protein=hypothetical protein] [protein_id=EGP91304.1] [location=join(3017864..3017987,3018050..3018189,3018261..3018365,3018420..3018554)] [gbkey=CDS]	53.73066362470762	0.7441642727636454	0.4382716049382716	0.5602409638554217	0.5864197530864198	0.8508531473762512
lcl|CM001196.1_cds_EGP91305.1_976 [locus_tag=MYCGRDRAFT_89454] [db_xref=InterPro:IPR001623,JGIDB:Mycgr3_89454] [protein=hypothetical protein] [protein_id=EGP91305.1] [location=3018840..3019634] [gbkey=CDS]	51.731880716732874	0.7873580424630479	0.5447470817120622	0.5994930291508238	0.6459143968871596	0.85488095991415
lcl|CM001196.1_cds_EGP92313.1_977 [locus_tag=MYCGRDRAFT_33628] [db_xref=InterPro:IPR005828,JGIDB:Mycgr3_33628] [protein=hypothetical protein] [protein_id=EGP92313.1] [location=complement(join(3019858..3021302,3021352..3021611,3021663..3021988))] [gbkey=CDS]	45.72339805142216	0.8158699835956464	0.6313291139240507	0.5565432098765432	0.6867088607594937	0.8546824060996716
lcl|CM001196.1_cds_EGP92312.1_978 [locus_tag=MYCGRDRAFT_102481] [db_xref=JGIDB:Mycgr3_102481] [protein=hypothetical protein] [protein_id=EGP92312.1] [location=complement(join(3024893..3025420,3025490..3025499,3025561..3025640))] [gbkey=CDS]	41.73382455553177	0.8938834257581127	0.5422885572139303	0.7009803921568627	0.6567164179104478	0.85488095991415
lcl|CM001196.1_cds_EGP92311.1_979 [locus_tag=MYCGRDRAFT_98528] [db_xref=InterPro:IPR001993,JGIDB:Mycgr3_98528] [protein=hypothetical protein] [protein_id=EGP92311.1] [location=complement(join(3027373..3028302,3028391..3028423))] [gbkey=CDS]	47.81301516851671	0.747934609182442	0.4391025641025641	0.5736677115987461	0.6506410256410257	0.8590931650247603
lcl|CM001196.1_cds_EGP91306.1_980 [locus_tag=MYCGRDRAFT_34825] [db_xref=InterPro:IPR004994,JGIDB:Mycgr3_34825] [protein=hypothetical protein] [protein_id=EGP91306.1] [location=join(3028805..3029744,3029823..3030196)] [gbkey=CDS]	52.808820217494784	0.7592532673881023	0.45584725536992843	0.5298165137614679	0.548926014319809	0.8564194916882476
lcl|CM001196.1_cds_EGP92310.1_981 [locus_tag=MYCGRDRAFT_102488] [db_xref=InterPro:IPR001950,JGIDB:Mycgr3_102488] [protein=hypothetical protein] [protein_id=EGP92310.1] [location=complement(3034327..3034914)] [gbkey=CDS]	49.99988418626979	0.8012790213535194	0.5364583333333334	0.5601374570446735	0.6979166666666666	0.8535002267444401
lcl|CM001196.1_cds_EGP91308.1_983 [locus_tag=MYCGRDRAFT_66245] [db_xref=InterPro:IPR002198,JGIDB:Mycgr3_66245] [protein=hypothetical protein] [protein_id=EGP91308.1] [location=join(3037259..3037563,3037654..3037786,3037841..3038248)] [gbkey=CDS]	52.70753894922072	0.775579111268894	0.47619047619047616	0.5666666666666667	0.6190476190476191	0.854402381810782
lcl|CM001196.1_cds_EGP92309.1_984 [locus_tag=MYCGRDRAFT_66246] [db_xref=InterPro:IPR009976,JGIDB:Mycgr3_66246] [protein=hypothetical protein] [protein_id=EGP92309.1] [location=complement(join(3040434..3042286,3042359..3043043))] [gbkey=CDS]	53.6960984185749	0.7613198935262011	0.47762998790810157	0.5359399684044234	0.599758162031439	0.8609372605928394
lcl|CM001196.1_cds_EGP91309.1_985 [gene=MgSCP1] [locus_tag=MYCGRDRAFT_66250] [db_xref=InterPro:IPR008758,JGIDB:Mycgr3_66250] [protein=serine carboxypeptidase] [protein_id=EGP91309.1] [location=join(3043546..3043656,3043713..3044200,3044314..3044392,3044453..3045237,3045294..3045513)] [gbkey=CDS]	53.569093996285766	0.7815735837014849	0.5074349442379182	0.5390578413834228	0.6171003717472119	0.85488095991415
lcl|CM001196.1_cds_EGP91310.1_986 [locus_tag=MYCGRDRAFT_33116] [db_xref=JGIDB:Mycgr3_33116] [protein=hypothetical protein] [protein_id=EGP91310.1] [location=join(3046041..3046542,3046603..3047120)] [gbkey=CDS]	49.82626278362447	0.7864820553626751	0.5438066465256798	0.5690335305719921	0.6827794561933535	0.8604509546370208
lcl|CM001196.1_cds_EGP92308.1_987 [locus_tag=MYCGRDRAFT_66253] [db_xref=InterPro:IPR001611,JGIDB:Mycgr3_66253] [protein=hypothetical protein] [protein_id=EGP92308.1] [location=complement(3047384..3048652)] [gbkey=CDS]	50.098892502282176	0.7967323502326005	0.5228915662650603	0.5740300870942201	0.6746987951807228	0.8583903604148181
lcl|CM001196.1_cds_EGP92307.1_988 [locus_tag=MYCGRDRAFT_53203] [db_xref=InterPro:IPR004856,JGIDB:Mycgr3_53203] [protein=hypothetical protein] [protein_id=EGP92307.1] [location=complement(3049439..3051214)] [gbkey=CDS]	49.74514782832412	0.7909698466550249	0.5553539019963702	0.5627118644067797	0.6515426497277677	0.8553354515029936
lcl|CM001196.1_cds_EGP91311.1_989 [locus_tag=MYCGRDRAFT_102491] [db_xref=InterPro:IPR000504,JGIDB:Mycgr3_102491] [protein=hypothetical protein] [protein_id=EGP91311.1] [location=join(3052172..3052738,3052793..3053743)] [gbkey=CDS]	39.99185252635415	0.8565651434213385	0.7584830339321357	0.6276455026455027	0.7005988023952096	0.85488095991415
lcl|CM001196.1_cds_EGP91312.1_990 [locus_tag=MYCGRDRAFT_89466] [db_xref=JGIDB:Mycgr3_89466] [protein=hypothetical protein] [protein_id=EGP91312.1] [location=join(3054875..3054880,3055002..3056261,3056355..3056411)] [gbkey=CDS]	54.379896353299785	0.7661693511379597	0.4592074592074592	0.574791192103265	0.5944055944055944	0.8579397080641525
lcl|CM001196.1_cds_EGP92306.1_991 [locus_tag=MYCGRDRAFT_98537] [db_xref=InterPro:IPR003959,JGIDB:Mycgr3_98537] [protein=hypothetical protein] [protein_id=EGP92306.1] [location=complement(join(3057033..3057073,3057420..3057874,3057933..3060919,3060974..3061525))] [gbkey=CDS]	53.928178049066965	0.7732479767406846	0.4881949733434882	0.557458426408538	0.6039603960396039	0.8569794562782007
lcl|CM001196.1_cds_EGP91313.1_992 [locus_tag=MYCGRDRAFT_66265] [db_xref=InterPro:IPR006693,JGIDB:Mycgr3_66265] [protein=hypothetical protein] [protein_id=EGP91313.1] [location=join(3062564..3064174,3064241..3064732)] [gbkey=CDS]	54.10365963147247	0.7462271475982271	0.43007518796992483	0.547925608011445	0.5729323308270676	0.8562243257978651
lcl|CM001196.1_cds_EGP91314.1_993 [gene=CYP-69] [locus_tag=MYCGRDRAFT_53213] [db_xref=InterPro:IPR001128,JGIDB:Mycgr3_53213] [protein=putative P450 monooxygenase] [protein_id=EGP91314.1] [location=join(3066516..3067795,3067847..3067937,3067994..3068110,3068163..3068189)] [gbkey=CDS]	52.19633486834319	0.762689844083685	0.5010309278350515	0.5407554671968191	0.5917525773195876	0.8575499165647328
lcl|CM001196.1_cds_EGP91315.1_994 [locus_tag=MYCGRDRAFT_107267] [db_xref=JGIDB:Mycgr3_107267] [protein=hypothetical protein] [protein_id=EGP91315.1] [location=join(3068879..3068980,3069033..3072890)] [gbkey=CDS]	54.04448445120774	0.7848387959908741	0.4633956386292835	0.563732928679818	0.5903426791277259	0.8581415328235354
lcl|CM001196.1_cds_EGP92305.1_995 [locus_tag=MYCGRDRAFT_34626] [db_xref=InterPro:IPR000445,InterPro:IPR003265,JGIDB:Mycgr3_34626] [protein=hypothetical protein] [protein_id=EGP92305.1] [location=complement(join(3073326..3073713,3073770..3074605))] [gbkey=CDS]	54.53732366474195	0.7576169196516758	0.44642857142857145	0.5336617405582923	0.5790816326530612	0.8525730568416272
lcl|CM001196.1_cds_EGP91316.1_996 [locus_tag=MYCGRDRAFT_89472] [db_xref=JGIDB:Mycgr3_89472] [protein=hypothetical protein] [protein_id=EGP91316.1] [location=join(3074784..3075110,3075168..3075287)] [gbkey=CDS]	52.30663717772532	0.7611247799360475	0.4931506849315068	0.5374149659863946	0.5821917808219178	0.8585360819933623
lcl|CM001196.1_cds_EGP92304.1_997 [gene=Ste2] [locus_tag=MYCGRDRAFT_66270] [db_xref=InterPro:IPR000366,JGIDB:Mycgr3_66270] [protein=pheremone receptor] [protein_id=EGP92304.1] [location=complement(join(3075802..3076262,3076319..3077126))] [gbkey=CDS]	42.60696536881263	0.8598271792257742	0.7010050251256281	0.5471100554235946	0.7939698492462312	0.8532905244272885
lcl|CM001196.1_cds_EGP91317.1_998 [locus_tag=MYCGRDRAFT_89474] [db_xref=JGIDB:Mycgr3_89474] [protein=hypothetical protein] [protein_id=EGP91317.1] [location=3078813..3080654] [gbkey=CDS]	54.85555876447257	0.7842906573737058	0.5074626865671642	0.5446623093681917	0.5970149253731343	0.8566349056341677
lcl|CM001196.1_cds_EGP92303.1_999 [locus_tag=MYCGRDRAFT_32046] [db_xref=JGIDB:Mycgr3_32046] [protein=hypothetical protein] [protein_id=EGP92303.1] [location=complement(join(3081362..3081741,3081798..3081838,3081896..3082301,3082352..3082535,3082591..3082613,3082663..3082857,3082917..3082995,3083057..3083108,3083160..3083214,3083262..3083349,3083404..3083429,3083487..3083712))] [gbkey=CDS]	51.76672719757894	0.7891749510463201	0.5875	0.5500285877644369	0.6535714285714286	0.8539618016323635
lcl|CM001196.1_cds_EGP92302.1_1000 [locus_tag=MYCGRDRAFT_89476] [db_xref=JGIDB:Mycgr3_89476] [protein=hypothetical protein] [protein_id=EGP92302.1] [location=complement(join(3084312..3084395,3084775..3085287,3085344..3085787))] [gbkey=CDS]	55.01083615407829	0.7390595705317826	0.46273291925465837	0.527536231884058	0.5496894409937888	0.8564364532431615
lcl|CM001196.1_cds_EGP91318.1_1001 [locus_tag=MYCGRDRAFT_66273] [db_xref=InterPro:IPR000008,InterPro:IPR000909,InterPro:IPR001711,JGIDB:Mycgr3_66273] [protein=phosphoinositide phospholipase C] [protein_id=EGP91318.1] [location=3091386..3094613] [gbkey=CDS]	52.15307907163234	0.7853467358974704	0.5444874274661509	0.5490378646803228	0.6353965183752418	0.8561299103876714
lcl|CM001196.1_cds_EGP91319.1_1002 [locus_tag=MYCGRDRAFT_89478] [db_xref=InterPro:IPR002198,JGIDB:Mycgr3_89478] [protein=hypothetical protein] [protein_id=EGP91319.1] [location=join(3095314..3095347,3095402..3095439,3095563..3095577,3095682..3096021,3096113..3096312,3096391..3096468)] [gbkey=CDS]	52.08428162987632	0.750243262081154	0.4889867841409692	0.5836909871244635	0.6519823788546255	0.8566085322068225
lcl|CM001196.1_cds_EGP92301.1_1003 [gene=MgGlo1] [locus_tag=MYCGRDRAFT_102499] [db_xref=InterPro:IPR004360,JGIDB:Mycgr3_102499] [protein=monomeric glyoxalase I] [protein_id=EGP92301.1] [location=complement(join(3097448..3097986,3098043..3098428,3098529..3098535,3098593..3098629))] [gbkey=CDS]	43.8614600204143	0.8554824234833314	0.7045454545454546	0.5410176531671859	0.7662337662337663	0.8569713525015474
lcl|CM001196.1_cds_EGP91320.1_1004 [locus_tag=MYCGRDRAFT_66280] [db_xref=InterPro:IPR004820,JGIDB:Mycgr3_66280] [protein=hypothetical protein] [protein_id=EGP91320.1] [location=join(3099426..3099974,3100032..3100304)] [gbkey=CDS]	51.33197373769689	0.7796778862540185	0.5637065637065637	0.5477941176470589	0.667953667953668	0.8593276114845703
lcl|CM001196.1_cds_EGP91322.1_1006 [gene=CYP-53] [locus_tag=MYCGRDRAFT_66283] [db_xref=InterPro:IPR001128,JGIDB:Mycgr3_66283] [protein=putative P450 monooxygenase] [protein_id=EGP91322.1] [location=join(3103184..3103538,3103654..3103860,3103909..3104687,3104751..3104838,3104891..3105099)] [gbkey=CDS]	49.65289176263916	0.8047077012634416	0.5752380952380952	0.5661764705882353	0.7047619047619048	0.8551273913658882
lcl|CM001196.1_cds_EGP92300.1_1007 [locus_tag=MYCGRDRAFT_102502] [db_xref=JGIDB:Mycgr3_102502] [protein=hypothetical protein] [protein_id=EGP92300.1] [location=complement(3107553..3108986)] [gbkey=CDS]	49.440778972190735	0.7751065132797103	0.4967462039045553	0.5602240896358543	0.5639913232104121	0.8568544017204343
lcl|CM001196.1_cds_EGP92299.1_1009 [locus_tag=MYCGRDRAFT_33213] [db_xref=InterPro:IPR007512,JGIDB:Mycgr3_33213] [protein=hypothetical protein] [protein_id=EGP92299.1] [location=complement(join(3112570..3112626,3112787..3112939,3113024..3113113))] [gbkey=CDS]	47.117385627273954	0.8143151547344806	0.5473684210526316	0.6020408163265306	0.6	0.8535143045905998
lcl|CM001196.1_cds_EGP91324.1_1010 [locus_tag=MYCGRDRAFT_107276] [db_xref=JGIDB:Mycgr3_107276] [protein=hypothetical protein] [protein_id=EGP91324.1] [location=3113356..3117438] [gbkey=CDS]	55.94085117588792	0.7395546889321984	0.4370257966616085	0.5312729948491538	0.5508345978755691	0.8600251824419823
lcl|CM001196.1_cds_EGP92298.1_1011 [locus_tag=MYCGRDRAFT_98544] [db_xref=JGIDB:Mycgr3_98544] [protein=hypothetical protein] [protein_id=EGP92298.1] [location=complement(join(3118030..3118255,3118310..3118455,3118522..3118572))] [gbkey=CDS]	51.8903648209843	0.82390012987411	0.5746268656716418	0.5611510791366906	0.6343283582089553	0.8510324001815174
lcl|CM001196.1_cds_EGP91325.1_1012 [locus_tag=MYCGRDRAFT_89487] [db_xref=InterPro:IPR003014,JGIDB:Mycgr3_89487] [protein=hypothetical protein] [protein_id=EGP91325.1] [location=join(3119603..3119892,3119948..3120197,3120251..3120794,3122674..3122705)] [gbkey=CDS]	54.11900165601056	0.7839842401912989	0.5150684931506849	0.5459459459459459	0.5972602739726027	0.8512659386697462
lcl|CM001196.1_cds_EGP92297.1_1013 [locus_tag=MYCGRDRAFT_102508] [db_xref=JGIDB:Mycgr3_102508] [protein=hypothetical protein] [protein_id=EGP92297.1] [location=complement(3123483..3123833)] [gbkey=CDS]	45.44937515766788	0.852451537267439	0.7075471698113207	0.5739130434782609	0.8490566037735849	0.8421554651852602
lcl|CM001196.1_cds_EGP92296.1_1014 [locus_tag=MYCGRDRAFT_107279] [db_xref=JGIDB:Mycgr3_107279] [protein=hypothetical protein] [protein_id=EGP92296.1] [location=complement(join(3124902..3125084,3125242..3125799,3125900..3126049))] [gbkey=CDS]	55.160526522601465	0.7662185890423825	0.4479166666666667	0.584180790960452	0.5868055555555556	0.8535189336280316
lcl|CM001196.1_cds_EGP91326.1_1015 [locus_tag=MYCGRDRAFT_102513] [db_xref=JGIDB:Mycgr3_102513] [protein=hypothetical protein] [protein_id=EGP91326.1] [location=3126618..3126782] [gbkey=CDS]	54.882647016330964	0.7257138762233774	0.43137254901960786	0.5534591194968553	0.5098039215686274	0.8574137496370119
lcl|CM001196.1_cds_EGP91327.1_1016 [locus_tag=MYCGRDRAFT_89490] [db_xref=InterPro:IPR001810,JGIDB:Mycgr3_89490] [protein=hypothetical protein] [protein_id=EGP91327.1] [location=join(3127211..3127321,3127425..3128021)] [gbkey=CDS]	48.939660870567224	0.7680904698367492	0.5676855895196506	0.5968660968660968	0.7161572052401747	0.8635165533593082
lcl|CM001196.1_cds_EGP92295.1_1017 [gene=MgKAR2] [locus_tag=MYCGRDRAFT_83835] [db_xref=InterPro:IPR001023,JGIDB:Mycgr3_83835] [protein=immunoglobulin heavy chain-binding protein, KAR2] [protein_id=EGP92295.1] [location=complement(join(3128571..3129314,3129374..3130196,3130250..3130559,3130621..3130723))] [gbkey=CDS]	40.796757491485415	0.8422754966975985	0.7265625	0.5678824721377913	0.7140625	0.8559001033240263
lcl|CM001196.1_cds_EGP91328.1_1018 [locus_tag=MYCGRDRAFT_89492] [db_xref=JGIDB:Mycgr3_89492] [protein=hypothetical protein] [protein_id=EGP91328.1] [location=join(3130983..3130997,3131248..3131295,3131929..3133914)] [gbkey=CDS]	49.805047814555884	0.820034918729343	0.5609756097560976	0.5761135584924131	0.6844512195121951	0.8538973896643611
lcl|CM001196.1_cds_EGP92294.1_1020 [locus_tag=MYCGRDRAFT_89494] [db_xref=JGIDB:Mycgr3_89494] [protein=hypothetical protein] [protein_id=EGP92294.1] [location=complement(join(3138300..3139307,3139394..3139444))] [gbkey=CDS]	50.16024791984756	0.8257872817653402	0.5301204819277109	0.6011396011396012	0.6686746987951807	0.8567924868741035
lcl|CM001196.1_cds_EGP91330.1_1021 [locus_tag=MYCGRDRAFT_66294] [db_xref=InterPro:IPR002198,JGIDB:Mycgr3_66294] [protein=hypothetical protein] [protein_id=EGP91330.1] [location=join(3144610..3144866,3144923..3145174,3145224..3145701)] [gbkey=CDS]	42.953120409211486	0.8749111204220263	0.6698113207547169	0.6065239551478083	0.7704402515723271	0.8532429056939969
lcl|CM001196.1_cds_EGP92293.1_1023 [locus_tag=MYCGRDRAFT_89497] [db_xref=JGIDB:Mycgr3_89497] [protein=hypothetical protein] [protein_id=EGP92293.1] [location=complement(3151043..3152248)] [gbkey=CDS]	53.00776640763362	0.7326027660223532	0.4087403598971722	0.5625	0.5578406169665809	0.8568939169884037
lcl|CM001196.1_cds_EGP91332.1_1024 [locus_tag=MYCGRDRAFT_107284] [db_xref=JGIDB:Mycgr3_107284] [protein=hypothetical protein] [protein_id=EGP91332.1] [location=join(3152664..3152766,3152916..3153403)] [gbkey=CDS]	48.78538347182491	0.7627233563917394	0.4607329842931937	0.5196581196581197	0.5287958115183246	0.85488095991415
lcl|CM001196.1_cds_EGP92292.1_1025 [locus_tag=MYCGRDRAFT_34180] [db_xref=InterPro:IPR009327,JGIDB:Mycgr3_34180] [protein=hypothetical protein] [protein_id=EGP92292.1] [location=complement(join(3153837..3154070,3154145..3154198,3154262..3154459,3154562..3154747))] [gbkey=CDS]	51.109044992584614	0.7920128776206358	0.5581395348837209	0.5645645645645646	0.6511627906976745	0.8536742502997935
lcl|CM001196.1_cds_EGP91333.1_1026 [locus_tag=MYCGRDRAFT_107285] [db_xref=InterPro:IPR002625,JGIDB:Mycgr3_107285] [protein=hypothetical protein] [protein_id=EGP91333.1] [location=join(3155220..3155240,3155365..3156954)] [gbkey=CDS]	52.25898220363289	0.7778982750726231	0.49333333333333335	0.5613707165109034	0.6076190476190476	0.857138804560814
lcl|CM001196.1_cds_EGP91334.1_1027 [locus_tag=MYCGRDRAFT_107286] [db_xref=JGIDB:Mycgr3_107286] [protein=hypothetical protein] [protein_id=EGP91334.1] [location=join(3158854..3159031,3159136..3159308)] [gbkey=CDS]	52.53672791260628	0.7765707991957762	0.5752212389380531	0.5217391304347826	0.6194690265486725	0.84676085093353
lcl|CM001196.1_cds_EGP92291.1_1028 [locus_tag=MYCGRDRAFT_98550] [db_xref=JGIDB:Mycgr3_98550] [protein=hypothetical protein] [protein_id=EGP92291.1] [location=complement(join(3160195..3161012,3161073..3161694,3161950..3161982))] [gbkey=CDS]	41.782092055719176	0.8304786727581848	0.7230443974630021	0.580095432856169	0.7399577167019028	0.8515979696998208
lcl|CM001196.1_cds_EGP91335.1_1030 [locus_tag=MYCGRDRAFT_107288] [db_xref=JGIDB:Mycgr3_107288] [protein=hypothetical protein] [protein_id=EGP91335.1] [location=3166512..3168752] [gbkey=CDS]	57.17593844354631	0.7529474166517691	0.44368131868131866	0.5597315436241611	0.5604395604395604	0.8579450550309078
lcl|CM001196.1_cds_EGP91336.1_1031 [locus_tag=MYCGRDRAFT_107289] [db_xref=JGIDB:Mycgr3_107289] [protein=hypothetical protein] [protein_id=EGP91336.1] [location=3169312..3170055] [gbkey=CDS]	47.180054217519114	0.818481957534951	0.597457627118644	0.5826558265582655	0.7457627118644068	0.8527042335562018
lcl|CM001196.1_cds_EGP91337.1_1032 [locus_tag=MYCGRDRAFT_102517] [db_xref=JGIDB:Mycgr3_102517] [protein=hypothetical protein] [protein_id=EGP91337.1] [location=join(3170522..3170797,3170865..3171029)] [gbkey=CDS]	51.37657795433473	0.7920422042417742	0.5586206896551724	0.6068965517241379	0.6413793103448275	0.85488095991415
lcl|CM001196.1_cds_EGP92289.1_1033 [locus_tag=MYCGRDRAFT_89506] [db_xref=JGIDB:Mycgr3_89506] [protein=hypothetical protein] [protein_id=EGP92289.1] [location=complement(3171176..3171949)] [gbkey=CDS]	52.19204148553281	0.770529313204957	0.4897119341563786	0.5221354166666666	0.6172839506172839	0.8585539675550116
lcl|CM001196.1_cds_EGP92288.1_1034 [locus_tag=MYCGRDRAFT_107290] [db_xref=JGIDB:Mycgr3_107290] [protein=hypothetical protein] [protein_id=EGP92288.1] [location=complement(join(3172260..3172302,3172357..3172387,3172454..3172935,3172992..3173274,3173379..3173461,3173525..3173628))] [gbkey=CDS]	53.567147355225366	0.7449180411365661	0.4613003095975232	0.5401960784313725	0.6191950464396285	0.85488095991415
lcl|CM001196.1_cds_EGP92287.1_1036 [locus_tag=MYCGRDRAFT_66305] [db_xref=InterPro:IPR001433,InterPro:IPR002869,InterPro:IPR003097,JGIDB:Mycgr3_66305] [protein=hypothetical protein] [protein_id=EGP92287.1] [location=complement(3176775..3180005)] [gbkey=CDS]	45.162468036687436	0.8356898765578599	0.6317792578496669	0.5832558139534884	0.7297811607992388	0.8571282891664954
lcl|CM001196.1_cds_EGP92286.1_1037 [locus_tag=MYCGRDRAFT_89510] [db_xref=JGIDB:Mycgr3_89510] [protein=hypothetical protein] [protein_id=EGP92286.1] [location=complement(join(3180816..3181087,3181141..3181665,3181740..3181752))] [gbkey=CDS]	53.33989120313908	0.8060591673189808	0.40823970037453183	0.6256218905472637	0.5880149812734082	0.8583891675411752
lcl|CM001196.1_cds_EGP91339.1_1038 [gene=EXG3] [locus_tag=MYCGRDRAFT_83843] [db_xref=InterPro:IPR001547,JGIDB:Mycgr3_83843] [protein=exo-beta-1,3-glucanase glycosyl hydrolase family 5] [protein_id=EGP91339.1] [location=join(3183157..3183338,3183428..3183477,3183541..3185159)] [gbkey=CDS]	50.90144943525025	0.7682291334516921	0.5147313691507799	0.5598915989159892	0.6759098786828422	0.8585941547175002
lcl|CM001196.1_cds_EGP92285.1_1039 [locus_tag=MYCGRDRAFT_89513] [db_xref=InterPro:IPR000719,JGIDB:Mycgr3_89513] [protein=Ca2+/calmodulin-dependent protein kinase] [protein_id=EGP92285.1] [location=complement(join(3188967..3188981,3189372..3191352,3191406..3191482))] [gbkey=CDS]	55.25749653835468	0.7345791136044073	0.4086181277860327	0.548137397194001	0.5364041604754829	0.8585852590984993
lcl|CM001196.1_cds_EGP91340.1_1040 [locus_tag=MYCGRDRAFT_89514] [db_xref=InterPro:IPR006139,InterPro:IPR006140,JGIDB:Mycgr3_89514] [protein=hypothetical protein] [protein_id=EGP91340.1] [location=join(3191955..3192079,3192152..3192352,3192430..3192572,3192684..3193066,3193129..3193245)] [gbkey=CDS]	52.917787452546236	0.7551525822558057	0.476038338658147	0.5545171339563862	0.5910543130990416	0.8586473462663953
lcl|CM001196.1_cds_EGP91341.1_1042 [locus_tag=MYCGRDRAFT_89515] [db_xref=JGIDB:Mycgr3_89515] [protein=hypothetical protein] [protein_id=EGP91341.1] [location=join(3195834..3196413,3196467..3196564)] [gbkey=CDS]	53.88529188889169	0.7666071059035802	0.4792626728110599	0.5535714285714286	0.5944700460829493	0.8572778744388648
lcl|CM001196.1_cds_EGP91342.1_1043 [locus_tag=MYCGRDRAFT_102520] [db_xref=InterPro:IPR007497,JGIDB:Mycgr3_102520] [protein=hypothetical protein] [protein_id=EGP91342.1] [location=3197245..3198003] [gbkey=CDS]	53.50886748977914	0.752722457047248	0.4669421487603306	0.5537848605577689	0.6157024793388429	0.8559496703288139
lcl|CM001196.1_cds_EGP91343.1_1044 [locus_tag=MYCGRDRAFT_89517] [db_xref=JGIDB:Mycgr3_89517] [protein=hypothetical protein] [protein_id=EGP91343.1] [location=join(3201700..3201893,3201950..3202404,3202795..3202808)] [gbkey=CDS]	42.45748593397694	0.8194122836711175	0.6985645933014354	0.6073059360730594	0.8181818181818182	0.848782297500386
lcl|CM001196.1_cds_EGP91344.1_1046 [gene=MgYap1] [locus_tag=MYCGRDRAFT_35076] [db_xref=InterPro:IPR004827,JGIDB:Mycgr3_35076] [protein=bZIP transcription factor] [protein_id=EGP91344.1] [location=join(3204959..3205474,3205528..3206027,3206121..3206855,3206910..3207123)] [gbkey=CDS]	51.9137721755876	0.8109434205957867	0.5328125	0.5477284328739153	0.634375	0.8565246746041049
lcl|CM001196.1_cds_EGP92280.1_1050 [locus_tag=MYCGRDRAFT_107296] [db_xref=JGIDB:Mycgr3_107296] [protein=hypothetical protein] [protein_id=EGP92280.1] [location=complement(3216310..3218661)] [gbkey=CDS]	54.25125671988972	0.7702076932908521	0.45695364238410596	0.5592497868712702	0.5801324503311258	0.8574559181857874
lcl|CM001196.1_cds_EGP91346.1_1051 [locus_tag=MYCGRDRAFT_107297] [db_xref=JGIDB:Mycgr3_107297] [protein=hypothetical protein] [protein_id=EGP91346.1] [location=join(3219955..3220057,3220427..3220758,3220836..3221300)] [gbkey=CDS]	52.34661523520154	0.7804342778350121	0.4982698961937716	0.5559284116331096	0.5882352941176471	0.8580353415397274
lcl|CM001196.1_cds_EGP92279.1_1052 [locus_tag=MYCGRDRAFT_102525] [db_xref=InterPro:IPR009799,JGIDB:Mycgr3_102525] [protein=hypothetical protein] [protein_id=EGP92279.1] [location=complement(join(3222952..3223136,3223222..3223342))] [gbkey=CDS]	49.14976574097992	0.8602792363078183	0.6808510638297872	0.5833333333333334	0.7553191489361702	0.8562224051988498
lcl|CM001196.1_cds_EGP91347.1_1053 [locus_tag=MYCGRDRAFT_66328] [db_xref=InterPro:IPR005307,JGIDB:Mycgr3_66328] [protein=hypothetical protein] [protein_id=EGP91347.1] [location=join(3233715..3233951,3234007..3234302,3234355..3234409)] [gbkey=CDS]	52.218916596238316	0.8094216950603866	0.5359116022099447	0.5171821305841925	0.6408839779005525	0.8555721638935031
lcl|CM001196.1_cds_EGP91348.1_1055 [locus_tag=MYCGRDRAFT_107300] [db_xref=JGIDB:Mycgr3_107300] [protein=hypothetical protein] [protein_id=EGP91348.1] [location=3237522..3238928] [gbkey=CDS]	56.01468418452592	0.7474896882177997	0.4613686534216336	0.5389007851534618	0.565121412803532	0.8563172764240146
lcl|CM001196.1_cds_EGP92277.1_1056 [locus_tag=MYCGRDRAFT_89528] [db_xref=JGIDB:Mycgr3_89528] [protein=hypothetical protein] [protein_id=EGP92277.1] [location=complement(3239605..3242316)] [gbkey=CDS]	53.1589234366965	0.7862145229235376	0.5186440677966102	0.5580192165558019	0.6067796610169491	0.8574109375152141
lcl|CM001196.1_cds_EGP91349.1_1057 [locus_tag=MYCGRDRAFT_32808] [db_xref=InterPro:IPR001401,JGIDB:Mycgr3_32808] [protein=hypothetical protein] [protein_id=EGP91349.1] [location=join(3244098..3244469,3244611..3244745,3244802..3245581,3245798..3246511)] [gbkey=CDS]	48.214900906291675	0.8127388005834562	0.6040372670807453	0.5619047619047619	0.6925465838509317	0.858314407269089
lcl|CM001196.1_cds_EGP92276.1_1058 [locus_tag=MYCGRDRAFT_35159] [db_xref=InterPro:IPR008333,InterPro:IPR011576,JGIDB:Mycgr3_35159] [protein=hypothetical protein] [protein_id=EGP92276.1] [location=complement(3246790..3248688)] [gbkey=CDS]	54.81264487355422	0.7416079485792956	0.4820846905537459	0.5620707871104068	0.6302931596091205	0.857646933804617
lcl|CM001196.1_cds_EGP92275.1_1059 [locus_tag=MYCGRDRAFT_66333] [db_xref=InterPro:IPR001806,JGIDB:Mycgr3_66333] [protein=hypothetical protein] [protein_id=EGP92275.1] [location=complement(join(3249337..3250020,3250074..3250148))] [gbkey=CDS]	51.33641253661265	0.7569951795780542	0.43951612903225806	0.5776892430278885	0.6008064516129032	0.8618515038796001
lcl|CM001196.1_cds_EGP91350.1_1060 [locus_tag=MYCGRDRAFT_31898] [db_xref=InterPro:IPR002916,JGIDB:Mycgr3_31898] [protein=putative FRE ferric reductase-like transmembrane component] [protein_id=EGP91350.1] [location=3252767..3254548] [gbkey=CDS]	49.71504367035197	0.7757350145090705	0.5599284436493739	0.5625	0.6511627906976745	0.8585113328577161
lcl|CM001196.1_cds_EGP92274.1_1061 [locus_tag=MYCGRDRAFT_102530] [db_xref=InterPro:IPR004045,InterPro:IPR004046,JGIDB:Mycgr3_102530] [protein=hypothetical protein] [protein_id=EGP92274.1] [location=complement(join(3255152..3255400,3255459..3255645,3255705..3255718,3255787..3255973,3256044..3256082,3256137..3256178,3256243..3256277))] [gbkey=CDS]	43.3239348942287	0.8759038194203249	0.6932773109243697	0.5742971887550201	0.8025210084033614	0.8575767555247923
lcl|CM001196.1_cds_EGP91351.1_1062 [locus_tag=MYCGRDRAFT_102532] [db_xref=JGIDB:Mycgr3_102532] [protein=hypothetical protein] [protein_id=EGP91351.1] [location=3256831..3257460] [gbkey=CDS]	48.00774349918233	0.781891900938914	0.5320197044334976	0.5753205128205128	0.6699507389162561	0.8574625306019417
lcl|CM001196.1_cds_EGP92271.1_1065 [locus_tag=MYCGRDRAFT_107306] [db_xref=InterPro:IPR000717,JGIDB:Mycgr3_107306] [protein=hypothetical protein] [protein_id=EGP92271.1] [location=complement(join(3264056..3264149,3264203..3265638))] [gbkey=CDS]	50.04759889532766	0.8021635481157318	0.5742971887550201	0.5721784776902887	0.6646586345381527	0.8588479919866282
lcl|CM001196.1_cds_EGP91353.1_1067 [locus_tag=MYCGRDRAFT_53300] [db_xref=InterPro:IPR002784,InterPro:IPR005824,JGIDB:Mycgr3_53300] [protein=hypothetical protein] [protein_id=EGP91353.1] [location=join(3269685..3269701,3269764..3269872,3269963..3270226,3270371..3270421)] [gbkey=CDS]	44.459730661600915	0.875086092896546	0.7142857142857143	0.6045977011494252	0.7428571428571429	0.8567317797327022
lcl|CM001196.1_cds_EGP91354.1_1068 [locus_tag=MYCGRDRAFT_102540] [db_xref=InterPro:IPR002715,JGIDB:Mycgr3_102540] [protein=hypothetical protein] [protein_id=EGP91354.1] [location=join(3270999..3271288,3271343..3271670)] [gbkey=CDS]	46.24495563878261	0.8508867366833845	0.681592039800995	0.5833333333333334	0.7263681592039801	0.8568544017204343
lcl|CM001196.1_cds_EGP91355.1_1069 [locus_tag=MYCGRDRAFT_102541] [db_xref=JGIDB:Mycgr3_102541] [protein=hypothetical protein] [protein_id=EGP91355.1] [location=join(3272083..3272094,3272216..3272611,3272697..3272783,3272843..3272872)] [gbkey=CDS]	45.97945705260598	0.8730346749854676	0.6764705882352942	0.5780346820809249	0.7647058823529411	0.8579857610668378
lcl|CM001196.1_cds_EGP92270.1_1070 [locus_tag=MYCGRDRAFT_31572] [db_xref=InterPro:IPR006680,JGIDB:Mycgr3_31572] [protein=hypothetical protein] [protein_id=EGP92270.1] [location=complement(join(3273568..3274887,3274940..3275133,3275184..3275247,3275301..3275467,3275532..3275653,3275763..3276026,3276114..3276799))] [gbkey=CDS]	53.87532658000325	0.7610220312127713	0.5065645514223195	0.5506937033084311	0.5908096280087527	0.858321102651028
lcl|CM001196.1_cds_EGP91356.1_1071 [locus_tag=MYCGRDRAFT_31676] [db_xref=InterPro:IPR007087,JGIDB:Mycgr3_31676] [protein=hypothetical protein] [protein_id=EGP91356.1] [location=3282702..3282995] [gbkey=CDS]	50.96947623418432	0.8315918606261699	0.6153846153846154	0.5833333333333334	0.7032967032967034	0.8424066735291657
lcl|CM001196.1_cds_EGP92269.1_1072 [locus_tag=MYCGRDRAFT_66364] [db_xref=InterPro:IPR007279,JGIDB:Mycgr3_66364] [protein=hypothetical protein] [protein_id=EGP92269.1] [location=complement(3283960..3287025)] [gbkey=CDS]	53.6891219673078	0.7725064556878483	0.5040567951318459	0.5411764705882353	0.6267748478701826	0.8584364346735425
lcl|CM001196.1_cds_EGP92268.1_1073 [locus_tag=MYCGRDRAFT_66368] [db_xref=JGIDB:Mycgr3_66368] [protein=hypothetical protein] [protein_id=EGP92268.1] [location=complement(join(3287574..3287937,3287995..3288291,3288353..3288591))] [gbkey=CDS]	50.0923485535686	0.8052186457155827	0.524822695035461	0.5391498881431768	0.6773049645390071	0.8553308748805285
lcl|CM001196.1_cds_EGP92267.1_1074 [locus_tag=MYCGRDRAFT_107313] [db_xref=JGIDB:Mycgr3_107313] [protein=hypothetical protein] [protein_id=EGP92267.1] [location=complement(3289831..3291003)] [gbkey=CDS]	52.58616147460001	0.7860269084133255	0.5170603674540682	0.5732647814910026	0.6299212598425197	0.8545364550773675
lcl|CM001196.1_cds_EGP91357.1_1077 [locus_tag=MYCGRDRAFT_66375] [db_xref=InterPro:IPR000905,JGIDB:Mycgr3_66375] [protein=hypothetical protein] [protein_id=EGP91357.1] [location=join(3300579..3300753,3300836..3302022)] [gbkey=CDS]	55.61870299654543	0.717628831567829	0.4	0.5479351032448377	0.5264367816091954	0.8632247403613224
lcl|CM001196.1_cds_EGP91358.1_1078 [locus_tag=MYCGRDRAFT_66377] [db_xref=JGIDB:Mycgr3_66377] [protein=hypothetical protein] [protein_id=EGP91358.1] [location=join(3307780..3307889,3307939..3308575,3308646..3308852)] [gbkey=CDS]	53.97252209139202	0.7580035506297981	0.4707792207792208	0.5390295358649789	0.5844155844155844	0.8544568898415693
lcl|CM001196.1_cds_EGP92264.1_1079 [locus_tag=MYCGRDRAFT_98569] [db_xref=JGIDB:Mycgr3_98569] [protein=hypothetical protein] [protein_id=EGP92264.1] [location=complement(join(3308866..3309196,3309349..3309644,3309701..3309925))] [gbkey=CDS]	54.06160923378026	0.7294093169088206	0.4612546125461255	0.549645390070922	0.5830258302583026	0.8567843436682453
lcl|CM001196.1_cds_EGP91359.1_1080 [locus_tag=MYCGRDRAFT_34033] [db_xref=JGIDB:Mycgr3_34033] [protein=hypothetical protein] [protein_id=EGP91359.1] [location=join(3310666..3311095,3311149..3311317,3311372..3311711)] [gbkey=CDS]	53.726653954284956	0.772173227852444	0.5067114093959731	0.5466237942122186	0.6140939597315436	0.857903253563047
lcl|CM001196.1_cds_EGP92263.1_1081 [locus_tag=MYCGRDRAFT_107316] [db_xref=InterPro:IPR001075,JGIDB:Mycgr3_107316] [protein=hypothetical protein] [protein_id=EGP92263.1] [location=complement(3316594..3317547)] [gbkey=CDS]	51.31604812228813	0.7775040774645209	0.4806451612903226	0.5654008438818565	0.6161290322580645	0.8544568898415693
lcl|CM001196.1_cds_EGP92261.1_1083 [locus_tag=MYCGRDRAFT_89550] [db_xref=JGIDB:Mycgr3_89550] [protein=hypothetical protein] [protein_id=EGP92261.1] [location=complement(join(3323564..3323898,3324547..3324676))] [gbkey=CDS]	53.89978026150018	0.7567572171983974	0.4315068493150685	0.6143790849673203	0.5753424657534246	0.8496406404057897
lcl|CM001196.1_cds_EGP91360.1_1084 [locus_tag=MYCGRDRAFT_107317] [db_xref=JGIDB:Mycgr3_107317] [protein=hypothetical protein] [protein_id=EGP91360.1] [location=join(3324904..3324984,3325224..3325266,3325325..3325346,3325400..3325532,3325590..3326573)] [gbkey=CDS]	54.40206233157139	0.7732447915955228	0.4275184275184275	0.552903739061257	0.5921375921375921	0.8596929987746174
lcl|CM001196.1_cds_EGP92260.1_1085 [locus_tag=MYCGRDRAFT_66382] [db_xref=InterPro:IPR003114,JGIDB:Mycgr3_66382] [protein=hypothetical protein] [protein_id=EGP92260.1] [location=complement(join(3327315..3327681,3328738..3328946,3329136..3329554,3329614..3330064))] [gbkey=CDS]	54.68972350620883	0.7470401148889348	0.4698275862068966	0.5701388888888889	0.6293103448275862	0.8573978964209407
lcl|CM001196.1_cds_EGP92259.1_1087 [locus_tag=MYCGRDRAFT_66386] [db_xref=JGIDB:Mycgr3_66386] [protein=hypothetical protein] [protein_id=EGP92259.1] [location=complement(join(3331044..3331098,3331155..3332917))] [gbkey=CDS]	55.039790144438996	0.7582532507448371	0.48700173310225303	0.5452538631346578	0.610051993067591	0.8579934856854567
lcl|CM001196.1_cds_EGP92258.1_1088 [locus_tag=MYCGRDRAFT_102552] [db_xref=JGIDB:Mycgr3_102552] [protein=hypothetical protein] [protein_id=EGP92258.1] [location=complement(3333845..3334237)] [gbkey=CDS]	51.765153037797234	0.7718189516218884	0.432	0.5788113695090439	0.608	0.8600921038319087
lcl|CM001196.1_cds_EGP92256.1_1090 [locus_tag=MYCGRDRAFT_107319] [db_xref=InterPro:IPR000999,JGIDB:Mycgr3_107319] [protein=hypothetical protein] [protein_id=EGP92256.1] [location=complement(join(3336646..3336731,3336791..3336952,3337008..3337228,3337433..3337491,3337950..3338008,3338429..3338607,3338659..3339220,3339272..3339393,3339449..3339522))] [gbkey=CDS]	50.76540463012311	0.8070593781894011	0.5436105476673428	0.5665349143610013	0.6632860040567952	0.8535574855196817
lcl|CM001196.1_cds_EGP92255.1_1091 [locus_tag=MYCGRDRAFT_107320] [db_xref=InterPro:IPR001138,InterPro:IPR007219,JGIDB:Mycgr3_107320] [protein=hypothetical protein] [protein_id=EGP92255.1] [location=complement(3341260..3343119)] [gbkey=CDS]	51.69341380347723	0.7920331317927114	0.5135135135135135	0.5480043149946062	0.6030405405405406	0.8542305308197045
lcl|CM001196.1_cds_EGP92254.1_1092 [locus_tag=MYCGRDRAFT_66394] [db_xref=InterPro:IPR004843,JGIDB:Mycgr3_66394] [protein=hypothetical protein] [protein_id=EGP92254.1] [location=complement(join(3344920..3346620,3346676..3346690))] [gbkey=CDS]	52.31599445189511	0.7614660694576548	0.48363636363636364	0.5543859649122806	0.6218181818181818	0.8588879876682393
lcl|CM001196.1_cds_EGP91362.1_1093 [locus_tag=MYCGRDRAFT_66397] [db_xref=JGIDB:Mycgr3_66397] [protein=hypothetical protein] [protein_id=EGP91362.1] [location=join(3346967..3347905,3347958..3348212)] [gbkey=CDS]	54.81431185313196	0.7554543955694003	0.48320413436692505	0.5538720538720538	0.6020671834625323	0.8575931195696013
lcl|CM001196.1_cds_EGP91363.1_1094 [locus_tag=MYCGRDRAFT_98572] [db_xref=JGIDB:Mycgr3_98572] [protein=hypothetical protein] [protein_id=EGP91363.1] [location=join(3348650..3352292,3359485..3359552)] [gbkey=CDS]	51.9915515830169	0.781094445764041	0.49498327759197325	0.5354925775978407	0.6153846153846154	0.8587971236049149
lcl|CM001196.1_cds_EGP92253.1_1095 [locus_tag=MYCGRDRAFT_35196] [db_xref=InterPro:IPR006931,JGIDB:Mycgr3_35196] [protein=calcipressin] [protein_id=EGP92253.1] [location=complement(3361399..3362148)] [gbkey=CDS]	49.65767999805291	0.8251874166089055	0.5145228215767634	0.5967741935483871	0.6929460580912863	0.8586727140541621
lcl|CM001196.1_cds_EGP92252.1_1096 [locus_tag=MYCGRDRAFT_33937] [db_xref=InterPro:IPR001650,InterPro:IPR011545,JGIDB:Mycgr3_33937] [protein=hypothetical protein] [protein_id=EGP92252.1] [location=complement(join(3363514..3363872,3363927..3366687,3366895..3367212))] [gbkey=CDS]	54.902839727595804	0.77366583472135	0.5081081081081081	0.5606060606060606	0.5783783783783784	0.8578151664599101
lcl|CM001196.1_cds_EGP91364.1_1097 [locus_tag=MYCGRDRAFT_89562] [db_xref=JGIDB:Mycgr3_89562] [protein=hypothetical protein] [protein_id=EGP91364.1] [location=join(3367829..3368395,3368817..3368927)] [gbkey=CDS]	53.120097483909355	0.7879628049386955	0.481981981981982	0.5848214285714286	0.6351351351351351	0.8596815094305313
lcl|CM001196.1_cds_EGP91366.1_1099 [locus_tag=MYCGRDRAFT_107324] [db_xref=InterPro:IPR001138,JGIDB:Mycgr3_107324] [protein=hypothetical protein] [protein_id=EGP91366.1] [location=join(3373516..3373968,3374161..3374632,3374690..3375025,3375231..3375268)] [gbkey=CDS]	55.27070993982567	0.7936932321948095	0.44711538461538464	0.5792730085073473	0.5841346153846154	0.8573725539534981
lcl|CM001196.1_cds_EGP92251.1_1100 [locus_tag=MYCGRDRAFT_83867] [db_xref=InterPro:IPR006140,JGIDB:Mycgr3_83867] [protein=hypothetical protein] [protein_id=EGP92251.1] [location=complement(join(3375777..3376740,3376796..3376836))] [gbkey=CDS]	52.05688119179467	0.7674319174657251	0.47468354430379744	0.5525525525525525	0.6075949367088608	0.8524692440197743
lcl|CM001196.1_cds_EGP92250.1_1101 [gene=HIT] [locus_tag=MYCGRDRAFT_32870] [db_xref=InterPro:IPR001310,JGIDB:Mycgr3_32870] [protein=zinc-binding protein of the histidine triad] [protein_id=EGP92250.1] [location=complement(join(3378283..3378469,3378730..3379166))] [gbkey=CDS]	50.77906619274756	0.7505724597570635	0.457286432160804	0.5631067961165048	0.6582914572864321	0.85488095991415
lcl|CM001196.1_cds_EGP92249.1_1102 [locus_tag=MYCGRDRAFT_53364] [db_xref=InterPro:IPR004367,InterPro:IPR006671,JGIDB:Mycgr3_53364] [protein=hypothetical protein] [protein_id=EGP92249.1] [location=complement(join(3379894..3379994,3380049..3381420,3381496..3381504))] [gbkey=CDS]	46.13616095941088	0.8362916819726866	0.6215644820295984	0.5745257452574526	0.6997885835095138	0.8565171504272585
lcl|CM001196.1_cds_EGP91367.1_1103 [locus_tag=MYCGRDRAFT_53366] [db_xref=InterPro:IPR002171,JGIDB:Mycgr3_53366] [protein=hypothetical protein] [protein_id=EGP91367.1] [location=join(3382518..3383522,3383578..3383676)] [gbkey=CDS]	52.69642069076039	0.7602877231587191	0.4704225352112676	0.5546448087431693	0.5605633802816902	0.8570811534376854
lcl|CM001196.1_cds_EGP92248.1_1104 [locus_tag=MYCGRDRAFT_107327] [db_xref=JGIDB:Mycgr3_107327] [protein=hypothetical protein] [protein_id=EGP92248.1] [location=complement(3384981..3387464)] [gbkey=CDS]	56.03843830062052	0.7455489317911863	0.4353826850690088	0.546408393866021	0.562107904642409	0.8579697571751522
lcl|CM001196.1_cds_EGP92247.1_1105 [locus_tag=MYCGRDRAFT_31477] [db_xref=InterPro:IPR000312,JGIDB:Mycgr3_31477] [protein=hypothetical protein] [protein_id=EGP92247.1] [location=complement(join(3389524..3390444,3390503..3390823))] [gbkey=CDS]	54.24646679506575	0.7135737694016898	0.41457286432160806	0.5420711974110033	0.5301507537688442	0.8552063601567089
lcl|CM001196.1_cds_EGP91368.1_1106 [locus_tag=MYCGRDRAFT_66422] [db_xref=JGIDB:Mycgr3_66422] [protein=hypothetical protein] [protein_id=EGP91368.1] [location=3391091..3392068] [gbkey=CDS]	53.913698366546285	0.7197510554926299	0.3785488958990536	0.5452674897119342	0.5362776025236593	0.8577817831906913
lcl|CM001196.1_cds_EGP91369.1_1107 [locus_tag=MYCGRDRAFT_66426] [db_xref=InterPro:IPR001206,JGIDB:Mycgr3_66426] [protein=hypothetical protein] [protein_id=EGP91369.1] [location=join(3392545..3393963,3394027..3394161)] [gbkey=CDS]	53.605391279632016	0.7509358836608979	0.42714570858283435	0.5439276485788114	0.5988023952095808	0.8593084118878178
lcl|CM001196.1_cds_EGP91371.1_1109 [locus_tag=MYCGRDRAFT_89574] [db_xref=JGIDB:Mycgr3_89574] [protein=hypothetical protein] [protein_id=EGP91371.1] [location=3397800..3398438] [gbkey=CDS]	55.13219404271167	0.7379734650018185	0.41545893719806765	0.5529225908372828	0.5169082125603864	0.856152420053198
lcl|CM001196.1_cds_EGP91372.1_1110 [locus_tag=MYCGRDRAFT_89575] [db_xref=InterPro:IPR002893,JGIDB:Mycgr3_89575] [protein=hypothetical protein] [protein_id=EGP91372.1] [location=join(3399053..3400111,3400253..3400696)] [gbkey=CDS]	55.48942570139272	0.7609550651465097	0.4711934156378601	0.5657982631930528	0.5987654320987654	0.8495254849266685
lcl|CM001196.1_cds_EGP92246.1_1111 [locus_tag=MYCGRDRAFT_98580] [db_xref=InterPro:IPR008427,JGIDB:Mycgr3_98580] [protein=hypothetical protein] [protein_id=EGP92246.1] [location=complement(join(3401250..3401572,3401631..3401858,3401912..3402095,3402239..3402316))] [gbkey=CDS]	42.479582814677265	0.8228189918262555	0.6589147286821705	0.6257744733581165	0.6124031007751938	0.8459586682871008
lcl|CM001196.1_cds_EGP92245.1_1112 [locus_tag=MYCGRDRAFT_98581] [db_xref=InterPro:IPR001279,JGIDB:Mycgr3_98581] [protein=hypothetical protein] [protein_id=EGP92245.1] [location=complement(join(3418955..3419244,3419304..3420048))] [gbkey=CDS]	52.8391598003887	0.7510517023969849	0.459214501510574	0.5393586005830904	0.5377643504531722	0.856054120339654
lcl|CM001196.1_cds_EGP92244.1_1113 [locus_tag=MYCGRDRAFT_32304] [db_xref=InterPro:IPR001163,JGIDB:Mycgr3_32304] [protein=hypothetical protein] [protein_id=EGP92244.1] [location=complement(join(3424396..3424569,3424617..3424732,3424787..3424855,3424925..3424964))] [gbkey=CDS]	54.061899043257604	0.7303035806351762	0.4573643410852713	0.5038167938931297	0.5736434108527132	0.8600123060885629
lcl|CM001196.1_cds_EGP91373.1_1114 [locus_tag=MYCGRDRAFT_34254] [db_xref=JGIDB:Mycgr3_34254] [protein=hypothetical protein] [protein_id=EGP91373.1] [location=join(3425287..3425446,3425513..3428472)] [gbkey=CDS]	56.18655772553598	0.7338250979718732	0.46520874751491054	0.5311496467565832	0.5606361829025845	0.8577265975138597
lcl|CM001196.1_cds_EGP91374.1_1115 [locus_tag=MYCGRDRAFT_53381] [db_xref=JGIDB:Mycgr3_53381] [protein=hypothetical protein] [protein_id=EGP91374.1] [location=join(3428931,3428991..3429112,3429171..3429857)] [gbkey=CDS]	50.76477182812327	0.7706952783408053	0.4827586206896552	0.5410447761194029	0.6283524904214559	0.8568838905538558
lcl|CM001196.1_cds_EGP91375.1_1116 [locus_tag=MYCGRDRAFT_102569] [db_xref=InterPro:IPR000740,JGIDB:Mycgr3_102569] [protein=hypothetical protein] [protein_id=EGP91375.1] [location=join(3430140..3430433,3430490..3430891,3430944..3430976)] [gbkey=CDS]	52.86775044697122	0.7740576673950524	0.4830508474576271	0.5214384508990318	0.576271186440678	0.8615812414044806
lcl|CM001196.1_cds_EGP92243.1_1117 [locus_tag=MYCGRDRAFT_102570] [db_xref=JGIDB:Mycgr3_102570] [protein=hypothetical protein] [protein_id=EGP92243.1] [location=complement(join(3431752..3431853,3431906..3432211))] [gbkey=CDS]	52.4806488313851	0.7537275378183804	0.421875	0.5398009950248757	0.59375	0.8568838905538558
lcl|CM001196.1_cds_EGP91376.1_1118 [locus_tag=MYCGRDRAFT_98585] [db_xref=InterPro:IPR002300,JGIDB:Mycgr3_98585] [protein=hypothetical protein] [protein_id=EGP91376.1] [location=3432483..3435947] [gbkey=CDS]	49.24081254531255	0.8190258137051186	0.6083788706739527	0.5452442902572998	0.6830601092896175	0.8540675780371927
lcl|CM001196.1_cds_EGP92242.1_1119 [gene=MgMoo] [locus_tag=MYCGRDRAFT_107335] [db_xref=InterPro:IPR007828,JGIDB:Mycgr3_107335] [protein=inositol oxygenase protein] [protein_id=EGP92242.1] [location=complement(join(3436065..3436125,3436404..3437269))] [gbkey=CDS]	43.57166196709059	0.8421547131028775	0.6758620689655173	0.5624321389793703	0.7275862068965517	0.8540081849491171
lcl|CM001196.1_cds_EGP91377.1_1120 [locus_tag=MYCGRDRAFT_98587] [db_xref=InterPro:IPR001395,JGIDB:Mycgr3_98587] [protein=hypothetical protein] [protein_id=EGP91377.1] [location=join(3438250..3438387,3438527..3438858,3438922..3439006,3439059..3439236,3439308..3439492)] [gbkey=CDS]	51.593692395158165	0.7765929449236177	0.511864406779661	0.5361842105263158	0.6440677966101694	0.8531191017528889
lcl|CM001196.1_cds_EGP92241.1_1121 [locus_tag=MYCGRDRAFT_33552] [db_xref=JGIDB:Mycgr3_33552] [protein=hypothetical protein] [protein_id=EGP92241.1] [location=complement(3439612..3439938)] [gbkey=CDS]	52.260974330931596	0.8046130143911636	0.4857142857142857	0.5763239875389408	0.6857142857142857	0.861167484735415
lcl|CM001196.1_cds_EGP92240.1_1123 [locus_tag=MYCGRDRAFT_98589] [db_xref=InterPro:IPR002085,JGIDB:Mycgr3_98589] [protein=hypothetical protein] [protein_id=EGP92240.1] [location=complement(join(3443653..3443964,3444020..3444796,3444851..3444904))] [gbkey=CDS]	51.611070331548646	0.7385463617942251	0.44086021505376344	0.5584872471416007	0.6155913978494624	0.855588584499702
lcl|CM001196.1_cds_EGP91379.1_1124 [locus_tag=MYCGRDRAFT_33741] [db_xref=InterPro:IPR002198,JGIDB:Mycgr3_33741] [protein=hypothetical protein] [protein_id=EGP91379.1] [location=join(3445188..3445316,3445376..3446032)] [gbkey=CDS]	49.29093106755644	0.7929081044181856	0.536	0.5769230769230769	0.672	0.8574625306019417
lcl|CM001196.1_cds_EGP92239.1_1125 [gene=GTE2401] [locus_tag=MYCGRDRAFT_107338] [db_xref=InterPro:IPR001487,JGIDB:Mycgr3_107338] [protein=transcription initiation factor] [protein_id=EGP92239.1] [location=complement(3448285..3450984)] [gbkey=CDS]	51.7566354180483	0.8029022874359497	0.5102974828375286	0.5731254639940608	0.6189931350114416	0.856823600436872
lcl|CM001196.1_cds_EGP91380.1_1126 [locus_tag=MYCGRDRAFT_107339] [db_xref=JGIDB:Mycgr3_107339] [protein=hypothetical protein] [protein_id=EGP91380.1] [location=join(3451851..3451885,3452441..3453851,3454103..3454136,3454237..3454244,3454418..3454438,3454541..3454545,3454939..3455629,3455684..3455914,3456329..3457504)] [gbkey=CDS]	54.267215278517135	0.7598792215905449	0.46297872340425533	0.5679423183582918	0.5812765957446808	0.8573377834777185
lcl|CM001196.1_cds_EGP92238.1_1127 [locus_tag=MYCGRDRAFT_89590] [db_xref=InterPro:IPR000073,JGIDB:Mycgr3_89590] [protein=hypothetical protein] [protein_id=EGP92238.1] [location=complement(3464736..3465692)] [gbkey=CDS]	51.10749018261242	0.777949738369023	0.4868421052631579	0.555205047318612	0.6447368421052632	0.8586949775062039
lcl|CM001196.1_cds_EGP92237.1_1128 [locus_tag=MYCGRDRAFT_107340] [db_xref=JGIDB:Mycgr3_107340] [protein=hypothetical protein] [protein_id=EGP92237.1] [location=complement(join(3467718..3467804,3467915..3468262,3468316..3469152,3469214..3469365,3469518..3469554))] [gbkey=CDS]	55.10723914896627	0.7570372776288469	0.46710526315789475	0.5257731958762887	0.5833333333333334	0.8584813286768732
lcl|CM001196.1_cds_EGP92236.1_1129 [locus_tag=MYCGRDRAFT_66454] [db_xref=JGIDB:Mycgr3_66454] [protein=hypothetical protein] [protein_id=EGP92236.1] [location=complement(join(3470047..3470336,3470390..3470621,3470676..3471221))] [gbkey=CDS]	50.742773464000855	0.7940521779173385	0.5542521994134897	0.556497175141243	0.6891495601173021	0.8601984221584817
lcl|CM001196.1_cds_EGP91381.1_1130 [locus_tag=MYCGRDRAFT_89592] [db_xref=InterPro:IPR001810,JGIDB:Mycgr3_89592] [protein=hypothetical protein] [protein_id=EGP91381.1] [location=3471722..3472426] [gbkey=CDS]	49.134215261087625	0.7725303550631948	0.5066666666666667	0.5765379113018598	0.6844444444444444	0.8571851650976973
lcl|CM001196.1_cds_EGP92235.1_1131 [locus_tag=MYCGRDRAFT_89593] [db_xref=JGIDB:Mycgr3_89593] [protein=hypothetical protein] [protein_id=EGP92235.1] [location=complement(join(3473540..3473602,3473663..3474814,3474875..3475654))] [gbkey=CDS]	56.360013625089316	0.7423728493961715	0.4552590266875981	0.555052790346908	0.5667189952904239	0.8573104579307655
lcl|CM001196.1_cds_EGP91382.1_1132 [locus_tag=MYCGRDRAFT_98591] [db_xref=JGIDB:Mycgr3_98591] [protein=hypothetical protein] [frame=2] [partial=5'] [protein_id=EGP91382.1] [location=join(<3476331..3476744,3476810..3477387,3477438..3477457)] [gbkey=CDS]	48.599525766130746	0.7833971945299835	0.5339506172839507	0.5751243781094527	0.6820987654320988	0.8580879007481458
lcl|CM001196.1_cds_EGP91383.1_1133 [locus_tag=MYCGRDRAFT_66460] [db_xref=InterPro:IPR000008,JGIDB:Mycgr3_66460] [protein=hypothetical protein] [protein_id=EGP91383.1] [location=join(3478337..3478393,3478460..3478624,3478683..3479182,3479233..3479692,3479784..3482210,3482271..3482291)] [gbkey=CDS]	49.73229921037645	0.812394923310163	0.5862068965517241	0.5615342163355408	0.6612068965517242	0.8554359387842356
lcl|CM001196.1_cds_EGP91384.1_1134 [locus_tag=MYCGRDRAFT_66463] [db_xref=InterPro:IPR001155,JGIDB:Mycgr3_66463] [protein=hypothetical protein] [protein_id=EGP91384.1] [location=join(3482966..3483936,3484035..3484191)] [gbkey=CDS]	48.11092640982695	0.8118160618289401	0.5333333333333333	0.5757575757575758	0.7027777777777777	0.8563157389682414
lcl|CM001196.1_cds_EGP92234.1_1135 [locus_tag=MYCGRDRAFT_107344] [db_xref=InterPro:IPR002208,JGIDB:Mycgr3_107344] [protein=hypothetical protein] [protein_id=EGP92234.1] [location=complement(join(3485508..3485583,3485633..3486203,3486254..3486865,3486919..3487080,3487236..3487245))] [gbkey=CDS]	43.93682284917794	0.8113373697882612	0.6391982182628062	0.5522807017543859	0.6770601336302895	0.8543167697840757
lcl|CM001196.1_cds_EGP92233.1_1136 [locus_tag=MYCGRDRAFT_83894] [db_xref=InterPro:IPR001993,JGIDB:Mycgr3_83894] [protein=hypothetical protein] [protein_id=EGP92233.1] [location=complement(join(3487732..3488409,3488470..3488571,3488626..3488630,3488686..3488809))] [gbkey=CDS]	51.35874050596157	0.7343606936027267	0.44405594405594406	0.5437430786267996	0.583916083916084	0.8593457143544171
lcl|CM001196.1_cds_EGP91385.1_1137 [locus_tag=MYCGRDRAFT_66469] [db_xref=InterPro:IPR002319,InterPro:IPR005121,JGIDB:Mycgr3_66469] [protein=hypothetical protein] [protein_id=EGP91385.1] [location=join(3489146..3489254,3489468..3490852)] [gbkey=CDS]	53.46728080491352	0.7560954668238304	0.47401247401247404	0.532258064516129	0.5613305613305614	0.8570456215548833
lcl|CM001196.1_cds_EGP91386.1_1138 [locus_tag=MYCGRDRAFT_53419] [db_xref=InterPro:IPR003594,JGIDB:Mycgr3_53419] [protein=hypothetical protein] [protein_id=EGP91386.1] [location=join(3491363..3491381,3491439..3491534,3491591..3491739,3491799..3492878)] [gbkey=CDS]	53.922872427885466	0.7577460836134421	0.4918793503480278	0.5164424514200299	0.605568445475638	0.8578916163718407
lcl|CM001196.1_cds_EGP92232.1_1139 [gene=CYP-15] [locus_tag=MYCGRDRAFT_107346] [db_xref=InterPro:IPR001128,JGIDB:Mycgr3_107346] [protein=putative P450 monooxygenase] [protein_id=EGP92232.1] [location=complement(join(3493533..3493592,3493650..3493836,3493894..3494601,3494658..3494890,3494945..3495035,3495168..3495355,3495414..3495479))] [gbkey=CDS]	51.24698290048615	0.7776257315646484	0.5154004106776181	0.5350360183366077	0.6324435318275154	0.8561986678562764
lcl|CM001196.1_cds_EGP92230.1_1142 [locus_tag=MYCGRDRAFT_89603] [db_xref=JGIDB:Mycgr3_89603] [protein=hypothetical protein] [protein_id=EGP92230.1] [location=complement(3500041..3500850)] [gbkey=CDS]	49.38528479696017	0.8066001404796954	0.55	0.568407960199005	0.6884615384615385	0.8598970888293543
lcl|CM001196.1_cds_EGP92229.1_1143 [locus_tag=MYCGRDRAFT_89604] [db_xref=JGIDB:Mycgr3_89604] [protein=hypothetical protein] [protein_id=EGP92229.1] [location=complement(3502175..3503059)] [gbkey=CDS]	51.349867986123115	0.7827686524866837	0.45422535211267606	0.5790671217292378	0.5704225352112676	0.8521405277779728
lcl|CM001196.1_cds_EGP91388.1_1144 [locus_tag=MYCGRDRAFT_83899] [db_xref=InterPro:IPR000195,JGIDB:Mycgr3_83899] [protein=hypothetical protein] [protein_id=EGP91388.1] [location=join(3504585..3504881,3504935..3505033,3505215..3507035,3507100..3507168)] [gbkey=CDS]	51.99845437774517	0.7890733666164526	0.5543478260869565	0.5583333333333333	0.6453804347826086	0.8573536758411113
lcl|CM001196.1_cds_EGP92227.1_1146 [locus_tag=MYCGRDRAFT_78715] [db_xref=JGIDB:Mycgr3_78715] [protein=hypothetical protein] [protein_id=EGP92227.1] [location=complement(3511652..3512017)] [gbkey=CDS]	52.67068464351523	0.7384678879854739	0.5384615384615384	0.5638888888888889	0.5726495726495726	0.8515365341975779
lcl|CM001196.1_cds_EGP92225.1_1148 [locus_tag=MYCGRDRAFT_89608] [db_xref=JGIDB:Mycgr3_89608] [protein=hypothetical protein] [protein_id=EGP92225.1] [location=complement(3518416..3520164)] [gbkey=CDS]	53.69274728914423	0.7874113026253462	0.4774305555555556	0.5720022948938611	0.5885416666666666	0.8574224813097724
lcl|CM001196.1_cds_EGP91389.1_1149 [locus_tag=MYCGRDRAFT_35039] [db_xref=InterPro:IPR000804,JGIDB:Mycgr3_35039] [protein=hypothetical protein] [protein_id=EGP91389.1] [location=join(3521267..3521335,3521392..3521862)] [gbkey=CDS]	53.18771711116666	0.7437740785130869	0.5227272727272727	0.548689138576779	0.6420454545454546	0.8556343219568415
lcl|CM001196.1_cds_EGP92224.1_1150 [locus_tag=MYCGRDRAFT_102585] [db_xref=InterPro:IPR000711,JGIDB:Mycgr3_102585] [protein=hypothetical protein] [protein_id=EGP92224.1] [location=complement(join(3522475..3522588,3522639..3523049,3523107..3523268))] [gbkey=CDS]	43.18961280244029	0.867208432854753	0.7013574660633484	0.5741556534508077	0.7647058823529411	0.8560627398032133
lcl|CM001196.1_cds_EGP91390.1_1151 [locus_tag=MYCGRDRAFT_89611] [db_xref=JGIDB:Mycgr3_89611] [protein=hypothetical protein] [protein_id=EGP91390.1] [location=join(3524220..3524422,3524476..3525184)] [gbkey=CDS]	49.17621896622026	0.8156337612427531	0.6180555555555556	0.5728476821192053	0.6666666666666666	0.8517797253901996
lcl|CM001196.1_cds_EGP91391.1_1153 [locus_tag=MYCGRDRAFT_33739] [db_xref=InterPro:IPR004038,JGIDB:Mycgr3_33739] [protein=hypothetical protein] [protein_id=EGP91391.1] [location=join(3527092..3527242,3527307..3527677)] [gbkey=CDS]	47.00031268827896	0.8400053158273456	0.6331360946745562	0.6085271317829457	0.7751479289940828	0.8517694410583782
lcl|CM001196.1_cds_EGP92222.1_1154 [gene=GGS1] [locus_tag=MYCGRDRAFT_33174] [db_xref=InterPro:IPR000092,JGIDB:Mycgr3_33174] [protein=geranylgeranyl diphosphate synthase 1] [protein_id=EGP92222.1] [location=complement(3528040..3529071)] [gbkey=CDS]	50.13503957533203	0.7943636347770198	0.5735735735735735	0.5360623781676414	0.6756756756756757	0.8529235640129349
lcl|CM001196.1_cds_EGP92221.1_1155 [locus_tag=MYCGRDRAFT_107351] [db_xref=InterPro:IPR001567,JGIDB:Mycgr3_107351] [protein=hypothetical protein] [protein_id=EGP92221.1] [location=complement(join(3530669..3531236,3531334..3531401,3531460..3531530,3531655..3531875,3532008..3532084))] [gbkey=CDS]	52.252613657496966	0.7720034335699987	0.5325077399380805	0.5495495495495496	0.6470588235294118	0.8585113328577161
lcl|CM001196.1_cds_EGP92220.1_1156 [locus_tag=MYCGRDRAFT_66489] [db_xref=InterPro:IPR005828,JGIDB:Mycgr3_66489] [protein=hypothetical protein] [protein_id=EGP92220.1] [location=complement(join(3534041..3534320,3534450..3535837))] [gbkey=CDS]	49.68399957874283	0.7918399513682596	0.5445920303605313	0.5601684717208183	0.6774193548387096	0.8524648968993978
lcl|CM001196.1_cds_EGP92219.1_1158 [locus_tag=MYCGRDRAFT_89618] [db_xref=JGIDB:Mycgr3_89618] [protein=hypothetical protein] [protein_id=EGP92219.1] [location=complement(3541433..3542011)] [gbkey=CDS]	53.119745619848715	0.7530989359996958	0.4945054945054945	0.5532286212914486	0.5714285714285714	0.8520784559456482
lcl|CM001196.1_cds_EGP91393.1_1159 [locus_tag=MYCGRDRAFT_102589] [db_xref=InterPro:IPR000889,JGIDB:Mycgr3_102589] [protein=hypothetical protein] [protein_id=EGP91393.1] [location=join(3542843..3543002,3543072..3543421)] [gbkey=CDS]	46.225008534343225	0.8818241905630064	0.7469135802469136	0.5714285714285714	0.7839506172839507	0.8501072171574889
lcl|CM001196.1_cds_EGP92218.1_1160 [locus_tag=MYCGRDRAFT_107354] [db_xref=JGIDB:Mycgr3_107354] [protein=hypothetical protein] [protein_id=EGP92218.1] [location=complement(join(3543513..3543545,3543604..3544131))] [gbkey=CDS]	50.79003640423612	0.7581629623325289	0.4748603351955307	0.5351351351351351	0.6256983240223464	0.8577840270077773
lcl|CM001196.1_cds_EGP92217.1_1162 [gene=MgCDC14] [locus_tag=MYCGRDRAFT_83907] [db_xref=InterPro:IPR000340,JGIDB:Mycgr3_83907] [protein=MgCDC14, mitotic control protein tyrosine phosphatase cdc14] [protein_id=EGP92217.1] [location=complement(join(3547428..3547634,3547686..3548998,3549049..3549372,3549430..3549538))] [gbkey=CDS]	53.22883044587268	0.7736076519338713	0.4840764331210191	0.5582948125321007	0.5828025477707006	0.8565348151504002
lcl|CM001196.1_cds_EGP91395.1_1163 [locus_tag=MYCGRDRAFT_107355] [db_xref=JGIDB:Mycgr3_107355] [protein=hypothetical protein] [protein_id=EGP91395.1] [location=join(3550185..3550481,3550620..3550717,3550786..3551112,3551164..3551238,3551366..3551945,3552140..3552196)] [gbkey=CDS]	55.10499047336771	0.7430445768616816	0.49130434782608695	0.5315126050420168	0.5782608695652174	0.8554443361880848
lcl|CM001196.1_cds_EGP91396.1_1164 [locus_tag=MYCGRDRAFT_66501] [db_xref=InterPro:IPR001138,InterPro:IPR007219,JGIDB:Mycgr3_66501] [protein=hypothetical protein] [protein_id=EGP91396.1] [location=join(3553399..3553475,3553532..3556154)] [gbkey=CDS]	54.966880089921446	0.7694011785679047	0.4772209567198178	0.5497401633259095	0.5990888382687927	0.8547317085887839
lcl|CM001196.1_cds_EGP91397.1_1165 [locus_tag=MYCGRDRAFT_53447] [db_xref=InterPro:IPR008462,JGIDB:Mycgr3_53447] [protein=hypothetical protein] [protein_id=EGP91397.1] [location=join(3556691..3556732,3556792..3556864,3556920..3557121,3557191..3557398)] [gbkey=CDS]	53.25476639697751	0.7685219859998074	0.5672514619883041	0.5645472061657033	0.5730994152046783	0.8556561052946615
lcl|CM001196.1_cds_EGP91398.1_1166 [locus_tag=MYCGRDRAFT_66507] [db_xref=InterPro:IPR002504,JGIDB:Mycgr3_66507] [protein=hypothetical protein] [protein_id=EGP91398.1] [location=join(3558466..3559151,3559209..3559878)] [gbkey=CDS]	53.47303035039382	0.7381967653584373	0.43317972350230416	0.534074074074074	0.5852534562211982	0.8602593839264144
lcl|CM001196.1_cds_EGP91399.1_1167 [locus_tag=MYCGRDRAFT_53455] [db_xref=InterPro:IPR010619,JGIDB:Mycgr3_53455] [protein=hypothetical protein] [protein_id=EGP91399.1] [location=join(3562149..3562901,3562960..3564174)] [gbkey=CDS]	49.73618017546407	0.7908971697989136	0.5488958990536278	0.5606523955147809	0.6750788643533123	0.8554960406743228
lcl|CM001196.1_cds_EGP91400.1_1168 [locus_tag=MYCGRDRAFT_78728] [db_xref=InterPro:IPR000612,JGIDB:Mycgr3_78728] [protein=hypothetical protein] [protein_id=EGP91400.1] [location=join(3565351..3565367,3565497..3565631,3565695..3565716)] [gbkey=CDS]	46.353152971146336	0.8898139505471551	0.7857142857142857	0.5357142857142857	0.8035714285714286	0.8524907470662312
lcl|CM001196.1_cds_EGP92216.1_1169 [locus_tag=MYCGRDRAFT_107360] [db_xref=InterPro:IPR001045,JGIDB:Mycgr3_107360] [protein=hypothetical protein] [protein_id=EGP92216.1] [location=complement(join(3566315..3566592,3566654..3567220,3567286..3567316))] [gbkey=CDS]	46.99776894067508	0.8530658942353535	0.6438848920863309	0.5471264367816092	0.7482014388489209	0.8534954694558164
lcl|CM001196.1_cds_EGP91401.1_1170 [locus_tag=MYCGRDRAFT_34363] [db_xref=JGIDB:Mycgr3_34363] [protein=hypothetical protein] [protein_id=EGP91401.1] [location=3568047..3568901] [gbkey=CDS]	50.717943906464875	0.7548701375151686	0.4416058394160584	0.5406360424028268	0.6058394160583942	0.8591543421784523
lcl|CM001196.1_cds_EGP92215.1_1171 [locus_tag=MYCGRDRAFT_102601] [db_xref=InterPro:IPR006822,JGIDB:Mycgr3_102601] [protein=hypothetical protein] [protein_id=EGP92215.1] [location=complement(3569024..3569920)] [gbkey=CDS]	45.90725779697019	0.8080282929751713	0.5753424657534246	0.5824915824915825	0.7123287671232876	0.8575931195696012
lcl|CM001196.1_cds_EGP92214.1_1172 [locus_tag=MYCGRDRAFT_102602] [db_xref=JGIDB:Mycgr3_102602] [protein=hypothetical protein] [protein_id=EGP92214.1] [location=complement(3570348..3570638)] [gbkey=CDS]	53.7673058186324	0.7364169090914829	0.3225806451612903	0.5649122807017544	0.4946236559139785	0.8605433943580015
lcl|CM001196.1_cds_EGP92213.1_1173 [locus_tag=MYCGRDRAFT_98609] [db_xref=JGIDB:Mycgr3_98609] [protein=hypothetical protein] [protein_id=EGP92213.1] [location=complement(join(3570838..3570867,3570917..3572103,3572168..3572261))] [gbkey=CDS]	56.367525960177034	0.716988347677127	0.4238875878220141	0.535632183908046	0.5620608899297423	0.8576586917366186
lcl|CM001196.1_cds_EGP92212.1_1175 [locus_tag=MYCGRDRAFT_66524] [db_xref=JGIDB:Mycgr3_66524] [protein=hypothetical protein] [protein_id=EGP92212.1] [location=complement(3579418..3580806)] [gbkey=CDS]	48.42432068593278	0.8136269123645354	0.5749440715883669	0.5582067968185105	0.6621923937360179	0.8554626735387064
lcl|CM001196.1_cds_EGP91403.1_1176 [locus_tag=MYCGRDRAFT_89632] [db_xref=JGIDB:Mycgr3_89632] [protein=hypothetical protein] [protein_id=EGP91403.1] [location=3588116..3590251] [gbkey=CDS]	57.5913946838869	0.7558649072677789	0.45244956772334294	0.5516431924882629	0.5389048991354467	0.858285904569215
lcl|CM001196.1_cds_EGP92211.1_1177 [locus_tag=MYCGRDRAFT_107363] [db_xref=JGIDB:Mycgr3_107363] [protein=hypothetical protein] [protein_id=EGP92211.1] [location=complement(join(3590489..3592101,3592158..3592389))] [gbkey=CDS]	53.66861446375594	0.7735186890332219	0.47571189279731996	0.55573681348559	0.644891122278057	0.856412960261236
lcl|CM001196.1_cds_EGP92209.1_1179 [locus_tag=MYCGRDRAFT_89635] [db_xref=InterPro:IPR002198,JGIDB:Mycgr3_89635] [protein=hypothetical protein] [protein_id=EGP92209.1] [location=complement(join(3599949..3600003,3600054..3600279,3600344..3600427,3600487..3600859))] [gbkey=CDS]	52.74034389633176	0.7763561039502636	0.4767932489451477	0.5710382513661202	0.6286919831223629	0.856530574756229
lcl|CM001196.1_cds_EGP92208.1_1180 [locus_tag=MYCGRDRAFT_32502] [db_xref=InterPro:IPR001357,JGIDB:Mycgr3_32502] [protein=hypothetical protein] [protein_id=EGP92208.1] [location=complement(join(3601275..3601602,3601660..3603929,3603972..3604610))] [gbkey=CDS]	52.905233366060564	0.7954593628918509	0.5436241610738255	0.5441039925719592	0.6212847555129435	0.8558771900134704
lcl|CM001196.1_cds_EGP91404.1_1181 [locus_tag=MYCGRDRAFT_66529] [db_xref=InterPro:IPR000114,JGIDB:Mycgr3_66529] [protein=hypothetical protein] [protein_id=EGP91404.1] [location=join(3604943..3605006,3605064..3605701)] [gbkey=CDS]	54.68690965558189	0.7544941030087199	0.4611872146118721	0.5445402298850575	0.5753424657534246	0.85488095991415
lcl|CM001196.1_cds_EGP91405.1_1182 [locus_tag=MYCGRDRAFT_89637] [db_xref=JGIDB:Mycgr3_89637] [protein=hypothetical protein] [protein_id=EGP91405.1] [location=3605936..3606865] [gbkey=CDS]	52.71946175272408	0.779179932913017	0.5148514851485149	0.5551948051948052	0.6039603960396039	0.8583696015516482
lcl|CM001196.1_cds_EGP92207.1_1183 [locus_tag=MYCGRDRAFT_190509] [db_xref=InterPro:IPR003439,InterPro:IPR010509,JGIDB:Mycgr3_190509] [protein=putative ABC transporter] [protein_id=EGP92207.1] [location=complement(join(3609365..3610442,3610506..3611587))] [gbkey=CDS]	52.239007437731985	0.7620605154380312	0.4935064935064935	0.5399257195914577	0.6291486291486291	0.8591855018481487
lcl|CM001196.1_cds_EGP92205.1_1185 [locus_tag=MYCGRDRAFT_89640] [db_xref=JGIDB:Mycgr3_89640] [protein=hypothetical protein] [protein_id=EGP92205.1] [location=complement(3615307..3615705)] [gbkey=CDS]	52.241533876908974	0.7930429363567386	0.4496124031007752	0.5776081424936387	0.5503875968992248	0.8559047739504468
lcl|CM001196.1_cds_EGP91406.1_1186 [locus_tag=MYCGRDRAFT_66536] [db_xref=InterPro:IPR001126,JGIDB:Mycgr3_66536] [protein=hypothetical protein] [protein_id=EGP91406.1] [location=join(3619335..3619472,3619588..3619791,3619840..3619873,3619928..3621132,3621181..3621390)] [gbkey=CDS]	53.46117409051253	0.7568518748977641	0.5026086956521739	0.5238095238095238	0.5652173913043478	0.856233686762298
lcl|CM001196.1_cds_EGP91408.1_1188 [locus_tag=MYCGRDRAFT_102611] [db_xref=JGIDB:Mycgr3_102611] [protein=hypothetical protein] [protein_id=EGP91408.1] [location=3628749..3629153] [gbkey=CDS]	53.308891369332166	0.8041680151889504	0.5038759689922481	0.6015037593984962	0.6201550387596899	0.8579097576258969
lcl|CM001196.1_cds_EGP92204.1_1189 [locus_tag=MYCGRDRAFT_66540] [db_xref=JGIDB:Mycgr3_66540] [protein=hypothetical protein] [protein_id=EGP92204.1] [location=complement(join(3629684..3629797,3629850..3630296))] [gbkey=CDS]	49.3775298790641	0.7861430437630579	0.553072625698324	0.5747747747747748	0.664804469273743	0.8599677951048866
lcl|CM001196.1_cds_EGP91409.1_1191 [locus_tag=MYCGRDRAFT_34830] [db_xref=JGIDB:Mycgr3_34830] [protein=hypothetical protein] [protein_id=EGP91409.1] [location=join(3632417..3632494,3632552..3633130)] [gbkey=CDS]	53.75702396079634	0.7593769069005893	0.5147058823529411	0.5314900153609831	0.6127450980392157	0.8542634899695526
lcl|CM001196.1_cds_EGP91410.1_1193 [locus_tag=MYCGRDRAFT_107371] [db_xref=JGIDB:Mycgr3_107371] [protein=hypothetical protein] [protein_id=EGP91410.1] [location=join(3635715..3636009,3636066..3636545,3637517..3640794)] [gbkey=CDS]	56.306946564017196	0.7599333761715761	0.43328220858895705	0.5685693106004448	0.575920245398773	0.8590643681749073
lcl|CM001196.1_cds_EGP92201.1_1194 [locus_tag=MYCGRDRAFT_89646] [db_xref=JGIDB:Mycgr3_89646] [protein=hypothetical protein] [protein_id=EGP92201.1] [location=complement(join(3642629..3642678,3642730..3642772,3642831..3643010,3643069..3643122))] [gbkey=CDS]	51.4707364120644	0.8155247114939964	0.5849056603773585	0.557632398753894	0.6037735849056604	0.8387499330207663
lcl|CM001196.1_cds_EGP92200.1_1195 [locus_tag=MYCGRDRAFT_89647] [db_xref=JGIDB:Mycgr3_89647] [protein=hypothetical protein] [protein_id=EGP92200.1] [location=complement(join(3644229..3644323,3644388..3644474,3644596..3644737,3644793..3644798))] [gbkey=CDS]	51.46782805853535	0.7554163209725377	0.5377358490566038	0.5740740740740741	0.5849056603773585	0.8268068552014293
lcl|CM001196.1_cds_EGP91411.1_1196 [locus_tag=MYCGRDRAFT_102615] [db_xref=InterPro:IPR001092,JGIDB:Mycgr3_102615] [protein=hypothetical protein] [protein_id=EGP91411.1] [location=3646680..3647372] [gbkey=CDS]	48.1721160935477	0.7988915774805444	0.5947136563876652	0.5647743813682679	0.6607929515418502	0.8572254683634039
lcl|CM001196.1_cds_EGP91413.1_1198 [locus_tag=MYCGRDRAFT_102617] [db_xref=JGIDB:Mycgr3_102617] [protein=hypothetical protein] [protein_id=EGP91413.1] [location=join(3652365..3652529,3652588..3652695,3652766..3652831,3652890..3653027)] [gbkey=CDS]	55.7317930771568	0.7459001426898898	0.48	0.5562632696390658	0.62	0.8388125629717591
lcl|CM001196.1_cds_EGP91414.1_1199 [locus_tag=MYCGRDRAFT_66546] [db_xref=InterPro:IPR001680,JGIDB:Mycgr3_66546] [protein=hypothetical protein] [protein_id=EGP91414.1] [location=join(3655152..3656312,3656391..3657775,3657947..3658403)] [gbkey=CDS]	56.176220038441855	0.746123618588865	0.43209876543209874	0.5568902235568902	0.5802469135802469	0.859455054636016
lcl|CM001196.1_cds_EGP91415.1_1201 [locus_tag=MYCGRDRAFT_89653] [db_xref=InterPro:IPR008630,JGIDB:Mycgr3_89653] [protein=hypothetical protein] [protein_id=EGP91415.1] [location=3662172..3663164] [gbkey=CDS]	42.51259613574464	0.8185536723197053	0.6401273885350318	0.6048632218844985	0.7484076433121019	0.8581464975537635
lcl|CM001196.1_cds_EGP92198.1_1202 [gene=MgYpd1] [locus_tag=MYCGRDRAFT_32785] [db_xref=InterPro:IPR008207,JGIDB:Mycgr3_32785] [protein=histidine containing phosphotransmitter protein] [protein_id=EGP92198.1] [location=complement(join(3664054..3664333,3664403..3664509,3664572..3664616))] [gbkey=CDS]	51.93653411295512	0.7764908560643506	0.5428571428571428	0.5328638497652582	0.6714285714285714	0.8558254206191831
lcl|CM001196.1_cds_EGP92197.1_1203 [locus_tag=MYCGRDRAFT_53498] [db_xref=InterPro:IPR004839,JGIDB:Mycgr3_53498] [protein=hypothetical protein] [protein_id=EGP92197.1] [location=complement(3667054..3668334)] [gbkey=CDS]	44.88226238980376	0.8607165625025641	0.6650485436893204	0.6007843137254902	0.779126213592233	0.85488095991415
lcl|CM001196.1_cds_EGP91416.1_1204 [locus_tag=MYCGRDRAFT_66559] [db_xref=InterPro:IPR001680,JGIDB:Mycgr3_66559] [protein=hypothetical protein] [protein_id=EGP91416.1] [location=3668607..3670280] [gbkey=CDS]	52.05702069089974	0.7857932907525067	0.5365853658536586	0.5341726618705036	0.6172607879924953	0.8587469236986289
lcl|CM001196.1_cds_EGP92196.1_1205 [locus_tag=MYCGRDRAFT_66563] [db_xref=JGIDB:Mycgr3_66563] [protein=hypothetical protein] [protein_id=EGP92196.1] [location=complement(join(3670722..3671466,3671520..3671758,3671813..3671920,3671972..3672124))] [gbkey=CDS]	50.75991345106148	0.7912566856682768	0.5164556962025316	0.5544794188861986	0.6936708860759494	0.8561801484603202
lcl|CM001196.1_cds_EGP92195.1_1206 [locus_tag=MYCGRDRAFT_89657] [db_xref=JGIDB:Mycgr3_89657] [protein=hypothetical protein] [protein_id=EGP92195.1] [location=complement(3672833..3679645)] [gbkey=CDS]	55.98728056831135	0.7591835618682194	0.47751022262607906	0.5557514323490524	0.5824625170377101	0.857899059916232
lcl|CM001196.1_cds_EGP91417.1_1207 [locus_tag=MYCGRDRAFT_53507] [db_xref=InterPro:IPR000744,JGIDB:Mycgr3_53507] [protein=hypothetical protein] [protein_id=EGP91417.1] [location=join(3679988..3680020,3680076..3680506,3680565..3680979)] [gbkey=CDS]	51.514080254694	0.7981237153279797	0.5638297872340425	0.5475372279495991	0.6843971631205674	0.8553417004932585
lcl|CM001196.1_cds_EGP92194.1_1208 [locus_tag=MYCGRDRAFT_34921] [db_xref=JGIDB:Mycgr3_34921] [protein=hypothetical protein] [protein_id=EGP92194.1] [location=complement(join(3681741..3682085,3682139..3683638))] [gbkey=CDS]	53.643317007383374	0.7484968670778984	0.4685908319185059	0.531810766721044	0.599320882852292	0.8575089268188452
lcl|CM001196.1_cds_EGP92193.1_1209 [locus_tag=MYCGRDRAFT_102625] [db_xref=JGIDB:Mycgr3_102625] [protein=hypothetical protein] [protein_id=EGP92193.1] [location=complement(3685929..3686546)] [gbkey=CDS]	52.814556245856295	0.749764951822495	0.48756218905472637	0.5571895424836601	0.5323383084577115	0.8561960821288594
lcl|CM001196.1_cds_EGP92192.1_1210 [locus_tag=MYCGRDRAFT_66569] [db_xref=InterPro:IPR001841,JGIDB:Mycgr3_66569] [protein=hypothetical protein] [protein_id=EGP92192.1] [location=complement(3688396..3689355)] [gbkey=CDS]	53.49070494941949	0.7565627603718589	0.44554455445544555	0.5576519916142557	0.5874587458745875	0.8557243907473736
lcl|CM001196.1_cds_EGP91418.1_1211 [locus_tag=MYCGRDRAFT_66573] [db_xref=InterPro:IPR001353,JGIDB:Mycgr3_66573] [protein=hypothetical protein] [protein_id=EGP91418.1] [location=join(3689821..3689864,3689917..3689936,3689989..3690654,3690713..3690831)] [gbkey=CDS]	46.6628833137619	0.8199127103471746	0.6021897810218978	0.5812574139976275	0.7262773722627737	0.8587055578762822
lcl|CM001196.1_cds_EGP92191.1_1212 [locus_tag=MYCGRDRAFT_107384] [db_xref=JGIDB:Mycgr3_107384] [protein=hypothetical protein] [protein_id=EGP92191.1] [location=complement(join(3691226..3691580,3691659..3692401,3692458..3693348))] [gbkey=CDS]	55.81396664489927	0.7636956190025371	0.4945226917057903	0.5557236510337872	0.5852895148669797	0.8595577088885169
lcl|CM001196.1_cds_EGP91419.1_1213 [locus_tag=MYCGRDRAFT_107385] [db_xref=InterPro:IPR001900,JGIDB:Mycgr3_107385] [protein=hypothetical protein] [protein_id=EGP91419.1] [location=join(3693802..3693827,3693972..3694034,3694589..3694750,3694886..3695124,3695175..3699165,3699219..3699258)] [gbkey=CDS]	49.302762221836964	0.8157947232636527	0.5830485304169515	0.5709856035437431	0.631578947368421	0.8555937586622494
lcl|CM001196.1_cds_EGP92190.1_1214 [locus_tag=MYCGRDRAFT_107386] [db_xref=JGIDB:Mycgr3_107386] [protein=hypothetical protein] [protein_id=EGP92190.1] [location=complement(join(3700298..3701077,3701135..3701204,3701258..3702114,3702254..3702370,3702427..3702582))] [gbkey=CDS]	55.94867678467025	0.7625393463275449	0.4968847352024922	0.5668693009118541	0.5685358255451713	0.8577376241552689
lcl|CM001196.1_cds_EGP91420.1_1215 [locus_tag=MYCGRDRAFT_107387] [db_xref=JGIDB:Mycgr3_107387] [protein=hypothetical protein] [protein_id=EGP91420.1] [location=join(3703244..3703527,3703598..3703679)] [gbkey=CDS]	50.85388143907951	0.7872196656256965	0.5344827586206896	0.5805555555555556	0.6206896551724138	0.85488095991415
lcl|CM001196.1_cds_EGP91421.1_1216 [locus_tag=MYCGRDRAFT_66582] [db_xref=JGIDB:Mycgr3_66582] [protein=putative major facilitator superfamily transporter] [protein_id=EGP91421.1] [location=join(3704390..3704515,3704578..3704655,3704729..3704834,3704953..3704991,3705047..3705156,3705213..3705372,3705435..3705651,3705703..3705867,3705919..3706043,3706102..3706649)] [gbkey=CDS]	54.39618553516897	0.7346766941523641	0.4868913857677903	0.5371702637889688	0.6048689138576779	0.8577787968245374
lcl|CM001196.1_cds_EGP92189.1_1217 [locus_tag=MYCGRDRAFT_83941] [db_xref=InterPro:IPR000326,JGIDB:Mycgr3_83941] [protein=hypothetical protein] [protein_id=EGP92189.1] [location=complement(join(3706708..3707014,3707066..3707149,3707208..3707475,3707533..3707667,3707723..3707813))] [gbkey=CDS]	53.84300267801056	0.7328498855302102	0.4734982332155477	0.565415244596132	0.5830388692579506	0.8567128090701513
lcl|CM001196.1_cds_EGP92188.1_1218 [locus_tag=MYCGRDRAFT_107389] [db_xref=InterPro:IPR003780,JGIDB:Mycgr3_107389] [protein=hypothetical protein] [protein_id=EGP92188.1] [location=complement(join(3709375..3709469,3709529..3709649,3709711..3709907,3710077..3710141,3710303..3711777))] [gbkey=CDS]	52.023972794163164	0.7849495914630464	0.5170731707317073	0.5629173086800205	0.6373983739837399	0.860267697229498
lcl|CM001196.1_cds_EGP91422.1_1219 [locus_tag=MYCGRDRAFT_107390] [db_xref=JGIDB:Mycgr3_107390] [protein=hypothetical protein] [protein_id=EGP91422.1] [location=join(3712802..3713254,3713366..3715487,3716005..3716147)] [gbkey=CDS]	54.743672919020206	0.7550332121449705	0.478110599078341	0.5449852507374632	0.5576036866359447	0.856067972546436
lcl|CM001196.1_cds_EGP91423.1_1220 [locus_tag=MYCGRDRAFT_107391] [db_xref=InterPro:IPR002642,JGIDB:Mycgr3_107391] [protein=hypothetical protein] [protein_id=EGP91423.1] [location=join(3718949..3719009,3719065..3719945,3720024..3720666,3720721..3721130)] [gbkey=CDS]	54.28408912133645	0.7646585744952596	0.4937888198757764	0.5414781297134238	0.6009316770186336	0.8554876881995283
lcl|CM001196.1_cds_EGP91424.1_1221 [locus_tag=MYCGRDRAFT_66594] [db_xref=JGIDB:Mycgr3_66594] [protein=hypothetical protein] [protein_id=EGP91424.1] [location=join(3721470..3721921,3721977..3722385,3722448..3723263)] [gbkey=CDS]	53.353404050511394	0.7659680581847792	0.5027932960893855	0.5266307600239377	0.6405959031657356	0.8582566403941551
lcl|CM001196.1_cds_EGP91425.1_1222 [locus_tag=MYCGRDRAFT_66596] [db_xref=JGIDB:Mycgr3_66596] [protein=hypothetical protein] [protein_id=EGP91425.1] [location=join(3723760..3724106,3724163..3724289,3724383..3724685,3724735..3724905)] [gbkey=CDS]	49.74048021916152	0.7720427092055883	0.46405228758169936	0.5477707006369427	0.6372549019607843	0.85232353066015
lcl|CM001196.1_cds_EGP91426.1_1224 [locus_tag=MYCGRDRAFT_53540] [db_xref=JGIDB:Mycgr3_53540] [protein=hypothetical protein] [protein_id=EGP91426.1] [location=join(3725629..3725703,3725783..3727660,3727715..3727759)] [gbkey=CDS]	53.863114117800535	0.7805721077731711	0.5015290519877675	0.5486947791164659	0.5978593272171254	0.8575092571404516
lcl|CM001196.1_cds_EGP91427.1_1225 [locus_tag=MYCGRDRAFT_83947] [db_xref=JGIDB:Mycgr3_83947] [protein=hypothetical protein] [protein_id=EGP91427.1] [location=join(3728461..3728586,3728675..3728727,3728782..3729485,3729543..3730180,3730234..3730299)] [gbkey=CDS]	55.350119139985885	0.7330106503981886	0.437125748502994	0.5110689437065149	0.5489021956087824	0.856918136924332
lcl|CM001196.1_cds_EGP92186.1_1226 [locus_tag=MYCGRDRAFT_66601] [db_xref=JGIDB:Mycgr3_66601] [protein=hypothetical protein] [protein_id=EGP92186.1] [location=complement(3735948..3736811)] [gbkey=CDS]	51.32671250374774	0.7832598119619838	0.5364963503649635	0.5291375291375291	0.635036496350365	0.8530083371095339
lcl|CM001196.1_cds_EGP91428.1_1227 [locus_tag=MYCGRDRAFT_35346] [db_xref=JGIDB:Mycgr3_35346] [protein=hypothetical protein] [protein_id=EGP91428.1] [location=3737362..3738165] [gbkey=CDS]	54.85899761381164	0.752219107844142	0.47265625	0.5263157894736842	0.5703125	0.8558893691739395
lcl|CM001196.1_cds_EGP92185.1_1228 [locus_tag=MYCGRDRAFT_107396] [db_xref=JGIDB:Mycgr3_107396] [protein=hypothetical protein] [protein_id=EGP92185.1] [location=complement(join(3738276..3738570,3738662..3739350,3739400..3739492))] [gbkey=CDS]	52.85709995128161	0.7559070145180401	0.5117647058823529	0.5284780578898226	0.6088235294117647	0.8582667915241844
lcl|CM001196.1_cds_EGP91429.1_1229 [locus_tag=MYCGRDRAFT_102643] [db_xref=JGIDB:Mycgr3_102643] [protein=hypothetical protein] [protein_id=EGP91429.1] [location=3739650..3739931] [gbkey=CDS]	52.06929377626058	0.7280152217976817	0.4606741573033708	0.532608695652174	0.5842696629213483	0.8636675067887403
lcl|CM001196.1_cds_EGP91430.1_1230 [locus_tag=MYCGRDRAFT_98635] [db_xref=InterPro:IPR008576,JGIDB:Mycgr3_98635] [protein=hypothetical protein] [protein_id=EGP91430.1] [location=3740329..3741006] [gbkey=CDS]	55.15412395009413	0.7453951084908759	0.46296296296296297	0.5372023809523809	0.6018518518518519	0.8590799696092719
lcl|CM001196.1_cds_EGP91431.1_1231 [locus_tag=MYCGRDRAFT_102646] [db_xref=JGIDB:Mycgr3_102646] [protein=hypothetical protein] [protein_id=EGP91431.1] [location=3744016..3744750] [gbkey=CDS]	55.03856597384006	0.7544969039993589	0.4351464435146444	0.5733882030178327	0.5313807531380753	0.8587509100165395
lcl|CM001196.1_cds_EGP91432.1_1232 [locus_tag=MYCGRDRAFT_98637] [db_xref=JGIDB:Mycgr3_98637] [protein=hypothetical protein] [protein_id=EGP91432.1] [location=join(3745556..3745581,3745636..3745793,3745857..3746185)] [gbkey=CDS]	51.62435580697253	0.8039373143310602	0.5950920245398773	0.5621301775147929	0.6687116564417178	0.8572636717658518
lcl|CM001196.1_cds_EGP91433.1_1233 [locus_tag=MYCGRDRAFT_98638] [db_xref=InterPro:IPR002745,JGIDB:Mycgr3_98638] [protein=hypothetical protein] [protein_id=EGP91433.1] [location=3746507..3747355] [gbkey=CDS]	53.35799749114299	0.7312141330466259	0.44280442804428044	0.5516014234875445	0.5830258302583026	0.859184834145945
lcl|CM001196.1_cds_EGP92184.1_1234 [locus_tag=MYCGRDRAFT_107400] [db_xref=InterPro:IPR002553,InterPro:IPR008152,JGIDB:Mycgr3_107400] [protein=hypothetical protein] [protein_id=EGP92184.1] [location=complement(join(3747667..3747765,3747819..3749895,3749945..3750133,3750202..3750325,3750392..3750401))] [gbkey=CDS]	54.20947208239134	0.7479917211739631	0.46732429099876693	0.5258724428399518	0.5906288532675709	0.861519860837913
lcl|CM001196.1_cds_EGP91434.1_1235 [locus_tag=MYCGRDRAFT_98639] [db_xref=InterPro:IPR001810,JGIDB:Mycgr3_98639] [protein=hypothetical protein] [protein_id=EGP91434.1] [location=join(3751279..3751813,3751889..3752043,3752110..3752401,3752543..3752737,3752795..3753003)] [gbkey=CDS]	54.17283253766928	0.7571853408711566	0.47165532879818595	0.55	0.5827664399092971	0.8586774347512898
lcl|CM001196.1_cds_EGP92183.1_1236 [locus_tag=MYCGRDRAFT_107401] [db_xref=JGIDB:Mycgr3_107401] [protein=hypothetical protein] [protein_id=EGP92183.1] [location=complement(join(3753329..3753603,3753739..3753822,3753873..3754961,3755086..3755569))] [gbkey=CDS]	56.331703957817425	0.7652512127652613	0.4384	0.5617860851505712	0.5856	0.8580184648347994
lcl|CM001196.1_cds_EGP92182.1_1237 [locus_tag=MYCGRDRAFT_102649] [db_xref=JGIDB:Mycgr3_102649] [protein=hypothetical protein] [protein_id=EGP92182.1] [location=complement(join(3783267..3783359,3783425..3783455,3783514..3783668))] [gbkey=CDS]	52.32391242854855	0.7806474681305523	0.5172413793103449	0.5531135531135531	0.7011494252873564	0.8504734798313536
lcl|CM001196.1_cds_EGP91435.1_1238 [locus_tag=MYCGRDRAFT_107402] [db_xref=JGIDB:Mycgr3_107402] [protein=hypothetical protein] [protein_id=EGP91435.1] [location=3784739..3788014] [gbkey=CDS]	48.94817234527634	0.8231647122770501	0.5951265229615745	0.5868501529051988	0.6663542642924086	0.8587016016623553
lcl|CM001196.1_cds_EGP91436.1_1239 [locus_tag=MYCGRDRAFT_107403] [db_xref=JGIDB:Mycgr3_107403] [protein=hypothetical protein] [protein_id=EGP91436.1] [location=join(3788293..3788300,3788360..3788412,3789051..3792325)] [gbkey=CDS]	57.350681670620446	0.7380354702880624	0.41582336706531736	0.5630630630630631	0.5528978840846366	0.8562103107148471
lcl|CM001196.1_cds_EGP92181.1_1240 [locus_tag=MYCGRDRAFT_66624] [db_xref=InterPro:IPR009914,JGIDB:Mycgr3_66624] [protein=hypothetical protein] [protein_id=EGP92181.1] [location=complement(join(3792813..3793001,3793059..3793139,3793193..3793210))] [gbkey=CDS]	47.7769375905986	0.8019129370514645	0.5842696629213483	0.5638297872340425	0.6853932584269663	0.8563081007980355
lcl|CM001196.1_cds_EGP91437.1_1241 [locus_tag=MYCGRDRAFT_78786] [db_xref=InterPro:IPR006689,JGIDB:Mycgr3_78786] [protein=hypothetical protein] [protein_id=EGP91437.1] [location=join(3793539..3793557,3793618..3793703,3793770..3794234)] [gbkey=CDS]	44.016063797024394	0.8715325549105166	0.7206703910614525	0.5921985815602837	0.7988826815642458	0.855594232795247
lcl|CM001196.1_cds_EGP91438.1_1243 [locus_tag=MYCGRDRAFT_107406] [db_xref=InterPro:IPR000182,JGIDB:Mycgr3_107406] [protein=hypothetical protein] [protein_id=EGP91438.1] [location=join(3799468..3803931,3804616..3804892,3804950..3805128,3805181..3805510)] [gbkey=CDS]	57.43469526671959	0.7508636949483605	0.4378314672952269	0.5526315789473685	0.5462581025338833	0.8564159678616428
lcl|CM001196.1_cds_EGP92178.1_1245 [locus_tag=MYCGRDRAFT_98644] [db_xref=InterPro:IPR001849,JGIDB:Mycgr3_98644] [protein=hypothetical protein] [protein_id=EGP92178.1] [location=complement(join(3807542..3809658,3809740..3811693))] [gbkey=CDS]	55.97061904160591	0.74976185475366	0.48394495412844035	0.5571955719557196	0.5840978593272171	0.8569608492193347
lcl|CM001196.1_cds_EGP91439.1_1246 [locus_tag=MYCGRDRAFT_66635] [db_xref=InterPro:IPR001680,JGIDB:Mycgr3_66635] [protein=hypothetical protein] [protein_id=EGP91439.1] [location=join(3812580..3813579,3813628..3815284,3815404..3815478,3815650..3815836)] [gbkey=CDS]	56.135833549925245	0.7536746622827626	0.4804646251319958	0.5599038791623756	0.587117212249208	0.8562625013168227
lcl|CM001196.1_cds_EGP92177.1_1247 [locus_tag=MYCGRDRAFT_102657] [db_xref=JGIDB:Mycgr3_102657] [protein=hypothetical protein] [protein_id=EGP92177.1] [location=complement(join(3816588..3817175,3817236..3817259))] [gbkey=CDS]	53.72862040291377	0.7893890848419055	0.46766169154228854	0.570957095709571	0.5472636815920398	0.8562091132504782
lcl|CM001196.1_cds_EGP92176.1_1248 [locus_tag=MYCGRDRAFT_102658] [db_xref=JGIDB:Mycgr3_102658] [protein=hypothetical protein] [protein_id=EGP92176.1] [location=complement(join(3817783..3818001,3818058..3818177))] [gbkey=CDS]	53.86463675390805	0.78751325869987	0.5405405405405406	0.5675675675675675	0.5945945945945946	0.8560893752705889
lcl|CM001196.1_cds_EGP91440.1_1249 [locus_tag=MYCGRDRAFT_53585] [db_xref=JGIDB:Mycgr3_53585] [protein=hypothetical protein] [protein_id=EGP91440.1] [location=join(3818799..3819548,3819604..3820029)] [gbkey=CDS]	54.35789548869199	0.7589744013917372	0.4790575916230366	0.5478632478632479	0.5942408376963351	0.8586699300654579
lcl|CM001196.1_cds_EGP92175.1_1250 [locus_tag=MYCGRDRAFT_107411] [db_xref=JGIDB:Mycgr3_107411] [protein=hypothetical protein] [protein_id=EGP92175.1] [location=complement(join(3821935..3823074,3823253..3823258))] [gbkey=CDS]	52.95153798887947	0.7756903875636868	0.5136612021857924	0.5491228070175439	0.6502732240437158	0.8562930658620465
lcl|CM001196.1_cds_EGP92174.1_1251 [locus_tag=MYCGRDRAFT_107412] [db_xref=InterPro:IPR000804,JGIDB:Mycgr3_107412] [protein=hypothetical protein] [protein_id=EGP92174.1] [location=complement(join(3824215..3824247,3824352..3824626,3824695..3824857))] [gbkey=CDS]	48.216993662677105	0.7829635479226509	0.6133333333333333	0.5225806451612903	0.7066666666666667	0.8600853593491031
lcl|CM001196.1_cds_EGP91441.1_1252 [locus_tag=MYCGRDRAFT_66652] [db_xref=JGIDB:Mycgr3_66652] [protein=hypothetical protein] [protein_id=EGP91441.1] [location=3825339..3826316] [gbkey=CDS]	53.650133218661345	0.7345971234560756	0.45425867507886436	0.551440329218107	0.5615141955835962	0.8611090646529
lcl|CM001196.1_cds_EGP92173.1_1253 [locus_tag=MYCGRDRAFT_66656] [db_xref=InterPro:IPR006139,InterPro:IPR006140,JGIDB:Mycgr3_66656] [protein=hypothetical protein] [protein_id=EGP92173.1] [location=complement(join(3826931..3828193,3828258..3828298,3828348..3828541,3828606..3828886))] [gbkey=CDS]	54.27533740045786	0.7443663890294034	0.4810344827586207	0.5572476029328821	0.6	0.8598851715798378
lcl|CM001196.1_cds_EGP91442.1_1254 [locus_tag=MYCGRDRAFT_33027] [db_xref=JGIDB:Mycgr3_33027] [protein=hypothetical protein] [protein_id=EGP91442.1] [location=join(3830405..3830809,3830876..3831003,3831061..3831196)] [gbkey=CDS]	53.410035980976694	0.7524377485347119	0.49074074074074076	0.55052790346908	0.5972222222222222	0.8591371113993599
lcl|CM001196.1_cds_EGP91443.1_1255 [locus_tag=MYCGRDRAFT_83965] [db_xref=InterPro:IPR000569,JGIDB:Mycgr3_83965] [protein=hypothetical protein] [protein_id=EGP91443.1] [location=join(3831799..3832049,3832110..3832279,3832424..3837316,3837373..3837569)] [gbkey=CDS]	53.4207103112069	0.7864295652537537	0.5220793739519285	0.5667574931880109	0.6372275013974288	0.8572948792566089
lcl|CM001196.1_cds_EGP91444.1_1256 [locus_tag=MYCGRDRAFT_66658] [db_xref=InterPro:IPR001670,JGIDB:Mycgr3_66658] [protein=hypothetical protein] [protein_id=EGP91444.1] [location=join(3837904..3838322,3838375..3838897,3838947..3839492)] [gbkey=CDS]	52.19963040868598	0.7774179798697523	0.5458333333333333	0.558029689608637	0.6145833333333334	0.8584155994983695
lcl|CM001196.1_cds_EGP91445.1_1258 [locus_tag=MYCGRDRAFT_31911] [db_xref=InterPro:IPR001099,JGIDB:Mycgr3_31911] [protein=hypothetical protein] [protein_id=EGP91445.1] [location=join(3840795..3840946,3840995..3841533,3841693..3842045)] [gbkey=CDS]	52.65668197053535	0.7490179226514871	0.43026706231454004	0.5578034682080925	0.543026706231454	0.8537195582885084
lcl|CM001196.1_cds_EGP91446.1_1259 [locus_tag=MYCGRDRAFT_89702] [db_xref=JGIDB:Mycgr3_89702] [protein=hypothetical protein] [protein_id=EGP91446.1] [location=join(3842408..3843016,3843112..3843190,3843607..3843692)] [gbkey=CDS]	53.172538726006366	0.7803189568852277	0.4820717131474104	0.5677083333333334	0.6095617529880478	0.8512236658866892
lcl|CM001196.1_cds_EGP92171.1_1260 [locus_tag=MYCGRDRAFT_89703] [db_xref=JGIDB:Mycgr3_89703] [protein=hypothetical protein] [protein_id=EGP92171.1] [location=complement(join(3854441..3856099,3856157..3856370,3856430..3856440))] [gbkey=CDS]	51.33137573477381	0.8023556199532502	0.5688524590163935	0.5878594249201278	0.6770491803278689	0.855952232740354
lcl|CM001196.1_cds_EGP92170.1_1261 [locus_tag=MYCGRDRAFT_89704] [db_xref=JGIDB:Mycgr3_89704] [protein=hypothetical protein] [protein_id=EGP92170.1] [location=complement(join(3856940..3856989,3857041..3857369,3857422..3857474))] [gbkey=CDS]	51.38833763956332	0.8298450432261183	0.6102941176470589	0.568075117370892	0.6617647058823529	0.8567709247513893
lcl|CM001196.1_cds_EGP91447.1_1262 [locus_tag=MYCGRDRAFT_89705] [db_xref=JGIDB:Mycgr3_89705] [protein=hypothetical protein] [protein_id=EGP91447.1] [location=join(3858650..3858989,3859127..3859188)] [gbkey=CDS]	47.971766047746875	0.8333055968124957	0.5923076923076923	0.5833333333333334	0.7	0.8447865313898353
lcl|CM001196.1_cds_EGP91448.1_1263 [locus_tag=MYCGRDRAFT_107417] [db_xref=JGIDB:Mycgr3_107417] [protein=hypothetical protein] [protein_id=EGP91448.1] [location=3859854..3860702] [gbkey=CDS]	53.66329591585742	0.7617648158125975	0.4944237918215613	0.5599051008303677	0.620817843866171	0.85488095991415
lcl|CM001196.1_cds_EGP92169.1_1264 [locus_tag=MYCGRDRAFT_66663] [db_xref=InterPro:IPR007109,JGIDB:Mycgr3_66663] [protein=hypothetical protein] [frame=2] [partial=5'] [protein_id=EGP92169.1] [location=complement(3861310..>3862198)] [gbkey=CDS]	51.02635795227833	0.7692548093092366	0.5051903114186851	0.5555555555555556	0.6228373702422145	0.864048088125892
lcl|CM001196.1_cds_EGP91449.1_1265 [locus_tag=MYCGRDRAFT_107419] [db_xref=JGIDB:Mycgr3_107419] [protein=hypothetical protein] [protein_id=EGP91449.1] [location=join(3862554..3863936,3865173..3865832)] [gbkey=CDS]	49.838109303102456	0.8058558549779099	0.5725190839694656	0.5733922434953362	0.6610687022900763	0.8558685652251136
lcl|CM001196.1_cds_EGP92168.1_1266 [locus_tag=MYCGRDRAFT_34668] [db_xref=InterPro:IPR000120,JGIDB:Mycgr3_34668] [protein=hypothetical protein] [protein_id=EGP92168.1] [location=complement(3866515..3868158)] [gbkey=CDS]	54.16201746654419	0.7358645227181714	0.48872180451127817	0.5543345543345544	0.575187969924812	0.8605459956193393
lcl|CM001196.1_cds_EGP92167.1_1267 [locus_tag=MYCGRDRAFT_78804] [db_xref=JGIDB:Mycgr3_78804] [protein=hypothetical protein] [protein_id=EGP92167.1] [location=complement(join(3868361..3868670,3868747..3868799))] [gbkey=CDS]	49.154008652681505	0.8357519117608353	0.5739130434782609	0.6274509803921569	0.7304347826086957	0.8593983794169447
lcl|CM001196.1_cds_EGP91450.1_1268 [locus_tag=MYCGRDRAFT_78806] [db_xref=JGIDB:Mycgr3_78806] [protein=hypothetical protein] [protein_id=EGP91450.1] [location=join(3869201..3869325,3869383..3869521)] [gbkey=CDS]	47.91433695946913	0.8172378017126503	0.5882352941176471	0.5658914728682171	0.6705882352941176	0.85488095991415
lcl|CM001196.1_cds_EGP92166.1_1269 [locus_tag=MYCGRDRAFT_66670] [db_xref=JGIDB:Mycgr3_66670] [protein=hypothetical protein] [protein_id=EGP92166.1] [location=complement(join(3869616..3870475,3870644..3872648))] [gbkey=CDS]	53.45907083840606	0.7651254357662188	0.4919093851132686	0.5435466946484785	0.6364617044228694	0.8598179085828266
lcl|CM001196.1_cds_EGP92165.1_1270 [locus_tag=MYCGRDRAFT_66671] [db_xref=InterPro:IPR001452,InterPro:IPR007131,InterPro:IPR011511,JGIDB:Mycgr3_66671] [protein=hypothetical protein] [protein_id=EGP92165.1] [location=complement(join(3872992..3873017,3873077..3873528,3873580..3876503))] [gbkey=CDS]	56.593568009990726	0.7622463157490262	0.44	0.5783274440518257	0.5672727272727273	0.8576087177439684
lcl|CM001196.1_cds_EGP92164.1_1271 [locus_tag=MYCGRDRAFT_66675] [db_xref=InterPro:IPR000330,InterPro:IPR001650,JGIDB:Mycgr3_66675] [protein=SNF2 family DNA-dependent ATPase domain-containing protein] [protein_id=EGP92164.1] [location=complement(join(3877046..3878028,3878077..3878227,3878327..3878974,3879110..3880891))] [gbkey=CDS]	57.45689387943906	0.7324516961291622	0.4538327526132404	0.5508712759977515	0.5696864111498258	0.8585051978534965
lcl|CM001196.1_cds_EGP91451.1_1272 [locus_tag=MYCGRDRAFT_83972] [db_xref=InterPro:IPR007146,JGIDB:Mycgr3_83972] [protein=hypothetical protein] [protein_id=EGP91451.1] [location=3881224..3883101] [gbkey=CDS]	55.55143123756076	0.76594565110323	0.4645799011532125	0.5496794871794872	0.5963756177924218	0.8587562379126404
lcl|CM001196.1_cds_EGP91452.1_1273 [locus_tag=MYCGRDRAFT_66678] [db_xref=JGIDB:Mycgr3_66678] [protein=hypothetical protein] [protein_id=EGP91452.1] [location=join(3883636..3883776,3883836..3884339)] [gbkey=CDS]	52.85690834957172	0.7628482699257092	0.46116504854368934	0.5978090766823161	0.6504854368932039	0.8586650679096506
lcl|CM001196.1_cds_EGP91453.1_1274 [locus_tag=MYCGRDRAFT_98656] [db_xref=InterPro:IPR002422,JGIDB:Mycgr3_98656] [protein=hypothetical protein] [protein_id=EGP91453.1] [location=join(3885252..3885563,3885690..3885832,3885883..3885963,3886016..3886087,3886162..3886471,3886526..3886615,3886673..3887272)] [gbkey=CDS]	49.13985853471716	0.7962823113367652	0.5708661417322834	0.5480649188514357	0.6811023622047244	0.85488095991415
lcl|CM001196.1_cds_EGP91454.1_1275 [locus_tag=MYCGRDRAFT_66684] [db_xref=InterPro:IPR007318,JGIDB:Mycgr3_66684] [protein=hypothetical protein] [protein_id=EGP91454.1] [location=join(3900338..3900386,3900457..3901019)] [gbkey=CDS]	51.03829886815062	0.7820605345611118	0.5487179487179488	0.5577557755775577	0.7128205128205128	0.856873963506519
lcl|CM001196.1_cds_EGP91455.1_1277 [locus_tag=MYCGRDRAFT_83976] [db_xref=JGIDB:Mycgr3_83976] [protein=hypothetical protein] [protein_id=EGP91455.1] [location=3902431..3902934] [gbkey=CDS]	53.36218404261855	0.737681670040512	0.4645161290322581	0.5682730923694779	0.5935483870967742	0.8605519503435702
lcl|CM001196.1_cds_EGP92162.1_1278 [locus_tag=MYCGRDRAFT_66686] [db_xref=InterPro:IPR001650,InterPro:IPR007502,InterPro:IPR011545,JGIDB:Mycgr3_66686] [protein=hypothetical protein] [protein_id=EGP92162.1] [location=complement(join(3902971..3904761,3904836..3905039))] [gbkey=CDS]	53.07861756674077	0.7687098298928645	0.4921875	0.5414781297134238	0.6265625	0.8585277948730156
lcl|CM001196.1_cds_EGP91456.1_1279 [locus_tag=MYCGRDRAFT_107425] [db_xref=InterPro:IPR003892,JGIDB:Mycgr3_107425] [protein=hypothetical protein] [protein_id=EGP91456.1] [location=join(3905414..3906332,3906387..3906802)] [gbkey=CDS]	53.65425716107712	0.7989461551911332	0.48291571753986334	0.5613243039879608	0.5876993166287016	0.8585195452457561
lcl|CM001196.1_cds_EGP91457.1_1280 [locus_tag=MYCGRDRAFT_31414] [db_xref=InterPro:IPR000504,JGIDB:Mycgr3_31414] [protein=hypothetical protein] [protein_id=EGP91457.1] [location=join(3907116..3909113,3909186..3909410)] [gbkey=CDS]	54.78608719674377	0.7698498754798717	0.503448275862069	0.5511953089760938	0.6041379310344828	0.857242147188981
lcl|CM001196.1_cds_EGP92161.1_1281 [locus_tag=MYCGRDRAFT_98659] [db_xref=InterPro:IPR001199,JGIDB:Mycgr3_98659] [protein=hypothetical protein] [protein_id=EGP92161.1] [location=complement(join(3911336..3911520,3911587..3911682,3911742..3911829))] [gbkey=CDS]	50.97350860004138	0.7897041050708736	0.5294117647058824	0.5261707988980716	0.6386554621848739	0.8570993604277563
lcl|CM001196.1_cds_EGP92160.1_1282 [locus_tag=MYCGRDRAFT_31949] [db_xref=InterPro:IPR006035,JGIDB:Mycgr3_31949] [protein=hypothetical protein] [protein_id=EGP92160.1] [location=complement(join(3912147..3912274,3912326..3912428,3912484..3912797,3912857..3913001,3913052..3913093,3913142..3913201,3913260..3913361,3913419..3913682))] [gbkey=CDS]	53.98245291046579	0.7530283677955927	0.44148936170212766	0.5442708333333334	0.5611702127659575	0.8576780130634953
lcl|CM001196.1_cds_EGP92159.1_1283 [gene=MgINO1] [locus_tag=MYCGRDRAFT_107427] [db_xref=InterPro:IPR002587,JGIDB:Mycgr3_107427] [protein=inositol 1-phosphate synthase protein] [protein_id=EGP92159.1] [location=complement(3914275..3915879)] [gbkey=CDS]	45.646662582774326	0.8364349393142282	0.6640625	0.555972482801751	0.6953125	0.8573994728064125
lcl|CM001196.1_cds_EGP92158.1_1284 [locus_tag=MYCGRDRAFT_89718] [db_xref=InterPro:IPR001841,JGIDB:Mycgr3_89718] [protein=hypothetical protein] [protein_id=EGP92158.1] [location=complement(join(3918636..3918777,3918838..3919583))] [gbkey=CDS]	53.49944772650916	0.7580529804549745	0.4862068965517241	0.5589569160997733	0.5862068965517241	0.854425165167876
lcl|CM001196.1_cds_EGP91458.1_1285 [locus_tag=MYCGRDRAFT_89719] [db_xref=JGIDB:Mycgr3_89719] [protein=hypothetical protein] [protein_id=EGP91458.1] [location=join(3921544..3921913,3922115..3922226,3922585..3922844,3922897..3924812)] [gbkey=CDS]	54.141447986865444	0.7703013683571608	0.4929411764705882	0.5380844645550528	0.5764705882352941	0.8532146749631729
lcl|CM001196.1_cds_EGP91459.1_1286 [locus_tag=MYCGRDRAFT_89720] [db_xref=JGIDB:Mycgr3_89720] [protein=hypothetical protein] [protein_id=EGP91459.1] [location=join(3926387..3926603,3926655..3926705,3926759..3926839,3926975..3927318)] [gbkey=CDS]	45.838802041718964	0.8158256278960421	0.6334841628959276	0.5836972343522562	0.6832579185520362	0.85488095991415
lcl|CM001196.1_cds_EGP91460.1_1287 [locus_tag=MYCGRDRAFT_66700] [db_xref=InterPro:IPR005317,JGIDB:Mycgr3_66700] [protein=hypothetical protein] [protein_id=EGP91460.1] [location=join(3927755..3928706,3928807..3929015,3929111..3929409,3929459..3929729,3929780..3930169)] [gbkey=CDS]	52.105933965249406	0.7896308771340556	0.5513196480938416	0.5456264775413712	0.6524926686217009	0.8554515306251743
lcl|CM001196.1_cds_EGP92157.1_1288 [locus_tag=MYCGRDRAFT_98662] [db_xref=InterPro:IPR008532,JGIDB:Mycgr3_98662] [protein=hypothetical protein] [protein_id=EGP92157.1] [location=complement(join(3930645..3930791,3930857..3931278,3931332..3931404))] [gbkey=CDS]	51.06730318913862	0.7994089213248913	0.5566502463054187	0.5125786163522013	0.6945812807881774	0.8586829571091691
lcl|CM001196.1_cds_EGP92155.1_1291 [locus_tag=MYCGRDRAFT_102682] [db_xref=JGIDB:Mycgr3_102682] [protein=hypothetical protein] [protein_id=EGP92155.1] [location=complement(join(3934447..3934834,3934889..3935016))] [gbkey=CDS]	54.208494467933626	0.8120905650302478	0.5654761904761905	0.6019607843137255	0.6547619047619048	0.8572496364142717
lcl|CM001196.1_cds_EGP91462.1_1292 [locus_tag=MYCGRDRAFT_98664] [db_xref=InterPro:IPR000631,JGIDB:Mycgr3_98664] [protein=hypothetical protein] [protein_id=EGP91462.1] [location=join(3935363..3935444,3935501..3935598,3935655..3936458)] [gbkey=CDS]	49.83892445891452	0.802451921323802	0.5583596214511041	0.5541922290388548	0.6908517350157729	0.85488095991415
lcl|CM001196.1_cds_EGP91463.1_1293 [locus_tag=MYCGRDRAFT_98665] [db_xref=JGIDB:Mycgr3_98665] [protein=hypothetical protein] [protein_id=EGP91463.1] [location=join(3938143..3938222,3938280..3938296,3938361..3938701,3938766..3939014,3939084..3939425)] [gbkey=CDS]	49.74418011816913	0.7747301314963819	0.5290519877675841	0.5513196480938416	0.7217125382262997	0.8560610057927203
lcl|CM001196.1_cds_EGP91464.1_1294 [locus_tag=MYCGRDRAFT_89727] [db_xref=InterPro:IPR001092,JGIDB:Mycgr3_89727] [protein=hypothetical protein] [protein_id=EGP91464.1] [location=join(3941960..3942119,3942305..3943012,3943064..3943300,3943356..3943714)] [gbkey=CDS]	52.733278140907416	0.7955535880995056	0.49471458773784355	0.5679012345679012	0.5961945031712473	0.857643425810858
lcl|CM001196.1_cds_EGP91465.1_1295 [locus_tag=MYCGRDRAFT_66711] [db_xref=InterPro:IPR002591,JGIDB:Mycgr3_66711] [protein=hypothetical protein] [protein_id=EGP91465.1] [location=join(3944599..3945021,3945110..3946822)] [gbkey=CDS]	54.03932587185305	0.7529113727222965	0.4412191582002903	0.5544600938967136	0.6052249637155298	0.8586650679096506
lcl|CM001196.1_cds_EGP92154.1_1296 [locus_tag=MYCGRDRAFT_35337] [db_xref=InterPro:IPR003402,JGIDB:Mycgr3_35337] [protein=hypothetical protein] [protein_id=EGP92154.1] [location=complement(join(3947048..3948176,3948219..3948472))] [gbkey=CDS]	53.42295518362574	0.7457718184897533	0.48873873873873874	0.5156136528685549	0.5945945945945946	0.8560498575869174
lcl|CM001196.1_cds_EGP91466.1_1297 [locus_tag=MYCGRDRAFT_33699] [db_xref=InterPro:IPR001752,JGIDB:Mycgr3_33699] [protein=hypothetical protein] [protein_id=EGP91466.1] [location=3948919..3953829] [gbkey=CDS]	55.26511944725808	0.7639237052969575	0.4799745708836618	0.5410805300713558	0.6083916083916084	0.8594018422176218
lcl|CM001196.1_cds_EGP91467.1_1298 [locus_tag=MYCGRDRAFT_33249] [db_xref=JGIDB:Mycgr3_33249] [protein=hypothetical protein] [protein_id=EGP91467.1] [location=join(3954201..3954346,3954406..3954712,3954824..3954842,3954892..3955514)] [gbkey=CDS]	53.22082306997164	0.7702256755222918	0.4942857142857143	0.5500459136822773	0.5628571428571428	0.8574696531237694
lcl|CM001196.1_cds_EGP91468.1_1300 [locus_tag=MYCGRDRAFT_33254] [db_xref=InterPro:IPR005103,JGIDB:Mycgr3_33254] [protein=endo-1,4-beta-glucanase glycosyl hydrolase family 61] [protein_id=EGP91468.1] [location=join(3959301..3959789,3959849..3960322)] [gbkey=CDS]	49.415911698887875	0.7909999009301978	0.570957095709571	0.5799373040752351	0.6567656765676567	0.8557217454638024
lcl|CM001196.1_cds_EGP92152.1_1301 [locus_tag=MYCGRDRAFT_89734] [db_xref=JGIDB:Mycgr3_89734] [protein=hypothetical protein] [protein_id=EGP92152.1] [location=complement(3960851..3961483)] [gbkey=CDS]	35.89897717345988	0.8926036696832689	0.7794117647058824	0.6363636363636364	0.8137254901960784	0.8561645962659906
lcl|CM001196.1_cds_EGP92151.1_1302 [locus_tag=MYCGRDRAFT_219785] [db_xref=JGIDB:Mycgr3_219785] [protein=putative ABC transporter] [protein_id=EGP92151.1] [location=complement(3964770..3966572)] [gbkey=CDS]	51.86278239841087	0.7812794487192447	0.5565371024734982	0.552031163049527	0.6289752650176679	0.8555525393828124
lcl|CM001196.1_cds_EGP92150.1_1303 [gene=SDH1] [locus_tag=MYCGRDRAFT_53658] [db_xref=InterPro:IPR003953,InterPro:IPR004112,JGIDB:Mycgr3_53658] [protein=succinate dehydrogenase flavoprotein subunit] [protein_id=EGP92150.1] [location=complement(join(3967872..3968202,3968256..3969856))] [gbkey=CDS]	44.891942352635475	0.8171676731722121	0.6607717041800643	0.5773624091381101	0.6607717041800643	0.8507154594562251
lcl|CM001196.1_cds_EGP91469.1_1304 [locus_tag=MYCGRDRAFT_89737] [db_xref=JGIDB:Mycgr3_89737] [protein=hypothetical protein] [protein_id=EGP91469.1] [location=join(3970616..3970994,3971046..3971309,3971836..3971912)] [gbkey=CDS]	52.982109024225096	0.7742970097701299	0.45021645021645024	0.5574229691876751	0.6103896103896104	0.8470325389395135
lcl|CM001196.1_cds_EGP92149.1_1307 [locus_tag=MYCGRDRAFT_107437] [db_xref=InterPro:IPR010666,JGIDB:Mycgr3_107437] [protein=hypothetical protein] [protein_id=EGP92149.1] [location=complement(3983382..3984554)] [gbkey=CDS]	53.802673120381286	0.7593309569776251	0.4461942257217848	0.5758354755784062	0.5800524934383202	0.8597186362193723
lcl|CM001196.1_cds_EGP92148.1_1309 [locus_tag=MYCGRDRAFT_98669] [db_xref=JGIDB:Mycgr3_98669] [protein=hypothetical protein] [protein_id=EGP92148.1] [location=complement(join(3986378..3986752,3986846..3987010,3987074..3987217,3987325..3987597))] [gbkey=CDS]	52.372430207644896	0.7771569571930712	0.5207667731629393	0.5636172450052577	0.6293929712460063	0.8565739829382327
lcl|CM001196.1_cds_EGP92147.1_1310 [locus_tag=MYCGRDRAFT_89741] [db_xref=JGIDB:Mycgr3_89741] [protein=hypothetical protein] [protein_id=EGP92147.1] [location=complement(3988141..3989406)] [gbkey=CDS]	54.11762152927221	0.7720873904194113	0.4628712871287129	0.5547619047619048	0.5767326732673267	0.8574379074822962
lcl|CM001196.1_cds_EGP92146.1_1311 [locus_tag=MYCGRDRAFT_53663] [db_xref=InterPro:IPR006816,JGIDB:Mycgr3_53663] [protein=hypothetical protein] [protein_id=EGP92146.1] [location=complement(join(3993164..3995029,3995162..3995431))] [gbkey=CDS]	49.52942985405408	0.796273594995826	0.5486725663716814	0.5647887323943662	0.6622418879056047	0.8582859045692149
lcl|CM001196.1_cds_EGP92145.1_1312 [locus_tag=MYCGRDRAFT_102692] [db_xref=JGIDB:Mycgr3_102692] [protein=hypothetical protein] [protein_id=EGP92145.1] [location=complement(join(3997055..3997076,3997133..3998206,3998266..3998930))] [gbkey=CDS]	53.69127300271048	0.7612496512467501	0.46371681415929206	0.5401709401709401	0.5734513274336284	0.8560273637201696
lcl|CM001196.1_cds_EGP92144.1_1313 [locus_tag=MYCGRDRAFT_89744] [db_xref=JGIDB:Mycgr3_89744] [protein=hypothetical protein] [protein_id=EGP92144.1] [location=complement(join(3999863..4000106,4000165..4000341,4000433..4000459,4001357..4001414,4001831..4001954))] [gbkey=CDS]	51.067502791545095	0.759823807417119	0.49504950495049505	0.5833333333333334	0.6089108910891089	0.8529498837902691
lcl|CM001196.1_cds_EGP91473.1_1315 [locus_tag=MYCGRDRAFT_107442] [db_xref=JGIDB:Mycgr3_107442] [protein=hypothetical protein] [protein_id=EGP91473.1] [location=join(4008318..4008429,4008533..4008609,4008681..4008741,4008829..4009030,4009130..4009258,4009350..4009696,4009748..4009851,4009905..4009945,4010100..4010345,4010632..4010758,4010816..4011592,4011652..4012080,4012137..4012529)] [gbkey=CDS]	51.838198007681704	0.8003053614646928	0.5711361310133061	0.558736426456071	0.631525076765609	0.8552780098141325
lcl|CM001196.1_cds_EGP92142.1_1316 [locus_tag=MYCGRDRAFT_107443] [db_xref=JGIDB:Mycgr3_107443] [protein=hypothetical protein] [protein_id=EGP92142.1] [location=complement(join(4013858..4014139,4014275..4015057,4015167..4015268))] [gbkey=CDS]	52.61284607095605	0.7375617413227208	0.45187165775401067	0.5193798449612403	0.5561497326203209	0.858003845166887
lcl|CM001196.1_cds_EGP92141.1_1317 [locus_tag=MYCGRDRAFT_66728] [db_xref=InterPro:IPR001326,JGIDB:Mycgr3_66728] [protein=hypothetical protein] [protein_id=EGP92141.1] [location=complement(join(4015725..4015954,4016012..4016397,4016601..4016640,4016694..4016733))] [gbkey=CDS]	43.58665879890523	0.8570465123256693	0.7142857142857143	0.5753623188405798	0.7142857142857143	0.8560473147723492
lcl|CM001196.1_cds_EGP91474.1_1318 [locus_tag=MYCGRDRAFT_66729] [db_xref=InterPro:IPR003959,JGIDB:Mycgr3_66729] [protein=hypothetical protein] [protein_id=EGP91474.1] [location=4017312..4019690] [gbkey=CDS]	55.34006073662384	0.748713889029209	0.5051282051282051	0.549093973872735	0.5858974358974359	0.8579366089914113
lcl|CM001196.1_cds_EGP91475.1_1319 [locus_tag=MYCGRDRAFT_53676] [db_xref=InterPro:IPR004364,InterPro:IPR004365,JGIDB:Mycgr3_53676] [protein=hypothetical protein] [protein_id=EGP91475.1] [location=join(4021562..4024157,4024216..4024278,4024381..4024409)] [gbkey=CDS]	52.09241353427612	0.786493962415554	0.5635103926096998	0.5428784489187174	0.6108545034642032	0.8560812594095226
lcl|CM001196.1_cds_EGP91476.1_1321 [locus_tag=MYCGRDRAFT_89752] [db_xref=InterPro:IPR004307,JGIDB:Mycgr3_89752] [protein=hypothetical protein] [protein_id=EGP91476.1] [location=join(4028803..4029087,4029147..4029431)] [gbkey=CDS]	48.6376484725443	0.8179693690488256	0.5786516853932584	0.5726950354609929	0.702247191011236	0.8606038342056512
lcl|CM001196.1_cds_EGP91477.1_1322 [locus_tag=MYCGRDRAFT_107448] [db_xref=InterPro:IPR007087,JGIDB:Mycgr3_107448] [protein=hypothetical protein] [protein_id=EGP91477.1] [location=join(4030552..4030593,4030648..4031219,4031279..4031548,4031604..4032161,4032256..4032841)] [gbkey=CDS]	54.265851508134325	0.7798649754715611	0.49922239502332816	0.5420375865479723	0.6049766718506998	0.8572707520007309
lcl|CM001196.1_cds_EGP91478.1_1323 [locus_tag=MYCGRDRAFT_66739] [db_xref=JGIDB:Mycgr3_66739] [protein=hypothetical protein] [protein_id=EGP91478.1] [location=join(4033258..4033281,4033355..4033965,4034095..4034152)] [gbkey=CDS]	45.814375859582974	0.8284337184097176	0.6454545454545455	0.5836972343522562	0.7681818181818182	0.8607542924346944
lcl|CM001196.1_cds_EGP92139.1_1324 [locus_tag=MYCGRDRAFT_89755] [db_xref=JGIDB:Mycgr3_89755] [protein=hypothetical protein] [protein_id=EGP92139.1] [location=complement(join(4034919..4037290,4037340..4037700))] [gbkey=CDS]	52.39414454833799	0.7878601385889347	0.5165336374002281	0.5625229189585625	0.6202964652223489	0.8544387001231142
lcl|CM001196.1_cds_EGP91480.1_1326 [locus_tag=MYCGRDRAFT_102703] [db_xref=JGIDB:Mycgr3_102703] [protein=hypothetical protein] [protein_id=EGP91480.1] [location=4042041..4042673] [gbkey=CDS]	53.27393376150001	0.7724244386000131	0.5097087378640777	0.594896331738437	0.6310679611650486	0.8574501600467493
lcl|CM001196.1_cds_EGP92138.1_1327 [locus_tag=MYCGRDRAFT_66746] [db_xref=JGIDB:Mycgr3_66746] [protein=hypothetical protein] [protein_id=EGP92138.1] [location=complement(join(4044020..4044093,4044218..4044395,4044503..4044523))] [gbkey=CDS]	45.662398821788756	0.8297266115381248	0.6818181818181818	0.5617977528089888	0.7613636363636364	0.85488095991415
lcl|CM001196.1_cds_EGP91481.1_1328 [locus_tag=MYCGRDRAFT_66749] [db_xref=InterPro:IPR001680,JGIDB:Mycgr3_66749] [protein=hypothetical protein] [protein_id=EGP91481.1] [location=join(4044809..4044937,4044990..4046918)] [gbkey=CDS]	54.003828944711266	0.7761007728623879	0.515015015015015	0.5609161793372319	0.6141141141141141	0.8568428478928217
lcl|CM001196.1_cds_EGP92137.1_1329 [locus_tag=MYCGRDRAFT_66750] [db_xref=JGIDB:Mycgr3_66750] [protein=hypothetical protein] [protein_id=EGP92137.1] [location=complement(join(4047143..4048206,4048261..4048516))] [gbkey=CDS]	51.4069049450497	0.7879957596438237	0.4928571428571429	0.5730593607305936	0.638095238095238	0.8576396355118104
lcl|CM001196.1_cds_EGP91482.1_1330 [locus_tag=MYCGRDRAFT_66753] [db_xref=InterPro:IPR002198,JGIDB:Mycgr3_66753] [protein=hypothetical protein] [protein_id=EGP91482.1] [location=join(4049157..4049307,4049357..4050062,4050112..4050277)] [gbkey=CDS]	49.369843282221154	0.8154378176494914	0.5391566265060241	0.5644051130776795	0.6716867469879518	0.856860229816485
lcl|CM001196.1_cds_EGP91483.1_1331 [gene=MgASP3] [locus_tag=MYCGRDRAFT_107454] [db_xref=InterPro:IPR001461,JGIDB:Mycgr3_107454] [protein=aspartyl protease] [protein_id=EGP91483.1] [location=join(4050821..4051155,4051212..4052247,4052368..4052433)] [gbkey=CDS]	51.04319488217468	0.7661280622554806	0.5021551724137931	0.5590496156533893	0.6228448275862069	0.8495585024688035
lcl|CM001196.1_cds_EGP91484.1_1332 [locus_tag=MYCGRDRAFT_98679] [db_xref=InterPro:IPR000733,InterPro:IPR002938,JGIDB:Mycgr3_98679] [protein=hypothetical protein] [protein_id=EGP91484.1] [location=join(4054617..4055492,4055588..4055708,4055837..4056618)] [gbkey=CDS]	53.69188762523752	0.7613531858534675	0.477797513321492	0.5572476029328821	0.5914742451154529	0.8571519811112445
lcl|CM001196.1_cds_EGP91487.1_1335 [locus_tag=MYCGRDRAFT_33299] [db_xref=JGIDB:Mycgr3_33299] [protein=hypothetical protein] [protein_id=EGP91487.1] [location=join(4060070..4060125,4060176..4060548)] [gbkey=CDS]	53.98340748839413	0.7342050203629396	0.4632352941176471	0.5437352245862884	0.6029411764705882	0.8586919652868916
lcl|CM001196.1_cds_EGP91488.1_1336 [locus_tag=MYCGRDRAFT_34912] [db_xref=InterPro:IPR000432,InterPro:IPR007696,JGIDB:Mycgr3_34912] [protein=hypothetical protein] [protein_id=EGP91488.1] [location=join(4061366..4062679,4062731..4063524,4063580..4063958,4064010..4064120)] [gbkey=CDS]	52.79063191806464	0.7634800683581401	0.5286396181384249	0.5401234567901234	0.6026252983293556	0.8584565951160921
lcl|CM001196.1_cds_EGP91489.1_1337 [locus_tag=MYCGRDRAFT_66756] [db_xref=InterPro:IPR005828,JGIDB:Mycgr3_66756] [protein=hypothetical protein] [protein_id=EGP91489.1] [location=join(4070261..4070340,4070383..4070894,4070943..4071086,4071204..4071314,4071374..4071579,4071636..4072188,4072270..4072502)] [gbkey=CDS]	53.59754864069606	0.7371079149591431	0.46219931271477666	0.5237315875613748	0.5584192439862543	0.8557589187255954
lcl|CM001196.1_cds_EGP92136.1_1338 [locus_tag=MYCGRDRAFT_34084] [db_xref=InterPro:IPR010400,JGIDB:Mycgr3_34084] [protein=hypothetical protein] [protein_id=EGP92136.1] [location=complement(4072714..4073400)] [gbkey=CDS]	51.147070959406705	0.7598535344023877	0.45701357466063347	0.5491923641703378	0.6470588235294118	0.8584312028859729
lcl|CM001196.1_cds_EGP92135.1_1339 [locus_tag=MYCGRDRAFT_98681] [db_xref=InterPro:IPR005024,JGIDB:Mycgr3_98681] [protein=hypothetical protein] [protein_id=EGP92135.1] [location=complement(join(4073751..4073966,4074020..4074383,4074436..4074479))] [gbkey=CDS]	52.09650233501604	0.7245760337186422	0.405	0.5210355987055016	0.565	0.8620684495820476
lcl|CM001196.1_cds_EGP91490.1_1340 [locus_tag=MYCGRDRAFT_84010] [db_xref=InterPro:IPR003959,JGIDB:Mycgr3_84010] [protein=hypothetical protein] [protein_id=EGP91490.1] [location=4074753..4076825] [gbkey=CDS]	56.13969521795342	0.7411490376264324	0.4434389140271493	0.5403967102080309	0.5520361990950227	0.8572186535271602
lcl|CM001196.1_cds_EGP91491.1_1341 [locus_tag=MYCGRDRAFT_89767] [db_xref=JGIDB:Mycgr3_89767] [protein=hypothetical protein] [protein_id=EGP91491.1] [location=join(4078232..4078469,4078544..4079292)] [gbkey=CDS]	51.134288049750054	0.8148714332762514	0.546583850931677	0.5800203873598369	0.6490683229813664	0.8569329506781922
lcl|CM001196.1_cds_EGP91492.1_1342 [locus_tag=MYCGRDRAFT_66768] [db_xref=JGIDB:Mycgr3_66768] [protein=hypothetical protein] [protein_id=EGP91492.1] [location=join(4079947..4080693,4080748..4081451,4081501..4082329)] [gbkey=CDS]	49.3717501295076	0.8139802701040137	0.605191256830601	0.5602462620932278	0.6598360655737705	0.8568283372376846
lcl|CM001196.1_cds_EGP92134.1_1343 [locus_tag=MYCGRDRAFT_107460] [db_xref=JGIDB:Mycgr3_107460] [protein=hypothetical protein] [protein_id=EGP92134.1] [location=complement(join(4082513..4082543,4082670..4082698,4082765..4082854,4082913..4082994,4083284..4084859,4084912..4086136))] [gbkey=CDS]	56.398560285020096	0.740732637320521	0.4379487179487179	0.5378262305913446	0.56	0.8562104305800545
lcl|CM001196.1_cds_EGP91493.1_1344 [locus_tag=MYCGRDRAFT_84013] [db_xref=JGIDB:Mycgr3_84013] [protein=hypothetical protein] [protein_id=EGP91493.1] [location=join(4086547..4086703,4086763..4087310)] [gbkey=CDS]	52.80806246831913	0.7502796811843083	0.4444444444444444	0.530758226037196	0.5955555555555555	0.8600741572563372
lcl|CM001196.1_cds_EGP91494.1_1345 [locus_tag=MYCGRDRAFT_66773] [db_xref=InterPro:IPR005828,JGIDB:Mycgr3_66773] [protein=hypothetical protein] [protein_id=EGP91494.1] [location=join(4088238..4088592,4088648..4089436,4089492..4089624,4089714..4090158)] [gbkey=CDS]	54.758314648873714	0.7387980796435366	0.4635036496350365	0.541958041958042	0.5912408759124088	0.860523530439799
lcl|CM001196.1_cds_EGP92133.1_1346 [locus_tag=MYCGRDRAFT_107461] [db_xref=InterPro:IPR001498,JGIDB:Mycgr3_107461] [protein=hypothetical protein] [protein_id=EGP92133.1] [location=complement(4090294..4091079)] [gbkey=CDS]	52.331950963959244	0.7708344609142093	0.46062992125984253	0.5448717948717948	0.6377952755905512	0.8600518971204145
lcl|CM001196.1_cds_EGP91495.1_1347 [locus_tag=MYCGRDRAFT_107462] [db_xref=InterPro:IPR000399,JGIDB:Mycgr3_107462] [protein=hypothetical protein] [protein_id=EGP91495.1] [location=join(4091462..4091740,4091792..4093195)] [gbkey=CDS]	52.57535502113188	0.7747074653730474	0.5045871559633027	0.5444245676803816	0.6201834862385321	0.8539223607984918
lcl|CM001196.1_cds_EGP92132.1_1348 [locus_tag=MYCGRDRAFT_33608] [db_xref=InterPro:IPR003829,InterPro:IPR008778,JGIDB:Mycgr3_33608] [protein=hypothetical protein] [protein_id=EGP92132.1] [location=complement(join(4093800..4094511,4094641..4094701,4094797..4094806,4094877..4095071))] [gbkey=CDS]	50.31382456609344	0.7871000160974987	0.5032258064516129	0.565843621399177	0.603225806451613	0.8561229667360214
lcl|CM001196.1_cds_EGP92131.1_1350 [locus_tag=MYCGRDRAFT_31393] [db_xref=InterPro:IPR001680,JGIDB:Mycgr3_31393] [protein=hypothetical protein] [protein_id=EGP92131.1] [location=complement(join(4096312..4097814,4097997..4098062))] [gbkey=CDS]	55.88368834385964	0.728151055542631	0.40643863179074446	0.5483045425463852	0.5492957746478874	0.859524444987357
lcl|CM001196.1_cds_EGP91497.1_1351 [locus_tag=MYCGRDRAFT_53722] [db_xref=JGIDB:Mycgr3_53722] [protein=hypothetical protein] [protein_id=EGP91497.1] [location=join(4098400..4098902,4098958..4099570)] [gbkey=CDS]	54.823125678670934	0.7244445160467049	0.39325842696629215	0.545045045045045	0.5140449438202247	0.8577840270077773
lcl|CM001196.1_cds_EGP91498.1_1352 [gene=MgFAE2] [locus_tag=MYCGRDRAFT_66784] [db_xref=InterPro:IPR011118,JGIDB:Mycgr3_66784] [protein=putative ferulic acid Esterase/Feruloyl esterase] [protein_id=EGP91498.1] [location=join(4100267..4100581,4100638..4100946,4101003..4101992)] [gbkey=CDS]	52.901273258269825	0.769789521732329	0.46990291262135925	0.5696517412935324	0.6	0.8546309229956361
lcl|CM001196.1_cds_EGP91499.1_1353 [locus_tag=MYCGRDRAFT_102715] [db_xref=JGIDB:Mycgr3_102715] [protein=hypothetical protein] [protein_id=EGP91499.1] [location=4103253..4103438] [gbkey=CDS]	51.097322721398015	0.7486268195980488	0.43103448275862066	0.5722222222222222	0.4827586206896552	0.8482051923884714
lcl|CM001196.1_cds_EGP91500.1_1354 [locus_tag=MYCGRDRAFT_89777] [db_xref=InterPro:IPR004827,JGIDB:Mycgr3_89777] [protein=hypothetical protein] [protein_id=EGP91500.1] [location=join(4104651..4105492,4105547..4106708)] [gbkey=CDS]	55.66505077753072	0.781416762728411	0.49921752738654146	0.555055055055055	0.5805946791862285	0.8570976928044676
lcl|CM001196.1_cds_EGP92130.1_1355 [locus_tag=MYCGRDRAFT_33587] [db_xref=JGIDB:Mycgr3_33587] [protein=hypothetical protein] [protein_id=EGP92130.1] [location=complement(join(4107389..4107425,4107800..4107864,4108154..4108750,4108796..4108987,4109066..4109230))] [gbkey=CDS]	53.81757866792814	0.762999474350514	0.43859649122807015	0.559047619047619	0.5818713450292398	0.860644849376967
lcl|CM001196.1_cds_EGP92129.1_1356 [locus_tag=MYCGRDRAFT_66788] [db_xref=InterPro:IPR000571,JGIDB:Mycgr3_66788] [protein=hypothetical protein] [protein_id=EGP92129.1] [location=complement(join(4109757..4110409,4110564..4111236))] [gbkey=CDS]	52.78675252479849	0.7741207259868197	0.5407925407925408	0.5621212121212121	0.5734265734265734	0.8479029901513011
lcl|CM001196.1_cds_EGP91501.1_1358 [locus_tag=MYCGRDRAFT_66791] [db_xref=InterPro:IPR001680,JGIDB:Mycgr3_66791] [protein=hypothetical protein] [protein_id=EGP91501.1] [location=4113079..4114608] [gbkey=CDS]	53.3506819590414	0.772477673965034	0.465979381443299	0.5636482939632546	0.6061855670103092	0.8588479919866282
lcl|CM001196.1_cds_EGP92127.1_1359 [locus_tag=MYCGRDRAFT_31277] [db_xref=InterPro:IPR001025,InterPro:IPR003959,JGIDB:Mycgr3_31277] [protein=origin of replication binding protein] [protein_id=EGP92127.1] [location=complement(4114672..4116948)] [gbkey=CDS]	54.653634157871714	0.7524631194880684	0.43945578231292515	0.5389696169088507	0.5687074829931973	0.8593191047675082
lcl|CM001196.1_cds_EGP91502.1_1360 [locus_tag=MYCGRDRAFT_66795] [db_xref=JGIDB:Mycgr3_66795] [protein=hypothetical protein] [protein_id=EGP91502.1] [location=4120600..4121352] [gbkey=CDS]	47.14980515985278	0.8341614685677882	0.606694560669456	0.5863453815261044	0.7238493723849372	0.8505853022777098
lcl|CM001196.1_cds_EGP92126.1_1361 [locus_tag=MYCGRDRAFT_66798] [db_xref=InterPro:IPR000504,JGIDB:Mycgr3_66798] [protein=hypothetical protein] [protein_id=EGP92126.1] [location=complement(join(4121818..4121940,4121998..4122184,4122240..4122373))] [gbkey=CDS]	51.04183251157472	0.7894815401139165	0.49295774647887325	0.5502283105022832	0.6056338028169014	0.8594836964525714
lcl|CM001196.1_cds_EGP91503.1_1362 [locus_tag=MYCGRDRAFT_66801] [db_xref=InterPro:IPR001680,JGIDB:Mycgr3_66801] [protein=hypothetical protein] [protein_id=EGP91503.1] [location=join(4122713..4126489,4126545..4126592)] [gbkey=CDS]	53.04881677199334	0.7964321999320554	0.46877534468775345	0.5708300602251899	0.5806974858069749	0.85488095991415
lcl|CM001196.1_cds_EGP91504.1_1363 [locus_tag=MYCGRDRAFT_66803] [db_xref=InterPro:IPR001440,JGIDB:Mycgr3_66803] [protein=hypothetical protein] [protein_id=EGP91504.1] [location=join(4128719..4129360,4129413..4129505,4129558..4129714,4129768..4130012,4130069..4131580)] [gbkey=CDS]	53.11242947691168	0.8060037845394787	0.47754137115839246	0.5891032917139614	0.5803782505910166	0.8560989835914959
lcl|CM001196.1_cds_EGP91505.1_1364 [locus_tag=MYCGRDRAFT_107473] [db_xref=JGIDB:Mycgr3_107473] [protein=hypothetical protein] [protein_id=EGP91505.1] [location=join(4131976..4132030,4132101..4132525,4132599..4132647,4132733..4132797,4132856..4133023)] [gbkey=CDS]	47.853332250436246	0.8020359325702892	0.5778688524590164	0.5793650793650794	0.6762295081967213	0.8543492230067835
lcl|CM001196.1_cds_EGP91506.1_1365 [locus_tag=MYCGRDRAFT_107474] [db_xref=InterPro:IPR001138,JGIDB:Mycgr3_107474] [protein=hypothetical protein] [protein_id=EGP91506.1] [location=4137018..4139588] [gbkey=CDS]	51.55324550430709	0.7993140340875236	0.5528554070473876	0.5563352826510721	0.6585662211421628	0.85050261626764
lcl|CM001196.1_cds_EGP92125.1_1366 [locus_tag=MYCGRDRAFT_66809] [db_xref=InterPro:IPR001345,JGIDB:Mycgr3_66809] [protein=hypothetical protein] [protein_id=EGP92125.1] [location=complement(4142807..4143796)] [gbkey=CDS]	52.505137497529255	0.7683049437573809	0.48757763975155277	0.5660569105691057	0.6024844720496895	0.8606213404421109
lcl|CM001196.1_cds_EGP91507.1_1367 [locus_tag=MYCGRDRAFT_89790] [db_xref=JGIDB:Mycgr3_89790] [protein=hypothetical protein] [protein_id=EGP91507.1] [location=join(4144315..4145754,4145861..4145887)] [gbkey=CDS]	53.42148638026893	0.7836944991264034	0.48427672955974843	0.5571526351813826	0.589098532494759	0.8453018114250984
lcl|CM001196.1_cds_EGP92122.1_1370 [locus_tag=MYCGRDRAFT_35107] [db_xref=JGIDB:Mycgr3_35107] [protein=hypothetical protein] [protein_id=EGP92122.1] [location=complement(4151788..4152804)] [gbkey=CDS]	49.62536848192529	0.7880781608216451	0.5510835913312694	0.5479723046488625	0.7244582043343654	0.858468152097978
lcl|CM001196.1_cds_EGP92121.1_1373 [locus_tag=MYCGRDRAFT_66823] [db_xref=InterPro:IPR001466,JGIDB:Mycgr3_66823] [protein=hypothetical protein] [protein_id=EGP92121.1] [location=complement(4165077..4166738)] [gbkey=CDS]	51.746771323452656	0.7734656240675739	0.5179584120982986	0.5754830917874396	0.6219281663516069	0.8575562119758278
lcl|CM001196.1_cds_EGP92120.1_1374 [gene=SPR3] [locus_tag=MYCGRDRAFT_34374] [db_xref=InterPro:IPR000209,JGIDB:Mycgr3_34374] [protein=subtilisin-like protease] [protein_id=EGP92120.1] [location=complement(4179887..4181194)] [gbkey=CDS]	48.86207417572479	0.7936412311942603	0.5766423357664233	0.5783410138248848	0.6520681265206812	0.8542634899695526
lcl|CM001196.1_cds_EGP91510.1_1375 [locus_tag=MYCGRDRAFT_84034] [db_xref=JGIDB:Mycgr3_84034] [protein=hypothetical protein] [protein_id=EGP91510.1] [location=join(4182209..4183030,4183097..4183420)] [gbkey=CDS]	54.032429853147356	0.7549022709029144	0.43360433604336046	0.5745614035087719	0.5772357723577236	0.8587698662604507
lcl|CM001196.1_cds_EGP92119.1_1377 [locus_tag=MYCGRDRAFT_66828] [db_xref=InterPro:IPR007233,JGIDB:Mycgr3_66828] [protein=hypothetical protein] [protein_id=EGP92119.1] [location=complement(join(4185331..4185734,4185790..4185826))] [gbkey=CDS]	48.857059777211695	0.7847619817286217	0.5174825174825175	0.5517241379310345	0.6993006993006993	0.8595155253528205
lcl|CM001196.1_cds_EGP91512.1_1378 [locus_tag=MYCGRDRAFT_66829] [db_xref=InterPro:IPR000608,JGIDB:Mycgr3_66829] [protein=hypothetical protein] [protein_id=EGP91512.1] [location=join(4186227..4186415,4186470..4186844,4186947..4187116,4187233..4187845)] [gbkey=CDS]	49.035191096768415	0.8158713712223382	0.6121495327102804	0.5421327367636093	0.6588785046728972	0.8524854073329327
lcl|CM001196.1_cds_EGP92118.1_1379 [gene=HAF2401] [locus_tag=MYCGRDRAFT_32789] [db_xref=InterPro:IPR001878,JGIDB:Mycgr3_32789] [protein=transcription initiation factor TFIID, subunit TAF1] [protein_id=EGP92118.1] [location=complement(join(4188955..4189051,4189461..4189522,4189604..4189796,4189857..4190710,4190777..4192439,4192671..4192936))] [gbkey=CDS]	51.44948651403916	0.8034801587077921	0.5746785361028685	0.5589645254074784	0.6399604352126608	0.8570684803440409
lcl|CM001196.1_cds_EGP92117.1_1382 [locus_tag=MYCGRDRAFT_66834] [db_xref=InterPro:IPR006055,JGIDB:Mycgr3_66834] [protein=hypothetical protein] [protein_id=EGP92117.1] [location=complement(4198481..4200667)] [gbkey=CDS]	52.77771661524949	0.7797444638428513	0.5142857142857142	0.557542411737735	0.6042857142857143	0.8528552574034982
lcl|CM001196.1_cds_EGP91515.1_1383 [locus_tag=MYCGRDRAFT_102725] [db_xref=InterPro:IPR004827,JGIDB:Mycgr3_102725] [protein=hypothetical protein] [protein_id=EGP91515.1] [location=join(4202476..4202488,4202543..4203234)] [gbkey=CDS]	48.65569205023676	0.8184491207115319	0.584070796460177	0.5779685264663805	0.6327433628318584	0.8566085322068225
lcl|CM001196.1_cds_EGP91516.1_1384 [locus_tag=MYCGRDRAFT_84039] [db_xref=InterPro:IPR004127,JGIDB:Mycgr3_84039] [protein=hypothetical protein] [protein_id=EGP91516.1] [location=join(4204044..4204050,4204341..4204855)] [gbkey=CDS]	52.083780056981965	0.7509640520706848	0.4476744186046512	0.5232558139534884	0.6046511627906976	0.8627095759100776
lcl|CM001196.1_cds_EGP91517.1_1385 [locus_tag=MYCGRDRAFT_34788] [db_xref=InterPro:IPR001138,InterPro:IPR007219,JGIDB:Mycgr3_34788] [protein=fungal transcriptional regulatory protein] [protein_id=EGP91517.1] [location=join(4205479..4205888,4206003..4206579,4206629..4207885)] [gbkey=CDS]	54.62634614187718	0.7415954085549563	0.4358974358974359	0.546916890080429	0.5754985754985755	0.8559597047670429
lcl|CM001196.1_cds_EGP91518.1_1386 [locus_tag=MYCGRDRAFT_32585] [db_xref=InterPro:IPR000704,JGIDB:Mycgr3_32585] [protein=hypothetical protein] [protein_id=EGP91518.1] [location=4208597..4209907] [gbkey=CDS]	54.54741269258606	0.7669792833101768	0.47743467933491684	0.5762452107279693	0.6104513064133017	0.8558058694860947
lcl|CM001196.1_cds_EGP92115.1_1388 [locus_tag=MYCGRDRAFT_102737] [db_xref=InterPro:IPR001813,JGIDB:Mycgr3_102737] [protein=hypothetical protein] [protein_id=EGP92115.1] [location=complement(join(4213192..4213368,4213423..4213581))] [gbkey=CDS]	41.868736919823014	0.8540216066265167	0.6880733944954128	0.6333333333333333	0.6605504587155964	0.8561003686960005
lcl|CM001196.1_cds_EGP91519.1_1389 [locus_tag=MYCGRDRAFT_107488] [db_xref=JGIDB:Mycgr3_107488] [protein=hypothetical protein] [protein_id=EGP91519.1] [location=join(4214096..4214101,4214148..4215224)] [gbkey=CDS]	53.58541652471381	0.7726388811370639	0.4131054131054131	0.5868152274837511	0.5498575498575499	0.8563757403350188
lcl|CM001196.1_cds_EGP92114.1_1390 [locus_tag=MYCGRDRAFT_66842] [db_xref=InterPro:IPR005576,JGIDB:Mycgr3_66842] [protein=hypothetical protein] [protein_id=EGP92114.1] [location=complement(join(4215854..4216027,4216089..4216418))] [gbkey=CDS]	46.88782731442759	0.7768385629139795	0.5063291139240507	0.5562248995983936	0.7151898734177216	0.8597395114233016
lcl|CM001196.1_cds_EGP91520.1_1391 [locus_tag=MYCGRDRAFT_34736] [db_xref=InterPro:IPR004841,JGIDB:Mycgr3_34736] [protein=hypothetical protein] [protein_id=EGP91520.1] [location=join(4219716..4219868,4219934..4220115,4220152..4220186,4220458..4220483,4220539..4220782,4220833..4220935,4220985..4221182,4221246..4221441,4221494..4221556,4221612..4222022)] [gbkey=CDS]	52.36890439415133	0.7518144676138584	0.4891089108910891	0.5433021806853583	0.6158415841584158	0.849386790749452
lcl|CM001196.1_cds_EGP92113.1_1393 [locus_tag=MYCGRDRAFT_35055] [db_xref=InterPro:IPR000675,JGIDB:Mycgr3_35055] [protein=hypothetical protein] [protein_id=EGP92113.1] [location=complement(join(4225827..4225951,4226006..4226207))] [gbkey=CDS]	50.13275483006017	0.8040754611723359	0.6037735849056604	0.5887850467289719	0.6415094339622641	0.8536291727032058
lcl|CM001196.1_cds_EGP92112.1_1394 [locus_tag=MYCGRDRAFT_89811] [db_xref=JGIDB:Mycgr3_89811] [protein=hypothetical protein] [protein_id=EGP92112.1] [location=complement(join(4226248..4226337,4226391..4226464,4226667..4226828,4226996..4227091,4227186..4227408))] [gbkey=CDS]	52.572268288197115	0.7613348954083696	0.42788461538461536	0.6118935837245696	0.5384615384615384	0.8592973790741871
lcl|CM001196.1_cds_EGP92111.1_1395 [locus_tag=MYCGRDRAFT_102740] [db_xref=InterPro:IPR000915,JGIDB:Mycgr3_102740] [protein=hypothetical protein] [protein_id=EGP92111.1] [location=complement(join(4228779..4229270,4229384..4229488))] [gbkey=CDS]	42.003360309017786	0.865783552425641	0.7346938775510204	0.6006768189509306	0.7806122448979592	0.8562428495628133
lcl|CM001196.1_cds_EGP91522.1_1396 [locus_tag=MYCGRDRAFT_102741] [db_xref=JGIDB:Mycgr3_102741] [protein=hypothetical protein] [protein_id=EGP91522.1] [location=4229889..4230497] [gbkey=CDS]	50.07004699999953	0.8081699184566038	0.5435897435897435	0.5870646766169154	0.6307692307692307	0.8582217840447073
lcl|CM001196.1_cds_EGP92110.1_1397 [locus_tag=MYCGRDRAFT_89814] [db_xref=InterPro:IPR007219,JGIDB:Mycgr3_89814] [protein=fungal specific transcription factor] [protein_id=EGP92110.1] [location=complement(join(4231738..4231935,4231989..4233924,4233981..4234314,4234444..4234531))] [gbkey=CDS]	54.87702827252012	0.7642937503714531	0.47044025157232705	0.5541176470588235	0.5886792452830188	0.8575659554262683
lcl|CM001196.1_cds_EGP91523.1_1398 [locus_tag=MYCGRDRAFT_102744] [db_xref=JGIDB:Mycgr3_102744] [protein=glucosidase II beta subunit-like protein] [protein_id=EGP91523.1] [location=join(4235308..4236114,4236175..4236532,4236590..4237062)] [gbkey=CDS]	54.459383164274776	0.7578108592417284	0.474671669793621	0.5490196078431373	0.6022514071294559	0.8541420915782257
lcl|CM001196.1_cds_EGP92109.1_1399 [locus_tag=MYCGRDRAFT_107492] [db_xref=InterPro:IPR001993,JGIDB:Mycgr3_107492] [protein=hypothetical protein] [protein_id=EGP92109.1] [location=complement(4237264..4238262)] [gbkey=CDS]	51.4159476804112	0.7698714425135937	0.4748427672955975	0.5770392749244713	0.6509433962264151	0.856908123829177
lcl|CM001196.1_cds_EGP91524.1_1400 [locus_tag=MYCGRDRAFT_107493] [db_xref=InterPro:IPR005579,JGIDB:Mycgr3_107493] [protein=hypothetical protein] [protein_id=EGP91524.1] [location=join(4238738..4238965,4239019..4239159)] [gbkey=CDS]	47.33495690062993	0.8328741473370348	0.5603448275862069	0.5922865013774105	0.7241379310344828	0.8604377596941568
lcl|CM001196.1_cds_EGP91525.1_1401 [locus_tag=MYCGRDRAFT_107494] [db_xref=JGIDB:Mycgr3_107494] [protein=hypothetical protein] [protein_id=EGP91525.1] [location=4248253..4249296] [gbkey=CDS]	50.916604200788235	0.8038578498607396	0.4807121661721068	0.5828516377649325	0.6142433234421365	0.8579857610668378
lcl|CM001196.1_cds_EGP91526.1_1402 [locus_tag=MYCGRDRAFT_35031] [db_xref=InterPro:IPR002198,JGIDB:Mycgr3_35031] [protein=hypothetical protein] [protein_id=EGP91526.1] [location=join(4249824..4250193,4250252..4250316,4250379..4250414,4250465..4250556,4250606..4250795)] [gbkey=CDS]	54.166766850867695	0.7453624438011669	0.4435146443514644	0.5502008032128514	0.5774058577405857	0.8543428185548535
lcl|CM001196.1_cds_EGP92108.1_1403 [gene=MgXBX4] [locus_tag=MYCGRDRAFT_98714] [db_xref=InterPro:IPR006710,JGIDB:Mycgr3_98714] [protein=putative xylan 1,4-beta-Xylosidase] [protein_id=EGP92108.1] [location=complement(join(4250849..4251574,4251626..4251874))] [gbkey=CDS]	49.48925790550329	0.7912994305580499	0.5598705501618123	0.5603715170278638	0.6828478964401294	0.8565425030516922
lcl|CM001196.1_cds_EGP92107.1_1404 [locus_tag=MYCGRDRAFT_102749] [db_xref=JGIDB:Mycgr3_102749] [protein=hypothetical protein] [protein_id=EGP92107.1] [location=complement(join(4252618..4252679,4252735..4253800))] [gbkey=CDS]	51.256922441089195	0.7910881501236527	0.5248618784530387	0.5873440285204992	0.6022099447513812	0.8484541456917873
lcl|CM001196.1_cds_EGP92106.1_1405 [gene=MgPME1] [locus_tag=MYCGRDRAFT_66866] [db_xref=InterPro:IPR000070,JGIDB:Mycgr3_66866] [protein=putative pectin methylesterase/Pectinesterase] [protein_id=EGP92106.1] [location=complement(join(4254552..4255109,4255158..4255283,4255343..4255480,4255542..4255712))] [gbkey=CDS]	49.6917603735799	0.809514945945323	0.5993788819875776	0.5775075987841946	0.6987577639751553	0.8512220812335167
lcl|CM001196.1_cds_EGP91527.1_1406 [locus_tag=MYCGRDRAFT_107497] [db_xref=JGIDB:Mycgr3_107497] [protein=hypothetical protein] [protein_id=EGP91527.1] [location=join(4260047..4260251,4260301..4260824,4260903..4261010)] [gbkey=CDS]	52.76544523692364	0.8096568003164475	0.4924812030075188	0.5703971119133574	0.631578947368421	0.8582749564913456
lcl|CM001196.1_cds_EGP91528.1_1407 [locus_tag=MYCGRDRAFT_89822] [db_xref=JGIDB:Mycgr3_89822] [protein=hypothetical protein] [protein_id=EGP91528.1] [location=join(4262040..4262095,4262176..4262236,4262347..4262515,4262593..4262618,4262681..4262904,4262960..4263131,4263203..4263319)] [gbkey=CDS]	50.340812759022484	0.8064979945919525	0.5877862595419847	0.5897435897435898	0.7137404580152672	0.8524295475128167
lcl|CM001196.1_cds_EGP92105.1_1408 [locus_tag=MYCGRDRAFT_107498] [db_xref=InterPro:IPR001810,JGIDB:Mycgr3_107498] [protein=hypothetical protein] [protein_id=EGP92105.1] [location=complement(4264332..4265972)] [gbkey=CDS]	50.85126722849281	0.762112960722464	0.5141776937618148	0.5535168195718655	0.6408317580340265	0.8578373862957245
lcl|CM001196.1_cds_EGP92104.1_1409 [locus_tag=MYCGRDRAFT_66868] [db_xref=JGIDB:Mycgr3_66868] [protein=hypothetical protein] [protein_id=EGP92104.1] [location=complement(join(4266915..4267094,4267308..4267820,4267903..4268712,4268770..4269159))] [gbkey=CDS]	48.03028256969085	0.7956558342649382	0.5851602023608768	0.5654478007419184	0.7032040472175379	0.8570146100343973
lcl|CM001196.1_cds_EGP91529.1_1410 [locus_tag=MYCGRDRAFT_98717] [db_xref=JGIDB:Mycgr3_98717] [protein=hypothetical protein] [protein_id=EGP91529.1] [location=4270297..4270686] [gbkey=CDS]	53.96754306928997	0.7642091916094921	0.4	0.6067708333333334	0.6	0.862242756323027
lcl|CM001196.1_cds_EGP91530.1_1411 [locus_tag=MYCGRDRAFT_102753] [db_xref=JGIDB:Mycgr3_102753] [protein=hypothetical protein] [protein_id=EGP91530.1] [location=4271241..4271474] [gbkey=CDS]	51.12136908306001	0.661945604562592	0.3972602739726027	0.5087719298245614	0.4383561643835616	0.8619648536050504
lcl|CM001196.1_cds_EGP92103.1_1412 [locus_tag=MYCGRDRAFT_32466] [db_xref=InterPro:IPR006047,JGIDB:Mycgr3_32466] [protein=hypothetical protein] [protein_id=EGP92103.1] [location=complement(join(4273088..4273678,4273731..4274748,4274801..4274831,4274892..4275054))] [gbkey=CDS]	50.47572201245555	0.7976684299714473	0.5565529622980251	0.5386755703951029	0.6894075403949731	0.8575704449331765
lcl|CM001196.1_cds_EGP91531.1_1413 [locus_tag=MYCGRDRAFT_84059] [db_xref=InterPro:IPR001395,JGIDB:Mycgr3_84059] [protein=hypothetical protein] [protein_id=EGP91531.1] [location=4275599..4276681] [gbkey=CDS]	44.95321925757686	0.79249438569233	0.55	0.5691736304549675	0.7558823529411764	0.8597485594407354
lcl|CM001196.1_cds_EGP92102.1_1414 [locus_tag=MYCGRDRAFT_78893] [db_xref=JGIDB:Mycgr3_78893] [protein=hypothetical protein] [protein_id=EGP92102.1] [location=complement(join(4276805..4276855,4276911..4277474))] [gbkey=CDS]	51.128576450122395	0.7895364237606947	0.5	0.6009852216748769	0.6584158415841584	0.8496149056954421
lcl|CM001196.1_cds_EGP91532.1_1415 [locus_tag=MYCGRDRAFT_89827] [db_xref=JGIDB:Mycgr3_89827] [protein=Ca2+-modulated nonselective cation channel polycystin] [protein_id=EGP91532.1] [location=4278534..4281524] [gbkey=CDS]	50.76514492829051	0.8030816508880104	0.5429769392033543	0.5742043551088777	0.6215932914046122	0.8529970573631568
lcl|CM001196.1_cds_EGP91533.1_1416 [locus_tag=MYCGRDRAFT_98719] [db_xref=JGIDB:Mycgr3_98719] [protein=hypothetical protein] [protein_id=EGP91533.1] [location=join(4283010..4283366,4283437..4283623,4283677..4284890)] [gbkey=CDS]	46.81684768283837	0.8208594584469675	0.6054054054054054	0.5582191780821918	0.6990990990990991	0.8576396355118104
lcl|CM001196.1_cds_EGP91534.1_1417 [locus_tag=MYCGRDRAFT_66874] [db_xref=JGIDB:Mycgr3_66874] [protein=hypothetical protein] [protein_id=EGP91534.1] [location=join(4285284..4285543,4285593..4286043,4286094..4286609)] [gbkey=CDS]	48.57670600253364	0.8098759661970565	0.5848101265822785	0.5544635544635544	0.6911392405063291	0.852907231193406
lcl|CM001196.1_cds_EGP92101.1_1418 [locus_tag=MYCGRDRAFT_98722] [db_xref=InterPro:IPR001440,JGIDB:Mycgr3_98722] [protein=hypothetical protein] [protein_id=EGP92101.1] [location=complement(join(4286688..4287843,4287949..4288670))] [gbkey=CDS]	52.153063997082874	0.8024615227171897	0.5587248322147651	0.5683760683760684	0.6493288590604027	0.8574625306019417
lcl|CM001196.1_cds_EGP92099.1_1420 [locus_tag=MYCGRDRAFT_66881] [db_xref=InterPro:IPR006094,JGIDB:Mycgr3_66881] [protein=hypothetical protein] [protein_id=EGP92099.1] [location=complement(join(4295992..4297130,4297222..4297573))] [gbkey=CDS]	52.373605650203764	0.7590285637531412	0.4957805907172996	0.5225589225589226	0.6181434599156118	0.8603138837095848
lcl|CM001196.1_cds_EGP92098.1_1421 [locus_tag=MYCGRDRAFT_53825] [db_xref=JGIDB:Mycgr3_53825] [protein=hypothetical protein] [protein_id=EGP92098.1] [location=complement(join(4298152..4298778,4298841..4299099,4299155..4299180))] [gbkey=CDS]	50.80772779044475	0.7798454030038589	0.523972602739726	0.5485651214128036	0.589041095890411	0.8571030380455493
lcl|CM001196.1_cds_EGP91535.1_1422 [locus_tag=MYCGRDRAFT_107505] [db_xref=JGIDB:Mycgr3_107505] [protein=hypothetical protein] [protein_id=EGP91535.1] [location=join(4299573..4299708,4299759..4300011,4300060..4300597)] [gbkey=CDS]	53.96316765293662	0.7801657350236262	0.3754152823920266	0.5732899022801303	0.5548172757475083	0.8575046401812635
lcl|CM001196.1_cds_EGP91536.1_1423 [locus_tag=MYCGRDRAFT_66885] [db_xref=InterPro:IPR002422,JGIDB:Mycgr3_66885] [protein=hypothetical protein] [protein_id=EGP91536.1] [location=join(4303153..4303612,4303672..4303744,4303802..4304441,4304502..4304733,4304787..4304827)] [gbkey=CDS]	53.68395987166788	0.7382183445388781	0.45614035087719296	0.5361111111111111	0.5614035087719298	0.85488095991415
lcl|CM001196.1_cds_EGP92097.1_1424 [locus_tag=MYCGRDRAFT_35104] [db_xref=InterPro:IPR008775,JGIDB:Mycgr3_35104] [protein=hypothetical protein] [protein_id=EGP92097.1] [location=complement(4305043..4305888)] [gbkey=CDS]	53.17242340351072	0.7509635116602186	0.45627376425855515	0.5238095238095238	0.5551330798479087	0.8587192477730706
lcl|CM001196.1_cds_EGP92096.1_1425 [locus_tag=MYCGRDRAFT_66888] [db_xref=InterPro:IPR001544,JGIDB:Mycgr3_66888] [protein=hypothetical protein] [protein_id=EGP92096.1] [location=complement(join(4306460..4307183,4307241..4307764))] [gbkey=CDS]	52.46938261847598	0.7695755696845129	0.49872773536895676	0.5539452495974235	0.6106870229007634	0.8571503332613407
lcl|CM001196.1_cds_EGP91537.1_1426 [locus_tag=MYCGRDRAFT_32040] [db_xref=InterPro:IPR000719,JGIDB:Mycgr3_32040] [protein=hypothetical protein] [protein_id=EGP91537.1] [location=4311104..4313800] [gbkey=CDS]	55.5861676292675	0.7327870705067648	0.417910447761194	0.5284280936454849	0.5591274397244547	0.8604278158129505
lcl|CM001196.1_cds_EGP91538.1_1427 [locus_tag=MYCGRDRAFT_33363] [db_xref=JGIDB:Mycgr3_33363] [protein=hypothetical protein] [protein_id=EGP91538.1] [location=join(4314851..4315343,4315410..4316182)] [gbkey=CDS]	49.723157162490224	0.789442088304477	0.5425790754257908	0.5674603174603174	0.6496350364963503	0.8542429153208088
lcl|CM001196.1_cds_EGP92094.1_1429 [locus_tag=MYCGRDRAFT_89839] [db_xref=JGIDB:Mycgr3_89839] [protein=Ca2+-modulated nonselective cation channel polycystin] [protein_id=EGP92094.1] [location=complement(4318593..4320137)] [gbkey=CDS]	56.886193725875046	0.7501242337136054	0.4203187250996016	0.5562053281351527	0.5657370517928287	0.8580221411647571
lcl|CM001196.1_cds_EGP92093.1_1430 [locus_tag=MYCGRDRAFT_66894] [db_xref=InterPro:IPR002123,JGIDB:Mycgr3_66894] [protein=hypothetical protein] [protein_id=EGP92093.1] [location=complement(join(4321088..4321611,4321783..4322076,4322189..4322399))] [gbkey=CDS]	48.9023512545082	0.7922887629815446	0.5660377358490566	0.5718475073313783	0.6635220125786163	0.8600062689066142
lcl|CM001196.1_cds_EGP91539.1_1431 [locus_tag=MYCGRDRAFT_66896] [db_xref=JGIDB:Mycgr3_66896] [protein=hypothetical protein] [protein_id=EGP91539.1] [location=join(4324113..4324188,4324443..4324529,4324581..4324668,4324717..4325121,4325314..4325715,4325774..4325858)] [gbkey=CDS]	51.38578436038048	0.8072743823562317	0.5738161559888579	0.5602462620932278	0.6350974930362117	0.85488095991415
lcl|CM001196.1_cds_EGP91540.1_1432 [locus_tag=MYCGRDRAFT_89842] [db_xref=JGIDB:Mycgr3_89842] [protein=hypothetical protein] [protein_id=EGP91540.1] [location=join(4328743..4328802,4328884..4328979,4330086..4330204,4330764..4331446,4331555..4331942,4332105..4332126)] [gbkey=CDS]	55.627921428827236	0.7549056342587944	0.48729792147806006	0.5286343612334802	0.581986143187067	0.8501701321199879
lcl|CM001196.1_cds_EGP92092.1_1433 [locus_tag=MYCGRDRAFT_32463] [db_xref=JGIDB:Mycgr3_32463] [protein=hypothetical protein] [protein_id=EGP92092.1] [location=complement(4332773..4333795)] [gbkey=CDS]	55.32192826726616	0.736533696006022	0.46875	0.5575221238938053	0.634375	0.8584469446440505
lcl|CM001196.1_cds_EGP91541.1_1434 [locus_tag=MYCGRDRAFT_66898] [db_xref=InterPro:IPR008901,JGIDB:Mycgr3_66898] [protein=hypothetical protein] [protein_id=EGP91541.1] [location=join(4334593..4334663,4334722..4334734,4334785..4334845,4334901..4335047,4335104..4335385,4335443..4335714)] [gbkey=CDS]	52.53460332934819	0.7623006273584946	0.5267175572519084	0.5392857142857143	0.6450381679389313	0.8534460292045659
lcl|CM001196.1_cds_EGP92091.1_1436 [locus_tag=MYCGRDRAFT_102763] [db_xref=InterPro:IPR000504,JGIDB:Mycgr3_102763] [protein=hypothetical protein] [protein_id=EGP92091.1] [location=complement(join(4342153..4342376,4342433..4343340,4343408..4343409))] [gbkey=CDS]	48.35888638741572	0.8250562829702256	0.6172506738544474	0.5797872340425532	0.6522911051212938	0.8566652581252173
lcl|CM001196.1_cds_EGP92089.1_1439 [locus_tag=MYCGRDRAFT_66908] [db_xref=InterPro:IPR000672,JGIDB:Mycgr3_66908] [protein=hypothetical protein] [protein_id=EGP92089.1] [location=complement(join(4349756..4349887,4349935..4350568,4350624..4350814))] [gbkey=CDS]	48.61245665229888	0.7951383439983525	0.5436893203883495	0.53732912723449	0.6343042071197411	0.8515049460590478
lcl|CM001196.1_cds_EGP91544.1_1440 [locus_tag=MYCGRDRAFT_32504] [db_xref=JGIDB:Mycgr3_32504] [protein=hypothetical protein] [protein_id=EGP91544.1] [location=join(4351528..4351807,4351871..4352157,4352282..4352386)] [gbkey=CDS]	49.68285827209542	0.7921935753629221	0.5586854460093896	0.5705705705705706	0.6948356807511737	0.8542773920397753
lcl|CM001196.1_cds_EGP92088.1_1441 [locus_tag=MYCGRDRAFT_84074] [db_xref=InterPro:IPR000348,JGIDB:Mycgr3_84074] [protein=hypothetical protein] [protein_id=EGP92088.1] [location=complement(join(4353282..4353517,4353589..4353796,4353940..4354081,4354419..4354468))] [gbkey=CDS]	50.58852217647087	0.7778896659875252	0.5920398009950248	0.5428571428571428	0.681592039800995	0.8555194810708853
lcl|CM001196.1_cds_EGP91545.1_1442 [locus_tag=MYCGRDRAFT_66912] [db_xref=InterPro:IPR002422,JGIDB:Mycgr3_66912] [protein=hypothetical protein] [protein_id=EGP91545.1] [location=join(4358312..4358717,4358838..4358923,4358977..4359057,4359110..4359266,4359322..4359445,4359499..4359699,4359757..4359879,4359921..4360114,4360175..4360260,4360380..4360685)] [gbkey=CDS]	52.66661051341096	0.7466401991879431	0.4525939177101968	0.5278725824800911	0.590339892665474	0.8599279954254423
lcl|CM001196.1_cds_EGP92087.1_1443 [locus_tag=MYCGRDRAFT_107517] [db_xref=InterPro:IPR001810,JGIDB:Mycgr3_107517] [protein=hypothetical protein] [protein_id=EGP92087.1] [location=complement(join(4360857..4360866,4360958..4361313,4361367..4362512))] [gbkey=CDS]	55.08251633176625	0.7508319354828903	0.44190871369294604	0.5312084993359893	0.5518672199170125	0.8540803028657092
lcl|CM001196.1_cds_EGP91546.1_1444 [gene=MgXBX1] [locus_tag=MYCGRDRAFT_84076] [db_xref=InterPro:IPR006710,JGIDB:Mycgr3_84076] [protein=putative xylan 1,4-beta-Xylosidase] [protein_id=EGP91546.1] [location=join(4362910..4364401,4364494..4364639)] [gbkey=CDS]	52.546804177101585	0.7704173452250422	0.525911708253359	0.5545343137254902	0.6257197696737045	0.8558671120269954
lcl|CM001196.1_cds_EGP91547.1_1445 [locus_tag=MYCGRDRAFT_66917] [db_xref=InterPro:IPR002625,JGIDB:Mycgr3_66917] [protein=hypothetical protein] [protein_id=EGP91547.1] [location=join(4365241..4365274,4365333..4366078)] [gbkey=CDS]	53.86292359819626	0.7926984358570165	0.54	0.5516795865633075	0.604	0.85540065033702
lcl|CM001196.1_cds_EGP91548.1_1446 [locus_tag=MYCGRDRAFT_102767] [db_xref=JGIDB:Mycgr3_102767] [protein=hypothetical protein] [protein_id=EGP91548.1] [location=4368971..4369159] [gbkey=CDS]	47.83465761446741	0.7802291857398924	0.4067796610169492	0.5573770491803278	0.576271186440678	0.8681673521395191
lcl|CM001196.1_cds_EGP91549.1_1447 [locus_tag=MYCGRDRAFT_66919] [db_xref=JGIDB:Mycgr3_66919] [protein=hypothetical protein] [protein_id=EGP91549.1] [location=4372325..4373224] [gbkey=CDS]	47.263893953797535	0.8134520652679981	0.5157894736842106	0.6096196868008948	0.7403508771929824	0.8598430683343599
lcl|CM001196.1_cds_EGP91550.1_1448 [locus_tag=MYCGRDRAFT_107522] [db_xref=JGIDB:Mycgr3_107522] [protein=hypothetical protein] [protein_id=EGP91550.1] [location=join(4374013..4374077,4374181..4374294,4374778..4375100,4375157..4375410,4375460..4375798)] [gbkey=CDS]	49.20337744393222	0.7917198715729252	0.5257142857142857	0.5390266299357208	0.6771428571428572	0.863789162015018
lcl|CM001196.1_cds_EGP91551.1_1449 [locus_tag=MYCGRDRAFT_31715] [db_xref=InterPro:IPR001107,JGIDB:Mycgr3_31715] [protein=hypothetical protein] [protein_id=EGP91551.1] [location=4376278..4377369] [gbkey=CDS]	49.93912519231552	0.7954533446542458	0.501432664756447	0.5681399631675875	0.6762177650429799	0.8593358218298144
lcl|CM001196.1_cds_EGP92086.1_1450 [locus_tag=MYCGRDRAFT_107524] [db_xref=JGIDB:Mycgr3_107524] [protein=hypothetical protein] [protein_id=EGP92086.1] [location=complement(join(4378551..4378963,4379018..4379089,4379143..4379209))] [gbkey=CDS]	51.00260222430689	0.7895945127696209	0.5139664804469274	0.6153846153846154	0.6201117318435754	0.8534092677973798
lcl|CM001196.1_cds_EGP91552.1_1452 [gene=MgCBK1] [locus_tag=MYCGRDRAFT_102770] [db_xref=InterPro:IPR000719,JGIDB:Mycgr3_102770] [protein=Serine/threonine-protein kinase] [protein_id=EGP91552.1] [location=join(4382718..4383415,4383472..4383715,4383768..4384504,4384557..4384854)] [gbkey=CDS]	51.2220869499232	0.813353987633376	0.5736677115987461	0.5454084221207509	0.6520376175548589	0.8565146576526516
lcl|CM001196.1_cds_EGP92084.1_1453 [locus_tag=MYCGRDRAFT_78914] [db_xref=InterPro:IPR003221,JGIDB:Mycgr3_78914] [protein=hypothetical protein] [protein_id=EGP92084.1] [location=complement(join(4385731..4385755,4385830..4386071))] [gbkey=CDS]	49.97773569313184	0.8074658489213972	0.5232558139534884	0.5708812260536399	0.6395348837209303	0.8487403891779353
lcl|CM001196.1_cds_EGP91553.1_1454 [locus_tag=MYCGRDRAFT_66934] [db_xref=InterPro:IPR004108,JGIDB:Mycgr3_66934] [protein=hypothetical protein] [protein_id=EGP91553.1] [location=join(4386417..4388060,4388127..4388336)] [gbkey=CDS]	53.65292315235664	0.7544125360453774	0.451505016722408	0.5822510822510822	0.6153846153846154	0.8559696346017494
lcl|CM001196.1_cds_EGP91555.1_1456 [locus_tag=MYCGRDRAFT_34343] [db_xref=InterPro:IPR001247,JGIDB:Mycgr3_34343] [protein=hypothetical protein] [protein_id=EGP91555.1] [location=join(4395960..4396445,4396505..4397083)] [gbkey=CDS]	51.617390501635064	0.745843813850549	0.4766081871345029	0.5722379603399433	0.6198830409356725	0.857162288414251
lcl|CM001196.1_cds_EGP92083.1_1457 [locus_tag=MYCGRDRAFT_98741] [db_xref=InterPro:IPR003000,JGIDB:Mycgr3_98741] [protein=hypothetical protein] [protein_id=EGP92083.1] [location=complement(join(4397448..4397932,4398044..4398605))] [gbkey=CDS]	48.370430538721074	0.7768311466162559	0.5982404692082112	0.5677233429394812	0.7214076246334311	0.8572017885133472
lcl|CM001196.1_cds_EGP92082.1_1460 [locus_tag=MYCGRDRAFT_66947] [db_xref=JGIDB:Mycgr3_66947] [protein=hypothetical protein] [protein_id=EGP92082.1] [location=complement(join(4407541..4408033,4408085..4408335))] [gbkey=CDS]	52.7245120233198	0.7722968606351434	0.45643153526970953	0.5623306233062331	0.5560165975103735	0.8587036101444739
lcl|CM001196.1_cds_EGP91558.1_1461 [locus_tag=MYCGRDRAFT_53893] [db_xref=InterPro:IPR001295,JGIDB:Mycgr3_53893] [protein=hypothetical protein] [protein_id=EGP91558.1] [location=4413262..4414266] [gbkey=CDS]	54.79762898233844	0.7294831484506383	0.4241486068111455	0.5195195195195195	0.5356037151702786	0.8540762974597105
lcl|CM001196.1_cds_EGP92081.1_1462 [locus_tag=MYCGRDRAFT_31712] [db_xref=InterPro:IPR003010,JGIDB:Mycgr3_31712] [protein=hypothetical protein] [protein_id=EGP92081.1] [location=complement(join(4414568..4415281,4415333..4415395))] [gbkey=CDS]	51.256191754232724	0.762676114233186	0.5258964143426295	0.5369649805447471	0.601593625498008	0.8522771630483832
lcl|CM001196.1_cds_EGP91559.1_1463 [locus_tag=MYCGRDRAFT_89870] [db_xref=InterPro:IPR002916,JGIDB:Mycgr3_89870] [protein=ferric reductase-like transmembrane component] [protein_id=EGP91559.1] [location=join(4416977..4417127,4417187..4417871,4417925..4418053,4418107..4419331,4419886..4419963,4420646..4420675)] [gbkey=CDS]	52.081699607178365	0.7706799220884257	0.5068493150684932	0.5462478184991274	0.636986301369863	0.8566372037311797
lcl|CM001196.1_cds_EGP91560.1_1464 [locus_tag=MYCGRDRAFT_107535] [db_xref=InterPro:IPR001092,JGIDB:Mycgr3_107535] [protein=hypothetical protein] [protein_id=EGP91560.1] [location=join(4421547..4422203,4422261..4422959)] [gbkey=CDS]	56.03691093413491	0.7655442696855067	0.46136363636363636	0.56	0.5727272727272728	0.8563715845492967
lcl|CM001196.1_cds_EGP92080.1_1465 [locus_tag=MYCGRDRAFT_107536] [db_xref=JGIDB:Mycgr3_107536] [protein=hypothetical protein] [protein_id=EGP92080.1] [location=complement(join(4423567..4424232,4424290..4424349))] [gbkey=CDS]	54.97999141487164	0.7539886849986543	0.42857142857142855	0.5555555555555556	0.4935064935064935	0.8582385209254799
lcl|CM001196.1_cds_EGP91561.1_1466 [locus_tag=MYCGRDRAFT_32500] [db_xref=JGIDB:Mycgr3_32500] [protein=hypothetical protein] [protein_id=EGP91561.1] [location=join(4428009..4428354,4428407..4429227)] [gbkey=CDS]	44.45798466569687	0.8602652782295944	0.6570680628272252	0.5960378983634798	0.7591623036649214	0.8538425260753165
lcl|CM001196.1_cds_EGP92079.1_1467 [locus_tag=MYCGRDRAFT_66956] [db_xref=InterPro:IPR002198,JGIDB:Mycgr3_66956] [protein=hypothetical protein] [protein_id=EGP92079.1] [location=complement(join(4429439..4429734,4429798..4430034,4430119..4430148,4430203..4430506))] [gbkey=CDS]	53.694016755444665	0.7535951356047337	0.4910394265232975	0.5609756097560976	0.6200716845878136	0.8562832173362728
lcl|CM001196.1_cds_EGP91562.1_1469 [locus_tag=MYCGRDRAFT_53902] [db_xref=InterPro:IPR000674,InterPro:IPR001041,InterPro:IPR002346,InterPro:IPR002888,InterPro:IPR005107,InterPro:IPR008274,JGIDB:Mycgr3_53902] [protein=hypothetical protein] [protein_id=EGP91562.1] [location=4432317..4436405] [gbkey=CDS]	52.744451809840946	0.7733623266715417	0.5148288973384031	0.5451873622336517	0.62889733840304185	0.8560636087208873
lcl|CM001196.1_cds_EGP91563.1_1470 [gene=RGP1] [locus_tag=MYCGRDRAFT_66965] [db_xref=JGIDB:Mycgr3_66965] [protein=reduced growth phenotype 1] [protein_id=EGP91563.1] [location=4436974..4439712] [gbkey=CDS]	55.085909534678166	0.7612078743870672	0.4431946006749156	0.5755579948774241	0.5984251968503937	0.8581240515885077
lcl|CM001196.1_cds_EGP92077.1_1471 [locus_tag=MYCGRDRAFT_33779] [db_xref=InterPro:IPR005629,JGIDB:Mycgr3_33779] [protein=hypothetical protein] [protein_id=EGP92077.1] [location=complement(join(4440705..4440849,4440914..4441922,4442033..4442310,4442366..4443006))] [gbkey=CDS]	53.2666020109894	0.7782534072519999	0.4885145482388974	0.5399129172714079	0.5987748851454824	0.8558542231746102
lcl|CM001196.1_cds_EGP91564.1_1472 [locus_tag=MYCGRDRAFT_66970] [db_xref=InterPro:IPR002728,JGIDB:Mycgr3_66970] [protein=hypothetical protein] [protein_id=EGP91564.1] [location=join(4444232..4444421,4444474..4445693)] [gbkey=CDS]	51.1153671531554	0.7677034055614522	0.5406593406593406	0.5527065527065527	0.6373626373626373	0.8517362595523537
lcl|CM001196.1_cds_EGP91565.1_1473 [locus_tag=MYCGRDRAFT_78925] [db_xref=InterPro:IPR001163,JGIDB:Mycgr3_78925] [protein=hypothetical protein] [protein_id=EGP91565.1] [location=join(4445919..4445937,4445991..4446001,4446081..4446212,4446340..4446442,4446528..4446565)] [gbkey=CDS]	48.67323542755816	0.793679606056388	0.43434343434343436	0.5016835016835017	0.6666666666666666	0.8603138837095848
lcl|CM001196.1_cds_EGP91566.1_1474 [locus_tag=MYCGRDRAFT_89878] [db_xref=JGIDB:Mycgr3_89878] [protein=hypothetical protein] [protein_id=EGP91566.1] [location=join(4447517..4447706,4447784..4447926,4447980..4448099)] [gbkey=CDS]	41.765846562378144	0.8806272396046783	0.7172413793103448	0.5950782997762863	0.8068965517241379	0.8512901495311906
lcl|CM001196.1_cds_EGP92075.1_1476 [locus_tag=MYCGRDRAFT_102785] [db_xref=JGIDB:Mycgr3_102785] [protein=hypothetical protein] [protein_id=EGP92075.1] [location=complement(4452523..4453932)] [gbkey=CDS]	51.45287306336652	0.7958589224469731	0.5605381165919282	0.584045584045584	0.6322869955156951	0.8557406187236204
lcl|CM001196.1_cds_EGP91567.1_1477 [gene=RPE1] [locus_tag=MYCGRDRAFT_66977] [db_xref=InterPro:IPR000056,JGIDB:Mycgr3_66977] [protein=RIBULOSE-phosphate 3-epimerase] [protein_id=EGP91567.1] [location=join(4456186..4456428,4456483..4456731,4456788..4457045)] [gbkey=CDS]	53.03226388213339	0.7513910311348944	0.4576271186440678	0.5470430107526881	0.5932203389830508	0.8543406493158909
lcl|CM001196.1_cds_EGP91568.1_1478 [locus_tag=MYCGRDRAFT_66981] [db_xref=InterPro:IPR001375,InterPro:IPR002469,JGIDB:Mycgr3_66981] [protein=hypothetical protein] [protein_id=EGP91568.1] [location=join(4457594..4460129,4460181..4460272)] [gbkey=CDS]	54.92957677952216	0.757697666732893	0.4964200477326969	0.5282227307398932	0.6014319809069213	0.8579537320401307
lcl|CM001196.1_cds_EGP92074.1_1479 [locus_tag=MYCGRDRAFT_66984] [db_xref=JGIDB:Mycgr3_66984] [protein=hypothetical protein] [protein_id=EGP92074.1] [location=complement(join(4462681..4463190,4463243..4463754,4463809..4463929))] [gbkey=CDS]	53.52979149375037	0.7636930413571651	0.48066298342541436	0.5417766051011433	0.6104972375690608	0.8602024432501937
lcl|CM001196.1_cds_EGP92073.1_1480 [locus_tag=MYCGRDRAFT_107544] [db_xref=JGIDB:Mycgr3_107544] [protein=hypothetical protein] [protein_id=EGP92073.1] [location=complement(join(4464333..4465378,4465612..4465659,4465802..4465961))] [gbkey=CDS]	55.226041051748354	0.7356209336987631	0.4	0.53125	0.5456790123456791	0.860700459605828
lcl|CM001196.1_cds_EGP91569.1_1481 [locus_tag=MYCGRDRAFT_33410] [db_xref=InterPro:IPR006751,JGIDB:Mycgr3_33410] [protein=hypothetical protein] [protein_id=EGP91569.1] [location=join(4469384..4470598,4470668..4471033)] [gbkey=CDS]	51.414831100199585	0.808407922214715	0.5167652859960552	0.5815873015873015	0.6587771203155819	0.8553917386973849
lcl|CM001196.1_cds_EGP92072.1_1482 [locus_tag=MYCGRDRAFT_32139] [db_xref=InterPro:IPR000277,JGIDB:Mycgr3_32139] [protein=hypothetical protein] [protein_id=EGP92072.1] [location=complement(4471227..4472480)] [gbkey=CDS]	45.05492252869038	0.8315971147488849	0.6625916870415648	0.6105769230769231	0.7530562347188264	0.8558481368395653
lcl|CM001196.1_cds_EGP92070.1_1486 [locus_tag=MYCGRDRAFT_84104] [db_xref=InterPro:IPR002110,JGIDB:Mycgr3_84104] [protein=hypothetical protein] [protein_id=EGP92070.1] [location=complement(4481775..4482464)] [gbkey=CDS]	52.88640908104513	0.7671765887444412	0.41517857142857145	0.5760233918128655	0.5401785714285714	0.861372293795254
lcl|CM001196.1_cds_EGP92069.1_1488 [locus_tag=MYCGRDRAFT_66999] [db_xref=JGIDB:Mycgr3_66999] [protein=hypothetical protein] [protein_id=EGP92069.1] [location=complement(join(4484297..4484866,4484934..4484939))] [gbkey=CDS]	47.638590367032194	0.7691088919597413	0.5185185185185185	0.5771929824561404	0.7195767195767195	0.8612538307250587
lcl|CM001196.1_cds_EGP92067.1_1490 [locus_tag=MYCGRDRAFT_67005] [db_xref=InterPro:IPR004396,JGIDB:Mycgr3_67005] [protein=hypothetical protein] [protein_id=EGP92067.1] [location=complement(join(4489733..4490284,4490495..4491052,4491122..4491196))] [gbkey=CDS]	50.59590717985892	0.7847188827407947	0.5520833333333334	0.5292620865139949	0.625	0.8559047739504468
lcl|CM001196.1_cds_EGP92066.1_1491 [locus_tag=MYCGRDRAFT_67008] [db_xref=InterPro:IPR003439,JGIDB:Mycgr3_67008] [protein=ABC transporter domain-containing protein] [protein_id=EGP92066.1] [location=complement(4491609..4493849)] [gbkey=CDS]	52.26533229020194	0.7848480423048408	0.5399449035812672	0.538255033557047	0.6198347107438017	0.8588483478007757
lcl|CM001196.1_cds_EGP91573.1_1492 [locus_tag=MYCGRDRAFT_107550] [db_xref=JGIDB:Mycgr3_107550] [protein=hypothetical protein] [protein_id=EGP91573.1] [location=join(4495132..4495196,4495250..4495445,4495635..4495668,4495728..4495737,4496132..4496474,4496660..4496893,4496966..4499515)] [gbkey=CDS]	56.06165825768289	0.7643434000527158	0.46958855098389984	0.5729713952130765	0.5715563506261181	0.8575847942153155
lcl|CM001196.1_cds_EGP91574.1_1493 [locus_tag=MYCGRDRAFT_107551] [db_xref=InterPro:IPR000043,JGIDB:Mycgr3_107551] [protein=hypothetical protein] [protein_id=EGP91574.1] [location=join(4500664..4500690,4500763..4500907,4500964..4502219)] [gbkey=CDS]	36.01392342873588	0.8886676296840516	0.8030634573304157	0.5914205344585092	0.7855579868708972	0.8461594638775709
lcl|CM001196.1_cds_EGP92065.1_1494 [locus_tag=MYCGRDRAFT_102788] [db_xref=JGIDB:Mycgr3_102788] [protein=hypothetical protein] [protein_id=EGP92065.1] [location=complement(join(4502799..4502959,4503025..4503056,4503109..4503155))] [gbkey=CDS]	52.76516569124138	0.7806115907635143	0.5066666666666667	0.5470085470085471	0.5733333333333334	0.85488095991415
lcl|CM001196.1_cds_EGP92064.1_1495 [locus_tag=MYCGRDRAFT_107553] [db_xref=JGIDB:Mycgr3_107553] [protein=hypothetical protein] [protein_id=EGP92064.1] [location=complement(join(4506475..4507117,4507174..4507268,4507876..4508085,4508247..4508306))] [gbkey=CDS]	51.543931884221756	0.7890993234782141	0.47318611987381703	0.56187624750499	0.6340694006309149	0.8540787054979513
lcl|CM001196.1_cds_EGP91575.1_1496 [locus_tag=MYCGRDRAFT_34332] [db_xref=JGIDB:Mycgr3_34332] [protein=hypothetical protein] [protein_id=EGP91575.1] [location=join(4510696..4510866,4510932..4511870)] [gbkey=CDS]	54.93889934190158	0.735773197209659	0.4820936639118457	0.5172101449275363	0.581267217630854	0.8577998314509091
lcl|CM001196.1_cds_EGP92063.1_1497 [locus_tag=MYCGRDRAFT_102792] [db_xref=JGIDB:Mycgr3_102792] [protein=hypothetical protein] [protein_id=EGP92063.1] [location=complement(join(4512551..4512888,4512959..4512965))] [gbkey=CDS]	52.56337232241033	0.7788510168629861	0.44545454545454544	0.5486725663716814	0.5909090909090909	0.848970539599008
lcl|CM001196.1_cds_EGP92062.1_1498 [locus_tag=MYCGRDRAFT_102794] [db_xref=JGIDB:Mycgr3_102794] [protein=hypothetical protein] [protein_id=EGP92062.1] [location=complement(4513598..4513900)] [gbkey=CDS]	54.62671291745518	0.7303960113187264	0.47959183673469385	0.5925925925925926	0.5918367346938775	0.8575931195696012
lcl|CM001196.1_cds_EGP91576.1_1499 [locus_tag=MYCGRDRAFT_67015] [db_xref=JGIDB:Mycgr3_67015] [protein=hypothetical protein] [protein_id=EGP91576.1] [location=join(4533155..4533292,4533348..4533917,4533988..4534023,4534074..4534214,4534283..4534545,4534607..4534718,4534772..4534873,4534937..4535344)] [gbkey=CDS]	51.59562676737794	0.794802030541648	0.5285961871750433	0.5532879818594104	0.5979202772963604	0.8541973589334436
lcl|CM001196.1_cds_EGP92061.1_1500 [locus_tag=MYCGRDRAFT_53956] [db_xref=InterPro:IPR001926,JGIDB:Mycgr3_53956] [protein=hypothetical protein] [protein_id=EGP92061.1] [location=complement(join(4535525..4536527,4536578..4536645))] [gbkey=CDS]	54.980832220297614	0.7460051925955101	0.4752186588921283	0.543661971830986	0.5626822157434402	0.8526185045170711
lcl|CM001196.1_cds_EGP91577.1_1501 [locus_tag=MYCGRDRAFT_102797] [db_xref=InterPro:IPR006461,JGIDB:Mycgr3_102797] [protein=hypothetical protein] [protein_id=EGP91577.1] [location=join(4545681..4545764,4545818..4546252)] [gbkey=CDS]	47.3388065014098	0.825232554422562	0.5632911392405063	0.5984405458089669	0.6962025316455697	0.8301619830002521
lcl|CM001196.1_cds_EGP91578.1_1502 [locus_tag=MYCGRDRAFT_98764] [db_xref=JGIDB:Mycgr3_98764] [protein=hypothetical protein] [protein_id=EGP91578.1] [location=join(4548059..4548320,4548388..4548558,4548611..4549462,4549924..4549928,4550215..4550256)] [gbkey=CDS]	50.8616221136109	0.7911684104380038	0.5694117647058824	0.557315233785822	0.6282352941176471	0.8545777571542934
lcl|CM001196.1_cds_EGP92060.1_1503 [locus_tag=MYCGRDRAFT_89903] [db_xref=JGIDB:Mycgr3_89903] [protein=hypothetical protein] [protein_id=EGP92060.1] [location=complement(join(4550945..4551352,4551621..4551682,4551804..4551818,4552142..4552430,4552485..4552490))] [gbkey=CDS]	49.54147252480195	0.810767093157346	0.5577689243027888	0.582687338501292	0.6573705179282868	0.8564409791493516
lcl|CM001196.1_cds_EGP92059.1_1504 [locus_tag=MYCGRDRAFT_89904] [db_xref=JGIDB:Mycgr3_89904] [protein=hypothetical protein] [protein_id=EGP92059.1] [location=complement(join(4552999..4553331,4553424..4553713,4553871..4553907))] [gbkey=CDS]	50.19832261376666	0.8075653155962849	0.5885167464114832	0.5626911314984709	0.6650717703349283	0.8573439395060553
lcl|CM001196.1_cds_EGP91579.1_1505 [locus_tag=MYCGRDRAFT_34335] [db_xref=InterPro:IPR000326,JGIDB:Mycgr3_34335] [protein=hypothetical protein] [protein_id=EGP91579.1] [location=4555105..4556220] [gbkey=CDS]	52.82867981377408	0.7691670384152991	0.5028248587570622	0.5594594594594594	0.6214689265536724	0.8559684569078603
lcl|CM001196.1_cds_EGP92058.1_1506 [locus_tag=MYCGRDRAFT_102798] [db_xref=JGIDB:Mycgr3_102798] [protein=hypothetical protein] [protein_id=EGP92058.1] [location=complement(join(4557917..4558078,4558130..4558714))] [gbkey=CDS]	49.664431320339915	0.8277100524129836	0.5843621399176955	0.6221322537112011	0.6954732510288066	0.8575986184887595
lcl|CM001196.1_cds_EGP92057.1_1507 [locus_tag=MYCGRDRAFT_102800] [db_xref=JGIDB:Mycgr3_102800] [protein=hypothetical protein] [protein_id=EGP92057.1] [location=complement(4560183..4560428)] [gbkey=CDS]	52.40144620459907	0.8000566056596798	0.4935064935064935	0.5083333333333333	0.6233766233766234	0.85655809528839
lcl|CM001196.1_cds_EGP92056.1_1508 [locus_tag=MYCGRDRAFT_84117] [db_xref=InterPro:IPR005814,JGIDB:Mycgr3_84117] [protein=hypothetical protein] [protein_id=EGP92056.1] [location=complement(4560685..4561917)] [gbkey=CDS]	50.836128850890844	0.7962669348404225	0.556390977443609	0.5468622656886716	0.6190476190476191	0.8545532980507954
lcl|CM001196.1_cds_EGP91580.1_1509 [locus_tag=MYCGRDRAFT_102802] [db_xref=JGIDB:Mycgr3_102802] [protein=hypothetical protein] [protein_id=EGP91580.1] [location=4562776..4562994] [gbkey=CDS]	54.36180519688516	0.7417172788027067	0.5072463768115942	0.539906103286385	0.5797101449275363	0.8417674273680982
lcl|CM001196.1_cds_EGP91581.1_1510 [locus_tag=MYCGRDRAFT_84119] [db_xref=JGIDB:Mycgr3_84119] [protein=hypothetical protein] [protein_id=EGP91581.1] [location=join(4564735..4564917,4564977..4565894,4565946..4565985,4566058..4566473)] [gbkey=CDS]	42.221031089446825	0.845777195956504	0.6855983772819473	0.5693101225016118	0.7079107505070994	0.8502269258974747
lcl|CM001196.1_cds_EGP92055.1_1511 [locus_tag=MYCGRDRAFT_98769] [db_xref=InterPro:IPR001104,JGIDB:Mycgr3_98769] [protein=hypothetical protein] [protein_id=EGP92055.1] [location=complement(join(4566899..4567563,4567621..4567833,4567890..4567929))] [gbkey=CDS]	48.400996160552005	0.8076968685378446	0.5938566552901023	0.5646929824561403	0.7030716723549488	0.85488095991415
lcl|CM001196.1_cds_EGP91582.1_1512 [locus_tag=MYCGRDRAFT_67035] [db_xref=InterPro:IPR002007,JGIDB:Mycgr3_67035] [protein=hypothetical protein] [protein_id=EGP91582.1] [location=join(4569594..4570702,4570756..4571837,4571914..4572085,4572138..4573116)] [gbkey=CDS]	49.55777625816917	0.8117993307229188	0.5828625235404896	0.5365707434052758	0.6534839924670434	0.8552426534703268
lcl|CM001196.1_cds_EGP92054.1_1513 [locus_tag=MYCGRDRAFT_67037] [db_xref=InterPro:IPR011261,InterPro:IPR011262,JGIDB:Mycgr3_67037] [protein=hypothetical protein] [protein_id=EGP92054.1] [location=complement(join(4573735..4574751,4574806..4574874))] [gbkey=CDS]	49.295995380511876	0.7734373990419099	0.515850144092219	0.5601851851851852	0.5965417867435159	0.850054325588017
lcl|CM001196.1_cds_EGP92053.1_1514 [gene=MgBMN2] [locus_tag=MYCGRDRAFT_107565] [db_xref=InterPro:IPR006102,JGIDB:Mycgr3_107565] [protein=putative beta-mannosidase] [protein_id=EGP92053.1] [location=complement(join(4575746..4576859,4576910..4578216,4578425..4578649))] [gbkey=CDS]	52.19262056443332	0.788896408087681	0.5175332527206772	0.5337121212121212	0.6396614268440145	0.8561003686960005
lcl|CM001196.1_cds_EGP92052.1_1515 [locus_tag=MYCGRDRAFT_107566] [db_xref=JGIDB:Mycgr3_107566] [protein=hypothetical protein] [protein_id=EGP92052.1] [location=complement(join(4579265..4580015,4580071..4580291))] [gbkey=CDS]	52.18703836200036	0.800474155131346	0.5775577557755776	0.525879917184265	0.6435643564356436	0.8565476681504227
lcl|CM001196.1_cds_EGP91583.1_1516 [locus_tag=MYCGRDRAFT_67041] [db_xref=InterPro:IPR001452,JGIDB:Mycgr3_67041] [protein=hypothetical protein] [protein_id=EGP91583.1] [location=4581436..4587363] [gbkey=CDS]	54.413044974035294	0.7629104141446157	0.47718930256948083	0.5518405943937859	0.6182485579444154	0.8591012936085363
lcl|CM001196.1_cds_EGP91584.1_1517 [locus_tag=MYCGRDRAFT_34547] [db_xref=InterPro:IPR002129,JGIDB:Mycgr3_34547] [protein=hypothetical protein] [protein_id=EGP91584.1] [location=4587853..4589562] [gbkey=CDS]	54.66966261674638	0.7389386963621516	0.4573502722323049	0.5404929577464789	0.5716878402903811	0.8584280711974016
lcl|CM001196.1_cds_EGP92051.1_1518 [locus_tag=MYCGRDRAFT_53981] [db_xref=JGIDB:Mycgr3_53981] [protein=hypothetical protein] [protein_id=EGP92051.1] [location=complement(join(4589927..4590099,4590165..4590180,4590235..4590378))] [gbkey=CDS]	47.624897044052084	0.8543843755637922	0.625	0.6116207951070336	0.7211538461538461	0.8585780890401749
lcl|CM001196.1_cds_EGP91585.1_1519 [locus_tag=MYCGRDRAFT_53984] [db_xref=InterPro:IPR003213,JGIDB:Mycgr3_53984] [protein=hypothetical protein] [protein_id=EGP91585.1] [location=join(4590613..4590661,4590821..4590936,4590993..4591091)] [gbkey=CDS]	45.808383738706524	0.919262002874654	0.7560975609756098	0.5930232558139535	0.8170731707317073	0.8318187815314652
lcl|CM001196.1_cds_EGP91586.1_1520 [locus_tag=MYCGRDRAFT_89917] [db_xref=JGIDB:Mycgr3_89917] [protein=hypothetical protein] [protein_id=EGP91586.1] [location=join(4592451..4592485,4592542..4593112,4593166..4593595,4593649..4593719)] [gbkey=CDS]	51.967228740622794	0.811273990762062	0.5584045584045584	0.5549500454132607	0.6609686609686609	0.8436334772883788
lcl|CM001196.1_cds_EGP92050.1_1521 [locus_tag=MYCGRDRAFT_67048] [db_xref=InterPro:IPR006035,JGIDB:Mycgr3_67048] [protein=hypothetical protein] [protein_id=EGP92050.1] [location=complement(join(4594072..4594335,4594467..4595067,4595124..4595311,4595376..4595513))] [gbkey=CDS]	50.179319947690416	0.8050701449831916	0.5673575129533679	0.560337552742616	0.6398963730569949	0.8545416870236956
lcl|CM001196.1_cds_EGP92049.1_1522 [locus_tag=MYCGRDRAFT_98773] [db_xref=InterPro:IPR002528,JGIDB:Mycgr3_98773] [protein=hypothetical protein] [protein_id=EGP92049.1] [location=complement(join(4596162..4596289,4596339..4597138,4597188..4597749,4598821..4598824,4602771..4602848))] [gbkey=CDS]	52.85951280877075	0.7465162769388907	0.49498997995991983	0.5478927203065134	0.5851703406813628	0.8569376735682569
lcl|CM001196.1_cds_EGP91587.1_1523 [locus_tag=MYCGRDRAFT_89921] [db_xref=JGIDB:Mycgr3_89921] [protein=hypothetical protein] [protein_id=EGP91587.1] [location=join(4612498..4613061,4613291..4613408,4613605..4614146)] [gbkey=CDS]	54.054935420016626	0.7688476046077652	0.5115089514066496	0.5394088669950738	0.5959079283887468	0.8552111699559175
lcl|CM001196.1_cds_EGP92048.1_1524 [locus_tag=MYCGRDRAFT_35120] [db_xref=InterPro:IPR005834,JGIDB:Mycgr3_35120] [protein=hypothetical protein] [protein_id=EGP92048.1] [location=complement(join(4614606..4615105,4615158..4615329,4615395..4615457))] [gbkey=CDS]	51.41834709378509	0.7521695850017203	0.43776824034334766	0.5637860082304527	0.6008583690987125	0.8587509100165395
lcl|CM001196.1_cds_EGP92047.1_1525 [locus_tag=MYCGRDRAFT_107571] [db_xref=InterPro:IPR006630,JGIDB:Mycgr3_107571] [protein=hypothetical protein] [protein_id=EGP92047.1] [location=complement(4616777..4620286)] [gbkey=CDS]	53.04719529847616	0.798999313809804	0.5185185185185185	0.5742009132420092	0.6040564373897708	0.8577547733188836
lcl|CM001196.1_cds_EGP91588.1_1528 [locus_tag=MYCGRDRAFT_102814] [db_xref=InterPro:IPR008568,JGIDB:Mycgr3_102814] [protein=hypothetical protein] [protein_id=EGP91588.1] [location=join(4626290..4626336,4626390..4626784,4626839..4627000,4627059..4627240)] [gbkey=CDS]	52.419118031238455	0.7781045759982054	0.49583333333333335	0.5294871794871795	0.625	0.8605707079942247
lcl|CM001196.1_cds_EGP92044.1_1529 [locus_tag=MYCGRDRAFT_107574] [db_xref=InterPro:IPR001810,JGIDB:Mycgr3_107574] [protein=hypothetical protein] [protein_id=EGP92044.1] [location=complement(join(4628681..4629711,4629765..4630104))] [gbkey=CDS]	51.427824418517034	0.79608582755908	0.5862068965517241	0.5597069597069597	0.6620689655172414	0.8575364042035853
lcl|CM001196.1_cds_EGP91589.1_1531 [locus_tag=MYCGRDRAFT_98775] [db_xref=InterPro:IPR002478,JGIDB:Mycgr3_98775] [protein=hypothetical protein] [protein_id=EGP91589.1] [location=join(4632250..4632263,4632320..4632878)] [gbkey=CDS]	53.95579193924167	0.7256202624046254	0.47802197802197804	0.527336860670194	0.5989010989010989	0.8520488489965206
lcl|CM001196.1_cds_EGP92042.1_1532 [locus_tag=MYCGRDRAFT_67060] [db_xref=JGIDB:Mycgr3_67060] [protein=hypothetical protein] [protein_id=EGP92042.1] [location=complement(join(4633637..4634180,4634299..4634413,4634474..4634618))] [gbkey=CDS]	52.53719033140244	0.7809658220047011	0.5521235521235521	0.5576441102756893	0.61003861003861	0.8609492862066289
lcl|CM001196.1_cds_EGP92040.1_1535 [locus_tag=MYCGRDRAFT_67069] [db_xref=InterPro:IPR003604,JGIDB:Mycgr3_67069] [protein=hypothetical protein] [protein_id=EGP92040.1] [location=complement(join(4640466..4640840,4640919..4641362))] [gbkey=CDS]	52.60263330466315	0.7666291627343123	0.48872180451127817	0.5596555965559655	0.6052631578947368	0.8558707530704767
lcl|CM001196.1_cds_EGP91591.1_1536 [gene=HIRA2401] [locus_tag=MYCGRDRAFT_67073] [db_xref=InterPro:IPR001680,InterPro:IPR011494,JGIDB:Mycgr3_67073] [protein=histone transcription regulator HIRA, WD repeat superfamily] [protein_id=EGP91591.1] [location=4641624..4644809] [gbkey=CDS]	56.5818449389637	0.7358994195764715	0.42130987292277616	0.5462264150943397	0.533724340175953	0.8574137496370119
lcl|CM001196.1_cds_EGP91592.1_1537 [locus_tag=MYCGRDRAFT_67076] [db_xref=JGIDB:Mycgr3_67076] [protein=hypothetical protein] [protein_id=EGP91592.1] [location=join(4645056..4645203,4645255..4646528)] [gbkey=CDS]	53.690888472486996	0.7619502534452872	0.4304635761589404	0.5515536723163842	0.543046357615894	0.8557333298487613
lcl|CM001196.1_cds_EGP91593.1_1538 [locus_tag=MYCGRDRAFT_89934] [db_xref=InterPro:IPR001138,JGIDB:Mycgr3_89934] [protein=hypothetical protein] [protein_id=EGP91593.1] [location=join(4647502..4647722,4647899..4649414)] [gbkey=CDS]	52.10796708632017	0.7766569244639192	0.5449640287769785	0.5499711149624494	0.6312949640287769	0.8507096981786695
lcl|CM001196.1_cds_EGP92039.1_1539 [locus_tag=MYCGRDRAFT_67079] [db_xref=InterPro:IPR000704,JGIDB:Mycgr3_67079] [protein=hypothetical protein] [protein_id=EGP92039.1] [location=complement(join(4652888..4653379,4653431..4653676,4654058..4654114))] [gbkey=CDS]	51.83636630312258	0.7775496690031543	0.5378486055776892	0.5335868187579215	0.6533864541832669	0.8574330391165079
lcl|CM001196.1_cds_EGP91594.1_1540 [locus_tag=MYCGRDRAFT_98781] [db_xref=InterPro:IPR009771,JGIDB:Mycgr3_98781] [protein=hypothetical protein] [protein_id=EGP91594.1] [location=join(4654475..4654579,4654685..4657550,4660687..4660758,4661122..4661158,4663609..4663657)] [gbkey=CDS]	55.9547586416989	0.7347212630966407	0.42502482621648463	0.5350624399615754	0.5660377358490566	0.8575892053748518
lcl|CM001196.1_cds_EGP92038.1_1542 [locus_tag=MYCGRDRAFT_67089] [db_xref=InterPro:IPR010497,JGIDB:Mycgr3_67089] [protein=hypothetical protein] [protein_id=EGP92038.1] [location=complement(join(4665647..4666541,4666603..4666812,4666873..4666889,4666950..4667033))] [gbkey=CDS]	52.50146013166429	0.7820576992833069	0.5196850393700787	0.5691666666666667	0.6666666666666666	0.8562224051988498
lcl|CM001196.1_cds_EGP91596.1_1543 [locus_tag=MYCGRDRAFT_35311] [db_xref=JGIDB:Mycgr3_35311] [protein=hypothetical protein] [protein_id=EGP91596.1] [location=4670796..4671944] [gbkey=CDS]	49.3920987137729	0.8150568120963383	0.5913978494623656	0.5826771653543307	0.7043010752688172	0.8555848684060838
lcl|CM001196.1_cds_EGP92037.1_1544 [locus_tag=MYCGRDRAFT_102821] [db_xref=JGIDB:Mycgr3_102821] [protein=hypothetical protein] [protein_id=EGP92037.1] [location=complement(join(4672586..4674349,4674414..4674533))] [gbkey=CDS]	48.43236344161774	0.7871766593129771	0.5212224108658744	0.5676251331203408	0.7215619694397284	0.8604662576516477
lcl|CM001196.1_cds_EGP92036.1_1545 [locus_tag=MYCGRDRAFT_89942] [db_xref=InterPro:IPR007568,JGIDB:Mycgr3_89942] [protein=hypothetical protein] [protein_id=EGP92036.1] [location=complement(join(4676518..4677166,4677226..4677539))] [gbkey=CDS]	51.244913706455634	0.77288806838651	0.5533333333333333	0.542319749216301	0.6633333333333333	0.8536213302923451
lcl|CM001196.1_cds_EGP92035.1_1546 [locus_tag=MYCGRDRAFT_89943] [db_xref=JGIDB:Mycgr3_89943] [protein=hypothetical protein] [protein_id=EGP92035.1] [location=complement(join(4678353..4678915,4678979..4679630,4679846..4679890))] [gbkey=CDS]	52.95232097551449	0.7783210329466976	0.5265822784810127	0.5502392344497608	0.6227848101265823	0.8539194957869576
lcl|CM001196.1_cds_EGP91597.1_1547 [locus_tag=MYCGRDRAFT_67094] [db_xref=InterPro:IPR001993,JGIDB:Mycgr3_67094] [protein=hypothetical protein] [protein_id=EGP91597.1] [location=join(4680443..4681178,4681272..4681501)] [gbkey=CDS]	45.573093318900476	0.7387121273901923	0.4723127035830619	0.6	0.749185667752443	0.8586591421944844
lcl|CM001196.1_cds_EGP92034.1_1548 [locus_tag=MYCGRDRAFT_32076] [db_xref=InterPro:IPR002048,InterPro:IPR005821,JGIDB:Mycgr3_32076] [protein=Ca2+ channel, alpha subunit] [protein_id=EGP92034.1] [location=complement(join(4684189..4684611,4684714..4690413))] [gbkey=CDS]	51.86384573489489	0.7813891308622479	0.5268817204301075	0.5429131927415399	0.6574500768049155	0.8599577864540179
lcl|CM001196.1_cds_EGP91598.1_1549 [locus_tag=MYCGRDRAFT_31624] [db_xref=JGIDB:Mycgr3_31624] [protein=hypothetical protein] [protein_id=EGP91598.1] [location=join(4691642..4691746,4691804..4692436)] [gbkey=CDS]	52.465882059416636	0.7436487707208453	0.4472573839662447	0.5546448087431693	0.6075949367088608	0.8537829820844656
lcl|CM001196.1_cds_EGP92033.1_1550 [locus_tag=MYCGRDRAFT_67096] [db_xref=InterPro:IPR009716,JGIDB:Mycgr3_67096] [protein=putative Ferriportin iron efflux transporter] [protein_id=EGP92033.1] [location=complement(join(4692488..4693482,4693539..4693771,4693800..4694047))] [gbkey=CDS]	55.69167883978592	0.7173506877858874	0.44539614561027835	0.54421768707483	0.5588865096359743	0.8567979544986084
lcl|CM001196.1_cds_EGP92032.1_1552 [locus_tag=MYCGRDRAFT_89949] [db_xref=JGIDB:Mycgr3_89949] [protein=hypothetical protein] [protein_id=EGP92032.1] [location=complement(join(4698233..4698427,4698485..4699018))] [gbkey=CDS]	52.48147065492086	0.7667325126712851	0.5127118644067796	0.5311203319502075	0.597457627118644	0.8554373209238768
lcl|CM001196.1_cds_EGP92031.1_1553 [locus_tag=MYCGRDRAFT_107589] [db_xref=JGIDB:Mycgr3_107589] [protein=hypothetical protein] [protein_id=EGP92031.1] [location=complement(join(4699703..4700551,4701308..4701850,4701905..4702062,4702138..4702213,4702271..4702399))] [gbkey=CDS]	53.05403187057174	0.7791768988939078	0.5035087719298246	0.5351629502572899	0.6017543859649123	0.8560312991396174
lcl|CM001196.1_cds_EGP91600.1_1554 [locus_tag=MYCGRDRAFT_67099] [db_xref=InterPro:IPR002085,JGIDB:Mycgr3_67099] [protein=hypothetical protein] [protein_id=EGP91600.1] [location=join(4704407..4704996,4705050..4705234,4705274..4705518)] [gbkey=CDS]	47.690027676876774	0.8124230517648711	0.5876923076923077	0.5581854043392505	0.6553846153846153	0.8552776181553556
lcl|CM001196.1_cds_EGP91601.1_1555 [locus_tag=MYCGRDRAFT_67102] [db_xref=JGIDB:Mycgr3_67102] [protein=hypothetical protein] [protein_id=EGP91601.1] [location=join(4707341..4707684,4707740..4708661)] [gbkey=CDS]	52.05957110711233	0.7763212458740976	0.5407407407407407	0.5285714285714286	0.6148148148148148	0.8583987332983744
lcl|CM001196.1_cds_EGP92030.1_1556 [locus_tag=MYCGRDRAFT_33390] [db_xref=JGIDB:Mycgr3_33390] [protein=hypothetical protein] [protein_id=EGP92030.1] [location=complement(join(4710358..4710782,4710836..4710998))] [gbkey=CDS]	51.91321358639109	0.7721996282017504	0.5243243243243243	0.506872852233677	0.6270270270270271	0.8507454469420088
lcl|CM001196.1_cds_EGP92029.1_1557 [locus_tag=MYCGRDRAFT_107593] [db_xref=InterPro:IPR004023,JGIDB:Mycgr3_107593] [protein=hypothetical protein] [protein_id=EGP92029.1] [location=complement(join(4712031..4712045,4712099..4712224,4712282..4712369,4712427..4712490,4712548..4712643,4712697..4712734,4712832..4712875))] [gbkey=CDS]	50.71011524051602	0.7924336544255862	0.5789473684210527	0.5204301075268817	0.6644736842105263	0.8557461677151361
lcl|CM001196.1_cds_EGP91602.1_1558 [locus_tag=MYCGRDRAFT_67108] [db_xref=InterPro:IPR002553,JGIDB:Mycgr3_67108] [protein=hypothetical protein] [protein_id=EGP91602.1] [location=join(4713282..4713586,4713641..4716075,4716129..4716277)] [gbkey=CDS]	49.952306675348716	0.7950468678379423	0.5686695278969958	0.5300034686090878	0.6534334763948498	0.8575351742059859
lcl|CM001196.1_cds_EGP92027.1_1560 [locus_tag=MYCGRDRAFT_67112] [db_xref=JGIDB:Mycgr3_67112] [protein=hypothetical protein] [protein_id=EGP92027.1] [location=complement(4717439..4718878)] [gbkey=CDS]	56.53392618954824	0.7230872665729593	0.4190064794816415	0.5585774058577406	0.5550755939524838	0.8596613673945148
lcl|CM001196.1_cds_EGP92026.1_1561 [locus_tag=MYCGRDRAFT_31519] [db_xref=JGIDB:Mycgr3_31519] [protein=hypothetical protein] [protein_id=EGP92026.1] [location=complement(join(4719812..4720003,4720058..4720850,4720901..4721375,4721441..4721457,4721508..4721656))] [gbkey=CDS]	52.536467899781194	0.7594609999733334	0.5368217054263565	0.5302469135802469	0.625968992248062	0.8558744211003128
lcl|CM001196.1_cds_EGP91603.1_1562 [locus_tag=MYCGRDRAFT_107596] [db_xref=JGIDB:Mycgr3_107596] [protein=hypothetical protein] [protein_id=EGP91603.1] [location=4724709..4725596] [gbkey=CDS]	53.099680362790124	0.7536506403945414	0.4482758620689655	0.5408163265306123	0.5724137931034483	0.8557932789701538
lcl|CM001196.1_cds_EGP92025.1_1563 [locus_tag=MYCGRDRAFT_67117] [db_xref=InterPro:IPR001047,JGIDB:Mycgr3_67117] [protein=hypothetical protein] [protein_id=EGP92025.1] [location=complement(join(4726401..4726926,4726980..4727048,4727110..4727114))] [gbkey=CDS]	39.15376573938763	0.8770291736157136	0.8214285714285714	0.6262626262626263	0.75	0.85488095991415
lcl|CM001196.1_cds_EGP92024.1_1564 [locus_tag=MYCGRDRAFT_34196] [db_xref=JGIDB:Mycgr3_34196] [protein=hypothetical protein] [protein_id=EGP92024.1] [location=complement(4727566..4728216)] [gbkey=CDS]	55.25173917107244	0.77409446829212325	0.4951923076923077	0.5410852713178295	0.5865384615384616	0.8505280068351871
lcl|CM001196.1_cds_EGP91604.1_1565 [locus_tag=MYCGRDRAFT_107598] [db_xref=InterPro:IPR007087,JGIDB:Mycgr3_107598] [protein=hypothetical protein] [protein_id=EGP91604.1] [location=join(4728917..4728931,4728985..4729072,4729464..4729482,4729728..4729804,4730039..4730097,4730159..4730720,4730772..4731016,4731080..4731232,4731290..4731372,4731769..4733128)] [gbkey=CDS]	50.2293304150708	0.8157116975641022	0.5675990675990676	0.576271186440678	0.6585081585081585	0.8545780996955876
lcl|CM001196.1_cds_EGP91605.1_1566 [locus_tag=MYCGRDRAFT_107599] [db_xref=JGIDB:Mycgr3_107599] [protein=hypothetical protein] [protein_id=EGP91605.1] [location=4733952..4735046] [gbkey=CDS]	51.94811622685863	0.7916027600994983	0.5154061624649859	0.5895316804407713	0.6470588235294118	0.8556197880382362
lcl|CM001196.1_cds_EGP91606.1_1568 [locus_tag=MYCGRDRAFT_67122] [db_xref=InterPro:IPR002225,JGIDB:Mycgr3_67122] [protein=hypothetical protein] [protein_id=EGP91606.1] [location=4737082..4738239] [gbkey=CDS]	53.679269059945796	0.7726564727064005	0.5054054054054054	0.5442708333333334	0.6405405405405405	0.8566280472875517
lcl|CM001196.1_cds_EGP91607.1_1569 [locus_tag=MYCGRDRAFT_84149] [db_xref=JGIDB:Mycgr3_84149] [protein=hypothetical protein] [protein_id=EGP91607.1] [location=join(4740738..4741740,4741795..4741892)] [gbkey=CDS]	46.90744276529879	0.8255015944449701	0.6218487394957983	0.5808219178082191	0.6638655462184874	0.8545138075695581
lcl|CM001196.1_cds_EGP92022.1_1570 [locus_tag=MYCGRDRAFT_107601] [db_xref=InterPro:IPR001327,JGIDB:Mycgr3_107601] [protein=hypothetical protein] [protein_id=EGP92022.1] [location=complement(join(4742057..4742205,4742260..4743084,4743141..4743393))] [gbkey=CDS]	50.72643388010294	0.7673538116808583	0.5648854961832062	0.5585585585585585	0.6310432569974554	0.8595041074790747
lcl|CM001196.1_cds_EGP92021.1_1571 [locus_tag=MYCGRDRAFT_89963] [db_xref=InterPro:IPR000679,InterPro:IPR006939,JGIDB:Mycgr3_89963] [protein=hypothetical protein] [protein_id=EGP92021.1] [location=complement(join(4745572..4746147,4746203..4748062,4748223..4748252,4748309..4748362))] [gbkey=CDS]	56.82664634196443	0.7531644869314742	0.47270471464019853	0.5704057279236276	0.5744416873449132	0.8580859837165917
lcl|CM001196.1_cds_EGP92020.1_1573 [locus_tag=MYCGRDRAFT_32600] [db_xref=InterPro:IPR005828,JGIDB:Mycgr3_32600] [protein=MFS transporter] [protein_id=EGP92020.1] [location=complement(join(4750484..4750755,4750805..4751051,4751182..4752005,4752063..4752330))] [gbkey=CDS]	55.37287642428552	0.7178313459539205	0.44664031620553357	0.5295950155763239	0.5395256916996047	0.8586473462663953
lcl|CM001196.1_cds_EGP91609.1_1574 [locus_tag=MYCGRDRAFT_31615] [db_xref=JGIDB:Mycgr3_31615] [protein=hypothetical protein] [protein_id=EGP91609.1] [location=join(4753562..4754638,4754694..4755230)] [gbkey=CDS]	49.0079929460048	0.8356021590886434	0.6003824091778203	0.5814676616915423	0.6749521988527725	0.8566332678150598
lcl|CM001196.1_cds_EGP92019.1_1575 [locus_tag=MYCGRDRAFT_31582] [db_xref=JGIDB:Mycgr3_31582] [protein=Phosphopantetheine attachment site-containing protein] [protein_id=EGP92019.1] [location=complement(join(4755952..4756400,4756449..4756482,4756540..4756631,4756687..4757052,4757113..4757220,4757274..4757413,4757472..4757594,4757649..4757779))] [gbkey=CDS]	55.33860030843027	0.7462332509977122	0.464818763326226	0.5316631871955463	0.5756929637526652	0.8582455442231902
lcl|CM001196.1_cds_EGP91611.1_1577 [locus_tag=MYCGRDRAFT_32909] [db_xref=InterPro:IPR005828,JGIDB:Mycgr3_32909] [protein=hypothetical protein] [protein_id=EGP91611.1] [location=join(4761790..4761898,4761947..4762086,4762139..4762210,4762260..4762420,4762475..4762568,4762620..4762769,4762820..4762997,4763049..4763469,4763522..4763611,4763668..4763761)] [gbkey=CDS]	52.40069078138178	0.760817060036327	0.49473684210526314	0.5169660678642715	0.5894736842105263	0.8540787054979513
lcl|CM001196.1_cds_EGP91612.1_1578 [locus_tag=MYCGRDRAFT_107603] [db_xref=JGIDB:Mycgr3_107603] [protein=hypothetical protein] [protein_id=EGP91612.1] [location=join(4764244..4764430,4764489..4764526,4764590..4765294)] [gbkey=CDS]	51.12555715244212	0.7893557690809759	0.4740484429065744	0.5854978354978355	0.6193771626297578	0.8561875358515915
lcl|CM001196.1_cds_EGP92018.1_1579 [locus_tag=MYCGRDRAFT_67131] [db_xref=JGIDB:Mycgr3_67131] [protein=hypothetical protein] [protein_id=EGP92018.1] [location=complement(join(4765448..4765832,4765886..4766013))] [gbkey=CDS]	53.71494180479876	0.7229270915220168	0.41975308641975306	0.5364891518737672	0.5617283950617284	0.8628491910974839
lcl|CM001196.1_cds_EGP92017.1_1581 [locus_tag=MYCGRDRAFT_107606] [db_xref=JGIDB:Mycgr3_107606] [protein=hypothetical protein] [protein_id=EGP92017.1] [location=complement(join(4767676..4767882,4767961..4769097))] [gbkey=CDS]	52.18726195930784	0.7957612280864335	0.5591647331786543	0.5687593423019432	0.6450116009280742	0.8603077736965857
lcl|CM001196.1_cds_EGP92016.1_1582 [locus_tag=MYCGRDRAFT_67138] [db_xref=InterPro:IPR004907,JGIDB:Mycgr3_67138] [protein=hypothetical protein] [protein_id=EGP92016.1] [location=complement(join(4770945..4771148,4771213..4771898,4771965..4772262))] [gbkey=CDS]	51.63510758173718	0.781851027383012	0.5466321243523317	0.5499153976311336	0.6735751295336787	0.8582897531018429
lcl|CM001196.1_cds_EGP91614.1_1583 [locus_tag=MYCGRDRAFT_84158] [db_xref=InterPro:IPR006222,JGIDB:Mycgr3_84158] [protein=hypothetical protein] [protein_id=EGP91614.1] [location=4772886..4774058] [gbkey=CDS]	49.12040431723457	0.7869170121091573	0.5596816976127321	0.5604113110539846	0.623342175066313	0.8528160122329109
lcl|CM001196.1_cds_EGP91615.1_1584 [gene=MGSUL6] [locus_tag=MYCGRDRAFT_89975] [db_xref=InterPro:IPR002891,JGIDB:Mycgr3_89975] [protein=MGSUL6 APS kinase] [protein_id=EGP91615.1] [location=join(4776630..4776637,4776691..4776943,4777003..4777342,4777405..4777415,4777611..4777679)] [gbkey=CDS]	50.83804619852487	0.795332458501456	0.5515695067264574	0.5392592592592592	0.6322869955156951	0.856073251835345
lcl|CM001196.1_cds_EGP92015.1_1585 [locus_tag=MYCGRDRAFT_32730] [db_xref=InterPro:IPR003358,JGIDB:Mycgr3_32730] [protein=hypothetical protein] [protein_id=EGP92015.1] [location=complement(join(4778657..4779329,4779385..4779506))] [gbkey=CDS]	52.26067304246154	0.7820541628223775	0.5217391304347826	0.541191381495564	0.6521739130434783	0.8513208053360354
lcl|CM001196.1_cds_EGP92014.1_1586 [locus_tag=MYCGRDRAFT_67144] [db_xref=InterPro:IPR000644,InterPro:IPR001807,JGIDB:Mycgr3_67144] [protein=hypothetical protein] [protein_id=EGP92014.1] [location=complement(4780134..4782338)] [gbkey=CDS]	52.69564651844889	0.7439542937662286	0.4822190611664296	0.53706230104593	0.604551920341394	0.8592809831398956
lcl|CM001196.1_cds_EGP91616.1_1587 [locus_tag=MYCGRDRAFT_102831] [db_xref=InterPro:IPR002573,JGIDB:Mycgr3_102831] [protein=hypothetical protein] [protein_id=EGP91616.1] [location=4784300..4784965] [gbkey=CDS]	53.73486124642656	0.7450398711492694	0.5188679245283019	0.5060606060606061	0.5754716981132075	0.8530551026491456
lcl|CM001196.1_cds_EGP91617.1_1588 [locus_tag=MYCGRDRAFT_67149] [db_xref=JGIDB:Mycgr3_67149] [protein=hypothetical protein] [protein_id=EGP91617.1] [location=join(4785752..4786051,4786118..4786208,4786248..4786531)] [gbkey=CDS]	51.499038692384104	0.8041801835935357	0.5416666666666666	0.5724962630792227	0.6620370370370371	0.8584950187952299
lcl|CM001196.1_cds_EGP92013.1_1589 [locus_tag=MYCGRDRAFT_54090] [db_xref=InterPro:IPR009305,JGIDB:Mycgr3_54090] [protein=hypothetical protein] [protein_id=EGP92013.1] [location=complement(join(4787210..4787704,4787755..4787814,4787877..4787900,4787954..4787986))] [gbkey=CDS]	52.7630638717028	0.7363854153890231	0.5230769230769231	0.528052805280528	0.6205128205128205	0.8535548668120071
lcl|CM001196.1_cds_EGP91618.1_1590 [locus_tag=MYCGRDRAFT_102837] [db_xref=InterPro:IPR000194,InterPro:IPR000793,InterPro:IPR004100,JGIDB:Mycgr3_102837] [protein=hypothetical protein] [protein_id=EGP91618.1] [location=join(4788300..4788365,4788582..4788739,4788800..4788856,4788912..4789032,4789085..4789566,4789620..4789662,4789716..4789794,4789850..4790026,4790082..4790098,4790152..4790218,4790276..4790661)] [gbkey=CDS]	37.269108083122944	0.8568373531881812	0.7865168539325843	0.604735883424408	0.7584269662921348	0.8541488179156779
lcl|CM001196.1_cds_EGP92012.1_1591 [locus_tag=MYCGRDRAFT_107614] [db_xref=JGIDB:Mycgr3_107614] [protein=hypothetical protein] [protein_id=EGP92012.1] [location=complement(join(4791258..4792347,4792538..4792650))] [gbkey=CDS]	50.64198446367481	0.7887967692687278	0.4564102564102564	0.5664160401002506	0.6076923076923076	0.8589217396259882
lcl|CM001196.1_cds_EGP91619.1_1592 [locus_tag=MYCGRDRAFT_107615] [db_xref=InterPro:IPR001920,JGIDB:Mycgr3_107615] [protein=hypothetical protein] [protein_id=EGP91619.1] [location=join(4792995..4793120,4793173..4793820)] [gbkey=CDS]	53.5188939424411	0.7455376037575279	0.483739837398374	0.53515625	0.573170731707317	0.8590799696092719
lcl|CM001196.1_cds_EGP91620.1_1593 [locus_tag=MYCGRDRAFT_89984] [db_xref=JGIDB:Mycgr3_89984] [protein=hypothetical protein] [protein_id=EGP91620.1] [location=join(4794974..4795135,4795187..4795640,4795695..4795888)] [gbkey=CDS]	54.29809891856804	0.7663567360779636	0.4230769230769231	0.5671641791044776	0.5692307692307692	0.85488095991415
lcl|CM001196.1_cds_EGP92011.1_1594 [locus_tag=MYCGRDRAFT_107616] [db_xref=JGIDB:Mycgr3_107616] [protein=hypothetical protein] [protein_id=EGP92011.1] [location=complement(4798300..4800504)] [gbkey=CDS]	56.71093793150862	0.7639039372540243	0.44163150492264414	0.5588904047294224	0.5555555555555556	0.858546076389521
lcl|CM001196.1_cds_EGP92010.1_1595 [locus_tag=MYCGRDRAFT_89986] [db_xref=JGIDB:Mycgr3_89986] [protein=hypothetical protein] [protein_id=EGP92010.1] [location=complement(join(4802258..4802508,4802559..4803070,4803153..4803277,4803605..4803671,4803955..4804355,4804410..4805849))] [gbkey=CDS]	55.75982949802075	0.7788245715671273	0.47577092511013214	0.5670250896057347	0.5715859030837004	0.856612251175511
lcl|CM001196.1_cds_EGP91622.1_1597 [locus_tag=MYCGRDRAFT_98798] [db_xref=InterPro:IPR003342,InterPro:IPR003608,JGIDB:Mycgr3_98798] [protein=hypothetical protein] [protein_id=EGP91622.1] [location=join(4808916..4809173,4809233..4810868,4810920..4811365)] [gbkey=CDS]	48.18351608675584	0.8164156537210514	0.5772357723577236	0.5492716366752356	0.6991869918699187	0.858160690746406
lcl|CM001196.1_cds_EGP91623.1_1598 [gene=ACS] [locus_tag=MYCGRDRAFT_107618] [db_xref=InterPro:IPR000873,JGIDB:Mycgr3_107618] [protein=acetyl-coenzyme A synthetase] [protein_id=EGP91623.1] [location=join(4812692..4812777,4812873..4814064,4814122..4814849,4815121..4815301)] [gbkey=CDS]	45.37990086023101	0.8306077909991428	0.6504297994269341	0.5813846859238881	0.7263610315186246	0.8552497860597166
lcl|CM001196.1_cds_EGP91624.1_1600 [locus_tag=MYCGRDRAFT_84166] [db_xref=InterPro:IPR001611,JGIDB:Mycgr3_84166] [protein=hypothetical protein] [protein_id=EGP91624.1] [location=join(4816353..4816421,4816472..4818280)] [gbkey=CDS]	52.086189571297325	0.7828466713133848	0.5205930807248764	0.5475427350427351	0.657331136738056	0.8555256230117503
lcl|CM001196.1_cds_EGP92008.1_1601 [locus_tag=MYCGRDRAFT_102841] [db_xref=InterPro:IPR002085,JGIDB:Mycgr3_102841] [protein=hypothetical protein] [protein_id=EGP92008.1] [location=complement(join(4818618..4818909,4818984..4819197,4819261..4819531,4819599..4819703,4819758..4819808,4819866..4820009))] [gbkey=CDS]	47.742191305949916	0.8128850435057443	0.6347826086956522	0.5947712418300654	0.672463768115942	0.8511345880993503
lcl|CM001196.1_cds_EGP91625.1_1602 [locus_tag=MYCGRDRAFT_32685] [db_xref=JGIDB:Mycgr3_32685] [protein=hypothetical protein] [protein_id=EGP91625.1] [location=4820713..4821099] [gbkey=CDS]	49.3973726883751	0.7613152779221469	0.4032258064516129	0.5380577427821522	0.6290322580645161	0.8601744226476619
lcl|CM001196.1_cds_EGP91626.1_1604 [locus_tag=MYCGRDRAFT_98802] [db_xref=InterPro:IPR002085,JGIDB:Mycgr3_98802] [protein=hypothetical protein] [protein_id=EGP91626.1] [location=join(4823466..4823474,4823541..4823634,4823695..4824668)] [gbkey=CDS]	47.668380886562744	0.7732760055573218	0.43641618497109824	0.5518207282913166	0.6329479768786127	0.8571366936169648
lcl|CM001196.1_cds_EGP91628.1_1606 [locus_tag=MYCGRDRAFT_33451] [db_xref=InterPro:IPR003959,JGIDB:Mycgr3_33451] [protein=hypothetical protein] [protein_id=EGP91628.1] [location=4832713..4833597] [gbkey=CDS]	50.93402793348691	0.7714439197415873	0.5559440559440559	0.5426621160409556	0.6433566433566433	0.8539665047031827
lcl|CM001196.1_cds_EGP91629.1_1607 [locus_tag=MYCGRDRAFT_67183] [db_xref=InterPro:IPR001590,InterPro:IPR001762,JGIDB:Mycgr3_67183] [protein=hypothetical protein] [protein_id=EGP91629.1] [location=join(4834794..4836893,4836946..4837332)] [gbkey=CDS]	52.568607193916776	0.7827103930021806	0.5398009950248757	0.5679161628375655	0.6032338308457711	0.8436103790447361
lcl|CM001196.1_cds_EGP92006.1_1608 [locus_tag=MYCGRDRAFT_89996] [db_xref=JGIDB:Mycgr3_89996] [protein=hypothetical protein] [protein_id=EGP92006.1] [location=complement(join(4837810..4838196,4838257..4838646))] [gbkey=CDS]	51.14382181691963	0.8052859416704813	0.5674603174603174	0.5654993514915694	0.6904761904761905	0.85540267309565
lcl|CM001196.1_cds_EGP92005.1_1609 [locus_tag=MYCGRDRAFT_102848] [db_xref=InterPro:IPR000597,JGIDB:Mycgr3_102848] [protein=hypothetical protein] [protein_id=EGP92005.1] [location=complement(join(4839098..4839353,4839407..4840080,4840139..4840295,4840377..4840446,4840499..4840520))] [gbkey=CDS]	37.82422035809403	0.8772677354675035	0.791005291005291	0.5856777493606138	0.7777777777777778	0.8538531430506276
lcl|CM001196.1_cds_EGP92003.1_1611 [gene=HB2402] [locus_tag=MYCGRDRAFT_117715] [db_xref=InterPro:IPR000910,JGIDB:Mycgr3_117715] [protein=high-mobility group non-histone chromatin protein] [protein_id=EGP92003.1] [location=complement(join(4843711..4845554,4845606..4846107))] [gbkey=CDS]	54.87801059105773	0.7812561761668879	0.4669312169312169	0.5752136752136752	0.5912698412698413	0.8560847242484889
lcl|CM001196.1_cds_EGP91630.1_1614 [locus_tag=MYCGRDRAFT_102849] [db_xref=JGIDB:Mycgr3_102849] [protein=hypothetical protein] [protein_id=EGP91630.1] [location=join(4854466..4854787,4854845..4855380)] [gbkey=CDS]	46.95958642420017	0.8393065385295414	0.6086956521739131	0.5927230046948356	0.6956521739130435	0.8525243655919115
lcl|CM001196.1_cds_EGP92000.1_1615 [locus_tag=MYCGRDRAFT_90001] [db_xref=JGIDB:Mycgr3_90001] [protein=hypothetical protein] [protein_id=EGP92000.1] [location=complement(join(4860273..4860402,4860456..4860495,4860553..4860558,4860613..4860654,4860706..4860713,4860764..4860809,4860869..4860876,4860931..4860970,4861079..4861111,4861227..4861256,4861346..4861664,4861728..4861886))] [gbkey=CDS]	42.482828211366794	0.87964773706474	0.7025089605734767	0.6152046783625731	0.7240143369175627	0.849255784676564
lcl|CM001196.1_cds_EGP91999.1_1616 [locus_tag=MYCGRDRAFT_34715] [db_xref=InterPro:IPR000917,JGIDB:Mycgr3_34715] [protein=hypothetical protein] [protein_id=EGP91999.1] [location=complement(4864973..4866670)] [gbkey=CDS]	45.05494970868834	0.853346546114205	0.6616822429906543	0.5721040189125296	0.7177570093457943	0.8536934929243155
lcl|CM001196.1_cds_EGP91631.1_1617 [locus_tag=MYCGRDRAFT_107627] [db_xref=InterPro:IPR002833,JGIDB:Mycgr3_107627] [protein=hypothetical protein] [protein_id=EGP91631.1] [location=join(4867828..4868122,4868230..4868450,4868515..4868601)] [gbkey=CDS]	51.7996262103723	0.7763923938608216	0.4897959183673469	0.5979899497487438	0.6275510204081632	0.8569040443102321
lcl|CM001196.1_cds_EGP91998.1_1618 [locus_tag=MYCGRDRAFT_67202] [db_xref=InterPro:IPR003492,JGIDB:Mycgr3_67202] [protein=hypothetical protein] [protein_id=EGP91998.1] [location=complement(join(4871762..4872166,4872224..4872703,4872755..4873210))] [gbkey=CDS]	52.386545174609935	0.7487225418611481	0.4593967517401392	0.5528089887640449	0.5870069605568445	0.8618369860029556
lcl|CM001196.1_cds_EGP91635.1_1622 [locus_tag=MYCGRDRAFT_90006] [db_xref=JGIDB:Mycgr3_90006] [protein=hypothetical protein] [protein_id=EGP91635.1] [location=join(4880449..4880930,4881079..4881127)] [gbkey=CDS]	50.39145601760409	0.8016138009992618	0.47904191616766467	0.5828571428571429	0.6467065868263473	0.8579502140040454
lcl|CM001196.1_cds_EGP91996.1_1624 [locus_tag=MYCGRDRAFT_33882] [db_xref=JGIDB:Mycgr3_33882] [protein=hypothetical protein] [protein_id=EGP91996.1] [location=complement(join(4889654..4890859,4890890..4891058,4891115..4891161))] [gbkey=CDS]	53.37478926548256	0.7424330470410827	0.45111111111111113	0.5247175141242938	0.5755555555555556	0.8571558354166104
lcl|CM001196.1_cds_EGP91995.1_1625 [locus_tag=MYCGRDRAFT_102854] [db_xref=JGIDB:Mycgr3_102854] [protein=hypothetical protein] [protein_id=EGP91995.1] [location=complement(4891771..4892460)] [gbkey=CDS]	55.54130725964144	0.7451943425809752	0.41818181818181815	0.5423976608187134	0.5318181818181819	0.8595970573858951
lcl|CM001196.1_cds_EGP91636.1_1626 [locus_tag=MYCGRDRAFT_102855] [db_xref=JGIDB:Mycgr3_102855] [protein=hypothetical protein] [protein_id=EGP91636.1] [location=4892793..4893053] [gbkey=CDS]	52.84462482051629	0.7104011057843919	0.35802469135802467	0.5529411764705883	0.5432098765432098	0.8643951170169756
lcl|CM001196.1_cds_EGP91637.1_1627 [gene=CYP-12] [locus_tag=MYCGRDRAFT_32226] [db_xref=InterPro:IPR001128,JGIDB:Mycgr3_32226] [protein=putative P450 monooxygenase] [protein_id=EGP91637.1] [location=join(4896452..4896778,4896900..4897130,4897213..4897598,4897647..4898259)] [gbkey=CDS]	53.950176708847785	0.747996342091789	0.48785425101214575	0.536428110896196	0.6255060728744939	0.8600819936501927
lcl|CM001196.1_cds_EGP91638.1_1628 [locus_tag=MYCGRDRAFT_67205] [db_xref=InterPro:IPR007533,JGIDB:Mycgr3_67205] [protein=hypothetical protein] [protein_id=EGP91638.1] [location=join(4899341..4899387,4899461..4899987,4900056..4900108)] [gbkey=CDS]	52.5697414922873	0.740536927016035	0.41379310344827586	0.499194847020934	0.5714285714285714	0.8568257686069408
lcl|CM001196.1_cds_EGP91641.1_1632 [locus_tag=MYCGRDRAFT_35119] [db_xref=InterPro:IPR005828,JGIDB:Mycgr3_35119] [protein=hypothetical protein] [protein_id=EGP91641.1] [location=join(4931456..4931604,4931668..4932021,4932087..4933149)] [gbkey=CDS]	50.07240404080137	0.7836698802585842	0.5506072874493927	0.5628205128205128	0.6902834008097166	0.8574625306019417
lcl|CM001196.1_cds_EGP91993.1_1633 [locus_tag=MYCGRDRAFT_67212] [db_xref=InterPro:IPR000504,JGIDB:Mycgr3_67212] [protein=hypothetical protein] [protein_id=EGP91993.1] [location=complement(join(4933245..4933668,4933766..4933919,4933968..4934223,4934277..4934375))] [gbkey=CDS]	53.483079262895394	0.7691785906569745	0.49836065573770494	0.5253505933117584	0.5737704918032787	0.8579228500961142
lcl|CM001196.1_cds_EGP91992.1_1634 [locus_tag=MYCGRDRAFT_98811] [db_xref=InterPro:IPR003107,JGIDB:Mycgr3_98811] [protein=hypothetical protein] [protein_id=EGP91992.1] [location=complement(4935092..4937128)] [gbkey=CDS]	53.54404772059147	0.7817506431888294	0.5559006211180124	0.5416051206302314	0.6506211180124224	0.8590488822455171
lcl|CM001196.1_cds_EGP91642.1_1635 [locus_tag=MYCGRDRAFT_67218] [db_xref=InterPro:IPR002687,JGIDB:Mycgr3_67218] [protein=hypothetical protein] [protein_id=EGP91642.1] [location=join(4937401..4937733,4937822..4939342)] [gbkey=CDS]	52.738289489422456	0.7758553726052574	0.5425709515859767	0.5541125541125541	0.6110183639398998	0.8579327439703553
lcl|CM001196.1_cds_EGP91643.1_1636 [locus_tag=MYCGRDRAFT_107637] [db_xref=InterPro:IPR001466,JGIDB:Mycgr3_107637] [protein=hypothetical protein] [protein_id=EGP91643.1] [location=join(4940003..4940540,4940597..4940755,4940809..4941079,4941138..4941349,4941402..4941967,4942395..4942409)] [gbkey=CDS]	51.15974689331098	0.7638919439933558	0.522887323943662	0.5555555555555556	0.670774647887324	0.8576349122395178
lcl|CM001196.1_cds_EGP91991.1_1637 [locus_tag=MYCGRDRAFT_90017] [db_xref=JGIDB:Mycgr3_90017] [protein=hypothetical protein] [protein_id=EGP91991.1] [location=complement(join(4942679..4942716,4942777..4942830,4942885..4943115,4943171..4943327))] [gbkey=CDS]	42.90147456838235	0.8525130869536124	0.7628205128205128	0.5822784810126582	0.7243589743589743	0.8565793459245357
lcl|CM001196.1_cds_EGP91990.1_1638 [locus_tag=MYCGRDRAFT_90018] [db_xref=InterPro:IPR000086,JGIDB:Mycgr3_90018] [protein=hypothetical protein] [protein_id=EGP91990.1] [location=complement(4944470..4944967)] [gbkey=CDS]	51.89700128711575	0.756361601942631	0.5256410256410257	0.5711382113821138	0.6282051282051282	0.85488095991415
lcl|CM001196.1_cds_EGP91644.1_1639 [locus_tag=MYCGRDRAFT_90019] [db_xref=JGIDB:Mycgr3_90019] [protein=hypothetical protein] [protein_id=EGP91644.1] [location=join(4946422..4946469,4946581..4948002,4948341..4948344,4948458..4948702)] [gbkey=CDS]	53.63384032008118	0.7644675590161104	0.4757630161579892	0.5773496789258611	0.5960502692998204	0.8569962776181561
lcl|CM001196.1_cds_EGP91989.1_1640 [locus_tag=MYCGRDRAFT_31461] [db_xref=InterPro:IPR006689,JGIDB:Mycgr3_31461] [protein=hypothetical protein] [protein_id=EGP91989.1] [location=complement(join(4948979..4949436,4949525..4949618))] [gbkey=CDS]	48.03056312390038	0.817620501834818	0.627906976744186	0.5659340659340659	0.7616279069767442	0.8622775768242948
lcl|CM001196.1_cds_EGP91645.1_1641 [locus_tag=MYCGRDRAFT_107640] [db_xref=InterPro:IPR000719,JGIDB:Mycgr3_107640] [protein=hypothetical protein] [protein_id=EGP91645.1] [location=join(4950449..4950489,4950610..4950783,4950842..4951176,4951239..4951567,4951647..4951791,4951845..4952023)] [gbkey=CDS]	53.75350245938035	0.7598146178668496	0.47668393782383417	0.5329991645781119	0.5777202072538861	0.8505248977453747
lcl|CM001196.1_cds_EGP91988.1_1642 [locus_tag=MYCGRDRAFT_67228] [db_xref=InterPro:IPR002495,JGIDB:Mycgr3_67228] [protein=hypothetical protein] [protein_id=EGP91988.1] [location=complement(4952205..4953158)] [gbkey=CDS]	46.86794509294787	0.7549879868407596	0.4883720930232558	0.5569620253164557	0.6843853820598007	0.8561544333549145
lcl|CM001196.1_cds_EGP91646.1_1643 [locus_tag=MYCGRDRAFT_67233] [db_xref=InterPro:IPR001993,JGIDB:Mycgr3_67233] [protein=hypothetical protein] [protein_id=EGP91646.1] [location=join(4953478..4953641,4953692..4953809,4953861..4954494,4954561..4954658)] [gbkey=CDS]	50.93866312558279	0.7577311733942755	0.47634069400630913	0.5763888888888888	0.6624605678233438	0.8524907470662312
lcl|CM001196.1_cds_EGP91987.1_1645 [locus_tag=MYCGRDRAFT_90025] [db_xref=JGIDB:Mycgr3_90025] [protein=hypothetical protein] [protein_id=EGP91987.1] [location=complement(join(4959265..4959273,4959338..4959584,4959902..4959950,4960072..4960105,4960176..4960280,4960369..4960632))] [gbkey=CDS]	50.38171442363048	0.7704419883340419	0.4978165938864629	0.5712250712250713	0.5895196506550219	0.8451983074093407
lcl|CM001196.1_cds_EGP91648.1_1646 [locus_tag=MYCGRDRAFT_107643] [db_xref=InterPro:IPR000679,JGIDB:Mycgr3_107643] [protein=hypothetical protein] [protein_id=EGP91648.1] [location=join(4964037..4964056,4964142..4965117,4965168..4965740)] [gbkey=CDS]	54.58598868233795	0.7936775540717526	0.4243614931237721	0.5681381957773513	0.5442043222003929	0.8556531283451463
lcl|CM001196.1_cds_EGP91649.1_1647 [locus_tag=MYCGRDRAFT_107644] [db_xref=InterPro:IPR004308,JGIDB:Mycgr3_107644] [protein=hypothetical protein] [protein_id=EGP91649.1] [location=join(4967219..4967229,4967411..4967483,4967549..4967614,4967678..4967826,4967881..4968006,4968057..4969638)] [gbkey=CDS]	52.43101524196832	0.7783734651906522	0.5007849293563579	0.5537231384307846	0.6279434850863422	0.858304091490007
lcl|CM001196.1_cds_EGP91985.1_1649 [locus_tag=MYCGRDRAFT_67239] [db_xref=InterPro:IPR001250,JGIDB:Mycgr3_67239] [protein=hypothetical protein] [protein_id=EGP91985.1] [location=complement(join(4980747..4981228,4981296..4982028,4982086..4982177,4982236..4982256,4982311..4982341))] [gbkey=CDS]	47.9830150470311	0.7936380136253068	0.5972850678733032	0.5587583148558758	0.6968325791855203	0.8542867567990844
lcl|CM001196.1_cds_EGP91650.1_1650 [locus_tag=MYCGRDRAFT_107646] [db_xref=JGIDB:Mycgr3_107646] [protein=hypothetical protein] [protein_id=EGP91650.1] [location=join(4982706..4982813,4982908..4983947,4984369..4984388,4984969..4985729,4985902..4986963,4987060..4988747,4988871..4989301,4989562..4990704,4990792..4991269,4991392..4991545,4991741..4991792,4991847..4992331)] [gbkey=CDS]	57.00338640659573	0.7601882806509891	0.4446287847366238	0.5504314994606256	0.5582745748652012	0.8573788626879134
lcl|CM001196.1_cds_EGP91651.1_1651 [locus_tag=MYCGRDRAFT_90030] [db_xref=InterPro:IPR003165,JGIDB:Mycgr3_90030] [protein=hypothetical protein] [protein_id=EGP91651.1] [location=4993178..4996732] [gbkey=CDS]	52.47099013944309	0.7695987070929555	0.5430060816681147	0.5424063116370809	0.580364900086881	0.8571500588521548
lcl|CM001196.1_cds_EGP91984.1_1652 [locus_tag=MYCGRDRAFT_33485] [db_xref=InterPro:IPR005109,JGIDB:Mycgr3_33485] [protein=hypothetical protein] [protein_id=EGP91984.1] [location=complement(join(4997552..4997572,4997628..4997821,4997876..4998794))] [gbkey=CDS]	55.47616567287774	0.7503821166427389	0.4456824512534819	0.5274822695035462	0.5682451253481894	0.8570225644190574
lcl|CM001196.1_cds_EGP91652.1_1653 [locus_tag=MYCGRDRAFT_90032] [db_xref=JGIDB:Mycgr3_90032] [protein=hypothetical protein] [protein_id=EGP91652.1] [location=join(4999319..4999958,5000022..5000942,5001198..5002072,5002310..5002777)] [gbkey=CDS]	56.12748583870756	0.7560011456827548	0.44193548387096776	0.5434782608695652	0.5655913978494623	0.8569648526930701
lcl|CM001196.1_cds_EGP91653.1_1654 [locus_tag=MYCGRDRAFT_90033] [db_xref=JGIDB:Mycgr3_90033] [protein=hypothetical protein] [protein_id=EGP91653.1] [location=join(5003802..5004019,5004070..5004217,5004456..5004509)] [gbkey=CDS]	51.00904990330888	0.7763377323736499	0.5328467153284672	0.5458937198067633	0.5693430656934306	0.8510045753910858
lcl|CM001196.1_cds_EGP91654.1_1655 [locus_tag=MYCGRDRAFT_84186] [db_xref=JGIDB:Mycgr3_84186] [protein=hypothetical protein] [protein_id=EGP91654.1] [location=join(5005595..5005741,5005801..5006483,5006537..5006955,5007051..5007086,5007137..5007325,5007402..5007538)] [gbkey=CDS]	54.97322312386077	0.7485121229959693	0.4980392156862745	0.5295950155763239	0.5686274509803921	0.8553821886321122
lcl|CM001196.1_cds_EGP91656.1_1657 [locus_tag=MYCGRDRAFT_31579] [db_xref=InterPro:IPR005834,JGIDB:Mycgr3_31579] [protein=hypothetical protein] [protein_id=EGP91656.1] [location=join(5010055..5010121,5010169..5010962)] [gbkey=CDS]	51.26784770975161	0.7870525431667329	0.5551470588235294	0.5380116959064327	0.6654411764705882	0.856764285996549
lcl|CM001196.1_cds_EGP91657.1_1658 [locus_tag=MYCGRDRAFT_32867] [db_xref=InterPro:IPR000120,JGIDB:Mycgr3_32867] [protein=hypothetical protein] [protein_id=EGP91657.1] [location=5011528..5013213] [gbkey=CDS]	54.73654463124188	0.7526120732419374	0.45	0.5327380952380952	0.5592592592592592	0.8592002438911455
lcl|CM001196.1_cds_EGP91983.1_1659 [locus_tag=MYCGRDRAFT_90036] [db_xref=JGIDB:Mycgr3_90036] [protein=hypothetical protein] [protein_id=EGP91983.1] [location=complement(join(5017669..5017701,5017781..5017840,5018003..5018811,5018914..5018992))] [gbkey=CDS]	52.664629647824924	0.765481857136129	0.46905537459283386	0.5671794871794872	0.6351791530944625	0.8524099645836383
lcl|CM001196.1_cds_EGP91982.1_1660 [locus_tag=MYCGRDRAFT_98817] [db_xref=InterPro:IPR007379,JGIDB:Mycgr3_98817] [protein=mitochondrial import inner membrane translocase, subunit Tim44] [protein_id=EGP91982.1] [location=complement(join(5019941..5021208,5021515..5021595,5024458..5024538,5025946..5026036))] [gbkey=CDS]	52.526724360823934	0.7672593431606572	0.5030800821355236	0.5379537953795379	0.5687885010266941	0.8575393300217963
lcl|CM001196.1_cds_EGP91658.1_1661 [locus_tag=MYCGRDRAFT_84191] [db_xref=JGIDB:Mycgr3_84191] [protein=hypothetical protein] [protein_id=EGP91658.1] [location=5026169..5026330] [gbkey=CDS]	53.10237004766939	0.7081062337789802	0.42857142857142855	0.5705128205128205	0.4897959183673469	0.8294888949184956
lcl|CM001196.1_cds_EGP91981.1_1662 [locus_tag=MYCGRDRAFT_67250] [db_xref=InterPro:IPR002016,JGIDB:Mycgr3_67250] [protein=hypothetical protein] [protein_id=EGP91981.1] [location=complement(join(5027950..5028633,5028694..5029016,5029076..5029906,5029973..5030200,5030261..5030585))] [gbkey=CDS]	49.160694089465814	0.8128260669263816	0.6057441253263708	0.5781970649895178	0.6684073107049608	0.8569065920829942
lcl|CM001196.1_cds_EGP91980.1_1663 [locus_tag=MYCGRDRAFT_90041] [db_xref=JGIDB:Mycgr3_90041] [protein=hypothetical protein] [protein_id=EGP91980.1] [location=complement(join(5031822..5031866,5032084..5032190,5032252..5032311,5032361..5032599,5032707..5032864))] [gbkey=CDS]	52.89362254366383	0.7717514940226018	0.45685279187817257	0.5572139303482587	0.583756345177665	0.8469159457237576
lcl|CM001196.1_cds_EGP91659.1_1664 [locus_tag=MYCGRDRAFT_98820] [db_xref=JGIDB:Mycgr3_98820] [protein=hypothetical protein] [frame=2] [partial=5'] [protein_id=EGP91659.1] [location=join(<5035093..5035329,5035386..5035707,5035769..5036344)] [gbkey=CDS]	47.54709063166316	0.8227335465291545	0.6072423398328691	0.5673758865248227	0.6963788300835655	0.8573800197416885
lcl|CM001196.1_cds_EGP91979.1_1665 [gene=CYP-21] [locus_tag=MYCGRDRAFT_90043] [db_xref=InterPro:IPR001128,JGIDB:Mycgr3_90043] [protein=putative P450 monooxygenase] [protein_id=EGP91979.1] [location=complement(join(5037408..5037530,5037589..5038078,5038144..5038268,5038328..5039215))] [gbkey=CDS]	54.181851722508924	0.7471481375149267	0.45489443378119004	0.5296296296296297	0.581573896353167	0.858861737062502
lcl|CM001196.1_cds_EGP91660.1_1666 [gene=CYP-4] [locus_tag=MYCGRDRAFT_98821] [db_xref=InterPro:IPR001128,JGIDB:Mycgr3_98821] [protein=putative P450 monooxygenase] [protein_id=EGP91660.1] [location=join(5039707..5039891,5039944..5040387,5040447..5041377)] [gbkey=CDS]	54.375173703276765	0.756515805169521	0.46247464503042596	0.5398970398970399	0.5801217038539553	0.8585113328577161
lcl|CM001196.1_cds_EGP91661.1_1667 [locus_tag=MYCGRDRAFT_34426] [db_xref=JGIDB:Mycgr3_34426] [protein=hypothetical protein] [protein_id=EGP91661.1] [location=join(5042340..5042500,5042552..5043389,5043455..5044486,5044688..5045127,5045181..5045481,5045585..5046192,5046248..5047229)] [gbkey=CDS]	56.4480802807125	0.7374796275908283	0.46888260254596886	0.5169880624426079	0.557991513437058	0.8562667864219582
lcl|CM001196.1_cds_EGP91662.1_1668 [locus_tag=MYCGRDRAFT_90046] [db_xref=JGIDB:Mycgr3_90046] [protein=hypothetical protein] [protein_id=EGP91662.1] [location=join(5048633..5048725,5048781..5049297,5049348..5049490)] [gbkey=CDS]	51.24440776332996	0.7847609420385037	0.5477178423236515	0.5542168674698795	0.6556016597510373	0.8521936385466907
lcl|CM001196.1_cds_EGP91663.1_1669 [locus_tag=MYCGRDRAFT_90047] [db_xref=JGIDB:Mycgr3_90047] [protein=hypothetical protein] [protein_id=EGP91663.1] [location=join(5050814..5050850,5051715..5051812,5051867..5051898,5052243..5052314,5052490..5052577,5052629..5052713,5052765..5052844)] [gbkey=CDS]	51.04212620970988	0.7569873620890396	0.49044585987261147	0.49382716049382713	0.6178343949044586	0.8417444780581671
lcl|CM001196.1_cds_EGP91664.1_1670 [locus_tag=MYCGRDRAFT_98822] [db_xref=InterPro:IPR006090,InterPro:IPR006091,InterPro:IPR006092,JGIDB:Mycgr3_98822] [protein=hypothetical protein] [protein_id=EGP91664.1] [location=join(5058772..5059426,5059520..5060094)] [gbkey=CDS]	53.28905450128091	0.7813274995402457	0.506426735218509	0.5563725490196079	0.6195372750642674	0.8594927457258608
lcl|CM001196.1_cds_EGP91665.1_1671 [locus_tag=MYCGRDRAFT_32133] [db_xref=InterPro:IPR006047,JGIDB:Mycgr3_32133] [protein=hypothetical protein] [protein_id=EGP91665.1] [location=join(5063435..5063751,5063853..5063892,5063950..5064091,5064163..5064488,5064544..5064738,5064792..5064977,5065035..5065686,5065888..5068076,5068136..5071105)] [gbkey=CDS]	51.235405726653006	0.7931222160424922	0.5528933092224232	0.5442875481386393	0.6392405063291139	0.8560862706060494
lcl|CM001196.1_cds_EGP91978.1_1672 [locus_tag=MYCGRDRAFT_98823] [db_xref=InterPro:IPR002086,JGIDB:Mycgr3_98823] [protein=hypothetical protein] [protein_id=EGP91978.1] [location=complement(join(5071621..5071739,5071796..5071876,5071930..5073176,5073238..5073279,5073328..5073392))] [gbkey=CDS]	55.72486555659348	0.7244259238695451	0.4168336673346693	0.5368217054263565	0.5430861723446894	0.8569616179230376
lcl|CM001196.1_cds_EGP91977.1_1673 [locus_tag=MYCGRDRAFT_102869] [db_xref=JGIDB:Mycgr3_102869] [protein=hypothetical protein] [protein_id=EGP91977.1] [location=complement(5073920..5074231)] [gbkey=CDS]	54.5084524230369	0.7397332754807775	0.3673469387755102	0.5424836601307189	0.4897959183673469	0.8509477010763534
lcl|CM001196.1_cds_EGP91668.1_1678 [locus_tag=MYCGRDRAFT_107656] [db_xref=InterPro:IPR001138,JGIDB:Mycgr3_107656] [protein=hypothetical protein] [protein_id=EGP91668.1] [location=join(5086305..5086902,5086963..5087531,5087779..5087890,5087945..5089407)] [gbkey=CDS]	55.318125572949704	0.7436954048313597	0.4497175141242938	0.5486111111111112	0.5717514124293785	0.8581204888377506
lcl|CM001196.1_cds_EGP91669.1_1679 [locus_tag=MYCGRDRAFT_67267] [db_xref=JGIDB:Mycgr3_67267] [protein=hypothetical protein] [protein_id=EGP91669.1] [location=join(5090183..5090265,5090324..5091569)] [gbkey=CDS]	54.67767072933587	0.7531215847902477	0.4238875878220141	0.5328798185941043	0.5433255269320844	0.8591467865760293
lcl|CM001196.1_cds_EGP91974.1_1680 [locus_tag=MYCGRDRAFT_90056] [db_xref=JGIDB:Mycgr3_90056] [protein=hypothetical protein] [protein_id=EGP91974.1] [location=complement(5091823..5092374)] [gbkey=CDS]	49.12738475983137	0.8426797037559588	0.5371428571428571	0.6593406593406593	0.6514285714285715	0.8512064786521079
lcl|CM001196.1_cds_EGP91973.1_1681 [locus_tag=MYCGRDRAFT_90057] [db_xref=InterPro:IPR002610,JGIDB:Mycgr3_90057] [protein=hypothetical protein] [protein_id=EGP91973.1] [location=complement(5093058..5094539)] [gbkey=CDS]	53.22236235482388	0.7682435405356945	0.4936708860759494	0.5745257452574526	0.6244725738396625	0.8570632428736148
lcl|CM001196.1_cds_EGP91972.1_1683 [locus_tag=MYCGRDRAFT_107660] [db_xref=InterPro:IPR003124,JGIDB:Mycgr3_107660] [protein=hypothetical protein] [protein_id=EGP91972.1] [location=complement(join(5096379..5097839,5097903..5097976,5098027..5098081))] [gbkey=CDS]	53.9888810757336	0.7524823704621147	0.3192307692307692	0.5991161616161617	0.4326923076923077	0.8558970131761114
lcl|CM001196.1_cds_EGP91671.1_1684 [locus_tag=MYCGRDRAFT_31641] [db_xref=JGIDB:Mycgr3_31641] [protein=hypothetical protein] [protein_id=EGP91671.1] [location=5098929..5099702] [gbkey=CDS]	48.05600129594498	0.7932770716016426	0.5291666666666667	0.578125	0.6833333333333333	0.8554047116619213
lcl|CM001196.1_cds_EGP91672.1_1685 [locus_tag=MYCGRDRAFT_98828] [db_xref=InterPro:IPR011531,JGIDB:Mycgr3_98828] [protein=hypothetical protein] [protein_id=EGP91672.1] [location=join(5104712..5105273,5105335..5106458,5116046..5116060)] [gbkey=CDS]	46.2047141663289	0.804919952387514	0.6169811320754717	0.5551622418879056	0.7094339622641509	0.8525118700558818
lcl|CM001196.1_cds_EGP91971.1_1686 [locus_tag=MYCGRDRAFT_90064] [db_xref=JGIDB:Mycgr3_90064] [protein=hypothetical protein] [protein_id=EGP91971.1] [location=complement(5120565..5121989)] [gbkey=CDS]	54.6470382745518	0.7515572961368234	0.48081264108352145	0.5369978858350951	0.6139954853273137	0.8551643882648357
lcl|CM001196.1_cds_EGP91970.1_1687 [locus_tag=MYCGRDRAFT_90065] [db_xref=JGIDB:Mycgr3_90065] [protein=hypothetical protein] [protein_id=EGP91970.1] [location=complement(5122702..5123973)] [gbkey=CDS]	53.41493942201166	0.7738349519033825	0.4798994974874372	0.5671406003159558	0.6381909547738693	0.8574257712284966
lcl|CM001196.1_cds_EGP91969.1_1688 [locus_tag=MYCGRDRAFT_90066] [db_xref=JGIDB:Mycgr3_90066] [protein=hypothetical protein] [protein_id=EGP91969.1] [location=complement(join(5124801..5126153,5126206..5126263,5126444..5126523,5126643..5127782))] [gbkey=CDS]	54.18698326568114	0.7527640901839611	0.47868453105968334	0.5539047619047619	0.6126674786845311	0.8584115515801478
lcl|CM001196.1_cds_EGP91968.1_1689 [locus_tag=MYCGRDRAFT_90067] [db_xref=JGIDB:Mycgr3_90067] [protein=hypothetical protein] [protein_id=EGP91968.1] [location=complement(join(5128643..5128743,5128804..5129818))] [gbkey=CDS]	52.3252764552818	0.769615083577179	0.4871060171919771	0.5477477477477477	0.6131805157593123	0.8566942233554401
lcl|CM001196.1_cds_EGP91673.1_1691 [locus_tag=MYCGRDRAFT_98830] [db_xref=InterPro:IPR007783,JGIDB:Mycgr3_98830] [protein=hypothetical protein] [protein_id=EGP91673.1] [location=join(5132896..5134346,5134404..5134667,5135075..5135093)] [gbkey=CDS]	48.50383823035949	0.8281389225963135	0.6141304347826086	0.5775462962962963	0.6956521739130435	0.858145077517315
lcl|CM001196.1_cds_EGP91674.1_1692 [locus_tag=MYCGRDRAFT_34756] [db_xref=InterPro:IPR001993,JGIDB:Mycgr3_34756] [protein=hypothetical protein] [protein_id=EGP91674.1] [location=join(5141421..5141530,5141599..5141685,5141774..5141994,5142051..5142547)] [gbkey=CDS]	47.24442494207228	0.8203246214325134	0.6202090592334495	0.5764576457645765	0.7386759581881533	0.8535548668120071
lcl|CM001196.1_cds_EGP91965.1_1694 [locus_tag=MYCGRDRAFT_67286] [db_xref=InterPro:IPR000683,JGIDB:Mycgr3_67286] [protein=hypothetical protein] [protein_id=EGP91965.1] [location=complement(join(5150660..5151336,5151392..5151829,5151879..5151942))] [gbkey=CDS]	50.94869123184153	0.7826289926055751	0.5201072386058981	0.5541346973572038	0.646112600536193	0.8569403068021525
lcl|CM001196.1_cds_EGP91964.1_1696 [locus_tag=MYCGRDRAFT_34632] [db_xref=InterPro:IPR001138,InterPro:IPR007219,JGIDB:Mycgr3_34632] [protein=hypothetical protein] [protein_id=EGP91964.1] [location=complement(join(5157322..5158833,5159167..5159526))] [gbkey=CDS]	55.887031549316774	0.7404950546376333	0.4717607973421927	0.5407288317256163	0.5913621262458472	0.8566066787075564
lcl|CM001196.1_cds_EGP91963.1_1697 [locus_tag=MYCGRDRAFT_84209] [db_xref=InterPro:IPR005338,JGIDB:Mycgr3_84209] [protein=hypothetical protein] [protein_id=EGP91963.1] [location=complement(5159841..5161094)] [gbkey=CDS]	53.07887902679535	0.7649077965967479	0.4825	0.5296474358974359	0.575	0.8574625306019417
lcl|CM001196.1_cds_EGP91962.1_1699 [locus_tag=MYCGRDRAFT_32616] [db_xref=InterPro:IPR005828,JGIDB:Mycgr3_32616] [protein=hypothetical protein] [protein_id=EGP91962.1] [location=complement(join(5162955..5163400,5163459..5163771,5163826..5164087,5164141..5164415,5164470..5164817))] [gbkey=CDS]	49.85179976899552	0.785151917860281	0.5799614643545279	0.539072039072039	0.628131021194605	0.8568471646893041
lcl|CM001196.1_cds_EGP91678.1_1701 [locus_tag=MYCGRDRAFT_32708] [db_xref=InterPro:IPR000172,InterPro:IPR007867,JGIDB:Mycgr3_32708] [protein=hypothetical protein] [protein_id=EGP91678.1] [location=join(5167088..5167732,5167883..5168461)] [gbkey=CDS]	54.541546998348416	0.7398130548553328	0.45685279187817257	0.5632183908045977	0.5685279187817259	0.8538910945866698
lcl|CM001196.1_cds_EGP91679.1_1702 [locus_tag=MYCGRDRAFT_34239] [db_xref=JGIDB:Mycgr3_34239] [protein=hypothetical protein] [protein_id=EGP91679.1] [location=5169428..5170042] [gbkey=CDS]	54.64720252173535	0.719815090695348	0.4010152284263959	0.5336617405582923	0.5380710659898477	0.857526214362914
lcl|CM001196.1_cds_EGP91961.1_1703 [locus_tag=MYCGRDRAFT_84210] [db_xref=JGIDB:Mycgr3_84210] [protein=hypothetical protein] [protein_id=EGP91961.1] [location=complement(5170144..5171076)] [gbkey=CDS]	49.308546006473065	0.8039580496452164	0.5791245791245792	0.5598705501618123	0.7037037037037037	0.8574876325682483
lcl|CM001196.1_cds_EGP91680.1_1704 [locus_tag=MYCGRDRAFT_84211] [db_xref=InterPro:IPR002198,JGIDB:Mycgr3_84211] [protein=hypothetical protein] [protein_id=EGP91680.1] [location=5178369..5179157] [gbkey=CDS]	50.4940013797326	0.7899300879552632	0.5296442687747036	0.5517241379310345	0.5928853754940712	0.8569376735682569
lcl|CM001196.1_cds_EGP91960.1_1705 [locus_tag=MYCGRDRAFT_33631] [db_xref=InterPro:IPR001853,JGIDB:Mycgr3_33631] [protein=hypothetical protein] [protein_id=EGP91960.1] [location=complement(join(5179219..5179712,5179778..5179823,5179876..5179929,5179982..5180056))] [gbkey=CDS]	52.38372794782739	0.7607098698810728	0.4688995215311005	0.5173453996983409	0.6220095693779905	0.8597468603713765
lcl|CM001196.1_cds_EGP91681.1_1706 [locus_tag=MYCGRDRAFT_84213] [db_xref=InterPro:IPR000873,JGIDB:Mycgr3_84213] [protein=hypothetical protein] [protein_id=EGP91681.1] [location=join(5180606..5180705,5180759..5182299)] [gbkey=CDS]	53.12407719989486	0.7695112956221059	0.5075471698113208	0.5394495412844037	0.6320754716981132	0.8605564246084296
lcl|CM001196.1_cds_EGP91959.1_1707 [locus_tag=MYCGRDRAFT_84214] [db_xref=InterPro:IPR000717,JGIDB:Mycgr3_84214] [protein=CSN4 COP9 signalosome complex subunit 4] [protein_id=EGP91959.1] [location=complement(join(5182529..5182612,5182676..5183287,5183369..5183552,5183605..5183849))] [gbkey=CDS]	51.45621494767056	0.7816397238561831	0.5489130434782609	0.5460232350312779	0.6195652173913043	0.8570398108509284
lcl|CM001196.1_cds_EGP91682.1_1708 [locus_tag=MYCGRDRAFT_90085] [db_xref=JGIDB:Mycgr3_90085] [protein=hypothetical protein] [protein_id=EGP91682.1] [location=5184407..5185036] [gbkey=CDS]	51.999386347001064	0.7459021841275892	0.44554455445544555	0.5192307692307693	0.5445544554455446	0.8587562379126404
lcl|CM001196.1_cds_EGP91683.1_1709 [locus_tag=MYCGRDRAFT_219793] [db_xref=JGIDB:Mycgr3_219793] [protein=ABC transporter-like protein] [protein_id=EGP91683.1] [location=join(5185687..5186948,5187001..5187163)] [gbkey=CDS]	52.662073936739205	0.7405448163013897	0.4923413566739606	0.5158562367864693	0.5908096280087527	0.8588575192810024
lcl|CM001196.1_cds_EGP91958.1_1710 [locus_tag=MYCGRDRAFT_90087] [db_xref=JGIDB:Mycgr3_90087] [protein=putative peroxidase] [protein_id=EGP91958.1] [location=complement(join(5187511..5188538,5188596..5188824))] [gbkey=CDS]	46.65371523583383	0.8371721812893658	0.6345679012345679	0.5819344524380495	0.6666666666666666	0.8542383267976631
lcl|CM001196.1_cds_EGP91957.1_1711 [locus_tag=MYCGRDRAFT_107669] [db_xref=InterPro:IPR000277,InterPro:IPR003781,JGIDB:Mycgr3_107669] [protein=hypothetical protein] [protein_id=EGP91957.1] [location=complement(5190671..5192491)] [gbkey=CDS]	51.049946634155255	0.7844643960676463	0.534923339011925	0.5757575757575758	0.6490630323679727	0.8582107185176483
lcl|CM001196.1_cds_EGP91956.1_1712 [locus_tag=MYCGRDRAFT_54228] [db_xref=JGIDB:Mycgr3_54228] [protein=hypothetical protein] [protein_id=EGP91956.1] [location=complement(join(5199445..5199875,5199938))] [gbkey=CDS]	47.67297245604708	0.8751867835039592	0.624113475177305	0.6103286384976526	0.7659574468085106	0.8558254206191831
lcl|CM001196.1_cds_EGP91955.1_1713 [locus_tag=MYCGRDRAFT_90089] [db_xref=JGIDB:Mycgr3_90089] [protein=hypothetical protein] [protein_id=EGP91955.1] [location=complement(join(5229268..5229399,5229452..5229483,5229903..5230107,5230411..5230509,5230600..5230722))] [gbkey=CDS]	54.288644818032054	0.76040150338844	0.5105263157894737	0.5658119658119658	0.6263157894736842	0.856256828896101
lcl|CM001196.1_cds_EGP91684.1_1714 [locus_tag=MYCGRDRAFT_90090] [db_xref=JGIDB:Mycgr3_90090] [protein=hypothetical protein] [protein_id=EGP91684.1] [location=join(5232150..5232899,5232967..5232972)] [gbkey=CDS]	53.645874716259044	0.7638240401812966	0.48523206751054854	0.564	0.5864978902953587	0.8575659554262683
lcl|CM001196.1_cds_EGP91954.1_1715 [locus_tag=MYCGRDRAFT_32734] [db_xref=InterPro:IPR002198,JGIDB:Mycgr3_32734] [protein=hypothetical protein] [protein_id=EGP91954.1] [location=complement(join(5233157..5233225,5233587..5234408))] [gbkey=CDS]	51.48132408574034	0.7899345200170694	0.528169014084507	0.5649717514124294	0.6443661971830986	0.8503493053165636
lcl|CM001196.1_cds_EGP91953.1_1716 [locus_tag=MYCGRDRAFT_90092] [db_xref=JGIDB:Mycgr3_90092] [protein=hypothetical protein] [protein_id=EGP91953.1] [location=complement(5235360..5235686)] [gbkey=CDS]	48.61780624632577	0.8228853681918599	0.6538461538461539	0.5545171339563862	0.7211538461538461	0.8314078551739142
lcl|CM001196.1_cds_EGP91952.1_1717 [locus_tag=MYCGRDRAFT_102877] [db_xref=JGIDB:Mycgr3_102877] [protein=hypothetical protein] [protein_id=EGP91952.1] [location=complement(join(5237833..5238350,5238415..5238481))] [gbkey=CDS]	53.10575572898995	0.7727554626986153	0.4074074074074074	0.5578583765112263	0.5555555555555556	0.8562710981918794
lcl|CM001196.1_cds_EGP91685.1_1718 [locus_tag=MYCGRDRAFT_31749] [db_xref=InterPro:IPR000977,JGIDB:Mycgr3_31749] [protein=hypothetical protein] [protein_id=EGP91685.1] [location=5238979..5241633] [gbkey=CDS]	50.50915132486909	0.8009213281424701	0.5598141695702671	0.5485088712721782	0.6631823461091754	0.8550327733825536
lcl|CM001196.1_cds_EGP91951.1_1719 [locus_tag=MYCGRDRAFT_33394] [db_xref=JGIDB:Mycgr3_33394] [protein=hypothetical protein] [protein_id=EGP91951.1] [location=complement(join(5241847..5241987,5248358..5248959,5249038..5249149))] [gbkey=CDS]	49.74449464287403	0.7566233577400505	0.5539033457249071	0.5889281507656066	0.7026022304832714	0.8591543421784523
lcl|CM001196.1_cds_EGP91949.1_1722 [locus_tag=MYCGRDRAFT_107673] [db_xref=JGIDB:Mycgr3_107673] [protein=hypothetical protein] [protein_id=EGP91949.1] [location=complement(5252069..5252704)] [gbkey=CDS]	45.78293330014257	0.801838066942808	0.5522388059701493	0.5793650793650794	0.7412935323383084	0.8516954954716569
lcl|CM001196.1_cds_EGP91687.1_1723 [locus_tag=MYCGRDRAFT_35060] [db_xref=InterPro:IPR002109,JGIDB:Mycgr3_35060] [protein=hypothetical protein] [protein_id=EGP91687.1] [location=join(5253726..5254271,5254355..5254654)] [gbkey=CDS]	50.85397235733475	0.7693813953761284	0.4838709677419355	0.5773809523809523	0.6845878136200717	0.8601630445421399
lcl|CM001196.1_cds_EGP91948.1_1724 [locus_tag=MYCGRDRAFT_102881] [db_xref=InterPro:IPR000702,JGIDB:Mycgr3_102881] [protein=hypothetical protein] [protein_id=EGP91948.1] [location=complement(join(5255249..5255480,5255549..5255852,5256019..5256064))] [gbkey=CDS]	40.617342843915395	0.8990862817387972	0.8021390374331551	0.5763888888888888	0.839572192513369	0.8562783444096795
lcl|CM001196.1_cds_EGP91947.1_1725 [locus_tag=MYCGRDRAFT_107675] [db_xref=InterPro:IPR003726,JGIDB:Mycgr3_107675] [protein=hypothetical protein] [protein_id=EGP91947.1] [location=complement(join(5257828..5258044,5258205..5259301))] [gbkey=CDS]	54.052314608824624	0.7438837855842102	0.4200477326968974	0.5267584097859327	0.5465393794749404	0.8542663213820222
lcl|CM001196.1_cds_EGP91688.1_1726 [locus_tag=MYCGRDRAFT_67314] [db_xref=InterPro:IPR005377,JGIDB:Mycgr3_67314] [protein=hypothetical protein] [protein_id=EGP91688.1] [location=5259601..5260539] [gbkey=CDS]	50.94251606985918	0.7524677754447956	0.5147540983606558	0.5326902465166131	0.6819672131147541	0.8605022937996859
lcl|CM001196.1_cds_EGP91689.1_1727 [locus_tag=MYCGRDRAFT_31803] [db_xref=InterPro:IPR000089,InterPro:IPR001078,InterPro:IPR004167,JGIDB:Mycgr3_31803] [protein=hypothetical protein] [protein_id=EGP91689.1] [location=5260987..5262441] [gbkey=CDS]	51.449761857857226	0.7826629335466716	0.4690831556503198	0.5410628019323671	0.6119402985074627	0.8557139082430881
lcl|CM001196.1_cds_EGP91690.1_1728 [locus_tag=MYCGRDRAFT_67317] [db_xref=InterPro:IPR002086,JGIDB:Mycgr3_67317] [protein=hypothetical protein] [protein_id=EGP91690.1] [location=join(5262813..5262959,5263010..5264611)] [gbkey=CDS]	51.8909502917604	0.8102145820520693	0.5470692717584369	0.5519219736087206	0.6607460035523979	0.8560352616714545
lcl|CM001196.1_cds_EGP91691.1_1729 [locus_tag=MYCGRDRAFT_32494] [db_xref=InterPro:IPR002110,JGIDB:Mycgr3_32494] [protein=hypothetical protein] [protein_id=EGP91691.1] [location=join(5265901..5268551,5268590..5268677)] [gbkey=CDS]	55.82472335884551	0.7335572590473657	0.46538024971623154	0.5305525064032199	0.5595913734392736	0.856353570295304
lcl|CM001196.1_cds_EGP91692.1_1730 [locus_tag=MYCGRDRAFT_33813] [db_xref=JGIDB:Mycgr3_33813] [protein=hypothetical protein] [protein_id=EGP91692.1] [location=join(5269314..5269544,5269607..5270038)] [gbkey=CDS]	53.375529351533096	0.7727895139375965	0.47619047619047616	0.54337899543379	0.5952380952380952	0.8567190892658062
lcl|CM001196.1_cds_EGP91946.1_1731 [locus_tag=MYCGRDRAFT_34317] [db_xref=InterPro:IPR005834,JGIDB:Mycgr3_34317] [protein=hypothetical protein] [protein_id=EGP91946.1] [location=complement(5270197..5270976)] [gbkey=CDS]	52.505946691358226	0.7261250185183977	0.508	0.5581395348837209	0.64	0.858003845166887
lcl|CM001196.1_cds_EGP91693.1_1732 [locus_tag=MYCGRDRAFT_32527] [db_xref=InterPro:IPR003855,JGIDB:Mycgr3_32527] [protein=hypothetical protein] [protein_id=EGP91693.1] [location=join(5272462..5272867,5272933..5273189,5273247..5273711,5273783..5274010,5274069..5275022)] [gbkey=CDS]	53.32162024638378	0.7454609298227952	0.496617050067659	0.5316840277777778	0.6035182679296346	0.8552300921021492
lcl|CM001196.1_cds_EGP91944.1_1734 [gene=CYP-14] [locus_tag=MYCGRDRAFT_67324] [db_xref=InterPro:IPR001128,JGIDB:Mycgr3_67324] [protein=putative P450 monooxygenase] [protein_id=EGP91944.1] [location=complement(join(5277936..5278006,5278069..5279463,5279529..5279616,5279669..5279776))] [gbkey=CDS]	49.972004381226576	0.8058078291373313	0.5525812619502868	0.5561594202898551	0.6730401529636711	0.856339152044883
lcl|CM001196.1_cds_EGP91943.1_1735 [locus_tag=MYCGRDRAFT_32807] [db_xref=JGIDB:Mycgr3_32807] [protein=hypothetical protein] [protein_id=EGP91943.1] [location=complement(5280394..5281425)] [gbkey=CDS]	51.34465192697499	0.7613618578952697	0.5276073619631901	0.5633528265107213	0.6349693251533742	0.8584155994983695
lcl|CM001196.1_cds_EGP91694.1_1736 [locus_tag=MYCGRDRAFT_31520] [db_xref=InterPro:IPR000926,JGIDB:Mycgr3_31520] [protein=hypothetical protein] [protein_id=EGP91694.1] [location=5281960..5283156] [gbkey=CDS]	53.89209644037522	0.7491545623905157	0.4728682170542636	0.5743073047858942	0.5684754521963824	0.8535315032820053
lcl|CM001196.1_cds_EGP91942.1_1737 [locus_tag=MYCGRDRAFT_67327] [db_xref=JGIDB:Mycgr3_67327] [protein=hypothetical protein] [protein_id=EGP91942.1] [location=complement(5283949..5285412)] [gbkey=CDS]	49.0161549683497	0.7670952247791705	0.4967462039045553	0.5781893004115226	0.7049891540130152	0.8590280044499726
lcl|CM001196.1_cds_EGP91941.1_1738 [locus_tag=MYCGRDRAFT_90108] [db_xref=JGIDB:Mycgr3_90108] [protein=hypothetical protein] [protein_id=EGP91941.1] [location=complement(join(5286056..5288530,5288592..5288732))] [gbkey=CDS]	55.6494240957588	0.7535700095005509	0.4257075471698113	0.5532567049808429	0.5660377358490566	0.8576586917366185
lcl|CM001196.1_cds_EGP91940.1_1739 [locus_tag=MYCGRDRAFT_67329] [db_xref=InterPro:IPR007312,JGIDB:Mycgr3_67329] [protein=hypothetical protein] [protein_id=EGP91940.1] [location=complement(join(5290304..5291237,5291292..5291605))] [gbkey=CDS]	50.31041326823632	0.8172247047290708	0.5475	0.534621578099839	0.655	0.8577998314509091
lcl|CM001196.1_cds_EGP91695.1_1740 [locus_tag=MYCGRDRAFT_32322] [db_xref=InterPro:IPR001117,JGIDB:Mycgr3_32322] [protein=putative multicopper oxidase, type 1] [protein_id=EGP91695.1] [location=5292579..5294444] [gbkey=CDS]	55.43118341425282	0.7405705780221813	0.4276206322795341	0.5317204301075269	0.5640599001663894	0.8579130201663165
lcl|CM001196.1_cds_EGP91696.1_1741 [locus_tag=MYCGRDRAFT_90112] [db_xref=InterPro:IPR010699,JGIDB:Mycgr3_90112] [protein=hypothetical protein] [protein_id=EGP91696.1] [location=join(5295051..5295266,5295367..5296209)] [gbkey=CDS]	52.11602049971005	0.7532298252422498	0.471976401179941	0.5546058879392213	0.6135693215339233	0.8598598243285204
lcl|CM001196.1_cds_EGP91939.1_1742 [locus_tag=MYCGRDRAFT_31366] [db_xref=InterPro:IPR005828,JGIDB:Mycgr3_31366] [protein=hypothetical protein] [protein_id=EGP91939.1] [location=complement(join(5296666..5296739,5296796..5297528,5297578..5297661,5297722..5298085,5298143..5298411))] [gbkey=CDS]	54.99425730673065	0.7071630532933356	0.3974630021141649	0.5289855072463768	0.5306553911205074	0.8570027886346931
lcl|CM001196.1_cds_EGP91938.1_1743 [locus_tag=MYCGRDRAFT_107684] [db_xref=JGIDB:Mycgr3_107684] [protein=hypothetical protein] [frame=3] [partial=5'] [protein_id=EGP91938.1] [location=complement(join(5300986..5301297,5301494..5301532,5301696..5301891,5302056..>5303217))] [gbkey=CDS]	54.835875403424254	0.734477821254472	0.47802197802197804	0.5631981187536743	0.5787545787545788	0.8608114619578644
lcl|CM001196.1_cds_EGP91697.1_1744 [locus_tag=MYCGRDRAFT_67335] [db_xref=InterPro:IPR000733,JGIDB:Mycgr3_67335] [protein=hypothetical protein] [protein_id=EGP91697.1] [location=join(5303570..5304168,5304218..5304917)] [gbkey=CDS]	52.11886566199761	0.7548464448070484	0.4489311163895487	0.5320959010054138	0.5629453681710214	0.8561258505195442
lcl|CM001196.1_cds_EGP91937.1_1745 [locus_tag=MYCGRDRAFT_67338] [db_xref=JGIDB:Mycgr3_67338] [protein=hypothetical protein] [protein_id=EGP91937.1] [location=complement(join(5305682..5305702,5305755..5306022,5306078..5306433,5306563..5306704,5306752..5306782,5306834..5306921))] [gbkey=CDS]	50.990092275434705	0.7746472061330608	0.5387323943661971	0.5444444444444444	0.5845070422535211	0.8566700212291276
lcl|CM001196.1_cds_EGP91936.1_1746 [locus_tag=MYCGRDRAFT_67342] [db_xref=InterPro:IPR002085,JGIDB:Mycgr3_67342] [protein=hypothetical protein] [protein_id=EGP91936.1] [location=complement(join(5307761..5308059,5308111..5308207,5308261..5308348,5308403..5308701,5308755..5308951,5309006..5309108))] [gbkey=CDS]	48.20229868724187	0.7831639845890924	0.5451895043731778	0.5701021355617456	0.6151603498542274	0.8541345484004045
lcl|CM001196.1_cds_EGP91935.1_1747 [gene=MgSsk2] [locus_tag=MYCGRDRAFT_67344] [db_xref=InterPro:IPR000719,JGIDB:Mycgr3_67344] [protein=SSK2 MAP kinase] [protein_id=EGP91935.1] [location=complement(5310416..5314573)] [gbkey=CDS]	53.338538392132925	0.7745340603153458	0.527736131934033	0.5457610789980732	0.6154422788605697	0.8566260254733061
lcl|CM001196.1_cds_EGP91698.1_1748 [locus_tag=MYCGRDRAFT_107688] [db_xref=InterPro:IPR001680,JGIDB:Mycgr3_107688] [protein=hypothetical protein] [protein_id=EGP91698.1] [location=5315280..5316377] [gbkey=CDS]	53.532026239565205	0.749196822133528	0.42196531791907516	0.565018315018315	0.6040462427745664	0.8556177574162033
lcl|CM001196.1_cds_EGP91934.1_1749 [locus_tag=MYCGRDRAFT_90119] [db_xref=JGIDB:Mycgr3_90119] [protein=hypothetical protein] [protein_id=EGP91934.1] [location=complement(5316842..5317414)] [gbkey=CDS]	51.105403440356135	0.7662933761788436	0.4581005586592179	0.5432098765432098	0.5810055865921788	0.8605734538574626
lcl|CM001196.1_cds_EGP91933.1_1750 [locus_tag=MYCGRDRAFT_67350] [db_xref=JGIDB:Mycgr3_67350] [protein=hypothetical protein] [protein_id=EGP91933.1] [location=complement(join(5318821..5320017,5320069..5320515))] [gbkey=CDS]	55.28890460512366	0.7293681902544665	0.4472168905950096	0.525030525030525	0.5719769673704415	0.8607931513056735
lcl|CM001196.1_cds_EGP91699.1_1751 [locus_tag=MYCGRDRAFT_102887] [db_xref=JGIDB:Mycgr3_102887] [protein=hypothetical protein] [protein_id=EGP91699.1] [location=5327870..5328034] [gbkey=CDS]	50.74500635802048	0.7291762143644939	0.4117647058823529	0.5220125786163522	0.6078431372549019	0.8448243986350404
lcl|CM001196.1_cds_EGP91932.1_1752 [locus_tag=MYCGRDRAFT_54282] [db_xref=JGIDB:Mycgr3_54282] [protein=hypothetical protein] [protein_id=EGP91932.1] [location=complement(join(5328827..5328979,5329629..5329714,5329958..5330022,5330513..5330633,5330995..5331217))] [gbkey=CDS]	54.09286244154977	0.7205909303589159	0.49246231155778897	0.5545171339563862	0.6331658291457286	0.8580184648347993
lcl|CM001196.1_cds_EGP91700.1_1753 [locus_tag=MYCGRDRAFT_90122] [db_xref=JGIDB:Mycgr3_90122] [protein=hypothetical protein] [protein_id=EGP91700.1] [location=join(5331411..5331494,5331770..5331772,5332055..5332291)] [gbkey=CDS]	50.71641787533492	0.753342633540867	0.40404040404040403	0.5534591194968553	0.6161616161616161	0.8586829571091691
lcl|CM001196.1_cds_EGP91701.1_1754 [locus_tag=MYCGRDRAFT_84231] [db_xref=InterPro:IPR001092,JGIDB:Mycgr3_84231] [protein=hypothetical protein] [protein_id=EGP91701.1] [location=5334481..5335830] [gbkey=CDS]	50.55252826511543	0.8075430323257978	0.590047393364929	0.5699404761904762	0.6350710900473934	0.8575779609013683
lcl|CM001196.1_cds_EGP91930.1_1756 [locus_tag=MYCGRDRAFT_34783] [db_xref=JGIDB:Mycgr3_34783] [protein=hypothetical protein] [protein_id=EGP91930.1] [location=complement(join(5340269..5340428,5340495..5340556))] [gbkey=CDS]	50.71887531785774	0.83623023271991	0.6	0.5740740740740741	0.7571428571428571	0.8511657399267146
lcl|CM001196.1_cds_EGP91702.1_1757 [locus_tag=MYCGRDRAFT_90125] [db_xref=JGIDB:Mycgr3_90125] [protein=hypothetical protein] [protein_id=EGP91702.1] [location=join(5341294..5342008,5342139..5342785)] [gbkey=CDS]	53.37837278594116	0.7659601591323509	0.4861111111111111	0.5154867256637168	0.6203703703703703	0.85488095991415
lcl|CM001196.1_cds_EGP91929.1_1758 [locus_tag=MYCGRDRAFT_79045] [db_xref=JGIDB:Mycgr3_79045] [protein=hypothetical protein] [protein_id=EGP91929.1] [location=complement(5344807..5345016)] [gbkey=CDS]	53.918297232988316	0.7166758535859408	0.4603174603174603	0.5784313725490197	0.5079365079365079	0.8450817180996251
lcl|CM001196.1_cds_EGP91703.1_1759 [gene=MgGpa2] [locus_tag=MYCGRDRAFT_84233] [db_xref=InterPro:IPR001019,JGIDB:Mycgr3_84233] [protein=G-protein alpha subunit] [protein_id=EGP91703.1] [location=join(5345018..5345135,5345223..5345407,5345458..5345615,5345671..5345929,5345985..5346332)] [gbkey=CDS]	49.85988912542099	0.7930307980671562	0.5672514619883041	0.5178907721280602	0.6637426900584795	0.8586757811708116
lcl|CM001196.1_cds_EGP91704.1_1760 [locus_tag=MYCGRDRAFT_102893] [db_xref=InterPro:IPR001395,JGIDB:Mycgr3_102893] [protein=hypothetical protein] [protein_id=EGP91704.1] [location=join(5351851..5352021,5352085..5352406,5352462..5352988)] [gbkey=CDS]	53.71713810245226	0.7580058035506217	0.5	0.539447731755424	0.584375	0.8544844856339846
lcl|CM001196.1_cds_EGP91706.1_1762 [locus_tag=MYCGRDRAFT_102895] [db_xref=InterPro:IPR006683,JGIDB:Mycgr3_102895] [protein=hypothetical protein] [protein_id=EGP91706.1] [location=5356144..5357121] [gbkey=CDS]	51.716707999519876	0.7677261913059062	0.48417721518987344	0.5823045267489712	0.6265822784810127	0.8581969892657376
lcl|CM001196.1_cds_EGP91928.1_1763 [locus_tag=MYCGRDRAFT_102897] [db_xref=InterPro:IPR000608,JGIDB:Mycgr3_102897] [protein=hypothetical protein] [protein_id=EGP91928.1] [location=complement(join(5357410..5357550,5357612..5357737,5357808..5357887,5357943..5358015))] [gbkey=CDS]	48.09448608698551	0.8568004433500331	0.631578947368421	0.5797101449275363	0.7518796992481203	0.8490729795445741
lcl|CM001196.1_cds_EGP91927.1_1764 [locus_tag=MYCGRDRAFT_107697] [db_xref=JGIDB:Mycgr3_107697] [protein=hypothetical protein] [protein_id=EGP91927.1] [location=complement(join(5360006..5360342,5360399..5360476,5360532..5360639,5360695..5360741))] [gbkey=CDS]	54.38284020814292	0.724542186298604	0.3567567567567568	0.5301418439716312	0.5081081081081081	0.8570225644190574
lcl|CM001196.1_cds_EGP91707.1_1765 [locus_tag=MYCGRDRAFT_102901] [db_xref=JGIDB:Mycgr3_102901] [protein=hypothetical protein] [protein_id=EGP91707.1] [location=5363215..5363403] [gbkey=CDS]	53.41057768201548	0.7257224679346364	0.4576271186440678	0.5737704918032787	0.5254237288135594	0.8570811534376854
lcl|CM001196.1_cds_EGP91708.1_1766 [locus_tag=MYCGRDRAFT_31720] [db_xref=InterPro:IPR006090,InterPro:IPR006091,JGIDB:Mycgr3_31720] [protein=hypothetical protein] [protein_id=EGP91708.1] [location=join(5363949..5364807,5364864..5365263,5365318..5365423)] [gbkey=CDS]	49.851459148277414	0.785131099278936	0.5105386416861827	0.5695364238410596	0.6814988290398126	0.857845013529088
lcl|CM001196.1_cds_EGP91709.1_1767 [locus_tag=MYCGRDRAFT_67374] [db_xref=InterPro:IPR003781,InterPro:IPR005811,JGIDB:Mycgr3_67374] [protein=hypothetical protein] [protein_id=EGP91709.1] [location=join(5366664..5367110,5367161..5368840)] [gbkey=CDS]	48.52874496038936	0.7963890445936549	0.5720461095100865	0.5681282413955682	0.6440922190201729	0.8545018660825552
lcl|CM001196.1_cds_EGP91926.1_1768 [locus_tag=MYCGRDRAFT_31905] [db_xref=InterPro:IPR000626,JGIDB:Mycgr3_31905] [protein=hypothetical protein] [protein_id=EGP91926.1] [location=complement(join(5369345..5369407,5369492..5369728))] [gbkey=CDS]	49.08982690748512	0.8514884305231684	0.6979166666666666	0.564625850340136	0.75	0.8480694964303165
lcl|CM001196.1_cds_EGP91710.1_1769 [locus_tag=MYCGRDRAFT_67376] [db_xref=JGIDB:Mycgr3_67376] [protein=hypothetical protein] [protein_id=EGP91710.1] [location=join(5370277..5370279,5370334..5370400,5370456..5370502,5370563..5370654,5370711..5370744)] [gbkey=CDS]	54.98227665657356	0.7599589276575351	0.4230769230769231	0.4978902953586498	0.5512820512820513	0.8481210239842009
lcl|CM001196.1_cds_EGP91711.1_1770 [locus_tag=MYCGRDRAFT_67377] [db_xref=InterPro:IPR001910,JGIDB:Mycgr3_67377] [protein=hypothetical protein] [protein_id=EGP91711.1] [location=join(5371542..5371574,5371626..5371934,5371983..5372288,5372377..5373072)] [gbkey=CDS]	55.450862667530224	0.7467544970912616	0.4547563805104408	0.531390134529148	0.568445475638051	0.8554822447770363
lcl|CM001196.1_cds_EGP91712.1_1771 [locus_tag=MYCGRDRAFT_35226] [db_xref=InterPro:IPR005834,InterPro:IPR006068,InterPro:IPR008250,JGIDB:Mycgr3_35226] [protein=hypothetical protein] [protein_id=EGP91712.1] [location=5376492..5380667] [gbkey=CDS]	51.018966673119586	0.7926478402801577	0.5706766917293233	0.557074340527578	0.6541353383458647	0.8557492815534741
lcl|CM001196.1_cds_EGP91925.1_1772 [locus_tag=MYCGRDRAFT_67381] [db_xref=JGIDB:Mycgr3_67381] [protein=hypothetical protein] [protein_id=EGP91925.1] [location=complement(5381140..5383002)] [gbkey=CDS]	54.28411395890865	0.7506324711523864	0.48184818481848185	0.5476575121163166	0.6039603960396039	0.8566150509267274
lcl|CM001196.1_cds_EGP91924.1_1773 [locus_tag=MYCGRDRAFT_84244] [db_xref=JGIDB:Mycgr3_84244] [protein=hypothetical protein] [protein_id=EGP91924.1] [location=complement(join(5383886..5383968,5384083..5384308))] [gbkey=CDS]	48.26234174681756	0.8140884812178608	0.5979381443298969	0.570957095709571	0.7938144329896907	0.8602059666974917
lcl|CM001196.1_cds_EGP91923.1_1774 [locus_tag=MYCGRDRAFT_84245] [db_xref=InterPro:IPR005828,JGIDB:Mycgr3_84245] [protein=hypothetical protein] [protein_id=EGP91923.1] [location=complement(join(5385340..5385943,5386003..5386379,5386459..5386460,5386534..5387062))] [gbkey=CDS]	49.5815542464424	0.7974774334386635	0.5702479338842975	0.5584329349269588	0.6714876033057852	0.8540803028657092
lcl|CM001196.1_cds_EGP91713.1_1775 [gene=sdg2427] [locus_tag=MYCGRDRAFT_90139] [db_xref=JGIDB:Mycgr3_90139] [protein=hypothetical protein] [protein_id=EGP91713.1] [location=join(5388057..5389119,5389197..5389210)] [gbkey=CDS]	53.47298882407418	0.7592029751141273	0.47398843930635837	0.5490196078431373	0.6098265895953757	0.8578899267647658
lcl|CM001196.1_cds_EGP91922.1_1776 [locus_tag=MYCGRDRAFT_107703] [db_xref=InterPro:IPR001810,JGIDB:Mycgr3_107703] [protein=hypothetical protein] [protein_id=EGP91922.1] [location=complement(join(5389457..5390523,5390593..5390754,5390824..5391805))] [gbkey=CDS]	54.60941950505692	0.7485346626538768	0.44710860366713684	0.5473922902494331	0.5627644569816643	0.855063345885881
lcl|CM001196.1_cds_EGP91921.1_1777 [gene=MgPP2Aregb1] [locus_tag=MYCGRDRAFT_67389] [db_xref=InterPro:IPR001680,JGIDB:Mycgr3_67389] [protein=MgPP2Aregb1, protein phosphatase regulatory beta sub-unit 1] [protein_id=EGP91921.1] [location=complement(join(5392512..5392535,5392595..5393969,5394440..5394489))] [gbkey=CDS]	49.64452687848579	0.8193243626670668	0.6163793103448276	0.5301455301455301	0.6961206896551724	0.8534887539105667
lcl|CM001196.1_cds_EGP91920.1_1778 [locus_tag=MYCGRDRAFT_102907] [db_xref=JGIDB:Mycgr3_102907] [protein=hypothetical protein] [protein_id=EGP91920.1] [location=complement(5395324..5395725)] [gbkey=CDS]	49.33726145784257	0.8173638806620657	0.5714285714285714	0.5580808080808081	0.6666666666666666	0.8447865313898353
lcl|CM001196.1_cds_EGP91714.1_1779 [locus_tag=MYCGRDRAFT_90143] [db_xref=JGIDB:Mycgr3_90143] [protein=hypothetical protein] [protein_id=EGP91714.1] [location=5396657..5396980] [gbkey=CDS]	49.404107167308915	0.7758473966596339	0.5757575757575758	0.5754716981132075	0.696969696969697	0.8676201711474549
lcl|CM001196.1_cds_EGP91715.1_1780 [locus_tag=MYCGRDRAFT_90144] [db_xref=InterPro:IPR001810,JGIDB:Mycgr3_90144] [protein=hypothetical protein] [protein_id=EGP91715.1] [location=join(5397383..5398364,5398422..5398516)] [gbkey=CDS]	50.75470673365163	0.789959078226629	0.5398230088495575	0.5798319327731093	0.6460176991150443	0.8500138813141499
lcl|CM001196.1_cds_EGP91716.1_1781 [locus_tag=MYCGRDRAFT_31899] [db_xref=JGIDB:Mycgr3_31899] [protein=hypothetical protein] [protein_id=EGP91716.1] [location=5399174..5400277] [gbkey=CDS]	50.98027291022183	0.790023287997207	0.5297450424929179	0.5364298724954463	0.6572237960339944	0.8567140616738059
lcl|CM001196.1_cds_EGP91919.1_1782 [locus_tag=MYCGRDRAFT_219749] [db_xref=InterPro:IPR011701,JGIDB:Mycgr3_219749] [protein=putative major facilitator superfamily transporter] [protein_id=EGP91919.1] [location=complement(5400677..5402485)] [gbkey=CDS]	52.06719777553839	0.7634098709798854	0.47160068846815834	0.5707154742096506	0.6230636833046471	0.8600260079366162
lcl|CM001196.1_cds_EGP91718.1_1784 [locus_tag=MYCGRDRAFT_90147] [db_xref=InterPro:IPR007087,JGIDB:Mycgr3_90147] [protein=hypothetical protein] [protein_id=EGP91718.1] [location=5405953..5407257] [gbkey=CDS]	53.06354092396803	0.7776117963173057	0.4785714285714286	0.5642802155504234	0.5785714285714286	0.8505580894816728
lcl|CM001196.1_cds_EGP91918.1_1785 [locus_tag=MYCGRDRAFT_90148] [db_xref=JGIDB:Mycgr3_90148] [protein=hypothetical protein] [protein_id=EGP91918.1] [location=complement(5408443..5409873)] [gbkey=CDS]	55.15790019940993	0.7443123215455185	0.3793859649122807	0.5585964912280702	0.5175438596491229	0.8588407371555764
lcl|CM001196.1_cds_EGP91719.1_1786 [locus_tag=MYCGRDRAFT_90149] [db_xref=InterPro:IPR001810,JGIDB:Mycgr3_90149] [protein=hypothetical protein] [protein_id=EGP91719.1] [location=join(5410410..5410786,5410905..5411086,5411432..5412214,5412343..5413002,5413233..5413465)] [gbkey=CDS]	52.57653834103105	0.7904109780233167	0.5174825174825175	0.5522655899506506	0.6475524475524476	0.8541596525905317
lcl|CM001196.1_cds_EGP91917.1_1787 [locus_tag=MYCGRDRAFT_67398] [db_xref=InterPro:IPR002048,InterPro:IPR006685,JGIDB:Mycgr3_67398] [protein=calcium channel] [protein_id=EGP91917.1] [location=complement(join(5413791..5414835,5414893..5415032,5415091..5416983))] [gbkey=CDS]	54.97126406551742	0.7570486112573742	0.4694501018329939	0.5390625	0.5712830957230143	0.85829108731396
lcl|CM001196.1_cds_EGP91916.1_1788 [locus_tag=MYCGRDRAFT_107708] [db_xref=InterPro:IPR001466,JGIDB:Mycgr3_107708] [protein=hypothetical protein] [protein_id=EGP91916.1] [location=complement(join(5418241..5419327,5419428..5419511,5419975..5420048,5420162..5420185))] [gbkey=CDS]	53.97531874002347	0.7659065275913175	0.5135135135135135	0.5384006334125099	0.6437346437346437	0.8587101103118008
lcl|CM001196.1_cds_EGP91915.1_1789 [gene=SDG2411] [locus_tag=MYCGRDRAFT_107709] [db_xref=InterPro:IPR001214,InterPro:IPR007728,JGIDB:Mycgr3_107709] [protein=SET domain-containing protein] [protein_id=EGP91915.1] [location=complement(join(5420882..5422372,5422438..5422536))] [gbkey=CDS]	54.12069553703687	0.7593064425478561	0.4622823984526112	0.5454545454545454	0.597678916827853	0.8523461006566528
lcl|CM001196.1_cds_EGP91720.1_1790 [locus_tag=MYCGRDRAFT_67403] [db_xref=InterPro:IPR010301,JGIDB:Mycgr3_67403] [protein=hypothetical protein] [protein_id=EGP91720.1] [location=join(5423027..5423093,5423157..5423872)] [gbkey=CDS]	50.970778447320995	0.7609820828942869	0.5222672064777328	0.5572715572715573	0.6639676113360324	0.8553986432028755
lcl|CM001196.1_cds_EGP91914.1_1791 [gene=MgEXG13] [locus_tag=MYCGRDRAFT_107711] [db_xref=InterPro:IPR000490,JGIDB:Mycgr3_107711] [protein=putative glucan 1,3-beta-glucosidase, exo-beta-1,3-glucanase] [protein_id=EGP91914.1] [location=complement(join(5424276..5424393,5424443..5425254))] [gbkey=CDS]	48.308481245808814	0.8333531488708914	0.6245733788395904	0.5909090909090909	0.7440273037542662	0.8535763778631048
lcl|CM001196.1_cds_EGP91721.1_1792 [locus_tag=MYCGRDRAFT_90155] [db_xref=JGIDB:Mycgr3_90155] [protein=hypothetical protein] [protein_id=EGP91721.1] [location=join(5427281..5427283,5427341..5427505,5427569..5428623,5428832..5428904)] [gbkey=CDS]	51.87998304892512	0.8005334360840413	0.5170731707317073	0.5775193798449613	0.6390243902439025	0.8555046263264314
lcl|CM001196.1_cds_EGP91913.1_1793 [locus_tag=MYCGRDRAFT_98854] [db_xref=JGIDB:Mycgr3_98854] [protein=hypothetical protein] [protein_id=EGP91913.1] [location=complement(join(5429756..5429824,5429876..5431918))] [gbkey=CDS]	52.63346981068002	0.7862618499975732	0.5518248175182482	0.5356125356125356	0.6452554744525547	0.8575582939003825
lcl|CM001196.1_cds_EGP91722.1_1794 [locus_tag=MYCGRDRAFT_107713] [db_xref=JGIDB:Mycgr3_107713] [protein=hypothetical protein] [protein_id=EGP91722.1] [location=join(5432769..5433356,5433414..5433536)] [gbkey=CDS]	47.063098316062174	0.8297488333020862	0.6622222222222223	0.5872340425531914	0.7333333333333333	0.8571655286611747
lcl|CM001196.1_cds_EGP91912.1_1795 [gene=POLX1] [locus_tag=MYCGRDRAFT_67412] [db_xref=JGIDB:Mycgr3_67412] [protein=DNA polymerase beta-like protein] [protein_id=EGP91912.1] [location=complement(5433979..5435751)] [gbkey=CDS]	55.11506663570053	0.75263024803833245	0.47294938917975565	0.534804753820034	0.5863874345549738	0.8564754429037015
lcl|CM001196.1_cds_EGP91723.1_1796 [locus_tag=MYCGRDRAFT_107715] [db_xref=InterPro:IPR005339,JGIDB:Mycgr3_107715] [protein=hypothetical protein] [protein_id=EGP91723.1] [location=5436475..5437143] [gbkey=CDS]	53.691660735251496	0.796998854221078	0.4976958525345622	0.5580693815987934	0.6267281105990783	0.8554876881995283
lcl|CM001196.1_cds_EGP91911.1_1797 [locus_tag=MYCGRDRAFT_84253] [db_xref=InterPro:IPR007051,InterPro:IPR007052,JGIDB:Mycgr3_84253] [protein=hypothetical protein] [protein_id=EGP91911.1] [location=complement(join(5438522..5439372,5439428..5439456,5439521..5439597))] [gbkey=CDS]	53.598552911469405	0.7565872118399439	0.45483870967741935	0.5331230283911672	0.5741935483870968	0.8519262176025948
lcl|CM001196.1_cds_EGP91724.1_1798 [locus_tag=MYCGRDRAFT_34109] [db_xref=JGIDB:Mycgr3_34109] [protein=hypothetical protein] [protein_id=EGP91724.1] [location=join(5446215..5446394,5446444..5446572)] [gbkey=CDS]	51.01633473581631	0.7692348012142673	0.4270833333333333	0.5016501650165016	0.53125	0.8495889169770735
lcl|CM001196.1_cds_EGP91725.1_1799 [locus_tag=MYCGRDRAFT_98857] [db_xref=InterPro:IPR005000,JGIDB:Mycgr3_98857] [protein=hypothetical protein] [protein_id=EGP91725.1] [location=join(5446825..5446890,5446949..5447683)] [gbkey=CDS]	49.95063676639471	0.7830298945595372	0.5436507936507936	0.5761006289308176	0.6904761904761905	0.85034077776998
lcl|CM001196.1_cds_EGP91726.1_1802 [locus_tag=MYCGRDRAFT_67423] [db_xref=InterPro:IPR001900,JGIDB:Mycgr3_67423] [protein=hypothetical protein] [protein_id=EGP91726.1] [location=5452139..5455120] [gbkey=CDS]	52.047302576932175	0.7793326671858961	0.5327102803738317	0.5483870967741935	0.6458982346832814	0.8554216122210038
lcl|CM001196.1_cds_EGP91908.1_1803 [locus_tag=MYCGRDRAFT_67427] [db_xref=JGIDB:Mycgr3_67427] [protein=hypothetical protein] [protein_id=EGP91908.1] [location=complement(join(5456362..5458064,5458145..5458252,5458433..5458535))] [gbkey=CDS]	52.70498091230535	0.7924369901658193	0.48925619834710743	0.5765199161425576	0.6181818181818182	0.857836610213112
lcl|CM001196.1_cds_EGP91727.1_1804 [locus_tag=MYCGRDRAFT_102916] [db_xref=JGIDB:Mycgr3_102916] [protein=hypothetical protein] [protein_id=EGP91727.1] [location=5459538..5459837] [gbkey=CDS]	51.11219555767129	0.7992100439237999	0.40425531914893614	0.5884353741496599	0.5638297872340425	0.8332747053291925
lcl|CM001196.1_cds_EGP91728.1_1806 [locus_tag=MYCGRDRAFT_107719] [db_xref=JGIDB:Mycgr3_107719] [protein=hypothetical protein] [protein_id=EGP91728.1] [location=5465432..5467177] [gbkey=CDS]	54.60813590237478	0.7753674420591674	0.4364937388193202	0.5660919540229885	0.5867620751341681	0.8505012717143827
lcl|CM001196.1_cds_EGP91905.1_1808 [locus_tag=MYCGRDRAFT_102920] [db_xref=JGIDB:Mycgr3_102920] [protein=hypothetical protein] [protein_id=EGP91905.1] [location=complement(5470147..5470521)] [gbkey=CDS]	49.38789496831573	0.7584292828378614	0.5689655172413793	0.5474254742547425	0.6637931034482759	0.8559714059330079
lcl|CM001196.1_cds_EGP91904.1_1809 [locus_tag=MYCGRDRAFT_67431] [db_xref=InterPro:IPR007705,JGIDB:Mycgr3_67431] [protein=hypothetical protein] [protein_id=EGP91904.1] [location=complement(join(5470924..5471424,5471493..5471606,5471662..5471724))] [gbkey=CDS]	56.01830568321763	0.7134222253753703	0.41284403669724773	0.5148809523809523	0.4908256880733945	0.8590799696092719
lcl|CM001196.1_cds_EGP91729.1_1810 [locus_tag=MYCGRDRAFT_102922] [db_xref=InterPro:IPR001854,JGIDB:Mycgr3_102922] [protein=hypothetical protein] [protein_id=EGP91729.1] [location=join(5472067..5472069,5472126..5472271,5472395..5472620,5472684..5472695)] [gbkey=CDS]	43.315755149458845	0.8974377560696194	0.776	0.5826771653543307	0.848	0.8580531155937665
lcl|CM001196.1_cds_EGP91903.1_1811 [locus_tag=MYCGRDRAFT_107722] [db_xref=JGIDB:Mycgr3_107722] [protein=hypothetical protein] [protein_id=EGP91903.1] [location=complement(join(5473686..5474723,5474955..5475003,5475074..5475204))] [gbkey=CDS]	55.537825800675606	0.740406417453099	0.46632124352331605	0.5264026402640264	0.582901554404145	0.8578722070019105
lcl|CM001196.1_cds_EGP91730.1_1812 [locus_tag=MYCGRDRAFT_90170] [db_xref=JGIDB:Mycgr3_90170] [protein=hypothetical protein] [protein_id=EGP91730.1] [location=join(5475768..5476129,5476181..5477353,5477418..5477486,5477552..5478014)] [gbkey=CDS]	55.46829790478005	0.7435189438776216	0.46026986506746626	0.5259582726831635	0.5757121439280359	0.856247809452977
lcl|CM001196.1_cds_EGP91902.1_1813 [locus_tag=MYCGRDRAFT_84263] [db_xref=JGIDB:Mycgr3_84263] [protein=hypothetical protein] [protein_id=EGP91902.1] [location=complement(join(5478210..5478235,5478290..5478430,5478480..5478555))] [gbkey=CDS]	42.13969579734632	0.9070501499578058	0.7848101265822784	0.6540084388185654	0.759493670886076	0.85488095991415
lcl|CM001196.1_cds_EGP91900.1_1815 [locus_tag=MYCGRDRAFT_67442] [db_xref=JGIDB:Mycgr3_67442] [protein=hypothetical protein] [protein_id=EGP91900.1] [location=complement(5483407..5484654)] [gbkey=CDS]	53.92098244443917	0.779638835270857	0.5	0.5571658615136876	0.6091370558375635	0.8577998314509091
lcl|CM001196.1_cds_EGP91731.1_1816 [locus_tag=MYCGRDRAFT_67443] [db_xref=InterPro:IPR006575,JGIDB:Mycgr3_67443] [protein=hypothetical protein] [protein_id=EGP91731.1] [location=5484832..5485530] [gbkey=CDS]	52.69635221229632	0.7959514756688195	0.53125	0.5266955266955267	0.6383928571428571	0.8583696015516482
lcl|CM001196.1_cds_EGP91732.1_1817 [locus_tag=MYCGRDRAFT_67446] [db_xref=InterPro:IPR001357,JGIDB:Mycgr3_67446] [protein=hypothetical protein] [protein_id=EGP91732.1] [location=join(5486206..5487625,5487863..5487974,5488050..5488875)] [gbkey=CDS]	54.03883872272742	0.7748764438458737	0.5177398160315374	0.5416666666666666	0.6202365308804205	0.8565923567782969
lcl|CM001196.1_cds_EGP91899.1_1818 [locus_tag=MYCGRDRAFT_33604] [db_xref=InterPro:IPR000425,JGIDB:Mycgr3_33604] [protein=hypothetical protein] [protein_id=EGP91899.1] [location=complement(join(5489321..5489507,5489626..5489750,5489808..5490287))] [gbkey=CDS]	49.1783545672004	0.8037359589469159	0.5617529880478087	0.544529262086514	0.6573705179282868	0.8497802304104233
lcl|CM001196.1_cds_EGP91733.1_1820 [locus_tag=MYCGRDRAFT_107726] [db_xref=InterPro:IPR000571,JGIDB:Mycgr3_107726] [protein=hypothetical protein] [protein_id=EGP91733.1] [location=5492574..5494175] [gbkey=CDS]	55.80479818569567	0.7605098769497535	0.42638623326959846	0.5614035087719298	0.5583173996175909	0.8589217396259881
lcl|CM001196.1_cds_EGP91897.1_1821 [locus_tag=MYCGRDRAFT_84267] [db_xref=JGIDB:Mycgr3_84267] [protein=hypothetical protein] [protein_id=EGP91897.1] [location=complement(join(5495506..5496078,5496139..5496533,5496583..5496721,5496778..5496972))] [gbkey=CDS]	54.89693256288656	0.7540966650061107	0.46359223300970875	0.5347222222222222	0.5776699029126213	0.8611090646529
lcl|CM001196.1_cds_EGP91734.1_1822 [locus_tag=MYCGRDRAFT_98870] [db_xref=JGIDB:Mycgr3_98870] [protein=hypothetical protein] [protein_id=EGP91734.1] [location=join(5497683..5497800,5497854..5499322)] [gbkey=CDS]	51.00911817611477	0.7793213393959275	0.54	0.5287792536369387	0.646	0.8571731251514598
lcl|CM001196.1_cds_EGP91896.1_1823 [locus_tag=MYCGRDRAFT_67455] [db_xref=InterPro:IPR008570,JGIDB:Mycgr3_67455] [protein=hypothetical protein] [protein_id=EGP91896.1] [location=complement(5499546..5500130)] [gbkey=CDS]	53.07681666163806	0.7860080951011563	0.5645161290322581	0.5578583765112263	0.6666666666666666	0.8569670148000553
lcl|CM001196.1_cds_EGP91735.1_1824 [locus_tag=MYCGRDRAFT_67458] [db_xref=JGIDB:Mycgr3_67458] [protein=hypothetical protein] [protein_id=EGP91735.1] [location=join(5500368..5500487,5500567..5500814,5500942..5501146)] [gbkey=CDS]	50.57313028753956	0.8297271407566061	0.5869565217391305	0.5696649029982364	0.6847826086956522	0.8570112190719986
lcl|CM001196.1_cds_EGP91895.1_1825 [locus_tag=MYCGRDRAFT_102927] [db_xref=JGIDB:Mycgr3_102927] [protein=hypothetical protein] [protein_id=EGP91895.1] [location=complement(join(5501745..5501866,5501938..5502065,5502122..5502135))] [gbkey=CDS]	52.45965881139643	0.745688411828534	0.44047619047619047	0.5465116279069767	0.5	0.8564409791493516
lcl|CM001196.1_cds_EGP91737.1_1827 [locus_tag=MYCGRDRAFT_107729] [db_xref=JGIDB:Mycgr3_107729] [protein=hypothetical protein] [protein_id=EGP91737.1] [location=join(5505249..5505336,5505414..5506696)] [gbkey=CDS]	55.78074668998753	0.7409235451622549	0.42857142857142855	0.5355311355311355	0.5483870967741935	0.8557651931020757
lcl|CM001196.1_cds_EGP91738.1_1828 [locus_tag=MYCGRDRAFT_107730] [db_xref=InterPro:IPR000375,InterPro:IPR001401,InterPro:IPR003130,JGIDB:Mycgr3_107730] [protein=hypothetical protein] [protein_id=EGP91738.1] [location=join(5507471..5507569,5507638..5509596,5509653..5509964)] [gbkey=CDS]	52.25588816917792	0.7777749954520764	0.5187096774193548	0.5304568527918782	0.5987096774193549	0.8559021738862319
lcl|CM001196.1_cds_EGP91894.1_1829 [locus_tag=MYCGRDRAFT_90182] [db_xref=JGIDB:Mycgr3_90182] [protein=hypothetical protein] [protein_id=EGP91894.1] [location=complement(join(5511081..5511110,5511181..5511990))] [gbkey=CDS]	53.47131277558227	0.785963328614219	0.5183823529411765	0.5455635491606715	0.6286764705882353	0.8553632519924691
lcl|CM001196.1_cds_EGP91893.1_1830 [locus_tag=MYCGRDRAFT_90183] [db_xref=InterPro:IPR010730,JGIDB:Mycgr3_90183] [protein=hypothetical protein] [protein_id=EGP91893.1] [location=complement(join(5513274..5513312,5514106..5515350))] [gbkey=CDS]	55.17776485568403	0.7504535252537768	0.44139650872817954	0.525039123630673	0.5561097256857855	0.8551956642839144
lcl|CM001196.1_cds_EGP91739.1_1831 [locus_tag=MYCGRDRAFT_107731] [db_xref=JGIDB:Mycgr3_107731] [protein=hypothetical protein] [protein_id=EGP91739.1] [location=join(5517163..5517651,5517711..5518041,5518092..5518490,5518544..5518672,5518726..5518877,5519210..5523886)] [gbkey=CDS]	53.77093797783243	0.7853078052065815	0.49874937468734365	0.5708961270458597	0.5917958979489745	0.8560546910569209
lcl|CM001196.1_cds_EGP91892.1_1832 [locus_tag=MYCGRDRAFT_67467] [db_xref=InterPro:IPR005828,JGIDB:Mycgr3_67467] [protein=hypothetical protein] [protein_id=EGP91892.1] [location=complement(join(5524934..5525107,5525162..5525285,5525335..5525597,5525649..5526452,5526500..5526679))] [gbkey=CDS]	54.73152578643485	0.7270883823406759	0.44693877551020406	0.5224171539961013	0.5816326530612245	0.8556651754795502
lcl|CM001196.1_cds_EGP91891.1_1833 [locus_tag=MYCGRDRAFT_31918] [db_xref=InterPro:IPR002085,JGIDB:Mycgr3_31918] [protein=hypothetical protein] [protein_id=EGP91891.1] [location=complement(join(5527062..5527939,5527990..5528065,5528117..5528290))] [gbkey=CDS]	53.619244420694514	0.7549388994091611	0.46321525885558584	0.5320855614973262	0.5422343324250681	0.8473877171647841
lcl|CM001196.1_cds_EGP91740.1_1834 [locus_tag=MYCGRDRAFT_31902] [db_xref=InterPro:IPR002198,JGIDB:Mycgr3_31902] [protein=hypothetical protein] [protein_id=EGP91740.1] [location=join(5528745..5529339,5529388..5529423,5529474..5529562,5529615..5529767)] [gbkey=CDS]	53.52513130616784	0.7641475803595751	0.45878136200716846	0.5547866205305652	0.5878136200716846	0.8544172815845715
lcl|CM001196.1_cds_EGP91890.1_1835 [locus_tag=MYCGRDRAFT_67469] [db_xref=InterPro:IPR005828,JGIDB:Mycgr3_67469] [protein=hypothetical protein] [protein_id=EGP91890.1] [location=complement(join(5530156..5530585,5530643..5530759,5530816..5530950,5531007..5531044,5531136..5531336,5531392..5531513,5531566..5531641,5531697..5532053,5532106..5532204))] [gbkey=CDS]	47.863378614343915	0.7982682921852062	0.5694164989939637	0.5487571701720841	0.6680080482897385	0.8513004266251033
lcl|CM001196.1_cds_EGP91741.1_1836 [locus_tag=MYCGRDRAFT_54399] [db_xref=InterPro:IPR004006,InterPro:IPR004007,JGIDB:Mycgr3_54399] [protein=hypothetical protein] [protein_id=EGP91741.1] [location=join(5534979..5536250,5536306..5536699,5536758..5536861)] [gbkey=CDS]	53.89899768762547	0.7605658294046707	0.4823321554770318	0.5447845804988662	0.5865724381625441	0.8535143045905998
lcl|CM001196.1_cds_EGP91742.1_1837 [locus_tag=MYCGRDRAFT_102936] [db_xref=InterPro:IPR002198,JGIDB:Mycgr3_102936] [protein=hypothetical protein] [protein_id=EGP91742.1] [location=join(5537248..5537300,5537354..5537557,5537624..5537938,5537996..5538170)] [gbkey=CDS]	48.620683689760476	0.7929440575762415	0.5661157024793388	0.5411605937921727	0.6487603305785123	0.8527130350298694
lcl|CM001196.1_cds_EGP91889.1_1838 [gene=PKS10] [locus_tag=MYCGRDRAFT_67477] [db_xref=InterPro:IPR000794,InterPro:IPR001227,JGIDB:Mycgr3_67477] [protein=polyketide synthase] [protein_id=EGP91889.1] [location=complement(join(5538546..5540703,5540762..5541062,5541171..5541760,5541824..5543323,5543370..5546472,5546544..5546814,5546880..5547257,5547358..5547675))] [gbkey=CDS]	55.67003699511855	0.7545790937329319	0.48446531791907516	0.5510275165447579	0.5885115606936416	0.8559086989665603
lcl|CM001196.1_cds_EGP91888.1_1839 [locus_tag=MYCGRDRAFT_34531] [db_xref=InterPro:IPR002198,JGIDB:Mycgr3_34531] [protein=hypothetical protein] [protein_id=EGP91888.1] [location=complement(join(5548686..5549502,5549568..5549644,5549699..5549776))] [gbkey=CDS]	53.29267080195461	0.7467257130892301	0.45098039215686275	0.5538302277432712	0.5947712418300654	0.8552973326807117
lcl|CM001196.1_cds_EGP91887.1_1840 [locus_tag=MYCGRDRAFT_34954] [db_xref=JGIDB:Mycgr3_34954] [protein=putative major facilitator superfamily transporter] [protein_id=EGP91887.1] [location=complement(join(5550950..5551378,5551440..5551793,5551855..5552190,5552247..5552735))] [gbkey=CDS]	55.92702703674793	0.7083137468148596	0.4377431906614786	0.5449438202247191	0.5778210116731517	0.856388347898244
lcl|CM001196.1_cds_EGP91743.1_1842 [locus_tag=MYCGRDRAFT_32934] [db_xref=InterPro:IPR002085,JGIDB:Mycgr3_32934] [protein=hypothetical protein] [protein_id=EGP91743.1] [location=join(5555852..5556417,5556489..5557017)] [gbkey=CDS]	53.58828364260208	0.7524489645136986	0.46438746438746437	0.5638200183654729	0.6011396011396012	0.85488095991415
lcl|CM001196.1_cds_EGP91744.1_1843 [locus_tag=MYCGRDRAFT_84279] [db_xref=InterPro:IPR002198,JGIDB:Mycgr3_84279] [protein=hypothetical protein] [protein_id=EGP91744.1] [location=join(5557765..5558409,5558461..5558617,5558678..5558697)] [gbkey=CDS]	50.94168824714155	0.7920184750955628	0.5390625	0.553921568627451	0.62890625	0.8543883100407815
lcl|CM001196.1_cds_EGP91885.1_1844 [locus_tag=MYCGRDRAFT_107737] [db_xref=JGIDB:Mycgr3_107737] [protein=hypothetical protein] [protein_id=EGP91885.1] [location=complement(5560208..5561206)] [gbkey=CDS]	52.97763989972091	0.7825018872135904	0.5185185185185185	0.5448136958710977	0.6172839506172839	0.8552860086851866
lcl|CM001196.1_cds_EGP91884.1_1845 [locus_tag=MYCGRDRAFT_107738] [db_xref=InterPro:IPR001461,JGIDB:Mycgr3_107738] [protein=hypothetical protein] [protein_id=EGP91884.1] [location=complement(join(5561697..5562621,5562679..5562953))] [gbkey=CDS]	52.39007883374563	0.7583890432953345	0.48223350253807107	0.5226130653266332	0.5786802030456852	0.848171777801094
lcl|CM001196.1_cds_EGP91883.1_1846 [locus_tag=MYCGRDRAFT_67482] [db_xref=JGIDB:Mycgr3_67482] [protein=hypothetical protein] [protein_id=EGP91883.1] [location=complement(join(5564070..5564570,5564630..5565111,5565213..5565318,5565371..5565988))] [gbkey=CDS]	53.98057796850588	0.7511235961284599	0.4253731343283582	0.5432098765432098	0.5634328358208955	0.8572482419680222
lcl|CM001196.1_cds_EGP91746.1_1848 [gene=MgMep2] [locus_tag=MYCGRDRAFT_35079] [db_xref=InterPro:IPR010256,JGIDB:Mycgr3_35079] [protein=ammonium permease] [protein_id=EGP91746.1] [location=join(5569961..5570136,5570205..5570456,5570516..5571650)] [gbkey=CDS]	50.69121339416033	0.7729573133744555	0.5349794238683128	0.5696852922286448	0.6481481481481481	0.8517873941346294
lcl|CM001196.1_cds_EGP91882.1_1849 [locus_tag=MYCGRDRAFT_67486] [db_xref=JGIDB:Mycgr3_67486] [protein=hypothetical protein] [protein_id=EGP91882.1] [location=complement(5571847..5574309)] [gbkey=CDS]	50.902796229385316	0.8013530279824197	0.5674653215636822	0.5543345543345544	0.6721311475409836	0.8543901141009068
lcl|CM001196.1_cds_EGP91747.1_1850 [locus_tag=MYCGRDRAFT_102943] [db_xref=InterPro:IPR006689,JGIDB:Mycgr3_102943] [protein=hypothetical protein] [protein_id=EGP91747.1] [location=join(5576009..5576156,5576230..5576540,5576598..5576690)] [gbkey=CDS]	40.8523233031475	0.8809364925339622	0.7803468208092486	0.5659340659340659	0.7745664739884393	0.857831962260512
lcl|CM001196.1_cds_EGP91881.1_1851 [locus_tag=MYCGRDRAFT_32115] [db_xref=JGIDB:Mycgr3_32115] [protein=putative major facilitator superfamily transporter] [protein_id=EGP91881.1] [location=complement(join(5577263..5577872,5577926..5578932))] [gbkey=CDS]	47.42610266311107	0.7673413573419893	0.5538160469667319	0.569211669770329	0.7045009784735812	0.8553803213133758
lcl|CM001196.1_cds_EGP91880.1_1852 [locus_tag=MYCGRDRAFT_107743] [db_xref=JGIDB:Mycgr3_107743] [protein=hypothetical protein] [protein_id=EGP91880.1] [location=complement(join(5579583..5580414,5580516..5581225))] [gbkey=CDS]	54.06500310299464	0.7684590967468911	0.5183673469387755	0.5455729166666666	0.6204081632653061	0.8572403710151263
lcl|CM001196.1_cds_EGP91879.1_1853 [locus_tag=MYCGRDRAFT_98880] [db_xref=InterPro:IPR002143,JGIDB:Mycgr3_98880] [protein=hypothetical protein] [protein_id=EGP91879.1] [location=complement(join(5588582..5588844,5588899..5589092,5589156..5589352))] [gbkey=CDS]	37.60990524275756	0.9061710348461179	0.8181818181818182	0.5709876543209876	0.8325358851674641	0.85488095991415
lcl|CM001196.1_cds_EGP91748.1_1854 [locus_tag=MYCGRDRAFT_34052] [db_xref=JGIDB:Mycgr3_34052] [protein=hypothetical protein] [protein_id=EGP91748.1] [location=join(5590280..5591710,5591800..5592132)] [gbkey=CDS]	49.849118212247696	0.7693373928278692	0.542907180385289	0.550056882821388	0.6532399299474606	0.8564836134326526
lcl|CM001196.1_cds_EGP91878.1_1855 [locus_tag=MYCGRDRAFT_31345] [db_xref=InterPro:IPR000467,JGIDB:Mycgr3_31345] [protein=hypothetical protein] [protein_id=EGP91878.1] [location=complement(5592165..5594297)] [gbkey=CDS]	53.42901130828785	0.7682723875949795	0.47307132459970885	0.5679360601786554	0.5633187772925764	0.8581009293757725
lcl|CM001196.1_cds_EGP91749.1_1856 [locus_tag=MYCGRDRAFT_33593] [db_xref=InterPro:IPR000719,InterPro:IPR001772,JGIDB:Mycgr3_33593] [protein=hypothetical protein] [protein_id=EGP91749.1] [location=join(5595469..5596318,5596369..5598344)] [gbkey=CDS]	53.426317400392016	0.7834997919941912	0.507103825136612	0.5648936170212766	0.6109289617486339	0.8578807076800952
lcl|CM001196.1_cds_EGP91877.1_1857 [locus_tag=MYCGRDRAFT_67501] [db_xref=InterPro:IPR007216,JGIDB:Mycgr3_67501] [protein=hypothetical protein] [protein_id=EGP91877.1] [location=complement(join(5599478..5599694,5599746..5600121,5600177..5600332,5600386..5600773))] [gbkey=CDS]	50.50194664931866	0.8053320515735588	0.5286103542234333	0.5694076038903625	0.670299727520436	0.8538149985910923
lcl|CM001196.1_cds_EGP91750.1_1858 [locus_tag=MYCGRDRAFT_67504] [db_xref=JGIDB:Mycgr3_67504] [protein=hypothetical protein] [protein_id=EGP91750.1] [location=join(5601088..5601423,5601476..5601958)] [gbkey=CDS]	54.28523140813478	0.7563846065750516	0.4594594594594595	0.5559655596555966	0.583011583011583	0.8563660793143933
lcl|CM001196.1_cds_EGP91751.1_1859 [locus_tag=MYCGRDRAFT_102950] [db_xref=InterPro:IPR003008,InterPro:IPR008280,JGIDB:Mycgr3_102950] [protein=beta tubulin] [protein_id=EGP91751.1] [location=join(5604122..5604135,5604185..5604198,5604266..5604280,5604395..5604458,5604518..5604572,5604662..5605846)] [gbkey=CDS]	37.399792776133914	0.882703505614216	0.8070588235294117	0.5935868754660701	0.7858823529411765	0.8497984336734931
lcl|CM001196.1_cds_EGP91876.1_1860 [locus_tag=MYCGRDRAFT_67509] [db_xref=InterPro:IPR005708,JGIDB:Mycgr3_67509] [protein=hypothetical protein] [protein_id=EGP91876.1] [location=complement(5606104..5607528)] [gbkey=CDS]	45.58405802527794	0.8041926854766058	0.5960264900662252	0.5863284002818887	0.7064017660044151	0.8560152372507549
lcl|CM001196.1_cds_EGP91752.1_1861 [locus_tag=MYCGRDRAFT_98885] [db_xref=InterPro:IPR002529,JGIDB:Mycgr3_98885] [protein=hypothetical protein] [protein_id=EGP91752.1] [location=5607903..5609210] [gbkey=CDS]	53.668982434444374	0.7602684056882738	0.49764150943396224	0.5499231950844854	0.6391509433962265	0.8573553060524111
lcl|CM001196.1_cds_EGP91753.1_1862 [gene=CYP-22] [locus_tag=MYCGRDRAFT_32609] [db_xref=InterPro:IPR001128,JGIDB:Mycgr3_32609] [protein=putative P450 monooxygenase] [protein_id=EGP91753.1] [location=5610189..5611799] [gbkey=CDS]	43.07892868273325	0.8269761194404475	0.6640625	0.5626168224299065	0.724609375	0.8531289712008419
lcl|CM001196.1_cds_EGP91875.1_1863 [locus_tag=MYCGRDRAFT_90212] [db_xref=JGIDB:Mycgr3_90212] [protein=hypothetical protein] [protein_id=EGP91875.1] [location=complement(join(5612533..5612788,5613338..5613441))] [gbkey=CDS]	44.23812592785904	0.893975376517169	0.6782608695652174	0.6299435028248588	0.7391304347826086	0.8435968247254727
lcl|CM001196.1_cds_EGP91754.1_1864 [locus_tag=MYCGRDRAFT_90213] [db_xref=JGIDB:Mycgr3_90213] [protein=signal peptide-containing protein] [protein_id=EGP91754.1] [location=join(5614486..5614564,5614623..5614702,5614831..5614882,5615199..5615259,5615365..5615379,5615609..5615720,5616046..5616129,5616603..5616723,5617000..5618474)] [gbkey=CDS]	53.419111150301944	0.7777383372468825	0.4781297134238311	0.5615050651230101	0.583710407239819	0.8552690056751985
lcl|CM001196.1_cds_EGP91874.1_1865 [locus_tag=MYCGRDRAFT_67515] [db_xref=JGIDB:Mycgr3_67515] [protein=putative major facilitator superfamily transporter] [protein_id=EGP91874.1] [location=complement(join(5619065..5619731,5619791..5620146,5620203..5620221,5620277..5620642,5620698..5620729,5620789..5621169))] [gbkey=CDS]	50.332874316376476	0.7782139390553644	0.4896551724137931	0.5702479338842975	0.6724137931034483	0.8542165600897622
lcl|CM001196.1_cds_EGP91872.1_1868 [locus_tag=MYCGRDRAFT_102956] [db_xref=InterPro:IPR001424,JGIDB:Mycgr3_102956] [protein=putative superoxide dismutase] [protein_id=EGP91872.1] [location=complement(join(5628336..5628490,5628548..5628577,5628635..5628712,5629862..5629968,5630092..5630266,5630329..5630560))] [gbkey=CDS]	44.73007013747262	0.8398914087190533	0.6588235294117647	0.6083009079118028	0.7215686274509804	0.8501998367812746
lcl|CM001196.1_cds_EGP91756.1_1869 [locus_tag=MYCGRDRAFT_84295] [db_xref=InterPro:IPR001781,JGIDB:Mycgr3_84295] [protein=hypothetical protein] [protein_id=EGP91756.1] [location=join(5632426..5632533,5632594..5632822,5633012..5633716,5633795..5634696)] [gbkey=CDS]	52.93455703867152	0.7820490790160373	0.4889589905362776	0.5804953560371517	0.6435331230283912	0.8513608746751656
lcl|CM001196.1_cds_EGP91757.1_1870 [locus_tag=MYCGRDRAFT_54447] [db_xref=InterPro:IPR002379,JGIDB:Mycgr3_54447] [protein=hypothetical protein] [protein_id=EGP91757.1] [location=join(5636248..5636264,5636408..5636420,5636600..5636729,5636842..5637102,5637164..5637228)] [gbkey=CDS]	43.68787521700028	0.8281144748762657	0.6967741935483871	0.5770833333333333	0.6903225806451613	0.8473743952939408
lcl|CM001196.1_cds_EGP91758.1_1871 [locus_tag=MYCGRDRAFT_54449] [db_xref=InterPro:IPR002085,JGIDB:Mycgr3_54449] [protein=hypothetical protein] [protein_id=EGP91758.1] [location=join(5638198..5638481,5638643..5639295,5639353..5639573)] [gbkey=CDS]	46.64172344235773	0.8221964303567854	0.654054054054054	0.5850694444444444	0.7081081081081081	0.8451629125258334
lcl|CM001196.1_cds_EGP91759.1_1872 [locus_tag=MYCGRDRAFT_33131] [db_xref=JGIDB:Mycgr3_33131] [protein=hypothetical protein] [protein_id=EGP91759.1] [location=join(5641149..5641487,5641545..5641924,5641992..5642508)] [gbkey=CDS]	50.026372198381594	0.7870034874036029	0.5586034912718204	0.5617886178861788	0.6608478802992519	0.8535742582135049
lcl|CM001196.1_cds_EGP91871.1_1873 [locus_tag=MYCGRDRAFT_102961] [db_xref=InterPro:IPR007612,JGIDB:Mycgr3_102961] [protein=hypothetical protein] [protein_id=EGP91871.1] [location=complement(join(5642876..5642962,5643049..5643325,5643397..5643650))] [gbkey=CDS]	44.411896132046955	0.7732787320453621	0.594059405940594	0.5686274509803921	0.7277227722772277	0.8568544017204343
lcl|CM001196.1_cds_EGP91870.1_1875 [locus_tag=MYCGRDRAFT_33894] [db_xref=JGIDB:Mycgr3_33894] [protein=hypothetical protein] [protein_id=EGP91870.1] [location=complement(5646969..5648300)] [gbkey=CDS]	42.88429797240686	0.8015606477315705	0.6329411764705882	0.5867269984917044	0.6964705882352941	0.8509477010763534
lcl|CM001196.1_cds_EGP91761.1_1877 [locus_tag=MYCGRDRAFT_107758] [db_xref=JGIDB:Mycgr3_107758] [protein=hypothetical protein] [protein_id=EGP91761.1] [location=join(5652212..5652278,5652350..5653092)] [gbkey=CDS]	39.28451590729489	0.8672261335494442	0.6992481203007519	0.6156716417910447	0.7406015037593985	0.8538812509416736
lcl|CM001196.1_cds_EGP91762.1_1878 [locus_tag=MYCGRDRAFT_67531] [db_xref=InterPro:IPR001395,JGIDB:Mycgr3_67531] [protein=hypothetical protein] [protein_id=EGP91762.1] [location=join(5653759..5654374,5654497..5654924)] [gbkey=CDS]	48.87277720075346	0.8204576626373423	0.56973293768546	0.546242774566474	0.685459940652819	0.8611018383979056
lcl|CM001196.1_cds_EGP91868.1_1879 [locus_tag=MYCGRDRAFT_107760] [db_xref=InterPro:IPR003008,InterPro:IPR008280,JGIDB:Mycgr3_107760] [protein=gamma tubulin] [protein_id=EGP91868.1] [location=complement(join(5656258..5656680,5656734..5657336,5657389..5657738,5657794..5657834,5657885..5657892))] [gbkey=CDS]	50.85104660019356	0.7882584228344578	0.5394736842105263	0.5658914728682171	0.668859649122807	0.855447910583727
lcl|CM001196.1_cds_EGP91867.1_1880 [locus_tag=MYCGRDRAFT_90228] [db_xref=InterPro:IPR001451,JGIDB:Mycgr3_90228] [protein=hypothetical protein] [protein_id=EGP91867.1] [location=complement(join(5658432..5658811,5659014..5659077,5659129..5659185))] [gbkey=CDS]	50.901718098744375	0.743748868277225	0.5031446540880503	0.5616161616161616	0.660377358490566	0.8524473505661068
lcl|CM001196.1_cds_EGP91763.1_1881 [locus_tag=MYCGRDRAFT_107761] [db_xref=InterPro:IPR000909,JGIDB:Mycgr3_107761] [protein=hypothetical protein] [protein_id=EGP91763.1] [location=join(5659536..5660785,5660903..5661053)] [gbkey=CDS]	49.80845057855124	0.7632342573968531	0.5370786516853933	0.5612903225806452	0.6561797752808989	0.8583470486202732
lcl|CM001196.1_cds_EGP91764.1_1883 [locus_tag=MYCGRDRAFT_107763] [db_xref=InterPro:IPR003689,JGIDB:Mycgr3_107763] [protein=hypothetical protein] [protein_id=EGP91764.1] [location=join(5662388..5662537,5662592..5663682,5663738..5663753)] [gbkey=CDS]	51.19621196313613	0.7542155970774088	0.48370927318295737	0.5627498001598721	0.6365914786967418	0.85488095991415
lcl|CM001196.1_cds_EGP91765.1_1884 [locus_tag=MYCGRDRAFT_98895] [db_xref=JGIDB:Mycgr3_98895] [protein=hypothetical protein] [protein_id=EGP91765.1] [location=5664994..5665323] [gbkey=CDS]	53.347608488187355	0.7508714067077508	0.42990654205607476	0.5895061728395061	0.5981308411214953	0.8598598243285204
lcl|CM001196.1_cds_EGP91766.1_1885 [locus_tag=MYCGRDRAFT_102970] [db_xref=JGIDB:Mycgr3_102970] [protein=hypothetical protein] [protein_id=EGP91766.1] [location=join(5666124..5666488,5666558..5666807)] [gbkey=CDS]	50.47126588766907	0.7838178287843713	0.5412371134020618	0.555008210180624	0.6804123711340206	0.8463401073565101
lcl|CM001196.1_cds_EGP91865.1_1886 [locus_tag=MYCGRDRAFT_90232] [db_xref=InterPro:IPR003165,JGIDB:Mycgr3_90232] [protein=hypothetical protein] [protein_id=EGP91865.1] [location=complement(5667619..5671029)] [gbkey=CDS]	52.801607185196765	0.7869304438275804	0.5332725615314494	0.5418502202643172	0.6153144940747494	0.8546447997796686
lcl|CM001196.1_cds_EGP91767.1_1887 [locus_tag=MYCGRDRAFT_98897] [db_xref=InterPro:IPR008883,JGIDB:Mycgr3_98897] [protein=hypothetical protein] [protein_id=EGP91767.1] [location=join(5671959..5672009,5672069..5672732,5672793..5672830,5672981..5673694)] [gbkey=CDS]	57.8698791280992	0.7340931580682785	0.391578947368421	0.5667351129363449	0.5242105263157895	0.8584665118039291
lcl|CM001196.1_cds_EGP91864.1_1888 [locus_tag=MYCGRDRAFT_67546] [db_xref=InterPro:IPR001853,JGIDB:Mycgr3_67546] [protein=hypothetical protein] [protein_id=EGP91864.1] [location=complement(5673731..5674411)] [gbkey=CDS]	47.83386022634101	0.7649572019832378	0.5570776255707762	0.5377777777777778	0.6940639269406392	0.8578648083320524
lcl|CM001196.1_cds_EGP91863.1_1889 [locus_tag=MYCGRDRAFT_67551] [db_xref=InterPro:IPR001452,InterPro:IPR004148,InterPro:IPR011511,JGIDB:Mycgr3_67551] [protein=hypothetical protein] [protein_id=EGP91863.1] [location=complement(join(5675148..5676422,5676495..5676530))] [gbkey=CDS]	49.449721140289434	0.7837450626074247	0.541371158392435	0.5340996168582376	0.6382978723404256	0.8551891519855065
lcl|CM001196.1_cds_EGP91768.1_1890 [locus_tag=MYCGRDRAFT_67552] [db_xref=InterPro:IPR000192,JGIDB:Mycgr3_67552] [protein=hypothetical protein] [protein_id=EGP91768.1] [location=join(5685074..5686180,5686372..5686794)] [gbkey=CDS]	51.128899543302964	0.7916632172678566	0.5112474437627812	0.5439632545931758	0.6032719836400818	0.8538261828792176
lcl|CM001196.1_cds_EGP91769.1_1891 [locus_tag=MYCGRDRAFT_98901] [db_xref=InterPro:IPR004908,JGIDB:Mycgr3_98901] [protein=hypothetical protein] [protein_id=EGP91769.1] [location=join(5687130..5687427,5687484..5688640)] [gbkey=CDS]	49.11005943650083	0.7974365983863698	0.5735607675906184	0.5507246376811594	0.6844349680170576	0.8568257686069408
lcl|CM001196.1_cds_EGP91770.1_1892 [locus_tag=MYCGRDRAFT_90236] [db_xref=JGIDB:Mycgr3_90236] [protein=signal peptide-containing protein] [protein_id=EGP91770.1] [location=join(5689040..5689136,5689189..5689466)] [gbkey=CDS]	54.49451425714174	0.7483490617785307	0.5	0.5718157181571816	0.5847457627118644	0.8419034568540336
lcl|CM001196.1_cds_EGP91862.1_1893 [locus_tag=MYCGRDRAFT_90237] [db_xref=JGIDB:Mycgr3_90237] [protein=hypothetical protein] [protein_id=EGP91862.1] [location=complement(join(5690302..5691549,5691733..5691845,5692062..5692305))] [gbkey=CDS]	54.61412659641032	0.7814840235123464	0.5230769230769231	0.5816135084427767	0.6076923076923076	0.8568951773552684
lcl|CM001196.1_cds_EGP91861.1_1894 [locus_tag=MYCGRDRAFT_34379] [db_xref=JGIDB:Mycgr3_34379] [protein=hypothetical protein] [protein_id=EGP91861.1] [location=complement(join(5694344..5694431,5694542..5694602,5694664..5695258,5695298..5696180,5696243..5696673))] [gbkey=CDS]	54.5890489209721	0.7557838730458236	0.48875562218890556	0.5341130604288499	0.5937031484257871	0.8582188477834891
lcl|CM001196.1_cds_EGP91860.1_1895 [locus_tag=MYCGRDRAFT_67558] [db_xref=JGIDB:Mycgr3_67558] [protein=hypothetical protein] [protein_id=EGP91860.1] [location=complement(join(5697672..5698288,5698339..5698573))] [gbkey=CDS]	52.69240682549614	0.7804671177841975	0.5018315018315018	0.5425531914893617	0.63003663003663	0.8468386392142948
lcl|CM001196.1_cds_EGP91772.1_1897 [locus_tag=MYCGRDRAFT_98903] [db_xref=InterPro:IPR001155,JGIDB:Mycgr3_98903] [protein=hypothetical protein] [protein_id=EGP91772.1] [location=join(5700198..5700471,5700563..5701279,5701336..5701691)] [gbkey=CDS]	46.608120593466616	0.817010520786369	0.5953488372093023	0.5570469798657718	0.6697674418604651	0.8563815975169227
lcl|CM001196.1_cds_EGP91774.1_1899 [locus_tag=MYCGRDRAFT_32282] [db_xref=InterPro:IPR001395,JGIDB:Mycgr3_32282] [protein=hypothetical protein] [protein_id=EGP91774.1] [location=join(5710119..5710256,5710310..5711110)] [gbkey=CDS]	47.62527265690162	0.8026194621689527	0.5886287625418061	0.5584137191854234	0.7290969899665551	0.8566066787075565
lcl|CM001196.1_cds_EGP91776.1_1901 [locus_tag=MYCGRDRAFT_90244] [db_xref=JGIDB:Mycgr3_90244] [protein=hypothetical protein] [protein_id=EGP91776.1] [location=5717338..5719362] [gbkey=CDS]	54.678771534833054	0.7756805515509279	0.4785276073619632	0.6186230807330362	0.647239263803681	0.8570746065907753
lcl|CM001196.1_cds_EGP91778.1_1904 [locus_tag=MYCGRDRAFT_84315] [db_xref=InterPro:IPR001202,InterPro:IPR002713,JGIDB:Mycgr3_84315] [protein=hypothetical protein] [protein_id=EGP91778.1] [location=join(5727972..5728368,5728426..5730293,5730362..5730472)] [gbkey=CDS]	48.81828476495981	0.8095681783561578	0.6047120418848168	0.5978902953586498	0.6740837696335078	0.8594743494551293
lcl|CM001196.1_cds_EGP91858.1_1905 [locus_tag=MYCGRDRAFT_219383] [db_xref=InterPro:IPR001450,InterPro:IPR003439,InterPro:IPR007209,JGIDB:Mycgr3_219383] [protein=ABC transporter domain-containing protein] [protein_id=EGP91858.1] [location=complement(join(5731623..5732718,5732775..5732871,5732927..5733094,5733151..5733558,5733683..5733714,5733772..5733791))] [gbkey=CDS]	43.60223995453055	0.8504638050943679	0.66723259762309	0.543801652892562	0.7249575551782682	0.8542165600897622
lcl|CM001196.1_cds_EGP91779.1_1906 [locus_tag=MYCGRDRAFT_67576] [db_xref=InterPro:IPR000330,InterPro:IPR000953,InterPro:IPR001650,JGIDB:Mycgr3_67576] [protein=SNF2 family DNA-dependent chromodomain-containing ATPase] [protein_id=EGP91779.1] [location=join(5735098..5735310,5735363..5735406,5735451..5735533,5735600..5735932,5735981..5736027,5736087..5740103)] [gbkey=CDS]	51.652187463505946	0.803987482856657	0.5641025641025641	0.5552737264848869	0.6429980276134122	0.8576051774866366
lcl|CM001196.1_cds_EGP91780.1_1907 [locus_tag=MYCGRDRAFT_34525] [db_xref=InterPro:IPR001765,JGIDB:Mycgr3_34525] [protein=hypothetical protein] [protein_id=EGP91780.1] [location=join(5740974..5741079,5741133..5741296,5741349..5741579)] [gbkey=CDS]	46.98215549974191	0.8163320783913506	0.5900621118012422	0.6	0.7577639751552795	0.855693705960684
lcl|CM001196.1_cds_EGP91857.1_1908 [locus_tag=MYCGRDRAFT_90250] [db_xref=JGIDB:Mycgr3_90250] [protein=hypothetical protein] [protein_id=EGP91857.1] [location=complement(join(5742107..5742145,5742311..5742508,5742668..5743353,5743419..5743908))] [gbkey=CDS]	55.599473517874394	0.7568513536860801	0.423841059602649	0.5778251599147122	0.5695364238410596	0.8574570179017832
lcl|CM001196.1_cds_EGP91782.1_1910 [locus_tag=MYCGRDRAFT_54508] [db_xref=InterPro:IPR001680,JGIDB:Mycgr3_54508] [protein=hypothetical protein] [protein_id=EGP91782.1] [location=5747600..5749687] [gbkey=CDS]	53.449575259761374	0.7859332137358654	0.5052473763118441	0.5465898174831892	0.6101949025487257	0.8579767973314468
lcl|CM001196.1_cds_EGP91783.1_1911 [locus_tag=MYCGRDRAFT_67581] [db_xref=JGIDB:Mycgr3_67581] [protein=hypothetical protein] [protein_id=EGP91783.1] [location=join(5750045..5750189,5750240..5750709,5750755..5755140)] [gbkey=CDS]	55.1672940619412	0.7555482867378519	0.44938271604938274	0.5505505505505506	0.5925925925925926	0.8572187706886769
lcl|CM001196.1_cds_EGP91856.1_1912 [locus_tag=MYCGRDRAFT_98906] [db_xref=JGIDB:Mycgr3_98906] [protein=hypothetical protein] [protein_id=EGP91856.1] [location=complement(join(5755197..5755559,5755638..5756234))] [gbkey=CDS]	46.61319628501487	0.7292967211493918	0.48355263157894735	0.549266247379455	0.6578947368421053	0.85488095991415
lcl|CM001196.1_cds_EGP91855.1_1913 [locus_tag=MYCGRDRAFT_67588] [db_xref=InterPro:IPR002995,JGIDB:Mycgr3_67588] [protein=hypothetical protein] [protein_id=EGP91855.1] [location=complement(join(5756881..5757018,5757094..5757587,5757683..5757968))] [gbkey=CDS]	44.807027015658036	0.8262311294829063	0.6228373702422145	0.5679824561403509	0.7854671280276817	0.8601883959656185
lcl|CM001196.1_cds_EGP91854.1_1914 [locus_tag=MYCGRDRAFT_98908] [db_xref=JGIDB:Mycgr3_98908] [protein=hypothetical protein] [protein_id=EGP91854.1] [location=complement(5759270..5760505)] [gbkey=CDS]	48.68743936377958	0.8335567456438012	0.6115288220551378	0.5853658536585366	0.6666666666666666	0.8555350607141338
lcl|CM001196.1_cds_EGP91784.1_1915 [locus_tag=MYCGRDRAFT_98909] [db_xref=InterPro:IPR000719,JGIDB:Mycgr3_98909] [protein=hypothetical protein] [protein_id=EGP91784.1] [location=join(5761683..5761909,5761960..5762599,5762653..5763015)] [gbkey=CDS]	56.14470214934432	0.7198760818169087	0.4086294416243655	0.5245098039215687	0.5279187817258884	0.8575132274865802
lcl|CM001196.1_cds_EGP91785.1_1916 [locus_tag=MYCGRDRAFT_98910] [db_xref=JGIDB:Mycgr3_98910] [protein=hypothetical protein] [protein_id=EGP91785.1] [location=join(5770227..5770314,5770366..5770407,5770463..5770515,5770583..5771079,5771158..5772469)] [gbkey=CDS]	52.77383747429485	0.7718365275987925	0.47641509433962265	0.5372608257804632	0.6022012578616353	0.8560966820632868
lcl|CM001196.1_cds_EGP91853.1_1917 [locus_tag=MYCGRDRAFT_33514] [db_xref=JGIDB:Mycgr3_33514] [protein=hypothetical protein] [protein_id=EGP91853.1] [location=complement(join(5776946..5777149,5777243..5777317))] [gbkey=CDS]	46.21064681738875	0.8825634760518037	0.7272727272727273	0.63003663003663	0.7727272727272727	0.8504734798313536
lcl|CM001196.1_cds_EGP91852.1_1918 [locus_tag=MYCGRDRAFT_102977] [db_xref=InterPro:IPR004841,JGIDB:Mycgr3_102977] [protein=hypothetical protein] [protein_id=EGP91852.1] [location=complement(join(5777741..5778815,5778870..5779004,5779233..5779329,5779387..5779494,5779548..5779848))] [gbkey=CDS]	40.826608940701156	0.8396165351274038	0.7171903881700554	0.5719298245614035	0.7375231053604436	0.85488095991415
lcl|CM001196.1_cds_EGP91851.1_1919 [locus_tag=MYCGRDRAFT_102980] [db_xref=JGIDB:Mycgr3_102980] [protein=hypothetical protein] [protein_id=EGP91851.1] [location=complement(5781803..5782309)] [gbkey=CDS]	54.852698591424975	0.7500664116651592	0.4451219512195122	0.590818363273453	0.5853658536585366	0.8580975204082747
lcl|CM001196.1_cds_EGP91850.1_1920 [locus_tag=MYCGRDRAFT_90261] [db_xref=JGIDB:Mycgr3_90261] [protein=hypothetical protein] [protein_id=EGP91850.1] [location=complement(5786068..5788755)] [gbkey=CDS]	53.094896917807176	0.7787583630268236	0.5081585081585082	0.5652498135719612	0.6212121212121212	0.8538320784591904
lcl|CM001196.1_cds_EGP91786.1_1921 [locus_tag=MYCGRDRAFT_90262] [db_xref=JGIDB:Mycgr3_90262] [protein=signal peptide-containing protein] [protein_id=EGP91786.1] [location=join(5790864..5790996,5791523..5791662,5792068..5792208)] [gbkey=CDS]	50.965876109100684	0.7969024589069558	0.5746268656716418	0.5784313725490197	0.6268656716417911	0.8509477010763534
lcl|CM001196.1_cds_EGP91849.1_1922 [locus_tag=MYCGRDRAFT_102982] [db_xref=JGIDB:Mycgr3_102982] [protein=hypothetical protein] [protein_id=EGP91849.1] [location=complement(5795577..5795897)] [gbkey=CDS]	52.93274679355669	0.7384716611858324	0.41346153846153844	0.5841269841269842	0.5192307692307693	0.8561584791469657
lcl|CM001196.1_cds_EGP91787.1_1923 [locus_tag=MYCGRDRAFT_107781] [db_xref=JGIDB:Mycgr3_107781] [protein=hypothetical protein] [protein_id=EGP91787.1] [location=join(5798140..5798423,5798477..5798880,5798940..5799275,5799333..5800204)] [gbkey=CDS]	38.72943302344045	0.8784451379885587	0.704	0.6068783068783069	0.72	0.8550937473306679
lcl|CM001196.1_cds_EGP91848.1_1924 [locus_tag=MYCGRDRAFT_107782] [db_xref=JGIDB:Mycgr3_107782] [protein=hypothetical protein] [protein_id=EGP91848.1] [location=complement(5802037..5803245)] [gbkey=CDS]	49.51928588829308	0.7452790630844317	0.49104859335038364	0.5951787198669992	0.618925831202046	0.8582301315753657
lcl|CM001196.1_cds_EGP91788.1_1925 [locus_tag=MYCGRDRAFT_54524] [db_xref=InterPro:IPR002110,JGIDB:Mycgr3_54524] [protein=hypothetical protein] [protein_id=EGP91788.1] [location=join(5803517..5803574,5803633..5804294)] [gbkey=CDS]	44.38066125132024	0.7785094350171258	0.5536480686695279	0.6134453781512605	0.7253218884120172	0.8537553202025108
lcl|CM001196.1_cds_EGP91790.1_1927 [locus_tag=MYCGRDRAFT_102983] [db_xref=JGIDB:Mycgr3_102983] [protein=hypothetical protein] [protein_id=EGP91790.1] [location=5811075..5811239] [gbkey=CDS]	47.19826622611599	0.8889211739904187	0.6037735849056604	0.6540880503144654	0.8113207547169812	0.8599540433564312
lcl|CM001196.1_cds_EGP91791.1_1928 [locus_tag=MYCGRDRAFT_90268] [db_xref=JGIDB:Mycgr3_90268] [protein=hypothetical protein] [protein_id=EGP91791.1] [location=join(5813976..5813978,5814045..5814902)] [gbkey=CDS]	44.674773759023175	0.7516605413504357	0.5181159420289855	0.6198830409356725	0.7101449275362319	0.8581795028523816
lcl|CM001196.1_cds_EGP91847.1_1929 [locus_tag=MYCGRDRAFT_67605] [db_xref=JGIDB:Mycgr3_67605] [protein=hypothetical protein] [protein_id=EGP91847.1] [location=complement(5816821..5820453)] [gbkey=CDS]	57.23640259629339	0.7322248541936494	0.4288164665523156	0.5448028673835126	0.5634648370497427	0.8579909065453416
lcl|CM001196.1_cds_EGP91792.1_1930 [locus_tag=MYCGRDRAFT_102985] [db_xref=JGIDB:Mycgr3_102985] [protein=hypothetical protein] [protein_id=EGP91792.1] [location=join(5820733..5820807,5820864..5820941,5820999..5821067)] [gbkey=CDS]	51.78581347551948	0.7267629954162627	0.4305555555555556	0.5092592592592593	0.5833333333333334	0.8493141890544508
lcl|CM001196.1_cds_EGP91793.1_1932 [locus_tag=MYCGRDRAFT_102988] [db_xref=JGIDB:Mycgr3_102988] [protein=hypothetical protein] [protein_id=EGP91793.1] [location=5823870..5824112] [gbkey=CDS]	54.702161688615206	0.7869792831670431	0.5194805194805194	0.6160337552742616	0.6363636363636364	0.8582811061065025
lcl|CM001196.1_cds_EGP91845.1_1933 [locus_tag=MYCGRDRAFT_98919] [db_xref=JGIDB:Mycgr3_98919] [protein=hypothetical protein] [protein_id=EGP91845.1] [location=complement(join(5824553..5824621,5824672..5825652,5825781..5826383))] [gbkey=CDS]	54.06094490514897	0.7513868398025937	0.4739776951672863	0.5555555555555556	0.5669144981412639	0.8529299743756894
lcl|CM001196.1_cds_EGP91844.1_1934 [locus_tag=MYCGRDRAFT_31787] [db_xref=InterPro:IPR002198,JGIDB:Mycgr3_31787] [protein=hypothetical protein] [protein_id=EGP91844.1] [location=complement(join(5826710..5826906,5826959..5827235,5827310..5827735))] [gbkey=CDS]	47.99368303988315	0.8054972577297038	0.5950704225352113	0.5760626398210291	0.6654929577464789	0.8575840039893387
lcl|CM001196.1_cds_EGP91795.1_1936 [locus_tag=MYCGRDRAFT_90273] [db_xref=JGIDB:Mycgr3_90273] [protein=hypothetical protein] [protein_id=EGP91795.1] [location=5829322..5829669] [gbkey=CDS]	50.34835368309595	0.8121859381469335	0.5242718446601942	0.5964912280701754	0.6990291262135923	0.8537059839829184
lcl|CM001196.1_cds_EGP91796.1_1937 [locus_tag=MYCGRDRAFT_117722] [db_xref=JGIDB:Mycgr3_117722] [protein=vacuolar sorting protein 9-like protein] [protein_id=EGP91796.1] [location=join(5830215..5832511,5832566..5832680)] [gbkey=CDS]	55.5618842267823	0.7680343270736725	0.46084724005134786	0.5540315876974231	0.5686777920410783	0.8563864667080764
lcl|CM001196.1_cds_EGP91797.1_1938 [locus_tag=MYCGRDRAFT_67618] [db_xref=InterPro:IPR007248,JGIDB:Mycgr3_67618] [protein=hypothetical protein] [protein_id=EGP91797.1] [location=join(5833117..5833185,5833323..5833439,5833504..5833870,5833928..5834094,5834151..5834249)] [gbkey=CDS]	50.67091666282887	0.7579079096645918	0.44357976653696496	0.5264452644526445	0.6303501945525292	0.8593440625504148
lcl|CM001196.1_cds_EGP91798.1_1939 [gene=PGK1] [locus_tag=MYCGRDRAFT_102990] [db_xref=InterPro:IPR001576,JGIDB:Mycgr3_102990] [protein=phosphoglycerate kinase] [protein_id=EGP91798.1] [location=join(5834679..5834744,5834846..5836036)] [gbkey=CDS]	43.83435594173819	0.8498117551801223	0.6855036855036855	0.5723421262989609	0.7641277641277642	0.8568117613891673
lcl|CM001196.1_cds_EGP91799.1_1940 [locus_tag=MYCGRDRAFT_67622] [db_xref=JGIDB:Mycgr3_67622] [protein=hypothetical protein] [protein_id=EGP91799.1] [location=join(5837210..5837383,5837444..5839546)] [gbkey=CDS]	53.621351004802186	0.7693761735364132	0.46740638002773927	0.5570233377366799	0.6130374479889042	0.8594971090158511
lcl|CM001196.1_cds_EGP91800.1_1941 [locus_tag=MYCGRDRAFT_107785] [db_xref=InterPro:IPR002641,JGIDB:Mycgr3_107785] [protein=hypothetical protein] [protein_id=EGP91800.1] [location=join(5840808..5840888,5840952..5842592)] [gbkey=CDS]	52.594018208759934	0.7521050212338813	0.5045537340619308	0.5635198135198135	0.6156648451730419	0.8579327439703553
lcl|CM001196.1_cds_EGP91801.1_1942 [locus_tag=MYCGRDRAFT_90276] [db_xref=InterPro:IPR000182,JGIDB:Mycgr3_90276] [protein=hypothetical protein] [protein_id=EGP91801.1] [location=join(5843086..5843470,5843537..5843799)] [gbkey=CDS]	49.075013174963985	0.7523532185793141	0.5175879396984925	0.5747663551401869	0.6532663316582915	0.8586473462663952
lcl|CM001196.1_cds_EGP91843.1_1943 [locus_tag=MYCGRDRAFT_90277] [db_xref=JGIDB:Mycgr3_90277] [protein=hypothetical protein] [protein_id=EGP91843.1] [location=complement(join(5843963..5844468,5844533..5846502,5846727..5847184,5847467..5847487,5847670..5847755,5848048..5848190,5848409..5848769,5848827..5849277))] [gbkey=CDS]	54.44115850741104	0.7771292673813639	0.514751552795031	0.5646616541353383	0.6141304347826086	0.8552841809666278
lcl|CM001196.1_cds_EGP91842.1_1944 [locus_tag=MYCGRDRAFT_90278] [db_xref=JGIDB:Mycgr3_90278] [protein=hypothetical protein] [protein_id=EGP91842.1] [location=complement(5850681..5853383)] [gbkey=CDS]	54.73323657083545	0.7616243022616834	0.48911798396334477	0.5461624026696329	0.5979381443298969	0.8560745790031951
lcl|CM001196.1_cds_EGP91803.1_1947 [locus_tag=MYCGRDRAFT_107787] [db_xref=JGIDB:Mycgr3_107787] [protein=hypothetical protein] [protein_id=EGP91803.1] [location=join(5860053..5860243,5860558..5860639,5860708..5862951)] [gbkey=CDS]	48.63923239966496	0.7868266994751272	0.5583437892095358	0.5686977299880526	0.64366373902133	0.8558423559520929
lcl|CM001196.1_cds_EGP91840.1_1948 [locus_tag=MYCGRDRAFT_54556] [db_xref=InterPro:IPR001610,JGIDB:Mycgr3_54556] [protein=K+-channel ERG-like protein] [protein_id=EGP91840.1] [location=complement(join(5864912..5865326,5865591..5865978,5866033..5866422,5866494..5867160))] [gbkey=CDS]	48.536340316038796	0.7744970419456761	0.5082781456953642	0.5771305285868392	0.6473509933774835	0.8585760906001229
lcl|CM001196.1_cds_EGP91804.1_1949 [locus_tag=MYCGRDRAFT_107789] [db_xref=JGIDB:Mycgr3_107789] [protein=hypothetical protein] [protein_id=EGP91804.1] [location=5870360..5874127] [gbkey=CDS]	50.78273275744339	0.7802671582683366	0.509090909090909	0.5590111642743222	0.6628099173553719	0.8586302891769041
lcl|CM001196.1_cds_EGP91805.1_1950 [locus_tag=MYCGRDRAFT_107790] [db_xref=JGIDB:Mycgr3_107790] [protein=hypothetical protein] [protein_id=EGP91805.1] [location=join(5875743..5876811,5877355..5877764)] [gbkey=CDS]	50.6980897565306	0.797893570748802	0.5783898305084746	0.5505770536320435	0.6546610169491526	0.852699805965301
lcl|CM001196.1_cds_EGP91806.1_1952 [locus_tag=MYCGRDRAFT_107791] [db_xref=JGIDB:Mycgr3_107791] [protein=hypothetical protein] [protein_id=EGP91806.1] [location=5880157..5881182] [gbkey=CDS]	52.55996932645221	0.7867215658730232	0.5253731343283582	0.5676470588235294	0.608955223880597	0.8568544017204343
lcl|CM001196.1_cds_EGP91837.1_1954 [locus_tag=MYCGRDRAFT_67635] [db_xref=InterPro:IPR001440,JGIDB:Mycgr3_67635] [protein=hypothetical protein] [protein_id=EGP91837.1] [location=complement(join(5894666..5895156,5895213..5897286))] [gbkey=CDS]	52.39259372342716	0.7898510283310323	0.5157004830917874	0.5338022665103556	0.6413043478260869	0.8592921882253342
lcl|CM001196.1_cds_EGP91836.1_1955 [locus_tag=MYCGRDRAFT_102996] [db_xref=JGIDB:Mycgr3_102996] [protein=hypothetical protein] [protein_id=EGP91836.1] [location=complement(join(5898366..5898530,5898586..5898912))] [gbkey=CDS]	51.7881220220135	0.7917264462261602	0.5031446540880503	0.565843621399177	0.6163522012578616	0.8482872906066677
lcl|CM001196.1_cds_EGP91835.1_1956 [locus_tag=MYCGRDRAFT_67639] [db_xref=JGIDB:Mycgr3_67639] [protein=hypothetical protein] [protein_id=EGP91835.1] [location=complement(join(5900175..5901281,5901331..5901381))] [gbkey=CDS]	50.81364321877169	0.8083768751590963	0.5483870967741935	0.5902777777777778	0.6478494623655914	0.8573278815561209
lcl|CM001196.1_cds_EGP91834.1_1957 [locus_tag=MYCGRDRAFT_98925] [db_xref=InterPro:IPR000909,JGIDB:Mycgr3_98925] [protein=hypothetical protein] [protein_id=EGP91834.1] [location=complement(5902340..5903851)] [gbkey=CDS]	51.838975219630356	0.7735159373278143	0.5409836065573771	0.547144754316069	0.6352459016393442	0.8524812376839714
lcl|CM001196.1_cds_EGP91833.1_1958 [locus_tag=MYCGRDRAFT_67645] [db_xref=InterPro:IPR001327,JGIDB:Mycgr3_67645] [protein=hypothetical protein] [protein_id=EGP91833.1] [location=complement(join(5904459..5904596,5904653..5905693))] [gbkey=CDS]	51.445718967008766	0.7901613434771046	0.5430809399477807	0.5498721227621484	0.6684073107049608	0.8569403068021525
lcl|CM001196.1_cds_EGP91832.1_1959 [locus_tag=MYCGRDRAFT_84343] [db_xref=InterPro:IPR001993,JGIDB:Mycgr3_84343] [protein=hypothetical protein] [protein_id=EGP91832.1] [location=complement(join(5906274..5907217,5907301..5907340))] [gbkey=CDS]	49.43750676164282	0.7664797734184942	0.5078369905956113	0.5807770961145194	0.6332288401253918	0.8565271980647193
lcl|CM001196.1_cds_EGP91830.1_1961 [locus_tag=MYCGRDRAFT_34998] [db_xref=InterPro:IPR008901,JGIDB:Mycgr3_34998] [protein=hypothetical protein] [protein_id=EGP91830.1] [location=complement(join(5921183..5921316,5921377..5921597,5921688..5921937,5922029..5922215,5922291..5922383))] [gbkey=CDS]	47.554085539541475	0.7598859216008564	0.5571955719557196	0.5494880546075085	0.7380073800738007	0.8590081414652461
lcl|CM001196.1_cds_EGP91807.1_1962 [locus_tag=MYCGRDRAFT_98927] [db_xref=InterPro:IPR002777,JGIDB:Mycgr3_98927] [protein=hypothetical protein] [frame=2] [partial=5'] [protein_id=EGP91807.1] [location=join(<5922812..5922842,5922898..5923064,5923140..5923302)] [gbkey=CDS]	50.99459671896641	0.7661554959804292	0.5	0.5028248587570622	0.5877192982456141	0.8582955422406292
lcl|CM001196.1_cds_EGP91829.1_1963 [locus_tag=MYCGRDRAFT_107794] [db_xref=InterPro:IPR000938,InterPro:IPR001611,JGIDB:Mycgr3_107794] [protein=hypothetical protein] [protein_id=EGP91829.1] [location=complement(join(5923898..5925477,5925530..5925704))] [gbkey=CDS]	48.79237870592516	0.7547821357805432	0.5360281195079086	0.5717552887364208	0.6590509666080844	0.8544212571732352
lcl|CM001196.1_cds_EGP91809.1_1965 [locus_tag=MYCGRDRAFT_90294] [db_xref=JGIDB:Mycgr3_90294] [protein=hypothetical protein] [protein_id=EGP91809.1] [location=join(5927085..5927471,5927533..5928180)] [gbkey=CDS]	47.3680688034553	0.7669693668063766	0.5274390243902439	0.5850340136054422	0.6859756097560976	0.8560541203396541
lcl|CM001196.1_cds_EGP91828.1_1966 [locus_tag=MYCGRDRAFT_32667] [db_xref=InterPro:IPR000073,JGIDB:Mycgr3_32667] [protein=hypothetical protein] [protein_id=EGP91828.1] [location=complement(5928374..5929870)] [gbkey=CDS]	49.55064648067669	0.7588734805233949	0.5189873417721519	0.5808182427900738	0.70042194092827	0.8589360014152015
lcl|CM001196.1_cds_EGP91827.1_1967 [locus_tag=MYCGRDRAFT_33113] [db_xref=InterPro:IPR006035,JGIDB:Mycgr3_33113] [protein=hypothetical protein] [protein_id=EGP91827.1] [location=complement(5930451..5931671)] [gbkey=CDS]	49.36231373438499	0.7880028148107945	0.5754475703324808	0.5991769547325103	0.690537084398977	0.8552119854471897
lcl|CM001196.1_cds_EGP91826.1_1969 [locus_tag=MYCGRDRAFT_33703] [db_xref=JGIDB:Mycgr3_33703] [protein=integral membrane protein] [protein_id=EGP91826.1] [location=complement(join(5933884..5934495,5934552..5935445))] [gbkey=CDS]	48.76515109571243	0.7806608625213698	0.5652173913043478	0.5713333333333334	0.6894409937888198	0.8602593839264144
lcl|CM001196.1_cds_EGP91822.1_1973 [locus_tag=MYCGRDRAFT_90301] [db_xref=InterPro:IPR002198,JGIDB:Mycgr3_90301] [protein=hypothetical protein] [protein_id=EGP91822.1] [location=complement(join(5955638..5955711,5955770..5955838,5955895..5956645,5956822..5957031))] [gbkey=CDS]	52.278326172264904	0.7707982078576361	0.467966573816156	0.569216757741348	0.6295264623955432	0.8585510941117888
lcl|CM001196.1_cds_EGP91811.1_1974 [locus_tag=MYCGRDRAFT_90302] [db_xref=JGIDB:Mycgr3_90302] [protein=hypothetical protein] [protein_id=EGP91811.1] [location=join(5957957..5958047,5958191..5958218,5958582..5958728,5958940..5959045)] [gbkey=CDS]	50.853737140072795	0.7749247026678702	0.5	0.5710382513661202	0.5932203389830508	0.8450497748898709
lcl|CM001196.1_cds_EGP91812.1_1975 [gene=CYP-73] [locus_tag=MYCGRDRAFT_34026] [db_xref=InterPro:IPR001128,JGIDB:Mycgr3_34026] [protein=putative P450 monooxygenase] [protein_id=EGP91812.1] [location=join(5959664..5961022,5961181..5961363)] [gbkey=CDS]	53.42335155252239	0.7627707740369114	0.4927835051546392	0.533203125	0.6061855670103092	0.8606599101258294
lcl|CM001196.1_cds_EGP91821.1_1976 [locus_tag=MYCGRDRAFT_107795] [db_xref=JGIDB:Mycgr3_107795] [protein=hypothetical protein] [protein_id=EGP91821.1] [location=complement(5979889..5982177)] [gbkey=CDS]	48.87156229431097	0.8295597822819217	0.5964673913043478	0.5597897503285151	0.6902173913043478	0.8557620930101807
lcl|CM001196.1_cds_EGP91813.1_1977 [locus_tag=MYCGRDRAFT_67658] [db_xref=JGIDB:Mycgr3_67658] [protein=hypothetical protein] [protein_id=EGP91813.1] [location=5983516..5984691] [gbkey=CDS]	52.97298830843258	0.7411138489657819	0.4634146341463415	0.5452991452991452	0.6097560975609756	0.85488095991415
lcl|CM001196.1_cds_EGP91814.1_1978 [gene=BTG] [locus_tag=MYCGRDRAFT_54587] [db_xref=InterPro:IPR001764,InterPro:IPR002772,JGIDB:Mycgr3_54587] [protein=beta glucosidase] [protein_id=EGP91814.1] [location=join(5985333..5986028,5986107..5986234,5986290..5987361)] [gbkey=CDS]	52.20208608631485	0.7871147662572406	0.5408496732026143	0.5555555555555556	0.6078431372549019	0.8567979544986084
lcl|CM001196.1_cds_EGP91815.1_1979 [locus_tag=MYCGRDRAFT_90306] [db_xref=JGIDB:Mycgr3_90306] [protein=hypothetical protein] [protein_id=EGP91815.1] [location=5988847..5989320] [gbkey=CDS]	48.93421443979326	0.7827367117472862	0.6143790849673203	0.5405982905982906	0.6405228758169934	0.8454815198459585
lcl|CM001196.1_cds_EGP91820.1_1980 [locus_tag=MYCGRDRAFT_98928] [db_xref=InterPro:IPR006662,JGIDB:Mycgr3_98928] [protein=hypothetical protein] [protein_id=EGP91820.1] [location=complement(join(5991252..5991326,5991389..5992132))] [gbkey=CDS]	52.879581455356565	0.7746130267685232	0.5207547169811321	0.5584255842558425	0.6188679245283019	0.8583502525983971
lcl|CM001196.1_cds_EGP91816.1_1981 [locus_tag=MYCGRDRAFT_67666] [db_xref=InterPro:IPR007109,JGIDB:Mycgr3_67666] [protein=hypothetical protein] [protein_id=EGP91816.1] [location=join(5992500..5993273,5993333..5993566)] [gbkey=CDS]	47.41890036281592	0.799197836123319	0.5583596214511041	0.5409181636726547	0.6908517350157729	0.8556839679051004
lcl|CM001196.1_cds_EGP91817.1_1982 [locus_tag=MYCGRDRAFT_67669] [db_xref=InterPro:IPR004841,JGIDB:Mycgr3_67669] [protein=hypothetical protein] [protein_id=EGP91817.1] [location=join(5997306..5997712,5997773..5997901,5997957..5998469,5998528..5998766,5998822..5999318)] [gbkey=CDS]	46.51003933055543	0.8118237749337897	0.6387900355871886	0.552557616638561	0.6868327402135231	0.8533001707524264
lcl|CM001196.1_cds_EGP91818.1_1983 [locus_tag=MYCGRDRAFT_107800] [db_xref=InterPro:IPR008630,JGIDB:Mycgr3_107800] [protein=hypothetical protein] [protein_id=EGP91818.1] [location=join(6001610..6002066,6002119..6002407,6002470..6003568)] [gbkey=CDS]	50.38177921484583	0.7880612111303982	0.5166374781085814	0.5628058727569332	0.647985989492119	0.856412960261236
lcl|CM001196.1_cds_EGP91819.1_1984 [locus_tag=MYCGRDRAFT_79161] [db_xref=JGIDB:Mycgr3_79161] [protein=hypothetical protein] [protein_id=EGP91819.1] [location=complement(join(6006196..6006264,6006336..6006407,6006494..6006559))] [gbkey=CDS]	49.13445995697849	0.791674960712849	0.5970149253731343	0.5771144278606966	0.6865671641791045	0.8234634090324674
