seq_id,Ala,Arg,Asn,Asp,Cys,Gln,Glu,Gly,His,Ile,Leu,Lys,Met,Phe,Pro,Ser,Thr,Trp,Tyr,Val
lcl|LR898468.1_cds_CAD6498643.1_1 [protein_id=CAD6498643.1] [location=34907..35059] [gbkey=CDS],0.08163265306122448,0.02040816326530612,0.04081632653061224,0,0.061224489795918366,0.04081632653061224,0.02040816326530612,0,0.04081632653061224,0.10204081632653061,0.14285714285714285,0.02040816326530612,0.02040816326530612,0.061224489795918366,0.04081632653061224,0.1836734693877551,0.08163265306122448,0,0,0.04081632653061224
lcl|LR898468.1_cds_CAD6498644.1_2 [protein_id=CAD6498644.1] [location=43083..43166] [gbkey=CDS],0.11538461538461539,0,0.038461538461538464,0.07692307692307693,0.038461538461538464,0.07692307692307693,0,0.11538461538461539,0,0.11538461538461539,0.11538461538461539,0,0,0.07692307692307693,0.038461538461538464,0.07692307692307693,0.038461538461538464,0,0.038461538461538464,0.038461538461538464
lcl|LR898468.1_cds_CAD6498645.1_3 [protein_id=CAD6498645.1] [location=43227..43295] [gbkey=CDS],0,0.14285714285714285,0.09523809523809523,0.047619047619047616,0,0,0,0,0.14285714285714285,0.09523809523809523,0,0.047619047619047616,0,0,0.047619047619047616,0.09523809523809523,0.19047619047619047,0,0.09523809523809523,0
"lcl|LR898468.1_cds_CAD6498646.1_4 [protein_id=CAD6498646.1] [location=complement(join(44642..44769,44816..45047))] [gbkey=CDS]",0.06779661016949153,0.00847457627118644,0.05084745762711865,0.0423728813559322,0.025423728813559324,0.0423728813559322,0.06779661016949153,0.05084745762711865,0.025423728813559324,0.059322033898305086,0.1440677966101695,0.09322033898305085,0.01694915254237288,0.0423728813559322,0.03389830508474576,0.06779661016949153,0.059322033898305086,0,0.03389830508474576,0.06779661016949153
lcl|LR898468.1_cds_CAD6498647.1_5 [protein_id=CAD6498647.1] [location=73031..73303] [gbkey=CDS],0.07865168539325842,0.07865168539325842,0.06741573033707865,0.056179775280898875,0.02247191011235955,0.056179775280898875,0.06741573033707865,0.0449438202247191,0.02247191011235955,0.033707865168539325,0.0898876404494382,0.0449438202247191,0.011235955056179775,0.02247191011235955,0.056179775280898875,0.11235955056179775,0.0449438202247191,0,0.06741573033707865,0.02247191011235955
"lcl|LR898468.1_cds_CAD6498648.1_6 [protein_id=CAD6498648.1] [location=complement(join(87210..87380,87516..87739,87850..89083))] [gbkey=CDS]",0.051756007393715345,0.06099815157116451,0.03512014787430684,0.066543438077634,0.018484288354898338,0.04066543438077634,0.06839186691312385,0.059149722735674676,0.027726432532347505,0.04805914972273567,0.09242144177449169,0.09057301293900184,0.024029574861367836,0.04805914972273567,0.033271719038817,0.07578558225508318,0.051756007393715345,0.014787430683918669,0.038817005545286505,0.053604436229205174
lcl|LR898468.1_cds_CAD6498649.1_7 [protein_id=CAD6498649.1] [location=101323..101559] [gbkey=CDS],0.05194805194805195,0.07792207792207792,0.05194805194805195,0.07792207792207792,0.012987012987012988,0.05194805194805195,0.07792207792207792,0.03896103896103896,0.012987012987012988,0.05194805194805195,0.12987012987012986,0.03896103896103896,0.03896103896103896,0.05194805194805195,0.05194805194805195,0.03896103896103896,0.03896103896103896,0.025974025974025976,0.025974025974025976,0.05194805194805195
lcl|LR898468.1_cds_CAD6498650.1_8 [protein_id=CAD6498650.1] [location=102174..102974] [gbkey=CDS],0.06037735849056604,0.05660377358490566,0.07169811320754717,0.07547169811320754,0.033962264150943396,0.052830188679245285,0.07169811320754717,0.07169811320754717,0.033962264150943396,0.033962264150943396,0.0830188679245283,0.052830188679245285,0.018867924528301886,0.033962264150943396,0.018867924528301886,0.06037735849056604,0.052830188679245285,0.018867924528301886,0.045283018867924525,0.052830188679245285
"lcl|LR898468.1_cds_CAD6498651.1_9 [protein_id=CAD6498651.1] [location=complement(join(151713..151855,151907..152147))] [gbkey=CDS]",0.03968253968253968,0.047619047619047616,0.015873015873015872,0.031746031746031744,0.031746031746031744,0.031746031746031744,0.047619047619047616,0.07936507936507936,0.05555555555555555,0.10317460317460317,0.10317460317460317,0.03968253968253968,0,0.047619047619047616,0.047619047619047616,0.07142857142857142,0.06349206349206349,0.023809523809523808,0.03968253968253968,0.07936507936507936
"lcl|LR898468.1_cds_CAD6498652.1_10 [protein_id=CAD6498652.1] [location=complement(join(176709..178298,178342..178857,178904..178966,179014..179901))] [gbkey=CDS]",0.05801376597836775,0.04424778761061947,0.05604719764011799,0.05408062930186824,0.01966568338249754,0.04228121927236971,0.06686332350049164,0.058997050147492625,0.018682399213372666,0.06293018682399214,0.13962635201573254,0.03638151425762045,0.021632251720747297,0.038348082595870206,0.03736479842674533,0.08259587020648967,0.0688298918387414,0.012782694198623401,0.018682399213372666,0.061946902654867256
"lcl|LR898468.1_cds_CAD6498653.1_11 [protein_id=CAD6498653.1] [location=complement(join(184082..184156,184211..184830,184944..185238))] [gbkey=CDS]",0.04878048780487805,0.04878048780487805,0.027439024390243903,0.0701219512195122,0.006097560975609756,0.024390243902439025,0.06402439024390244,0.08231707317073171,0.04573170731707317,0.04878048780487805,0.06097560975609756,0.0975609756097561,0.018292682926829267,0.024390243902439025,0.07621951219512195,0.11890243902439024,0.057926829268292686,0.006097560975609756,0.04573170731707317,0.027439024390243903
lcl|LR898468.1_cds_CAD6498654.1_12 [protein_id=CAD6498654.1] [location=186019..188424] [gbkey=CDS],0.08,0.07125,0.05125,0.06625,0.0075,0.04125,0.08,0.0625,0.01625,0.0425,0.07375,0.11375,0.02,0.03,0.03125,0.0775,0.05875,0.00625,0.0175,0.0525
lcl|LR898468.1_cds_CAD6498655.1_13 [protein_id=CAD6498655.1] [location=complement(193845..193988)] [gbkey=CDS],0.043478260869565216,0.06521739130434782,0.021739130434782608,0.043478260869565216,0.043478260869565216,0.043478260869565216,0.021739130434782608,0.06521739130434782,0.021739130434782608,0.021739130434782608,0.08695652173913043,0.17391304347826086,0.021739130434782608,0.06521739130434782,0.043478260869565216,0.13043478260869565,0.06521739130434782,0,0,0.021739130434782608
"lcl|LR898468.1_cds_CAD6498656.1_14 [protein_id=CAD6498656.1] [location=complement(join(207958..208298,208351..208477))] [gbkey=CDS]",0.1038961038961039,0.01948051948051948,0.032467532467532464,0.07792207792207792,0.006493506493506494,0.012987012987012988,0.045454545454545456,0.09090909090909091,0.012987012987012988,0.06493506493506493,0.07142857142857142,0.08441558441558442,0.006493506493506494,0.045454545454545456,0.05194805194805195,0.1038961038961039,0.05194805194805195,0.006493506493506494,0.012987012987012988,0.09740259740259741
"lcl|LR898468.1_cds_CAD6498657.1_15 [protein_id=CAD6498657.1] [location=complement(join(209170..210053,210105..210209,210270..210559,210661..210868,210946..211225))] [gbkey=CDS]",0.1141396933560477,0.04770017035775128,0.027257240204429302,0.034071550255536626,0.022146507666098807,0.02385008517887564,0.02385008517887564,0.08858603066439523,0.015332197614991482,0.10391822827938671,0.08006814310051108,0.027257240204429302,0.015332197614991482,0.054514480408858604,0.03747870528109029,0.09540034071550256,0.05792163543441227,0.02555366269165247,0.034071550255536626,0.07155025553662692
"lcl|LR898468.1_cds_CAD6498659.1_17 [protein_id=CAD6498659.1] [location=join(306403..306658,306723..307034,307086..307183)] [gbkey=CDS]",0.031818181818181815,0.03636363636363636,0.04090909090909091,0.06363636363636363,0.03636363636363636,0.05,0.07727272727272727,0.04090909090909091,0.01818181818181818,0.08181818181818182,0.07272727272727272,0.07272727272727272,0.01818181818181818,0.03636363636363636,0.03636363636363636,0.10909090909090909,0.05909090909090909,0.013636363636363636,0.02727272727272727,0.07727272727272727
"lcl|LR898468.1_cds_CAD6498660.1_18 [protein_id=CAD6498660.1] [location=join(338018..338273,338338..338649,338701..338798)] [gbkey=CDS]",0.031818181818181815,0.04090909090909091,0.04090909090909091,0.06363636363636363,0.03636363636363636,0.05,0.07727272727272727,0.04090909090909091,0.01818181818181818,0.08636363636363636,0.06818181818181818,0.07272727272727272,0.01818181818181818,0.03636363636363636,0.03636363636363636,0.10909090909090909,0.05909090909090909,0.013636363636363636,0.02727272727272727,0.07272727272727272
"lcl|LR898468.1_cds_CAD6498661.1_19 [protein_id=CAD6498661.1] [location=join(370823..371095,371147..371237,371287..371670,371718..372160)] [gbkey=CDS]",0.09367088607594937,0.027848101265822784,0.060759493670886074,0.020253164556962026,0.020253164556962026,0.030379746835443037,0.027848101265822784,0.04810126582278481,0.005063291139240506,0.09620253164556962,0.08860759493670886,0.04810126582278481,0.035443037974683546,0.05822784810126582,0.04810126582278481,0.10632911392405063,0.06329113924050633,0.02278481012658228,0.035443037974683546,0.06329113924050633
"lcl|LR898468.1_cds_CAD6498662.1_20 [protein_id=CAD6498662.1] [location=join(372728..372765,372814..374035)] [gbkey=CDS]",0.04066985645933014,0.07416267942583732,0.0645933014354067,0.06220095693779904,0.011961722488038277,0.04066985645933014,0.05980861244019139,0.045454545454545456,0.009569377990430622,0.06937799043062201,0.13157894736842105,0.03827751196172249,0.011961722488038277,0.045454545454545456,0.05980861244019139,0.10287081339712918,0.05502392344497608,0.007177033492822967,0.009569377990430622,0.05980861244019139
"lcl|LR898468.1_cds_CAD6498663.1_21 [protein_id=CAD6498663.1] [location=complement(join(377540..378289,378730..378981))] [gbkey=CDS]",0.06325301204819277,0.0572289156626506,0.03614457831325301,0.03614457831325301,0.02108433734939759,0.05120481927710843,0.06325301204819277,0.0391566265060241,0.0391566265060241,0.060240963855421686,0.09337349397590361,0.04216867469879518,0.018072289156626505,0.05120481927710843,0.045180722891566265,0.11144578313253012,0.0572289156626506,0.012048192771084338,0.04819277108433735,0.05421686746987952
"lcl|LR898468.1_cds_CAD6498664.1_22 [protein_id=CAD6498664.1] [location=complement(join(387129..387247,387481..387739))] [gbkey=CDS]",0.08870967741935484,0.06451612903225806,0.06451612903225806,0.03225806451612903,0.03225806451612903,0.04032258064516129,0.06451612903225806,0.04032258064516129,0.024193548387096774,0.056451612903225805,0.08870967741935484,0.024193548387096774,0.016129032258064516,0.04838709677419355,0.04032258064516129,0.11290322580645161,0.04032258064516129,0,0.07258064516129033,0.04838709677419355
"lcl|LR898468.1_cds_CAD6498665.1_23 [protein_id=CAD6498665.1] [location=complement(join(392120..392869,393310..393561))] [gbkey=CDS]",0.06325301204819277,0.0572289156626506,0.03614457831325301,0.03614457831325301,0.02108433734939759,0.05120481927710843,0.06325301204819277,0.0391566265060241,0.0391566265060241,0.060240963855421686,0.09337349397590361,0.04216867469879518,0.018072289156626505,0.05120481927710843,0.045180722891566265,0.11144578313253012,0.0572289156626506,0.012048192771084338,0.04819277108433735,0.05421686746987952
"lcl|LR898468.1_cds_CAD6498666.1_24 [protein_id=CAD6498666.1] [location=complement(join(401709..401827,402061..402319))] [gbkey=CDS]",0.08870967741935484,0.06451612903225806,0.06451612903225806,0.03225806451612903,0.03225806451612903,0.04032258064516129,0.06451612903225806,0.04032258064516129,0.024193548387096774,0.056451612903225805,0.08870967741935484,0.024193548387096774,0.016129032258064516,0.04838709677419355,0.04032258064516129,0.11290322580645161,0.04032258064516129,0,0.07258064516129033,0.04838709677419355
"lcl|LR898468.1_cds_CAD6498667.1_25 [protein_id=CAD6498667.1] [location=complement(join(406700..407449,407890..408141))] [gbkey=CDS]",0.06325301204819277,0.0572289156626506,0.03614457831325301,0.03614457831325301,0.02108433734939759,0.05120481927710843,0.06325301204819277,0.0391566265060241,0.0391566265060241,0.060240963855421686,0.09337349397590361,0.04216867469879518,0.018072289156626505,0.05120481927710843,0.045180722891566265,0.11144578313253012,0.0572289156626506,0.012048192771084338,0.04819277108433735,0.05421686746987952
"lcl|LR898468.1_cds_CAD6498668.1_26 [protein_id=CAD6498668.1] [location=complement(join(416289..416407,416641..416899))] [gbkey=CDS]",0.08870967741935484,0.06451612903225806,0.056451612903225805,0.03225806451612903,0.03225806451612903,0.04032258064516129,0.06451612903225806,0.04032258064516129,0.024193548387096774,0.056451612903225805,0.08870967741935484,0.024193548387096774,0.016129032258064516,0.04838709677419355,0.04032258064516129,0.12096774193548387,0.04032258064516129,0,0.07258064516129033,0.04838709677419355
"lcl|LR898468.1_cds_CAD6498669.1_27 [protein_id=CAD6498669.1] [location=complement(join(421280..422029,422470..422721))] [gbkey=CDS]",0.06325301204819277,0.0572289156626506,0.03614457831325301,0.03614457831325301,0.02108433734939759,0.05120481927710843,0.06325301204819277,0.0391566265060241,0.0391566265060241,0.060240963855421686,0.09337349397590361,0.04216867469879518,0.018072289156626505,0.05120481927710843,0.045180722891566265,0.11144578313253012,0.0572289156626506,0.012048192771084338,0.04819277108433735,0.05421686746987952
"lcl|LR898468.1_cds_CAD6498670.1_28 [protein_id=CAD6498670.1] [location=complement(join(430869..430987,431221..431479))] [gbkey=CDS]",0.08870967741935484,0.07258064516129033,0.04838709677419355,0.04032258064516129,0.03225806451612903,0.04032258064516129,0.056451612903225805,0.04032258064516129,0.024193548387096774,0.06451612903225806,0.08064516129032258,0.03225806451612903,0.016129032258064516,0.056451612903225805,0.03225806451612903,0.11290322580645161,0.04032258064516129,0,0.06451612903225806,0.056451612903225805
"lcl|LR898468.1_cds_CAD6498671.1_29 [protein_id=CAD6498671.1] [location=join(442397..442428,442483..442754,442810..445889)] [gbkey=CDS]",0.07815275310834814,0.06571936056838366,0.03818827708703375,0.050621669626998225,0.014209591474245116,0.03285968028419183,0.04884547069271759,0.0452930728241563,0.035523978685612786,0.07282415630550622,0.10923623445825932,0.039964476021314387,0.016873889875666074,0.047957371225577264,0.052397868561278864,0.07992895204262877,0.0586145648312611,0.019538188277087035,0.02486678507992895,0.06838365896980461
lcl|LR898468.1_cds_CAD6498672.1_30 [protein_id=CAD6498672.1] [location=complement(447299..448363)] [gbkey=CDS],0.0679886685552408,0.08781869688385269,0.025495750708215296,0.05099150141643059,0.042492917847025496,0.042492917847025496,0.05099150141643059,0.0453257790368272,0.028328611898016998,0.056657223796033995,0.10198300283286119,0.04815864022662889,0.014164305949008499,0.025495750708215296,0.06232294617563739,0.0906515580736544,0.06232294617563739,0.0339943342776204,0.014164305949008499,0.04815864022662889
lcl|LR898468.1_cds_CAD6498673.1_31 [protein_id=CAD6498673.1] [location=complement(453907..453951)] [gbkey=CDS],0,0.07692307692307693,0,0,0,0,0.07692307692307693,0.07692307692307693,0,0.07692307692307693,0,0,0.07692307692307693,0.23076923076923078,0.07692307692307693,0.15384615384615385,0.15384615384615385,0,0,0
"lcl|LR898468.1_cds_CAD6498674.1_32 [protein_id=CAD6498674.1] [location=join(457619..457788,457842..458117,458176..458689)] [gbkey=CDS]",0.16666666666666666,0.018867924528301886,0.03459119496855346,0.03459119496855346,0.012578616352201259,0.031446540880503145,0.03773584905660377,0.07547169811320754,0.009433962264150943,0.05660377358490566,0.09119496855345911,0.03459119496855346,0.012578616352201259,0.05660377358490566,0.0660377358490566,0.06289308176100629,0.10062893081761007,0.0031446540880503146,0.012578616352201259,0.08176100628930817
"lcl|LR898468.1_cds_CAD6498675.1_33 [protein_id=CAD6498675.1] [location=join(474961..475086,475139..475270,475330..476112)] [gbkey=CDS]",0.10144927536231885,0.05507246376811594,0.02608695652173913,0.04927536231884058,0.020289855072463767,0.034782608695652174,0.04927536231884058,0.06956521739130435,0.028985507246376812,0.08115942028985507,0.0927536231884058,0.057971014492753624,0.020289855072463767,0.03188405797101449,0.04057971014492753,0.06376811594202898,0.06086956521739131,0.02608695652173913,0.020289855072463767,0.06956521739130435
lcl|LR898468.1_cds_CAD6498676.1_34 [protein_id=CAD6498676.1] [location=487274..488443] [gbkey=CDS],0.07731958762886598,0.05412371134020619,0.061855670103092786,0.06443298969072164,0.015463917525773196,0.041237113402061855,0.041237113402061855,0.028350515463917526,0.041237113402061855,0.061855670103092786,0.09020618556701031,0.041237113402061855,0.010309278350515464,0.03865979381443299,0.06701030927835051,0.09020618556701031,0.07216494845360824,0.020618556701030927,0.03865979381443299,0.04381443298969072
"lcl|LR898468.1_cds_CAD6498678.1_36 [protein_id=CAD6498678.1] [location=complement(join(570748..570860,570914..571228,571293..571557))] [gbkey=CDS]",0.05240174672489083,0.039301310043668124,0.05240174672489083,0.07860262008733625,0.034934497816593885,0.043668122270742356,0.05240174672489083,0.05240174672489083,0.017467248908296942,0.06550218340611354,0.08733624454148471,0.06986899563318777,0.026200873362445413,0.048034934497816595,0.021834061135371178,0.07860262008733625,0.056768558951965066,0.004366812227074236,0.034934497816593885,0.08296943231441048
"lcl|LR898468.1_cds_CAD6498679.1_37 [protein_id=CAD6498679.1] [location=complement(join(602222..602833,602887..603069,603130..603279))] [gbkey=CDS]",0.134185303514377,0.054313099041533544,0.02875399361022364,0.051118210862619806,0.01597444089456869,0.025559105431309903,0.07667731629392971,0.08945686900958466,0.022364217252396165,0.054313099041533544,0.07348242811501597,0.054313099041533544,0.04472843450479233,0.019169329073482427,0.038338658146964855,0.054313099041533544,0.04153354632587859,0.003194888178913738,0.012779552715654952,0.10543130990415335
"lcl|LR898468.1_cds_CAD6498680.1_38 [protein_id=CAD6498680.1] [location=complement(join(607482..607907,607955..609309,609359..609442,609492..609621))] [gbkey=CDS]",0.06485671191553545,0.04675716440422323,0.048265460030165915,0.05128205128205128,0.016591251885369532,0.0392156862745098,0.07239819004524888,0.06787330316742081,0.021116138763197588,0.0693815987933635,0.08748114630467571,0.0693815987933635,0.0196078431372549,0.03770739064856712,0.043740573152337855,0.06184012066365008,0.07390648567119155,0.016591251885369532,0.03770739064856712,0.05429864253393665
"lcl|LR898468.1_cds_CAD6498681.1_39 [protein_id=CAD6498681.1] [location=join(610218..610262,610381..610562,610614..610955,610999..611125,611188..612949,613003..613187,613238..613518,613570..613654)] [gbkey=CDS]",0.07092907092907093,0.03896103896103896,0.04595404595404595,0.058941058941058944,0.02097902097902098,0.04795204795204795,0.055944055944055944,0.04295704295704296,0.022977022977022976,0.059940059940059943,0.13386613386613386,0.04895104895104895,0.016983016983016984,0.04795204795204795,0.04195804195804196,0.08891108891108891,0.04495504495504495,0.017982017982017984,0.028971028971028972,0.06393606393606394
"lcl|LR898468.1_cds_CAD6498682.1_40 [protein_id=CAD6498682.1] [location=complement(join(638782..639012,639096..639325,639441..639618))] [gbkey=CDS]",0.03317535545023697,0.03317535545023697,0.04265402843601896,0.02843601895734597,0.023696682464454975,0.03317535545023697,0.061611374407582936,0.09004739336492891,0.014218009478672985,0.061611374407582936,0.07582938388625593,0.0947867298578199,0.018957345971563982,0.052132701421800945,0.08056872037914692,0.07582938388625593,0.07109004739336493,0.014218009478672985,0.03317535545023697,0.061611374407582936
"lcl|LR898468.1_cds_CAD6498683.1_41 [protein_id=CAD6498683.1] [location=complement(join(645136..645598,645654..645798,645888..646179))] [gbkey=CDS]",0.07046979865771812,0.07046979865771812,0.02348993288590604,0.06375838926174497,0.003355704697986577,0.05704697986577181,0.08053691275167785,0.08053691275167785,0.04697986577181208,0.03355704697986577,0.087248322147651,0.016778523489932886,0.010067114093959731,0.03355704697986577,0.10067114093959731,0.08389261744966443,0.050335570469798654,0.02348993288590604,0.013422818791946308,0.050335570469798654
"lcl|LR898468.1_cds_CAD6498684.1_42 [protein_id=CAD6498684.1] [location=complement(join(664190..664750,664805..665092,665183..665335))] [gbkey=CDS]",0.10542168674698796,0.03614457831325301,0.0572289156626506,0.03313253012048193,0.009036144578313253,0.02710843373493976,0.03313253012048193,0.07228915662650602,0.018072289156626505,0.07530120481927711,0.08132530120481928,0.024096385542168676,0.024096385542168676,0.03313253012048193,0.060240963855421686,0.14759036144578314,0.0391566265060241,0.015060240963855422,0.045180722891566265,0.06325301204819277
"lcl|LR898468.1_cds_CAD6498685.1_43 [protein_id=CAD6498685.1] [location=complement(join(666475..666863,666909..667122))] [gbkey=CDS]",0.12562814070351758,0.06532663316582915,0.020100502512562814,0.04522613065326633,0,0.035175879396984924,0.10050251256281408,0.01507537688442211,0.02512562814070352,0.07035175879396985,0.1457286432160804,0.035175879396984924,0.020100502512562814,0.010050251256281407,0.02512562814070352,0.1306532663316583,0.05025125628140704,0.005025125628140704,0.02512562814070352,0.05025125628140704
"lcl|LR898468.1_cds_CAD6498686.1_44 [protein_id=CAD6498686.1] [location=join(667995..668061,668110..668464,668510..668738,668793..668836,668888..669003,669055..669656)] [gbkey=CDS]",0.08528784648187633,0.053304904051172705,0.03411513859275053,0.031982942430703626,0.01279317697228145,0.023454157782515993,0.021321961620469083,0.07249466950959488,0.014925373134328358,0.09594882729211088,0.10660980810234541,0.023454157782515993,0.02771855010660981,0.04904051172707889,0.03411513859275053,0.11940298507462686,0.06183368869936034,0.01279317697228145,0.03837953091684435,0.08102345415778252
"lcl|LR898468.1_cds_CAD6498687.1_45 [protein_id=CAD6498687.1] [location=complement(join(670196..670240,670289..670431,670508..670542,670613..670689))] [gbkey=CDS]",0.10204081632653061,0.1326530612244898,0.030612244897959183,0.061224489795918366,0,0.04081632653061224,0.01020408163265306,0.061224489795918366,0,0.030612244897959183,0.11224489795918367,0.05102040816326531,0.02040816326530612,0.030612244897959183,0.08163265306122448,0.07142857142857142,0.030612244897959183,0.02040816326530612,0.04081632653061224,0.07142857142857142
"lcl|LR898468.1_cds_CAD6498688.1_46 [protein_id=CAD6498688.1] [location=join(674059..674242,674298..674392,674436..674532,674594..674765,674833..674889,674942..675041)] [gbkey=CDS]",0.06866952789699571,0.03862660944206009,0.03862660944206009,0.05150214592274678,0.004291845493562232,0.03862660944206009,0.04721030042918455,0.0944206008583691,0.030042918454935622,0.06437768240343347,0.1072961373390558,0.04291845493562232,0.008583690987124463,0.055793991416309016,0.07296137339055794,0.0815450643776824,0.04721030042918455,0.008583690987124463,0.030042918454935622,0.06866952789699571
"lcl|LR898468.1_cds_CAD6498689.1_47 [protein_id=CAD6498689.1] [location=complement(join(675508..676573,676610..676800,676848..677561))] [gbkey=CDS]",0.07786259541984733,0.04732824427480916,0.04885496183206107,0.04732824427480916,0.0183206106870229,0.04732824427480916,0.06564885496183206,0.07633587786259542,0.02900763358778626,0.07480916030534351,0.08091603053435115,0.061068702290076333,0.024427480916030534,0.04732824427480916,0.04580152671755725,0.05801526717557252,0.044274809160305344,0.007633587786259542,0.0183206106870229,0.07938931297709924
"lcl|LR898468.1_cds_CAD6498690.1_48 [protein_id=CAD6498690.1] [location=join(678302..678497,678552..680245)] [gbkey=CDS]",0.07961783439490445,0.06050955414012739,0.03343949044585987,0.0875796178343949,0.006369426751592357,0.03821656050955414,0.10828025477707007,0.06528662420382166,0.020700636942675158,0.052547770700636945,0.0732484076433121,0.1178343949044586,0.02388535031847134,0.01910828025477707,0.025477707006369428,0.06847133757961783,0.04617834394904458,0.006369426751592357,0.025477707006369428,0.041401273885350316
"lcl|LR898468.1_cds_CAD6498691.1_49 [protein_id=CAD6498691.1] [location=join(687630..687844,687894..688169,688230..688737)] [gbkey=CDS]",0.1510574018126888,0.027190332326283987,0.027190332326283987,0.03927492447129909,0.012084592145015106,0.04833836858006042,0.030211480362537766,0.0755287009063444,0.00906344410876133,0.06646525679758308,0.09365558912386707,0.027190332326283987,0.021148036253776436,0.04833836858006042,0.07250755287009064,0.09365558912386707,0.06042296072507553,0,0.015105740181268883,0.08157099697885196
"lcl|LR898468.1_cds_CAD6498692.1_50 [protein_id=CAD6498692.1] [location=complement(join(709592..710250,710312..710399))] [gbkey=CDS]",0.06882591093117409,0.07692307692307693,0.02834008097165992,0.032388663967611336,0.008097165991902834,0.05668016194331984,0.08502024291497975,0.05263157894736842,0.024291497975708502,0.044534412955465584,0.07692307692307693,0.05263157894736842,0.012145748987854251,0.05263157894736842,0.044534412955465584,0.10931174089068826,0.05668016194331984,0.04048582995951417,0.016194331983805668,0.06072874493927125
"lcl|LR898468.1_cds_CAD6498693.1_51 [protein_id=CAD6498693.1] [location=complement(join(714223..714599,714655..714972,715034..715130))] [gbkey=CDS]",0.07633587786259542,0.05343511450381679,0.05725190839694656,0.08396946564885496,0.015267175572519083,0.03435114503816794,0.0916030534351145,0.04580152671755725,0.03435114503816794,0.04198473282442748,0.11450381679389313,0.04580152671755725,0.011450381679389313,0.05343511450381679,0.05725190839694656,0.07633587786259542,0.026717557251908396,0.007633587786259542,0.022900763358778626,0.04961832061068702
"lcl|LR898468.1_cds_CAD6498694.1_52 [protein_id=CAD6498694.1] [location=complement(join(746628..747176,747226..747328,747389..747486))] [gbkey=CDS]",0.036290322580645164,0.06048387096774194,0.024193548387096774,0.028225806451612902,0.008064516129032258,0.03225806451612903,0.04032258064516129,0.07661290322580645,0.020161290322580645,0.056451612903225805,0.125,0.012096774193548387,0.028225806451612902,0.08870967741935484,0.07661290322580645,0.07258064516129033,0.06451612903225806,0.04435483870967742,0.04032258064516129,0.06451612903225806
"lcl|LR898468.1_cds_CAD6498695.1_53 [protein_id=CAD6498695.1] [location=join(748158..748203,748272..748396,748445..748660)] [gbkey=CDS]",0.11811023622047244,0.13385826771653545,0.007874015748031496,0.03937007874015748,0.007874015748031496,0.07086614173228346,0.047244094488188976,0.06299212598425197,0.023622047244094488,0.05511811023622047,0.11023622047244094,0.047244094488188976,0.015748031496062992,0.023622047244094488,0.05511811023622047,0.047244094488188976,0.047244094488188976,0.023622047244094488,0.015748031496062992,0.047244094488188976
"lcl|LR898468.1_cds_CAD6498698.1_56 [protein_id=CAD6498698.1] [location=join(789212..789330,789378..789540,789721..790107)] [gbkey=CDS]",0.027149321266968326,0.08144796380090498,0.04524886877828054,0.04524886877828054,0.00904977375565611,0.06334841628959276,0.07239819004524888,0.04072398190045249,0.02262443438914027,0.04524886877828054,0.08597285067873303,0.14479638009049775,0.013574660633484163,0.013574660633484163,0.049773755656108594,0.08597285067873303,0.07239819004524888,0.004524886877828055,0.027149321266968326,0.049773755656108594
"lcl|LR898468.1_cds_CAD6498700.1_58 [protein_id=CAD6498700.1] [location=join(798457..798748,798800..798912,799007..799087,799167..799285,799333..799451,799505..799965)] [gbkey=CDS]",0.08142493638676845,0.05343511450381679,0.04834605597964377,0.03307888040712468,0.01272264631043257,0.03816793893129771,0.05343511450381679,0.04580152671755725,0.03307888040712468,0.05597964376590331,0.10941475826972011,0.061068702290076333,0.02544529262086514,0.030534351145038167,0.04580152671755725,0.09414758269720101,0.0916030534351145,0.010178117048346057,0.020356234096692113,0.05597964376590331
"lcl|LR898468.1_cds_CAD6498701.1_59 [protein_id=CAD6498701.1] [location=join(826796..826852,826965..828150,828245..829389)] [gbkey=CDS]",0.09697732997481108,0.04534005037783375,0.04408060453400504,0.05037783375314862,0.0163727959697733,0.028967254408060455,0.06423173803526448,0.09949622166246852,0.013853904282115869,0.07052896725440806,0.08942065491183879,0.047858942065491183,0.023929471032745592,0.0327455919395466,0.04659949622166247,0.05919395465994962,0.05289672544080604,0.006297229219143577,0.031486146095717885,0.07934508816120907
"lcl|LR898468.1_cds_CAD6498702.1_60 [protein_id=CAD6498702.1] [location=complement(join(844549..845340,845387..846364))] [gbkey=CDS]",0.08333333333333333,0.061224489795918366,0.05102040816326531,0.03571428571428571,0.01020408163265306,0.03571428571428571,0.0663265306122449,0.04931972789115646,0.01870748299319728,0.06462585034013606,0.0935374149659864,0.06462585034013606,0.011904761904761904,0.0391156462585034,0.05952380952380952,0.08673469387755102,0.07142857142857142,0.006802721088435374,0.015306122448979591,0.07482993197278912
"lcl|LR898468.1_cds_CAD6498703.1_61 [protein_id=CAD6498703.1] [location=join(846754..846883,846970..849563,849608..850959,851009..851048)] [gbkey=CDS]",0.07518248175182482,0.06496350364963503,0.052554744525547446,0.05547445255474453,0.012408759124087591,0.08394160583941605,0.06715328467153285,0.06423357664233577,0.024817518248175182,0.04671532846715328,0.07664233576642336,0.052554744525547446,0.01824817518248175,0.03576642335766423,0.05474452554744526,0.08613138686131387,0.05328467153284672,0.00583941605839416,0.017518248175182483,0.051824817518248176
"lcl|LR898468.1_cds_CAD6498704.1_62 [protein_id=CAD6498704.1] [location=join(851938..852143,852195..852470,852531..853038)] [gbkey=CDS]",0.14939024390243902,0.021341463414634148,0.036585365853658534,0.03048780487804878,0.012195121951219513,0.04878048780487805,0.036585365853658534,0.07621951219512195,0.012195121951219513,0.054878048780487805,0.07926829268292683,0.021341463414634148,0.027439024390243903,0.04878048780487805,0.06097560975609756,0.07926829268292683,0.10975609756097561,0.003048780487804878,0.018292682926829267,0.07317073170731707
"lcl|LR898468.1_cds_CAD6498705.1_63 [protein_id=CAD6498705.1] [location=complement(join(869107..871480,871526..871632,871678..876291))] [gbkey=CDS]",0.06517139229792636,0.09648751586965722,0.0452814219212865,0.06474820143884892,0.008040626322471435,0.031739314430808296,0.06898011002962336,0.05670757511637749,0.01396529834955565,0.05501481168006771,0.09606432501057977,0.04739737621667372,0.019043588658484975,0.033008887008040624,0.07236563690224292,0.08844688954718578,0.06390181972069403,0.011002962336013541,0.018620397799407534,0.044011849344054166
"lcl|LR898468.1_cds_CAD6498706.1_64 [protein_id=CAD6498706.1] [location=join(876826..876900,876956..877404,877449..877758)] [gbkey=CDS]",0.06884057971014493,0.028985507246376812,0.04710144927536232,0.057971014492753624,0.007246376811594203,0.036231884057971016,0.03260869565217391,0.04710144927536232,0.014492753623188406,0.07608695652173914,0.09782608695652174,0.08333333333333333,0.014492753623188406,0.050724637681159424,0.05434782608695652,0.10144927536231885,0.08333333333333333,0.014492753623188406,0.021739130434782608,0.06159420289855073
"lcl|LR898468.1_cds_CAD6498707.1_65 [protein_id=CAD6498707.1] [location=complement(join(888712..888802,888991..889401,889454..889882,889928..890037,890085..890186,890234..890365,890416..891423,891473..891523))] [gbkey=CDS]",0.06701030927835051,0.041237113402061855,0.05412371134020619,0.06314432989690721,0.00902061855670103,0.05154639175257732,0.07216494845360824,0.03608247422680412,0.01675257731958763,0.06829896907216494,0.13659793814432988,0.05798969072164949,0.015463917525773196,0.041237113402061855,0.03221649484536082,0.08247422680412371,0.05798969072164949,0.006443298969072165,0.03865979381443299,0.05154639175257732
"lcl|LR898468.1_cds_CAD6498708.1_66 [protein_id=CAD6498708.1] [location=join(893702..893992,894051..894215,894263..894520,894569..895171,895217..895369,895419..895436,895485..895513,895569..895612,895665..895744,895796..895907,895952..896127)] [gbkey=CDS]",0.057722308892355696,0.0717628705148206,0.060842433697347896,0.059282371294851796,0.014040561622464899,0.0452418096723869,0.0514820592823713,0.0452418096723869,0.026521060842433698,0.0686427457098284,0.0717628705148206,0.0514820592823713,0.015600624024960999,0.0421216848673947,0.0655226209048362,0.10140405616224649,0.060842433697347896,0.0062402496099844,0.0405616224648986,0.0436817472698908
lcl|LR898468.1_cds_CAD6498709.1_67 [protein_id=CAD6498709.1] [location=925131..925370] [gbkey=CDS],0.1282051282051282,0.08974358974358974,0.05128205128205128,0.10256410256410256,0.02564102564102564,0.038461538461538464,0.05128205128205128,0.038461538461538464,0.01282051282051282,0.05128205128205128,0.05128205128205128,0.038461538461538464,0,0.02564102564102564,0.07692307692307693,0.10256410256410256,0.02564102564102564,0.02564102564102564,0.01282051282051282,0.05128205128205128
lcl|LR898468.1_cds_CAD6498710.1_68 [protein_id=CAD6498710.1] [location=925867..926136] [gbkey=CDS],0.045454545454545456,0.011363636363636364,0.056818181818181816,0.011363636363636364,0,0.06818181818181818,0.011363636363636364,0.022727272727272728,0.056818181818181816,0.06818181818181818,0.18181818181818182,0.03409090909090909,0.022727272727272728,0.045454545454545456,0.056818181818181816,0.125,0.09090909090909091,0.011363636363636364,0.022727272727272728,0.056818181818181816
lcl|LR898468.1_cds_CAD6498711.1_69 [protein_id=CAD6498711.1] [location=926550..926777] [gbkey=CDS],0.05405405405405406,0.02702702702702703,0.0945945945945946,0.06756756756756757,0.04054054054054054,0.04054054054054054,0.013513513513513514,0.02702702702702703,0.04054054054054054,0.04054054054054054,0.16216216216216217,0.06756756756756757,0.013513513513513514,0.05405405405405406,0.013513513513513514,0.12162162162162163,0.04054054054054054,0.02702702702702703,0.04054054054054054,0.013513513513513514
lcl|LR898468.1_cds_CAD6498712.1_70 [protein_id=CAD6498712.1] [location=complement(989651..991285)] [gbkey=CDS],0.07734806629834254,0.040515653775322284,0.03130755064456722,0.02578268876611418,0.01289134438305709,0.014732965009208104,0.034990791896869246,0.0847145488029466,0.016574585635359115,0.11233885819521179,0.13443830570902393,0.01841620626151013,0.01841620626151013,0.058931860036832415,0.03683241252302026,0.10497237569060773,0.0718232044198895,0.016574585635359115,0.022099447513812154,0.06629834254143646
lcl|LR898468.1_cds_CAD6498713.1_71 [protein_id=CAD6498713.1] [location=1018954..1019310] [gbkey=CDS],0.07692307692307693,0.05982905982905983,0.05128205128205128,0.05128205128205128,0.017094017094017096,0.05128205128205128,0.042735042735042736,0.042735042735042736,0.05128205128205128,0.05982905982905983,0.10256410256410256,0.05128205128205128,0.02564102564102564,0.02564102564102564,0.05128205128205128,0.05982905982905983,0.05982905982905983,0.02564102564102564,0.02564102564102564,0.06837606837606838
"lcl|LR898468.1_cds_CAD6498714.1_72 [protein_id=CAD6498714.1] [location=join(1024749..1025058,1025191..1025528)] [gbkey=CDS]",0.056074766355140186,0.08411214953271028,0.07009345794392523,0.08411214953271028,0.004672897196261682,0.06074766355140187,0.0794392523364486,0.06074766355140187,0.037383177570093455,0.06074766355140187,0.08411214953271028,0.03271028037383177,0.018691588785046728,0.04672897196261682,0.04205607476635514,0.06542056074766354,0.04205607476635514,0,0.03271028037383177,0.037383177570093455
"lcl|LR898468.1_cds_CAD6498715.1_73 [protein_id=CAD6498715.1] [location=complement(join(1038994..1039354,1039511..1039731,1039797..1039955))] [gbkey=CDS]",0.08163265306122448,0.044897959183673466,0.036734693877551024,0.0326530612244898,0.02040816326530612,0.0326530612244898,0.04897959183673469,0.07755102040816327,0.024489795918367346,0.04897959183673469,0.07755102040816327,0.024489795918367346,0.02040816326530612,0.0653061224489796,0.053061224489795916,0.0653061224489796,0.05714285714285714,0.02040816326530612,0.0653061224489796,0.10204081632653061
"lcl|LR898468.1_cds_CAD6498716.1_74 [protein_id=CAD6498716.1] [location=complement(join(1092144..1092293,1092359..1092976,1093020..1093076,1093123..1093136,1093219..1093309))] [gbkey=CDS]",0.08116883116883117,0.03571428571428571,0.03571428571428571,0.06493506493506493,0.012987012987012988,0.08116883116883117,0.06493506493506493,0.10064935064935066,0.032467532467532464,0.05519480519480519,0.06168831168831169,0.03896103896103896,0.022727272727272728,0.022727272727272728,0.05194805194805195,0.08766233766233766,0.05194805194805195,0.00974025974025974,0.045454545454545456,0.04220779220779221
lcl|LR898468.1_cds_CAD6498717.1_75 [protein_id=CAD6498717.1] [location=1097556..1102328] [gbkey=CDS],0.05852737570799245,0.0711139081183134,0.06922592825676527,0.059786028949024544,0.01825047199496539,0.037130270610446825,0.0591567023285085,0.059786028949024544,0.024543738200125866,0.0591567023285085,0.07300188797986155,0.07740717432347388,0.018879798615481436,0.03524229074889868,0.04090623033354311,0.0881057268722467,0.048458149779735685,0.01825047199496539,0.03146633102580239,0.051604782882315924
"lcl|LR898468.1_cds_CAD6498719.1_77 [protein_id=CAD6498719.1] [location=join(1201586..1201599,1201708..1201792,1201841..1201866,1201910..1202417,1202469..1202612)] [gbkey=CDS]",0.07003891050583658,0.07392996108949416,0.03501945525291829,0.06614785992217899,0.007782101167315175,0.054474708171206226,0.04669260700389105,0.05058365758754864,0.019455252918287938,0.058365758754863814,0.10505836575875487,0.1245136186770428,0.007782101167315175,0.042801556420233464,0.023346303501945526,0.054474708171206226,0.07392996108949416,0.007782101167315175,0.01556420233463035,0.0622568093385214
"lcl|LR898468.1_cds_CAD6498720.1_78 [protein_id=CAD6498720.1] [location=join(1202903..1202963,1202998..1203104,1203175..1203699)] [gbkey=CDS]",0.08296943231441048,0.07423580786026202,0.043668122270742356,0.056768558951965066,0.017467248908296942,0.021834061135371178,0.07423580786026202,0.09170305676855896,0.021834061135371178,0.034934497816593885,0.06986899563318777,0.043668122270742356,0.004366812227074236,0.048034934497816595,0.021834061135371178,0.08733624454148471,0.056768558951965066,0.021834061135371178,0.034934497816593885,0.09170305676855896
"lcl|LR898468.1_cds_CAD6498721.1_79 [protein_id=CAD6498721.1] [location=join(1224346..1224674,1224725..1224759,1224805..1225835)] [gbkey=CDS]",0.04967602591792657,0.056155507559395246,0.04319654427645788,0.047516198704103674,0.028077753779697623,0.03455723542116631,0.04967602591792657,0.05183585313174946,0.0367170626349892,0.07991360691144708,0.10583153347732181,0.058315334773218146,0.01079913606911447,0.04535637149028078,0.04967602591792657,0.09719222462203024,0.06479481641468683,0.017278617710583154,0.017278617710583154,0.056155507559395246
"lcl|LR898468.1_cds_CAD6498723.1_81 [protein_id=CAD6498723.1] [location=complement(join(1237649..1237700,1237751..1237767,1237818..1237972,1238040..1238398,1238459..1238601))] [gbkey=CDS]",0.05416666666666667,0.06666666666666667,0.025,0.05,0.016666666666666666,0.041666666666666664,0.05416666666666667,0.07083333333333333,0.025,0.09166666666666666,0.10833333333333334,0.04583333333333333,0.025,0.05,0.0625,0.0625,0.058333333333333334,0.004166666666666667,0.020833333333333332,0.06666666666666667
"lcl|LR898468.1_cds_CAD6498724.1_82 [protein_id=CAD6498724.1] [location=join(1239383..1242208,1242272..1242562)] [gbkey=CDS]",0.05014464802314368,0.052073288331726135,0.05110896817743491,0.0626808100289296,0.020250723240115717,0.04918032786885246,0.07618129218900675,0.023143683702989394,0.022179363548698167,0.07135969141755062,0.11089681774349083,0.07714561234329798,0.019286403085824494,0.03278688524590164,0.03664416586306654,0.12439729990356799,0.06557377049180328,0.003857280617164899,0.015429122468659595,0.03567984570877531
"lcl|LR898468.1_cds_CAD6498725.1_83 [protein_id=CAD6498725.1] [location=complement(join(1248442,1248596..1248869,1248914..1248984,1249035..1249074,1249120..1249228,1249274..1249607,1249657..1249901))] [gbkey=CDS]",0.06460674157303371,0.03651685393258427,0.056179775280898875,0.07303370786516854,0.03651685393258427,0.033707865168539325,0.025280898876404494,0.08426966292134831,0.028089887640449437,0.056179775280898875,0.06179775280898876,0.056179775280898875,0.014044943820224719,0.03651685393258427,0.05337078651685393,0.09269662921348315,0.06741573033707865,0.011235955056179775,0.05898876404494382,0.05337078651685393
"lcl|LR898468.1_cds_CAD6498726.1_84 [protein_id=CAD6498726.1] [location=complement(join(1275558..1275702,1275859..1276048,1276140..1276296))] [gbkey=CDS]",0.05555555555555555,0.024691358024691357,0.030864197530864196,0.06790123456790123,0.012345679012345678,0.037037037037037035,0.07407407407407407,0.05555555555555555,0.024691358024691357,0.09876543209876543,0.10493827160493827,0.08024691358024691,0.024691358024691357,0.04938271604938271,0.030864197530864196,0.07407407407407407,0.05555555555555555,0,0.030864197530864196,0.06790123456790123
"lcl|LR898468.1_cds_CAD6498727.1_85 [protein_id=CAD6498727.1] [location=complement(join(1278337..1278491,1278538..1278909,1278961..1279302,1279378..1279696))] [gbkey=CDS]",0.04314720812182741,0.025380710659898477,0.050761421319796954,0.06345177664974619,0.017766497461928935,0.025380710659898477,0.03807106598984772,0.06091370558375635,0.050761421319796954,0.06598984771573604,0.09137055837563451,0.05583756345177665,0.007614213197969543,0.07106598984771574,0.05583756345177665,0.1065989847715736,0.0532994923857868,0.012690355329949238,0.0532994923857868,0.050761421319796954
"lcl|LR898468.1_cds_CAD6498728.1_86 [protein_id=CAD6498728.1] [location=join(1286028..1286340,1286416..1286760,1286809..1287180,1287228..1287379)] [gbkey=CDS]",0.03571428571428571,0.04846938775510204,0.06377551020408163,0.04591836734693878,0.02040816326530612,0.03316326530612245,0.058673469387755105,0.0663265306122449,0.04336734693877551,0.08163265306122448,0.09183673469387756,0.058673469387755105,0.012755102040816327,0.07397959183673469,0.05612244897959184,0.058673469387755105,0.04591836734693878,0.012755102040816327,0.04846938775510204,0.04336734693877551
"lcl|LR898468.1_cds_CAD6498729.1_87 [protein_id=CAD6498729.1] [location=complement(join(1290886..1294762,1294831..1297373))] [gbkey=CDS]",0.06501403180542563,0.06548175865294668,0.04583723105706267,0.0617399438727783,0.014499532273152479,0.0411599625818522,0.06407857811038353,0.06828811973807297,0.02853133769878391,0.05472404115996258,0.07811038353601497,0.06314312441534144,0.020112254443405052,0.04817586529466791,0.05753040224508887,0.07951356407857811,0.04349859681945744,0.01637043966323667,0.025257249766136577,0.05893358278765201
"lcl|LR898468.1_cds_CAD6498730.1_88 [protein_id=CAD6498730.1] [location=join(1322553..1322865,1322940..1323284,1323337..1323708,1323755..1323861)] [gbkey=CDS]",0.058355437665782495,0.03713527851458886,0.058355437665782495,0.050397877984084884,0.015915119363395226,0.034482758620689655,0.042440318302387266,0.04774535809018567,0.03713527851458886,0.08222811671087533,0.08222811671087533,0.05570291777188329,0.010610079575596816,0.06896551724137931,0.0610079575596817,0.09814323607427056,0.03183023872679045,0.01856763925729443,0.050397877984084884,0.058355437665782495
"lcl|LR898468.1_cds_CAD6498731.1_89 [protein_id=CAD6498731.1] [location=complement(join(1359134..1359240,1359287..1359658,1359713..1360057,1360132..1360441))] [gbkey=CDS]",0.04521276595744681,0.03723404255319149,0.05319148936170213,0.05851063829787234,0.015957446808510637,0.0425531914893617,0.034574468085106384,0.05319148936170213,0.034574468085106384,0.08244680851063829,0.0797872340425532,0.061170212765957445,0.023936170212765957,0.07180851063829788,0.06382978723404255,0.08244680851063829,0.031914893617021274,0.018617021276595744,0.047872340425531915,0.061170212765957445
lcl|LR898468.1_cds_CAD6498732.1_90 [protein_id=CAD6498732.1] [location=complement(1367727..1368959)] [gbkey=CDS],0.04156479217603912,0.09290953545232274,0.0488997555012225,0.06601466992665037,0.007334963325183374,0.03178484107579462,0.07090464547677261,0.05623471882640587,0.029339853300733496,0.0488997555012225,0.10024449877750612,0.08312958435207823,0.007334963325183374,0.04156479217603912,0.06356968215158924,0.05623471882640587,0.07823960880195599,0.009779951100244499,0.022004889975550123,0.044009779951100246
"lcl|LR898468.1_cds_CAD6498733.1_91 [protein_id=CAD6498733.1] [location=join(1394476..1395111,1395154..1396251,1396328..1396723)] [gbkey=CDS]",0.0692090395480226,0.0635593220338983,0.03531073446327684,0.059322033898305086,0.014124293785310734,0.026836158192090395,0.08333333333333333,0.06779661016949153,0.0211864406779661,0.05649717514124294,0.09745762711864407,0.07768361581920905,0.01977401129943503,0.043785310734463276,0.04519774011299435,0.05367231638418079,0.06497175141242938,0.011299435028248588,0.026836158192090395,0.062146892655367235
"lcl|LR898468.1_cds_CAD6498734.1_92 [protein_id=CAD6498734.1] [location=join(1408315..1408331,1408575..1410636,1410686..1410785,1410833..1411242)] [gbkey=CDS]",0.09291521486643438,0.056910569105691054,0.06620209059233449,0.03832752613240418,0.008130081300813009,0.06620209059233449,0.06387921022067364,0.053426248548199766,0.016260162601626018,0.04994192799070848,0.07317073170731707,0.0627177700348432,0.026713124274099883,0.025551684088269456,0.06620209059233449,0.09988385598141696,0.05226480836236934,0.006968641114982578,0.019744483159117306,0.0545876887340302
"lcl|LR898468.1_cds_CAD6498735.1_93 [protein_id=CAD6498735.1] [location=join(1425139..1425279,1425328..1427061)] [gbkey=CDS]",0.07223113964686999,0.048154093097913325,0.04173354735152488,0.04654895666131621,0.014446227929373997,0.028892455858747994,0.07223113964686999,0.06260032102728733,0.02247191011235955,0.08507223113964688,0.09470304975922954,0.0593900481540931,0.006420545746388443,0.03210272873194221,0.05778491171749599,0.07704654895666131,0.07223113964686999,0.008025682182985553,0.01765650080256822,0.08025682182985554
"lcl|LR898468.1_cds_CAD6498736.1_94 [protein_id=CAD6498736.1] [location=complement(join(1431969..1434803,1434911..1434961))] [gbkey=CDS]",0.036458333333333336,0.090625,0.04791666666666667,0.05,0.03854166666666667,0.04791666666666667,0.06041666666666667,0.057291666666666664,0.029166666666666667,0.0375,0.07083333333333333,0.04479166666666667,0.0125,0.023958333333333335,0.065625,0.125,0.06979166666666667,0.01875,0.03125,0.041666666666666664
"lcl|LR898468.1_cds_CAD6498737.1_95 [protein_id=CAD6498737.1] [location=join(1454941..1454966,1455214..1455466)] [gbkey=CDS]",0.07692307692307693,0.10989010989010989,0.04395604395604396,0.01098901098901099,0.04395604395604396,0.03296703296703297,0.03296703296703297,0.08791208791208792,0.02197802197802198,0.10989010989010989,0.054945054945054944,0.03296703296703297,0,0.01098901098901099,0.054945054945054944,0.13186813186813187,0.054945054945054944,0.02197802197802198,0.01098901098901099,0.054945054945054944
"lcl|LR898468.1_cds_CAD6498738.1_96 [protein_id=CAD6498738.1] [location=join(1505186..1505227,1505285..1506315,1506361..1508317,1508365..1510506)] [gbkey=CDS]",0.06562137049941928,0.05110336817653891,0.041811846689895474,0.04994192799070848,0.018583042973286876,0.028455284552845527,0.04413472706155633,0.06910569105691057,0.018002322880371662,0.08420441347270616,0.10801393728222997,0.04065040650406504,0.01916376306620209,0.03948896631823461,0.05226480836236934,0.09407665505226481,0.06039488966318235,0.0156794425087108,0.03426248548199768,0.06504065040650407
"lcl|LR898468.1_cds_CAD6498739.1_97 [protein_id=CAD6498739.1] [location=complement(join(1511549..1515194,1515239..1515521,1515573..1515963,1516035..1516298))] [gbkey=CDS]",0.09043250327653997,0.06618610747051114,0.06094364351245085,0.04849279161205767,0.0045871559633027525,0.061598951507208385,0.07667103538663171,0.057667103538663174,0.012450851900393184,0.04259501965923984,0.08977719528178243,0.05045871559633028,0.01703800786369594,0.01507208387942333,0.051769331585845346,0.11009174311926606,0.06422018348623854,0.009174311926605505,0.024246395806028834,0.04652686762778506
"lcl|LR898468.1_cds_CAD6498740.1_98 [protein_id=CAD6498740.1] [location=join(1529818..1530348,1530420..1532161,1532230..1534401,1534447..1534663)] [gbkey=CDS]",0.06765463917525773,0.061855670103092786,0.05219072164948454,0.05670103092783505,0.017396907216494846,0.05154639175257732,0.0663659793814433,0.04574742268041237,0.030927835051546393,0.057345360824742266,0.08698453608247422,0.04961340206185567,0.01997422680412371,0.04252577319587629,0.05798969072164949,0.07603092783505154,0.055412371134020616,0.02190721649484536,0.028994845360824743,0.05283505154639175
"lcl|LR898468.1_cds_CAD6498741.1_99 [protein_id=CAD6498741.1] [location=complement(join(1540214..1540706,1540763..1541376))] [gbkey=CDS]",0.05449591280653951,0.0681198910081744,0.04904632152588556,0.01907356948228883,0.01907356948228883,0.051771117166212535,0.03814713896457766,0.04632152588555858,0.013623978201634877,0.10354223433242507,0.11171662125340599,0.03814713896457766,0.0326975476839237,0.05994550408719346,0.06267029972752043,0.09264305177111716,0.05449591280653951,0.013623978201634877,0.0326975476839237,0.03814713896457766
"lcl|LR898468.1_cds_CAD6498742.1_100 [protein_id=CAD6498742.1] [location=complement(join(1558297..1558347,1558666..1558824))] [gbkey=CDS]",0.04411764705882353,0.014705882352941176,0.04411764705882353,0,0.10294117647058823,0.04411764705882353,0.014705882352941176,0.04411764705882353,0.058823529411764705,0.10294117647058823,0.04411764705882353,0.08823529411764706,0.014705882352941176,0.04411764705882353,0.07352941176470588,0.07352941176470588,0.058823529411764705,0.029411764705882353,0.08823529411764706,0.014705882352941176
"lcl|LR898468.1_cds_CAD6498743.1_101 [protein_id=CAD6498743.1] [location=complement(join(1563192..1565755,1565805..1565844))] [gbkey=CDS]",0.06697459584295612,0.06351039260969978,0.04503464203233257,0.03926096997690531,0.012702078521939953,0.02424942263279446,0.04041570438799076,0.05542725173210162,0.018475750577367205,0.07390300230946882,0.12009237875288684,0.021939953810623556,0.018475750577367205,0.05658198614318707,0.07505773672055427,0.10739030023094688,0.053117782909930716,0.017321016166281754,0.042725173210161664,0.04734411085450346
lcl|LR898468.1_cds_CAD6498744.1_102 [protein_id=CAD6498744.1] [location=complement(1568169..1569314)] [gbkey=CDS],0.05,0.07894736842105263,0.021052631578947368,0.060526315789473685,0.010526315789473684,0.05789473684210526,0.042105263157894736,0.05526315789473684,0.039473684210526314,0.060526315789473685,0.04473684210526316,0.05,0.018421052631578946,0.021052631578947368,0.06578947368421052,0.15,0.09473684210526316,0.015789473684210527,0.02368421052631579,0.039473684210526314
lcl|LR898468.1_cds_CAD6498745.1_103 [protein_id=CAD6498745.1] [location=complement(1576020..1576061)] [gbkey=CDS],0,0.08333333333333333,0.08333333333333333,0,0.08333333333333333,0,0,0,0,0,0.08333333333333333,0.08333333333333333,0,0,0.08333333333333333,0.25,0,0,0.08333333333333333,0.16666666666666666
lcl|LR898468.1_cds_CAD6498746.1_104 [protein_id=CAD6498746.1] [location=1582434..1582883] [gbkey=CDS],0.14189189189189189,0.04054054054054054,0.06756756756756757,0.02027027027027027,0,0.02027027027027027,0.006756756756756757,0.0945945945945946,0,0.08108108108108109,0.05405405405405406,0.02702702702702703,0.013513513513513514,0.033783783783783786,0.10810810810810811,0.08108108108108109,0.14189189189189189,0.013513513513513514,0.006756756756756757,0.0472972972972973
"lcl|LR898468.1_cds_CAD6498747.1_105 [protein_id=CAD6498747.1] [location=complement(join(1584129..1585593,1585648..1585774,1585826..1585961))] [gbkey=CDS]",0.10975609756097561,0.047038327526132406,0.041811846689895474,0.06794425087108014,0.005226480836236934,0.03832752613240418,0.078397212543554,0.07317073170731707,0.01916376306620209,0.09581881533101046,0.07491289198606271,0.06097560975609756,0.010452961672473868,0.02264808362369338,0.029616724738675958,0.08710801393728224,0.05400696864111498,0.003484320557491289,0.0156794425087108,0.06445993031358885
"lcl|LR898468.1_cds_CAD6498748.1_106 [protein_id=CAD6498748.1] [location=join(1586152..1586346,1586395..1586934)] [gbkey=CDS]",0.09465020576131687,0.04526748971193416,0.02880658436213992,0.0411522633744856,0.00823045267489712,0.0411522633744856,0.04526748971193416,0.07818930041152264,0.012345679012345678,0.06995884773662552,0.10699588477366255,0.07407407407407407,0.01646090534979424,0.0205761316872428,0.06995884773662552,0.0823045267489712,0.05761316872427984,0.00823045267489712,0.024691358024691357,0.07407407407407407
lcl|LR898468.1_cds_CAD6498749.1_107 [protein_id=CAD6498749.1] [location=complement(1594701..1594844)] [gbkey=CDS],0.043478260869565216,0.08695652173913043,0.06521739130434782,0.06521739130434782,0.06521739130434782,0.043478260869565216,0.021739130434782608,0.06521739130434782,0,0.043478260869565216,0.06521739130434782,0.021739130434782608,0,0.043478260869565216,0.043478260869565216,0.13043478260869565,0.043478260869565216,0,0.021739130434782608,0.13043478260869565
"lcl|LR898468.1_cds_CAD6498750.1_108 [protein_id=CAD6498750.1] [location=join(1602095..1602238,1602310..1602675)] [gbkey=CDS]",0.19047619047619047,0.1130952380952381,0.017857142857142856,0.017857142857142856,0.005952380952380952,0.07142857142857142,0.06547619047619048,0.023809523809523808,0.017857142857142856,0.011904761904761904,0.14285714285714285,0.023809523809523808,0.005952380952380952,0.017857142857142856,0.03571428571428571,0.11904761904761904,0.06547619047619048,0,0,0.05357142857142857
lcl|LR898468.1_cds_CAD6498751.1_109 [protein_id=CAD6498751.1] [location=1603852..1604049] [gbkey=CDS],0,0.125,0.015625,0.015625,0.046875,0.03125,0.015625,0.015625,0.015625,0.078125,0.140625,0.03125,0.046875,0.015625,0.03125,0.15625,0.09375,0.015625,0.0625,0.046875
"lcl|LR898468.1_cds_CAD6498752.1_110 [protein_id=CAD6498752.1] [location=complement(join(1633741..1635205,1635260..1635386,1635438..1635573))] [gbkey=CDS]",0.10975609756097561,0.04529616724738676,0.041811846689895474,0.06794425087108014,0.005226480836236934,0.03832752613240418,0.078397212543554,0.07317073170731707,0.01916376306620209,0.09581881533101046,0.078397212543554,0.06097560975609756,0.010452961672473868,0.02264808362369338,0.029616724738675958,0.08710801393728224,0.05400696864111498,0.003484320557491289,0.0156794425087108,0.0627177700348432
"lcl|LR898468.1_cds_CAD6498753.1_111 [protein_id=CAD6498753.1] [location=join(1635764..1635958,1636007..1636546)] [gbkey=CDS]",0.09465020576131687,0.04526748971193416,0.02880658436213992,0.0411522633744856,0.00823045267489712,0.0411522633744856,0.04526748971193416,0.07818930041152264,0.012345679012345678,0.06995884773662552,0.10699588477366255,0.07407407407407407,0.01646090534979424,0.0205761316872428,0.06995884773662552,0.0823045267489712,0.05761316872427984,0.00823045267489712,0.024691358024691357,0.07407407407407407
"lcl|LR898468.1_cds_CAD6498754.1_112 [protein_id=CAD6498754.1] [location=join(1708170..1708190,1708271..1708353,1708478..1708560,1708654..1709019,1709110..1709150)] [gbkey=CDS]",0.08673469387755102,0.04081632653061224,0.025510204081632654,0.05612244897959184,0.02040816326530612,0.061224489795918366,0.07142857142857142,0.04081632653061224,0.03571428571428571,0.0663265306122449,0.08673469387755102,0.08673469387755102,0.02040816326530612,0.03571428571428571,0.03571428571428571,0.07653061224489796,0.04591836734693878,0.00510204081632653,0.04591836734693878,0.05612244897959184
"lcl|LR898468.1_cds_CAD6498755.1_113 [protein_id=CAD6498755.1] [location=complement(join(1709966..1710689,1710742..1710882,1710968..1711041))] [gbkey=CDS]",0.0707395498392283,0.09646302250803858,0.03858520900321544,0.03858520900321544,0.022508038585209004,0.03536977491961415,0.08681672025723473,0.09967845659163987,0.012861736334405145,0.05144694533762058,0.05144694533762058,0.02572347266881029,0.00964630225080386,0.04501607717041801,0.04180064308681672,0.10289389067524116,0.05144694533762058,0.01929260450160772,0.01929260450160772,0.08038585209003216
"lcl|LR898468.1_cds_CAD6498756.1_114 [protein_id=CAD6498756.1] [location=complement(join(1714770..1715846,1715898..1716179,1716227..1716264,1716328..1716361,1716414..1716479))] [gbkey=CDS]",0.06639839034205232,0.056338028169014086,0.030181086519114688,0.06438631790744467,0.01609657947686117,0.04024144869215292,0.06438631790744467,0.07645875251509054,0.03420523138832998,0.06841046277665996,0.09054325955734406,0.06237424547283702,0.03621730382293763,0.02414486921529175,0.03822937625754527,0.07243460764587525,0.04426559356136821,0.01609657947686117,0.030181086519114688,0.06841046277665996
"lcl|LR898468.1_cds_CAD6498757.1_115 [protein_id=CAD6498757.1] [location=complement(join(1720150..1721028,1721078..1721191,1721239..1721342,1721394..1721439,1721488..1721517))] [gbkey=CDS]",0.043701799485861184,0.043701799485861184,0.05398457583547558,0.07712082262210797,0.012853470437017995,0.038560411311053984,0.07712082262210797,0.033419023136246784,0.02570694087403599,0.07712082262210797,0.13624678663239073,0.056555269922879174,0.017994858611825194,0.02056555269922879,0.043701799485861184,0.10025706940874037,0.038560411311053984,0.002570694087403599,0.02570694087403599,0.07455012853470437
lcl|LR898468.1_cds_CAD6498758.1_116 [protein_id=CAD6498758.1] [location=1728413..1728556] [gbkey=CDS],0.08695652173913043,0.043478260869565216,0.021739130434782608,0,0.021739130434782608,0.021739130434782608,0.021739130434782608,0,0.043478260869565216,0.15217391304347827,0.13043478260869565,0.021739130434782608,0.021739130434782608,0.043478260869565216,0.043478260869565216,0.17391304347826086,0.08695652173913043,0,0.021739130434782608,0.043478260869565216
"lcl|LR898468.1_cds_CAD6498759.1_117 [protein_id=CAD6498759.1] [location=join(1798984..1799101,1799150..1800102)] [gbkey=CDS]",0.08169014084507042,0.08169014084507042,0.04788732394366197,0.07887323943661972,0.02535211267605634,0.03943661971830986,0.10422535211267606,0.04225352112676056,0.01971830985915493,0.07605633802816901,0.0676056338028169,0.061971830985915494,0.016901408450704224,0.028169014084507043,0.022535211267605635,0.07887323943661972,0.05070422535211268,0.014084507042253521,0.02535211267605634,0.036619718309859155
"lcl|LR898468.1_cds_CAD6498760.1_118 [protein_id=CAD6498760.1] [location=complement(join(1804859..1804909,1804981..1806043,1806148..1806266,1806320..1806372,1806429..1806507))] [gbkey=CDS]",0.07505518763796909,0.0772626931567329,0.046357615894039736,0.052980132450331126,0.008830022075055188,0.05077262693156733,0.0706401766004415,0.04856512141280353,0.017660044150110375,0.039735099337748346,0.09050772626931568,0.05077262693156733,0.011037527593818985,0.024282560706401765,0.05518763796909492,0.10816777041942605,0.08609271523178808,0.004415011037527594,0.019867549668874173,0.06181015452538632
"lcl|LR898468.1_cds_CAD6498761.1_119 [protein_id=CAD6498761.1] [location=join(1806667..1806910,1806967..1807485,1807537..1807642,1807692..1807794)] [gbkey=CDS]",0.07453416149068323,0.08695652173913043,0.034161490683229816,0.055900621118012424,0.012422360248447204,0.037267080745341616,0.052795031055900624,0.055900621118012424,0.021739130434782608,0.06521739130434782,0.09937888198757763,0.062111801242236024,0.021739130434782608,0.037267080745341616,0.07142857142857142,0.046583850931677016,0.059006211180124224,0.027950310559006212,0.021739130434782608,0.055900621118012424
"lcl|LR898468.1_cds_CAD6498762.1_120 [protein_id=CAD6498762.1] [location=join(1809583..1809886,1809936..1810113,1810163..1810314,1810364..1810545)] [gbkey=CDS]",0.08518518518518518,0.07037037037037037,0.04814814814814815,0.06666666666666667,0.003703703703703704,0.02962962962962963,0.08518518518518518,0.03333333333333333,0.025925925925925925,0.07777777777777778,0.1,0.11851851851851852,0.011111111111111112,0.037037037037037035,0.02962962962962963,0.07037037037037037,0.044444444444444446,0.007407407407407408,0.022222222222222223,0.03333333333333333
"lcl|LR898468.1_cds_CAD6498763.1_121 [protein_id=CAD6498763.1] [location=complement(join(1857903..1859018,1859062..1859652,1859701..1859850))] [gbkey=CDS]",0.05834683954619125,0.04700162074554295,0.04700162074554295,0.06158833063209076,0.012965964343598054,0.050243111831442464,0.06158833063209076,0.03889789303079417,0.022690437601296597,0.09238249594813615,0.08427876823338736,0.07293354943273905,0.022690437601296597,0.04376012965964344,0.05348460291734198,0.0940032414910859,0.04862236628849271,0.012965964343598054,0.03241491085899514,0.04213938411669368
"lcl|LR898468.1_cds_CAD6498764.1_122 [protein_id=CAD6498764.1] [location=join(1859955..1860203,1860251..1860839,1860885..1861327)] [gbkey=CDS]",0.08235294117647059,0.04941176470588235,0.04941176470588235,0.04,0.018823529411764704,0.05411764705882353,0.04941176470588235,0.07529411764705882,0.023529411764705882,0.05411764705882353,0.08235294117647059,0.05647058823529412,0.023529411764705882,0.03058823529411765,0.04941176470588235,0.0988235294117647,0.058823529411764705,0.01411764705882353,0.03529411764705882,0.05411764705882353
"lcl|LR898468.1_cds_CAD6498765.1_123 [protein_id=CAD6498765.1] [location=join(1861950..1862201,1862252..1863701,1863746..1863858)] [gbkey=CDS]",0.08623548922056384,0.04809286898839138,0.03648424543946932,0.029850746268656716,0.02155887230514096,0.028192371475953566,0.03814262023217247,0.05472636815920398,0.01990049751243781,0.087893864013267,0.12437810945273632,0.03980099502487562,0.013266998341625208,0.05140961857379768,0.04809286898839138,0.09618573797678276,0.06965174129353234,0.013266998341625208,0.03648424543946932,0.05638474295190713
"lcl|LR898468.1_cds_CAD6498767.1_125 [protein_id=CAD6498767.1] [location=complement(join(1954533..1956548,1956599..1956698,1956752..1956891))] [gbkey=CDS]",0.058666666666666666,0.04933333333333333,0.06,0.04666666666666667,0.032,0.032,0.036,0.10133333333333333,0.02,0.04133333333333333,0.084,0.036,0.021333333333333333,0.037333333333333336,0.07866666666666666,0.09333333333333334,0.05333333333333334,0.009333333333333334,0.042666666666666665,0.06666666666666667
"lcl|LR898468.1_cds_CAD6498768.1_126 [protein_id=CAD6498768.1] [location=complement(join(1961168..1961497,1961567..1961772,1961827..1961954,1962037..1962227))] [gbkey=CDS]",0.127208480565371,0.038869257950530034,0.038869257950530034,0.05653710247349823,0.014134275618374558,0.0176678445229682,0.0353356890459364,0.0636042402826855,0.038869257950530034,0.07773851590106007,0.09187279151943463,0.05653710247349823,0.024734982332155476,0.028268551236749116,0.04240282685512368,0.0989399293286219,0.045936395759717315,0.0035335689045936395,0.014134275618374558,0.08480565371024736
"lcl|LR898468.1_cds_CAD6498769.1_127 [protein_id=CAD6498769.1] [location=complement(join(1970719..1970918,1970966..1971346,1971405..1971617,1971670..1971808))] [gbkey=CDS]",0.06796116504854369,0.045307443365695796,0.03559870550161812,0.042071197411003236,0.012944983818770227,0.019417475728155338,0.08414239482200647,0.06472491909385113,0.03559870550161812,0.061488673139158574,0.08737864077669903,0.06472491909385113,0.019417475728155338,0.025889967637540454,0.061488673139158574,0.08090614886731391,0.061488673139158574,0.016181229773462782,0.038834951456310676,0.0744336569579288
"lcl|LR898468.1_cds_CAD6498770.1_128 [protein_id=CAD6498770.1] [location=complement(join(1992540..1992859,1992906..1995558,1995607..1995729))] [gbkey=CDS]",0.06407766990291262,0.05339805825242718,0.036893203883495145,0.05436893203883495,0.01650485436893204,0.031067961165048542,0.05242718446601942,0.08640776699029126,0.017475728155339806,0.07864077669902912,0.09902912621359224,0.06116504854368932,0.009708737864077669,0.040776699029126215,0.04660194174757282,0.1,0.06990291262135923,0.02330097087378641,0.01262135922330097,0.04563106796116505
"lcl|LR898468.1_cds_CAD6498771.1_129 [protein_id=CAD6498771.1] [location=join(1996493..2000089,2000136..2000533,2000577..2000793)] [gbkey=CDS]",0.05135520684736091,0.052781740370898715,0.0449358059914408,0.05848787446504993,0.018544935805991442,0.033523537803138374,0.07560627674750357,0.046362339514978604,0.02781740370898716,0.05777460770328103,0.08416547788873038,0.07917261055634807,0.018544935805991442,0.03851640513552068,0.05563480741797432,0.10699001426533523,0.06490727532097004,0.009985734664764621,0.01783166904422254,0.05706134094151213
"lcl|LR898468.1_cds_CAD6498772.1_130 [protein_id=CAD6498772.1] [location=complement(join(2004688..2005041,2005112..2005317,2005372..2005499,2005565..2005755))] [gbkey=CDS]",0.09965635738831616,0.041237113402061855,0.027491408934707903,0.061855670103092786,0.013745704467353952,0.03436426116838488,0.054982817869415807,0.06529209621993128,0.030927835051546393,0.058419243986254296,0.09965635738831616,0.044673539518900345,0.024054982817869417,0.030927835051546393,0.048109965635738834,0.08934707903780069,0.054982817869415807,0.003436426116838488,0.01718213058419244,0.09965635738831616
"lcl|LR898468.1_cds_CAD6498773.1_131 [protein_id=CAD6498773.1] [location=join(2029693..2029996,2030051..2030211)] [gbkey=CDS]",0.0196078431372549,0.13071895424836602,0.0457516339869281,0.026143790849673203,0.013071895424836602,0.0457516339869281,0.0392156862745098,0.0392156862745098,0.0196078431372549,0.026143790849673203,0.0915032679738562,0.0915032679738562,0.032679738562091505,0.09803921568627451,0.0392156862745098,0.06535947712418301,0.0392156862745098,0.006535947712418301,0.05228758169934641,0.0784313725490196
"lcl|LR898468.1_cds_CAD6498774.1_132 [protein_id=CAD6498774.1] [location=join(2038781..2039093,2039144..2039292)] [gbkey=CDS]",0.03289473684210526,0.05921052631578947,0.039473684210526314,0.02631578947368421,0.013157894736842105,0.019736842105263157,0.03289473684210526,0.09868421052631579,0.013157894736842105,0.05921052631578947,0.09868421052631579,0.1118421052631579,0.019736842105263157,0.03289473684210526,0.02631578947368421,0.07894736842105263,0.07894736842105263,0.013157894736842105,0.05921052631578947,0.08552631578947369
"lcl|LR898468.1_cds_CAD6498775.1_133 [protein_id=CAD6498775.1] [location=join(2044180..2044486,2044540..2044661)] [gbkey=CDS]",0.06382978723404255,0.04964539007092199,0.03546099290780142,0.03546099290780142,0.014184397163120567,0.014184397163120567,0.02127659574468085,0.07092198581560284,0.0070921985815602835,0.09219858156028368,0.09219858156028368,0.14893617021276595,0.028368794326241134,0.04964539007092199,0.03546099290780142,0.0851063829787234,0.05673758865248227,0,0.06382978723404255,0.03546099290780142
"lcl|LR898468.1_cds_CAD6498776.1_134 [protein_id=CAD6498776.1] [location=join(2050620..2050671,2050721..2050874,2050928..2051342,2051385..2052329)] [gbkey=CDS]",0.08461538461538462,0.04230769230769231,0.04423076923076923,0.03653846153846154,0.01730769230769231,0.04038461538461539,0.04423076923076923,0.046153846153846156,0.03461538461538462,0.08653846153846154,0.09038461538461538,0.03461538461538462,0.023076923076923078,0.05384615384615385,0.057692307692307696,0.08461538461538462,0.051923076923076926,0.021153846153846155,0.04230769230769231,0.06346153846153846
"lcl|LR898468.1_cds_CAD6498777.1_135 [protein_id=CAD6498777.1] [location=join(2067418..2067985,2068034..2068430,2068478..2068670)] [gbkey=CDS]",0.044270833333333336,0.046875,0.0390625,0.041666666666666664,0.010416666666666666,0.033854166666666664,0.0546875,0.059895833333333336,0.010416666666666666,0.09375,0.0703125,0.078125,0.028645833333333332,0.059895833333333336,0.0546875,0.11197916666666667,0.057291666666666664,0.0234375,0.033854166666666664,0.046875
lcl|LR898468.1_cds_CAD6498778.1_136 [protein_id=CAD6498778.1] [location=2072444..2072485] [gbkey=CDS],0.16666666666666666,0,0,0,0,0,0,0,0.16666666666666666,0.16666666666666666,0,0,0,0.08333333333333333,0.08333333333333333,0.16666666666666666,0.08333333333333333,0.08333333333333333,0,0
"lcl|LR898468.1_cds_CAD6498779.1_137 [protein_id=CAD6498779.1] [location=complement(join(2076303..2076893,2076943..2077056))] [gbkey=CDS]",0.055793991416309016,0.055793991416309016,0.07296137339055794,0.034334763948497854,0.008583690987124463,0.012875536480686695,0.06866952789699571,0.055793991416309016,0.030042918454935622,0.030042918454935622,0.09012875536480687,0.02575107296137339,0.017167381974248927,0.012875536480686695,0.07725321888412018,0.13733905579399142,0.07296137339055794,0.017167381974248927,0.034334763948497854,0.09012875536480687
"lcl|LR898468.1_cds_CAD6498780.1_138 [protein_id=CAD6498780.1] [location=join(2086618..2087065,2087129..2087764,2087811..2089147)] [gbkey=CDS]",0.0670807453416149,0.049689440993788817,0.058385093167701865,0.055900621118012424,0.012422360248447204,0.040993788819875775,0.04472049689440994,0.05217391304347826,0.008695652173913044,0.0670807453416149,0.08571428571428572,0.040993788819875775,0.014906832298136646,0.03354037267080745,0.05714285714285714,0.15031055900621118,0.10062111801242236,0.0037267080745341614,0.01987577639751553,0.03602484472049689
"lcl|LR898468.1_cds_CAD6498781.1_139 [protein_id=CAD6498781.1] [location=complement(join(2092229..2093090,2093137..2093234,2093288..2093464))] [gbkey=CDS]",0.05305039787798409,0.0636604774535809,0.06896551724137931,0.03978779840848806,0.029177718832891247,0.042440318302387266,0.06896551724137931,0.04774535809018567,0.029177718832891247,0.029177718832891247,0.06896551724137931,0.0636604774535809,0.03713527851458886,0.029177718832891247,0.07427055702917772,0.11405835543766578,0.0636604774535809,0.005305039787798408,0.021220159151193633,0.050397877984084884
"lcl|LR898468.1_cds_CAD6498782.1_140 [protein_id=CAD6498782.1] [location=complement(join(2095090..2095330,2095393..2095595))] [gbkey=CDS]",0.0684931506849315,0.06164383561643835,0.02054794520547945,0.06164383561643835,0.0136986301369863,0.0410958904109589,0.06164383561643835,0.0410958904109589,0.0273972602739726,0.0547945205479452,0.14383561643835616,0.03424657534246575,0.0136986301369863,0.0547945205479452,0.0547945205479452,0.1095890410958904,0.0273972602739726,0.02054794520547945,0.02054794520547945,0.0684931506849315
"lcl|LR898468.1_cds_CAD6498783.1_141 [protein_id=CAD6498783.1] [location=complement(join(2112694..2112821,2112878..2113255,2113310..2113681,2113758..2113919,2113965..2114040))] [gbkey=CDS]",0.04594594594594595,0.051351351351351354,0.051351351351351354,0.04594594594594595,0.02702702702702703,0.03783783783783784,0.04594594594594595,0.05945945945945946,0.03783783783783784,0.06486486486486487,0.11621621621621622,0.07567567567567568,0.008108108108108109,0.043243243243243246,0.051351351351351354,0.07567567567567568,0.05675675675675676,0.01891891891891892,0.04864864864864865,0.03783783783783784
"lcl|LR898468.1_cds_CAD6498784.1_142 [protein_id=CAD6498784.1] [location=complement(join(2122989..2124088,2124133..2129323))] [gbkey=CDS]",0.07064439140811456,0.04725536992840095,0.04248210023866349,0.050596658711217185,0.007159904534606206,0.036276849642004776,0.06825775656324583,0.07494033412887828,0.022911694510739856,0.06539379474940334,0.08353221957040573,0.05918854415274463,0.021957040572792363,0.04152744630071599,0.051073985680190934,0.07637231503579953,0.06300715990453461,0.011455847255369928,0.03341288782816229,0.07255369928400955
"lcl|LR898468.1_cds_CAD6498785.1_143 [protein_id=CAD6498785.1] [location=join(2130800..2131337,2131384..2136329,2136377..2136487)] [gbkey=CDS]",0.08051529790660225,0.043478260869565216,0.04455179817498658,0.05314009661835749,0.00966183574879227,0.043478260869565216,0.06924315619967794,0.0794417606011809,0.015029522275899088,0.061191626409017714,0.09071390230810521,0.07085346215780998,0.020397208803005905,0.03435319377348363,0.045625335480407946,0.07783145464304884,0.05850778314546431,0.011808910359634998,0.03327965646806227,0.05689747718733226
"lcl|LR898468.1_cds_CAD6498787.1_145 [protein_id=CAD6498787.1] [location=complement(join(2152075..2152076,2152128..2152500,2152555..2152934,2153008..2153284))] [gbkey=CDS]",0.05263157894736842,0.04678362573099415,0.049707602339181284,0.05263157894736842,0.023391812865497075,0.049707602339181284,0.04678362573099415,0.06432748538011696,0.03216374269005848,0.07602339181286549,0.09064327485380116,0.06140350877192982,0.008771929824561403,0.04093567251461988,0.04678362573099415,0.1111111111111111,0.029239766081871343,0.029239766081871343,0.03508771929824561,0.05263157894736842
"lcl|LR898468.1_cds_CAD6498788.1_146 [protein_id=CAD6498788.1] [location=complement(join(2172772..2173353,2173431..2173688))] [gbkey=CDS]",0.05755395683453238,0.02877697841726619,0.0539568345323741,0.0539568345323741,0.017985611510791366,0.017985611510791366,0.050359712230215826,0.039568345323741004,0.01079136690647482,0.08992805755395683,0.09712230215827339,0.11510791366906475,0.017985611510791366,0.0539568345323741,0.04316546762589928,0.0683453237410072,0.07553956834532374,0.0035971223021582736,0.02158273381294964,0.08273381294964029
"lcl|LR898468.1_cds_CAD6498789.1_147 [protein_id=CAD6498789.1] [location=complement(join(2220350..2221583,2221633..2222078))] [gbkey=CDS]",0.06810035842293907,0.05734767025089606,0.035842293906810034,0.06810035842293907,0.007168458781362007,0.03046594982078853,0.08243727598566308,0.06093189964157706,0.023297491039426525,0.05734767025089606,0.05734767025089606,0.06989247311827956,0.014336917562724014,0.04838709677419355,0.07526881720430108,0.07885304659498207,0.06810035842293907,0.012544802867383513,0.035842293906810034,0.04838709677419355
"lcl|LR898468.1_cds_CAD6498790.1_148 [protein_id=CAD6498790.1] [location=complement(join(2228655..2229314,2229392..2229688))] [gbkey=CDS]",0.04100946372239748,0.03470031545741325,0.056782334384858045,0.05362776025236593,0.012618296529968454,0.028391167192429023,0.08201892744479496,0.03470031545741325,0.00946372239747634,0.03785488958990536,0.13564668769716087,0.10094637223974763,0.01892744479495268,0.05993690851735016,0.0473186119873817,0.0914826498422713,0.07886435331230283,0.006309148264984227,0.012618296529968454,0.056782334384858045
lcl|LR898468.1_cds_CAD6498793.1_151 [protein_id=CAD6498793.1] [location=complement(2281895..2286667)] [gbkey=CDS],0.05852737570799245,0.0711139081183134,0.06922592825676527,0.059786028949024544,0.01825047199496539,0.037130270610446825,0.0591567023285085,0.059786028949024544,0.024543738200125866,0.0591567023285085,0.07300188797986155,0.07740717432347388,0.018879798615481436,0.03524229074889868,0.04090623033354311,0.0881057268722467,0.048458149779735685,0.01825047199496539,0.03146633102580239,0.051604782882315924
"lcl|LR898468.1_cds_CAD6498794.1_152 [protein_id=CAD6498794.1] [location=join(2332064..2332337,2332384..2332785,2332840..2333223,2333278..2333468)] [gbkey=CDS]",0.043373493975903614,0.05060240963855422,0.05542168674698795,0.06265060240963856,0.024096385542168676,0.03132530120481928,0.05301204819277108,0.06746987951807229,0.02650602409638554,0.06746987951807229,0.08674698795180723,0.07228915662650602,0.007228915662650603,0.03855421686746988,0.04578313253012048,0.10361445783132531,0.05301204819277108,0.024096385542168676,0.03855421686746988,0.04819277108433735
"lcl|LR898468.1_cds_CAD6498795.1_153 [protein_id=CAD6498795.1] [location=join(2340110..2340823,2340873..2341073,2341121..2346121)] [gbkey=CDS]",0.0700507614213198,0.05634517766497462,0.048730964467005075,0.0583756345177665,0.009644670050761422,0.04010152284263959,0.06446700507614213,0.047715736040609136,0.030456852791878174,0.07461928934010152,0.1,0.05634517766497462,0.027411167512690356,0.04111675126903553,0.04213197969543147,0.07208121827411168,0.06142131979695432,0.013197969543147208,0.029441624365482234,0.05634517766497462
lcl|LR898468.1_cds_CAD6498796.1_154 [protein_id=CAD6498796.1] [location=2359926..2360969] [gbkey=CDS],0.07225433526011561,0.09248554913294797,0.05202312138728324,0.049132947976878616,0.031791907514450865,0.04335260115606936,0.057803468208092484,0.06358381502890173,0.03757225433526012,0.031791907514450865,0.08670520231213873,0.06647398843930635,0.023121387283236993,0.03468208092485549,0.031791907514450865,0.05491329479768786,0.08092485549132948,0.008670520231213872,0.031791907514450865,0.049132947976878616
"lcl|LR898468.1_cds_CAD6498797.1_155 [protein_id=CAD6498797.1] [location=join(2373486..2373743,2373821..2374402)] [gbkey=CDS]",0.05755395683453238,0.02877697841726619,0.0539568345323741,0.0539568345323741,0.017985611510791366,0.017985611510791366,0.050359712230215826,0.039568345323741004,0.01079136690647482,0.08992805755395683,0.09712230215827339,0.11510791366906475,0.017985611510791366,0.0539568345323741,0.04316546762589928,0.0683453237410072,0.07553956834532374,0.0035971223021582736,0.02158273381294964,0.08273381294964029
"lcl|LR898468.1_cds_CAD6498798.1_156 [protein_id=CAD6498798.1] [location=join(2420427..2420457,2420542..2420568,2420641..2420689,2420782..2420797,2420862..2421155)] [gbkey=CDS]",0.06569343065693431,0.021897810218978103,0.014598540145985401,0.0364963503649635,0.0072992700729927005,0.021897810218978103,0.014598540145985401,0.1386861313868613,0,0.12408759124087591,0.16058394160583941,0.051094890510948905,0.0364963503649635,0.10948905109489052,0.0364963503649635,0.051094890510948905,0.0364963503649635,0.014598540145985401,0.0072992700729927005,0.051094890510948905
"lcl|LR898468.1_cds_CAD6498799.1_157 [protein_id=CAD6498799.1] [location=complement(join(2421550..2421684,2421753..2421893,2421966..2422050,2422114..2422129,2422182..2422194))] [gbkey=CDS]",0.09375,0.015625,0.0546875,0.0625,0.0078125,0.015625,0.046875,0.1171875,0.03125,0.09375,0.0625,0.0546875,0.0234375,0.0390625,0.0078125,0.09375,0.0546875,0.015625,0.0390625,0.0703125
"lcl|LR898468.1_cds_CAD6498800.1_158 [protein_id=CAD6498800.1] [location=join(2431454..2432518,2432577..2433566)] [gbkey=CDS]",0.06588579795021962,0.08784773060029283,0.0424597364568082,0.03806734992679356,0.01171303074670571,0.029282576866764276,0.06442166910688141,0.03806734992679356,0.017569546120058566,0.03513909224011713,0.0746705710102489,0.07174231332357248,0.021961932650073207,0.03367496339677892,0.08199121522693997,0.14348462664714495,0.06734992679355783,0.007320644216691069,0.029282576866764276,0.03806734992679356
lcl|LR898468.1_cds_CAD6498801.1_159 [protein_id=CAD6498801.1] [location=complement(2434182..2435669)] [gbkey=CDS],0.07489878542510121,0.044534412955465584,0.03441295546558704,0.04048582995951417,0.018218623481781375,0.04251012145748988,0.05668016194331984,0.08299595141700405,0.022267206477732792,0.08502024291497975,0.0951417004048583,0.06072874493927125,0.016194331983805668,0.0465587044534413,0.058704453441295545,0.06275303643724696,0.04251012145748988,0.010121457489878543,0.032388663967611336,0.0728744939271255
"lcl|LR898468.1_cds_CAD6498802.1_160 [protein_id=CAD6498802.1] [location=join(2441489..2441771,2441848..2442213,2442268..2442654,2442712..2442899)] [gbkey=CDS]",0.04187192118226601,0.07881773399014778,0.05172413793103448,0.06157635467980296,0.027093596059113302,0.03694581280788178,0.06157635467980296,0.05172413793103448,0.022167487684729065,0.07142857142857142,0.06896551724137931,0.0665024630541872,0.009852216748768473,0.046798029556650245,0.0665024630541872,0.0812807881773399,0.04926108374384237,0.022167487684729065,0.05172413793103448,0.03201970443349754
"lcl|LR898468.1_cds_CAD6498803.1_161 [protein_id=CAD6498803.1] [location=join(2454559..2454672,2454731..2455522)] [gbkey=CDS]",0.07666666666666666,0.03,0.023333333333333334,0.03,0.016666666666666666,0.04,0.04666666666666667,0.04666666666666667,0.07,0.06666666666666667,0.09333333333333334,0.04666666666666667,0.03333333333333333,0.06666666666666667,0.05,0.06333333333333334,0.056666666666666664,0.05,0.05333333333333334,0.04
"lcl|LR898468.1_cds_CAD6498804.1_162 [protein_id=CAD6498804.1] [location=complement(join(2455764..2455961,2456022..2456084,2456155..2456346))] [gbkey=CDS]",0.08053691275167785,0.09395973154362416,0.06711409395973154,0.04697986577181208,0.006711409395973154,0.013422818791946308,0.09395973154362416,0.040268456375838924,0.026845637583892617,0.040268456375838924,0.10067114093959731,0.04697986577181208,0.013422818791946308,0.06711409395973154,0.04697986577181208,0.06711409395973154,0.06040268456375839,0.026845637583892617,0.006711409395973154,0.053691275167785234
"lcl|LR898468.1_cds_CAD6498805.1_163 [protein_id=CAD6498805.1] [location=complement(join(2456669..2457052,2457113..2457592))] [gbkey=CDS]",0.08391608391608392,0.07692307692307693,0.02097902097902098,0.038461538461538464,0.013986013986013986,0.01048951048951049,0.08041958041958042,0.0979020979020979,0.03496503496503497,0.038461538461538464,0.11188811188811189,0.04895104895104895,0.024475524475524476,0.03146853146853147,0.038461538461538464,0.05944055944055944,0.03496503496503497,0.013986013986013986,0.03146853146853147,0.10839160839160839
"lcl|LR898468.1_cds_CAD6498806.1_164 [protein_id=CAD6498806.1] [location=join(2473650..2473870,2473923..2474136,2474187..2474267)] [gbkey=CDS]",0.029411764705882353,0.011764705882352941,0.03529411764705882,0.03529411764705882,0.01764705882352941,0.041176470588235294,0.047058823529411764,0.06470588235294118,0.01764705882352941,0.06470588235294118,0.11176470588235295,0.052941176470588235,0.029411764705882353,0.07058823529411765,0.09411764705882353,0.08235294117647059,0.07058823529411765,0,0.052941176470588235,0.07058823529411765
"lcl|LR898468.1_cds_CAD6498807.1_165 [protein_id=CAD6498807.1] [location=join(2497302..2497424,2497483..2498175,2498236..2498619)] [gbkey=CDS]",0.08793969849246232,0.07035175879396985,0.02763819095477387,0.035175879396984924,0.01256281407035176,0.01507537688442211,0.07035175879396985,0.07788944723618091,0.03015075376884422,0.04773869346733668,0.10301507537688442,0.05025125628140704,0.020100502512562814,0.04271356783919598,0.04773869346733668,0.06532663316582915,0.052763819095477386,0.020100502512562814,0.03015075376884422,0.09296482412060302
"lcl|LR898468.1_cds_CAD6498808.1_166 [protein_id=CAD6498808.1] [location=join(2498989..2499180,2499251..2499313,2499374..2499571)] [gbkey=CDS]",0.087248322147651,0.09395973154362416,0.06711409395973154,0.04697986577181208,0.006711409395973154,0.013422818791946308,0.09395973154362416,0.040268456375838924,0.026845637583892617,0.03355704697986577,0.10067114093959731,0.04697986577181208,0.020134228187919462,0.06711409395973154,0.04697986577181208,0.06711409395973154,0.053691275167785234,0.026845637583892617,0.006711409395973154,0.053691275167785234
lcl|LR898468.1_cds_CAD6498809.1_167 [protein_id=CAD6498809.1] [location=2514961..2515014] [gbkey=CDS],0.125,0.0625,0.0625,0,0,0.125,0.0625,0.125,0,0.0625,0.0625,0,0,0.0625,0,0.125,0.125,0,0,0
"lcl|LR898468.1_cds_CAD6498810.1_168 [protein_id=CAD6498810.1] [location=join(2515353..2515526,2515587..2515724)] [gbkey=CDS]",0.09803921568627451,0.08823529411764706,0.0392156862745098,0.058823529411764705,0.00980392156862745,0.06862745098039216,0.0784313725490196,0.049019607843137254,0.00980392156862745,0.06862745098039216,0.06862745098039216,0.08823529411764706,0.00980392156862745,0.0196078431372549,0.0392156862745098,0.09803921568627451,0.0196078431372549,0.029411764705882353,0.00980392156862745,0.049019607843137254
lcl|LR898468.1_cds_CAD6498811.1_169 [protein_id=CAD6498811.1] [location=2515947..2516135] [gbkey=CDS],0.06557377049180328,0.13114754098360656,0.01639344262295082,0.04918032786885246,0,0.06557377049180328,0.01639344262295082,0.03278688524590164,0.06557377049180328,0.06557377049180328,0.06557377049180328,0.04918032786885246,0.01639344262295082,0.03278688524590164,0.08196721311475409,0.08196721311475409,0.08196721311475409,0.01639344262295082,0,0.06557377049180328
lcl|LR898468.1_cds_CAD6498812.1_170 [protein_id=CAD6498812.1] [location=2516501..2516734] [gbkey=CDS],0.09210526315789473,0.06578947368421052,0.05263157894736842,0.039473684210526314,0,0.05263157894736842,0.05263157894736842,0.039473684210526314,0.05263157894736842,0.06578947368421052,0.14473684210526316,0.02631578947368421,0.013157894736842105,0.02631578947368421,0.05263157894736842,0.09210526315789473,0.05263157894736842,0.013157894736842105,0.05263157894736842,0.013157894736842105
"lcl|LR898468.1_cds_CAD6498813.1_171 [protein_id=CAD6498813.1] [location=complement(join(2531460..2531563,2531612..2531864))] [gbkey=CDS]",0.02564102564102564,0.042735042735042736,0.05128205128205128,0.017094017094017096,0.02564102564102564,0.05128205128205128,0.05128205128205128,0.07692307692307693,0.02564102564102564,0.07692307692307693,0.07692307692307693,0.03418803418803419,0.02564102564102564,0.05128205128205128,0.042735042735042736,0.1452991452991453,0.03418803418803419,0.017094017094017096,0.07692307692307693,0.05128205128205128
"lcl|LR898468.1_cds_CAD6498814.1_172 [protein_id=CAD6498814.1] [location=complement(join(2551940..2552017,2552069..2552276,2552330..2552550))] [gbkey=CDS]",0.041916167664670656,0.041916167664670656,0.029940119760479042,0.03592814371257485,0.017964071856287425,0.04790419161676647,0.05389221556886228,0.041916167664670656,0.011976047904191617,0.0658682634730539,0.09580838323353294,0.059880239520958084,0.011976047904191617,0.0658682634730539,0.08982035928143713,0.08982035928143713,0.07784431137724551,0,0.041916167664670656,0.07784431137724551
lcl|LR898468.1_cds_CAD6498815.1_173 [protein_id=CAD6498815.1] [location=complement(2588294..2588845)] [gbkey=CDS],0.08241758241758242,0.06043956043956044,0.06593406593406594,0.03296703296703297,0.005494505494505495,0.027472527472527472,0.06593406593406594,0.06043956043956044,0.03296703296703297,0.06043956043956044,0.08791208791208792,0.06593406593406594,0,0.01098901098901099,0.07142857142857142,0.12087912087912088,0.07692307692307693,0.005494505494505495,0.03296703296703297,0.03296703296703297
"lcl|LR898468.1_cds_CAD6498816.1_174 [protein_id=CAD6498816.1] [location=join(2589753..2589927,2589983..2590303,2590353..2592073,2592146..2592172)] [gbkey=CDS]",0.09785522788203753,0.08310991957104558,0.04289544235924933,0.08042895442359249,0.002680965147453083,0.03485254691689008,0.08981233243967829,0.05630026809651475,0.01742627345844504,0.057640750670241284,0.08310991957104558,0.06568364611260054,0.01742627345844504,0.030831099195710455,0.0388739946380697,0.06032171581769437,0.04155495978552279,0.014745308310991957,0.036193029490616625,0.04825737265415549
"lcl|LR898468.1_cds_CAD6498817.1_175 [protein_id=CAD6498817.1] [location=complement(join(2592461..2592868,2592992..2593269,2593363..2593381,2593473..2593520))] [gbkey=CDS]",0.08835341365461848,0.05622489959839357,0.060240963855421686,0.0642570281124498,0.004016064257028112,0.06827309236947791,0.04819277108433735,0.07228915662650602,0.0642570281124498,0.05622489959839357,0.07630522088353414,0.040160642570281124,0.020080321285140562,0.004016064257028112,0.07630522088353414,0.10843373493975904,0.03614457831325301,0,0.024096385542168676,0.0321285140562249
"lcl|LR898468.1_cds_CAD6498818.1_176 [protein_id=CAD6498818.1] [location=complement(join(2604733..2605649,2605702..2607057,2607113..2607171,2607231..2607315,2607368..2607482,2607576..2607695))] [gbkey=CDS]",0.045351473922902494,0.05215419501133787,0.05442176870748299,0.06235827664399093,0.009070294784580499,0.048752834467120185,0.0782312925170068,0.046485260770975055,0.02834467120181406,0.06462585034013606,0.11564625850340136,0.05895691609977324,0.023809523809523808,0.04195011337868481,0.04195011337868481,0.09070294784580499,0.04308390022675737,0.005668934240362812,0.02834467120181406,0.060090702947845805
"lcl|LR898468.1_cds_CAD6498819.1_177 [protein_id=CAD6498819.1] [location=complement(join(2667847..2667968,2668024..2668509,2668561..2668678))] [gbkey=CDS]",0.09166666666666666,0.06666666666666667,0.020833333333333332,0.07916666666666666,0.004166666666666667,0.05416666666666667,0.0375,0.06666666666666667,0.0375,0.07916666666666666,0.041666666666666664,0.04583333333333333,0.0125,0.09583333333333334,0.06666666666666667,0.04583333333333333,0.041666666666666664,0.016666666666666666,0.04583333333333333,0.05
"lcl|LR898468.1_cds_CAD6498820.1_178 [protein_id=CAD6498820.1] [location=complement(join(2677669..2678397,2678442..2679508,2679772..2680201))] [gbkey=CDS]",0.08108108108108109,0.06891891891891892,0.03513513513513514,0.051351351351351354,0.02027027027027027,0.031081081081081083,0.07702702702702703,0.05810810810810811,0.014864864864864866,0.07702702702702703,0.11081081081081082,0.05945945945945946,0.013513513513513514,0.024324324324324326,0.041891891891891894,0.07162162162162163,0.06621621621621622,0.010810810810810811,0.021621621621621623,0.06486486486486487
"lcl|LR898468.1_cds_CAD6498821.1_179 [protein_id=CAD6498821.1] [location=complement(join(2707656..2707969,2708030..2708297,2708364..2708393))] [gbkey=CDS]",0.04950495049504951,0.0594059405940594,0.034653465346534656,0.07425742574257425,0.024752475247524754,0.0297029702970297,0.0594059405940594,0.0891089108910891,0.0049504950495049506,0.0891089108910891,0.08415841584158416,0.06930693069306931,0.0049504950495049506,0.04950495049504951,0.019801980198019802,0.08415841584158416,0.07425742574257425,0.01485148514851485,0.024752475247524754,0.0594059405940594
lcl|LR898468.1_cds_CAD6498823.1_181 [protein_id=CAD6498823.1] [location=complement(2711400..2714252)] [gbkey=CDS],0.059009483667017915,0.0737618545837724,0.05690200210748156,0.037934668071654375,0.015806111696522657,0.04847207586933614,0.06954689146469968,0.02845100105374078,0.02528977871443625,0.0684931506849315,0.1148577449947313,0.06217070600632244,0.02423603793466807,0.0505795574288725,0.03371970495258166,0.0874604847207587,0.0505795574288725,0.007376185458377239,0.03371970495258166,0.051633298208640675
"lcl|LR898468.1_cds_CAD6498824.1_182 [protein_id=CAD6498824.1] [location=complement(join(2720900..2721627,2721675..2721972,2722017..2722268))] [gbkey=CDS]",0.05660377358490566,0.04481132075471698,0.04245283018867924,0.0330188679245283,0.009433962264150943,0.04245283018867924,0.04245283018867924,0.08726415094339622,0.018867924528301886,0.049528301886792456,0.10141509433962265,0.054245283018867926,0.02122641509433962,0.04716981132075472,0.03773584905660377,0.11556603773584906,0.07311320754716981,0.01179245283018868,0.04716981132075472,0.06367924528301887
"lcl|LR898468.1_cds_CAD6498825.1_183 [protein_id=CAD6498825.1] [location=complement(join(2723413..2723902,2723957..2724164,2724231..2724393,2724446..2724523))] [gbkey=CDS]",0.05466237942122187,0.06430868167202572,0.04501607717041801,0.05466237942122187,0.01607717041800643,0.028938906752411574,0.11254019292604502,0.04501607717041801,0.012861736334405145,0.0707395498392283,0.07395498392282958,0.07717041800643087,0.022508038585209004,0.01607717041800643,0.03858520900321544,0.06752411575562701,0.04501607717041801,0.006430868167202572,0.03536977491961415,0.11254019292604502
"lcl|LR898468.1_cds_CAD6498826.1_184 [protein_id=CAD6498826.1] [location=join(2724948..2725129,2725176..2728075,2728235..2729598)] [gbkey=CDS]",0.06621621621621622,0.06486486486486487,0.04121621621621622,0.051351351351351354,0.008783783783783784,0.03310810810810811,0.05810810810810811,0.06959459459459459,0.024324324324324326,0.06148648648648649,0.09594594594594595,0.0472972972972973,0.021621621621621623,0.04527027027027027,0.05202702702702703,0.0918918918918919,0.06689189189189189,0.00945945945945946,0.031081081081081083,0.05945945945945946
lcl|LR898468.1_cds_CAD6498827.1_185 [protein_id=CAD6498827.1] [location=2748000..2748215] [gbkey=CDS],0.02857142857142857,0.04285714285714286,0.07142857142857142,0.02857142857142857,0.014285714285714285,0,0.02857142857142857,0.02857142857142857,0.04285714285714286,0.02857142857142857,0.17142857142857143,0.02857142857142857,0.014285714285714285,0.07142857142857142,0.05714285714285714,0.08571428571428572,0.12857142857142856,0.05714285714285714,0.014285714285714285,0.05714285714285714
lcl|LR898468.1_cds_CAD6498828.1_186 [protein_id=CAD6498828.1] [location=2749106..2749369] [gbkey=CDS],0.05813953488372093,0.011627906976744186,0.06976744186046512,0.05813953488372093,0.03488372093023256,0.046511627906976744,0.023255813953488372,0.03488372093023256,0.046511627906976744,0.023255813953488372,0.18604651162790697,0.06976744186046512,0.011627906976744186,0.06976744186046512,0.011627906976744186,0.09302325581395349,0.046511627906976744,0.023255813953488372,0.046511627906976744,0.03488372093023256
"lcl|LR898468.1_cds_CAD6498829.1_187 [protein_id=CAD6498829.1] [location=join(2759538..2759719,2759781..2763303)] [gbkey=CDS]",0.07785888077858881,0.06001622060016221,0.047039740470397405,0.04460665044606651,0.009732360097323601,0.04460665044606651,0.05271695052716951,0.05677210056772101,0.021086780210867802,0.06974858069748581,0.0948905109489051,0.05271695052716951,0.015409570154095702,0.0494728304947283,0.05271695052716951,0.07137064071370641,0.062449310624493104,0.0227088402270884,0.027575020275750203,0.0665044606650446
lcl|LR898468.1_cds_CAD6498830.1_188 [protein_id=CAD6498830.1] [location=2763899..2763994] [gbkey=CDS],0.06666666666666667,0.03333333333333333,0,0.03333333333333333,0,0,0,0,0.13333333333333333,0.03333333333333333,0.16666666666666666,0.03333333333333333,0.03333333333333333,0,0.1,0.13333333333333333,0.06666666666666667,0,0.06666666666666667,0.1
"lcl|LR898468.1_cds_CAD6498831.1_189 [protein_id=CAD6498831.1] [location=complement(join(2765388..2766453,2766500..2766615))] [gbkey=CDS]",0.04846938775510204,0.11479591836734694,0.03826530612244898,0.08163265306122448,0.007653061224489796,0.025510204081632654,0.09693877551020408,0.0663265306122449,0.030612244897959183,0.05612244897959184,0.05612244897959184,0.09438775510204081,0.007653061224489796,0.03571428571428571,0.04846938775510204,0.09438775510204081,0.03571428571428571,0.007653061224489796,0.017857142857142856,0.03571428571428571
"lcl|LR898468.1_cds_CAD6498832.1_190 [protein_id=CAD6498832.1] [location=join(2767028..2767225,2767272..2767916)] [gbkey=CDS]",0.053763440860215055,0.06093189964157706,0.03942652329749104,0.05017921146953405,0.0035842293906810036,0.05017921146953405,0.13978494623655913,0.02867383512544803,0.021505376344086023,0.06810035842293907,0.13261648745519714,0.0931899641577061,0.0035842293906810036,0.021505376344086023,0.025089605734767026,0.08243727598566308,0.053763440860215055,0.0035842293906810036,0.021505376344086023,0.04659498207885305
"lcl|LR898468.1_cds_CAD6498833.1_191 [protein_id=CAD6498833.1] [location=complement(join(2773479..2773559,2773616..2773826,2773879..2774096))] [gbkey=CDS]",0.03571428571428571,0.047619047619047616,0.06547619047619048,0.05952380952380952,0.011904761904761904,0.011904761904761904,0.03571428571428571,0.03571428571428571,0.017857142857142856,0.07738095238095238,0.09523809523809523,0.05952380952380952,0.03571428571428571,0.05952380952380952,0.06547619047619048,0.041666666666666664,0.10119047619047619,0.017857142857142856,0.041666666666666664,0.08333333333333333
"lcl|LR898468.1_cds_CAD6498834.1_192 [protein_id=CAD6498834.1] [location=join(2778332..2778565,2778695..2778970,2779023..2779322)] [gbkey=CDS]",0.09328358208955224,0.048507462686567165,0.033582089552238806,0.05970149253731343,0.007462686567164179,0.033582089552238806,0.06343283582089553,0.06343283582089553,0.022388059701492536,0.048507462686567165,0.1455223880597015,0.03731343283582089,0.03731343283582089,0.03731343283582089,0.03731343283582089,0.08208955223880597,0.05970149253731343,0.007462686567164179,0.018656716417910446,0.06343283582089553
"lcl|LR898468.1_cds_CAD6498836.1_194 [protein_id=CAD6498836.1] [location=join(2788448..2789077,2789125..2789684,2789733..2790025,2790075..2790145)] [gbkey=CDS]",0.07751937984496124,0.03875968992248062,0.025193798449612403,0.0562015503875969,0.003875968992248062,0.03294573643410853,0.06589147286821706,0.08527131782945736,0.023255813953488372,0.04263565891472868,0.10465116279069768,0.07364341085271318,0.03294573643410853,0.03488372093023256,0.07364341085271318,0.06976744186046512,0.06395348837209303,0.013565891472868217,0.01937984496124031,0.06201550387596899
"lcl|LR898468.1_cds_CAD6498838.1_196 [protein_id=CAD6498838.1] [location=join(2830471..2830684,2830738..2831636)] [gbkey=CDS]",0.06775067750677506,0.024390243902439025,0.06233062330623306,0.08401084010840108,0.008130081300813009,0.02710027100271003,0.024390243902439025,0.06775067750677506,0.02981029810298103,0.04065040650406504,0.07859078590785908,0.051490514905149054,0.013550135501355014,0.05962059620596206,0.10840108401084012,0.07859078590785908,0.05962059620596206,0.016260162601626018,0.02981029810298103,0.06775067750677506
"lcl|LR898468.1_cds_CAD6498839.1_197 [protein_id=CAD6498839.1] [location=complement(join(2832374..2832512,2832559..2834978,2835038..2835076))] [gbkey=CDS]",0.06018518518518518,0.04398148148148148,0.052083333333333336,0.0625,0.013888888888888888,0.04050925925925926,0.046296296296296294,0.06481481481481481,0.018518518518518517,0.07523148148148148,0.08912037037037036,0.05555555555555555,0.015046296296296295,0.03819444444444445,0.06018518518518518,0.1099537037037037,0.06712962962962964,0.013888888888888888,0.018518518518518517,0.05439814814814815
lcl|LR898468.1_cds_CAD6498841.1_199 [protein_id=CAD6498841.1] [location=2841131..2841403] [gbkey=CDS],0.06741573033707865,0.0449438202247191,0.06741573033707865,0.056179775280898875,0.02247191011235955,0.06741573033707865,0.056179775280898875,0.06741573033707865,0.011235955056179775,0.033707865168539325,0.02247191011235955,0.11235955056179775,0.011235955056179775,0.06741573033707865,0.02247191011235955,0.0898876404494382,0.0449438202247191,0.011235955056179775,0.056179775280898875,0.06741573033707865
lcl|LR898468.1_cds_CAD6498842.1_200 [protein_id=CAD6498842.1] [location=2852248..2853606] [gbkey=CDS],0.06651884700665188,0.06873614190687362,0.05543237250554324,0.07317073170731707,0.017738359201773836,0.04656319290465632,0.05543237250554324,0.07095343680709534,0.03325942350332594,0.050997782705099776,0.082039911308204,0.04434589800443459,0.022172949002217297,0.06430155210643015,0.028824833702882482,0.04656319290465632,0.07982261640798226,0.013303769401330377,0.028824833702882482,0.050997782705099776
"lcl|LR898468.1_cds_CAD6498843.1_201 [protein_id=CAD6498843.1] [location=complement(join(2916000..2916080,2916137..2916350,2916403..2916647))] [gbkey=CDS]",0.028089887640449437,0.033707865168539325,0.033707865168539325,0.0449438202247191,0.016853932584269662,0.03932584269662921,0.09550561797752809,0.0449438202247191,0.016853932584269662,0.07865168539325842,0.12921348314606743,0.056179775280898875,0.02247191011235955,0.0449438202247191,0.07865168539325842,0.06179775280898876,0.07303370786516854,0.0056179775280898875,0.05056179775280899,0.0449438202247191
"lcl|LR898468.1_cds_CAD6498844.1_202 [protein_id=CAD6498844.1] [location=join(2936675..2936861,2936928..2937944,2937987..2938527,2938575..2939082)] [gbkey=CDS]",0.07476635514018691,0.0787716955941255,0.07343124165554073,0.04539385847797063,0.0053404539385847796,0.05740987983978638,0.03471295060080107,0.09212283044058744,0.012016021361815754,0.050734312416555405,0.0787716955941255,0.021361815754339118,0.021361815754339118,0.042723631508678236,0.102803738317757,0.07476635514018691,0.056074766355140186,0.0026702269692923898,0.029372496662216287,0.04539385847797063
"lcl|LR898468.1_cds_CAD6498845.1_203 [protein_id=CAD6498845.1] [location=join(2940950..2941338,2941387..2941415,2941472..2941636,2941686..2942123,2942173..2942667,2942720..2943291)] [gbkey=CDS]",0.06628242074927954,0.05187319884726225,0.05475504322766571,0.07636887608069164,0.01440922190201729,0.04755043227665706,0.056195965417867436,0.06772334293948126,0.024495677233429394,0.06195965417867435,0.07204610951008646,0.05187319884726225,0.023054755043227664,0.0446685878962536,0.05763688760806916,0.0792507204610951,0.06051873198847262,0.011527377521613832,0.025936599423631124,0.05187319884726225
lcl|LR898468.1_cds_CAD6498846.1_204 [protein_id=CAD6498846.1] [location=complement(2949393..2950022)] [gbkey=CDS],0.08653846153846154,0.0673076923076923,0.038461538461538464,0.04807692307692308,0.009615384615384616,0.028846153846153848,0.08173076923076923,0.019230769230769232,0.019230769230769232,0.0625,0.08653846153846154,0.07692307692307693,0.019230769230769232,0.038461538461538464,0.0673076923076923,0.07211538461538461,0.07692307692307693,0.02403846153846154,0.02403846153846154,0.052884615384615384
"lcl|LR898468.1_cds_CAD6498847.1_205 [protein_id=CAD6498847.1] [location=join(2971161..2971678,2971730..2972039,2972110..2972217)] [gbkey=CDS]",0.05806451612903226,0.06129032258064516,0.054838709677419356,0.03870967741935484,0.0032258064516129032,0.041935483870967745,0.06774193548387097,0.06129032258064516,0.01935483870967742,0.04516129032258064,0.0967741935483871,0.07419354838709677,0.012903225806451613,0.05806451612903226,0.06129032258064516,0.12258064516129032,0.05161290322580645,0.0032258064516129032,0.012903225806451613,0.054838709677419356
lcl|LR898468.1_cds_CAD6498848.1_206 [protein_id=CAD6498848.1] [location=2972235..2972816] [gbkey=CDS],0.036458333333333336,0.06770833333333333,0.046875,0.08333333333333333,0.020833333333333332,0.046875,0.046875,0.0625,0.03125,0.057291666666666664,0.10416666666666667,0.046875,0.03125,0.036458333333333336,0.057291666666666664,0.11458333333333333,0.046875,0.015625,0.015625,0.03125
lcl|LR898468.1_cds_CAD6498849.1_207 [protein_id=CAD6498849.1] [location=complement(2989604..2992114)] [gbkey=CDS],0.06826347305389222,0.07784431137724551,0.0407185628742515,0.05389221556886228,0.013173652694610778,0.032335329341317366,0.08263473053892216,0.04431137724550898,0.022754491017964073,0.03592814371257485,0.08622754491017964,0.058682634730538925,0.011976047904191617,0.017964071856287425,0.0718562874251497,0.15089820359281436,0.055089820359281436,0.009580838323353293,0.01437125748502994,0.05149700598802395
"lcl|LR898468.1_cds_CAD6498850.1_208 [protein_id=CAD6498850.1] [location=complement(join(3005915..3007300,3007351..3007584))] [gbkey=CDS]",0.06319702602230483,0.046468401486988845,0.07434944237918216,0.05390334572490706,0.022304832713754646,0.022304832713754646,0.03903345724907063,0.07434944237918216,0.00929368029739777,0.055762081784386616,0.09479553903345725,0.046468401486988845,0.016728624535315983,0.048327137546468404,0.06691449814126393,0.09851301115241635,0.07063197026022305,0.00929368029739777,0.04275092936802974,0.04460966542750929
lcl|LR898468.1_cds_CAD6498851.1_209 [protein_id=CAD6498851.1] [location=3017735..3017830] [gbkey=CDS],0.06666666666666667,0.03333333333333333,0,0.03333333333333333,0,0,0,0,0.13333333333333333,0.03333333333333333,0.23333333333333334,0.03333333333333333,0.03333333333333333,0,0.06666666666666667,0.13333333333333333,0.06666666666666667,0,0.06666666666666667,0.06666666666666667
"lcl|LR898468.1_cds_CAD6498852.1_210 [protein_id=CAD6498852.1] [location=join(3026590..3026794,3026836..3028310)] [gbkey=CDS]",0.07347670250896057,0.05017921146953405,0.04659498207885305,0.035842293906810034,0.014336917562724014,0.03763440860215054,0.06093189964157706,0.03942652329749104,0.03225806451612903,0.06630824372759857,0.11648745519713262,0.05734767025089606,0.012544802867383513,0.053763440860215055,0.05555555555555555,0.08602150537634409,0.04659498207885305,0.016129032258064516,0.05017921146953405,0.04838709677419355
"lcl|LR898468.1_cds_CAD6498853.1_211 [protein_id=CAD6498853.1] [location=join(3034351..3034618,3034668..3035446,3035492..3035611)] [gbkey=CDS]",0.04909560723514212,0.04392764857881137,0.05167958656330749,0.056847545219638244,0.007751937984496124,0.05426356589147287,0.07493540051679587,0.07235142118863049,0.025839793281653745,0.06976744186046512,0.1343669250645995,0.06459948320413436,0.01808785529715762,0.01808785529715762,0.041343669250646,0.10852713178294573,0.046511627906976744,0.007751937984496124,0.015503875968992248,0.03875968992248062
"lcl|LR898468.1_cds_CAD6498854.1_212 [protein_id=CAD6498854.1] [location=join(3039173..3039283,3039334..3039481,3039528..3040897)] [gbkey=CDS]",0.07763401109057301,0.04990757855822551,0.059149722735674676,0.06099815157116451,0.02033271719038817,0.036968576709796676,0.05545286506469501,0.05730129390018484,0.036968576709796676,0.07393715341959335,0.066543438077634,0.04805914972273567,0.029574861367837338,0.031423290203327174,0.04436229205175601,0.10720887245841035,0.05545286506469501,0.005545286506469501,0.012939001848428836,0.07024029574861368
lcl|LR898468.1_cds_CAD6498855.1_213 [protein_id=CAD6498855.1] [location=complement(3052757..3052924)] [gbkey=CDS],0.037037037037037035,0.05555555555555555,0.05555555555555555,0.018518518518518517,0.05555555555555555,0.037037037037037035,0.018518518518518517,0.12962962962962962,0.037037037037037035,0.1111111111111111,0,0.037037037037037035,0,0.018518518518518517,0.07407407407407407,0.16666666666666666,0.07407407407407407,0.037037037037037035,0.018518518518518517,0.018518518518518517
"lcl|LR898468.1_cds_CAD6498856.1_214 [protein_id=CAD6498856.1] [location=complement(join(3059562..3060432,3060479..3061068))] [gbkey=CDS]",0.0865979381443299,0.049484536082474224,0.03711340206185567,0.06597938144329897,0.010309278350515464,0.03505154639175258,0.09896907216494845,0.061855670103092786,0.02268041237113402,0.07010309278350516,0.09690721649484536,0.07216494845360824,0.010309278350515464,0.03917525773195876,0.041237113402061855,0.05360824742268041,0.061855670103092786,0.012371134020618556,0.020618556701030927,0.05360824742268041
"lcl|LR898468.1_cds_CAD6498857.1_215 [protein_id=CAD6498857.1] [location=join(3061431..3061487,3061591..3061755,3061858..3061926)] [gbkey=CDS]",0.042105263157894736,0.09473684210526316,0.042105263157894736,0.05263157894736842,0,0.14736842105263157,0.042105263157894736,0.021052631578947368,0.010526315789473684,0.042105263157894736,0.09473684210526316,0.09473684210526316,0.021052631578947368,0.042105263157894736,0,0.10526315789473684,0.05263157894736842,0,0.042105263157894736,0.05263157894736842
"lcl|LR898468.1_cds_CAD6498858.1_216 [protein_id=CAD6498858.1] [location=join(3078692..3078703,3078749..3079498,3079552..3080421)] [gbkey=CDS]",0.06642066420664207,0.042435424354243544,0.05350553505535055,0.07011070110701106,0.007380073800738007,0.04059040590405904,0.1033210332103321,0.04059040590405904,0.02952029520295203,0.05719557195571956,0.07195571955719557,0.05904059040590406,0.01107011070110701,0.02214022140221402,0.05904059040590406,0.11254612546125461,0.07749077490774908,0.007380073800738007,0.00922509225092251,0.05904059040590406
"lcl|LR898468.1_cds_CAD6498860.1_218 [protein_id=CAD6498860.1] [location=join(3104898..3105132,3105190..3105299)] [gbkey=CDS]",0.07964601769911504,0.02654867256637168,0.05309734513274336,0.05309734513274336,0.02654867256637168,0.05309734513274336,0.061946902654867256,0.02654867256637168,0.017699115044247787,0.02654867256637168,0.11504424778761062,0.035398230088495575,0.017699115044247787,0.04424778761061947,0.061946902654867256,0.08849557522123894,0.02654867256637168,0.017699115044247787,0.061946902654867256,0.10619469026548672
"lcl|LR898468.1_cds_CAD6498861.1_219 [protein_id=CAD6498861.1] [location=join(3122109..3122340,3122398..3122504)] [gbkey=CDS]",0.08108108108108109,0.036036036036036036,0.04504504504504504,0.05405405405405406,0.02702702702702703,0.06306306306306306,0.05405405405405406,0.02702702702702703,0,0.09009009009009009,0.08108108108108109,0.05405405405405406,0.009009009009009009,0.06306306306306306,0.036036036036036036,0.09009009009009009,0.02702702702702703,0.009009009009009009,0.06306306306306306,0.09009009009009009
"lcl|LR898468.1_cds_CAD6498862.1_220 [protein_id=CAD6498862.1] [location=complement(join(3132499..3132602,3132660..3132894))] [gbkey=CDS]",0.09009009009009009,0.02702702702702703,0.04504504504504504,0.036036036036036036,0.02702702702702703,0.05405405405405406,0.05405405405405406,0.07207207207207207,0.009009009009009009,0.04504504504504504,0.08108108108108109,0.07207207207207207,0.018018018018018018,0.036036036036036036,0.04504504504504504,0.06306306306306306,0.04504504504504504,0.018018018018018018,0.05405405405405406,0.10810810810810811
"lcl|LR898468.1_cds_CAD6498863.1_221 [protein_id=CAD6498863.1] [location=complement(join(3231820..3231938,3232012..3232228,3232259..3232324))] [gbkey=CDS]",0.09090909090909091,0.045454545454545456,0.05303030303030303,0.05303030303030303,0.022727272727272728,0.03787878787878788,0.03787878787878788,0.06060606060606061,0.030303030303030304,0.09090909090909091,0.05303030303030303,0.022727272727272728,0.015151515151515152,0.07575757575757576,0.11363636363636363,0.045454545454545456,0.05303030303030303,0.007575757575757576,0.03787878787878788,0.05303030303030303
"lcl|LR898468.1_cds_CAD6498864.1_222 [protein_id=CAD6498864.1] [location=complement(join(3246631..3246749,3246823..3247105))] [gbkey=CDS]",0.08333333333333333,0.045454545454545456,0.03787878787878788,0.06060606060606061,0.022727272727272728,0.022727272727272728,0.030303030303030304,0.06818181818181818,0.03787878787878788,0.03787878787878788,0.08333333333333333,0.015151515151515152,0.022727272727272728,0.06818181818181818,0.10606060606060606,0.05303030303030303,0.06060606060606061,0.007575757575757576,0.03787878787878788,0.09848484848484848
lcl|LR898468.1_cds_CAD6498865.1_223 [protein_id=CAD6498865.1] [location=complement(3288438..3288716)] [gbkey=CDS],0.04395604395604396,0.14285714285714285,0.02197802197802198,0.04395604395604396,0.03296703296703297,0.04395604395604396,0.03296703296703297,0.0989010989010989,0,0.054945054945054944,0.02197802197802198,0.03296703296703297,0.01098901098901099,0.02197802197802198,0.02197802197802198,0.2087912087912088,0.07692307692307693,0.02197802197802198,0.02197802197802198,0.04395604395604396
"lcl|LR898468.1_cds_CAD6498866.1_224 [protein_id=CAD6498866.1] [location=join(3323240..3323540,3323614..3323732)] [gbkey=CDS]",0.050724637681159424,0.021739130434782608,0.028985507246376812,0.057971014492753624,0.021739130434782608,0.050724637681159424,0.08695652173913043,0.050724637681159424,0.021739130434782608,0.07971014492753623,0.09420289855072464,0.050724637681159424,0.028985507246376812,0.06521739130434782,0.08695652173913043,0.057971014492753624,0.043478260869565216,0.007246376811594203,0.050724637681159424,0.043478260869565216
"lcl|LR898468.1_cds_CAD6498867.1_225 [protein_id=CAD6498867.1] [location=complement(join(3372219..3372397,3372471..3372654))] [gbkey=CDS]",0.025210084033613446,0.05042016806722689,0.07563025210084033,0.06722689075630252,0.03361344537815126,0.04201680672268908,0.04201680672268908,0.058823529411764705,0.025210084033613446,0.08403361344537816,0.06722689075630252,0.05042016806722689,0.01680672268907563,0.09243697478991597,0.08403361344537816,0.025210084033613446,0.05042016806722689,0.008403361344537815,0.03361344537815126,0.06722689075630252
"lcl|LR898468.1_cds_CAD6498868.1_226 [protein_id=CAD6498868.1] [location=join(3424256..3424556,3424630..3424823)] [gbkey=CDS]",0.06748466257668712,0.049079754601226995,0.06134969325153374,0.05521472392638037,0.024539877300613498,0.049079754601226995,0.06134969325153374,0.03067484662576687,0.024539877300613498,0.10429447852760736,0.11042944785276074,0.024539877300613498,0.03067484662576687,0.06748466257668712,0.08588957055214724,0.024539877300613498,0.03067484662576687,0.006134969325153374,0.03680981595092025,0.05521472392638037
"lcl|LR898468.1_cds_CAD6498869.1_227 [protein_id=CAD6498869.1] [location=complement(join(3525780..3525898,3525972..3526155))] [gbkey=CDS]",0.030303030303030304,0.06060606060606061,0.06060606060606061,0.050505050505050504,0.020202020202020204,0.030303030303030304,0.050505050505050504,0.06060606060606061,0.030303030303030304,0.0707070707070707,0.050505050505050504,0.050505050505050504,0.010101010101010102,0.13131313131313133,0.08080808080808081,0.050505050505050504,0.030303030303030304,0,0.050505050505050504,0.08080808080808081
"lcl|LR898468.1_cds_CAD6498870.1_228 [protein_id=CAD6498870.1] [location=join(3687158..3687440,3687514..3687632)] [gbkey=CDS]",0.05303030303030303,0.03787878787878788,0.05303030303030303,0.05303030303030303,0.022727272727272728,0.03787878787878788,0.06060606060606061,0.06818181818181818,0.015151515151515152,0.05303030303030303,0.09848484848484848,0.030303030303030304,0.022727272727272728,0.06060606060606061,0.11363636363636363,0.045454545454545456,0.03787878787878788,0.007575757575757576,0.045454545454545456,0.08333333333333333
"lcl|LR898468.1_cds_CAD6498872.1_230 [protein_id=CAD6498872.1] [location=join(3792373..3792673,3792747..3792865)] [gbkey=CDS]",0.050724637681159424,0.043478260869565216,0.043478260869565216,0.057971014492753624,0.021739130434782608,0.021739130434782608,0.050724637681159424,0.050724637681159424,0.028985507246376812,0.057971014492753624,0.06521739130434782,0.043478260869565216,0.014492753623188406,0.07971014492753623,0.10869565217391304,0.057971014492753624,0.057971014492753624,0.007246376811594203,0.043478260869565216,0.09420289855072464
"lcl|LR898468.1_cds_CAD6498873.1_231 [protein_id=CAD6498873.1] [location=join(3875718..3875901,3875975..3876093)] [gbkey=CDS]",0.04040404040404041,0.050505050505050504,0.050505050505050504,0.08080808080808081,0.020202020202020204,0.04040404040404041,0.020202020202020204,0.0707070707070707,0.020202020202020204,0.050505050505050504,0.06060606060606061,0.06060606060606061,0.010101010101010102,0.10101010101010101,0.09090909090909091,0.030303030303030304,0.050505050505050504,0.010101010101010102,0.050505050505050504,0.09090909090909091
"lcl|LR898468.1_cds_CAD6498874.1_232 [protein_id=CAD6498874.1] [location=complement(join(3899884..3900002,3900074..3900275))] [gbkey=CDS]",0.06666666666666667,0.05714285714285714,0.05714285714285714,0.06666666666666667,0.01904761904761905,0.02857142857142857,0.0761904761904762,0.06666666666666667,0.009523809523809525,0.047619047619047616,0.0380952380952381,0.01904761904761905,0.02857142857142857,0.05714285714285714,0.09523809523809523,0.047619047619047616,0.047619047619047616,0.009523809523809525,0.09523809523809523,0.06666666666666667
"lcl|LR898468.1_cds_CAD6498875.1_233 [protein_id=CAD6498875.1] [location=join(3994471..3994771,3994845..3994963)] [gbkey=CDS]",0.06521739130434782,0.050724637681159424,0.028985507246376812,0.050724637681159424,0.021739130434782608,0.028985507246376812,0.036231884057971016,0.057971014492753624,0.043478260869565216,0.07246376811594203,0.07971014492753623,0.021739130434782608,0.021739130434782608,0.07246376811594203,0.10869565217391304,0.057971014492753624,0.043478260869565216,0.007246376811594203,0.036231884057971016,0.09420289855072464
"lcl|LR898468.1_cds_CAD6498876.1_234 [protein_id=CAD6498876.1] [location=join(4035287..4035587,4035661..4035779)] [gbkey=CDS]",0.06521739130434782,0.050724637681159424,0.057971014492753624,0.057971014492753624,0.021739130434782608,0.014492753623188406,0.043478260869565216,0.057971014492753624,0.021739130434782608,0.057971014492753624,0.07246376811594203,0.021739130434782608,0.021739130434782608,0.07246376811594203,0.10869565217391304,0.050724637681159424,0.050724637681159424,0.007246376811594203,0.043478260869565216,0.10144927536231885
lcl|LR898468.1_cds_CAD6498877.1_235 [protein_id=CAD6498877.1] [location=4038513..4038656] [gbkey=CDS],0.08695652173913043,0.043478260869565216,0.021739130434782608,0,0.021739130434782608,0.021739130434782608,0.021739130434782608,0,0.043478260869565216,0.15217391304347827,0.13043478260869565,0.021739130434782608,0.021739130434782608,0.043478260869565216,0.043478260869565216,0.17391304347826086,0.08695652173913043,0,0.021739130434782608,0.043478260869565216
"lcl|LR898468.1_cds_CAD6498879.1_237 [protein_id=CAD6498879.1] [location=complement(join(4112035..4112132,4112189..4112423))] [gbkey=CDS]",0.10091743119266056,0.045871559633027525,0.027522935779816515,0.06422018348623854,0.01834862385321101,0.05504587155963303,0.027522935779816515,0.06422018348623854,0.027522935779816515,0.045871559633027525,0.11009174311926606,0.045871559633027525,0.009174311926605505,0.027522935779816515,0.045871559633027525,0.08256880733944955,0.07339449541284404,0.009174311926605505,0.06422018348623854,0.05504587155963303
"lcl|LR898468.1_cds_CAD6498880.1_238 [protein_id=CAD6498880.1] [location=join(4117102..4117336,4117393..4117490)] [gbkey=CDS]",0.10091743119266056,0.045871559633027525,0.027522935779816515,0.06422018348623854,0.01834862385321101,0.05504587155963303,0.027522935779816515,0.06422018348623854,0.027522935779816515,0.045871559633027525,0.11009174311926606,0.045871559633027525,0.009174311926605505,0.027522935779816515,0.045871559633027525,0.08256880733944955,0.07339449541284404,0.009174311926605505,0.06422018348623854,0.05504587155963303
lcl|LR898468.1_cds_CAD6498881.1_239 [protein_id=CAD6498881.1] [location=complement(4172406..4172573)] [gbkey=CDS],0.07407407407407407,0.05555555555555555,0.12962962962962962,0.037037037037037035,0.018518518518518517,0.05555555555555555,0.09259259259259259,0.018518518518518517,0.018518518518518517,0.07407407407407407,0.1111111111111111,0.09259259259259259,0,0.018518518518518517,0.018518518518518517,0.1111111111111111,0.05555555555555555,0,0,0.018518518518518517
"lcl|LR898468.1_cds_CAD6498883.1_241 [protein_id=CAD6498883.1] [location=complement(join(4179381..4179596,4179732..4179947,4180059..4181300))] [gbkey=CDS]",0.050359712230215826,0.06115107913669065,0.039568345323741004,0.06115107913669065,0.019784172661870502,0.04136690647482014,0.0683453237410072,0.06115107913669065,0.02158273381294964,0.050359712230215826,0.09712230215827339,0.08633093525179857,0.023381294964028777,0.052158273381294966,0.0341726618705036,0.07194244604316546,0.050359712230215826,0.014388489208633094,0.04136690647482014,0.0539568345323741
"lcl|LR898468.1_cds_CAD6498885.1_243 [protein_id=CAD6498885.1] [location=join(4262604..4262838,4262896..4263014)] [gbkey=CDS]",0.10344827586206896,0.04310344827586207,0.02586206896551724,0.034482758620689655,0.02586206896551724,0.0603448275862069,0.06896551724137931,0.0603448275862069,0.02586206896551724,0.02586206896551724,0.12931034482758622,0.034482758620689655,0,0.05172413793103448,0.04310344827586207,0.07758620689655173,0.06896551724137931,0.008620689655172414,0.05172413793103448,0.0603448275862069
"lcl|LR898468.1_cds_CAD6498886.1_244 [protein_id=CAD6498886.1] [location=join(4318997..4319231,4319289..4319416)] [gbkey=CDS]",0.09243697478991597,0.04201680672268908,0.008403361344537815,0.04201680672268908,0.025210084033613446,0.01680672268907563,0.10084033613445378,0.08403361344537816,0.01680672268907563,0.025210084033613446,0.12605042016806722,0.025210084033613446,0.008403361344537815,0.05042016806722689,0.04201680672268908,0.10084033613445378,0.06722689075630252,0.008403361344537815,0.058823529411764705,0.058823529411764705
"lcl|LR898468.1_cds_CAD6498887.1_245 [protein_id=CAD6498887.1] [location=complement(join(4328332..4329535,4329650..4330058,4330105..4330381))] [gbkey=CDS]",0.06687898089171974,0.07165605095541401,0.03980891719745223,0.054140127388535034,0.006369426751592357,0.027070063694267517,0.09713375796178345,0.0589171974522293,0.027070063694267517,0.05573248407643312,0.07006369426751592,0.03662420382165605,0.01751592356687898,0.041401273885350316,0.07484076433121019,0.11146496815286625,0.06687898089171974,0.009554140127388535,0.022292993630573247,0.044585987261146494
"lcl|LR898468.1_cds_CAD6498888.1_246 [protein_id=CAD6498888.1] [location=complement(join(4348210..4349063,4349120..4349573,4349629..4350129))] [gbkey=CDS]",0.09484193011647254,0.08818635607321132,0.04326123128119801,0.064891846921797,0.0016638935108153079,0.06156405990016639,0.06655574043261231,0.05823627287853577,0.021630615640599003,0.04492512479201331,0.08818635607321132,0.048252911813643926,0.013311148086522463,0.026622296173044926,0.05490848585690516,0.09484193011647254,0.05324459234608985,0.0066555740432612314,0.013311148086522463,0.05490848585690516
"lcl|LR898468.1_cds_CAD6498889.1_247 [protein_id=CAD6498889.1] [location=join(4350365..4350508,4350559..4350619,4350700..4351739,4351797..4353053)] [gbkey=CDS]",0.07211538461538461,0.0625,0.04807692307692308,0.057692307692307696,0.014423076923076924,0.03485576923076923,0.057692307692307696,0.06850961538461539,0.026442307692307692,0.09134615384615384,0.09735576923076923,0.04927884615384615,0.013221153846153846,0.036057692307692304,0.046875,0.06971153846153846,0.06009615384615385,0.008413461538461538,0.019230769230769232,0.06610576923076923
lcl|LR898468.1_cds_CAD6498890.1_248 [protein_id=CAD6498890.1] [location=complement(4597362..4600574)] [gbkey=CDS],0.04490177736202058,0.08044901777362021,0.07951356407857811,0.06361085126286249,0.0205799812909261,0.03461178671655753,0.0626753975678204,0.060804490177736203,0.027128157156220765,0.0626753975678204,0.06828811973807297,0.07483629560336763,0.015902712815715623,0.03086997193638915,0.04396632366697849,0.08699719363891488,0.047708138447146865,0.018709073900841908,0.026192703461178673,0.04957904583723106
"lcl|LR898468.1_cds_CAD6498891.1_249 [protein_id=CAD6498891.1] [location=join(6405956..6406211,6406276..6406587,6406644..6406741)] [gbkey=CDS]",0.06363636363636363,0.04090909090909091,0.05,0.06818181818181818,0.03636363636363636,0.04090909090909091,0.06363636363636363,0.045454545454545456,0.022727272727272728,0.07272727272727272,0.06818181818181818,0.07272727272727272,0.01818181818181818,0.03636363636363636,0.013636363636363636,0.09090909090909091,0.06818181818181818,0.013636363636363636,0.02727272727272727,0.08636363636363636
lcl|LR898468.1_cds_CAD6498892.1_250 [protein_id=CAD6498892.1] [location=6407453..6407602] [gbkey=CDS],0.041666666666666664,0.020833333333333332,0,0.0625,0.0625,0.041666666666666664,0.0625,0.14583333333333334,0.020833333333333332,0.041666666666666664,0.1875,0.041666666666666664,0,0,0.020833333333333332,0.10416666666666667,0.10416666666666667,0.020833333333333332,0,0.020833333333333332
"lcl|LR898468.1_cds_CAD6498893.1_251 [protein_id=CAD6498893.1] [location=join(6418741..6418757,6418812..6418849,6418907..6419815,6419857..6419949,6420000..6420470,6420516..6421141)] [gbkey=CDS]",0.06564245810055866,0.0446927374301676,0.036312849162011177,0.036312849162011177,0.00558659217877095,0.040502793296089384,0.06843575418994413,0.03770949720670391,0.019553072625698324,0.08519553072625698,0.11173184357541899,0.0712290502793296,0.018156424581005588,0.07262569832402235,0.04189944134078212,0.07402234636871509,0.04888268156424581,0.019553072625698324,0.040502793296089384,0.061452513966480445
"lcl|LR898468.1_cds_CAD6498894.1_252 [protein_id=CAD6498894.1] [location=join(6425085..6426440,6426502..6426801,6426905..6427037,6427162..6427379)] [gbkey=CDS]",0.07946026986506746,0.05997001499250375,0.049475262368815595,0.06296851574212893,0.0014992503748125937,0.046476761619190406,0.10044977511244378,0.05997001499250375,0.014992503748125937,0.037481259370314844,0.049475262368815595,0.11544227886056972,0.017991004497751123,0.026986506746626688,0.06446776611694154,0.08245877061469266,0.05547226386806597,0.0074962518740629685,0.017991004497751123,0.049475262368815595
lcl|LR898468.1_cds_CAD6498895.1_253 [protein_id=CAD6498895.1] [location=complement(6427530..6428507)] [gbkey=CDS],0.11419753086419752,0.09259259259259259,0.04938271604938271,0.06790123456790123,0.0030864197530864196,0.05864197530864197,0.10185185185185185,0.037037037037037035,0.006172839506172839,0.040123456790123455,0.05864197530864197,0.08950617283950617,0.015432098765432098,0.015432098765432098,0.046296296296296294,0.08641975308641975,0.037037037037037035,0.018518518518518517,0.018518518518518517,0.043209876543209874
lcl|LR898468.1_cds_CAD6498896.1_254 [protein_id=CAD6498896.1] [location=6434060..6434155] [gbkey=CDS],0.03333333333333333,0.1,0.06666666666666667,0.03333333333333333,0.03333333333333333,0.13333333333333333,0.06666666666666667,0.1,0,0.03333333333333333,0.16666666666666666,0.03333333333333333,0.06666666666666667,0,0,0.06666666666666667,0,0.03333333333333333,0,0.03333333333333333
"lcl|LR898468.1_cds_CAD6498897.1_255 [protein_id=CAD6498897.1] [location=complement(join(6436638..6437442,6437491..6437922,6437967..6438145))] [gbkey=CDS]",0.07234042553191489,0.02127659574468085,0.06382978723404255,0.07021276595744681,0.010638297872340425,0.029787234042553193,0.06595744680851064,0.08297872340425531,0.02127659574468085,0.06170212765957447,0.07021276595744681,0.05531914893617021,0.02127659574468085,0.05319148936170213,0.05106382978723404,0.07659574468085106,0.08723404255319149,0.002127659574468085,0.01702127659574468,0.06595744680851064
lcl|LR898468.1_cds_CAD6498898.1_256 [protein_id=CAD6498898.1] [location=6447102..6447143] [gbkey=CDS],0,0.16666666666666666,0,0.08333333333333333,0.08333333333333333,0,0,0.08333333333333333,0,0.08333333333333333,0,0.08333333333333333,0,0,0.08333333333333333,0.16666666666666666,0,0,0,0.16666666666666666
"lcl|LR898468.1_cds_CAD6498899.1_257 [protein_id=CAD6498899.1] [location=join(6448058..6448802,6448848..6448941,6448993..6450508)] [gbkey=CDS]",0.06768837803320563,0.05363984674329502,0.04597701149425287,0.06002554278416347,0.01277139208173691,0.04086845466155811,0.06257982120051085,0.04469987228607918,0.021711366538952746,0.05491698595146871,0.1417624521072797,0.06002554278416347,0.031928480204342274,0.04980842911877394,0.021711366538952746,0.10344827586206896,0.04725415070242656,0.020434227330779056,0.03065134099616858,0.0280970625798212
"lcl|LR898468.1_cds_CAD6498900.1_258 [protein_id=CAD6498900.1] [location=complement(join(6450993..6451033,6451133..6451296,6451349..6451373,6451427..6451613))] [gbkey=CDS]",0.06569343065693431,0.08759124087591241,0.06569343065693431,0.058394160583941604,0.0072992700729927005,0.029197080291970802,0.058394160583941604,0.0364963503649635,0.0364963503649635,0.058394160583941604,0.072992700729927,0.058394160583941604,0,0.0364963503649635,0.051094890510948905,0.08759124087591241,0.051094890510948905,0.058394160583941604,0.029197080291970802,0.051094890510948905
"lcl|LR898468.1_cds_CAD6498901.1_259 [protein_id=CAD6498901.1] [location=join(6452125..6452254,6452305..6454022)] [gbkey=CDS]",0.04234527687296417,0.07003257328990228,0.03908794788273615,0.07654723127035831,0.026058631921824105,0.03908794788273615,0.06026058631921824,0.06351791530944625,0.016286644951140065,0.07003257328990228,0.0749185667752443,0.06514657980456026,0.017915309446254073,0.029315960912052116,0.05374592833876222,0.10912052117263844,0.05374592833876222,0.017915309446254073,0.02280130293159609,0.05211726384364821
"lcl|LR898468.1_cds_CAD6498902.1_260 [protein_id=CAD6498902.1] [location=join(6503893..6503971,6504029..6504681)] [gbkey=CDS]",0.04132231404958678,0.07851239669421488,0.0371900826446281,0.05785123966942149,0.008264462809917356,0.024793388429752067,0.06611570247933884,0.07024793388429752,0.03305785123966942,0.05371900826446281,0.07024793388429752,0.06611570247933884,0.01652892561983471,0.049586776859504134,0.06611570247933884,0.0743801652892562,0.0743801652892562,0.024793388429752067,0.024793388429752067,0.06198347107438017
"lcl|LR898468.1_cds_CAD6498903.1_261 [protein_id=CAD6498903.1] [location=join(6583435..6583662,6583713..6584322,6584372..6584563,6584660..6585205,6585249..6585392,6585443..6585720)] [gbkey=CDS]",0.07680722891566265,0.05421686746987952,0.058734939759036146,0.060240963855421686,0.010542168674698794,0.04969879518072289,0.061746987951807226,0.04216867469879518,0.0286144578313253,0.04819277108433735,0.0963855421686747,0.05421686746987952,0.01355421686746988,0.03313253012048193,0.045180722891566265,0.10843373493975904,0.06927710843373494,0.004518072289156626,0.025602409638554216,0.058734939759036146
"lcl|LR898468.1_cds_CAD6498904.1_262 [protein_id=CAD6498904.1] [location=complement(join(6586414..6587057,6587117..6587327))] [gbkey=CDS]",0.0706713780918728,0.10600706713780919,0.038869257950530034,0.028268551236749116,0.0035335689045936395,0.03180212014134275,0.06007067137809187,0.045936395759717315,0.024734982332155476,0.0636042402826855,0.11307420494699646,0.0636042402826855,0.014134275618374558,0.028268551236749116,0.04946996466431095,0.11307420494699646,0.06713780918727916,0.02120141342756184,0.014134275618374558,0.04240282685512368
"lcl|LR898468.1_cds_CAD6498905.1_263 [protein_id=CAD6498905.1] [location=join(6587980..6588002,6588058..6588080,6588142..6588266,6588318..6588551)] [gbkey=CDS]",0.045112781954887216,0.03759398496240601,0.06015037593984962,0.03007518796992481,0.03759398496240601,0.022556390977443608,0.022556390977443608,0.05263157894736842,0.007518796992481203,0.12781954887218044,0.18045112781954886,0.015037593984962405,0.03759398496240601,0.022556390977443608,0.022556390977443608,0.12781954887218044,0.08270676691729323,0.022556390977443608,0.03007518796992481,0.015037593984962405
"lcl|LR898468.1_cds_CAD6498906.1_264 [protein_id=CAD6498906.1] [location=complement(join(6588828..6589069,6589118..6589210,6589314..6589388,6589483..6589513))] [gbkey=CDS]",0.027586206896551724,0.06206896551724138,0.04827586206896552,0.06206896551724138,0.013793103448275862,0.06896551724137931,0.07586206896551724,0.06206896551724138,0.027586206896551724,0.07586206896551724,0.08275862068965517,0.11724137931034483,0.013793103448275862,0.05517241379310345,0.013793103448275862,0.041379310344827586,0.08275862068965517,0,0.020689655172413793,0.04827586206896552
"lcl|LR898468.1_cds_CAD6498907.1_265 [protein_id=CAD6498907.1] [location=complement(join(6669812..6672946,6672996..6673200,6673249..6673846,6673893..6674238))] [gbkey=CDS]",0.05399719495091164,0.05399719495091164,0.05539971949509116,0.061711079943899017,0.025245441795231416,0.03716690042075736,0.056802244039270686,0.03295932678821879,0.02314165497896213,0.07784011220196353,0.12833099579242638,0.056802244039270686,0.015427769985974754,0.03716690042075736,0.04207573632538569,0.09467040673211781,0.06521739130434782,0.016129032258064516,0.025245441795231416,0.04067321178120617
"lcl|LR898468.1_cds_CAD6498908.1_266 [protein_id=CAD6498908.1] [location=join(6674746..6674773,6674824..6674946,6674979..6675097,6675205..6675294)] [gbkey=CDS]",0.0847457627118644,0.05084745762711865,0.01694915254237288,0.03389830508474576,0,0.0423728813559322,0.03389830508474576,0.059322033898305086,0,0.0847457627118644,0.07627118644067797,0.059322033898305086,0.03389830508474576,0.0423728813559322,0.07627118644067797,0.11864406779661017,0.09322033898305085,0.025423728813559324,0.025423728813559324,0.0423728813559322
lcl|LR898468.1_cds_CAD6498909.1_267 [protein_id=CAD6498909.1] [location=complement(6717212..6717538)] [gbkey=CDS],0.056074766355140186,0.1308411214953271,0.018691588785046728,0.04672897196261682,0.037383177570093455,0.028037383177570093,0.037383177570093455,0.102803738317757,0.018691588785046728,0.07476635514018691,0.018691588785046728,0.028037383177570093,0,0.009345794392523364,0.037383177570093455,0.19626168224299065,0.07476635514018691,0.009345794392523364,0.028037383177570093,0.04672897196261682
"lcl|LR898468.1_cds_CAD6498910.1_268 [protein_id=CAD6498910.1] [location=complement(join(6759587..6760180,6760225..6760593,6760664..6760851,6760910..6761000,6761048..6761074))] [gbkey=CDS]",0.08076009501187649,0.06413301662707839,0.06175771971496437,0.03800475059382423,0.028503562945368172,0.052256532066508314,0.0498812351543943,0.05463182897862233,0.026128266033254157,0.052256532066508314,0.06175771971496437,0.0332541567695962,0.009501187648456057,0.05463182897862233,0.08788598574821853,0.11401425178147269,0.05463182897862233,0.007125890736342043,0.040380047505938245,0.028503562945368172
lcl|LR898468.1_cds_CAD6498911.1_269 [protein_id=CAD6498911.1] [location=complement(6783237..6783632)] [gbkey=CDS],0.038461538461538464,0.023076923076923078,0.11538461538461539,0.046153846153846156,0.015384615384615385,0.06153846153846154,0.03076923076923077,0.08461538461538462,0.007692307692307693,0.03076923076923077,0.1076923076923077,0.07692307692307693,0.023076923076923078,0.046153846153846156,0.038461538461538464,0.08461538461538462,0.06923076923076923,0.023076923076923078,0.046153846153846156,0.03076923076923077
"lcl|LR898468.1_cds_CAD6498912.1_270 [protein_id=CAD6498912.1] [location=join(6827332..6827519,6827620..6828101,6828147..6830557,6830612..6830695)] [gbkey=CDS]",0.08831908831908832,0.055080721747388414,0.05318138651471985,0.057929724596391265,0.005698005698005698,0.08072174738841406,0.09211775878442545,0.0446343779677113,0.01899335232668566,0.05698005698005698,0.10351377018043685,0.06647673314339982,0.020892687559354226,0.027540360873694207,0.02184235517568851,0.08262108262108261,0.045584045584045586,0.005698005698005698,0.02849002849002849,0.04368471035137702
"lcl|LR898468.1_cds_CAD6498913.1_271 [protein_id=CAD6498913.1] [location=complement(join(6862608..6863709,6863759..6864910,6864979..6865451))] [gbkey=CDS]",0.050716648291069456,0.05622932745314223,0.04851157662624035,0.05181918412348401,0.004410143329658214,0.040793825799338476,0.07276736493936053,0.04961411245865491,0.019845644983461964,0.06284454244762955,0.08599779492833518,0.05402425578831312,0.015435501653803748,0.03638368246968027,0.06945975744211687,0.13009922822491732,0.06725468577728776,0.007717750826901874,0.017640573318632856,0.05843439911797133
"lcl|LR898468.1_cds_CAD6498914.1_272 [protein_id=CAD6498914.1] [location=complement(join(6872997..6877972,6878024..6878297))] [gbkey=CDS]",0.04748283752860412,0.06750572082379863,0.04977116704805492,0.05091533180778032,0.020594965675057208,0.041762013729977114,0.06750572082379863,0.04862700228832952,0.02803203661327231,0.07208237986270023,0.09668192219679633,0.06693363844393593,0.020594965675057208,0.03832951945080092,0.05434782608695652,0.08752860411899313,0.04290617848970252,0.010297482837528604,0.03546910755148741,0.05263157894736842
lcl|LR898468.1_cds_CAD6498915.1_273 [protein_id=CAD6498915.1] [location=6878478..6879839] [gbkey=CDS],0.09070796460176991,0.05309734513274336,0.03761061946902655,0.07743362831858407,0.015486725663716814,0.05088495575221239,0.09513274336283185,0.059734513274336286,0.01327433628318584,0.0420353982300885,0.06415929203539823,0.11504424778761062,0.01327433628318584,0.017699115044247787,0.024336283185840708,0.084070796460177,0.048672566371681415,0.01991150442477876,0.046460176991150445,0.030973451327433628
lcl|LR898468.1_cds_CAD6498916.1_274 [protein_id=CAD6498916.1] [location=complement(6880187..6880501)] [gbkey=CDS],0.08737864077669903,0.10679611650485436,0.009708737864077669,0.06796116504854369,0.009708737864077669,0.038834951456310676,0.06796116504854369,0.07766990291262135,0.038834951456310676,0.04854368932038835,0.08737864077669903,0.0970873786407767,0.009708737864077669,0.038834951456310676,0.02912621359223301,0.05825242718446602,0.019417475728155338,0,0.019417475728155338,0.08737864077669903
"lcl|LR898468.1_cds_CAD6498917.1_275 [protein_id=CAD6498917.1] [location=join(6883049..6883152,6883200..6883247,6883325..6883655)] [gbkey=CDS]",0.06918238993710692,0.09433962264150944,0.0440251572327044,0.018867924528301886,0,0.025157232704402517,0.06289308176100629,0.06918238993710692,0.03773584905660377,0.06918238993710692,0.050314465408805034,0.11949685534591195,0.018867924528301886,0.025157232704402517,0.03773584905660377,0.0440251572327044,0.05660377358490566,0,0.050314465408805034,0.1069182389937107
lcl|LR898468.1_cds_CAD6498919.1_277 [protein_id=CAD6498919.1] [location=complement(6892071..6892313)] [gbkey=CDS],0.06329113924050633,0.10126582278481013,0.012658227848101266,0,0.02531645569620253,0.0759493670886076,0.012658227848101266,0.05063291139240506,0.0379746835443038,0.05063291139240506,0.12658227848101267,0.02531645569620253,0,0.0379746835443038,0.08860759493670886,0.13924050632911392,0.0759493670886076,0,0.012658227848101266,0.06329113924050633
lcl|LR898468.1_cds_CAD6498920.1_278 [protein_id=CAD6498920.1] [location=complement(6901506..6901763)] [gbkey=CDS],0.09523809523809523,0.047619047619047616,0.05952380952380952,0.047619047619047616,0,0.07142857142857142,0.13095238095238096,0.023809523809523808,0.03571428571428571,0.03571428571428571,0.09523809523809523,0.08333333333333333,0.023809523809523808,0.023809523809523808,0.047619047619047616,0.08333333333333333,0.047619047619047616,0.011904761904761904,0.011904761904761904,0.023809523809523808
"lcl|LR898468.1_cds_CAD6498921.1_279 [protein_id=CAD6498921.1] [location=join(6903875..6904163,6904236..6904601,6904655..6905044,6905090..6905241)] [gbkey=CDS]",0.04030226700251889,0.06297229219143577,0.05289672544080604,0.04534005037783375,0.027707808564231738,0.030226700251889168,0.04534005037783375,0.05289672544080604,0.020151133501259445,0.07556675062972293,0.11083123425692695,0.060453400503778336,0.012594458438287154,0.037783375314861464,0.06297229219143577,0.08060453400503778,0.04030226700251889,0.017632241813602016,0.04534005037783375,0.07808564231738035
"lcl|LR898468.1_cds_CAD6498922.1_280 [protein_id=CAD6498922.1] [location=join(6909421..6909514,6909567..6909620,6909664..6910752,6910805..6911115)] [gbkey=CDS]",0.09533073929961089,0.06809338521400778,0.04669260700389105,0.06031128404669261,0.007782101167315175,0.07392996108949416,0.0933852140077821,0.048638132295719845,0.017509727626459144,0.04474708171206226,0.06614785992217899,0.06809338521400778,0.02529182879377432,0.03696498054474708,0.05252918287937743,0.06031128404669261,0.04085603112840467,0.007782101167315175,0.029182879377431907,0.05642023346303502
"lcl|LR898468.1_cds_CAD6498923.1_281 [protein_id=CAD6498923.1] [location=complement(join(6923578..6925237,6925286..6925537,6925701..6925762,6925809..6925908,6925963..6926108))] [gbkey=CDS]",0.07317073170731707,0.032520325203252036,0.07317073170731707,0.05962059620596206,0.03387533875338753,0.04336043360433604,0.02710027100271003,0.1111111111111111,0.017615176151761516,0.032520325203252036,0.07317073170731707,0.04065040650406504,0.028455284552845527,0.036585365853658534,0.07588075880758807,0.07452574525745258,0.05962059620596206,0.008130081300813009,0.03387533875338753,0.06504065040650407
"lcl|LR898468.1_cds_CAD6498924.1_282 [protein_id=CAD6498924.1] [location=join(6960774..6960922,6960980..6961425,6961486..6961610,6961665..6961883,6961933..6962001)] [gbkey=CDS]",0.0748502994011976,0.03293413173652695,0.05688622754491018,0.02694610778443114,0.005988023952095809,0.041916167664670656,0.029940119760479042,0.05389221556886228,0.020958083832335328,0.05089820359281437,0.10179640718562874,0.038922155688622756,0.029940119760479042,0.05089820359281437,0.059880239520958084,0.07784431137724551,0.09880239520958084,0.005988023952095809,0.038922155688622756,0.10179640718562874
"lcl|LR898468.1_cds_CAD6498925.1_283 [protein_id=CAD6498925.1] [location=complement(join(6972986..6973216,6973271..6973662,6973709..6973838))] [gbkey=CDS]",0.08433734939759036,0.04417670682730924,0.03614457831325301,0.0963855421686747,0.024096385542168676,0.0321285140562249,0.03614457831325301,0.07630522088353414,0.012048192771084338,0.0642570281124498,0.05220883534136546,0.04819277108433735,0.024096385542168676,0.024096385542168676,0.03614457831325301,0.11244979919678715,0.09236947791164658,0.004016064257028112,0.012048192771084338,0.08835341365461848
"lcl|LR898468.1_cds_CAD6498926.1_284 [protein_id=CAD6498926.1] [location=complement(join(7001836..7002191,7002238..7002610,7002668..7003488,7003539..7003656,7003709..7003808,7003864..7003918,7003994..7004117))] [gbkey=CDS]",0.0633693972179289,0.0695517774343122,0.05409582689335394,0.04636785162287481,0.03245749613601236,0.04791344667697063,0.0571870170015456,0.0401854714064915,0.03863987635239567,0.06491499227202473,0.09582689335394126,0.02936630602782071,0.027820710973724884,0.06027820710973725,0.05564142194744977,0.0865533230293663,0.0633693972179289,0.012364760432766615,0.021638330757341576,0.03245749613601236
lcl|LR898468.1_cds_CAD6498927.1_285 [protein_id=CAD6498927.1] [location=7009821..7010411] [gbkey=CDS],0.07179487179487179,0.05128205128205128,0.03076923076923077,0.035897435897435895,0,0.041025641025641026,0.07179487179487179,0.03076923076923077,0.03076923076923077,0.07179487179487179,0.11282051282051282,0.07179487179487179,0.010256410256410256,0.05128205128205128,0.06666666666666667,0.05641025641025641,0.07179487179487179,0.03076923076923077,0.041025641025641026,0.05128205128205128
lcl|LR898468.1_cds_CAD6498928.1_286 [protein_id=CAD6498928.1] [location=complement(7027160..7030528)] [gbkey=CDS],0.06244424620874219,0.05263157894736842,0.05352363960749331,0.06422836752899197,0.003568242640499554,0.039250669045495096,0.056199821587867974,0.07582515611061552,0.028545941123996433,0.04460303300624442,0.06512042818911686,0.03389830508474576,0.01784121320249777,0.027653880463871544,0.06512042818911686,0.1471900089206066,0.06690454950936664,0.014272970561998216,0.025869759143621766,0.05530776092774309
"lcl|LR898468.1_cds_CAD6498929.1_287 [protein_id=CAD6498929.1] [location=complement(join(7084075..7084692,7084785..7084910,7085028..7085299,7085348..7085498))] [gbkey=CDS]",0.056847545219638244,0.06201550387596899,0.041343669250646,0.046511627906976744,0.031007751937984496,0.025839793281653745,0.041343669250646,0.07751937984496124,0.020671834625323,0.07235142118863049,0.059431524547803614,0.01808785529715762,0.00516795865633075,0.020671834625323,0.06718346253229975,0.13178294573643412,0.11369509043927649,0.00516795865633075,0.03359173126614987,0.06976744186046512
lcl|LR898468.1_cds_CAD6498930.1_288 [protein_id=CAD6498930.1] [location=7094353..7094709] [gbkey=CDS],0.05128205128205128,0.05982905982905983,0.042735042735042736,0.017094017094017096,0.02564102564102564,0.09401709401709402,0,0,0.07692307692307693,0.09401709401709402,0.15384615384615385,0.05982905982905983,0.017094017094017096,0.02564102564102564,0.05128205128205128,0.08547008547008547,0.1111111111111111,0,0.017094017094017096,0.017094017094017096
lcl|LR898468.1_cds_CAD6498931.1_289 [protein_id=CAD6498931.1] [location=7095095..7095721] [gbkey=CDS],0.04830917874396135,0.06280193236714976,0.0821256038647343,0.033816425120772944,0.03864734299516908,0.03864734299516908,0.06280193236714976,0.03864734299516908,0.03864734299516908,0.043478260869565216,0.06763285024154589,0.07246376811594203,0,0.05314009661835749,0.04830917874396135,0.13526570048309178,0.06280193236714976,0,0.04830917874396135,0.024154589371980676
lcl|LR898468.1_cds_CAD6498932.1_290 [protein_id=CAD6498932.1] [location=complement(7112811..7114109)] [gbkey=CDS],0.060324825986078884,0.1345707656612529,0.06264501160092807,0.07424593967517401,0,0.06728538283062645,0.08584686774941995,0.05336426914153132,0.027842227378190254,0.02320185614849188,0.05568445475638051,0.0951276102088167,0.016241299303944315,0.004640371229698376,0.027842227378190254,0.08584686774941995,0.058004640371229696,0.0069605568445475635,0.037122969837587005,0.02320185614849188
"lcl|LR898468.1_cds_CAD6498933.1_291 [protein_id=CAD6498933.1] [location=join(7114428..7114468,7114516..7114732,7114777..7115979)] [gbkey=CDS]",0.049484536082474224,0.04742268041237113,0.0577319587628866,0.08247422680412371,0.006185567010309278,0.03917525773195876,0.09484536082474226,0.04742268041237113,0.02268041237113402,0.06391752577319587,0.09072164948453608,0.0865979381443299,0.030927835051546393,0.03711340206185567,0.024742268041237112,0.07835051546391752,0.03505154639175258,0.008247422680412371,0.04742268041237113,0.049484536082474224
"lcl|LR898468.1_cds_CAD6498934.1_292 [protein_id=CAD6498934.1] [location=join(7117495..7117800,7117857..7117943,7117996..7118059,7118131..7119383)] [gbkey=CDS]",0.07570422535211267,0.03873239436619718,0.05985915492957746,0.04753521126760563,0.01232394366197183,0.04401408450704225,0.0528169014084507,0.03873239436619718,0.02992957746478873,0.045774647887323945,0.09859154929577464,0.02464788732394366,0.02112676056338028,0.040492957746478875,0.08626760563380281,0.1056338028169014,0.06338028169014084,0.014084507042253521,0.04929577464788732,0.051056338028169015
lcl|LR898468.1_cds_CAD6498935.1_293 [protein_id=CAD6498935.1] [location=complement(7122017..7123177)] [gbkey=CDS],0.06753246753246753,0.08051948051948052,0.04155844155844156,0.04415584415584416,0.025974025974025976,0.04155844155844156,0.03636363636363636,0.06493506493506493,0.02077922077922078,0.06753246753246753,0.08831168831168831,0.05454545454545454,0.023376623376623377,0.01818181818181818,0.07272727272727272,0.09610389610389611,0.05714285714285714,0.02077922077922078,0.02077922077922078,0.05714285714285714
lcl|LR898468.1_cds_CAD6498936.1_294 [protein_id=CAD6498936.1] [location=7168737..7170608] [gbkey=CDS],0.08842443729903537,0.1045016077170418,0.05466237942122187,0.05627009646302251,0.00482315112540193,0.05627009646302251,0.09807073954983923,0.04501607717041801,0.04340836012861737,0.03215434083601286,0.06752411575562701,0.02572347266881029,0.011254019292604502,0.01607717041800643,0.05144694533762058,0.10610932475884244,0.06913183279742766,0.00964630225080386,0.022508038585209004,0.03697749196141479
lcl|LR898468.1_cds_CAD6498937.1_295 [protein_id=CAD6498937.1] [location=complement(7172578..7172589)] [gbkey=CDS],0,0,0,0,0,0,0,0,0.5,0,0,0,0,0,0.5,0,0,0,0,0
"lcl|LR898468.1_cds_CAD6498938.1_296 [protein_id=CAD6498938.1] [location=join(7178593..7178808,7178867..7179076,7179135..7179608)] [gbkey=CDS]",0.06375838926174497,0.07046979865771812,0.016778523489932886,0.05704697986577181,0.020134228187919462,0.020134228187919462,0.053691275167785234,0.08389261744966443,0.020134228187919462,0.053691275167785234,0.087248322147651,0.06375838926174497,0.016778523489932886,0.050335570469798654,0.06711409395973154,0.08053691275167785,0.053691275167785234,0.010067114093959731,0.0436241610738255,0.06711409395973154
"lcl|LR898468.1_cds_CAD6498939.1_297 [protein_id=CAD6498939.1] [location=complement(join(7179915..7180390,7180449..7180506))] [gbkey=CDS]",0.125,0.11363636363636363,0.017045454545454544,0.05113636363636364,0,0.03409090909090909,0.056818181818181816,0.03409090909090909,0.017045454545454544,0.05113636363636364,0.08522727272727272,0.0625,0.011363636363636364,0.011363636363636364,0.06818181818181818,0.10795454545454546,0.03409090909090909,0.011363636363636364,0.011363636363636364,0.09659090909090909
"lcl|LR898468.1_cds_CAD6498940.1_298 [protein_id=CAD6498940.1] [location=complement(join(7182114..7182598,7182647..7182964,7183089..7183299))] [gbkey=CDS]",0.06547619047619048,0.06845238095238096,0.01488095238095238,0.02976190476190476,0.01488095238095238,0.041666666666666664,0.08928571428571429,0.07738095238095238,0.023809523809523808,0.041666666666666664,0.08630952380952381,0.0625,0.020833333333333332,0.03869047619047619,0.044642857142857144,0.10119047619047619,0.050595238095238096,0.03273809523809524,0.03273809523809524,0.0625
lcl|LR898468.1_cds_CAD6498941.1_299 [protein_id=CAD6498941.1] [location=7184494..7184694] [gbkey=CDS],0.015384615384615385,0.06153846153846154,0.07692307692307693,0.015384615384615385,0.046153846153846156,0.07692307692307693,0.015384615384615385,0.09230769230769231,0.03076923076923077,0.12307692307692308,0.07692307692307693,0.046153846153846156,0,0.07692307692307693,0.046153846153846156,0.06153846153846154,0.06153846153846154,0,0.03076923076923077,0.046153846153846156
"lcl|LR898468.1_cds_CAD6498942.1_300 [protein_id=CAD6498942.1] [location=join(7188132..7188184,7188273..7188323,7188371..7188420,7188471..7188931)] [gbkey=CDS]",0.06896551724137931,0.07389162561576355,0.059113300492610835,0.059113300492610835,0.03940886699507389,0.019704433497536946,0.10837438423645321,0.059113300492610835,0.014778325123152709,0.034482758620689655,0.10837438423645321,0.04926108374384237,0.019704433497536946,0.029556650246305417,0.024630541871921183,0.054187192118226604,0.04433497536945813,0.009852216748768473,0.034482758620689655,0.08866995073891626
"lcl|LR898468.1_cds_CAD6498943.1_301 [protein_id=CAD6498943.1] [location=join(7190326..7190634,7190690..7191241)] [gbkey=CDS]",0.09473684210526316,0.03508771929824561,0.056140350877192984,0.07017543859649122,0.021052631578947368,0.03508771929824561,0.04912280701754386,0.05263157894736842,0.028070175438596492,0.0456140350877193,0.10526315789473684,0.021052631578947368,0.010526315789473684,0.056140350877192984,0.056140350877192984,0.07368421052631578,0.05964912280701754,0.03859649122807018,0.04912280701754386,0.042105263157894736
lcl|LR898468.1_cds_CAD6498944.1_302 [protein_id=CAD6498944.1] [location=complement(7199755..7201551)] [gbkey=CDS],0.03685092127303183,0.051926298157453935,0.09380234505862646,0.04187604690117253,0.008375209380234505,0.05695142378559464,0.06532663316582915,0.04522613065326633,0.010050251256281407,0.05695142378559464,0.07872696817420435,0.06197654941373534,0.02680067001675042,0.021775544388609715,0.06700167504187604,0.1323283082077052,0.051926298157453935,0.01340033500837521,0.04690117252931323,0.031825795644891124
"lcl|LR898468.1_cds_CAD6498945.1_303 [protein_id=CAD6498945.1] [location=complement(join(7217592..7218780,7218832..7219028))] [gbkey=CDS]",0.05,0.041304347826086954,0.05,0.07391304347826087,0.013043478260869565,0.05434782608695652,0.08043478260869565,0.05434782608695652,0.015217391304347827,0.07391304347826087,0.11521739130434783,0.05652173913043478,0.010869565217391304,0.017391304347826087,0.04565217391304348,0.11521739130434783,0.0391304347826087,0.010869565217391304,0.034782608695652174,0.04782608695652174
"lcl|LR898468.1_cds_CAD6498946.1_304 [protein_id=CAD6498946.1] [location=join(7222439..7222499,7222559..7223667)] [gbkey=CDS]",0.07731958762886598,0.059278350515463915,0.05154639175257732,0.03865979381443299,0.023195876288659795,0.030927835051546393,0.04381443298969072,0.023195876288659795,0.030927835051546393,0.06701030927835051,0.15721649484536082,0.03608247422680412,0.010309278350515464,0.04381443298969072,0.061855670103092786,0.11855670103092783,0.04639175257731959,0.01288659793814433,0.028350515463917526,0.03865979381443299
"lcl|LR898468.1_cds_CAD6498947.1_305 [protein_id=CAD6498947.1] [location=complement(join(7234081..7235486,7235533..7235593,7235647..7235861,7235908..7236019,7236121..7236395,7236459..7236525))] [gbkey=CDS]",0.07746478873239436,0.08450704225352113,0.03943661971830986,0.061971830985915494,0.01267605633802817,0.03943661971830986,0.07323943661971831,0.06338028169014084,0.015492957746478873,0.04366197183098591,0.06619718309859154,0.08028169014084507,0.008450704225352112,0.04084507042253521,0.057746478873239436,0.09295774647887324,0.05211267605633803,0.008450704225352112,0.028169014084507043,0.05352112676056338
"lcl|LR898468.1_cds_CAD6498948.1_306 [protein_id=CAD6498948.1] [location=join(7236781..7236901,7236953..7237320)] [gbkey=CDS]",0.11180124223602485,0.055900621118012424,0.024844720496894408,0.043478260869565216,0.024844720496894408,0.024844720496894408,0.12422360248447205,0.049689440993788817,0.037267080745341616,0.062111801242236024,0.07453416149068323,0.062111801242236024,0.012422360248447204,0.018633540372670808,0.031055900621118012,0.07453416149068323,0.055900621118012424,0.024844720496894408,0.018633540372670808,0.06832298136645963
"lcl|LR898468.1_cds_CAD6498949.1_307 [protein_id=CAD6498949.1] [location=complement(join(7237974..7238060,7238137..7238381,7238430..7238506,7238662..7239059))] [gbkey=CDS]",0.03745318352059925,0.052434456928838954,0.033707865168539325,0.0449438202247191,0.018726591760299626,0.03745318352059925,0.08239700374531835,0.07865168539325842,0.018726591760299626,0.0599250936329588,0.1198501872659176,0.08239700374531835,0.00749063670411985,0.03745318352059925,0.08239700374531835,0.04119850187265917,0.06741573033707865,0.02247191011235955,0.026217228464419477,0.04868913857677903
"lcl|LR898468.1_cds_CAD6498950.1_308 [protein_id=CAD6498950.1] [location=join(7254456..7254469,7254621..7255043,7255166..7255514)] [gbkey=CDS]",0.08076923076923077,0.09230769230769231,0.026923076923076925,0.057692307692307696,0.0038461538461538464,0.015384615384615385,0.046153846153846156,0.08846153846153847,0.038461538461538464,0.08461538461538462,0.06153846153846154,0.09230769230769231,0.019230769230769232,0.038461538461538464,0.046153846153846156,0.03461538461538462,0.06538461538461539,0.007692307692307693,0.023076923076923078,0.07692307692307693
"lcl|LR898468.1_cds_CAD6498951.1_309 [protein_id=CAD6498951.1] [location=join(7273143..7274142,7274190..7274797,7274849..7276298,7276345..7277744)] [gbkey=CDS]",0.04784366576819407,0.059973045822102423,0.04514824797843666,0.07749326145552561,0.012803234501347708,0.04110512129380054,0.0660377358490566,0.04986522911051213,0.0215633423180593,0.06805929919137467,0.09231805929919137,0.06671159029649595,0.0215633423180593,0.05121293800539083,0.06064690026954178,0.06671159029649595,0.05727762803234501,0.012129380053908356,0.026954177897574125,0.0545822102425876
"lcl|LR898468.1_cds_CAD6498952.1_310 [protein_id=CAD6498952.1] [location=complement(join(7310888..7311744,7311793..7312075,7312131..7312460))] [gbkey=CDS]",0.07991803278688525,0.055327868852459015,0.05122950819672131,0.05122950819672131,0.00819672131147541,0.02459016393442623,0.05737704918032787,0.09016393442622951,0.03278688524590164,0.06557377049180328,0.07991803278688525,0.0430327868852459,0.022540983606557378,0.0471311475409836,0.045081967213114756,0.11065573770491803,0.05327868852459016,0.006147540983606557,0.028688524590163935,0.0471311475409836
"lcl|LR898468.1_cds_CAD6498953.1_311 [protein_id=CAD6498953.1] [location=complement(join(7337222..7337254,7337322..7337535,7337583..7337767))] [gbkey=CDS]",0.1619718309859155,0.035211267605633804,0.04225352112676056,0.02112676056338028,0.028169014084507043,0.1056338028169014,0.02112676056338028,0.09859154929577464,0.007042253521126761,0.04225352112676056,0.04929577464788732,0.035211267605633804,0.02112676056338028,0.007042253521126761,0.09154929577464789,0.14084507042253522,0.04225352112676056,0.014084507042253521,0.014084507042253521,0.02112676056338028
"lcl|LR898468.1_cds_CAD6498955.1_313 [protein_id=CAD6498955.1] [location=join(7347228..7347715,7347767..7348406)] [gbkey=CDS]",0.06149732620320856,0.05080213903743316,0.12834224598930483,0.05614973262032086,0,0.05080213903743316,0.0481283422459893,0.1497326203208556,0.0106951871657754,0.045454545454545456,0.0374331550802139,0.06149732620320856,0.045454545454545456,0.0481283422459893,0.06149732620320856,0.045454545454545456,0.05080213903743316,0.0106951871657754,0.0106951871657754,0.026737967914438502
"lcl|LR898468.1_cds_CAD6498956.1_314 [protein_id=CAD6498956.1] [location=join(7349086..7349363,7349414..7349684,7349736..7350152,7350201..7350343,7350394..7351669)] [gbkey=CDS]",0.04665825977301387,0.06809583858764187,0.058007566204287514,0.05296343001261034,0.02395964691046658,0.03909205548549811,0.044136191677175286,0.05674653215636822,0.018915510718789406,0.07944514501891552,0.10466582597730138,0.058007566204287514,0.0201765447667087,0.03026481715006305,0.044136191677175286,0.09836065573770492,0.06557377049180328,0.012610340479192938,0.02648171500630517,0.05170239596469105
"lcl|LR898468.1_cds_CAD6498957.1_315 [protein_id=CAD6498957.1] [location=join(7353108..7353306,7353365..7353981)] [gbkey=CDS]",0.0962962962962963,0.1037037037037037,0.025925925925925925,0.037037037037037035,0.018518518518518517,0.025925925925925925,0.06296296296296296,0.05925925925925926,0.022222222222222223,0.044444444444444446,0.14444444444444443,0.022222222222222223,0.014814814814814815,0.03333333333333333,0.06666666666666667,0.05925925925925926,0.06666666666666667,0.011111111111111112,0.025925925925925925,0.05925925925925926
"lcl|LR898468.1_cds_CAD6498958.1_316 [protein_id=CAD6498958.1] [location=complement(join(7355004..7355017,7355064..7357011))] [gbkey=CDS]",0.05368098159509203,0.0598159509202454,0.07208588957055215,0.03680981595092025,0.013803680981595092,0.05061349693251534,0.05368098159509203,0.03834355828220859,0.04294478527607362,0.07668711656441718,0.09355828220858896,0.05521472392638037,0.024539877300613498,0.03834355828220859,0.04294478527607362,0.1058282208588957,0.0598159509202454,0.006134969325153374,0.024539877300613498,0.05061349693251534
"lcl|LR898468.1_cds_CAD6498959.1_317 [protein_id=CAD6498959.1] [location=join(7361381..7361561,7361608..7361774,7361822..7361926)] [gbkey=CDS]",0.10738255033557047,0.04697986577181208,0.026845637583892617,0.08053691275167785,0,0.053691275167785234,0.0738255033557047,0.026845637583892617,0.020134228187919462,0.06040268456375839,0.1476510067114094,0.10067114093959731,0,0.04697986577181208,0.03355704697986577,0.06711409395973154,0.04697986577181208,0,0.026845637583892617,0.03355704697986577
lcl|LR898468.1_cds_CAD6498960.1_318 [protein_id=CAD6498960.1] [location=7389757..7390371] [gbkey=CDS],0.04433497536945813,0.06896551724137931,0.04433497536945813,0.054187192118226604,0,0.04926108374384237,0.09359605911330049,0.034482758620689655,0.014778325123152709,0.059113300492610835,0.06403940886699508,0.06896551724137931,0.0049261083743842365,0.04926108374384237,0.04926108374384237,0.11822660098522167,0.09359605911330049,0.019704433497536946,0.034482758620689655,0.034482758620689655
"lcl|LR898468.1_cds_CAD6498961.1_319 [protein_id=CAD6498961.1] [location=join(7405742..7405930,7405979..7406633,7406681..7407270)] [gbkey=CDS]",0.06512605042016807,0.07352941176470588,0.06302521008403361,0.07352941176470588,0.01050420168067227,0.03991596638655462,0.025210084033613446,0.07142857142857142,0.031512605042016806,0.058823529411764705,0.06302521008403361,0.03361344537815126,0.018907563025210083,0.04201680672268908,0.05042016806722689,0.10294117647058823,0.05672268907563025,0.023109243697478993,0.046218487394957986,0.05042016806722689
"lcl|LR898468.1_cds_CAD6498962.1_320 [protein_id=CAD6498962.1] [location=join(7408928..7408957,7409026..7409058,7409119..7409177,7409233..7409413,7409467..7409699,7409750..7409813)] [gbkey=CDS]",0.0707070707070707,0.04040404040404041,0.020202020202020204,0.07575757575757576,0.025252525252525252,0.04040404040404041,0.03535353535353535,0.045454545454545456,0.015151515151515152,0.06565656565656566,0.09595959595959595,0.07575757575757576,0.015151515151515152,0.03535353535353535,0.07575757575757576,0.08080808080808081,0.06565656565656566,0.010101010101010102,0.03535353535353535,0.07575757575757576
"lcl|LR898468.1_cds_CAD6498963.1_321 [protein_id=CAD6498963.1] [location=complement(join(7422659..7423003,7423065..7424815,7424866..7425155,7425207..7425424))] [gbkey=CDS]",0.061200923787528866,0.042725173210161664,0.03117782909930716,0.04734411085450346,0.011547344110854504,0.03810623556581986,0.04041570438799076,0.06351039260969978,0.03002309468822171,0.05658198614318707,0.10508083140877598,0.054272517321016164,0.02424942263279446,0.06351039260969978,0.05658198614318707,0.06812933025404157,0.06466512702078522,0.028868360277136258,0.04157043879907621,0.07043879907621248
"lcl|LR898468.1_cds_CAD6498964.1_322 [protein_id=CAD6498964.1] [location=complement(join(7426716..7427510,7427560..7428744))] [gbkey=CDS]",0.06231003039513678,0.08662613981762918,0.06534954407294832,0.031914893617021274,0.019756838905775075,0.037993920972644375,0.034954407294832825,0.060790273556231005,0.041033434650455926,0.0486322188449848,0.07142857142857142,0.034954407294832825,0.025835866261398176,0.05015197568389058,0.06990881458966565,0.11246200607902736,0.0668693009118541,0.0121580547112462,0.019756838905775075,0.04711246200607903
"lcl|LR898468.1_cds_CAD6498965.1_323 [protein_id=CAD6498965.1] [location=join(7429260..7429355,7429402..7429453,7429525..7429727,7429834..7429878)] [gbkey=CDS]",0.1,0.038461538461538464,0.038461538461538464,0.05384615384615385,0,0.023076923076923078,0.046153846153846156,0.09230769230769231,0.023076923076923078,0.023076923076923078,0.06923076923076923,0.09230769230769231,0.023076923076923078,0.038461538461538464,0.08461538461538462,0.08461538461538462,0.046153846153846156,0.023076923076923078,0.038461538461538464,0.06153846153846154
"lcl|LR898468.1_cds_CAD6498966.1_324 [protein_id=CAD6498966.1] [location=join(7434424..7434501,7434576..7434897,7434972..7435000)] [gbkey=CDS]",0.028368794326241134,0.11347517730496454,0.04964539007092199,0.05673758865248227,0.0070921985815602835,0.05673758865248227,0.07801418439716312,0.05673758865248227,0.02127659574468085,0.05673758865248227,0.06382978723404255,0.028368794326241134,0.02127659574468085,0.06382978723404255,0.07092198581560284,0.05673758865248227,0.0425531914893617,0.014184397163120567,0.03546099290780142,0.07801418439716312
"lcl|LR898468.1_cds_CAD6498967.1_325 [protein_id=CAD6498967.1] [location=complement(join(7437171..7437386,7437440..7438193,7438249..7438424))] [gbkey=CDS]",0.10263157894736842,0.07368421052631578,0.034210526315789476,0.034210526315789476,0.010526315789473684,0.042105263157894736,0.03684210526315789,0.09210526315789473,0.018421052631578946,0.05526315789473684,0.09210526315789473,0.05263157894736842,0.02368421052631579,0.02631578947368421,0.04736842105263158,0.07105263157894737,0.05,0.02631578947368421,0.034210526315789476,0.07631578947368421
"lcl|LR898468.1_cds_CAD6498968.1_326 [protein_id=CAD6498968.1] [location=complement(join(7439402..7440211,7440262..7440644,7440693..7441824))] [gbkey=CDS]",0.04398447606727038,0.08796895213454076,0.06597671410090557,0.06080206985769728,0.02328589909443726,0.03234152652005175,0.062095730918499355,0.062095730918499355,0.00646830530401035,0.062095730918499355,0.04657179818887452,0.0815006468305304,0.019404915912031046,0.031047865459249677,0.042690815006468305,0.12548512289780078,0.06338939197930142,0.009055627425614488,0.028460543337645538,0.045278137128072445
lcl|LR898468.1_cds_CAD6498969.1_327 [protein_id=CAD6498969.1] [location=complement(7473273..7473314)] [gbkey=CDS],0.08333333333333333,0.16666666666666666,0.08333333333333333,0,0,0,0.08333333333333333,0.08333333333333333,0,0.08333333333333333,0.16666666666666666,0,0,0,0,0.16666666666666666,0,0,0.08333333333333333,0
"lcl|LR898468.1_cds_CAD6498971.1_329 [protein_id=CAD6498971.1] [location=join(7508496..7508805,7508938..7509275)] [gbkey=CDS]",0.06074766355140187,0.08411214953271028,0.06542056074766354,0.08411214953271028,0.004672897196261682,0.06074766355140187,0.08411214953271028,0.056074766355140186,0.04205607476635514,0.06074766355140187,0.0794392523364486,0.03271028037383177,0.018691588785046728,0.04672897196261682,0.04205607476635514,0.06542056074766354,0.04205607476635514,0,0.03271028037383177,0.037383177570093455
"lcl|LR898468.1_cds_CAD6498972.1_330 [protein_id=CAD6498972.1] [location=complement(join(7516519..7516601,7516657..7517314,7517676..7517726))] [gbkey=CDS]",0.08015267175572519,0.061068702290076333,0.026717557251908396,0.04961832061068702,0.003816793893129771,0.022900763358778626,0.08778625954198473,0.08778625954198473,0.011450381679389313,0.07251908396946564,0.08015267175572519,0.08778625954198473,0.022900763358778626,0.026717557251908396,0.04961832061068702,0.06870229007633588,0.04198473282442748,0.003816793893129771,0.007633587786259542,0.10687022900763359
"lcl|LR898468.1_cds_CAD6498973.1_331 [protein_id=CAD6498973.1] [location=complement(join(7525189..7525632,7525684..7525726,7525776..7525896,7525950..7526295,7526380..7526452,7526505..7526572))] [gbkey=CDS]",0.06887052341597796,0.03305785123966942,0.05509641873278237,0.024793388429752067,0.030303030303030304,0.024793388429752067,0.046831955922865015,0.03856749311294766,0.013774104683195593,0.08264462809917356,0.12121212121212122,0.04132231404958678,0.03856749311294766,0.06336088154269973,0.046831955922865015,0.09090909090909091,0.06060606060606061,0.027548209366391185,0.03581267217630854,0.05509641873278237
lcl|LR898468.1_cds_CAD6498974.1_332 [protein_id=CAD6498974.1] [location=7527309..7529186] [gbkey=CDS],0.05608974358974359,0.08493589743589744,0.05929487179487179,0.07532051282051282,0,0.035256410256410256,0.08333333333333333,0.0673076923076923,0.030448717948717948,0.03365384615384615,0.07051282051282051,0.046474358974358976,0.014423076923076924,0.02564102564102564,0.0673076923076923,0.10256410256410256,0.0625,0.01282051282051282,0.028846153846153848,0.04326923076923077
"lcl|LR898468.1_cds_CAD6498975.1_333 [protein_id=CAD6498975.1] [location=join(7533555..7533704,7533755..7534709,7534756..7535006)] [gbkey=CDS]",0.06666666666666667,0.04666666666666667,0.042222222222222223,0.05333333333333334,0.017777777777777778,0.03777777777777778,0.04888888888888889,0.07777777777777778,0.04,0.07333333333333333,0.07333333333333333,0.04888888888888889,0.017777777777777778,0.04,0.06,0.09111111111111111,0.04888888888888889,0.006666666666666667,0.04,0.06888888888888889
"lcl|LR898468.1_cds_CAD6498976.1_334 [protein_id=CAD6498976.1] [location=complement(join(7549177..7549919,7549977..7550835))] [gbkey=CDS]",0.05451127819548872,0.046992481203007516,0.08270676691729323,0.05639097744360902,0.0037593984962406013,0.06203007518796992,0.08082706766917293,0.046992481203007516,0.02443609022556391,0.05827067669172932,0.06578947368421052,0.06578947368421052,0.009398496240601503,0.022556390977443608,0.05451127819548872,0.11842105263157894,0.07706766917293233,0.0037593984962406013,0.020676691729323307,0.045112781954887216
"lcl|LR898468.1_cds_CAD6498977.1_335 [protein_id=CAD6498977.1] [location=join(7552708..7552957,7553008..7553708,7553753..7553854)] [gbkey=CDS]",0.07449856733524356,0.06876790830945559,0.045845272206303724,0.04871060171919771,0.0028653295128939827,0.07449856733524356,0.06876790830945559,0.054441260744985676,0.014326647564469915,0.06876790830945559,0.08882521489971347,0.06017191977077364,0.02865329512893983,0.03151862464183381,0.025787965616045846,0.10888252148997135,0.04871060171919771,0.0057306590257879654,0.022922636103151862,0.05730659025787966
"lcl|LR898468.1_cds_CAD6498978.1_336 [protein_id=CAD6498978.1] [location=complement(join(7554555..7554875,7554923..7555385,7555500..7555768,7555821..7555868))] [gbkey=CDS]",0.1095890410958904,0.052054794520547946,0.04657534246575343,0.057534246575342465,0.0136986301369863,0.03561643835616438,0.06575342465753424,0.0821917808219178,0.01643835616438356,0.038356164383561646,0.04657534246575343,0.07671232876712329,0.019178082191780823,0.038356164383561646,0.043835616438356165,0.11232876712328767,0.049315068493150684,0.024657534246575342,0.019178082191780823,0.052054794520547946
"lcl|LR898468.1_cds_CAD6498979.1_337 [protein_id=CAD6498979.1] [location=complement(join(7556569..7556952,7557016..7557258,7557304..7557607,7557736..7557956))] [gbkey=CDS]",0.10732984293193717,0.07591623036649214,0.03926701570680628,0.0549738219895288,0,0.04450261780104712,0.11518324607329843,0.10209424083769633,0.005235602094240838,0.04450261780104712,0.0549738219895288,0.060209424083769635,0.007853403141361256,0.01832460732984293,0.060209424083769635,0.06544502617801047,0.0549738219895288,0,0.015706806282722512,0.07329842931937172
"lcl|LR898468.1_cds_CAD6498980.1_338 [protein_id=CAD6498980.1] [location=complement(join(7616959..7618612,7618679..7618777,7618865..7619040,7619114..7619272))] [gbkey=CDS]",0.05763688760806916,0.06051873198847262,0.03890489913544669,0.05475504322766571,0.01585014409221902,0.03890489913544669,0.06195965417867435,0.04610951008645533,0.024495677233429394,0.06772334293948126,0.11239193083573487,0.05763688760806916,0.01440922190201729,0.053314121037463975,0.05763688760806916,0.08501440922190202,0.053314121037463975,0.008645533141210375,0.037463976945244955,0.053314121037463975
"lcl|LR898468.1_cds_CAD6498982.1_340 [protein_id=CAD6498982.1] [location=join(7643450..7644475,7644764..7645286,7645326..7646036,7646088..7646284)] [gbkey=CDS]",0.06854345165238677,0.05507955936352509,0.05385556915544676,0.05752753977968176,0.014687882496940025,0.033047735618115054,0.06854345165238677,0.046511627906976744,0.01835985312117503,0.06364749082007344,0.08935128518971848,0.07099143206854346,0.0208078335373317,0.0416156670746634,0.04895960832313342,0.08935128518971848,0.06976744186046512,0.014687882496940025,0.0208078335373317,0.05385556915544676
"lcl|LR898468.1_cds_CAD6498983.1_341 [protein_id=CAD6498983.1] [location=complement(join(7650281..7650477,7650529..7651353,7651402..7651807,7652096..7653121))] [gbkey=CDS]",0.06862745098039216,0.05514705882352941,0.05392156862745098,0.05759803921568627,0.015931372549019607,0.031862745098039214,0.06740196078431372,0.05024509803921569,0.01838235294117647,0.0661764705882353,0.09068627450980392,0.07107843137254902,0.020833333333333332,0.04044117647058824,0.04411764705882353,0.09436274509803921,0.06862745098039216,0.014705882352941176,0.020833333333333332,0.049019607843137254
"lcl|LR898468.1_cds_CAD6498984.1_342 [protein_id=CAD6498984.1] [location=join(7661032..7661135,7661195..7661825)] [gbkey=CDS]",0.06172839506172839,0.04938271604938271,0.02880658436213992,0.053497942386831275,0,0.024691358024691357,0.04526748971193416,0.09465020576131687,0.0205761316872428,0.07407407407407407,0.09465020576131687,0.07818930041152264,0.024691358024691357,0.037037037037037035,0.0411522633744856,0.05761316872427984,0.06584362139917696,0.01646090534979424,0.04938271604938271,0.0823045267489712
"lcl|LR898468.1_cds_CAD6498985.1_343 [protein_id=CAD6498985.1] [location=join(7669277..7670302,7670591..7671119,7671159..7671740,7672136..7672264,7672316..7672512)] [gbkey=CDS]",0.0695970695970696,0.057387057387057384,0.04884004884004884,0.05860805860805861,0.014652014652014652,0.03296703296703297,0.0695970695970696,0.04395604395604396,0.020757020757020756,0.06715506715506715,0.08547008547008547,0.0695970695970696,0.020757020757020756,0.03907203907203907,0.050061050061050064,0.09035409035409035,0.06715506715506715,0.014652014652014652,0.020757020757020756,0.05860805860805861
"lcl|LR898468.1_cds_CAD6498986.1_344 [protein_id=CAD6498986.1] [location=complement(join(7676509..7676705,7676757..7677581,7677630..7678035,7678324..7679349))] [gbkey=CDS]",0.07352941176470588,0.05759803921568627,0.05514705882352941,0.06004901960784314,0.013480392156862746,0.031862745098039214,0.0661764705882353,0.04779411764705882,0.0196078431372549,0.06985294117647059,0.08455882352941177,0.06862745098039216,0.020833333333333332,0.04044117647058824,0.04411764705882353,0.09068627450980392,0.06740196078431372,0.014705882352941176,0.023284313725490197,0.05024509803921569
"lcl|LR898468.1_cds_CAD6498987.1_345 [protein_id=CAD6498987.1] [location=join(7694467..7694608,7694688..7694875,7694980..7695321,7695423..7695551,7695624..7695791)] [gbkey=CDS]",0.0778816199376947,0.037383177570093455,0.04984423676012461,0.0778816199376947,0.018691588785046728,0.04361370716510903,0.03426791277258567,0.08099688473520249,0.021806853582554516,0.07165109034267912,0.07476635514018691,0.009345794392523364,0.01557632398753894,0.0529595015576324,0.08722741433021806,0.08411214953271028,0.056074766355140186,0.01557632398753894,0.04361370716510903,0.04672897196261682
lcl|LR898468.1_cds_CAD6498988.1_346 [protein_id=CAD6498988.1] [location=complement(7726205..7726846)] [gbkey=CDS],0.09905660377358491,0.08490566037735849,0.02830188679245283,0.03773584905660377,0.02358490566037736,0.05188679245283019,0.04716981132075472,0.03773584905660377,0.04245283018867924,0.05660377358490566,0.10849056603773585,0.03773584905660377,0.0047169811320754715,0.03773584905660377,0.06132075471698113,0.06132075471698113,0.06132075471698113,0.014150943396226415,0.018867924528301886,0.08490566037735849
lcl|LR898468.1_cds_CAD6498989.1_347 [protein_id=CAD6498989.1] [location=complement(7727027..7727107)] [gbkey=CDS],0.12,0.08,0,0.08,0.04,0,0.12,0.16,0,0.08,0.08,0.04,0,0.04,0.04,0.08,0,0,0,0.04
lcl|LR898468.1_cds_CAD6498990.1_348 [protein_id=CAD6498990.1] [location=complement(7727446..7727499)] [gbkey=CDS],0.125,0.0625,0.0625,0,0,0.125,0.0625,0.125,0,0.0625,0.0625,0,0,0,0,0.1875,0.125,0,0,0
"lcl|LR898468.1_cds_CAD6498991.1_349 [protein_id=CAD6498991.1] [location=complement(join(7730547..7730743,7730795..7731634,7731725..7732145,7732434..7733459))] [gbkey=CDS]",0.07263922518159806,0.05811138014527845,0.05447941888619855,0.05690072639225181,0.014527845036319613,0.02784503631961259,0.06900726392251816,0.04963680387409201,0.018159806295399514,0.06416464891041163,0.0847457627118644,0.07142857142857142,0.018159806295399514,0.0423728813559322,0.044794188861985475,0.09322033898305085,0.06658595641646489,0.01694915254237288,0.020581113801452784,0.05569007263922518
lcl|LR898468.1_cds_CAD6498992.1_350 [protein_id=CAD6498992.1] [location=7739113..7739613] [gbkey=CDS],0.11515151515151516,0.06666666666666667,0.030303030303030304,0.08484848484848485,0.048484848484848485,0.07272727272727272,0.030303030303030304,0.04242424242424243,0.030303030303030304,0.012121212121212121,0.03636363636363636,0.07272727272727272,0.012121212121212121,0.030303030303030304,0.048484848484848485,0.11515151515151516,0.06666666666666667,0.006060606060606061,0.01818181818181818,0.06060606060606061
"lcl|LR898468.1_cds_CAD6498993.1_351 [protein_id=CAD6498993.1] [location=complement(join(7741414..7741760,7741829..7742114,7742162..7742269))] [gbkey=CDS]",0.06938775510204082,0.0653061224489796,0.0326530612244898,0.12244897959183673,0,0.044897959183673466,0.07346938775510205,0.11020408163265306,0.0163265306122449,0.02857142857142857,0.061224489795918366,0.05714285714285714,0.0163265306122449,0.02857142857142857,0.06938775510204082,0.0653061224489796,0.04081632653061224,0.00816326530612245,0.04897959183673469,0.04081632653061224
lcl|LR898468.1_cds_CAD6498994.1_352 [protein_id=CAD6498994.1] [location=7747575..7752347] [gbkey=CDS],0.05852737570799245,0.0711139081183134,0.06922592825676527,0.059786028949024544,0.01825047199496539,0.037130270610446825,0.0591567023285085,0.059786028949024544,0.024543738200125866,0.0591567023285085,0.07300188797986155,0.07740717432347388,0.018879798615481436,0.03524229074889868,0.04090623033354311,0.0881057268722467,0.048458149779735685,0.01825047199496539,0.03146633102580239,0.051604782882315924
"lcl|LR898468.1_cds_CAD6498995.1_353 [protein_id=CAD6498995.1] [location=join(7754135..7754255,7754367..7755316)] [gbkey=CDS]",0.05070422535211268,0.03943661971830986,0.02535211267605634,0.061971830985915494,0.011267605633802818,0.04507042253521127,0.04788732394366197,0.03943661971830986,0.028169014084507043,0.061971830985915494,0.17183098591549295,0.036619718309859155,0.028169014084507043,0.030985915492957747,0.08169014084507042,0.0676056338028169,0.09014084507042254,0.005633802816901409,0.03380281690140845,0.04225352112676056
"lcl|LR898468.1_cds_CAD6498996.1_354 [protein_id=CAD6498996.1] [location=complement(join(7755894..7756800,7756845..7758559))] [gbkey=CDS]",0.07339449541284404,0.045871559633027525,0.04128440366972477,0.04128440366972477,0.017201834862385322,0.034403669724770644,0.026376146788990827,0.0676605504587156,0.017201834862385322,0.0676605504587156,0.09518348623853211,0.03211009174311927,0.022935779816513763,0.06536697247706422,0.05733944954128441,0.08142201834862385,0.05619266055045872,0.03784403669724771,0.045871559633027525,0.07339449541284404
"lcl|LR898468.1_cds_CAD6498997.1_355 [protein_id=CAD6498997.1] [location=complement(join(7812210..7812576,7812626..7814157))] [gbkey=CDS]",0.06656101426307448,0.03803486529318542,0.03169572107765452,0.04595879556259905,0.012678288431061807,0.03328050713153724,0.039619651347068144,0.07606973058637084,0.012678288431061807,0.06814580031695722,0.10935023771790808,0.042789223454833596,0.03169572107765452,0.06497622820919176,0.0554675118858954,0.08399366085578447,0.06814580031695722,0.02694136291600634,0.03169572107765452,0.060221870047543584
"lcl|LR898468.1_cds_CAD6498998.1_356 [protein_id=CAD6498998.1] [location=join(7814493..7814586,7814631..7815439)] [gbkey=CDS]",0.08361204013377926,0.08695652173913043,0.05016722408026756,0.05351170568561873,0.013377926421404682,0.05351170568561873,0.07357859531772576,0.05016722408026756,0.030100334448160536,0.07357859531772576,0.12709030100334448,0.03678929765886288,0.016722408026755852,0.020066889632107024,0.033444816053511704,0.06354515050167224,0.06020066889632107,0.0033444816053511705,0.03678929765886288,0.033444816053511704
"lcl|LR898468.1_cds_CAD6499000.1_358 [protein_id=CAD6499000.1] [location=join(7864397..7864634,7864691..7864803)] [gbkey=CDS]",0.034782608695652174,0.06086956521739131,0.043478260869565216,0.0782608695652174,0.06086956521739131,0.05217391304347826,0.043478260869565216,0.034782608695652174,0.043478260869565216,0.06956521739130435,0.09565217391304348,0.043478260869565216,0.008695652173913044,0,0.05217391304347826,0.06956521739130435,0.017391304347826087,0.034782608695652174,0.043478260869565216,0.11304347826086956
"lcl|LR898468.1_cds_CAD6499001.1_359 [protein_id=CAD6499001.1] [location=complement(join(7866913..7867025,7867082..7867217))] [gbkey=CDS]",0.024691358024691357,0.04938271604938271,0.04938271604938271,0.12345679012345678,0.037037037037037035,0.024691358024691357,0.04938271604938271,0.06172839506172839,0.04938271604938271,0.04938271604938271,0.04938271604938271,0.07407407407407407,0.024691358024691357,0.037037037037037035,0.06172839506172839,0.04938271604938271,0,0.024691358024691357,0.06172839506172839,0.09876543209876543
"lcl|LR898468.1_cds_CAD6499002.1_360 [protein_id=CAD6499002.1] [location=complement(join(7893336..7894782,7894831..7895402))] [gbkey=CDS]",0.05365126676602087,0.08941877794336811,0.03427719821162444,0.03576751117734724,0.040238450074515646,0.04918032786885246,0.09687034277198212,0.026825633383010434,0.04769001490312966,0.040238450074515646,0.08941877794336811,0.05663189269746647,0.014903129657228018,0.01788375558867362,0.05365126676602087,0.09687034277198212,0.05663189269746647,0.007451564828614009,0.026825633383010434,0.06557377049180328
"lcl|LR898468.1_cds_CAD6499003.1_361 [protein_id=CAD6499003.1] [location=complement(join(7912379..7912586,7912638..7913349,7913383..7913899,7914188..7915213))] [gbkey=CDS]",0.07936507936507936,0.052503052503052504,0.05128205128205128,0.05372405372405373,0.019536019536019536,0.03296703296703297,0.07081807081807082,0.05128205128205128,0.017094017094017096,0.06471306471306472,0.08913308913308914,0.06593406593406594,0.0231990231990232,0.042735042735042736,0.042735042735042736,0.08791208791208792,0.06593406593406594,0.014652014652014652,0.0231990231990232,0.05128205128205128
lcl|LR898468.1_cds_CAD6499004.1_362 [protein_id=CAD6499004.1] [location=7929671..7929784] [gbkey=CDS],0.08333333333333333,0.08333333333333333,0,0.05555555555555555,0.027777777777777776,0.027777777777777776,0.05555555555555555,0.05555555555555555,0.05555555555555555,0.08333333333333333,0.027777777777777776,0.08333333333333333,0,0,0.05555555555555555,0.16666666666666666,0,0.05555555555555555,0.027777777777777776,0.05555555555555555
"lcl|LR898468.1_cds_CAD6499005.1_363 [protein_id=CAD6499005.1] [location=complement(join(7958720..7958927,7958979..7959708,7959739..7960240,7960529..7961554))] [gbkey=CDS]",0.07804878048780488,0.0524390243902439,0.0524390243902439,0.05975609756097561,0.018292682926829267,0.03536585365853658,0.06463414634146342,0.05121951219512195,0.018292682926829267,0.06219512195121951,0.08536585365853659,0.06585365853658537,0.023170731707317073,0.045121951219512194,0.04024390243902439,0.09268292682926829,0.06707317073170732,0.014634146341463415,0.023170731707317073,0.05
lcl|LR898468.1_cds_CAD6499006.1_364 [protein_id=CAD6499006.1] [location=complement(7963219..7963227)] [gbkey=CDS],0,1,0,0,0,0,0,0,0,0,0,0,0,0,0,0,0,0,0,0
"lcl|LR898468.1_cds_CAD6499007.1_365 [protein_id=CAD6499007.1] [location=join(7974654..7975679,7975968..7976484,7976518..7977229,7977281..7977488)] [gbkey=CDS]",0.08180708180708181,0.052503052503052504,0.04884004884004884,0.05982905982905983,0.019536019536019536,0.03540903540903541,0.06715506715506715,0.04884004884004884,0.017094017094017096,0.06471306471306472,0.08058608058608059,0.06593406593406594,0.02197802197802198,0.040293040293040296,0.042735042735042736,0.0927960927960928,0.06471306471306472,0.014652014652014652,0.02564102564102564,0.054945054945054944
"lcl|LR898468.1_cds_CAD6499008.1_366 [protein_id=CAD6499008.1] [location=complement(join(7988438..7988634,7988686..7989414,7989445..7989946,7990235..7991260))] [gbkey=CDS]",0.0784313725490196,0.05759803921568627,0.05024509803921569,0.058823529411764705,0.015931372549019607,0.03308823529411765,0.06985294117647059,0.05024509803921569,0.01715686274509804,0.06495098039215687,0.08455882352941177,0.06740196078431372,0.023284313725490197,0.04411764705882353,0.041666666666666664,0.08823529411764706,0.07230392156862746,0.014705882352941176,0.020833333333333332,0.04656862745098039
lcl|LR898468.1_cds_CAD6499009.1_367 [protein_id=CAD6499009.1] [location=complement(7992889..7992933)] [gbkey=CDS],0,0.07692307692307693,0.07692307692307693,0,0.07692307692307693,0,0.07692307692307693,0.07692307692307693,0,0.15384615384615385,0.07692307692307693,0,0.07692307692307693,0.07692307692307693,0,0.15384615384615385,0.07692307692307693,0,0,0
"lcl|LR898468.1_cds_CAD6499010.1_368 [protein_id=CAD6499010.1] [location=join(7998606..7999631,7999920..8000421,8000452..8001180,8001232..8001428)] [gbkey=CDS]",0.07965686274509803,0.05759803921568627,0.04779411764705882,0.06004901960784314,0.01838235294117647,0.03431372549019608,0.06985294117647059,0.049019607843137254,0.01838235294117647,0.06985294117647059,0.07965686274509803,0.06740196078431372,0.022058823529411766,0.0392156862745098,0.0392156862745098,0.09068627450980392,0.06985294117647059,0.014705882352941176,0.022058823529411766,0.05024509803921569
"lcl|LR898468.1_cds_CAD6499011.1_369 [protein_id=CAD6499011.1] [location=join(8014946..8015971,8016260..8016776,8016810..8017521,8017573..8017780)] [gbkey=CDS]",0.07936507936507936,0.054945054945054944,0.050061050061050064,0.057387057387057384,0.020757020757020756,0.03540903540903541,0.06715506715506715,0.05128205128205128,0.017094017094017096,0.06227106227106227,0.08791208791208792,0.06593406593406594,0.0231990231990232,0.04395604395604396,0.04395604395604396,0.08791208791208792,0.06593406593406594,0.014652014652014652,0.020757020757020756,0.050061050061050064
"lcl|LR898468.1_cds_CAD6499012.1_370 [protein_id=CAD6499012.1] [location=complement(join(8035078..8035274,8035326..8036054,8036085..8036586,8036875..8037900))] [gbkey=CDS]",0.07720588235294118,0.058823529411764705,0.05024509803921569,0.058823529411764705,0.01715686274509804,0.03308823529411765,0.06862745098039216,0.05024509803921569,0.01715686274509804,0.0661764705882353,0.08700980392156862,0.06740196078431372,0.023284313725490197,0.0428921568627451,0.041666666666666664,0.08946078431372549,0.07352941176470588,0.014705882352941176,0.01838235294117647,0.04411764705882353
"lcl|LR898468.1_cds_CAD6499013.1_371 [protein_id=CAD6499013.1] [location=complement(join(8049723..8049919,8049971..8050681,8050715..8051231,8051520..8051600))] [gbkey=CDS]",0.076,0.062,0.054,0.052,0.018,0.026,0.068,0.052,0.02,0.066,0.086,0.07,0.028,0.034,0.038,0.104,0.07,0.012,0.016,0.048
"lcl|LR898468.1_cds_CAD6499014.1_372 [protein_id=CAD6499014.1] [location=join(8062070..8062187,8062236..8063002)] [gbkey=CDS]",0.09556313993174062,0.03754266211604096,0.03754266211604096,0.04436860068259386,0.020477815699658702,0.030716723549488054,0.08191126279863481,0.08191126279863481,0.017064846416382253,0.06143344709897611,0.09215017064846416,0.051194539249146756,0.017064846416382253,0.040955631399317405,0.034129692832764506,0.08532423208191127,0.05460750853242321,0.023890784982935155,0.020477815699658702,0.07167235494880546
lcl|LR898468.1_cds_CAD6499015.1_373 [protein_id=CAD6499015.1] [location=8068047..8068274] [gbkey=CDS],0.013513513513513514,0.02702702702702703,0.04054054054054054,0.04054054054054054,0.013513513513513514,0.06756756756756757,0.04054054054054054,0.05405405405405406,0.06756756756756757,0.02702702702702703,0.0945945945945946,0.02702702702702703,0.02702702702702703,0.02702702702702703,0.05405405405405406,0.14864864864864866,0.10810810810810811,0.05405405405405406,0,0.06756756756756757
"lcl|LR898468.1_cds_CAD6499016.1_374 [protein_id=CAD6499016.1] [location=join(8070501..8070834,8070883..8071034,8071082..8073833,8073882..8074483)] [gbkey=CDS]",0.11580594679186229,0.014084507042253521,0.07042253521126761,0.028169014084507043,0.002347417840375587,0.05712050078247261,0.024256651017214397,0.1134585289514867,0.004694835680751174,0.06338028169014084,0.11815336463223787,0.0406885758998435,0.035211267605633804,0.0406885758998435,0.04381846635367762,0.09154929577464789,0.081377151799687,0.001564945226917058,0.003912363067292645,0.04929577464788732
"lcl|LR898468.1_cds_CAD6499017.1_375 [protein_id=CAD6499017.1] [location=complement(join(8085806..8087389,8087433..8090000,8090050..8090153,8090209..8090734))] [gbkey=CDS]",0.07474874371859297,0.05339195979899498,0.048994974874371856,0.06281407035175879,0.02386934673366834,0.04459798994974874,0.0678391959798995,0.038316582914572864,0.02701005025125628,0.06407035175879397,0.09798994974874371,0.06909547738693467,0.02386934673366834,0.04648241206030151,0.03768844221105527,0.07600502512562814,0.048994974874371856,0.01256281407035176,0.031407035175879394,0.05025125628140704
lcl|LR898468.1_cds_CAD6499018.1_376 [protein_id=CAD6499018.1] [location=complement(8095528..8095683)] [gbkey=CDS],0.04,0.06,0,0.02,0.02,0,0.08,0.02,0.12,0,0.2,0.04,0.02,0.02,0.06,0.1,0.06,0,0.08,0.06
lcl|LR898468.1_cds_CAD6499020.1_378 [protein_id=CAD6499020.1] [location=8118065..8118160] [gbkey=CDS],0.06666666666666667,0.03333333333333333,0,0.03333333333333333,0,0,0,0,0.13333333333333333,0.03333333333333333,0.2,0.03333333333333333,0.03333333333333333,0,0.1,0.13333333333333333,0.06666666666666667,0,0.06666666666666667,0.06666666666666667
"lcl|LR898468.1_cds_CAD6499021.1_379 [protein_id=CAD6499021.1] [location=join(8155249..8155333,8155381..8157434)] [gbkey=CDS]",0.06047819971870605,0.03938115330520394,0.046413502109704644,0.04219409282700422,0.015471167369901548,0.02390998593530239,0.040787623066104076,0.07454289732770746,0.012658227848101266,0.0759493670886076,0.11251758087201125,0.04219409282700422,0.011251758087201125,0.056258790436005623,0.046413502109704644,0.10829817158931083,0.04360056258790436,0.03234880450070324,0.053445850914205346,0.06188466947960619
"lcl|LR898468.1_cds_CAD6499022.1_380 [protein_id=CAD6499022.1] [location=join(8205692..8205897,8205954..8206230,8206297..8206844,8206895..8206925)] [gbkey=CDS]",0.056818181818181816,0.06534090909090909,0.0625,0.07670454545454546,0.008522727272727272,0.019886363636363636,0.11079545454545454,0.045454545454545456,0.017045454545454544,0.05965909090909091,0.13068181818181818,0.0625,0.014204545454545454,0.022727272727272728,0.05113636363636364,0.07954545454545454,0.056818181818181816,0.005681818181818182,0.03977272727272727,0.014204545454545454
"lcl|LR898468.1_cds_CAD6499023.1_381 [protein_id=CAD6499023.1] [location=complement(join(8255027..8257264,8257318..8257867,8257918..8257928))] [gbkey=CDS]",0.05800214822771214,0.06015037593984962,0.05907626208378088,0.05477980665950591,0.015037593984962405,0.04296455424274973,0.08592910848549946,0.01288936627282492,0.031149301825993556,0.05907626208378088,0.12137486573576799,0.06874328678839957,0.015037593984962405,0.034371643394199784,0.04403866809881848,0.10955961331901182,0.04833512352309345,0.00966702470461869,0.024704618689581095,0.045112781954887216
"lcl|LR898468.1_cds_CAD6499024.1_382 [protein_id=CAD6499024.1] [location=join(8264624..8265125,8265177..8265512,8265562..8265888,8265949..8266421,8266473..8266625)] [gbkey=CDS]",0.09747899159663866,0.03697478991596639,0.04201680672268908,0.05042016806722689,0.013445378151260505,0.023529411764705882,0.058823529411764705,0.07058823529411765,0.023529411764705882,0.06722689075630252,0.09411764705882353,0.06386554621848739,0.03865546218487395,0.021848739495798318,0.05042016806722689,0.08235294117647059,0.05378151260504202,0.005042016806722689,0.021848739495798318,0.08403361344537816
"lcl|LR898468.1_cds_CAD6499025.1_383 [protein_id=CAD6499025.1] [location=complement(join(8271693..8273577,8273626..8274547,8274594..8274852))] [gbkey=CDS]",0.07450980392156863,0.07549019607843137,0.04803921568627451,0.050980392156862744,0.0058823529411764705,0.03431372549019608,0.05392156862745098,0.04411764705882353,0.021568627450980392,0.050980392156862744,0.09803921568627451,0.0392156862745098,0.03235294117647059,0.060784313725490195,0.052941176470588235,0.09901960784313725,0.060784313725490195,0.010784313725490196,0.021568627450980392,0.06470588235294118
"lcl|LR898468.1_cds_CAD6499026.1_384 [protein_id=CAD6499026.1] [location=complement(join(8407558..8407619,8407673..8408212,8408255..8408509,8408599..8408737,8408791..8409327))] [gbkey=CDS]",0.2082514734774067,0.007858546168958742,0.03732809430255403,0.10609037328094302,0.01768172888015717,0.03732809430255403,0.05304518664047151,0.11394891944990176,0.007858546168958742,0.0275049115913556,0.047151277013752456,0.12573673870333987,0.0019646365422396855,0.021611001964636542,0.019646365422396856,0.06679764243614932,0.05304518664047151,0,0.005893909626719057,0.0412573673870334
"lcl|LR898468.1_cds_CAD6499027.1_385 [protein_id=CAD6499027.1] [location=complement(join(8426581..8429369,8429416..8429587,8429636..8430172))] [gbkey=CDS]",0.26374570446735396,0.00429553264604811,0.041237113402061855,0.054982817869415807,0.00429553264604811,0.011168384879725086,0.15378006872852235,0.17869415807560138,0.006013745704467354,0.012027491408934709,0.02663230240549828,0.15378006872852235,8.59106529209622e-4,0.006872852233676976,0.019759450171821305,0.022336769759450172,0.01288659793814433,0,0,0.02663230240549828
"lcl|LR898468.1_cds_CAD6499028.1_386 [protein_id=CAD6499028.1] [location=join(8434963..8435499,8435553..8435727,8435805..8436500,8436554..8436615)] [gbkey=CDS]",0.2069672131147541,0.006147540983606557,0.0389344262295082,0.10245901639344263,0.018442622950819672,0.0389344262295082,0.05942622950819672,0.10655737704918032,0.00819672131147541,0.028688524590163935,0.04918032786885246,0.11885245901639344,0.0020491803278688526,0.022540983606557378,0.020491803278688523,0.06967213114754098,0.05327868852459016,0,0.006147540983606557,0.0430327868852459
"lcl|LR898468.1_cds_CAD6499029.1_387 [protein_id=CAD6499029.1] [location=join(8439280..8439463,8439516..8439814,8439869..8440495,8440550..8441032)] [gbkey=CDS]",0.09829867674858223,0.03780718336483932,0.020793950850661626,0.02835538752362949,0.015122873345935728,0.02835538752362949,0.043478260869565216,0.10207939508506617,0.01890359168241966,0.06805293005671077,0.09829867674858223,0.03969754253308128,0.035916824196597356,0.052930056710775046,0.03213610586011342,0.07561436672967864,0.06049149338374291,0.01890359168241966,0.034026465028355386,0.09073724007561437
"lcl|LR898468.1_cds_CAD6499030.1_388 [protein_id=CAD6499030.1] [location=complement(join(8460502..8461358,8461521..8461904,8461962..8462946))] [gbkey=CDS]",0.051351351351351354,0.07162162162162163,0.060810810810810814,0.06621621621621622,0.01756756756756757,0.031081081081081083,0.03783783783783784,0.05810810810810811,0.041891891891891894,0.052702702702702706,0.07567567567567568,0.05,0.008108108108108109,0.032432432432432434,0.07162162162162163,0.1445945945945946,0.06351351351351352,0.002702702702702703,0.024324324324324326,0.03783783783783784
"lcl|LR898468.1_cds_CAD6499031.1_389 [protein_id=CAD6499031.1] [location=complement(join(8480540..8480605,8480677..8480721,8480773..8480898,8480940..8481266,8481319..8481321))] [gbkey=CDS]",0.06417112299465241,0.06951871657754011,0.0374331550802139,0.03208556149732621,0.016042780748663103,0.0374331550802139,0.0962566844919786,0.016042780748663103,0.03208556149732621,0.0748663101604278,0.0962566844919786,0.0427807486631016,0.0213903743315508,0.06951871657754011,0.0427807486631016,0.09090909090909091,0.0748663101604278,0,0.03208556149732621,0.053475935828877004
"lcl|LR898468.1_cds_CAD6499032.1_390 [protein_id=CAD6499032.1] [location=complement(join(8523420..8523657,8523728..8524015,8524121..8524185))] [gbkey=CDS]",0.046153846153846156,0.08717948717948718,0.046153846153846156,0.06153846153846154,0.005128205128205128,0.06666666666666667,0.09230769230769231,0.020512820512820513,0.015384615384615385,0.041025641025641026,0.10256410256410256,0.08205128205128205,0.03076923076923077,0.05128205128205128,0.07179487179487179,0.07179487179487179,0.03076923076923077,0.015384615384615385,0.015384615384615385,0.046153846153846156
"lcl|LR898468.1_cds_CAD6499033.1_391 [protein_id=CAD6499033.1] [location=join(8546460..8546657,8546710..8547609)] [gbkey=CDS]",0.09065934065934066,0.07692307692307693,0.024725274725274724,0.02197802197802198,0.01098901098901099,0.024725274725274724,0.03021978021978022,0.09340659340659341,0.024725274725274724,0.07142857142857142,0.08241758241758242,0.04120879120879121,0.019230769230769232,0.04945054945054945,0.057692307692307696,0.0989010989010989,0.06593406593406594,0.013736263736263736,0.046703296703296704,0.054945054945054944
lcl|LR898468.1_cds_CAD6499034.1_392 [protein_id=CAD6499034.1] [location=complement(8549114..8550970)] [gbkey=CDS],0.07779578606158834,0.055105348460291734,0.04862236628849271,0.055105348460291734,0.014586709886547812,0.03403565640194489,0.06158833063209076,0.08427876823338736,0.02593192868719611,0.04376012965964344,0.09076175040518639,0.05834683954619125,0.011345218800648298,0.04700162074554295,0.05186385737439222,0.07779578606158834,0.06158833063209076,0.014586709886547812,0.03727714748784441,0.04862236628849271
"lcl|LR898468.1_cds_CAD6499035.1_393 [protein_id=CAD6499035.1] [location=join(8584339..8584957,8585005..8590895,8590943..8590999)] [gbkey=CDS]",0.07544581618655692,0.04252400548696845,0.04526748971193416,0.053040695016003656,0.013717421124828532,0.03657978966620942,0.0566986739826246,0.06355738454503887,0.0205761316872428,0.0745313214449017,0.09510745313214448,0.05852766346593507,0.0205761316872428,0.039323273891175126,0.04298125285779607,0.08596250571559214,0.06355738454503887,0.006401463191586648,0.03337905807041609,0.0722450845907636
"lcl|LR898468.1_cds_CAD6499036.1_394 [protein_id=CAD6499036.1] [location=complement(join(8598677..8598941,8598997..8599440,8599523..8599572))] [gbkey=CDS]",0.0796812749003984,0.0199203187250996,0.055776892430278883,0.07569721115537849,0.0199203187250996,0.0199203187250996,0.04780876494023904,0.09163346613545817,0.02390438247011952,0.09163346613545817,0.055776892430278883,0.07569721115537849,0.01593625498007968,0.07171314741035857,0.05179282868525897,0.07569721115537849,0.0398406374501992,0.01195219123505976,0.02390438247011952,0.05179282868525897
"lcl|LR898468.1_cds_CAD6499037.1_395 [protein_id=CAD6499037.1] [location=complement(join(8602112..8602150,8602247..8602355,8602426..8602782,8602833..8603140))] [gbkey=CDS]",0.11152416356877323,0.06319702602230483,0.04460966542750929,0.06691449814126393,0.01858736059479554,0.022304832713754646,0.055762081784386616,0.06691449814126393,0.007434944237918215,0.08550185873605948,0.08178438661710037,0.05204460966542751,0.01486988847583643,0.02973977695167286,0.040892193308550186,0.06691449814126393,0.055762081784386616,0.0037174721189591076,0.01858736059479554,0.09293680297397769
"lcl|LR898468.1_cds_CAD6499038.1_396 [protein_id=CAD6499038.1] [location=complement(join(8637879..8639594,8639652..8640290,8640344..8640567,8640617..8640968))] [gbkey=CDS]",0.10358974358974359,0.038974358974358976,0.03282051282051282,0.05846153846153846,0.010256410256410256,0.033846153846153845,0.057435897435897436,0.07794871794871795,0.01641025641025641,0.07897435897435898,0.09846153846153846,0.05333333333333334,0.024615384615384615,0.03794871794871795,0.028717948717948718,0.05333333333333334,0.06358974358974359,0.017435897435897435,0.029743589743589743,0.0841025641025641
"lcl|LR898468.1_cds_CAD6499039.1_397 [protein_id=CAD6499039.1] [location=join(8658663..8658701,8658751..8658836,8658887..8659178)] [gbkey=CDS]",0.058394160583941604,0.08029197080291971,0.058394160583941604,0.0364963503649635,0.021897810218978103,0.043795620437956206,0.0364963503649635,0.08029197080291971,0.043795620437956206,0.08029197080291971,0.0948905109489051,0.072992700729927,0.0072992700729927005,0.0364963503649635,0.051094890510948905,0.051094890510948905,0.043795620437956206,0.014598540145985401,0.021897810218978103,0.06569343065693431
"lcl|LR898468.1_cds_CAD6499040.1_398 [protein_id=CAD6499040.1] [location=complement(join(8664953..8664989,8665080..8667844,8667905..8668044,8668112..8668154))] [gbkey=CDS]",0.0634441087613293,0.04632426988922457,0.04632426988922457,0.05840886203423968,0.007049345417925478,0.03927492447129909,0.05740181268882175,0.054380664652567974,0.017119838872104734,0.07150050352467271,0.09566968781470292,0.06243705941591138,0.012084592145015106,0.035246727089627394,0.0473313192346425,0.1027190332326284,0.0634441087613293,0.013091641490433032,0.03726082578046324,0.06948640483383686
"lcl|LR898468.1_cds_CAD6499041.1_399 [protein_id=CAD6499041.1] [location=complement(join(8670295..8670641,8670694..8671003,8671053..8671601,8671655..8671824,8671876..8672056))] [gbkey=CDS]",0.0851063829787234,0.03481624758220503,0.03481624758220503,0.05415860735009671,0.01160541586073501,0.030947775628626693,0.07543520309477757,0.03868471953578337,0.0367504835589942,0.0851063829787234,0.10444874274661509,0.07736943907156674,0.005802707930367505,0.0425531914893617,0.05029013539651837,0.07736943907156674,0.04642166344294004,0.007736943907156673,0.029013539651837523,0.07156673114119923
"lcl|LR898468.1_cds_CAD6499042.1_400 [protein_id=CAD6499042.1] [location=complement(join(8757092..8757201,8757253..8757487))] [gbkey=CDS]",0.07079646017699115,0.02654867256637168,0.017699115044247787,0.035398230088495575,0.017699115044247787,0.04424778761061947,0.061946902654867256,0.05309734513274336,0.035398230088495575,0.04424778761061947,0.09734513274336283,0.061946902654867256,0.008849557522123894,0.04424778761061947,0.04424778761061947,0.09734513274336283,0.07964601769911504,0.008849557522123894,0.07079646017699115,0.07964601769911504
lcl|LR898468.1_cds_CAD6499043.1_401 [protein_id=CAD6499043.1] [location=8777694..8777891] [gbkey=CDS],0.046875,0.125,0.015625,0.0625,0.015625,0.015625,0.140625,0.046875,0.09375,0.046875,0.09375,0.015625,0.015625,0.015625,0.0625,0.078125,0.015625,0.015625,0.015625,0.0625
"lcl|LR898468.1_cds_CAD6499044.1_402 [protein_id=CAD6499044.1] [location=join(8779390..8779808,8779858..8782453,8782527..8782640)] [gbkey=CDS]",0.06243996157540826,0.05475504322766571,0.043227665706051875,0.04707012487992315,0.010566762728146013,0.03842459173871278,0.07684918347742556,0.05571565802113353,0.027857829010566763,0.07396733909702209,0.09221902017291066,0.05763688760806916,0.03362151777137368,0.03842459173871278,0.052833813640730067,0.08069164265129683,0.0643611911623439,0.01536983669548511,0.022094140249759846,0.05187319884726225
lcl|LR898468.1_cds_CAD6499045.1_403 [protein_id=CAD6499045.1] [location=8801477..8804482] [gbkey=CDS],0.054,0.056,0.056,0.064,0.008,0.04,0.059,0.052,0.032,0.053,0.089,0.061,0.021,0.04,0.048,0.072,0.073,0.014,0.055,0.053
"lcl|LR898468.1_cds_CAD6499046.1_404 [protein_id=CAD6499046.1] [location=complement(join(8804597..8805484,8805547..8806004,8806052..8806217,8806280..8806353,8806408..8806495))] [gbkey=CDS]",0.052158273381294966,0.048561151079136694,0.0341726618705036,0.04136690647482014,0.019784172661870502,0.044964028776978415,0.06474820143884892,0.0341726618705036,0.019784172661870502,0.09172661870503597,0.16007194244604317,0.044964028776978415,0.007194244604316547,0.03237410071942446,0.06294964028776978,0.09172661870503597,0.0737410071942446,0.014388489208633094,0.012589928057553957,0.048561151079136694
"lcl|LR898468.1_cds_CAD6499047.1_405 [protein_id=CAD6499047.1] [location=complement(join(8831026..8831858,8831907..8832807))] [gbkey=CDS]",0.0625,0.06770833333333333,0.05555555555555555,0.0642361111111111,0.013888888888888888,0.029513888888888888,0.07118055555555555,0.043402777777777776,0.020833333333333332,0.07291666666666667,0.10590277777777778,0.06770833333333333,0.029513888888888888,0.036458333333333336,0.03298611111111111,0.06770833333333333,0.052083333333333336,0.019097222222222224,0.03298611111111111,0.05381944444444445
lcl|LR898468.1_cds_CAD6499048.1_406 [protein_id=CAD6499048.1] [location=8833162..8835507] [gbkey=CDS],0.07051282051282051,0.06923076923076923,0.046153846153846156,0.05641025641025641,0.01282051282051282,0.038461538461538464,0.06153846153846154,0.05512820512820513,0.017948717948717947,0.052564102564102565,0.09871794871794871,0.047435897435897434,0.020512820512820513,0.03076923076923077,0.046153846153846156,0.1294871794871795,0.05384615384615385,0.014102564102564103,0.03205128205128205,0.046153846153846156
"lcl|LR898468.1_cds_CAD6499049.1_407 [protein_id=CAD6499049.1] [location=join(8835816..8835865,8835927..8837241)] [gbkey=CDS]",0.09492273730684327,0.05518763796909492,0.04415011037527594,0.05739514348785872,0.004415011037527594,0.046357615894039736,0.10375275938189846,0.05077262693156733,0.011037527593818985,0.0728476821192053,0.11920529801324503,0.07505518763796909,0.011037527593818985,0.03532008830022075,0.019867549668874173,0.07947019867549669,0.05077262693156733,0.008830022075055188,0.017660044150110375,0.04194260485651214
"lcl|LR898468.1_cds_CAD6499050.1_408 [protein_id=CAD6499050.1] [location=complement(join(8837484..8838133,8838187..8838658))] [gbkey=CDS]",0.0456989247311828,0.07795698924731183,0.051075268817204304,0.053763440860215055,0.03225806451612903,0.03763440860215054,0.0913978494623656,0.051075268817204304,0.016129032258064516,0.03225806451612903,0.07258064516129033,0.08870967741935484,0.01881720430107527,0.04032258064516129,0.051075268817204304,0.0967741935483871,0.06989247311827956,0.013440860215053764,0.016129032258064516,0.043010752688172046
"lcl|LR898468.1_cds_CAD6499051.1_409 [protein_id=CAD6499051.1] [location=join(8839036..8839276,8839331..8839398,8839441..8840269,8840328..8840485)] [gbkey=CDS]",0.05813953488372093,0.05116279069767442,0.03255813953488372,0.07441860465116279,0.0069767441860465115,0.03953488372093023,0.08372093023255814,0.04186046511627907,0.01627906976744186,0.07441860465116279,0.03953488372093023,0.11627906976744186,0.01627906976744186,0.02558139534883721,0.053488372093023255,0.13023255813953488,0.053488372093023255,0.002325581395348837,0.01627906976744186,0.06744186046511629
"lcl|LR898468.1_cds_CAD6499052.1_410 [protein_id=CAD6499052.1] [location=complement(join(8886245..8886342,8886393..8886627))] [gbkey=CDS]",0.05504587155963303,0.027522935779816515,0.027522935779816515,0.009174311926605505,0.027522935779816515,0.03669724770642202,0.09174311926605505,0.05504587155963303,0.027522935779816515,0.03669724770642202,0.08256880733944955,0.045871559633027525,0.027522935779816515,0.03669724770642202,0.09174311926605505,0.10091743119266056,0.09174311926605505,0.009174311926605505,0.06422018348623854,0.05504587155963303
lcl|LR898468.1_cds_CAD6499053.1_411 [protein_id=CAD6499053.1] [location=complement(8901518..8901688)] [gbkey=CDS],0.07272727272727272,0.03636363636363636,0.03636363636363636,0.01818181818181818,0.03636363636363636,0.03636363636363636,0.01818181818181818,0,0.05454545454545454,0.12727272727272726,0.16363636363636364,0.01818181818181818,0.03636363636363636,0.03636363636363636,0.01818181818181818,0.14545454545454545,0.09090909090909091,0,0.01818181818181818,0.03636363636363636
"lcl|LR898468.1_cds_CAD6499054.1_412 [protein_id=CAD6499054.1] [location=join(8920739..8920973,8921024..8921136)] [gbkey=CDS]",0.05263157894736842,0.03508771929824561,0.043859649122807015,0.017543859649122806,0.017543859649122806,0.06140350877192982,0.05263157894736842,0.07894736842105263,0.017543859649122806,0.07017543859649122,0.07894736842105263,0.03508771929824561,0,0.043859649122807015,0.07894736842105263,0.08771929824561403,0.09649122807017543,0.017543859649122806,0.05263157894736842,0.06140350877192982
"lcl|LR898468.1_cds_CAD6499055.1_413 [protein_id=CAD6499055.1] [location=join(8950084..8950318,8950366..8950478)] [gbkey=CDS]",0.07017543859649122,0.03508771929824561,0.043859649122807015,0.03508771929824561,0.03508771929824561,0.06140350877192982,0.043859649122807015,0.08771929824561403,0.017543859649122806,0.02631578947368421,0.08771929824561403,0.02631578947368421,0.017543859649122806,0.06140350877192982,0.07894736842105263,0.08771929824561403,0.09649122807017543,0.008771929824561403,0.043859649122807015,0.03508771929824561
"lcl|LR898468.1_cds_CAD6499056.1_414 [protein_id=CAD6499056.1] [location=join(8984280..8984514,8984566..8984678)] [gbkey=CDS]",0.08771929824561403,0.05263157894736842,0.05263157894736842,0.043859649122807015,0.03508771929824561,0.03508771929824561,0.03508771929824561,0.05263157894736842,0.017543859649122806,0.03508771929824561,0.14035087719298245,0.07017543859649122,0,0.043859649122807015,0.043859649122807015,0.07894736842105263,0.03508771929824561,0.008771929824561403,0.07894736842105263,0.05263157894736842
"lcl|LR898468.1_cds_CAD6499057.1_415 [protein_id=CAD6499057.1] [location=join(9061654..9061888,9061939..9062051)] [gbkey=CDS]",0.09649122807017543,0.043859649122807015,0.043859649122807015,0.043859649122807015,0.03508771929824561,0.03508771929824561,0.05263157894736842,0.05263157894736842,0.043859649122807015,0.05263157894736842,0.11403508771929824,0.043859649122807015,0.017543859649122806,0.06140350877192982,0.06140350877192982,0.06140350877192982,0.043859649122807015,0.017543859649122806,0.03508771929824561,0.043859649122807015
"lcl|LR898468.1_cds_CAD6499058.1_416 [protein_id=CAD6499058.1] [location=join(9066259..9066493,9066544..9066656)] [gbkey=CDS]",0.10526315789473684,0.043859649122807015,0.043859649122807015,0.043859649122807015,0.03508771929824561,0.03508771929824561,0.05263157894736842,0.05263157894736842,0.043859649122807015,0.05263157894736842,0.11403508771929824,0.043859649122807015,0.017543859649122806,0.05263157894736842,0.06140350877192982,0.07017543859649122,0.03508771929824561,0.017543859649122806,0.03508771929824561,0.043859649122807015
"lcl|LR898468.1_cds_CAD6499059.1_417 [protein_id=CAD6499059.1] [location=complement(join(9079024..9079136,9079188..9079422))] [gbkey=CDS]",0.06140350877192982,0.017543859649122806,0.03508771929824561,0.03508771929824561,0.02631578947368421,0.09649122807017543,0.043859649122807015,0.07017543859649122,0.043859649122807015,0.07017543859649122,0.13157894736842105,0.043859649122807015,0,0.008771929824561403,0.07017543859649122,0.07017543859649122,0.06140350877192982,0.008771929824561403,0.06140350877192982,0.043859649122807015
lcl|LR898468.1_cds_CAD6499060.1_418 [protein_id=CAD6499060.1] [location=9080448..9080540] [gbkey=CDS],0.10344827586206896,0,0,0.06896551724137931,0.034482758620689655,0.034482758620689655,0.034482758620689655,0.034482758620689655,0.034482758620689655,0.034482758620689655,0.1724137931034483,0,0,0.034482758620689655,0.10344827586206896,0.10344827586206896,0.034482758620689655,0,0.034482758620689655,0.13793103448275862
"lcl|LR898468.1_cds_CAD6499061.1_419 [protein_id=CAD6499061.1] [location=complement(join(9124514..9124626,9124678..9124912))] [gbkey=CDS]",0.07894736842105263,0.03508771929824561,0.05263157894736842,0.043859649122807015,0.02631578947368421,0.07894736842105263,0.05263157894736842,0.06140350877192982,0.017543859649122806,0.02631578947368421,0.09649122807017543,0.05263157894736842,0.017543859649122806,0.05263157894736842,0.06140350877192982,0.07894736842105263,0.06140350877192982,0.008771929824561403,0.07017543859649122,0.02631578947368421
"lcl|LR898468.1_cds_CAD6499063.1_421 [protein_id=CAD6499063.1] [location=join(9163265..9163341,9163405..9163644,9163694..9163815,9163866..9164249,9164299..9164547,9164597..9164640)] [gbkey=CDS]",0.051351351351351354,0.06756756756756757,0.07837837837837838,0.05405405405405406,0.03513513513513514,0.05945945945945946,0.051351351351351354,0.051351351351351354,0.02702702702702703,0.03513513513513514,0.08378378378378379,0.06486486486486487,0.03513513513513514,0.021621621621621623,0.05945945945945946,0.06486486486486487,0.0891891891891892,0.005405405405405406,0.03513513513513514,0.02972972972972973
"lcl|LR898468.1_cds_CAD6499064.1_422 [protein_id=CAD6499064.1] [location=join(9171982..9172117,9172173..9172978)] [gbkey=CDS]",0.08974358974358974,0.07051282051282051,0.02564102564102564,0.0673076923076923,0.019230769230769232,0.016025641025641024,0.05448717948717949,0.08333333333333333,0.019230769230769232,0.057692307692307696,0.09294871794871795,0.041666666666666664,0.019230769230769232,0.02564102564102564,0.0673076923076923,0.07051282051282051,0.07371794871794872,0.016025641025641024,0.016025641025641024,0.07371794871794872
lcl|LR898468.1_cds_CAD6499065.1_423 [protein_id=CAD6499065.1] [location=complement(9174760..9177633)] [gbkey=CDS],0.0596234309623431,0.058577405857740586,0.06276150627615062,0.03765690376569038,0.02092050209205021,0.038702928870292884,0.053347280334728034,0.049163179916317995,0.0198744769874477,0.07531380753138076,0.11610878661087866,0.0397489539748954,0.01882845188284519,0.04602510460251046,0.029288702928870293,0.09937238493723849,0.08263598326359832,0.02405857740585774,0.01882845188284519,0.049163179916317995
lcl|LR898468.1_cds_CAD6499066.1_424 [protein_id=CAD6499066.1] [location=9179657..9179713] [gbkey=CDS],0.17647058823529413,0.11764705882352941,0.058823529411764705,0,0,0.11764705882352941,0,0,0,0.058823529411764705,0.058823529411764705,0.058823529411764705,0,0.058823529411764705,0,0.058823529411764705,0.11764705882352941,0,0.058823529411764705,0.058823529411764705
lcl|LR898468.1_cds_CAD6499067.1_425 [protein_id=CAD6499067.1] [location=9180049..9180285] [gbkey=CDS],0.05194805194805195,0.1038961038961039,0.05194805194805195,0.06493506493506493,0,0.1038961038961039,0.07792207792207792,0.03896103896103896,0.025974025974025976,0.06493506493506493,0.06493506493506493,0.06493506493506493,0.012987012987012988,0,0.06493506493506493,0.05194805194805195,0.09090909090909091,0.012987012987012988,0,0.05194805194805195
lcl|LR898468.1_cds_CAD6499068.1_426 [protein_id=CAD6499068.1] [location=9180412..9180486] [gbkey=CDS],0,0.17391304347826086,0,0.043478260869565216,0,0.043478260869565216,0,0.043478260869565216,0.08695652173913043,0,0.21739130434782608,0.17391304347826086,0,0,0.043478260869565216,0.043478260869565216,0,0.043478260869565216,0.043478260869565216,0.043478260869565216
lcl|LR898468.1_cds_CAD6499069.1_427 [protein_id=CAD6499069.1] [location=complement(9190441..9190524)] [gbkey=CDS],0.038461538461538464,0,0.038461538461538464,0.07692307692307693,0,0.07692307692307693,0,0.15384615384615385,0,0.038461538461538464,0.15384615384615385,0,0,0.038461538461538464,0.038461538461538464,0.11538461538461539,0.15384615384615385,0,0.07692307692307693,0
"lcl|LR898468.1_cds_CAD6499070.1_428 [protein_id=CAD6499070.1] [location=complement(join(9205491..9206436,9206501..9206544))] [gbkey=CDS]",0.06707317073170732,0.054878048780487805,0.03353658536585366,0.051829268292682924,0.01524390243902439,0.036585365853658534,0.06707317073170732,0.07317073170731707,0.027439024390243903,0.0701219512195122,0.09146341463414634,0.03048780487804878,0.012195121951219513,0.036585365853658534,0.051829268292682924,0.07317073170731707,0.06097560975609756,0.021341463414634148,0.051829268292682924,0.07317073170731707
"lcl|LR898468.1_cds_CAD6499071.1_429 [protein_id=CAD6499071.1] [location=join(9206780..9206818,9206891..9207616)] [gbkey=CDS]",0.10276679841897234,0.023715415019762844,0.019762845849802372,0.03557312252964427,0,0.02766798418972332,0.06324110671936758,0.043478260869565216,0.007905138339920948,0.08300395256916997,0.1067193675889328,0.04743083003952569,0.011857707509881422,0.043478260869565216,0.10276679841897234,0.09881422924901186,0.09090909090909091,0.007905138339920948,0.019762845849802372,0.06324110671936758
"lcl|LR898468.1_cds_CAD6499072.1_430 [protein_id=CAD6499072.1] [location=join(9212212..9212653,9212708..9213435)] [gbkey=CDS]",0.05154639175257732,0.061855670103092786,0.03608247422680412,0.04381443298969072,0.010309278350515464,0.028350515463917526,0.059278350515463915,0.07474226804123711,0.028350515463917526,0.03865979381443299,0.11597938144329897,0.04381443298969072,0.010309278350515464,0.05412371134020619,0.07474226804123711,0.10824742268041238,0.07989690721649484,0.007731958762886598,0.023195876288659795,0.04896907216494845
"lcl|LR898468.1_cds_CAD6499073.1_431 [protein_id=CAD6499073.1] [location=complement(join(9219636..9219980,9220023..9220118,9220171..9220490,9220540..9221216,9221299..9221384))] [gbkey=CDS]",0.0691699604743083,0.06521739130434782,0.03162055335968379,0.06521739130434782,0.001976284584980237,0.041501976284584984,0.09288537549407115,0.04743083003952569,0.03162055335968379,0.041501976284584984,0.08695652173913043,0.06324110671936758,0.019762845849802372,0.039525691699604744,0.0533596837944664,0.08695652173913043,0.04940711462450593,0.021739130434782608,0.03359683794466403,0.05731225296442688
lcl|LR898468.1_cds_CAD6499074.1_432 [protein_id=CAD6499074.1] [location=complement(9225202..9225297)] [gbkey=CDS],0.06666666666666667,0.03333333333333333,0,0.03333333333333333,0,0,0,0,0.1,0,0.2,0,0.06666666666666667,0,0.1,0.13333333333333333,0.1,0,0.1,0.06666666666666667
lcl|LR898468.1_cds_CAD6499075.1_433 [protein_id=CAD6499075.1] [location=complement(9226814..9227104)] [gbkey=CDS],0.09473684210526316,0.10526315789473684,0.07368421052631578,0.010526315789473684,0.010526315789473684,0.021052631578947368,0.10526315789473684,0.021052631578947368,0.031578947368421054,0.06315789473684211,0.031578947368421054,0.07368421052631578,0.021052631578947368,0.021052631578947368,0.11578947368421053,0.12631578947368421,0.042105263157894736,0,0,0.031578947368421054
lcl|LR898468.1_cds_CAD6499076.1_434 [protein_id=CAD6499076.1] [location=9235804..9236541] [gbkey=CDS],0.07377049180327869,0.06967213114754098,0.03278688524590164,0.040983606557377046,0.012295081967213115,0.04918032786885246,0.06967213114754098,0.040983606557377046,0.02459016393442623,0.06557377049180328,0.09836065573770492,0.020491803278688523,0.01639344262295082,0.040983606557377046,0.0778688524590164,0.0860655737704918,0.06967213114754098,0.012295081967213115,0.02459016393442623,0.07377049180327869
"lcl|LR898468.1_cds_CAD6499077.1_435 [protein_id=CAD6499077.1] [location=join(9240071..9240156,9240239..9240915,9240965..9241284,9241337..9241432,9241475..9241819)] [gbkey=CDS]",0.0691699604743083,0.06521739130434782,0.03162055335968379,0.06521739130434782,0.001976284584980237,0.041501976284584984,0.09288537549407115,0.04743083003952569,0.03162055335968379,0.041501976284584984,0.08695652173913043,0.06324110671936758,0.019762845849802372,0.039525691699604744,0.0533596837944664,0.08695652173913043,0.04940711462450593,0.021739130434782608,0.03359683794466403,0.05731225296442688
"lcl|LR898468.1_cds_CAD6499078.1_436 [protein_id=CAD6499078.1] [location=join(9249233..9249467,9249524..9249624)] [gbkey=CDS]",0.1,0.02727272727272727,0.045454545454545456,0.03636363636363636,0.02727272727272727,0.01818181818181818,0.05454545454545454,0.03636363636363636,0.01818181818181818,0.05454545454545454,0.08181818181818182,0.06363636363636363,0.03636363636363636,0.045454545454545456,0.05454545454545454,0.06363636363636363,0.07272727272727272,0.01818181818181818,0.09090909090909091,0.05454545454545454
"lcl|LR898468.1_cds_CAD6499079.1_437 [protein_id=CAD6499079.1] [location=join(9269266..9269310,9269482..9269937)] [gbkey=CDS]",0.10303030303030303,0.07272727272727272,0.05454545454545454,0.06666666666666667,0.006060606060606061,0.04242424242424243,0.08484848484848485,0.006060606060606061,0.012121212121212121,0.06666666666666667,0.15151515151515152,0.05454545454545454,0.030303030303030304,0.024242424242424242,0.07878787878787878,0.06666666666666667,0.030303030303030304,0.006060606060606061,0,0.04242424242424243
lcl|LR898468.1_cds_CAD6499080.1_438 [protein_id=CAD6499080.1] [location=9270444..9272513] [gbkey=CDS],0.06831395348837209,0.06540697674418605,0.03924418604651163,0.061046511627906974,0.010174418604651164,0.040697674418604654,0.04941860465116279,0.06540697674418605,0.029069767441860465,0.06540697674418605,0.11482558139534883,0.061046511627906974,0.005813953488372093,0.05232558139534884,0.03924418604651163,0.06686046511627906,0.05813953488372093,0.011627906976744186,0.03197674418604651,0.06395348837209303
"lcl|LR898468.1_cds_CAD6499081.1_439 [protein_id=CAD6499081.1] [location=complement(join(9276953..9278114,9278164..9278315))] [gbkey=CDS]",0.06880733944954129,0.10321100917431193,0.045871559633027525,0.0481651376146789,0.009174311926605505,0.0389908256880734,0.10321100917431193,0.03669724770642202,0.02522935779816514,0.0481651376146789,0.08027522935779817,0.11009174311926606,0.006880733944954129,0.02981651376146789,0.03211009174311927,0.07339449541284404,0.05504587155963303,0.011467889908256881,0.013761467889908258,0.05963302752293578
"lcl|LR898468.1_cds_CAD6499082.1_440 [protein_id=CAD6499082.1] [location=join(9278617..9278663,9278717..9278742,9278798..9278886,9278939..9279068,9279129..9279407,9279453..9279508)] [gbkey=CDS]",0.07729468599033816,0.057971014492753624,0.07246376811594203,0.07246376811594203,0.00966183574879227,0.043478260869565216,0.05314009661835749,0.06280193236714976,0.004830917874396135,0.057971014492753624,0.07246376811594203,0.06280193236714976,0.024154589371980676,0.043478260869565216,0.01932367149758454,0.07729468599033816,0.06763285024154589,0.00966183574879227,0.028985507246376812,0.0821256038647343
"lcl|LR898468.1_cds_CAD6499083.1_441 [protein_id=CAD6499083.1] [location=join(9280110..9280151,9280206..9281111)] [gbkey=CDS]",0.09554140127388536,0.06050955414012739,0.025477707006369428,0.022292993630573247,0.01910828025477707,0.028662420382165606,0.041401273885350316,0.07961783439490445,0.01592356687898089,0.06687898089171974,0.10509554140127389,0.03821656050955414,0.022292993630573247,0.06369426751592357,0.03503184713375796,0.09554140127388536,0.06050955414012739,0.012738853503184714,0.03821656050955414,0.0732484076433121
"lcl|LR898468.1_cds_CAD6499084.1_442 [protein_id=CAD6499084.1] [location=complement(join(9283781..9284117,9284165..9284286))] [gbkey=CDS]",0.033112582781456956,0.033112582781456956,0.08609271523178808,0.033112582781456956,0.019867549668874173,0.046357615894039736,0.0728476821192053,0.013245033112582781,0.026490066225165563,0.059602649006622516,0.13245033112582782,0.0728476821192053,0.019867549668874173,0.006622516556291391,0.06622516556291391,0.11920529801324503,0.07947019867549669,0.006622516556291391,0.026490066225165563,0.046357615894039736
lcl|LR898468.1_cds_CAD6499085.1_443 [protein_id=CAD6499085.1] [location=9284710..9289335] [gbkey=CDS],0.07012987012987013,0.07207792207792207,0.046103896103896105,0.04935064935064935,0.00909090909090909,0.03766233766233766,0.06818181818181818,0.04285714285714286,0.02012987012987013,0.07142857142857142,0.09740259740259741,0.05519480519480519,0.015584415584415584,0.03831168831168831,0.04415584415584416,0.12272727272727273,0.06298701298701298,0.003896103896103896,0.02142857142857143,0.0512987012987013
"lcl|LR898468.1_cds_CAD6499086.1_444 [protein_id=CAD6499086.1] [location=complement(join(9290419..9291166,9291212..9291952,9292001..9292284,9292334..9294867,9294919..9295279))] [gbkey=CDS]",0.07271557271557272,0.0546975546975547,0.03796653796653797,0.059202059202059204,0.015444015444015444,0.030244530244530245,0.06435006435006435,0.0489060489060489,0.02059202059202059,0.07078507078507079,0.11583011583011583,0.05148005148005148,0.023809523809523808,0.039253539253539256,0.05148005148005148,0.09652509652509653,0.0546975546975547,0.010939510939510939,0.021235521235521235,0.059845559845559844
"lcl|LR898468.1_cds_CAD6499087.1_445 [protein_id=CAD6499087.1] [location=join(9314083..9314238,9314289..9314416,9314479..9314623,9314679..9314721,9314768..9314881,9314928..9314969,9315023..9315254,9315309..9315792)] [gbkey=CDS]",0.053811659192825115,0.05829596412556054,0.026905829596412557,0.07847533632286996,0.01569506726457399,0.03139013452914798,0.05829596412556054,0.053811659192825115,0.02914798206278027,0.08071748878923767,0.10538116591928251,0.06950672645739911,0.020179372197309416,0.04932735426008968,0.04035874439461883,0.07623318385650224,0.0515695067264574,0.008968609865470852,0.02242152466367713,0.06950672645739911
"lcl|LR898468.1_cds_CAD6499088.1_446 [protein_id=CAD6499088.1] [location=join(9329991..9330040,9330094..9330410,9330473..9330882)] [gbkey=CDS]",0.1245136186770428,0.06614785992217899,0.03501945525291829,0.05058365758754864,0,0.03501945525291829,0.0933852140077821,0.06614785992217899,0.0038910505836575876,0.054474708171206226,0.07003891050583658,0.08560311284046693,0.01556420233463035,0.04669260700389105,0.038910505836575876,0.05058365758754864,0.07782101167315175,0,0.027237354085603113,0.058365758754863814
"lcl|LR898468.1_cds_CAD6499089.1_447 [protein_id=CAD6499089.1] [location=complement(join(9330990..9331136,9331188..9331243,9331288..9331338,9331434..9331482,9331528..9331861,9331963..9332033))] [gbkey=CDS]",0.08547008547008547,0.0811965811965812,0.03418803418803419,0.06837606837606838,0.004273504273504274,0.0641025641025641,0.09401709401709402,0.05982905982905983,0.01282051282051282,0.07264957264957266,0.07692307692307693,0.07692307692307693,0.01282051282051282,0.038461538461538464,0.008547008547008548,0.05128205128205128,0.05982905982905983,0,0.021367521367521368,0.07692307692307693
"lcl|LR898468.1_cds_CAD6499090.1_448 [protein_id=CAD6499090.1] [location=join(9332431..9332490,9332539..9332709,9332755..9334995)] [gbkey=CDS]",0.08759124087591241,0.07664233576642336,0.045012165450121655,0.058394160583941604,0.0036496350364963502,0.03527980535279805,0.08759124087591241,0.03527980535279805,0.01338199513381995,0.072992700729927,0.0827250608272506,0.06204379562043796,0.024330900243309004,0.046228710462287104,0.0364963503649635,0.057177615571776155,0.052311435523114354,0.021897810218978103,0.0413625304136253,0.05961070559610705
lcl|LR898468.1_cds_CAD6499091.1_449 [protein_id=CAD6499091.1] [location=complement(9345695..9345736)] [gbkey=CDS],0,0.08333333333333333,0,0,0,0.08333333333333333,0,0,0,0.16666666666666666,0.08333333333333333,0.08333333333333333,0,0,0.08333333333333333,0.16666666666666666,0.08333333333333333,0,0.08333333333333333,0.08333333333333333
"lcl|LR898468.1_cds_CAD6499092.1_450 [protein_id=CAD6499092.1] [location=complement(join(9358551..9361333,9361378..9361774))] [gbkey=CDS]",0.05198487712665406,0.06994328922495274,0.05387523629489603,0.038752362948960305,0.014177693761814745,0.04158790170132325,0.06994328922495274,0.062381852551984876,0.02835538752362949,0.07655954631379962,0.07655954631379962,0.04914933837429111,0.017013232514177693,0.03969754253308128,0.043478260869565216,0.11342155009451796,0.06332703213610585,0.014177693761814745,0.023629489603024575,0.05198487712665406
lcl|LR898468.1_cds_CAD6499093.1_451 [protein_id=CAD6499093.1] [location=9375061..9378552] [gbkey=CDS],0.05938037865748709,0.06626506024096386,0.06884681583476764,0.04905335628227195,0.014629948364888123,0.04819277108433735,0.04819277108433735,0.05163511187607573,0.022375215146299483,0.06110154905335628,0.08519793459552495,0.04475043029259897,0.010327022375215147,0.03442340791738382,0.058519793459552494,0.12736660929432014,0.07401032702237521,0.008605851979345954,0.021514629948364887,0.04561101549053356
"lcl|LR898468.1_cds_CAD6499094.1_452 [protein_id=CAD6499094.1] [location=complement(join(9414831..9414937,9414985..9415356,9415406..9415768,9415854..9416133))] [gbkey=CDS]",0.056451612903225805,0.06182795698924731,0.0456989247311828,0.05913978494623656,0.021505376344086023,0.026881720430107527,0.056451612903225805,0.053763440860215055,0.024193548387096774,0.07258064516129033,0.11021505376344086,0.07795698924731183,0.016129032258064516,0.0456989247311828,0.03763440860215054,0.08602150537634409,0.056451612903225805,0.016129032258064516,0.03494623655913978,0.04032258064516129
lcl|LR898468.1_cds_CAD6499095.1_453 [protein_id=CAD6499095.1] [location=complement(9439097..9439678)] [gbkey=CDS],0.078125,0.052083333333333336,0.06770833333333333,0.09375,0.036458333333333336,0.052083333333333336,0.08854166666666667,0.026041666666666668,0.020833333333333332,0.03125,0.041666666666666664,0.0625,0.010416666666666666,0.078125,0.010416666666666666,0.09895833333333333,0.078125,0.005208333333333333,0.041666666666666664,0.026041666666666668
lcl|LR898468.1_cds_CAD6499096.1_454 [protein_id=CAD6499096.1] [location=complement(9443053..9443379)] [gbkey=CDS],0.04672897196261682,0.12149532710280374,0.037383177570093455,0.037383177570093455,0.04672897196261682,0.028037383177570093,0.028037383177570093,0.09345794392523364,0.018691588785046728,0.07476635514018691,0.028037383177570093,0.037383177570093455,0,0.009345794392523364,0.037383177570093455,0.19626168224299065,0.07476635514018691,0.009345794392523364,0.028037383177570093,0.04672897196261682
"lcl|LR898468.1_cds_CAD6499097.1_455 [protein_id=CAD6499097.1] [location=join(9454822..9455101,9455175..9455537,9455586..9455957,9456004..9456089)] [gbkey=CDS]",0.0410958904109589,0.0684931506849315,0.0547945205479452,0.049315068493150684,0.021917808219178082,0.021917808219178082,0.057534246575342465,0.03287671232876712,0.021917808219178082,0.07123287671232877,0.12054794520547946,0.07397260273972603,0.03287671232876712,0.057534246575342465,0.057534246575342465,0.07123287671232877,0.043835616438356165,0.010958904109589041,0.030136986301369864,0.06027397260273973
lcl|LR898468.1_cds_CAD6499098.1_456 [protein_id=CAD6499098.1] [location=9467471..9467569] [gbkey=CDS],0.06451612903225806,0.03225806451612903,0.06451612903225806,0,0.03225806451612903,0.0967741935483871,0.06451612903225806,0.03225806451612903,0.03225806451612903,0.03225806451612903,0.06451612903225806,0.03225806451612903,0.03225806451612903,0,0.06451612903225806,0.16129032258064516,0.0967741935483871,0.06451612903225806,0.03225806451612903,0
"lcl|LR898468.1_cds_CAD6499099.1_457 [protein_id=CAD6499099.1] [location=complement(join(9495797..9495858,9495905..9496276,9496325..9496687,9496773..9497097))] [gbkey=CDS]",0.043010752688172046,0.051075268817204304,0.06720430107526881,0.051075268817204304,0.016129032258064516,0.01881720430107527,0.056451612903225805,0.043010752688172046,0.024193548387096774,0.08333333333333333,0.10752688172043011,0.051075268817204304,0.026881720430107527,0.04838709677419355,0.06989247311827956,0.05913978494623656,0.051075268817204304,0.024193548387096774,0.043010752688172046,0.06451612903225806
"lcl|LR898468.1_cds_CAD6499100.1_458 [protein_id=CAD6499100.1] [location=join(9552891..9553215,9553301..9553663,9553712..9554083,9554130..9554191)] [gbkey=CDS]",0.051075268817204304,0.05913978494623656,0.06182795698924731,0.02956989247311828,0.021505376344086023,0.01881720430107527,0.07526881720430108,0.04838709677419355,0.021505376344086023,0.06720430107526881,0.11021505376344086,0.05913978494623656,0.043010752688172046,0.0456989247311828,0.06182795698924731,0.07258064516129033,0.04032258064516129,0.016129032258064516,0.03494623655913978,0.06182795698924731
"lcl|LR898468.1_cds_CAD6499101.1_459 [protein_id=CAD6499101.1] [location=join(9562806..9563161,9563218..9565476,9565522..9566032)] [gbkey=CDS]",0.09903846153846153,0.047115384615384615,0.03461538461538462,0.06538461538461539,0.0057692307692307696,0.04423076923076923,0.07403846153846154,0.05,0.014423076923076924,0.052884615384615384,0.14326923076923076,0.0375,0.01826923076923077,0.0375,0.041346153846153845,0.07019230769230769,0.05673076923076923,0.0125,0.01826923076923077,0.07692307692307693
"lcl|LR898468.1_cds_CAD6499103.1_461 [protein_id=CAD6499103.1] [location=join(9581978..9582257,9582342..9582583,9582633..9582705,9582754..9583125,9583174..9583433)] [gbkey=CDS]",0.06388206388206388,0.0687960687960688,0.051597051597051594,0.04668304668304668,0.019656019656019656,0.02702702702702703,0.05405405405405406,0.044226044226044224,0.03194103194103194,0.056511056511056514,0.09090909090909091,0.06388206388206388,0.02457002457002457,0.051597051597051594,0.04176904176904177,0.08845208845208845,0.05405405405405406,0.0171990171990172,0.04668304668304668,0.056511056511056514
lcl|LR898468.1_cds_CAD6499105.1_463 [protein_id=CAD6499105.1] [location=complement(9598195..9598449)] [gbkey=CDS],0.03614457831325301,0.03614457831325301,0.012048192771084338,0.024096385542168676,0.03614457831325301,0.07228915662650602,0,0.012048192771084338,0.03614457831325301,0.024096385542168676,0.0963855421686747,0.012048192771084338,0,0.08433734939759036,0.0963855421686747,0.1927710843373494,0.060240963855421686,0,0.04819277108433735,0.12048192771084337
"lcl|LR898468.1_cds_CAD6499107.1_465 [protein_id=CAD6499107.1] [location=join(9614482..9614515,9614632..9615008,9615055..9615229,9615271..9615525,9615571..9616712)] [gbkey=CDS]",0.05918057663125948,0.04704097116843703,0.054628224582701064,0.051593323216995446,0.007587253414264037,0.0409711684370258,0.06980273141122914,0.04552352048558422,0.028831562974203338,0.057663125948406675,0.125948406676783,0.06069802731411229,0.010622154779969651,0.04552352048558422,0.06069802731411229,0.10166919575113809,0.048558421851289835,0.013657056145675266,0.030349013657056147,0.03945371775417299
lcl|LR898468.1_cds_CAD6499108.1_466 [protein_id=CAD6499108.1] [location=complement(9659144..9662749)] [gbkey=CDS],0.07083333333333333,0.065,0.03833333333333333,0.06333333333333334,0.010833333333333334,0.045,0.0775,0.06166666666666667,0.019166666666666665,0.055,0.08583333333333333,0.075,0.0275,0.035833333333333335,0.05333333333333334,0.06666666666666667,0.05416666666666667,0.008333333333333333,0.025,0.06166666666666667
"lcl|LR898468.1_cds_CAD6499109.1_467 [protein_id=CAD6499109.1] [location=complement(join(9670188..9670502,9670552..9670944))] [gbkey=CDS]",0.08974358974358974,0.004273504273504274,0.04700854700854701,0.021367521367521368,0.008547008547008548,0.02564102564102564,0.02564102564102564,0.05982905982905983,0.03418803418803419,0.05555555555555555,0.08974358974358974,0.05982905982905983,0.02564102564102564,0.01282051282051282,0.10683760683760683,0.15384615384615385,0.10256410256410256,0.004273504273504274,0.021367521367521368,0.05128205128205128
lcl|LR898468.1_cds_CAD6499110.1_468 [protein_id=CAD6499110.1] [location=9674238..9674363] [gbkey=CDS],0.05,0.075,0.025,0,0.025,0,0.025,0,0.05,0.1,0.2,0.05,0,0.025,0.05,0.175,0.05,0,0.05,0.05
"lcl|LR898468.1_cds_CAD6499111.1_469 [protein_id=CAD6499111.1] [location=complement(join(9677226..9677535,9677581..9677691,9677738..9677976))] [gbkey=CDS]",0.0963302752293578,0.08256880733944955,0.027522935779816515,0.05504587155963303,0,0.08256880733944955,0.05504587155963303,0.05045871559633028,0.027522935779816515,0.045871559633027525,0.07339449541284404,0.06422018348623854,0.027522935779816515,0.05504587155963303,0.05504587155963303,0.09174311926605505,0.045871559633027525,0.027522935779816515,0.013761467889908258,0.022935779816513763
"lcl|LR898468.1_cds_CAD6499112.1_470 [protein_id=CAD6499112.1] [location=join(9678214..9678277,9678447..9678596,9678655..9678720,9678776..9678801)] [gbkey=CDS]",0.13,0.09,0.05,0.01,0,0.04,0.03,0.07,0.04,0.07,0.06,0.05,0.03,0.04,0.07,0.05,0.04,0,0.06,0.07
"lcl|LR898468.1_cds_CAD6499113.1_471 [protein_id=CAD6499113.1] [location=join(9679604..9679669,9679726..9680218,9680268..9683521)] [gbkey=CDS]",0.07959022852639874,0.06461780929866036,0.0591016548463357,0.04491725768321513,0.0031520882584712374,0.05831363278171789,0.0591016548463357,0.054373522458628844,0.016548463356973995,0.05358550039401103,0.0504334121355398,0.06540583136327817,0.0070921985815602835,0.019700551615445233,0.1111111111111111,0.11347517730496454,0.06855791962174941,0.013396375098502758,0.008668242710795903,0.04885736800630418
"lcl|LR898468.1_cds_CAD6499114.1_472 [protein_id=CAD6499114.1] [location=join(9722352..9722535,9722585..9722902,9722955..9723574)] [gbkey=CDS]",0.04838709677419355,0.053763440860215055,0.05913978494623656,0.06182795698924731,0.013440860215053764,0.03763440860215054,0.04838709677419355,0.08870967741935484,0.021505376344086023,0.06451612903225806,0.07258064516129033,0.03494623655913978,0.021505376344086023,0.043010752688172046,0.0913978494623656,0.08064516129032258,0.06720430107526881,0.002688172043010753,0.03225806451612903,0.056451612903225805
"lcl|LR898468.1_cds_CAD6499115.1_473 [protein_id=CAD6499115.1] [location=complement(join(9728002..9728003,9728054..9728292,9728341..9729023,9729078..9729197))] [gbkey=CDS]",0.06647398843930635,0.06358381502890173,0.03757225433526012,0.04335260115606936,0.008670520231213872,0.06936416184971098,0.0953757225433526,0.046242774566473986,0.02023121387283237,0.05491329479768786,0.1069364161849711,0.06936416184971098,0.02601156069364162,0.028901734104046242,0.02601156069364162,0.09826589595375723,0.06358381502890173,0.005780346820809248,0.028901734104046242,0.04046242774566474
"lcl|LR898468.1_cds_CAD6499116.1_474 [protein_id=CAD6499116.1] [location=join(9760602..9760665,9760722..9760807,9760869..9760959,9761009..9761313)] [gbkey=CDS]",0.08888888888888889,0.044444444444444446,0.06111111111111111,0.06111111111111111,0.005555555555555556,0.06111111111111111,0.06111111111111111,0.016666666666666666,0.027777777777777776,0.06111111111111111,0.05,0.08333333333333333,0.027777777777777776,0.022222222222222223,0.05,0.12777777777777777,0.07777777777777778,0,0.011111111111111112,0.06111111111111111
"lcl|LR898468.1_cds_CAD6499117.1_475 [protein_id=CAD6499117.1] [location=complement(join(9761686..9761913,9761970..9762104,9762169..9762429,9762501..9762541,9762613..9762691))] [gbkey=CDS]",0.06504065040650407,0.06910569105691057,0.07317073170731707,0.06504065040650407,0.012195121951219513,0.02032520325203252,0.06910569105691057,0.036585365853658534,0.016260162601626018,0.08130081300813008,0.13008130081300814,0.07723577235772358,0.012195121951219513,0.032520325203252036,0.04878048780487805,0.06910569105691057,0.06504065040650407,0.008130081300813009,0.016260162601626018,0.032520325203252036
"lcl|LR898468.1_cds_CAD6499118.1_476 [protein_id=CAD6499118.1] [location=complement(join(9782058..9786523,9786580..9786790))] [gbkey=CDS]",0.0674373795761079,0.06229929351316635,0.047527296082209375,0.05973025048169557,0.014129736673089274,0.03147077713551702,0.05330764290301863,0.04816955684007707,0.02569043031470777,0.05844572896596018,0.09955041746949261,0.05266538214515093,0.026332691072575465,0.048811817597944764,0.05138086062941554,0.0899165061014772,0.06615285806037251,0.015414258188824663,0.023763648041104687,0.057803468208092484
"lcl|LR898468.1_cds_CAD6499119.1_477 [protein_id=CAD6499119.1] [location=join(9788598..9788787,9788897..9789052,9789105..9789233,9789281..9789348,9789400..9791409)] [gbkey=CDS]",0.0812720848056537,0.05653710247349823,0.0353356890459364,0.04004711425206125,0.02120141342756184,0.023557126030624265,0.05182567726737338,0.0706713780918728,0.014134275618374558,0.0895170789163722,0.08244994110718493,0.048292108362779744,0.02120141342756184,0.061248527679623084,0.03297997644287397,0.0812720848056537,0.06595995288574794,0.0176678445229682,0.03415783274440518,0.0706713780918728
"lcl|LR898468.1_cds_CAD6499120.1_478 [protein_id=CAD6499120.1] [location=complement(join(9804090..9804331,9804429..9804704,9804768..9804882,9804954..9804965))] [gbkey=CDS]",0.03755868544600939,0.06572769953051644,0.023474178403755867,0.07042253521126761,0.03286384976525822,0.046948356807511735,0.0892018779342723,0.09859154929577464,0.009389671361502348,0.06572769953051644,0.06572769953051644,0.051643192488262914,0.018779342723004695,0.04225352112676056,0.014084507042253521,0.09389671361502347,0.03755868544600939,0,0.046948356807511735,0.0892018779342723
"lcl|LR898468.1_cds_CAD6499121.1_479 [protein_id=CAD6499121.1] [location=complement(join(9806515..9807139,9807195..9807298,9807343..9807411,9807448..9807473,9807516..9807708))] [gbkey=CDS]",0.05341246290801187,0.05934718100890208,0.03560830860534125,0.05637982195845697,0.017804154302670624,0.04154302670623145,0.06231454005934718,0.05637982195845697,0.01483679525222552,0.07418397626112759,0.09495548961424333,0.05341246290801187,0.017804154302670624,0.03560830860534125,0.05934718100890208,0.10979228486646884,0.04154302670623145,0.011869436201780416,0.020771513353115726,0.0830860534124629
"lcl|LR898468.1_cds_CAD6499122.1_480 [protein_id=CAD6499122.1] [location=join(9807925..9808094,9808143..9809274)] [gbkey=CDS]",0.0763888888888889,0.04398148148148148,0.041666666666666664,0.04861111111111111,0.013888888888888888,0.032407407407407406,0.0787037037037037,0.05555555555555555,0.02546296296296296,0.0625,0.09490740740740741,0.06018518518518518,0.016203703703703703,0.037037037037037035,0.046296296296296294,0.08796296296296297,0.08796296296296297,0.018518518518518517,0.03935185185185185,0.032407407407407406
lcl|LR898468.1_cds_CAD6499123.1_481 [protein_id=CAD6499123.1] [location=complement(9816059..9816784)] [gbkey=CDS],0.058333333333333334,0.03333333333333333,0.05416666666666667,0.058333333333333334,0.0125,0.03333333333333333,0.05,0.05416666666666667,0.0375,0.041666666666666664,0.09166666666666666,0.05,0.004166666666666667,0.07083333333333333,0.05416666666666667,0.1,0.1,0.008333333333333333,0.0375,0.05
lcl|LR898468.1_cds_CAD6499124.1_482 [protein_id=CAD6499124.1] [location=complement(9818657..9818806)] [gbkey=CDS],0.0625,0.041666666666666664,0.020833333333333332,0.020833333333333332,0,0.0625,0.020833333333333332,0.041666666666666664,0.0625,0.0625,0.10416666666666667,0.08333333333333333,0,0.041666666666666664,0.0625,0.125,0.14583333333333334,0,0,0.041666666666666664
"lcl|LR898468.1_cds_CAD6499126.1_484 [protein_id=CAD6499126.1] [location=complement(join(9844020..9844255,9844302..9844685,9844762..9845064,9845140..9845455))] [gbkey=CDS]",0.0413625304136253,0.06326034063260341,0.06569343065693431,0.038929440389294405,0.0413625304136253,0.0170316301703163,0.058394160583941604,0.051094890510948905,0.0340632603406326,0.0535279805352798,0.072992700729927,0.072992700729927,0.009732360097323601,0.0535279805352798,0.0535279805352798,0.09002433090024331,0.0535279805352798,0.0072992700729927005,0.05596107055961071,0.06569343065693431
lcl|LR898468.1_cds_CAD6499127.1_485 [protein_id=CAD6499127.1] [location=complement(9855930..9856028)] [gbkey=CDS],0.06451612903225806,0,0.03225806451612903,0.06451612903225806,0.03225806451612903,0.06451612903225806,0,0.12903225806451613,0,0.03225806451612903,0.12903225806451613,0,0,0.0967741935483871,0.03225806451612903,0.0967741935483871,0.12903225806451613,0.03225806451612903,0.03225806451612903,0.03225806451612903
"lcl|LR898468.1_cds_CAD6499128.1_486 [protein_id=CAD6499128.1] [location=complement(join(9862221..9862252,9862299..9867625,9867701..9867996))] [gbkey=CDS]",0.07966011683483802,0.056293149229952204,0.04248539564524695,0.053106744556558685,0.01168348380244291,0.04195432819968136,0.05204460966542751,0.07328730748805098,0.020711630377057887,0.05682421667551779,0.10037174721189591,0.04673393520977164,0.024429102496016993,0.04726500265533723,0.03717472118959108,0.08975039830058418,0.05947955390334572,0.010621348911311737,0.032926181625066386,0.06319702602230483
"lcl|LR898468.1_cds_CAD6499129.1_487 [protein_id=CAD6499129.1] [location=join(9870611..9870921,9870974..9874636,9874684..9876073)] [gbkey=CDS]",0.07390817469204927,0.05039193729003359,0.0509518477043673,0.059910414333706606,0.013997760358342666,0.0335946248600224,0.05431131019036954,0.0761478163493841,0.020156774916013438,0.06270996640537514,0.10022396416573348,0.03919372900335946,0.023516237402015677,0.04311310190369541,0.048712206047032476,0.07950727883538634,0.06215005599104143,0.019036954087346025,0.03471444568868981,0.05375139977603583
lcl|LR898468.1_cds_CAD6499130.1_488 [protein_id=CAD6499130.1] [location=9911355..9911498] [gbkey=CDS],0.06521739130434782,0.021739130434782608,0,0,0.021739130434782608,0.021739130434782608,0.021739130434782608,0,0.06521739130434782,0.13043478260869565,0.15217391304347827,0.043478260869565216,0.021739130434782608,0.021739130434782608,0.043478260869565216,0.1956521739130435,0.08695652173913043,0,0.021739130434782608,0.06521739130434782
"lcl|LR898468.1_cds_CAD6499132.1_490 [protein_id=CAD6499132.1] [location=complement(join(9943450..9943548,9943642..9943710,9943778..9943821,9943871..9944015))] [gbkey=CDS]",0.09401709401709402,0.042735042735042736,0.09401709401709402,0.06837606837606838,0.008547008547008548,0.07692307692307693,0.09401709401709402,0.05128205128205128,0.03418803418803419,0.07692307692307693,0.05128205128205128,0.13675213675213677,0,0,0.02564102564102564,0.07692307692307693,0.03418803418803419,0,0.017094017094017096,0.017094017094017096
lcl|LR898468.1_cds_CAD6499133.1_491 [protein_id=CAD6499133.1] [location=9964189..9964383] [gbkey=CDS],0.015873015873015872,0.07936507936507936,0.047619047619047616,0.047619047619047616,0.047619047619047616,0,0.06349206349206349,0.031746031746031744,0.031746031746031744,0.031746031746031744,0.14285714285714285,0.06349206349206349,0,0.047619047619047616,0.07936507936507936,0.07936507936507936,0.031746031746031744,0,0.047619047619047616,0.1111111111111111
"lcl|LR898468.1_cds_CAD6499134.1_492 [protein_id=CAD6499134.1] [location=join(9965037..9965272,9965323..9965406,9965455..9965617,9965664..9966998)] [gbkey=CDS]",0.09271523178807947,0.061258278145695365,0.05132450331125828,0.04470198675496689,0.033112582781456956,0.048013245033112585,0.046357615894039736,0.06622516556291391,0.014900662251655629,0.057947019867549666,0.08443708609271523,0.033112582781456956,0.011589403973509934,0.03642384105960265,0.04966887417218543,0.13410596026490065,0.06622516556291391,0.008278145695364239,0.018211920529801324,0.041390728476821195
lcl|LR898468.1_cds_CAD6499135.1_493 [protein_id=CAD6499135.1] [location=9973999..9974064] [gbkey=CDS],0,0.15,0.05,0,0,0,0.1,0,0,0.15,0.15,0,0,0.05,0.1,0.05,0.1,0,0.1,0
"lcl|LR898468.1_cds_CAD6499136.1_494 [protein_id=CAD6499136.1] [location=join(10042586..10042673,10042726..10045109)] [gbkey=CDS]",0.08759124087591241,0.0705596107055961,0.031630170316301706,0.04866180048661801,0.021897810218978103,0.031630170316301706,0.06082725060827251,0.057177615571776155,0.03527980535279805,0.046228710462287104,0.09367396593673966,0.0340632603406326,0.024330900243309004,0.0364963503649635,0.08029197080291971,0.08880778588807786,0.06082725060827251,0.015815085158150853,0.025547445255474453,0.04866180048661801
"lcl|LR898468.1_cds_CAD6499137.1_495 [protein_id=CAD6499137.1] [location=complement(join(10045953..10046125,10046176..10046259,10046371..10046414,10046479..10046550,10046613..10046632))] [gbkey=CDS]",0.06201550387596899,0.031007751937984496,0.03875968992248062,0.031007751937984496,0,0.03875968992248062,0.03875968992248062,0.11627906976744186,0.015503875968992248,0.16279069767441862,0.08527131782945736,0,0.031007751937984496,0.09302325581395349,0.046511627906976744,0.06976744186046512,0.015503875968992248,0.007751937984496124,0.05426356589147287,0.06201550387596899
"lcl|LR898468.1_cds_CAD6499138.1_496 [protein_id=CAD6499138.1] [location=join(10094558..10094718,10094766..10095984)] [gbkey=CDS]",0.07860262008733625,0.028384279475982533,0.05458515283842795,0.05240174672489083,0.008733624454148471,0.05021834061135371,0.056768558951965066,0.06331877729257641,0.024017467248908297,0.043668122270742356,0.11135371179039301,0.05240174672489083,0.021834061135371178,0.05240174672489083,0.0611353711790393,0.06986899563318777,0.06986899563318777,0.013100436681222707,0.03711790393013101,0.05021834061135371
"lcl|LR898468.1_cds_CAD6499139.1_497 [protein_id=CAD6499139.1] [location=complement(join(10103770..10104512,10104570..10104804,10104857..10105096))] [gbkey=CDS]",0.07673267326732673,0.05198019801980198,0.04950495049504951,0.06930693069306931,0.0024752475247524753,0.05693069306930693,0.09653465346534654,0.05693069306930693,0.017326732673267328,0.054455445544554455,0.10148514851485149,0.07920792079207921,0.0049504950495049506,0.03217821782178218,0.03712871287128713,0.09158415841584158,0.04455445544554455,0.017326732673267328,0.024752475247524754,0.034653465346534656
"lcl|LR898468.1_cds_CAD6499141.1_499 [protein_id=CAD6499141.1] [location=complement(join(10207713..10207939,10207986..10208369,10208446..10208751,10208827..10209142))] [gbkey=CDS]",0.05623471882640587,0.061124694376528114,0.061124694376528114,0.05378973105134474,0.034229828850855744,0.02444987775061125,0.0488997555012225,0.06356968215158924,0.02689486552567237,0.061124694376528114,0.07334963325183375,0.07090464547677261,0.009779951100244499,0.061124694376528114,0.05134474327628362,0.08557457212713937,0.0488997555012225,0.009779951100244499,0.04645476772616137,0.05134474327628362
"lcl|LR898468.1_cds_CAD6499142.1_500 [protein_id=CAD6499142.1] [location=complement(join(10218273..10218996,10219048..10219118))] [gbkey=CDS]",0.06463878326996197,0.07224334600760456,0.045627376425855515,0.06844106463878327,0.022813688212927757,0.03802281368821293,0.07984790874524715,0.03802281368821293,0.030418250950570342,0.08745247148288973,0.11026615969581749,0.060836501901140684,0.015209125475285171,0.022813688212927757,0.06463878326996197,0.04182509505703422,0.03802281368821293,0.0076045627376425855,0.034220532319391636,0.057034220532319393
"lcl|LR898468.1_cds_CAD6499143.1_501 [protein_id=CAD6499143.1] [location=complement(join(10222358..10222942,10222991..10224258,10224309..10225208,10225253..10225610))] [gbkey=CDS]",0.07246376811594203,0.08405797101449275,0.035748792270531404,0.06666666666666667,0.011594202898550725,0.04830917874396135,0.06666666666666667,0.05507246376811594,0.010628019323671498,0.06086956521739131,0.08695652173913043,0.04830917874396135,0.02995169082125604,0.021256038647342997,0.05217391304347826,0.09855072463768116,0.06956521739130435,0.002898550724637681,0.025120772946859903,0.05314009661835749
"lcl|LR898468.1_cds_CAD6499144.1_502 [protein_id=CAD6499144.1] [location=join(10231547..10231914,10231974..10232433,10232485..10232832)] [gbkey=CDS]",0.07948717948717948,0.02564102564102564,0.038461538461538464,0.046153846153846156,0.002564102564102564,0.04871794871794872,0.03333333333333333,0.08461538461538462,0.017948717948717947,0.05128205128205128,0.09230769230769231,0.02564102564102564,0.017948717948717947,0.046153846153846156,0.07179487179487179,0.13333333333333333,0.09230769230769231,0.010256410256410256,0.020512820512820513,0.06153846153846154
"lcl|LR898468.1_cds_CAD6499145.1_503 [protein_id=CAD6499145.1] [location=join(10236384..10236454,10236511..10238071)] [gbkey=CDS]",0.07011070110701106,0.04981549815498155,0.033210332103321034,0.06642066420664207,0.014760147601476014,0.04059040590405904,0.06642066420664207,0.08487084870848709,0.03690036900369004,0.07380073800738007,0.08671586715867159,0.05719557195571956,0.023985239852398525,0.046125461254612546,0.046125461254612546,0.04428044280442804,0.04797047970479705,0.01107011070110701,0.023985239852398525,0.07564575645756458
"lcl|LR898468.1_cds_CAD6499146.1_504 [protein_id=CAD6499146.1] [location=join(10241957..10242007,10242066..10242213,10242266..10242350,10242400..10244017)] [gbkey=CDS]",0.08386075949367089,0.060126582278481014,0.060126582278481014,0.04746835443037975,0.007911392405063292,0.03955696202531646,0.071202531645569625,0.055379746835443035,0.006329113924050633,0.0680379746835443,0.10759493670886076,0.06962025316455696,0.020569620253164556,0.03639240506329114,0.03322784810126582,0.09651898734177215,0.055379746835443035,0.007911392405063292,0.03322784810126582,0.03955696202531646
"lcl|LR898468.1_cds_CAD6499147.1_505 [protein_id=CAD6499147.1] [location=join(10250253..10250487,10250536..10252157)] [gbkey=CDS]",0.05834683954619125,0.06158833063209076,0.055105348460291734,0.07455429497568881,0.006482982171799027,0.04213938411669368,0.055105348460291734,0.06969205834683954,0.017828200972447326,0.05186385737439222,0.08265802269043761,0.06807131280388978,0.02106969205834684,0.02593192868719611,0.07455429497568881,0.06320907617504051,0.055105348460291734,0.022690437601296597,0.04213938411669368,0.05186385737439222
"lcl|LR898468.1_cds_CAD6499148.1_506 [protein_id=CAD6499148.1] [location=join(10256332..10256735,10256787..10257807)] [gbkey=CDS]",0.07399577167019028,0.0613107822410148,0.035940803382663845,0.03382663847780127,0.016913319238900635,0.021141649048625793,0.03382663847780127,0.07188160676532769,0.03171247357293869,0.06553911205073996,0.12473572938689217,0.02959830866807611,0.012684989429175475,0.08668076109936575,0.0507399577167019,0.048625792811839326,0.05708245243128964,0.042283298097251586,0.05708245243128964,0.04439746300211417
lcl|LR898468.1_cds_CAD6499149.1_507 [protein_id=CAD6499149.1] [location=10278224..10278517] [gbkey=CDS],0.07291666666666667,0.0625,0.03125,0.0625,0.010416666666666666,0.052083333333333336,0.020833333333333332,0.041666666666666664,0.041666666666666664,0.0625,0.09375,0.052083333333333336,0.020833333333333332,0.010416666666666666,0.10416666666666667,0.125,0.052083333333333336,0,0,0.08333333333333333
lcl|LR898468.1_cds_CAD6499150.1_508 [protein_id=CAD6499150.1] [location=10278662..10278751] [gbkey=CDS],0.10714285714285714,0.07142857142857142,0,0.10714285714285714,0.03571428571428571,0,0.07142857142857142,0.10714285714285714,0,0.10714285714285714,0.07142857142857142,0.07142857142857142,0.03571428571428571,0.03571428571428571,0,0.07142857142857142,0,0,0,0.10714285714285714
lcl|LR898468.1_cds_CAD6499151.1_509 [protein_id=CAD6499151.1] [location=10278923..10279432] [gbkey=CDS],0.1130952380952381,0.05357142857142857,0.011904761904761904,0.041666666666666664,0.005952380952380952,0.08333333333333333,0.03571428571428571,0.041666666666666664,0.023809523809523808,0.08333333333333333,0.10119047619047619,0.06547619047619048,0.011904761904761904,0.03571428571428571,0.041666666666666664,0.06547619047619048,0.041666666666666664,0.03571428571428571,0.017857142857142856,0.08928571428571429
lcl|LR898468.1_cds_CAD6499152.1_510 [protein_id=CAD6499152.1] [location=10280435..10280677] [gbkey=CDS],0.0379746835443038,0.05063291139240506,0.06329113924050633,0.05063291139240506,0.012658227848101266,0.0759493670886076,0.02531645569620253,0.05063291139240506,0.06329113924050633,0.06329113924050633,0.10126582278481013,0.02531645569620253,0.02531645569620253,0.012658227848101266,0.0759493670886076,0.10126582278481013,0.05063291139240506,0.02531645569620253,0.012658227848101266,0.0759493670886076
lcl|LR898468.1_cds_CAD6499153.1_511 [protein_id=CAD6499153.1] [location=complement(10287378..10287734)] [gbkey=CDS],0.02564102564102564,0.07692307692307693,0.03418803418803419,0.02564102564102564,0.05128205128205128,0.008547008547008548,0.07692307692307693,0.05982905982905983,0.017094017094017096,0.06837606837606838,0.042735042735042736,0.07692307692307693,0.02564102564102564,0.02564102564102564,0.03418803418803419,0.1794871794871795,0.09401709401709402,0.008547008547008548,0.017094017094017096,0.05128205128205128
"lcl|LR898468.1_cds_CAD6499154.1_512 [protein_id=CAD6499154.1] [location=join(10292557..10292559,10292607..10292709,10292777..10292910,10292957..10293154)] [gbkey=CDS]",0.04861111111111111,0.0625,0.020833333333333332,0.0625,0.013888888888888888,0.034722222222222224,0.0763888888888889,0.034722222222222224,0.013888888888888888,0.04861111111111111,0.1388888888888889,0.04861111111111111,0.020833333333333332,0.020833333333333332,0.05555555555555555,0.10416666666666667,0.0763888888888889,0,0.05555555555555555,0.0625
lcl|LR898468.1_cds_CAD6499155.1_513 [protein_id=CAD6499155.1] [location=10296437..10297660] [gbkey=CDS],0.0812807881773399,0.03201970443349754,0.04187192118226601,0.04187192118226601,0.009852216748768473,0.019704433497536946,0.09113300492610837,0.06403940886699508,0.017241379310344827,0.06157635467980296,0.07635467980295567,0.10344827586206896,0.017241379310344827,0.019704433497536946,0.06403940886699508,0.08374384236453201,0.06896551724137931,0.009852216748768473,0.012315270935960592,0.08374384236453201
lcl|LR898468.1_cds_CAD6499156.1_514 [protein_id=CAD6499156.1] [location=complement(10305070..10305633)] [gbkey=CDS],0.04838709677419355,0.0967741935483871,0.06451612903225806,0.03763440860215054,0.021505376344086023,0.053763440860215055,0.05913978494623656,0.04838709677419355,0.016129032258064516,0.06989247311827956,0.08602150537634409,0.010752688172043012,0.03225806451612903,0.026881720430107527,0.0913978494623656,0.06989247311827956,0.06989247311827956,0.016129032258064516,0.03225806451612903,0.04838709677419355
"lcl|LR898468.1_cds_CAD6499157.1_515 [protein_id=CAD6499157.1] [location=complement(join(10320002..10320334,10320396..10320992))] [gbkey=CDS]",0.08441558441558442,0.06168831168831169,0.048701298701298704,0.045454545454545456,0.016233766233766232,0.025974025974025976,0.08766233766233766,0.05844155844155844,0.025974025974025976,0.06168831168831169,0.07142857142857142,0.05844155844155844,0.025974025974025976,0.025974025974025976,0.05519480519480519,0.09415584415584416,0.048701298701298704,0.032467532467532464,0.022727272727272728,0.048701298701298704
"lcl|LR898468.1_cds_CAD6499158.1_516 [protein_id=CAD6499158.1] [location=join(10321224..10321293,10321340..10322286)] [gbkey=CDS]",0.050445103857566766,0.03857566765578635,0.050445103857566766,0.03560830860534125,0.005934718100890208,0.04747774480712166,0.08605341246290801,0.050445103857566766,0.03857566765578635,0.09495548961424333,0.1394658753709199,0.05637982195845697,0.020771513353115726,0.020771513353115726,0.050445103857566766,0.05934718100890208,0.05341246290801187,0.020771513353115726,0.03857566765578635,0.04154302670623145
"lcl|LR898468.1_cds_CAD6499159.1_517 [protein_id=CAD6499159.1] [location=join(10388957..10388996,10389048..10390615,10390665..10391213)] [gbkey=CDS]",0.05578800557880056,0.044630404463040445,0.07252440725244072,0.02789400278940028,0.009762900976290097,0.05299860529986053,0.044630404463040445,0.044630404463040445,0.029288702928870293,0.04184100418410042,0.05439330543933055,0.04184100418410042,0.029288702928870293,0.02789400278940028,0.09065550906555091,0.1506276150627615,0.0697350069735007,0.009762900976290097,0.044630404463040445,0.05718270571827057
lcl|LR898468.1_cds_CAD6499160.1_518 [protein_id=CAD6499160.1] [location=10400144..10400509] [gbkey=CDS],0.05,0.1,0.041666666666666664,0.025,0.008333333333333333,0.058333333333333334,0.1,0.05,0.008333333333333333,0.058333333333333334,0.075,0.06666666666666667,0.016666666666666666,0.03333333333333333,0.03333333333333333,0.14166666666666666,0.041666666666666664,0.008333333333333333,0.016666666666666666,0.06666666666666667
lcl|LR898468.1_cds_CAD6499161.1_519 [protein_id=CAD6499161.1] [location=10417294..10418334] [gbkey=CDS],0.0463768115942029,0.05507246376811594,0.06086956521739131,0.04057971014492753,0.017391304347826087,0.04057971014492753,0.06376811594202898,0.06086956521739131,0.014492753623188406,0.04927536231884058,0.09565217391304348,0.08695652173913043,0.014492753623188406,0.04057971014492753,0.07536231884057971,0.06666666666666667,0.05217391304347826,0.02318840579710145,0.03768115942028986,0.057971014492753624
"lcl|LR898468.1_cds_CAD6499163.1_521 [protein_id=CAD6499163.1] [location=complement(join(10445630..10445697,10445744..10446032,10446085..10446921,10446979..10447029))] [gbkey=CDS]",0.0387409200968523,0.05084745762711865,0.04116222760290557,0.07263922518159806,0.01694915254237288,0.01937046004842615,0.06779661016949153,0.04600484261501211,0.03389830508474576,0.06537530266343826,0.06295399515738499,0.07021791767554479,0.01937046004842615,0.07263922518159806,0.048426150121065374,0.09200968523002422,0.04116222760290557,0.026634382566585957,0.05084745762711865,0.06295399515738499
"lcl|LR898468.1_cds_CAD6499164.1_522 [protein_id=CAD6499164.1] [location=join(10447660..10447781,10447837..10449858,10449910..10450198)] [gbkey=CDS]",0.05686032138442522,0.05315203955500618,0.06056860321384425,0.054388133498145856,0.0012360939431396785,0.07663782447466007,0.059332509270704575,0.0580964153275649,0.032138442521631644,0.069221260815822,0.08034610630407911,0.049443757725587144,0.023485784919653894,0.032138442521631644,0.054388133498145856,0.09394313967861558,0.06056860321384425,0.007416563658838072,0.027194066749072928,0.049443757725587144
"lcl|LR898468.1_cds_CAD6499165.1_523 [protein_id=CAD6499165.1] [location=join(10458950..10459223,10459274..10459619,10459667..10461107)] [gbkey=CDS]",0.07007299270072993,0.07007299270072993,0.04817518248175182,0.05547445255474453,0.00583941605839416,0.04525547445255475,0.06277372262773723,0.040875912408759124,0.021897810218978103,0.06861313868613139,0.0948905109489051,0.05547445255474453,0.01167883211678832,0.030656934306569343,0.05547445255474453,0.12700729927007298,0.06423357664233577,0.016058394160583942,0.01897810218978102,0.0364963503649635
"lcl|LR898468.1_cds_CAD6499166.1_524 [protein_id=CAD6499166.1] [location=complement(join(10463281..10463331,10463380..10467621))] [gbkey=CDS]",0.07067879636109167,0.05318404478656403,0.04478656403079076,0.053883834849545134,0.013995801259622114,0.04478656403079076,0.07977606717984605,0.05738278516445067,0.02799160251924423,0.055283414975507345,0.09307207837648705,0.07697690692792163,0.02799160251924423,0.034289713086074175,0.044086773967809655,0.07837648705388384,0.04688593421973408,0.01469559132260322,0.025192442267319804,0.05668299510146956
"lcl|LR898468.1_cds_CAD6499167.1_525 [protein_id=CAD6499167.1] [location=join(10501698..10501815,10501872..10502125,10502182..10502763)] [gbkey=CDS]",0.05379746835443038,0.08227848101265822,0.07911392405063292,0.0379746835443038,0.02531645569620253,0.03481012658227848,0.07278481012658228,0.03164556962025317,0.03164556962025317,0.06962025316455696,0.11392405063291139,0.04746835443037975,0.012658227848101266,0.028481012658227847,0.05379746835443038,0.10443037974683544,0.05379746835443038,0.015822784810126583,0.022151898734177215,0.028481012658227847
"lcl|LR898468.1_cds_CAD6499168.1_526 [protein_id=CAD6499168.1] [location=complement(join(10503731..10503910,10503957..10504374,10504450..10504772))] [gbkey=CDS]",0.07868852459016394,0.06885245901639345,0.02622950819672131,0.06885245901639345,0.013114754098360656,0.036065573770491806,0.04918032786885246,0.04590163934426229,0.04918032786885246,0.04590163934426229,0.10163934426229508,0.036065573770491806,0.01639344262295082,0.036065573770491806,0.08196721311475409,0.06557377049180328,0.05901639344262295,0.013114754098360656,0.04590163934426229,0.06229508196721312
"lcl|LR898468.1_cds_CAD6499169.1_527 [protein_id=CAD6499169.1] [location=complement(join(10505236..10507503,10507553..10507678))] [gbkey=CDS]",0.07914572864321608,0.06532663316582915,0.026381909547738693,0.08040201005025126,0.007537688442211055,0.04773869346733668,0.08417085427135679,0.05778894472361809,0.020100502512562814,0.05150753768844221,0.10552763819095477,0.0942211055276382,0.01507537688442211,0.03768844221105527,0.04020100502512563,0.06407035175879397,0.048994974874371856,0.0037688442211055275,0.020100502512562814,0.05025125628140704
"lcl|LR898468.1_cds_CAD6499170.1_528 [protein_id=CAD6499170.1] [location=join(10547826..10548366,10548430..10548584)] [gbkey=CDS]",0.06956521739130435,0.06521739130434782,0.04782608695652174,0.08260869565217391,0.013043478260869565,0.013043478260869565,0.05217391304347826,0.0391304347826087,0.017391304347826087,0.05652173913043478,0.11739130434782609,0.04782608695652174,0.021739130434782608,0.017391304347826087,0.08695652173913043,0.10869565217391304,0.06521739130434782,0.008695652173913044,0.021739130434782608,0.04782608695652174
"lcl|LR898468.1_cds_CAD6499171.1_529 [protein_id=CAD6499171.1] [location=join(10550321..10550323,10550433..10550891)] [gbkey=CDS]",0.06578947368421052,0.09210526315789473,0.006578947368421052,0.05263157894736842,0.013157894736842105,0.03289473684210526,0.09210526315789473,0.09868421052631579,0.05263157894736842,0.039473684210526314,0.07236842105263158,0.039473684210526314,0.046052631578947366,0.019736842105263157,0.07894736842105263,0.06578947368421052,0.07894736842105263,0.019736842105263157,0.006578947368421052,0.02631578947368421
"lcl|LR898468.1_cds_CAD6499172.1_530 [protein_id=CAD6499172.1] [location=complement(join(10584361..10584699,10584747..10586771))] [gbkey=CDS]",0.09287531806615776,0.08778625954198473,0.043256997455470736,0.05597964376590331,0.002544529262086514,0.05597964376590331,0.10305343511450382,0.05216284987277354,0.006361323155216285,0.061068702290076333,0.09669211195928754,0.07888040712468193,0.01272264631043257,0.013994910941475827,0.05725190839694656,0.062340966921119595,0.04961832061068702,0.010178117048346057,0.01653944020356234,0.04071246819338423
"lcl|LR898468.1_cds_CAD6499173.1_531 [protein_id=CAD6499173.1] [location=join(10596426..10597045,10597100..10597275,10597327..10597505)] [gbkey=CDS]",0.1021671826625387,0.034055727554179564,0.04643962848297214,0.034055727554179564,0.021671826625386997,0.043343653250773995,0.02786377708978328,0.0804953560371517,0.030959752321981424,0.07120743034055728,0.07120743034055728,0.034055727554179564,0.015479876160990712,0.04643962848297214,0.05263157894736842,0.10835913312693499,0.07120743034055728,0.006191950464396285,0.030959752321981424,0.07120743034055728
lcl|LR898468.1_cds_CAD6499174.1_532 [protein_id=CAD6499174.1] [location=10619704..10620645] [gbkey=CDS],0.04807692307692308,0.057692307692307696,0.08653846153846154,0.028846153846153848,0.016025641025641024,0.041666666666666664,0.08333333333333333,0.038461538461538464,0.022435897435897436,0.08012820512820513,0.07692307692307693,0.0641025641025641,0.035256410256410256,0.035256410256410256,0.038461538461538464,0.08653846153846154,0.0641025641025641,0.016025641025641024,0.057692307692307696,0.022435897435897436
"lcl|LR898468.1_cds_CAD6499176.1_534 [protein_id=CAD6499176.1] [location=join(10636461..10636749,10636800..10637035,10637081..10638079)] [gbkey=CDS]",0.11857707509881422,0.03557312252964427,0.05138339920948617,0.05731225296442688,0.007905138339920948,0.043478260869565216,0.02766798418972332,0.07114624505928854,0.015810276679841896,0.04940711462450593,0.09881422924901186,0.029644268774703556,0.01383399209486166,0.03557312252964427,0.07707509881422925,0.08695652173913043,0.0691699604743083,0.011857707509881422,0.03359683794466403,0.06521739130434782
lcl|LR898468.1_cds_CAD6499177.1_535 [protein_id=CAD6499177.1] [location=complement(10676797..10678023)] [gbkey=CDS],0.08845208845208845,0.07862407862407862,0.0343980343980344,0.056511056511056514,0.004914004914004914,0.056511056511056514,0.06633906633906633,0.0343980343980344,0.019656019656019656,0.06142506142506143,0.10073710073710074,0.056511056511056514,0.009828009828009828,0.029484029484029485,0.02702702702702703,0.09582309582309582,0.085995085995086,0.0171990171990172,0.019656019656019656,0.056511056511056514
"lcl|LR898468.1_cds_CAD6499178.1_536 [protein_id=CAD6499178.1] [location=join(10678393..10678865,10678917..10679065,10679116..10679255)] [gbkey=CDS]",0.051587301587301584,0.04365079365079365,0.04365079365079365,0.09126984126984126,0.011904761904761904,0.03968253968253968,0.05952380952380952,0.06746031746031746,0.031746031746031744,0.06746031746031746,0.0992063492063492,0.05555555555555555,0.015873015873015872,0.05952380952380952,0.04365079365079365,0.08333333333333333,0.047619047619047616,0.007936507936507936,0.031746031746031744,0.047619047619047616
"lcl|LR898468.1_cds_CAD6499179.1_537 [protein_id=CAD6499179.1] [location=join(10679933..10680152,10680259..10680315,10680444..10680532,10680577..10680727,10680787..10680968)] [gbkey=CDS]",0.07792207792207792,0.06060606060606061,0.03896103896103896,0.04329004329004329,0.021645021645021644,0.030303030303030304,0.06060606060606061,0.0735930735930736,0.021645021645021644,0.06060606060606061,0.06493506493506493,0.05627705627705628,0.030303030303030304,0.03463203463203463,0.06060606060606061,0.08658008658008658,0.06493506493506493,0.017316017316017316,0.03463203463203463,0.06060606060606061
"lcl|LR898468.1_cds_CAD6499180.1_538 [protein_id=CAD6499180.1] [location=complement(join(10681420..10682946,10682997..10683082,10683138..10683185,10683234..10683276))] [gbkey=CDS]",0.09363957597173145,0.053003533568904596,0.038869257950530034,0.07597173144876325,0.0088339222614841,0.04063604240282685,0.06537102473498234,0.0706713780918728,0.019434628975265017,0.08480565371024736,0.09187279151943463,0.07597173144876325,0.03356890459363958,0.0176678445229682,0.019434628975265017,0.0706713780918728,0.05123674911660778,0,0.015901060070671377,0.07243816254416961
"lcl|LR898468.1_cds_CAD6499181.1_539 [protein_id=CAD6499181.1] [location=join(10691841..10691929,10691976..10692827,10692872..10693238)] [gbkey=CDS]",0.1175115207373272,0.04608294930875576,0.03456221198156682,0.041474654377880185,0.009216589861751152,0.05069124423963134,0.06451612903225806,0.08755760368663594,0.016129032258064516,0.08525345622119816,0.06451612903225806,0.07603686635944701,0.03686635944700461,0.04377880184331797,0.02304147465437788,0.059907834101382486,0.04377880184331797,0.01152073732718894,0.02534562211981567,0.06221198156682028
"lcl|LR898468.1_cds_CAD6499182.1_540 [protein_id=CAD6499182.1] [location=join(10694010..10694472,10694521..10694790,10694834..10695811,10695862..10696964)] [gbkey=CDS]",0.0811965811965812,0.06303418803418803,0.05128205128205128,0.0405982905982906,0.018162393162393164,0.05876068376068376,0.060897435897435896,0.0673076923076923,0.02564102564102564,0.04807692307692308,0.0641025641025641,0.060897435897435896,0.028846153846153848,0.03205128205128205,0.06303418803418803,0.09294871794871795,0.05876068376068376,0.005341880341880342,0.030982905982905984,0.04807692307692308
"lcl|LR898468.1_cds_CAD6499183.1_541 [protein_id=CAD6499183.1] [location=complement(join(10699156..10700422,10700469..10700887))] [gbkey=CDS]",0.07321428571428572,0.04285714285714286,0.026785714285714284,0.04642857142857143,0.0125,0.0375,0.0875,0.0625,0.019642857142857142,0.060714285714285714,0.07142857142857142,0.09285714285714286,0.023214285714285715,0.033928571428571426,0.05178571428571429,0.07678571428571429,0.05714285714285714,0.025,0.03214285714285714,0.06607142857142857
"lcl|LR898468.1_cds_CAD6499184.1_542 [protein_id=CAD6499184.1] [location=join(10704055..10704368,10704421..10704535)] [gbkey=CDS]",0.05673758865248227,0.06382978723404255,0.07092198581560284,0.05673758865248227,0.014184397163120567,0.014184397163120567,0.09219858156028368,0.05673758865248227,0.0070921985815602835,0.04964539007092199,0.09219858156028368,0.07092198581560284,0,0.03546099290780142,0.05673758865248227,0.10638297872340426,0.04964539007092199,0.02127659574468085,0.014184397163120567,0.07092198581560284
"lcl|LR898468.1_cds_CAD6499185.1_543 [protein_id=CAD6499185.1] [location=complement(join(10704576..10705475,10705531..10705775,10705841..10706051))] [gbkey=CDS]",0.08666666666666667,0.042222222222222223,0.02666666666666667,0.02,0.011111111111111112,0.03777777777777778,0.02666666666666667,0.057777777777777775,0.022222222222222223,0.08444444444444445,0.14666666666666667,0.03111111111111111,0.022222222222222223,0.07111111111111111,0.035555555555555556,0.06888888888888889,0.06666666666666667,0.03777777777777778,0.051111111111111114,0.05333333333333334
"lcl|LR898468.1_cds_CAD6499186.1_544 [protein_id=CAD6499186.1] [location=complement(join(10715756..10716297,10716346..10717060))] [gbkey=CDS]",0.05515587529976019,0.05515587529976019,0.03357314148681055,0.07434052757793765,0.004796163069544364,0.04316546762589928,0.07673860911270983,0.03836930455635491,0.02158273381294964,0.07673860911270983,0.10311750599520383,0.06954436450839328,0.011990407673860911,0.03357314148681055,0.03836930455635491,0.10551558752997602,0.04316546762589928,0.011990407673860911,0.03836930455635491,0.06474820143884892
"lcl|LR898468.1_cds_CAD6499187.1_545 [protein_id=CAD6499187.1] [location=join(10742466..10742666,10742726..10743553)] [gbkey=CDS]",0.08504398826979472,0.06451612903225806,0.04398826979472141,0.03519061583577713,0.005865102639296188,0.05865102639296188,0.07917888563049853,0.05278592375366569,0.02932551319648094,0.06744868035190615,0.07917888563049853,0.04105571847507331,0.02932551319648094,0.03519061583577713,0.04105571847507331,0.09970674486803519,0.03225806451612903,0.011730205278592375,0.04105571847507331,0.06744868035190615
"lcl|LR898468.1_cds_CAD6499188.1_546 [protein_id=CAD6499188.1] [location=join(10756566..10756871,10756919..10757399,10757503..10757723,10757832..10758246,10758297..10758880)] [gbkey=CDS]",0.06596701649175413,0.050974512743628186,0.047976011994003,0.049475262368815595,0.014992503748125937,0.034482758620689655,0.05847076461769116,0.05547226386806597,0.020989505247376312,0.07796101949025487,0.09745127436281859,0.06896551724137931,0.022488755622188907,0.044977511244377814,0.050974512743628186,0.10044977511244378,0.05697151424287856,0.017991004497751123,0.01649175412293853,0.046476761619190406
lcl|LR898468.1_cds_CAD6499189.1_547 [protein_id=CAD6499189.1] [location=complement(10760181..10761353)] [gbkey=CDS],0.05398457583547558,0.08226221079691516,0.04113110539845758,0.033419023136246784,0.010282776349614395,0.04113110539845758,0.033419023136246784,0.02056555269922879,0.06426735218508997,0.02570694087403599,0.07455012853470437,0.02313624678663239,0.017994858611825194,0.02056555269922879,0.13881748071979436,0.16709511568123395,0.08226221079691516,0,0.02570694087403599,0.043701799485861184
lcl|LR898468.1_cds_CAD6499190.1_548 [protein_id=CAD6499190.1] [location=complement(10766420..10767571)] [gbkey=CDS],0.14136125654450263,0.09424083769633508,0.015706806282722512,0.060209424083769635,0,0.03664921465968586,0.06282722513089005,0.05759162303664921,0.01832460732984293,0.015706806282722512,0.06544502617801047,0.04712041884816754,0.015706806282722512,0.034031413612565446,0.12041884816753927,0.0968586387434555,0.049738219895287955,0.007853403141361256,0.02617801047120419,0.034031413612565446
lcl|LR898468.1_cds_CAD6499191.1_549 [protein_id=CAD6499191.1] [location=complement(10797316..10798257)] [gbkey=CDS],0.035256410256410256,0.060897435897435896,0.07051282051282051,0.04807692307692308,0.01282051282051282,0.041666666666666664,0.07692307692307693,0.041666666666666664,0.016025641025641024,0.07371794871794872,0.09615384615384616,0.08012820512820513,0.016025641025641024,0.060897435897435896,0.038461538461538464,0.0641025641025641,0.035256410256410256,0.022435897435897436,0.041666666666666664,0.0673076923076923
lcl|LR898468.1_cds_CAD6499193.1_551 [protein_id=CAD6499193.1] [location=10886792..10887733] [gbkey=CDS],0.04487179487179487,0.05128205128205128,0.08012820512820513,0.035256410256410256,0.01282051282051282,0.035256410256410256,0.08012820512820513,0.038461538461538464,0.022435897435897436,0.07692307692307693,0.07692307692307693,0.08012820512820513,0.02564102564102564,0.04807692307692308,0.038461538461538464,0.09294871794871795,0.0641025641025641,0.01282051282051282,0.05448717948717949,0.028846153846153848
lcl|LR898468.1_cds_CAD6499194.1_552 [protein_id=CAD6499194.1] [location=complement(10891714..10891938)] [gbkey=CDS],0.0547945205479452,0.0821917808219178,0.0684931506849315,0.0410958904109589,0.0136986301369863,0.0410958904109589,0.1095890410958904,0.0684931506849315,0,0.0684931506849315,0.0410958904109589,0.0684931506849315,0.0684931506849315,0.0410958904109589,0,0.0821917808219178,0.0410958904109589,0.0136986301369863,0.0136986301369863,0.0821917808219178
lcl|LR898468.1_cds_CAD6499195.1_553 [protein_id=CAD6499195.1] [location=complement(10899209..10899304)] [gbkey=CDS],0.13333333333333333,0,0,0.03333333333333333,0.06666666666666667,0.03333333333333333,0,0.03333333333333333,0,0.03333333333333333,0.06666666666666667,0.03333333333333333,0,0.1,0.16666666666666666,0.1,0,0,0.1,0.1
"lcl|LR898468.1_cds_CAD6499196.1_554 [protein_id=CAD6499196.1] [location=join(10901967..10901983,10902036..10902672,10902723..10902947)] [gbkey=CDS]",0.1134020618556701,0.08247422680412371,0.027491408934707903,0.0859106529209622,0.013745704467353952,0.01718213058419244,0.07903780068728522,0.0859106529209622,0.013745704467353952,0.037800687285223365,0.037800687285223365,0.09621993127147767,0.027491408934707903,0.044673539518900345,0.037800687285223365,0.061855670103092786,0.06529209621993128,0.010309278350515464,0.013745704467353952,0.048109965635738834
"lcl|LR898468.1_cds_CAD6499197.1_555 [protein_id=CAD6499197.1] [location=complement(join(10931867..10931951,10932012..10932928,10933041..10934022,10934081..10934109))] [gbkey=CDS]",0.05082212257100149,0.09267563527653214,0.06427503736920777,0.059790732436472344,0.017937219730941704,0.043348281016442454,0.07174887892376682,0.052316890881913304,0.02092675635276532,0.059790732436472344,0.09267563527653214,0.025411061285500747,0.01046337817638266,0.03886397608370702,0.053811659192825115,0.10164424514200299,0.05680119581464873,0.013452914798206279,0.02242152466367713,0.05082212257100149
"lcl|LR898468.1_cds_CAD6499198.1_556 [protein_id=CAD6499198.1] [location=join(10934423..10934443,10934492..10934618,10934675..10934740,10934794..10936601)] [gbkey=CDS]",0.09970238095238096,0.05357142857142857,0.04017857142857143,0.06845238095238096,0,0.044642857142857144,0.07589285714285714,0.06398809523809523,0.013392857142857142,0.06845238095238096,0.07291666666666667,0.07886904761904762,0.019345238095238096,0.02976190476190476,0.03571428571428571,0.07589285714285714,0.06696428571428571,0.001488095238095238,0.01488095238095238,0.07589285714285714
"lcl|LR898468.1_cds_CAD6499199.1_557 [protein_id=CAD6499199.1] [location=join(10951150..10952658,10952704..10952865,10952912..10953343,10953395..10953973)] [gbkey=CDS]",0.05605381165919283,0.05044843049327354,0.042600896860986545,0.06053811659192825,0.016816143497757848,0.03587443946188341,0.0773542600896861,0.05717488789237668,0.026905829596412557,0.0773542600896861,0.09641255605381166,0.08295964125560538,0.01905829596412556,0.03139013452914798,0.03699551569506727,0.10201793721973094,0.043721973094170405,0.008968609865470852,0.023542600896860985,0.053811659192825115
lcl|LR898468.1_cds_CAD6499200.1_558 [protein_id=CAD6499200.1] [location=complement(10980528..10981466)] [gbkey=CDS],0.04501607717041801,0.05144694533762058,0.06430868167202572,0.04823151125401929,0.01607717041800643,0.05144694533762058,0.05466237942122187,0.05144694533762058,0.02572347266881029,0.08038585209003216,0.11254019292604502,0.08038585209003216,0.012861736334405145,0.05144694533762058,0.028938906752411574,0.06752411575562701,0.06752411575562701,0.00964630225080386,0.04501607717041801,0.03536977491961415
"lcl|LR898468.1_cds_CAD6499201.1_559 [protein_id=CAD6499201.1] [location=complement(join(10989570..10989764,10989831..10989985,10990037..10990585,10990635..10990980,10991033..10991060,10991113..10991172,10991225..10991249,10991317..10991362))] [gbkey=CDS]",0.05793991416309013,0.045064377682403435,0.04291845493562232,0.055793991416309016,0.008583690987124463,0.027896995708154508,0.07725321888412018,0.08583690987124463,0.02145922746781116,0.07296137339055794,0.0815450643776824,0.07081545064377683,0.019313304721030045,0.034334763948497854,0.04291845493562232,0.06866952789699571,0.060085836909871244,0.006437768240343348,0.055793991416309016,0.06437768240343347
"lcl|LR898468.1_cds_CAD6499202.1_560 [protein_id=CAD6499202.1] [location=join(11066108..11066930,11066985..11067679)] [gbkey=CDS]",0.05555555555555555,0.0496031746031746,0.08531746031746032,0.021825396825396824,0.011904761904761904,0.1130952380952381,0.021825396825396824,0.06944444444444445,0.05357142857142857,0.025793650793650792,0.057539682539682536,0.021825396825396824,0.04365079365079365,0.021825396825396824,0.08333333333333333,0.1349206349206349,0.07341269841269842,0,0.023809523809523808,0.031746031746031744
"lcl|LR898468.1_cds_CAD6499203.1_561 [protein_id=CAD6499203.1] [location=complement(join(11070199..11070385,11070434..11070498))] [gbkey=CDS]",0.04878048780487805,0.12195121951219512,0.024390243902439025,0.036585365853658534,0.012195121951219513,0.04878048780487805,0.06097560975609756,0.06097560975609756,0,0.04878048780487805,0.17073170731707318,0.036585365853658534,0,0.012195121951219513,0.0975609756097561,0.07317073170731707,0.036585365853658534,0.012195121951219513,0.012195121951219513,0.08536585365853659
"lcl|LR898468.1_cds_CAD6499204.1_562 [protein_id=CAD6499204.1] [location=complement(join(11121639..11121813,11121859..11122344,11122391..11122846,11122895..11122948,11122999..11123050,11123101..11123148,11123215..11123242))] [gbkey=CDS]",0.060324825986078884,0.030162412993039442,0.060324825986078884,0.07192575406032482,0.009280742459396751,0.04176334106728538,0.0765661252900232,0.06496519721577726,0.04640371229698376,0.0765661252900232,0.09280742459396751,0.04176334106728538,0.01160092807424594,0.02320185614849188,0.05104408352668213,0.07888631090487239,0.07192575406032482,0.025522041763341066,0.02320185614849188,0.04176334106728538
"lcl|LR898468.1_cds_CAD6499205.1_563 [protein_id=CAD6499205.1] [location=join(11127402..11127807,11127857..11131602)] [gbkey=CDS]",0.057163531114327065,0.06295224312590449,0.05209840810419682,0.05788712011577424,0.009406657018813314,0.03473227206946455,0.07959479015918958,0.06874095513748191,0.02170767004341534,0.06801736613603473,0.08465991316931983,0.06439942112879884,0.01881331403762663,0.053545586107091175,0.04703328509406657,0.07452966714905933,0.041968162083936326,0.01085383502170767,0.03835021707670044,0.053545586107091175
"lcl|LR898468.1_cds_CAD6499206.1_564 [protein_id=CAD6499206.1] [location=join(11156677..11157025,11157093..11157892)] [gbkey=CDS]",0.08661417322834646,0.04461942257217848,0.06561679790026247,0.06036745406824147,0.015748031496062992,0.03674540682414698,0.026246719160104987,0.06299212598425197,0.015748031496062992,0.06299212598425197,0.08136482939632546,0.028871391076115485,0.026246719160104987,0.031496062992125984,0.06824146981627296,0.09973753280839895,0.08398950131233596,0.031496062992125984,0.026246719160104987,0.04461942257217848
"lcl|LR898468.1_cds_CAD6499207.1_565 [protein_id=CAD6499207.1] [location=complement(join(11170477..11170669,11170717..11173561,11173611..11173732,11173780..11173862))] [gbkey=CDS]",0.0685820203892493,0.07599629286376275,0.04633920296570899,0.04633920296570899,0.009267840593141797,0.03151065801668211,0.07506950880444857,0.042632066728452274,0.024096385542168676,0.06765523632993513,0.10194624652455977,0.04541241890639481,0.018535681186283594,0.025023169601482854,0.037998146431881374,0.1380908248378128,0.07043558850787766,0.008341056533827619,0.015755329008341055,0.05097312326227989
"lcl|LR898468.1_cds_CAD6499208.1_566 [protein_id=CAD6499208.1] [location=join(11174376..11174509,11174560..11174686,11174734..11176136,11176200..11176692)] [gbkey=CDS]",0.0794979079497908,0.0697350069735007,0.02789400278940028,0.05439330543933055,0.01813110181311018,0.04184100418410042,0.07531380753138076,0.06694560669456066,0.026499302649930265,0.0794979079497908,0.08926080892608089,0.05299860529986053,0.022315202231520222,0.03347280334728033,0.040446304044630406,0.07670850767085077,0.04881450488145049,0.001394700139470014,0.023709902370990237,0.07112970711297072
"lcl|LR898468.1_cds_CAD6499209.1_567 [protein_id=CAD6499209.1] [location=join(11181105..11182504,11182555..11184279,11184343..11184556)] [gbkey=CDS]",0.050405040504050404,0.10801080108010801,0.032403240324032405,0.04410441044104411,0.0036003600360036,0.05310531053105311,0.06570657065706571,0.0594059405940594,0.036003600360036005,0.037803780378037805,0.0594059405940594,0.08010801080108011,0.011701170117011701,0.0315031503150315,0.081008100810081,0.10891089108910891,0.04950495049504951,0.009000900090009001,0.0387038703870387,0.039603960396039604
lcl|LR898468.1_cds_CAD6499210.1_568 [protein_id=CAD6499210.1] [location=11190223..11190267] [gbkey=CDS],0.07692307692307693,0,0.07692307692307693,0,0,0,0,0,0,0.07692307692307693,0,0,0,0.07692307692307693,0,0.23076923076923078,0.23076923076923078,0,0,0.23076923076923078
lcl|LR898468.1_cds_CAD6499211.1_569 [protein_id=CAD6499211.1] [location=11190397..11190501] [gbkey=CDS],0.030303030303030304,0.15151515151515152,0,0,0.030303030303030304,0.09090909090909091,0,0.030303030303030304,0.06060606060606061,0.09090909090909091,0.09090909090909091,0,0,0.06060606060606061,0.06060606060606061,0.06060606060606061,0.18181818181818182,0,0,0.06060606060606061
"lcl|LR898468.1_cds_CAD6499212.1_570 [protein_id=CAD6499212.1] [location=join(11230803..11230953,11231070..11231524,11231577..11231663,11231714..11233153)] [gbkey=CDS]",0.06064880112834979,0.06205923836389281,0.045133991537376586,0.06064880112834979,0.022566995768688293,0.036671368124118475,0.05782792665726375,0.07898448519040903,0.02538787023977433,0.06629055007052186,0.09873060648801128,0.04231311706629055,0.02679830747531735,0.036671368124118475,0.036671368124118475,0.07052186177715092,0.05782792665726375,0.015514809590973202,0.04231311706629055,0.056417489421720736
"lcl|LR898468.1_cds_CAD6499213.1_571 [protein_id=CAD6499213.1] [location=complement(join(11250167..11250490,11250535..11252161,11252192..11252415))] [gbkey=CDS]",0.0636237897648686,0.05532503457814661,0.034578146611341634,0.05532503457814661,0.015214384508990318,0.034578146611341634,0.0677731673582296,0.07053941908713693,0.017980636237897647,0.06224066390041494,0.08160442600276625,0.07330567081604426,0.019363762102351315,0.048409405255878286,0.04426002766251729,0.07745504840940526,0.0636237897648686,0.02351313969571231,0.029045643153526972,0.06224066390041494
lcl|LR898468.1_cds_CAD6499214.1_572 [protein_id=CAD6499214.1] [location=complement(11265468..11266070)] [gbkey=CDS],0.06532663316582915,0.09045226130653267,0.04020100502512563,0.035175879396984924,0,0.05025125628140704,0.1407035175879397,0.06532663316582915,0.020100502512562814,0.07537688442211055,0.08040201005025126,0.07537688442211055,0.010050251256281407,0.035175879396984924,0.04522613065326633,0.035175879396984924,0.035175879396984924,0.01507537688442211,0.035175879396984924,0.05025125628140704
lcl|LR898468.1_cds_CAD6499215.1_573 [protein_id=CAD6499215.1] [location=11306697..11307638] [gbkey=CDS],0.0641025641025641,0.07051282051282051,0.035256410256410256,0.05448717948717949,0.01282051282051282,0.03205128205128205,0.057692307692307696,0.0673076923076923,0.02564102564102564,0.07051282051282051,0.09935897435897435,0.04487179487179487,0.028846153846153848,0.02564102564102564,0.041666666666666664,0.07692307692307693,0.07371794871794872,0.00641025641025641,0.060897435897435896,0.05128205128205128
"lcl|LR898468.1_cds_CAD6499216.1_574 [protein_id=CAD6499216.1] [location=complement(join(11378896..11378984,11379045..11379194,11379260..11379451,11379574..11379673))] [gbkey=CDS]",0.05714285714285714,0.045714285714285714,0.017142857142857144,0.05142857142857143,0.017142857142857144,0.02857142857142857,0.02857142857142857,0.017142857142857144,0.011428571428571429,0.05714285714285714,0.18857142857142858,0.045714285714285714,0.02857142857142857,0.07428571428571429,0.06285714285714286,0.06285714285714286,0.05142857142857143,0.017142857142857144,0.06857142857142857,0.06857142857142857
lcl|LR898468.1_cds_CAD6499217.1_575 [protein_id=CAD6499217.1] [location=11395874..11396689] [gbkey=CDS],0.05555555555555555,0.05185185185185185,0.07407407407407407,0.044444444444444446,0.014814814814814815,0.018518518518518517,0.07407407407407407,0.040740740740740744,0.02962962962962963,0.05555555555555555,0.10740740740740741,0.08148148148148149,0.022222222222222223,0.03333333333333333,0.05185185185185185,0.08148148148148149,0.05925925925925926,0.018518518518518517,0.03333333333333333,0.05185185185185185
lcl|LR898468.1_cds_CAD6499218.1_576 [protein_id=CAD6499218.1] [location=complement(11409885..11409929)] [gbkey=CDS],0,0.07692307692307693,0,0,0,0,0.07692307692307693,0.07692307692307693,0,0,0.07692307692307693,0,0.07692307692307693,0.07692307692307693,0.07692307692307693,0.23076923076923078,0.23076923076923078,0,0,0
lcl|LR898468.1_cds_CAD6499219.1_577 [protein_id=CAD6499219.1] [location=11420856..11421896] [gbkey=CDS],0.07536231884057971,0.0927536231884058,0.03188405797101449,0.0463768115942029,0.011594202898550725,0.043478260869565216,0.043478260869565216,0.0782608695652174,0.03188405797101449,0.02608695652173913,0.07246376811594203,0.04057971014492753,0.02608695652173913,0.005797101449275362,0.06666666666666667,0.15072463768115943,0.08115942028985507,0.002898550724637681,0.02318840579710145,0.04927536231884058
"lcl|LR898468.1_cds_CAD6499220.1_578 [protein_id=CAD6499220.1] [location=join(11422507..11423818,11423871..11424283)] [gbkey=CDS]",0.09598603839441536,0.078534031413612565,0.017452006980802792,0.06108202443280977,0.008726003490401396,0.03315881326352531,0.06980802792321117,0.04712041884816754,0.019197207678883072,0.038394415357766144,0.09947643979057591,0.04886561954624782,0.008726003490401396,0.02443280977312391,0.1099476439790576,0.11518324607329843,0.04537521815008726,0.008726003490401396,0.013961605584642234,0.055846422338568937
"lcl|LR898468.1_cds_CAD6499221.1_579 [protein_id=CAD6499221.1] [location=complement(join(11425377..11427284,11427337..11427624))] [gbkey=CDS]",0.056164383561643834,0.07123287671232877,0.06027397260273973,0.06164383561643835,0.009589041095890411,0.05342465753424658,0.07397260273972603,0.0273972602739726,0.030136986301369864,0.052054794520547946,0.1178082191780822,0.0821917808219178,0.01780821917808219,0.0273972602739726,0.050684931506849315,0.10273972602739725,0.049315068493150684,0.010958904109589041,0.010958904109589041,0.03424657534246575
"lcl|LR898468.1_cds_CAD6499222.1_580 [protein_id=CAD6499222.1] [location=join(11429628..11429691,11429746..11429855,11429914..11430108,11430158..11431512,11431723..11431861)] [gbkey=CDS]",0.07431340872374798,0.08562197092084006,0.024232633279483037,0.07431340872374798,0.029079159935379646,0.029079159935379646,0.06623586429725363,0.045234248788368334,0.029079159935379646,0.06785137318255251,0.11631663974151858,0.0420032310177706,0.01615508885298869,0.03877221324717286,0.05331179321486268,0.06623586429725363,0.035541195476575124,0.014539579967689823,0.0420032310177706,0.050080775444264945
lcl|LR898468.1_cds_CAD6499225.1_583 [protein_id=CAD6499225.1] [location=complement(11452855..11452926)] [gbkey=CDS],0.18181818181818182,0,0.045454545454545456,0,0,0.045454545454545456,0.045454545454545456,0.045454545454545456,0,0.09090909090909091,0.09090909090909091,0,0,0.13636363636363635,0.13636363636363635,0.045454545454545456,0,0,0.045454545454545456,0.09090909090909091
lcl|LR898468.1_cds_CAD6499226.1_584 [protein_id=CAD6499226.1] [location=complement(11452956..11453006)] [gbkey=CDS],0.26666666666666666,0,0,0.06666666666666667,0.06666666666666667,0,0,0.13333333333333333,0,0,0.06666666666666667,0,0,0.06666666666666667,0.06666666666666667,0.13333333333333333,0.06666666666666667,0,0.06666666666666667,0
"lcl|LR898468.1_cds_CAD6499227.1_585 [protein_id=CAD6499227.1] [location=complement(join(11489039..11489239,11489328..11489878,11489926..11490583,11490631..11491176))] [gbkey=CDS]",0.07846153846153846,0.06,0.047692307692307694,0.05076923076923077,0.007692307692307693,0.05384615384615385,0.08,0.06153846153846154,0.012307692307692308,0.052307692307692305,0.10307692307692308,0.04923076923076923,0.023076923076923078,0.023076923076923078,0.056923076923076923,0.10615384615384615,0.06,0.004615384615384616,0.02923076923076923,0.04
lcl|LR898468.1_cds_CAD6499228.1_586 [protein_id=CAD6499228.1] [location=11491414..11492592] [gbkey=CDS],0.0741687979539642,0.05115089514066496,0.056265984654731455,0.08951406649616368,0.020460358056265986,0.028132992327365727,0.08439897698209718,0.0741687979539642,0.02557544757033248,0.043478260869565216,0.06905370843989769,0.09718670076726342,0.017902813299232736,0.028132992327365727,0.043478260869565216,0.0792838874680307,0.030690537084398978,0.017902813299232736,0.02557544757033248,0.043478260869565216
lcl|LR898468.1_cds_CAD6499229.1_587 [protein_id=CAD6499229.1] [location=complement(11499524..11499568)] [gbkey=CDS],0,0.07692307692307693,0,0,0,0,0.07692307692307693,0.07692307692307693,0,0,0.07692307692307693,0,0.07692307692307693,0.07692307692307693,0.07692307692307693,0.23076923076923078,0.23076923076923078,0,0,0
lcl|LR898468.1_cds_CAD6499231.1_589 [protein_id=CAD6499231.1] [location=complement(11552099..11553094)] [gbkey=CDS],0.06060606060606061,0.04242424242424243,0.051515151515151514,0.03636363636363636,0.015151515151515152,0.04242424242424243,0.05757575757575758,0.0696969696969697,0.030303030303030304,0.08181818181818182,0.11515151515151516,0.048484848484848485,0.01818181818181818,0.045454545454545456,0.045454545454545456,0.08484848484848485,0.06060606060606061,0.00909090909090909,0.04242424242424243,0.04242424242424243
lcl|LR898468.1_cds_CAD6499232.1_590 [protein_id=CAD6499232.1] [location=complement(11553199..11553333)] [gbkey=CDS],0.046511627906976744,0.06976744186046512,0.11627906976744186,0.046511627906976744,0,0.023255813953488372,0.046511627906976744,0.023255813953488372,0,0.046511627906976744,0.16279069767441862,0.023255813953488372,0.023255813953488372,0.13953488372093023,0.046511627906976744,0.06976744186046512,0.023255813953488372,0,0.046511627906976744,0.046511627906976744
lcl|LR898468.1_cds_CAD6499233.1_591 [protein_id=CAD6499233.1] [location=11616269..11616403] [gbkey=CDS],0.046511627906976744,0.06976744186046512,0.11627906976744186,0.046511627906976744,0,0.023255813953488372,0.046511627906976744,0.023255813953488372,0,0.046511627906976744,0.16279069767441862,0.023255813953488372,0.023255813953488372,0.13953488372093023,0.046511627906976744,0.06976744186046512,0.023255813953488372,0,0.046511627906976744,0.046511627906976744
lcl|LR898468.1_cds_CAD6499234.1_592 [protein_id=CAD6499234.1] [location=11616508..11617503] [gbkey=CDS],0.06060606060606061,0.045454545454545456,0.051515151515151514,0.03636363636363636,0.015151515151515152,0.03939393939393939,0.05454545454545454,0.06666666666666667,0.03333333333333333,0.08181818181818182,0.11515151515151516,0.051515151515151514,0.01818181818181818,0.045454545454545456,0.045454545454545456,0.08484848484848485,0.06060606060606061,0.00909090909090909,0.04242424242424243,0.04242424242424243
"lcl|LR898468.1_cds_CAD6499235.1_593 [protein_id=CAD6499235.1] [location=complement(join(11664487..11665227,11665284..11665418))] [gbkey=CDS]",0.06206896551724138,0.05862068965517241,0.027586206896551724,0.07241379310344828,0.020689655172413793,0.034482758620689655,0.07586206896551724,0.06896551724137931,0.020689655172413793,0.06896551724137931,0.11379310344827587,0.05517241379310345,0.020689655172413793,0.03103448275862069,0.017241379310344827,0.05517241379310345,0.06206896551724138,0.010344827586206896,0.034482758620689655,0.0896551724137931
lcl|LR898468.1_cds_CAD6499236.1_594 [protein_id=CAD6499236.1] [location=11665779..11666483] [gbkey=CDS],0.09012875536480687,0.08583690987124463,0.017167381974248927,0.07296137339055794,0.008583690987124463,0.02575107296137339,0.14163090128755365,0.0815450643776824,0.017167381974248927,0.03862660944206009,0.060085836909871244,0.12875536480686695,0.02575107296137339,0.02145922746781116,0.012875536480686695,0.02575107296137339,0.05150214592274678,0.008583690987124463,0.030042918454935622,0.055793991416309016
"lcl|LR898468.1_cds_CAD6499237.1_595 [protein_id=CAD6499237.1] [location=complement(join(11668551..11670188,11670222..11670464,11670516..11670710))] [gbkey=CDS]",0.04782608695652174,0.07681159420289856,0.05217391304347826,0.06231884057971015,0.017391304347826087,0.06811594202898551,0.07971014492753623,0.03768115942028986,0.030434782608695653,0.04927536231884058,0.07681159420289856,0.06811594202898551,0.02318840579710145,0.03188405797101449,0.04927536231884058,0.09420289855072464,0.0463768115942029,0.008695652173913044,0.028985507246376812,0.050724637681159424
lcl|LR898468.1_cds_CAD6499238.1_596 [protein_id=CAD6499238.1] [location=11680603..11680770] [gbkey=CDS],0.07407407407407407,0.1111111111111111,0.14814814814814814,0.05555555555555555,0.037037037037037035,0.018518518518518517,0,0,0.018518518518518517,0.05555555555555555,0.12962962962962962,0.037037037037037035,0,0.09259259259259259,0,0.07407407407407407,0.07407407407407407,0.018518518518518517,0.018518518518518517,0.037037037037037035
lcl|LR898468.1_cds_CAD6499239.1_597 [protein_id=CAD6499239.1] [location=complement(11744083..11745075)] [gbkey=CDS],0.0547112462006079,0.0425531914893617,0.0425531914893617,0.0486322188449848,0.0243161094224924,0.030395136778115502,0.05167173252279635,0.06382978723404255,0.03951367781155015,0.060790273556231005,0.10638297872340426,0.060790273556231005,0.02127659574468085,0.03343465045592705,0.0486322188449848,0.1033434650455927,0.06382978723404255,0.0121580547112462,0.03951367781155015,0.05167173252279635
lcl|LR898468.1_cds_CAD6499240.1_598 [protein_id=CAD6499240.1] [location=11751974..11752909] [gbkey=CDS],0.06129032258064516,0.05806451612903226,0.054838709677419356,0.041935483870967745,0.016129032258064516,0.035483870967741936,0.04838709677419355,0.05806451612903226,0.035483870967741936,0.07741935483870968,0.1064516129032258,0.05161290322580645,0.01935483870967742,0.041935483870967745,0.05161290322580645,0.07419354838709677,0.04838709677419355,0.01935483870967742,0.04838709677419355,0.05161290322580645
"lcl|LR898468.1_cds_CAD6499241.1_599 [protein_id=CAD6499241.1] [location=complement(join(11757888..11758053,11758123..11758555,11758609..11758670,11758719..11759533,11759603..11759635))] [gbkey=CDS]",0.06786427145708583,0.06387225548902195,0.06387225548902195,0.05389221556886228,0.011976047904191617,0.023952095808383235,0.05788423153692615,0.041916167664670656,0.021956087824351298,0.0718562874251497,0.10978043912175649,0.05389221556886228,0.017964071856287425,0.043912175648702596,0.05588822355289421,0.0658682634730539,0.059880239520958084,0.01996007984031936,0.041916167664670656,0.05189620758483034
"lcl|LR898468.1_cds_CAD6499242.1_600 [protein_id=CAD6499242.1] [location=complement(join(11826254..11826419,11826486..11826915,11826973..11827034,11827083..11827893,11827942..11828002))] [gbkey=CDS]",0.05708661417322835,0.05511811023622047,0.03937007874015748,0.06299212598425197,0.013779527559055118,0.031496062992125984,0.0531496062992126,0.03543307086614173,0.02952755905511811,0.08070866141732283,0.10826771653543307,0.05708661417322835,0.015748031496062992,0.04921259842519685,0.06299212598425197,0.08070866141732283,0.0610236220472441,0.021653543307086614,0.04330708661417323,0.04133858267716536
"lcl|LR898468.1_cds_CAD6499243.1_601 [protein_id=CAD6499243.1] [location=join(11908860..11908892,11908957..11909774,11909826..11909887,11909942..11910371,11910443..11910599)] [gbkey=CDS]",0.07028112449799197,0.05622489959839357,0.04819277108433735,0.04618473895582329,0.01606425702811245,0.020080321285140562,0.0642570281124498,0.04216867469879518,0.030120481927710843,0.06626506024096386,0.10240963855421686,0.06626506024096386,0.014056224899598393,0.05622489959839357,0.05622489959839357,0.07429718875502007,0.06224899598393574,0.020080321285140562,0.03815261044176707,0.050200803212851405
"lcl|LR898468.1_cds_CAD6499244.1_602 [protein_id=CAD6499244.1] [location=complement(join(11968226..11969450,11969500..11969732,11969777..11970157))] [gbkey=CDS]",0.07364975450081833,0.006546644844517185,0.07855973813420622,0.06546644844517185,0.024549918166939442,0.03600654664484452,0.044189852700491,0.10147299509001637,0.027823240589198037,0.024549918166939442,0.0425531914893617,0.057283142389525366,0.016366612111292964,0.022913256955810146,0.08346972176759411,0.13747954173486088,0.060556464811783964,0.009819967266775777,0.024549918166939442,0.062193126022913256
"lcl|LR898468.1_cds_CAD6499245.1_603 [protein_id=CAD6499245.1] [location=join(12007123..12007183,12007244..12008229)] [gbkey=CDS]",0.05763688760806916,0.03170028818443804,0.0345821325648415,0.05475504322766571,0.008645533141210375,0.06340057636887608,0.05187319884726225,0.025936599423631124,0.01440922190201729,0.06340057636887608,0.10951008645533142,0.07492795389048991,0.025936599423631124,0.043227665706051875,0.10086455331412104,0.09798270893371758,0.08069164265129683,0.008645533141210375,0.02881844380403458,0.023054755043227664
lcl|LR898468.1_cds_CAD6499246.1_604 [protein_id=CAD6499246.1] [location=12017662..12019116] [gbkey=CDS],0.07039337474120083,0.08488612836438923,0.047619047619047616,0.053830227743271224,0.006211180124223602,0.031055900621118012,0.11180124223602485,0.049689440993788817,0.022774327122153208,0.07039337474120083,0.09109730848861283,0.062111801242236024,0.020703933747412008,0.028985507246376812,0.055900621118012424,0.08695652173913043,0.037267080745341616,0.020703933747412008,0.018633540372670808,0.028985507246376812
"lcl|LR898468.1_cds_CAD6499247.1_605 [protein_id=CAD6499247.1] [location=join(12023652..12024329,12024441..12024656,12024792..12025013)] [gbkey=CDS]",0.043243243243243246,0.07297297297297298,0.02702702702702703,0.05675675675675676,0.01891891891891892,0.02702702702702703,0.07837837837837838,0.05945945945945946,0.021621621621621623,0.05405405405405406,0.10810810810810811,0.08108108108108109,0.02702702702702703,0.04864864864864865,0.03783783783783784,0.08378378378378379,0.051351351351351354,0.008108108108108109,0.04864864864864865,0.04594594594594595
lcl|LR898468.1_cds_CAD6499248.1_606 [protein_id=CAD6499248.1] [location=complement(12035720..12037228)] [gbkey=CDS],0.05389221556886228,0.06786427145708583,0.03592814371257485,0.05788423153692615,0.015968063872255488,0.04590818363273453,0.06786427145708583,0.06387225548902195,0.027944111776447105,0.059880239520958084,0.05189620758483034,0.07784431137724551,0.015968063872255488,0.031936127744510975,0.05189620758483034,0.1157684630738523,0.05189620758483034,0.023952095808383235,0.023952095808383235,0.05788423153692615
"lcl|LR898468.1_cds_CAD6499249.1_607 [protein_id=CAD6499249.1] [location=join(12038559..12038871,12038920..12041048)] [gbkey=CDS]",0.07142857142857142,0.059113300492610835,0.0480295566502463,0.0480295566502463,0.008620689655172414,0.029556650246305417,0.07758620689655173,0.05788177339901478,0.029556650246305417,0.0665024630541872,0.09113300492610837,0.05788177339901478,0.014778325123152709,0.03201970443349754,0.046798029556650245,0.10098522167487685,0.04926108374384237,0.017241379310344827,0.0332512315270936,0.0603448275862069
"lcl|LR898468.1_cds_CAD6499250.1_608 [protein_id=CAD6499250.1] [location=join(12044666..12044741,12044785..12045328,12045383..12045632)] [gbkey=CDS]",0.0763888888888889,0.04861111111111111,0.03125,0.06597222222222222,0.013888888888888888,0.024305555555555556,0.034722222222222224,0.08333333333333333,0.017361111111111112,0.06944444444444445,0.12152777777777778,0.017361111111111112,0.017361111111111112,0.04513888888888889,0.052083333333333336,0.10416666666666667,0.04513888888888889,0.020833333333333332,0.03125,0.0798611111111111
"lcl|LR898468.1_cds_CAD6499251.1_609 [protein_id=CAD6499251.1] [location=join(12047907..12048452,12048506..12049130,12049187..12049581,12049634..12049699)] [gbkey=CDS]",0.06642066420664207,0.04059040590405904,0.07011070110701106,0.05166051660516605,0.00922509225092251,0.016605166051660517,0.0996309963099631,0.05350553505535055,0.014760147601476014,0.05350553505535055,0.07195571955719557,0.08302583025830258,0.01107011070110701,0.03690036900369004,0.04428044280442804,0.15682656826568267,0.06088560885608856,0.0018450184501845018,0.00922509225092251,0.04797047970479705
lcl|LR898468.1_cds_CAD6499252.1_610 [protein_id=CAD6499252.1] [location=12060441..12063830] [gbkey=CDS],0.07712765957446809,0.0700354609929078,0.04343971631205674,0.05939716312056738,0.016843971631205674,0.040780141843971635,0.06826241134751773,0.05673758865248227,0.023936170212765957,0.07890070921985816,0.08953900709219859,0.06471631205673758,0.01950354609929078,0.0398936170212766,0.04343971631205674,0.06826241134751773,0.05230496453900709,0.004432624113475178,0.024822695035460994,0.057624113475177305
"lcl|LR898468.1_cds_CAD6499253.1_611 [protein_id=CAD6499253.1] [location=complement(join(12080597..12080818,12080954..12081169,12081281..12082522))] [gbkey=CDS]",0.044802867383512544,0.06093189964157706,0.035842293906810034,0.06093189964157706,0.021505376344086023,0.043010752688172046,0.06989247311827956,0.05555555555555555,0.025089605734767026,0.04838709677419355,0.09498207885304659,0.08781362007168458,0.023297491039426525,0.05017921146953405,0.034050179211469536,0.08064516129032258,0.05197132616487455,0.014336917562724014,0.03942652329749104,0.05734767025089606
"lcl|LR898468.1_cds_CAD6499254.1_612 [protein_id=CAD6499254.1] [location=join(12116262..12116291,12116342..12116387,12116434..12116478,12116536..12116780,12116832..12116876)] [gbkey=CDS]",0.1111111111111111,0.1259259259259259,0.007407407407407408,0.02962962962962963,0.007407407407407408,0.06666666666666667,0.05185185185185185,0.05185185185185185,0.014814814814814815,0.05185185185185185,0.0962962962962963,0.1037037037037037,0,0.02962962962962963,0.037037037037037035,0.08888888888888889,0.05925925925925926,0,0.022222222222222223,0.044444444444444446
"lcl|LR898468.1_cds_CAD6499255.1_613 [protein_id=CAD6499255.1] [location=complement(join(12127304..12127525,12127661..12127876,12127988..12129229))] [gbkey=CDS]",0.04659498207885305,0.06093189964157706,0.034050179211469536,0.06272401433691756,0.021505376344086023,0.043010752688172046,0.06630824372759857,0.05734767025089606,0.025089605734767026,0.04659498207885305,0.0931899641577061,0.08960573476702509,0.026881720430107527,0.04838709677419355,0.034050179211469536,0.08064516129032258,0.053763440860215055,0.014336917562724014,0.04121863799283154,0.053763440860215055
"lcl|LR898468.1_cds_CAD6499256.1_614 [protein_id=CAD6499256.1] [location=join(12148549..12148645,12148706..12148773,12148837..12148998)] [gbkey=CDS]",0.08411214953271028,0.018691588785046728,0.028037383177570093,0.037383177570093455,0,0.037383177570093455,0.14018691588785046,0.06542056074766354,0,0.037383177570093455,0.08411214953271028,0.14953271028037382,0.009345794392523364,0.037383177570093455,0.056074766355140186,0.056074766355140186,0.04672897196261682,0.009345794392523364,0.037383177570093455,0.06542056074766354
lcl|LR898468.1_cds_CAD6499257.1_615 [protein_id=CAD6499257.1] [location=complement(12154760..12156064)] [gbkey=CDS],0.07621247113163972,0.07852193995381063,0.06004618937644342,0.03464203233256351,0.013856812933025405,0.04157043879907621,0.06235565819861432,0.03926096997690531,0.02771362586605081,0.03695150115473441,0.06466512702078522,0.07852193995381063,0.025404157043879907,0.025404157043879907,0.07390300230946882,0.13856812933025403,0.06235565819861432,0.018475750577367205,0.009237875288683603,0.03233256351039261
"lcl|LR898468.1_cds_CAD6499258.1_616 [protein_id=CAD6499258.1] [location=complement(join(12157453..12157583,12157636..12158159,12158211..12158376,12158432..12158501))] [gbkey=CDS]",0.06779661016949153,0.0576271186440678,0.030508474576271188,0.06779661016949153,0.013559322033898305,0.02711864406779661,0.10847457627118644,0.05423728813559322,0.023728813559322035,0.06440677966101695,0.06779661016949153,0.06440677966101695,0.03728813559322034,0.020338983050847456,0.04067796610169491,0.05423728813559322,0.09152542372881356,0.023728813559322035,0.01694915254237288,0.06779661016949153
"lcl|LR898468.1_cds_CAD6499259.1_617 [protein_id=CAD6499259.1] [location=join(12174914..12175081,12175132..12175926)] [gbkey=CDS]",0.07210031347962383,0.0438871473354232,0.05329153605015674,0.050156739811912224,0.009404388714733543,0.02821316614420063,0.05329153605015674,0.07836990595611286,0.025078369905956112,0.06269592476489028,0.11598746081504702,0.04075235109717868,0.0219435736677116,0.03761755485893417,0.05329153605015674,0.08463949843260188,0.05956112852664577,0.025078369905956112,0.034482758620689655,0.050156739811912224
"lcl|LR898468.1_cds_CAD6499260.1_618 [protein_id=CAD6499260.1] [location=join(12182735..12182799,12182851..12184741,12184793..12185158)] [gbkey=CDS]",0.06088082901554404,0.06606217616580311,0.06735751295336788,0.05829015544041451,0.006476683937823834,0.03626943005181347,0.07124352331606218,0.06476683937823834,0.023316062176165803,0.05310880829015544,0.06347150259067358,0.06865284974093264,0.009067357512953367,0.034974093264248704,0.06865284974093264,0.11139896373056994,0.04533678756476684,0.009067357512953367,0.02849740932642487,0.05310880829015544
"lcl|LR898468.1_cds_CAD6499261.1_619 [protein_id=CAD6499261.1] [location=complement(join(12221547..12222907,12223007..12223201,12223307..12223838))] [gbkey=CDS]",0.06195965417867435,0.05187319884726225,0.06340057636887608,0.08213256484149856,0.021613832853025938,0.0446685878962536,0.06340057636887608,0.06051873198847262,0.0345821325648415,0.04899135446685879,0.08357348703170028,0.06195965417867435,0.021613832853025938,0.04178674351585014,0.0345821325648415,0.053314121037463975,0.06772334293948126,0.01585014409221902,0.03025936599423631,0.056195965417867436
"lcl|LR898468.1_cds_CAD6499262.1_620 [protein_id=CAD6499262.1] [location=join(12229830..12231071,12231183..12231398,12231534..12231749)] [gbkey=CDS]",0.048561151079136694,0.06115107913669065,0.03597122302158273,0.06294964028776978,0.019784172661870502,0.044964028776978415,0.07194244604316546,0.06115107913669065,0.02158273381294964,0.050359712230215826,0.09532374100719425,0.08453237410071943,0.023381294964028777,0.052158273381294966,0.0341726618705036,0.07194244604316546,0.052158273381294966,0.014388489208633094,0.04136690647482014,0.052158273381294966
"lcl|LR898468.1_cds_CAD6499263.1_621 [protein_id=CAD6499263.1] [location=join(12250252..12250440,12250485..12250538,12250590..12251219)] [gbkey=CDS]",0.0726643598615917,0.058823529411764705,0.03806228373702422,0.04152249134948097,0.02768166089965398,0.01730103806228374,0.03460207612456748,0.0726643598615917,0.020761245674740483,0.06228373702422145,0.1453287197231834,0.03460207612456748,0.010380622837370242,0.04844290657439446,0.04498269896193772,0.0657439446366782,0.04844290657439446,0.02422145328719723,0.03806228373702422,0.09342560553633218
lcl|LR898468.1_cds_CAD6499264.1_622 [protein_id=CAD6499264.1] [location=complement(12276502..12276648)] [gbkey=CDS],0.0425531914893617,0.06382978723404255,0.06382978723404255,0,0.02127659574468085,0.06382978723404255,0,0.0425531914893617,0.0425531914893617,0.06382978723404255,0.1276595744680851,0.0425531914893617,0.0851063829787234,0.02127659574468085,0.02127659574468085,0.1702127659574468,0.10638297872340426,0.02127659574468085,0,0
