seq_id,value
lcl|CM001196.1_cds_EGP92790.1_1 [locus_tag=MYCGRDRAFT_32211] [db_xref=JGIDB:Mycgr3_32211] [protein=hypothetical protein] [protein_id=EGP92790.1] [location=complement(83873..84103)] [gbkey=CDS],0.42857142857142855
lcl|CM001196.1_cds_EGP92789.1_2 [locus_tag=MYCGRDRAFT_88584] [db_xref=JGIDB:Mycgr3_88584] [protein=hypothetical protein] [protein_id=EGP92789.1] [location=complement(110070..111032)] [gbkey=CDS],0.5478547854785478
"lcl|CM001196.1_cds_EGP90807.1_3 [locus_tag=MYCGRDRAFT_88585] [db_xref=InterPro:IPR000637,JGIDB:Mycgr3_88585] [protein=hypothetical protein] [protein_id=EGP90807.1] [location=join(112306..116224,116953..117149)] [gbkey=CDS]",0.46022304832713756
"lcl|CM001196.1_cds_EGP92788.1_4 [locus_tag=MYCGRDRAFT_88586] [db_xref=JGIDB:Mycgr3_88586] [protein=hypothetical protein] [protein_id=EGP92788.1] [location=complement(join(117450..117922,118058..118320,118452..118798))] [gbkey=CDS]",0.45348837209302323
"lcl|CM001196.1_cds_EGP90808.1_5 [locus_tag=MYCGRDRAFT_51803] [db_xref=InterPro:IPR000571,JGIDB:Mycgr3_51803] [protein=hypothetical protein] [protein_id=EGP90808.1] [location=120041..120670] [gbkey=CDS]",0.5931372549019608
"lcl|CM001196.1_cds_EGP90809.1_6 [locus_tag=MYCGRDRAFT_64857] [db_xref=InterPro:IPR007832,JGIDB:Mycgr3_64857] [protein=hypothetical protein] [protein_id=EGP90809.1] [location=join(123050..123643,123764..124219)] [gbkey=CDS]",0.5575221238938053
"lcl|CM001196.1_cds_EGP90810.1_8 [gene=CSN5] [locus_tag=MYCGRDRAFT_51814] [db_xref=InterPro:IPR000555,JGIDB:Mycgr3_51814] [protein=26S proteasome regulatory complex] [protein_id=EGP90810.1] [location=join(127316..127384,128113..128363,128417..129161)] [gbkey=CDS]",0.562874251497006
"lcl|CM001196.1_cds_EGP92785.1_10 [locus_tag=MYCGRDRAFT_88592] [db_xref=InterPro:IPR007867,JGIDB:Mycgr3_88592] [protein=hypothetical protein] [protein_id=EGP92785.1] [location=complement(join(132334..132494,132758..133296,133366..133440,133734..133763,133968..134113))] [gbkey=CDS]",0.4105960264900662
lcl|CM001196.1_cds_EGP90811.1_12 [locus_tag=MYCGRDRAFT_101983] [db_xref=JGIDB:Mycgr3_101983] [protein=hypothetical protein] [protein_id=EGP90811.1] [location=136333..136869] [gbkey=CDS],0.4880952380952381
"lcl|CM001196.1_cds_EGP92783.1_13 [locus_tag=MYCGRDRAFT_31341] [db_xref=JGIDB:Mycgr3_31341] [protein=hypothetical protein] [protein_id=EGP92783.1] [location=complement(join(138344..138670,138730..139570,139627..139978,140045..140192))] [gbkey=CDS]",0.46226415094339623
lcl|CM001196.1_cds_EGP92782.1_14 [locus_tag=MYCGRDRAFT_106732] [db_xref=JGIDB:Mycgr3_106732] [protein=hypothetical protein] [protein_id=EGP92782.1] [location=complement(140837..144592)] [gbkey=CDS],0.46792763157894735
lcl|CM001196.1_cds_EGP92781.1_15 [locus_tag=MYCGRDRAFT_88597] [db_xref=JGIDB:Mycgr3_88597] [protein=hypothetical protein] [protein_id=EGP92781.1] [location=complement(145496..146929)] [gbkey=CDS],0.3869565217391304
"lcl|CM001196.1_cds_EGP92780.1_16 [locus_tag=MYCGRDRAFT_88598] [db_xref=JGIDB:Mycgr3_88598] [protein=hypothetical protein] [protein_id=EGP92780.1] [location=complement(join(148830..149039,149091..149747,149823..150020))] [gbkey=CDS]",0.4393063583815029
lcl|CM001196.1_cds_EGP92779.1_17 [locus_tag=MYCGRDRAFT_106733] [db_xref=JGIDB:Mycgr3_106733] [protein=hypothetical protein] [protein_id=EGP92779.1] [location=complement(150985..151662)] [gbkey=CDS],0.4252336448598131
lcl|CM001196.1_cds_EGP90812.1_19 [locus_tag=MYCGRDRAFT_88601] [db_xref=JGIDB:Mycgr3_88601] [protein=hypothetical protein] [protein_id=EGP90812.1] [location=154820..155431] [gbkey=CDS],0.4717948717948718
"lcl|CM001196.1_cds_EGP92776.1_21 [locus_tag=MYCGRDRAFT_88603] [db_xref=JGIDB:Mycgr3_88603] [protein=hypothetical protein] [protein_id=EGP92776.1] [location=complement(join(160833..161027,161191..161291,162132..162314,162607..162631))] [gbkey=CDS]",0.47468354430379744
"lcl|CM001196.1_cds_EGP90813.1_22 [locus_tag=MYCGRDRAFT_64873] [db_xref=InterPro:IPR000836,JGIDB:Mycgr3_64873] [protein=hypothetical protein] [protein_id=EGP90813.1] [location=join(176417..176963,177030..177190)] [gbkey=CDS]",0.5238095238095238
"lcl|CM001196.1_cds_EGP90814.1_23 [locus_tag=MYCGRDRAFT_83301] [db_xref=InterPro:IPR011576,JGIDB:Mycgr3_83301] [protein=hypothetical protein] [protein_id=EGP90814.1] [location=join(178948..179112,179181..179487,179546..179706)] [gbkey=CDS]",0.6206896551724138
"lcl|CM001196.1_cds_EGP92775.1_24 [locus_tag=MYCGRDRAFT_88606] [db_xref=JGIDB:Mycgr3_88606] [protein=hypothetical protein] [protein_id=EGP92775.1] [location=complement(join(180980..181012,181072..181899,182097..182502,182605..182648))] [gbkey=CDS]",0.5106382978723404
"lcl|CM001196.1_cds_EGP92774.1_26 [locus_tag=MYCGRDRAFT_64875] [db_xref=InterPro:IPR002569,JGIDB:Mycgr3_64875] [protein=peptide methionine sulfoxide reductase] [protein_id=EGP92774.1] [location=complement(join(192635..192665,192726..193044,193103..193361))] [gbkey=CDS]",0.6041666666666666
"lcl|CM001196.1_cds_EGP90816.1_28 [locus_tag=MYCGRDRAFT_106738] [db_xref=JGIDB:Mycgr3_106738] [protein=hypothetical protein] [protein_id=EGP90816.1] [location=join(198416..198614,198758..198934,199094..199230,199431..199512,199796..200151)] [gbkey=CDS]",0.47854785478547857
"lcl|CM001196.1_cds_EGP90817.1_29 [locus_tag=MYCGRDRAFT_88611] [db_xref=JGIDB:Mycgr3_88611] [protein=hypothetical protein] [protein_id=EGP90817.1] [location=join(200954..200988,201108..201585,202068..202334)] [gbkey=CDS]",0.43253968253968256
"lcl|CM001196.1_cds_EGP92772.1_30 [locus_tag=MYCGRDRAFT_202665] [db_xref=InterPro:IPR011701,JGIDB:Mycgr3_202665] [protein=putative major facilitator superfamily transporter] [protein_id=EGP92772.1] [location=complement(join(203107..205031,205203..205260))] [gbkey=CDS]",0.46984126984126984
"lcl|CM001196.1_cds_EGP90818.1_31 [locus_tag=MYCGRDRAFT_88613] [db_xref=JGIDB:Mycgr3_88613] [protein=hypothetical protein] [protein_id=EGP90818.1] [location=join(206531..206728,206987..207093,207754..207760,207914..208076,208658..208710,209351..209390,209681..209717,209998..210041,210291..210351,210603..210654,210916..211064,211149..211224)] [gbkey=CDS]",0.5537974683544303
lcl|CM001196.1_cds_EGP92771.1_32 [locus_tag=MYCGRDRAFT_88614] [db_xref=JGIDB:Mycgr3_88614] [protein=hypothetical protein] [protein_id=EGP92771.1] [location=complement(211916..212437)] [gbkey=CDS],0.5093167701863354
lcl|CM001196.1_cds_EGP92770.1_33 [locus_tag=MYCGRDRAFT_106740] [db_xref=JGIDB:Mycgr3_106740] [protein=hypothetical protein] [protein_id=EGP92770.1] [location=complement(213893..216649)] [gbkey=CDS],0.4330357142857143
"lcl|CM001196.1_cds_EGP90819.1_34 [locus_tag=MYCGRDRAFT_64883] [db_xref=JGIDB:Mycgr3_64883] [protein=hypothetical protein] [protein_id=EGP90819.1] [location=join(217709..218075,218241..218599)] [gbkey=CDS]",0.5347826086956522
"lcl|CM001196.1_cds_EGP90820.1_35 [gene=HMG1] [locus_tag=MYCGRDRAFT_64888] [db_xref=InterPro:IPR002202,JGIDB:Mycgr3_64888] [protein=hmg1, hmg-CoA reductase] [protein_id=EGP90820.1] [location=join(219853..222926,222982..223342)] [gbkey=CDS]",0.5364298724954463
"lcl|CM001196.1_cds_EGP92769.1_36 [locus_tag=MYCGRDRAFT_88617] [db_xref=InterPro:IPR001248,InterPro:IPR001965,JGIDB:Mycgr3_88617] [protein=hypothetical protein] [protein_id=EGP92769.1] [location=complement(join(223670..224017,224273..224775,224838..224890,224952..225115,225177..225355,226618..226755,226816..226897,226949..227970,228066..228117))] [gbkey=CDS]",0.6162361623616236
"lcl|CM001196.1_cds_EGP90821.1_37 [gene=HDA2401] [locus_tag=MYCGRDRAFT_64892] [db_xref=InterPro:IPR000286,JGIDB:Mycgr3_64892] [protein=histone deacetylase] [protein_id=EGP90821.1] [location=join(228547..229093,229142..230163)] [gbkey=CDS]",0.6294820717131474
"lcl|CM001196.1_cds_EGP90822.1_39 [locus_tag=MYCGRDRAFT_88619] [db_xref=JGIDB:Mycgr3_88619] [protein=hypothetical protein] [protein_id=EGP90822.1] [location=join(234190..234686,234995..235022)] [gbkey=CDS]",0.5
lcl|CM001196.1_cds_EGP92767.1_40 [locus_tag=MYCGRDRAFT_88620] [db_xref=JGIDB:Mycgr3_88620] [protein=hypothetical protein] [protein_id=EGP92767.1] [location=complement(236211..236654)] [gbkey=CDS],0.5179856115107914
lcl|CM001196.1_cds_EGP90823.1_41 [locus_tag=MYCGRDRAFT_106743] [db_xref=JGIDB:Mycgr3_106743] [protein=hypothetical protein] [protein_id=EGP90823.1] [location=237862..238635] [gbkey=CDS],0.503968253968254
lcl|CM001196.1_cds_EGP92766.1_42 [locus_tag=MYCGRDRAFT_88622] [db_xref=JGIDB:Mycgr3_88622] [protein=hypothetical protein] [protein_id=EGP92766.1] [location=complement(239195..240148)] [gbkey=CDS],0.4900662251655629
"lcl|CM001196.1_cds_EGP92765.1_43 [locus_tag=MYCGRDRAFT_88623] [db_xref=JGIDB:Mycgr3_88623] [protein=hypothetical protein] [protein_id=EGP92765.1] [location=complement(join(243152..243492,243549..243579))] [gbkey=CDS]",0.6333333333333333
"lcl|CM001196.1_cds_EGP90824.1_44 [locus_tag=MYCGRDRAFT_88624] [db_xref=JGIDB:Mycgr3_88624] [protein=hypothetical protein] [protein_id=EGP90824.1] [location=join(246303..246499,246564..246675)] [gbkey=CDS]",0.6161616161616161
"lcl|CM001196.1_cds_EGP90826.1_46 [locus_tag=MYCGRDRAFT_106745] [db_xref=JGIDB:Mycgr3_106745] [protein=hypothetical protein] [protein_id=EGP90826.1] [location=join(257337..257356,257963..258070,258136..258201,258968..259403)] [gbkey=CDS]",0.5320197044334976
lcl|CM001196.1_cds_EGP92764.1_47 [locus_tag=MYCGRDRAFT_88627] [db_xref=JGIDB:Mycgr3_88627] [protein=hypothetical protein] [protein_id=EGP92764.1] [location=complement(261698..262024)] [gbkey=CDS],0.5098039215686274
"lcl|CM001196.1_cds_EGP90827.1_48 [locus_tag=MYCGRDRAFT_88628] [db_xref=JGIDB:Mycgr3_88628] [protein=hypothetical protein] [protein_id=EGP90827.1] [location=join(262670..263018,263541..264418)] [gbkey=CDS]",0.4498714652956298
lcl|CM001196.1_cds_EGP92763.1_49 [locus_tag=MYCGRDRAFT_88629] [db_xref=JGIDB:Mycgr3_88629] [protein=hypothetical protein] [protein_id=EGP92763.1] [location=complement(265655..266656)] [gbkey=CDS],0.49842271293375395
lcl|CM001196.1_cds_EGP92762.1_50 [locus_tag=MYCGRDRAFT_88630] [db_xref=JGIDB:Mycgr3_88630] [protein=hypothetical protein] [protein_id=EGP92762.1] [location=complement(269253..270098)] [gbkey=CDS],0.5
"lcl|CM001196.1_cds_EGP90828.1_51 [locus_tag=MYCGRDRAFT_98146] [db_xref=InterPro:IPR006845,JGIDB:Mycgr3_98146] [protein=hypothetical protein] [protein_id=EGP90828.1] [location=join(271488..272794,272900..273014)] [gbkey=CDS]",0.5010989010989011
"lcl|CM001196.1_cds_EGP90829.1_52 [locus_tag=MYCGRDRAFT_64902] [db_xref=InterPro:IPR006114,InterPro:IPR006115,JGIDB:Mycgr3_64902] [protein=hypothetical protein] [protein_id=EGP90829.1] [location=join(273593..274014,274067..275138)] [gbkey=CDS]",0.5520169851380042
"lcl|CM001196.1_cds_EGP92761.1_53 [locus_tag=MYCGRDRAFT_32213] [db_xref=InterPro:IPR001140,InterPro:IPR003439,JGIDB:Mycgr3_32213] [protein=putative ABC transporter] [protein_id=EGP92761.1] [location=complement(278572..283062)] [gbkey=CDS]",0.5494043447792571
lcl|CM001196.1_cds_EGP90831.1_55 [locus_tag=MYCGRDRAFT_64907] [db_xref=JGIDB:Mycgr3_64907] [protein=hypothetical protein] [protein_id=EGP90831.1] [location=289005..290279] [gbkey=CDS],0.47715736040609136
lcl|CM001196.1_cds_EGP92760.1_56 [locus_tag=MYCGRDRAFT_64910] [db_xref=JGIDB:Mycgr3_64910] [protein=hypothetical protein] [protein_id=EGP92760.1] [location=complement(290539..292224)] [gbkey=CDS],0.5367647058823529
"lcl|CM001196.1_cds_EGP90833.1_58 [locus_tag=MYCGRDRAFT_98150] [db_xref=InterPro:IPR001248,JGIDB:Mycgr3_98150] [protein=hypothetical protein] [protein_id=EGP90833.1] [location=296406..297950] [gbkey=CDS]",0.5979166666666667
"lcl|CM001196.1_cds_EGP90835.1_60 [locus_tag=MYCGRDRAFT_88639] [db_xref=JGIDB:Mycgr3_88639] [protein=hypothetical protein] [protein_id=EGP90835.1] [location=join(303543..303571,303940..303959,304705..304859,304912..305015,305239..305638,305733..305909)] [gbkey=CDS]",0.4666666666666667
"lcl|CM001196.1_cds_EGP90836.1_61 [locus_tag=MYCGRDRAFT_88640] [db_xref=JGIDB:Mycgr3_88640] [protein=hypothetical protein] [protein_id=EGP90836.1] [location=join(307304..307553,307623..307942)] [gbkey=CDS]",0.5955056179775281
"lcl|CM001196.1_cds_EGP92759.1_62 [locus_tag=MYCGRDRAFT_88641] [db_xref=JGIDB:Mycgr3_88641] [protein=hypothetical protein] [protein_id=EGP92759.1] [location=complement(join(308550..308607,308663..308789,308850..308967))] [gbkey=CDS]",0.648936170212766
"lcl|CM001196.1_cds_EGP92758.1_63 [locus_tag=MYCGRDRAFT_88642] [db_xref=JGIDB:Mycgr3_88642] [protein=hypothetical protein] [protein_id=EGP92758.1] [location=complement(join(309601..310222,310275..310277,310328..310850,310940..311106,311171..311484))] [gbkey=CDS]",0.5239005736137667
"lcl|CM001196.1_cds_EGP92757.1_64 [locus_tag=MYCGRDRAFT_88643] [db_xref=JGIDB:Mycgr3_88643] [protein=hypothetical protein] [protein_id=EGP92757.1] [location=complement(join(313055..313083,313373..313620,313881..313957))] [gbkey=CDS]",0.45132743362831856
"lcl|CM001196.1_cds_EGP90837.1_65 [locus_tag=MYCGRDRAFT_88644] [db_xref=JGIDB:Mycgr3_88644] [protein=Ca2+/calmodulin-dependent protein kinase] [protein_id=EGP90837.1] [location=join(316103..318732,318784..319033,319100..319112,319372..319430,319738..321377,321515..321569,321805..321866,322308..322349,322498..325158,325217..325365,325419..325558,325753..325839)] [gbkey=CDS]",0.44852644327815905
"lcl|CM001196.1_cds_EGP92756.1_66 [locus_tag=MYCGRDRAFT_64915] [db_xref=InterPro:IPR002103,JGIDB:Mycgr3_64915] [protein=hypothetical protein] [protein_id=EGP92756.1] [location=complement(join(328405..329178,329233..329766))] [gbkey=CDS]",0.5924170616113744
"lcl|CM001196.1_cds_EGP92754.1_68 [locus_tag=MYCGRDRAFT_31554] [db_xref=InterPro:IPR003959,JGIDB:Mycgr3_31554] [protein=hypothetical protein] [protein_id=EGP92754.1] [location=complement(join(334756..334948,335090..335253,335310..335611,335669..336000,336085..336967,337019..337193))] [gbkey=CDS]",0.7151515151515152
"lcl|CM001196.1_cds_EGP92753.1_69 [locus_tag=MYCGRDRAFT_88647] [db_xref=JGIDB:Mycgr3_88647] [protein=hypothetical protein] [protein_id=EGP92753.1] [location=complement(join(342389..342608,343072..343922,343977..344777))] [gbkey=CDS]",0.47254575707154745
"lcl|CM001196.1_cds_EGP92752.1_70 [locus_tag=MYCGRDRAFT_88648] [db_xref=JGIDB:Mycgr3_88648] [protein=hypothetical protein] [protein_id=EGP92752.1] [location=complement(join(345834..346355,347133..347144))] [gbkey=CDS]",0.46153846153846156
"lcl|CM001196.1_cds_EGP90838.1_71 [locus_tag=MYCGRDRAFT_64917] [db_xref=InterPro:IPR000648,JGIDB:Mycgr3_64917] [protein=hypothetical protein] [protein_id=EGP90838.1] [location=join(348282..348883,348951..349893)] [gbkey=CDS]",0.532520325203252
"lcl|CM001196.1_cds_EGP90839.1_72 [locus_tag=MYCGRDRAFT_88650] [db_xref=JGIDB:Mycgr3_88650] [protein=hypothetical protein] [protein_id=EGP90839.1] [location=join(351187..351375,351568..352101,352601..352626,352910..353108)] [gbkey=CDS]",0.5551948051948052
"lcl|CM001196.1_cds_EGP90840.1_73 [locus_tag=MYCGRDRAFT_106752] [db_xref=InterPro:IPR002110,InterPro:IPR007087,JGIDB:Mycgr3_106752] [protein=hypothetical protein] [protein_id=EGP90840.1] [location=353858..356317] [gbkey=CDS]",0.5656050955414013
"lcl|CM001196.1_cds_EGP92750.1_75 [locus_tag=MYCGRDRAFT_32102] [db_xref=InterPro:IPR002734,JGIDB:Mycgr3_32102] [protein=hypothetical protein] [protein_id=EGP92750.1] [location=complement(358191..358973)] [gbkey=CDS]",0.5789473684210527
"lcl|CM001196.1_cds_EGP90841.1_76 [locus_tag=MYCGRDRAFT_106753] [db_xref=JGIDB:Mycgr3_106753] [protein=hypothetical protein] [protein_id=EGP90841.1] [location=join(360517..360773,360831..362083,362147..362686,363151..363476)] [gbkey=CDS]",0.613965744400527
"lcl|CM001196.1_cds_EGP90842.1_77 [locus_tag=MYCGRDRAFT_88655] [db_xref=InterPro:IPR001138,InterPro:IPR007219,JGIDB:Mycgr3_88655] [protein=hypothetical protein] [protein_id=EGP90842.1] [location=join(366450..366611,366665..366994,367052..367189,367247..367475,367526..369405)] [gbkey=CDS]",0.4855824682814302
"lcl|CM001196.1_cds_EGP92749.1_78 [locus_tag=MYCGRDRAFT_64923] [db_xref=InterPro:IPR002198,JGIDB:Mycgr3_64923] [protein=hypothetical protein] [protein_id=EGP92749.1] [location=complement(join(375594..375842,375909..376460))] [gbkey=CDS]",0.890625
"lcl|CM001196.1_cds_EGP92748.1_79 [locus_tag=MYCGRDRAFT_32474] [db_xref=InterPro:IPR005101,InterPro:IPR006050,JGIDB:Mycgr3_32474] [protein=hypothetical protein] [protein_id=EGP92748.1] [location=complement(379302..381080)] [gbkey=CDS]",0.48226950354609927
"lcl|CM001196.1_cds_EGP90844.1_81 [locus_tag=MYCGRDRAFT_101995] [db_xref=InterPro:IPR001841,JGIDB:Mycgr3_101995] [protein=hypothetical protein] [protein_id=EGP90844.1] [location=383038..383349] [gbkey=CDS]",0.41836734693877553
"lcl|CM001196.1_cds_EGP90845.1_82 [locus_tag=MYCGRDRAFT_35093] [db_xref=InterPro:IPR006811,JGIDB:Mycgr3_35093] [protein=hypothetical protein] [protein_id=EGP90845.1] [location=join(384317..384474,384528..384807,384871..385260)] [gbkey=CDS]",0.4790874524714829
lcl|CM001196.1_cds_EGP90846.1_83 [locus_tag=MYCGRDRAFT_106756] [db_xref=JGIDB:Mycgr3_106756] [protein=hypothetical protein] [protein_id=EGP90846.1] [location=387590..387967] [gbkey=CDS],0.6854838709677419
"lcl|CM001196.1_cds_EGP92747.1_84 [locus_tag=MYCGRDRAFT_88661] [db_xref=JGIDB:Mycgr3_88661] [protein=hypothetical protein] [protein_id=EGP92747.1] [location=complement(join(400522..400595,400652..400835,401186..401218,401340..401360,401499..401539,401632..401706,401813..401837,402101..402178))] [gbkey=CDS]",0.5523255813953488
"lcl|CM001196.1_cds_EGP92746.1_85 [locus_tag=MYCGRDRAFT_98153] [db_xref=InterPro:IPR000868,JGIDB:Mycgr3_98153] [protein=hypothetical protein] [protein_id=EGP92746.1] [location=complement(join(404184..404589,404643..404895,405607..405634))] [gbkey=CDS]",0.5954545454545455
lcl|CM001196.1_cds_EGP92745.1_86 [locus_tag=MYCGRDRAFT_88663] [db_xref=JGIDB:Mycgr3_88663] [protein=hypothetical protein] [protein_id=EGP92745.1] [location=complement(406098..406400)] [gbkey=CDS],0.5625
lcl|CM001196.1_cds_EGP92744.1_87 [locus_tag=MYCGRDRAFT_88664] [db_xref=JGIDB:Mycgr3_88664] [protein=hypothetical protein] [protein_id=EGP92744.1] [location=complement(409004..409441)] [gbkey=CDS],0.5971223021582733
"lcl|CM001196.1_cds_EGP90847.1_88 [locus_tag=MYCGRDRAFT_88665] [db_xref=JGIDB:Mycgr3_88665] [protein=hypothetical protein] [protein_id=EGP90847.1] [location=join(411458..411868,412006..412128)] [gbkey=CDS]",0.6569767441860465
"lcl|CM001196.1_cds_EGP92743.1_89 [locus_tag=MYCGRDRAFT_31466] [db_xref=InterPro:IPR002656,JGIDB:Mycgr3_31466] [protein=membrane protein acetyltransferase-like protein] [protein_id=EGP92743.1] [location=complement(413323..414744)] [gbkey=CDS]",0.510250569476082
"lcl|CM001196.1_cds_EGP90848.1_90 [locus_tag=MYCGRDRAFT_88667] [db_xref=InterPro:IPR003689,JGIDB:Mycgr3_88667] [protein=hypothetical protein] [protein_id=EGP90848.1] [location=join(416100..416568,416627..417309)] [gbkey=CDS]",0.5374331550802139
"lcl|CM001196.1_cds_EGP92742.1_91 [locus_tag=MYCGRDRAFT_64933] [db_xref=JGIDB:Mycgr3_64933] [protein=hypothetical protein] [protein_id=EGP92742.1] [location=complement(join(417681..417974,418045..418314))] [gbkey=CDS]",0.47540983606557374
"lcl|CM001196.1_cds_EGP92741.1_94 [locus_tag=MYCGRDRAFT_88671] [db_xref=JGIDB:Mycgr3_88671] [protein=hypothetical protein] [protein_id=EGP92741.1] [location=complement(join(424317..425464,426250..426982))] [gbkey=CDS]",0.5514950166112956
"lcl|CM001196.1_cds_EGP90852.1_96 [locus_tag=MYCGRDRAFT_33111] [db_xref=InterPro:IPR004843,JGIDB:Mycgr3_33111] [protein=hypothetical protein] [protein_id=EGP90852.1] [location=join(442531..442651,442712..444078)] [gbkey=CDS]",0.5303983228511531
"lcl|CM001196.1_cds_EGP90853.1_97 [locus_tag=MYCGRDRAFT_88674] [db_xref=JGIDB:Mycgr3_88674] [protein=hypothetical protein] [protein_id=EGP90853.1] [location=join(444387..444497,444675..445574,446049..446096)] [gbkey=CDS]",0.5473372781065089
"lcl|CM001196.1_cds_EGP92740.1_98 [locus_tag=MYCGRDRAFT_101997] [db_xref=InterPro:IPR000504,JGIDB:Mycgr3_101997] [protein=hypothetical protein] [protein_id=EGP92740.1] [location=complement(join(447562..447783,447840..448094))] [gbkey=CDS]",0.535483870967742
"lcl|CM001196.1_cds_EGP90855.1_100 [locus_tag=MYCGRDRAFT_98156] [db_xref=InterPro:IPR002155,JGIDB:Mycgr3_98156] [protein=hypothetical protein] [protein_id=EGP90855.1] [location=join(454691..455187,455243..456125)] [gbkey=CDS]",0.6284403669724771
"lcl|CM001196.1_cds_EGP90856.1_101 [locus_tag=MYCGRDRAFT_106762] [db_xref=InterPro:IPR000277,JGIDB:Mycgr3_106762] [protein=hypothetical protein] [protein_id=EGP90856.1] [location=join(456512..457780,458348..458770)] [gbkey=CDS]",0.48428835489833644
"lcl|CM001196.1_cds_EGP92739.1_102 [locus_tag=MYCGRDRAFT_88680] [db_xref=JGIDB:Mycgr3_88680] [protein=hypothetical protein] [protein_id=EGP92739.1] [location=complement(join(459400..459479,459595..462054,462180..462315,462437..463939))] [gbkey=CDS]",0.4582409460458241
"lcl|CM001196.1_cds_EGP90857.1_104 [locus_tag=MYCGRDRAFT_64952] [db_xref=InterPro:IPR002130,JGIDB:Mycgr3_64952] [protein=hypothetical protein] [protein_id=EGP90857.1] [location=join(476536..476737,476858..477027,477100..477402)] [gbkey=CDS]",0.8387096774193549
"lcl|CM001196.1_cds_EGP90858.1_105 [locus_tag=MYCGRDRAFT_102005] [db_xref=InterPro:IPR000218,JGIDB:Mycgr3_102005] [protein=hypothetical protein] [protein_id=EGP90858.1] [location=join(478286..478296,478369..478419,478645..478891,478978..479055,479116..479148)] [gbkey=CDS]",0.7131782945736435
"lcl|CM001196.1_cds_EGP92736.1_107 [locus_tag=MYCGRDRAFT_64956] [db_xref=InterPro:IPR000008,JGIDB:Mycgr3_64956] [protein=hypothetical protein] [protein_id=EGP92736.1] [location=complement(join(486232..487832,487892..488786,488871..490483,490586..490784))] [gbkey=CDS]",0.5953757225433526
lcl|CM001196.1_cds_EGP92735.1_108 [locus_tag=MYCGRDRAFT_34130] [db_xref=JGIDB:Mycgr3_34130] [protein=hypothetical protein] [protein_id=EGP92735.1] [location=complement(491933..492364)] [gbkey=CDS],0.6666666666666666
"lcl|CM001196.1_cds_EGP90859.1_109 [locus_tag=MYCGRDRAFT_106768] [db_xref=InterPro:IPR000209,JGIDB:Mycgr3_106768] [protein=hypothetical protein] [protein_id=EGP90859.1] [location=join(493684..494392,494446..494749,495104..495202,495366..495623,495693..497359,497417..497541)] [gbkey=CDS]",0.5078895463510849
"lcl|CM001196.1_cds_EGP90860.1_110 [locus_tag=MYCGRDRAFT_106769] [db_xref=JGIDB:Mycgr3_106769] [protein=hypothetical protein] [protein_id=EGP90860.1] [location=join(497958..498545,498610..498849)] [gbkey=CDS]",0.44528301886792454
"lcl|CM001196.1_cds_EGP90861.1_111 [locus_tag=MYCGRDRAFT_64960] [db_xref=InterPro:IPR002618,JGIDB:Mycgr3_64960] [protein=hypothetical protein] [protein_id=EGP90861.1] [location=join(500543..500647,501072..501167,501221..502588)] [gbkey=CDS]",0.777120315581854
"lcl|CM001196.1_cds_EGP90862.1_112 [locus_tag=MYCGRDRAFT_88691] [db_xref=JGIDB:Mycgr3_88691] [protein=hydrophobin-like protein] [protein_id=EGP90862.1] [location=join(509647..510000,510135..511503,511570..511646,511713..511875,511945..512009,512067..512235,512313..512377,512523..512588,512656..512738,512803..512842)] [gbkey=CDS]",0.5234567901234568
"lcl|CM001196.1_cds_EGP92734.1_113 [locus_tag=MYCGRDRAFT_102012] [db_xref=InterPro:IPR002124,JGIDB:Mycgr3_102012] [protein=hypothetical protein] [protein_id=EGP92734.1] [location=complement(join(515839..516113,516167..516325,516402..516458,516527..516617))] [gbkey=CDS]",0.6666666666666666
"lcl|CM001196.1_cds_EGP90863.1_114 [locus_tag=MYCGRDRAFT_83336] [db_xref=JGIDB:Mycgr3_83336] [protein=hypothetical protein] [protein_id=EGP90863.1] [location=join(523437..523803,523862..524817)] [gbkey=CDS]",0.5801886792452831
lcl|CM001196.1_cds_EGP92733.1_115 [locus_tag=MYCGRDRAFT_88695] [db_xref=JGIDB:Mycgr3_88695] [protein=hypothetical protein] [protein_id=EGP92733.1] [location=complement(525245..528061)] [gbkey=CDS],0.4119601328903654
"lcl|CM001196.1_cds_EGP92732.1_116 [locus_tag=MYCGRDRAFT_88696] [db_xref=JGIDB:Mycgr3_88696] [protein=hypothetical protein] [protein_id=EGP92732.1] [location=complement(join(529344..532371,532437..532842,532981..533018,533599..533909))] [gbkey=CDS]",0.4696223316912972
lcl|CM001196.1_cds_EGP90864.1_117 [locus_tag=MYCGRDRAFT_83337] [db_xref=JGIDB:Mycgr3_83337] [protein=hypothetical protein] [protein_id=EGP90864.1] [location=534698..534961] [gbkey=CDS],0.3333333333333333
"lcl|CM001196.1_cds_EGP90865.1_118 [locus_tag=MYCGRDRAFT_88698] [db_xref=JGIDB:Mycgr3_88698] [protein=hypothetical protein] [protein_id=EGP90865.1] [location=join(536720..536772,536829..537015,537089..537157,537226..537396)] [gbkey=CDS]",0.6623376623376623
lcl|CM001196.1_cds_EGP90867.1_120 [locus_tag=MYCGRDRAFT_78092] [db_xref=JGIDB:Mycgr3_78092] [protein=hypothetical protein] [protein_id=EGP90867.1] [location=542471..542755] [gbkey=CDS],0.45054945054945056
lcl|CM001196.1_cds_EGP92731.1_121 [locus_tag=MYCGRDRAFT_88700] [db_xref=JGIDB:Mycgr3_88700] [protein=hypothetical protein] [protein_id=EGP92731.1] [location=complement(544973..546640)] [gbkey=CDS],0.5671641791044776
"lcl|CM001196.1_cds_EGP90868.1_122 [locus_tag=MYCGRDRAFT_64973] [db_xref=InterPro:IPR000133,JGIDB:Mycgr3_64973] [protein=hypothetical protein] [protein_id=EGP90868.1] [location=join(548999..549385,549441..550157)] [gbkey=CDS]",0.5444126074498568
"lcl|CM001196.1_cds_EGP90869.1_123 [locus_tag=MYCGRDRAFT_64976] [db_xref=InterPro:IPR000581,JGIDB:Mycgr3_64976] [protein=hypothetical protein] [protein_id=EGP90869.1] [location=550543..552333] [gbkey=CDS]",0.5802469135802469
"lcl|CM001196.1_cds_EGP92730.1_124 [locus_tag=MYCGRDRAFT_64979] [db_xref=InterPro:IPR000719,JGIDB:Mycgr3_64979] [protein=Ca2+/calmodulin-dependent protein kinase] [protein_id=EGP92730.1] [location=complement(join(552672..553839,553889..554133,554262..554309,554436..554984))] [gbkey=CDS]",0.5867895545314901
"lcl|CM001196.1_cds_EGP90870.1_125 [locus_tag=MYCGRDRAFT_88705] [db_xref=JGIDB:Mycgr3_88705] [protein=hypothetical protein] [protein_id=EGP90870.1] [location=join(561886..562615,562703..562976,563028..563706)] [gbkey=CDS]",0.5300751879699248
"lcl|CM001196.1_cds_EGP92729.1_126 [gene=LEN2] [locus_tag=MYCGRDRAFT_117731] [db_xref=InterPro:IPR001087,JGIDB:Mycgr3_117731] [protein=lipolytic enzyme/sugar transporter] [protein_id=EGP92729.1] [location=complement(join(566184..566284,566368..566546,566622..567048,567102..567163,567219..567517))] [gbkey=CDS]",0.47619047619047616
"lcl|CM001196.1_cds_EGP92728.1_127 [locus_tag=MYCGRDRAFT_102016] [db_xref=JGIDB:Mycgr3_102016] [protein=hypothetical protein] [protein_id=EGP92728.1] [location=complement(join(568253..569182,569245..569334))] [gbkey=CDS]",0.6596385542168675
"lcl|CM001196.1_cds_EGP92727.1_128 [gene=MgEXG1] [locus_tag=MYCGRDRAFT_106779] [db_xref=InterPro:IPR001547,JGIDB:Mycgr3_106779] [protein=putative Exo-beta-1,3-glucanase] [protein_id=EGP92727.1] [location=complement(join(571914..572947,573004..573054,573114..573282))] [gbkey=CDS]",0.5894206549118388
lcl|CM001196.1_cds_EGP90871.1_129 [locus_tag=MYCGRDRAFT_106780] [db_xref=JGIDB:Mycgr3_106780] [protein=hypothetical protein] [protein_id=EGP90871.1] [location=577551..578981] [gbkey=CDS],0.6637931034482759
"lcl|CM001196.1_cds_EGP92726.1_130 [locus_tag=MYCGRDRAFT_33635] [db_xref=InterPro:IPR001395,JGIDB:Mycgr3_33635] [protein=hypothetical protein] [protein_id=EGP92726.1] [location=complement(join(579845..580231,580284..580690,580879..580948))] [gbkey=CDS]",0.5272727272727272
"lcl|CM001196.1_cds_EGP90872.1_131 [locus_tag=MYCGRDRAFT_106782] [db_xref=InterPro:IPR005140,InterPro:IPR005141,InterPro:IPR005142,InterPro:IPR006175,JGIDB:Mycgr3_106782] [protein=hypothetical protein] [protein_id=EGP90872.1] [location=join(581426..581506,581559..582699,583058..583159,583221..583234,583294..583461,583534..583698)] [gbkey=CDS]",0.4906716417910448
"lcl|CM001196.1_cds_EGP92724.1_133 [locus_tag=MYCGRDRAFT_34487] [db_xref=InterPro:IPR000048,InterPro:IPR000593,InterPro:IPR001715,InterPro:IPR001936,JGIDB:Mycgr3_34487] [protein=ras GTPase] [protein_id=EGP92724.1] [location=complement(join(587103..587173,587207..587884,588008..591962))] [gbkey=CDS]",0.5098814229249012
"lcl|CM001196.1_cds_EGP90873.1_134 [locus_tag=MYCGRDRAFT_106783] [db_xref=InterPro:IPR000644,InterPro:IPR001093,JGIDB:Mycgr3_106783] [protein=hypothetical protein] [protein_id=EGP90873.1] [location=join(593177..593690,593892..595039)] [gbkey=CDS]",0.6409774436090225
"lcl|CM001196.1_cds_EGP92723.1_135 [locus_tag=MYCGRDRAFT_88714] [db_xref=JGIDB:Mycgr3_88714] [protein=hypothetical protein] [protein_id=EGP92723.1] [location=complement(join(598688..598999,599373..601550))] [gbkey=CDS]",0.3820638820638821
"lcl|CM001196.1_cds_EGP90874.1_136 [gene=MgSCP11] [locus_tag=MYCGRDRAFT_35026] [db_xref=InterPro:IPR008758,JGIDB:Mycgr3_35026] [protein=serine carboxypeptidase] [protein_id=EGP90874.1] [location=603090..604706] [gbkey=CDS]",0.45930232558139533
"lcl|CM001196.1_cds_EGP92722.1_137 [gene=CYP-47] [locus_tag=MYCGRDRAFT_64993] [db_xref=InterPro:IPR001128,JGIDB:Mycgr3_64993] [protein=putative P450 monooxygenase] [protein_id=EGP92722.1] [location=complement(join(606594..607202,607256..607632,607681..608209))] [gbkey=CDS]",0.5421940928270043
"lcl|CM001196.1_cds_EGP92721.1_138 [locus_tag=MYCGRDRAFT_102019] [db_xref=JGIDB:Mycgr3_102019] [protein=hypothetical protein] [protein_id=EGP92721.1] [location=complement(join(608688..608875,608932..609790))] [gbkey=CDS]",0.5121951219512195
lcl|CM001196.1_cds_EGP90875.1_139 [locus_tag=MYCGRDRAFT_102020] [db_xref=JGIDB:Mycgr3_102020] [protein=hypothetical protein] [protein_id=EGP90875.1] [location=610258..610452] [gbkey=CDS],0.559322033898305
"lcl|CM001196.1_cds_EGP92720.1_140 [locus_tag=MYCGRDRAFT_88718] [db_xref=InterPro:IPR007087,JGIDB:Mycgr3_88718] [protein=hypothetical protein] [protein_id=EGP92720.1] [location=complement(join(615870..616026,616379..616481,616594..616739,616896..616998,617132..617207,617655..618812,619085..619249))] [gbkey=CDS]",0.565359477124183
"lcl|CM001196.1_cds_EGP92719.1_141 [gene=GALM2] [locus_tag=MYCGRDRAFT_98175] [db_xref=InterPro:IPR008183,JGIDB:Mycgr3_98175] [protein=aldose 1-epimerase] [protein_id=EGP92719.1] [location=complement(join(620486..620599,620655..621426,621482..621771))] [gbkey=CDS]",0.6157894736842106
"lcl|CM001196.1_cds_EGP92718.1_142 [locus_tag=MYCGRDRAFT_32965] [db_xref=JGIDB:Mycgr3_32965] [protein=hypothetical protein] [protein_id=EGP92718.1] [location=complement(join(622734..622966,623019..623488,623543..623868))] [gbkey=CDS]",0.4584615384615385
"lcl|CM001196.1_cds_EGP92717.1_143 [locus_tag=MYCGRDRAFT_34594] [db_xref=InterPro:IPR000120,JGIDB:Mycgr3_34594] [protein=hypothetical protein] [protein_id=EGP92717.1] [location=complement(join(626689..628360,628476..628516))] [gbkey=CDS]",0.5055350553505535
"lcl|CM001196.1_cds_EGP92716.1_144 [locus_tag=MYCGRDRAFT_65005] [db_xref=InterPro:IPR001138,JGIDB:Mycgr3_65005] [protein=hypothetical protein] [protein_id=EGP92716.1] [location=complement(join(629897..630708,630762..631926,632023..632100))] [gbkey=CDS]",0.47560975609756095
lcl|CM001196.1_cds_EGP90877.1_146 [locus_tag=MYCGRDRAFT_106788] [db_xref=JGIDB:Mycgr3_106788] [protein=hypothetical protein] [protein_id=EGP90877.1] [location=635923..638724] [gbkey=CDS],0.4461538461538462
"lcl|CM001196.1_cds_EGP92715.1_147 [locus_tag=MYCGRDRAFT_88725] [db_xref=JGIDB:Mycgr3_88725] [protein=hypothetical protein] [protein_id=EGP92715.1] [location=complement(join(639435..640175,640239..640370))] [gbkey=CDS]",0.6956521739130435
"lcl|CM001196.1_cds_EGP92711.1_151 [locus_tag=MYCGRDRAFT_98177] [db_xref=InterPro:IPR000555,JGIDB:Mycgr3_98177] [protein=hypothetical protein] [protein_id=EGP92711.1] [location=complement(join(653919..656354,656426..656451,656513..656560,656615..656656,656711..656771,656828..661312))] [gbkey=CDS]",0.6194926568758344
"lcl|CM001196.1_cds_EGP90878.1_152 [locus_tag=MYCGRDRAFT_102027] [db_xref=InterPro:IPR008195,JGIDB:Mycgr3_102027] [protein=hypothetical protein] [protein_id=EGP90878.1] [location=join(661694..661720,661805..661942,662078..662263)] [gbkey=CDS]",0.7522123893805309
"lcl|CM001196.1_cds_EGP90879.1_153 [locus_tag=MYCGRDRAFT_106793] [db_xref=InterPro:IPR001138,InterPro:IPR007087,JGIDB:Mycgr3_106793] [protein=hypothetical protein] [protein_id=EGP90879.1] [location=join(663731..665002,665058..666236)] [gbkey=CDS]",0.46496815286624205
lcl|CM001196.1_cds_EGP90880.1_154 [locus_tag=MYCGRDRAFT_88732] [db_xref=JGIDB:Mycgr3_88732] [protein=hypothetical protein] [protein_id=EGP90880.1] [location=666685..667593] [gbkey=CDS],0.511864406779661
"lcl|CM001196.1_cds_EGP92710.1_155 [locus_tag=MYCGRDRAFT_106794] [db_xref=InterPro:IPR000073,JGIDB:Mycgr3_106794] [protein=hypothetical protein] [protein_id=EGP92710.1] [location=complement(join(668103..668110,668176..668382,668508..668536,668849..670475,670526..670700))] [gbkey=CDS]",0.5222052067381318
"lcl|CM001196.1_cds_EGP90881.1_156 [locus_tag=MYCGRDRAFT_98180] [db_xref=InterPro:IPR001266,JGIDB:Mycgr3_98180] [protein=hypothetical protein] [protein_id=EGP90881.1] [location=join(671465..671558,671713..671773,671832..672129)] [gbkey=CDS]",0.8163265306122449
"lcl|CM001196.1_cds_EGP90882.1_158 [locus_tag=MYCGRDRAFT_83356] [db_xref=InterPro:IPR001752,JGIDB:Mycgr3_83356] [protein=hypothetical protein] [protein_id=EGP90882.1] [location=join(674625..674839,674895..676729,676838..677677,684888..684940,686547..686600)] [gbkey=CDS]",0.5108135942327497
"lcl|CM001196.1_cds_EGP90883.1_160 [locus_tag=MYCGRDRAFT_32367] [db_xref=InterPro:IPR004274,JGIDB:Mycgr3_32367] [protein=hypothetical protein] [protein_id=EGP90883.1] [location=692115..693593] [gbkey=CDS]",0.5574468085106383
"lcl|CM001196.1_cds_EGP90884.1_161 [locus_tag=MYCGRDRAFT_32208] [db_xref=InterPro:IPR003738,JGIDB:Mycgr3_32208] [protein=hypothetical protein] [protein_id=EGP90884.1] [location=join(694028..695104,695210..695383)] [gbkey=CDS]",0.5264483627204031
"lcl|CM001196.1_cds_EGP90885.1_163 [locus_tag=MYCGRDRAFT_34306] [db_xref=InterPro:IPR001461,JGIDB:Mycgr3_34306] [protein=hypothetical protein] [protein_id=EGP90885.1] [location=join(697181..698006,698077..698372)] [gbkey=CDS]",0.5192307692307693
lcl|CM001196.1_cds_EGP90886.1_164 [locus_tag=MYCGRDRAFT_65036] [db_xref=JGIDB:Mycgr3_65036] [protein=hypothetical protein] [protein_id=EGP90886.1] [location=698962..700026] [gbkey=CDS],0.5295857988165681
lcl|CM001196.1_cds_EGP90887.1_165 [locus_tag=MYCGRDRAFT_88743] [db_xref=JGIDB:Mycgr3_88743] [protein=hypothetical protein] [protein_id=EGP90887.1] [location=701100..701591] [gbkey=CDS],0.5031446540880503
"lcl|CM001196.1_cds_EGP90888.1_166 [locus_tag=MYCGRDRAFT_106799] [db_xref=InterPro:IPR000868,JGIDB:Mycgr3_106799] [protein=hypothetical protein] [protein_id=EGP90888.1] [location=join(703274..703606,703659..705608)] [gbkey=CDS]",0.43945578231292515
"lcl|CM001196.1_cds_EGP92706.1_167 [locus_tag=MYCGRDRAFT_88745] [db_xref=JGIDB:Mycgr3_88745] [protein=hypothetical protein] [protein_id=EGP92706.1] [location=complement(join(705916..705972,706044..706579,706655..706841))] [gbkey=CDS]",0.4534412955465587
lcl|CM001196.1_cds_EGP92705.1_168 [locus_tag=MYCGRDRAFT_106800] [db_xref=JGIDB:Mycgr3_106800] [protein=hypothetical protein] [protein_id=EGP92705.1] [location=complement(707026..707397)] [gbkey=CDS],0.49166666666666664
lcl|CM001196.1_cds_EGP90890.1_170 [locus_tag=MYCGRDRAFT_102033] [db_xref=JGIDB:Mycgr3_102033] [protein=hypothetical protein] [protein_id=EGP90890.1] [location=723354..723716] [gbkey=CDS],0.43103448275862066
"lcl|CM001196.1_cds_EGP90891.1_171 [locus_tag=MYCGRDRAFT_65045] [db_xref=InterPro:IPR000101,JGIDB:Mycgr3_65045] [protein=hypothetical protein] [protein_id=EGP90891.1] [location=join(724528..725061,725112..726404)] [gbkey=CDS]",0.5354058721934369
"lcl|CM001196.1_cds_EGP90892.1_172 [locus_tag=MYCGRDRAFT_88749] [db_xref=JGIDB:Mycgr3_88749] [protein=hypothetical protein] [protein_id=EGP90892.1] [location=join(726894..726923,727018..727416)] [gbkey=CDS]",0.5547445255474452
lcl|CM001196.1_cds_EGP90893.1_173 [locus_tag=MYCGRDRAFT_102037] [db_xref=JGIDB:Mycgr3_102037] [protein=hypothetical protein] [protein_id=EGP90893.1] [location=729088..729468] [gbkey=CDS],0.48760330578512395
"lcl|CM001196.1_cds_EGP90894.1_174 [locus_tag=MYCGRDRAFT_51997] [db_xref=InterPro:IPR007197,JGIDB:Mycgr3_51997] [protein=hypothetical protein] [protein_id=EGP90894.1] [location=730101..731147] [gbkey=CDS]",0.5468277945619335
"lcl|CM001196.1_cds_EGP92704.1_175 [locus_tag=MYCGRDRAFT_65051] [db_xref=JGIDB:Mycgr3_65051] [protein=Hypothetical protein] [protein_id=EGP92704.1] [location=complement(join(731227..731582,731625..732870,732923..733060,733112..733210,733292..733870,733930..734099,734147..734630))] [gbkey=CDS]",0.48074921956295524
"lcl|CM001196.1_cds_EGP92702.1_178 [locus_tag=MYCGRDRAFT_65057] [db_xref=InterPro:IPR001199,InterPro:IPR006090,InterPro:IPR006091,JGIDB:Mycgr3_65057] [protein=hypothetical protein] [protein_id=EGP92702.1] [location=complement(join(745954..746421,746475..746698,746756..747566,747623..747658))] [gbkey=CDS]",0.621900826446281
"lcl|CM001196.1_cds_EGP92701.1_179 [locus_tag=MYCGRDRAFT_106807] [db_xref=JGIDB:Mycgr3_106807] [protein=hypothetical protein] [protein_id=EGP92701.1] [location=complement(join(748688..748970,749052..749636,749696..750135,750202..751134))] [gbkey=CDS]",0.4827109266943292
"lcl|CM001196.1_cds_EGP90896.1_180 [locus_tag=MYCGRDRAFT_65060] [db_xref=InterPro:IPR000595,InterPro:IPR001611,InterPro:IPR001810,JGIDB:Mycgr3_65060] [protein=hypothetical protein] [protein_id=EGP90896.1] [location=752548..755520] [gbkey=CDS]",0.47193347193347196
"lcl|CM001196.1_cds_EGP90897.1_181 [locus_tag=MYCGRDRAFT_33425] [db_xref=InterPro:IPR001952,JGIDB:Mycgr3_33425] [protein=hypothetical protein] [protein_id=EGP90897.1] [location=758876..760729] [gbkey=CDS]",0.5016778523489933
"lcl|CM001196.1_cds_EGP92700.1_183 [locus_tag=MYCGRDRAFT_65063] [db_xref=JGIDB:Mycgr3_65063] [protein=hypothetical protein] [protein_id=EGP92700.1] [location=complement(join(767597..767636,767704..767786,767848..767921,767996..768471,768523..768547,768598..768677,768743..768800,768855..768922,768993..769057,769158..769187))] [gbkey=CDS]",0.5129032258064516
"lcl|CM001196.1_cds_EGP92699.1_184 [locus_tag=MYCGRDRAFT_65067] [db_xref=InterPro:IPR001140,InterPro:IPR003439,JGIDB:Mycgr3_65067] [protein=putative ABC transporter] [protein_id=EGP92699.1] [location=complement(join(770946..773618,773669..774052))] [gbkey=CDS]",0.526100307062436
"lcl|CM001196.1_cds_EGP92698.1_185 [locus_tag=MYCGRDRAFT_78124] [db_xref=InterPro:IPR001931,JGIDB:Mycgr3_78124] [protein=hypothetical protein] [protein_id=EGP92698.1] [location=complement(join(778755..778983,779047..779078))] [gbkey=CDS]",0.7349397590361446
"lcl|CM001196.1_cds_EGP92697.1_186 [locus_tag=MYCGRDRAFT_102047] [db_xref=InterPro:IPR000757,JGIDB:Mycgr3_102047] [protein=hypothetical protein] [protein_id=EGP92697.1] [location=complement(join(779624..780387,780438..780999))] [gbkey=CDS]",0.5876777251184834
"lcl|CM001196.1_cds_EGP90899.1_187 [locus_tag=MYCGRDRAFT_32167] [db_xref=JGIDB:Mycgr3_32167] [protein=hypothetical protein] [protein_id=EGP90899.1] [location=join(781996..782388,782483..782812)] [gbkey=CDS]",0.5065502183406113
"lcl|CM001196.1_cds_EGP92696.1_188 [locus_tag=MYCGRDRAFT_32028] [db_xref=JGIDB:Mycgr3_32028] [protein=hypothetical protein] [protein_id=EGP92696.1] [location=complement(join(783309..783713,783784..783954))] [gbkey=CDS]",0.592391304347826
"lcl|CM001196.1_cds_EGP92695.1_189 [locus_tag=MYCGRDRAFT_88762] [db_xref=JGIDB:Mycgr3_88762] [protein=hypothetical protein] [protein_id=EGP92695.1] [location=complement(join(784427..784469,784861..785018,785122..785331))] [gbkey=CDS]",0.421875
"lcl|CM001196.1_cds_EGP90900.1_190 [locus_tag=MYCGRDRAFT_88763] [db_xref=InterPro:IPR001680,JGIDB:Mycgr3_88763] [protein=hypothetical protein] [protein_id=EGP90900.1] [location=join(785587..788823,788948..788992)] [gbkey=CDS]",0.43909348441926344
"lcl|CM001196.1_cds_EGP92693.1_192 [locus_tag=MYCGRDRAFT_34157] [db_xref=JGIDB:Mycgr3_34157] [protein=hypothetical protein] [protein_id=EGP92693.1] [location=complement(join(793634..794034,794389..795322))] [gbkey=CDS]",0.42923433874709976
"lcl|CM001196.1_cds_EGP90901.1_193 [locus_tag=MYCGRDRAFT_83371] [db_xref=JGIDB:Mycgr3_83371] [protein=hypothetical protein] [protein_id=EGP90901.1] [location=join(795627..795968,796025..797113,797240..797272,797328..797345)] [gbkey=CDS]",0.4864864864864865
"lcl|CM001196.1_cds_EGP92692.1_195 [locus_tag=MYCGRDRAFT_88767] [db_xref=JGIDB:Mycgr3_88767] [protein=hypothetical protein] [protein_id=EGP92692.1] [location=complement(join(801154..801473,801533..801935))] [gbkey=CDS]",0.41739130434782606
"lcl|CM001196.1_cds_EGP92691.1_196 [locus_tag=MYCGRDRAFT_98194] [db_xref=InterPro:IPR001494,JGIDB:Mycgr3_98194] [protein=hypothetical protein] [protein_id=EGP92691.1] [location=complement(join(805666..808543,808617..808885))] [gbkey=CDS]",0.49751737835153925
"lcl|CM001196.1_cds_EGP90903.1_197 [locus_tag=MYCGRDRAFT_106814] [db_xref=JGIDB:Mycgr3_106814] [protein=hypothetical protein] [protein_id=EGP90903.1] [location=join(809724..809913,809971..810611)] [gbkey=CDS]",0.4696969696969697
"lcl|CM001196.1_cds_EGP90904.1_198 [locus_tag=MYCGRDRAFT_31826] [db_xref=InterPro:IPR002085,JGIDB:Mycgr3_31826] [protein=hypothetical protein] [protein_id=EGP90904.1] [location=join(811094..811183,811257..811303,811381..811618,811675..811758,811811..812334,812452..812542)] [gbkey=CDS]",0.636094674556213
"lcl|CM001196.1_cds_EGP92690.1_199 [locus_tag=MYCGRDRAFT_65081] [db_xref=InterPro:IPR000895,JGIDB:Mycgr3_65081] [protein=hypothetical protein] [protein_id=EGP92690.1] [location=complement(813851..814237)] [gbkey=CDS]",0.5289256198347108
lcl|CM001196.1_cds_EGP92689.1_200 [locus_tag=MYCGRDRAFT_106817] [db_xref=JGIDB:Mycgr3_106817] [protein=hypothetical protein] [protein_id=EGP92689.1] [location=complement(822031..822555)] [gbkey=CDS],0.5384615384615384
"lcl|CM001196.1_cds_EGP90905.1_201 [locus_tag=MYCGRDRAFT_34938] [db_xref=InterPro:IPR003749,JGIDB:Mycgr3_34938] [protein=hypothetical protein] [protein_id=EGP90905.1] [location=822994..823287] [gbkey=CDS]",0.5789473684210527
"lcl|CM001196.1_cds_EGP90906.1_202 [locus_tag=MYCGRDRAFT_65087] [db_xref=InterPro:IPR003137,InterPro:IPR007365,InterPro:IPR007484,JGIDB:Mycgr3_65087] [protein=peptidase M28] [protein_id=EGP90906.1] [location=join(826199..826273,826332..826621,826673..827178,827231..828657)] [gbkey=CDS]",0.5573549257759784
"lcl|CM001196.1_cds_EGP92687.1_205 [locus_tag=MYCGRDRAFT_88777] [db_xref=JGIDB:Mycgr3_88777] [protein=hypothetical protein] [protein_id=EGP92687.1] [location=complement(join(836435..837001,837062..837076))] [gbkey=CDS]",0.5851063829787234
"lcl|CM001196.1_cds_EGP90908.1_206 [locus_tag=MYCGRDRAFT_88778] [db_xref=JGIDB:Mycgr3_88778] [protein=hypothetical protein] [protein_id=EGP90908.1] [location=join(837614..838104,838211..838510,838608..838770)] [gbkey=CDS]",0.5234899328859061
"lcl|CM001196.1_cds_EGP92686.1_207 [locus_tag=MYCGRDRAFT_52044] [db_xref=InterPro:IPR000304,JGIDB:Mycgr3_52044] [protein=hypothetical protein] [protein_id=EGP92686.1] [location=complement(839427..840221)] [gbkey=CDS]",0.4921875
"lcl|CM001196.1_cds_EGP92684.1_209 [locus_tag=MYCGRDRAFT_102052] [db_xref=JGIDB:Mycgr3_102052] [protein=hypothetical protein] [protein_id=EGP92684.1] [location=complement(join(846107..846307,846370..846630,846705..846743))] [gbkey=CDS]",0.7467532467532467
lcl|CM001196.1_cds_EGP92682.1_211 [locus_tag=MYCGRDRAFT_88783] [db_xref=JGIDB:Mycgr3_88783] [protein=hypothetical protein] [protein_id=EGP92682.1] [location=complement(852474..853505)] [gbkey=CDS],0.5363636363636364
"lcl|CM001196.1_cds_EGP90909.1_212 [gene=MgSNF1] [locus_tag=MYCGRDRAFT_98201] [db_xref=InterPro:IPR000719,JGIDB:Mycgr3_98201] [protein=carbon catabolite derepressing protein kinase] [protein_id=EGP90909.1] [location=join(855085..856134,856234..857487)] [gbkey=CDS]",0.5723951285520974
"lcl|CM001196.1_cds_EGP92680.1_214 [locus_tag=MYCGRDRAFT_33498] [db_xref=JGIDB:Mycgr3_33498] [protein=hypothetical protein] [protein_id=EGP92680.1] [location=complement(join(863557..864150,864256..864401,864494..864755,864804..864941))] [gbkey=CDS]",0.52
lcl|CM001196.1_cds_EGP92679.1_215 [locus_tag=MYCGRDRAFT_32207] [db_xref=JGIDB:Mycgr3_32207] [protein=hypothetical protein] [protein_id=EGP92679.1] [location=complement(866665..867600)] [gbkey=CDS],0.4868421052631579
"lcl|CM001196.1_cds_EGP92678.1_216 [gene=CHS3] [locus_tag=MYCGRDRAFT_65104] [db_xref=InterPro:IPR004834,JGIDB:Mycgr3_65104] [protein=chitin synthase, class] [protein_id=EGP92678.1] [location=complement(join(868484..869448,869496..871233,871300..871347))] [gbkey=CDS]",0.5959137343927355
lcl|CM001196.1_cds_EGP90910.1_217 [locus_tag=MYCGRDRAFT_65107] [db_xref=JGIDB:Mycgr3_65107] [protein=hypothetical protein] [protein_id=EGP90910.1] [location=872516..873361] [gbkey=CDS],0.4852941176470588
"lcl|CM001196.1_cds_EGP90911.1_218 [locus_tag=MYCGRDRAFT_88790] [db_xref=JGIDB:Mycgr3_88790] [protein=hypothetical protein] [protein_id=EGP90911.1] [location=join(874289..874629,874708..874798,875029..875806,876297..877048)] [gbkey=CDS]",0.53198127925117
lcl|CM001196.1_cds_EGP90912.1_219 [locus_tag=MYCGRDRAFT_88791] [db_xref=JGIDB:Mycgr3_88791] [protein=hypothetical protein] [protein_id=EGP90912.1] [location=877569..879164] [gbkey=CDS],0.4686907020872865
"lcl|CM001196.1_cds_EGP92677.1_220 [locus_tag=MYCGRDRAFT_52059] [db_xref=InterPro:IPR000559,InterPro:IPR000672,JGIDB:Mycgr3_52059] [protein=hypothetical protein] [protein_id=EGP92677.1] [location=complement(880373..883207)] [gbkey=CDS]",0.6547619047619048
"lcl|CM001196.1_cds_EGP90913.1_221 [locus_tag=MYCGRDRAFT_65114] [db_xref=InterPro:IPR001680,JGIDB:Mycgr3_65114] [protein=hypothetical protein] [protein_id=EGP90913.1] [location=join(884021..884070,884129..885101)] [gbkey=CDS]",0.6090909090909091
lcl|CM001196.1_cds_EGP92676.1_222 [locus_tag=MYCGRDRAFT_88794] [db_xref=JGIDB:Mycgr3_88794] [protein=hypothetical protein] [protein_id=EGP92676.1] [location=complement(887139..887723)] [gbkey=CDS],0.5591397849462365
"lcl|CM001196.1_cds_EGP92675.1_223 [locus_tag=MYCGRDRAFT_98206] [db_xref=InterPro:IPR005024,JGIDB:Mycgr3_98206] [protein=hypothetical protein] [protein_id=EGP92675.1] [location=complement(join(888278..888351,888411..888824,888915..889101))] [gbkey=CDS]",0.5023696682464455
lcl|CM001196.1_cds_EGP90914.1_224 [locus_tag=MYCGRDRAFT_33900] [db_xref=JGIDB:Mycgr3_33900] [protein=hypothetical protein] [protein_id=EGP90914.1] [location=889606..890007] [gbkey=CDS],0.4015748031496063
"lcl|CM001196.1_cds_EGP90915.1_225 [locus_tag=MYCGRDRAFT_106831] [db_xref=InterPro:IPR010730,JGIDB:Mycgr3_106831] [protein=hypothetical protein] [protein_id=EGP90915.1] [location=join(890654..892247,892870..892904,892978..893209,893299..893450)] [gbkey=CDS]",0.48992248062015503
lcl|CM001196.1_cds_EGP92674.1_226 [locus_tag=MYCGRDRAFT_102063] [db_xref=JGIDB:Mycgr3_102063] [protein=hypothetical protein] [protein_id=EGP92674.1] [location=complement(895659..895874)] [gbkey=CDS],0.48484848484848486
"lcl|CM001196.1_cds_EGP90916.1_227 [locus_tag=MYCGRDRAFT_102064] [db_xref=InterPro:IPR008146,InterPro:IPR008147,JGIDB:Mycgr3_102064] [protein=hypothetical protein] [protein_id=EGP90916.1] [location=join(896673..896675,896732..896764,896835..896927,897245..897749,897804..898225,898284..898328,898466..898516)] [gbkey=CDS]",0.7262569832402235
"lcl|CM001196.1_cds_EGP90918.1_229 [locus_tag=MYCGRDRAFT_52069] [db_xref=InterPro:IPR005152,JGIDB:Mycgr3_52069] [protein=hypothetical protein] [protein_id=EGP90918.1] [location=join(905469..906453,906551..906948)] [gbkey=CDS]",0.6414253897550112
"lcl|CM001196.1_cds_EGP90919.1_230 [locus_tag=MYCGRDRAFT_65123] [db_xref=InterPro:IPR000262,InterPro:IPR001199,JGIDB:Mycgr3_65123] [protein=hypothetical protein] [protein_id=EGP90919.1] [location=join(907498..907630,907690..907903,907958..908252,908303..908744,908797..909021,909093..909250)] [gbkey=CDS]",0.4636752136752137
lcl|CM001196.1_cds_EGP92673.1_232 [locus_tag=MYCGRDRAFT_35016] [db_xref=JGIDB:Mycgr3_35016] [protein=hypothetical protein] [protein_id=EGP92673.1] [location=complement(933250..934092)] [gbkey=CDS],0.5477941176470589
"lcl|CM001196.1_cds_EGP90921.1_233 [locus_tag=MYCGRDRAFT_106834] [db_xref=JGIDB:Mycgr3_106834] [protein=hypothetical protein] [protein_id=EGP90921.1] [location=join(936592..936771,936831..939053)] [gbkey=CDS]",0.4764930114358323
"lcl|CM001196.1_cds_EGP90922.1_234 [locus_tag=MYCGRDRAFT_88803] [db_xref=InterPro:IPR006140,JGIDB:Mycgr3_88803] [protein=hypothetical protein] [protein_id=EGP90922.1] [location=939442..940518] [gbkey=CDS]",0.4314868804664723
"lcl|CM001196.1_cds_EGP92672.1_235 [locus_tag=MYCGRDRAFT_31926] [db_xref=InterPro:IPR004045,InterPro:IPR004046,JGIDB:Mycgr3_31926] [protein=hypothetical protein] [protein_id=EGP92672.1] [location=complement(join(940524..940697,940747..940790,940842..941023,941081..941370))] [gbkey=CDS]",0.5909090909090909
lcl|CM001196.1_cds_EGP90923.1_236 [locus_tag=MYCGRDRAFT_33747] [db_xref=JGIDB:Mycgr3_33747] [protein=hypothetical protein] [protein_id=EGP90923.1] [location=942184..943008] [gbkey=CDS],0.4247104247104247
"lcl|CM001196.1_cds_EGP90924.1_237 [locus_tag=MYCGRDRAFT_98210] [db_xref=JGIDB:Mycgr3_98210] [protein=hypothetical protein] [protein_id=EGP90924.1] [location=join(943844..943874,943936..946466)] [gbkey=CDS]",0.46153846153846156
"lcl|CM001196.1_cds_EGP92671.1_238 [locus_tag=MYCGRDRAFT_65129] [db_xref=InterPro:IPR001138,InterPro:IPR007219,JGIDB:Mycgr3_65129] [protein=hypothetical protein] [protein_id=EGP92671.1] [location=complement(join(946535..947243,947296..948634,948708..948737,948793..948889,948958..948993))] [gbkey=CDS]",0.4838709677419355
"lcl|CM001196.1_cds_EGP90925.1_239 [locus_tag=MYCGRDRAFT_32540] [db_xref=InterPro:IPR001354,JGIDB:Mycgr3_32540] [protein=L-rhamnoate dehydratase-like protein] [protein_id=EGP90925.1] [location=join(949486..949807,949859..950814)] [gbkey=CDS]",0.4802955665024631
lcl|CM001196.1_cds_EGP90926.1_240 [locus_tag=MYCGRDRAFT_32232] [db_xref=JGIDB:Mycgr3_32232] [protein=hypothetical protein] [protein_id=EGP90926.1] [location=951876..952109] [gbkey=CDS],0.39473684210526316
lcl|CM001196.1_cds_EGP92669.1_243 [locus_tag=MYCGRDRAFT_88808] [db_xref=JGIDB:Mycgr3_88808] [protein=hypothetical protein] [protein_id=EGP92669.1] [location=complement(955116..956789)] [gbkey=CDS],0.4491682070240296
lcl|CM001196.1_cds_EGP90928.1_244 [locus_tag=MYCGRDRAFT_78154] [db_xref=JGIDB:Mycgr3_78154] [protein=hypothetical protein] [protein_id=EGP90928.1] [location=959823..960038] [gbkey=CDS],0.5230769230769231
"lcl|CM001196.1_cds_EGP90930.1_246 [gene=ERG26] [locus_tag=MYCGRDRAFT_32274] [db_xref=InterPro:IPR002225,JGIDB:Mycgr3_32274] [protein=ERG26, C-3 sterol dehydrogenase] [protein_id=EGP90930.1] [location=join(964672..965190,965251..965889)] [gbkey=CDS]",0.5902964959568733
"lcl|CM001196.1_cds_EGP92668.1_247 [locus_tag=MYCGRDRAFT_65137] [db_xref=InterPro:IPR000504,JGIDB:Mycgr3_65137] [protein=hypothetical protein] [protein_id=EGP92668.1] [location=complement(join(966520..967504,967556..967660,967748..967971))] [gbkey=CDS]",0.6699507389162561
"lcl|CM001196.1_cds_EGP92667.1_248 [gene=MgBmh1] [locus_tag=MYCGRDRAFT_102072] [db_xref=InterPro:IPR000308,JGIDB:Mycgr3_102072] [protein=hypothetical protein] [protein_id=EGP92667.1] [location=complement(join(969894..970013,970067..970137,970191..970432,970499..970805,970859..970919))] [gbkey=CDS]",0.8132295719844358
"lcl|CM001196.1_cds_EGP92666.1_249 [locus_tag=MYCGRDRAFT_83400] [db_xref=JGIDB:Mycgr3_83400] [protein=hypothetical protein] [protein_id=EGP92666.1] [location=complement(join(972213..975304,975365..975845))] [gbkey=CDS]",0.5188101487314086
"lcl|CM001196.1_cds_EGP90932.1_251 [locus_tag=MYCGRDRAFT_32957] [db_xref=InterPro:IPR001077,JGIDB:Mycgr3_32957] [protein=hypothetical protein] [protein_id=EGP90932.1] [location=977859..979157] [gbkey=CDS]",0.4744525547445255
"lcl|CM001196.1_cds_EGP90933.1_252 [locus_tag=MYCGRDRAFT_88816] [db_xref=InterPro:IPR002937,InterPro:IPR006175,JGIDB:Mycgr3_88816] [protein=hypothetical protein] [protein_id=EGP90933.1] [location=981017..982828] [gbkey=CDS]",0.4974182444061962
lcl|CM001196.1_cds_EGP90934.1_253 [locus_tag=MYCGRDRAFT_88817] [db_xref=JGIDB:Mycgr3_88817] [protein=hypothetical protein] [protein_id=EGP90934.1] [location=983288..983734] [gbkey=CDS],0.5821917808219178
lcl|CM001196.1_cds_EGP90935.1_254 [locus_tag=MYCGRDRAFT_32848] [db_xref=JGIDB:Mycgr3_32848] [protein=hypothetical protein] [protein_id=EGP90935.1] [location=985273..985950] [gbkey=CDS],0.41284403669724773
"lcl|CM001196.1_cds_EGP92665.1_255 [locus_tag=MYCGRDRAFT_33257] [db_xref=InterPro:IPR001926,JGIDB:Mycgr3_33257] [protein=hypothetical protein] [protein_id=EGP92665.1] [location=complement(join(986329..987203,987276..987612))] [gbkey=CDS]",0.4607594936708861
"lcl|CM001196.1_cds_EGP92664.1_256 [locus_tag=MYCGRDRAFT_65146] [db_xref=InterPro:IPR000195,JGIDB:Mycgr3_65146] [protein=hypothetical protein] [protein_id=EGP92664.1] [location=complement(join(988242..988786,988958..989442,989539..989748,989821..989925,989995..990588,990641..991149))] [gbkey=CDS]",0.47831632653061223
"lcl|CM001196.1_cds_EGP92663.1_257 [locus_tag=MYCGRDRAFT_106842] [db_xref=InterPro:IPR000008,JGIDB:Mycgr3_106842] [protein=hypothetical protein] [protein_id=EGP92663.1] [location=complement(join(999223..1001686,1001748..1001971))] [gbkey=CDS]",0.40045766590389015
lcl|CM001196.1_cds_EGP90936.1_258 [locus_tag=MYCGRDRAFT_33930] [db_xref=JGIDB:Mycgr3_33930] [protein=hypothetical protein] [protein_id=EGP90936.1] [location=1002993..1003664] [gbkey=CDS],0.5094339622641509
"lcl|CM001196.1_cds_EGP92662.1_259 [locus_tag=MYCGRDRAFT_106843] [db_xref=JGIDB:Mycgr3_106843] [protein=hypothetical protein] [protein_id=EGP92662.1] [location=complement(join(1003735..1003976,1004030..1004135))] [gbkey=CDS]",0.6283185840707964
"lcl|CM001196.1_cds_EGP90937.1_260 [locus_tag=MYCGRDRAFT_102079] [db_xref=JGIDB:Mycgr3_102079] [protein=hypothetical protein] [protein_id=EGP90937.1] [location=join(1004983..1005011,1005068..1005842)] [gbkey=CDS]",0.5115384615384615
"lcl|CM001196.1_cds_EGP92661.1_261 [locus_tag=MYCGRDRAFT_65151] [db_xref=InterPro:IPR006823,JGIDB:Mycgr3_65151] [protein=ceramidase like protein] [protein_id=EGP92661.1] [location=complement(join(1007045..1007156,1007226..1009360))] [gbkey=CDS]",0.4931506849315068
lcl|CM001196.1_cds_EGP90938.1_262 [locus_tag=MYCGRDRAFT_83408] [db_xref=JGIDB:Mycgr3_83408] [protein=hypothetical protein] [protein_id=EGP90938.1] [location=1009745..1010365] [gbkey=CDS],0.49746192893401014
lcl|CM001196.1_cds_EGP90939.1_263 [locus_tag=MYCGRDRAFT_88827] [db_xref=JGIDB:Mycgr3_88827] [protein=hypothetical protein] [protein_id=EGP90939.1] [location=1011055..1012257] [gbkey=CDS],0.6441558441558441
"lcl|CM001196.1_cds_EGP90940.1_265 [locus_tag=MYCGRDRAFT_83409] [db_xref=InterPro:IPR008854,JGIDB:Mycgr3_83409] [protein=hypothetical protein] [protein_id=EGP90940.1] [location=1015560..1016432] [gbkey=CDS]",0.5800711743772242
"lcl|CM001196.1_cds_EGP92659.1_266 [locus_tag=MYCGRDRAFT_33142] [db_xref=JGIDB:Mycgr3_33142] [protein=hypothetical protein] [protein_id=EGP92659.1] [location=complement(join(1016791..1017531,1017588..1017633,1017693..1018507))] [gbkey=CDS]",0.5369261477045908
"lcl|CM001196.1_cds_EGP90941.1_267 [locus_tag=MYCGRDRAFT_102083] [db_xref=InterPro:IPR000918,JGIDB:Mycgr3_102083] [protein=hypothetical protein] [protein_id=EGP90941.1] [location=join(1020955..1021158,1021220..1022271,1022335..1022692)] [gbkey=CDS]",0.7514792899408284
"lcl|CM001196.1_cds_EGP90943.1_271 [locus_tag=MYCGRDRAFT_32217] [db_xref=InterPro:IPR002300,JGIDB:Mycgr3_32217] [protein=hypothetical protein] [protein_id=EGP90943.1] [location=join(1032636..1033265,1033326..1034346,1034404..1036058)] [gbkey=CDS]",0.560377358490566
"lcl|CM001196.1_cds_EGP90944.1_272 [locus_tag=MYCGRDRAFT_32651] [db_xref=InterPro:IPR002529,JGIDB:Mycgr3_32651] [protein=hypothetical protein] [protein_id=EGP90944.1] [location=join(1038608..1038890,1038976..1039595)] [gbkey=CDS]",0.5397923875432526
"lcl|CM001196.1_cds_EGP92656.1_273 [locus_tag=MYCGRDRAFT_106850] [db_xref=JGIDB:Mycgr3_106850] [protein=hypothetical protein] [protein_id=EGP92656.1] [location=complement(join(1039984..1042427,1043058..1043282,1043365..1043617))] [gbkey=CDS]",0.4048370136698212
"lcl|CM001196.1_cds_EGP90945.1_274 [locus_tag=MYCGRDRAFT_65163] [db_xref=InterPro:IPR000719,JGIDB:Mycgr3_65163] [protein=hypothetical protein] [protein_id=EGP90945.1] [location=join(1046242..1046424,1046581..1048027,1048115..1048542,1048598..1048978)] [gbkey=CDS]",0.4337957124842371
"lcl|CM001196.1_cds_EGP90947.1_276 [locus_tag=MYCGRDRAFT_106853] [db_xref=InterPro:IPR001650,InterPro:IPR011545,JGIDB:Mycgr3_106853] [protein=hypothetical protein] [protein_id=EGP90947.1] [location=1058057..1060174] [gbkey=CDS]",0.5241581259150805
lcl|CM001196.1_cds_EGP90948.1_277 [locus_tag=MYCGRDRAFT_52118] [db_xref=JGIDB:Mycgr3_52118] [protein=hypothetical protein] [protein_id=EGP90948.1] [location=1060976..1062523] [gbkey=CDS],0.5355731225296443
"lcl|CM001196.1_cds_EGP92655.1_279 [locus_tag=MYCGRDRAFT_88841] [db_xref=JGIDB:Mycgr3_88841] [protein=hypothetical protein] [protein_id=EGP92655.1] [location=complement(join(1067213..1067286,1067346..1068755,1068806..1068941,1069001..1069198,1069254..1069470,1069539..1069657))] [gbkey=CDS]",0.4314574314574315
"lcl|CM001196.1_cds_EGP92652.1_282 [locus_tag=MYCGRDRAFT_65177] [db_xref=InterPro:IPR005065,JGIDB:Mycgr3_65177] [protein=hypothetical protein] [protein_id=EGP92652.1] [location=complement(join(1075318..1075757,1075992..1077126))] [gbkey=CDS]",0.48804780876494025
"lcl|CM001196.1_cds_EGP90950.1_283 [locus_tag=MYCGRDRAFT_88845] [db_xref=JGIDB:Mycgr3_88845] [protein=hypothetical protein] [protein_id=EGP90950.1] [location=join(1078376..1078538,1078632..1078777)] [gbkey=CDS]",0.4838709677419355
"lcl|CM001196.1_cds_EGP92650.1_286 [locus_tag=MYCGRDRAFT_31465] [db_xref=JGIDB:Mycgr3_31465] [protein=putative alpha-glucosidase] [protein_id=EGP92650.1] [location=complement(join(1085179..1086285,1086338..1086612,1086712..1087630))] [gbkey=CDS]",0.5380434782608695
"lcl|CM001196.1_cds_EGP92649.1_287 [locus_tag=MYCGRDRAFT_32234] [db_xref=JGIDB:Mycgr3_32234] [protein=hypothetical protein] [protein_id=EGP92649.1] [location=complement(join(1088685..1089089,1089160..1089603))] [gbkey=CDS]",0.5147058823529411
"lcl|CM001196.1_cds_EGP92648.1_288 [locus_tag=MYCGRDRAFT_98224] [db_xref=InterPro:IPR010816,JGIDB:Mycgr3_98224] [protein=hypothetical protein] [protein_id=EGP92648.1] [location=complement(join(1090139..1090470,1090741..1090956,1091043..1091120,1091170..1092383,1092452..1092953,1093010..1093358))] [gbkey=CDS]",0.6066897347174164
"lcl|CM001196.1_cds_EGP92647.1_290 [locus_tag=MYCGRDRAFT_98225] [db_xref=InterPro:IPR001365,JGIDB:Mycgr3_98225] [protein=hypothetical protein] [protein_id=EGP92647.1] [location=complement(join(1097579..1099309,1099690..1099719))] [gbkey=CDS]",0.5090579710144928
"lcl|CM001196.1_cds_EGP90953.1_291 [locus_tag=MYCGRDRAFT_32625] [db_xref=InterPro:IPR000008,InterPro:IPR000909,InterPro:IPR001711,JGIDB:Mycgr3_32625] [protein=phosphoinositide-specific phospholipase C] [protein_id=EGP90953.1] [location=1099827..1101563] [gbkey=CDS]",0.5410714285714285
"lcl|CM001196.1_cds_EGP90955.1_293 [locus_tag=MYCGRDRAFT_83423] [db_xref=JGIDB:Mycgr3_83423] [protein=hypothetical protein] [protein_id=EGP90955.1] [location=join(1103173..1103594,1103679..1103940,1104010..1104315,1104520..1104564,1104814..1104960,1105021..1105447,1105601..1105704,1105774..1107760,1108034..1109682,1109739..1109756)] [gbkey=CDS]",0.45790080738177624
"lcl|CM001196.1_cds_EGP92646.1_294 [locus_tag=MYCGRDRAFT_65191] [db_xref=JGIDB:Mycgr3_65191] [protein=hypothetical protein] [protein_id=EGP92646.1] [location=complement(join(1110007..1110103,1111112..1111509))] [gbkey=CDS]",0.5159235668789809
"lcl|CM001196.1_cds_EGP90956.1_295 [locus_tag=MYCGRDRAFT_83424] [db_xref=InterPro:IPR002657,JGIDB:Mycgr3_83424] [protein=hypothetical protein] [protein_id=EGP90956.1] [location=join(1112430..1113056,1113110..1113342,1113397..1113520)] [gbkey=CDS]",0.45483870967741935
lcl|CM001196.1_cds_EGP92645.1_296 [locus_tag=MYCGRDRAFT_88858] [db_xref=JGIDB:Mycgr3_88858] [protein=hypothetical protein] [protein_id=EGP92645.1] [location=complement(1113593..1114633)] [gbkey=CDS],0.45454545454545453
"lcl|CM001196.1_cds_EGP92644.1_297 [locus_tag=MYCGRDRAFT_88859] [db_xref=JGIDB:Mycgr3_88859] [protein=hypothetical protein] [protein_id=EGP92644.1] [location=complement(join(1116262..1116855,1116923..1116988,1117042..1117143,1117200..1117252,1117316..1117445,1117499..1117525,1118061..1118563,1118618..1118693))] [gbkey=CDS]",0.482
lcl|CM001196.1_cds_EGP92643.1_298 [locus_tag=MYCGRDRAFT_65192] [db_xref=JGIDB:Mycgr3_65192] [protein=hypothetical protein] [protein_id=EGP92643.1] [location=complement(1121571..1122506)] [gbkey=CDS],0.4163934426229508
"lcl|CM001196.1_cds_EGP92642.1_299 [locus_tag=MYCGRDRAFT_106864] [db_xref=InterPro:IPR002618,JGIDB:Mycgr3_106864] [protein=hypothetical protein] [protein_id=EGP92642.1] [location=complement(1126948..1128492)] [gbkey=CDS]",0.5963855421686747
"lcl|CM001196.1_cds_EGP90958.1_301 [locus_tag=MYCGRDRAFT_35302] [db_xref=InterPro:IPR001789,InterPro:IPR003594,InterPro:IPR003660,InterPro:IPR003661,JGIDB:Mycgr3_35302] [protein=hypothetical protein] [protein_id=EGP90958.1] [location=join(1134104..1134968,1135021..1138058)] [gbkey=CDS]",0.5155378486055777
"lcl|CM001196.1_cds_EGP90959.1_302 [locus_tag=MYCGRDRAFT_106866] [db_xref=JGIDB:Mycgr3_106866] [protein=hypothetical protein] [protein_id=EGP90959.1] [location=join(1138968..1139096,1139149..1140514,1140577..1140692)] [gbkey=CDS]",0.4116504854368932
"lcl|CM001196.1_cds_EGP90960.1_303 [locus_tag=MYCGRDRAFT_65205] [db_xref=InterPro:IPR002086,JGIDB:Mycgr3_65205] [protein=hypothetical protein] [protein_id=EGP90960.1] [location=join(1141696..1142001,1142055..1142261,1142365..1142700,1142821..1143000,1143054..1143464)] [gbkey=CDS]",0.7570498915401301
"lcl|CM001196.1_cds_EGP90961.1_304 [locus_tag=MYCGRDRAFT_106868] [db_xref=InterPro:IPR003439,InterPro:IPR010509,JGIDB:Mycgr3_106868] [protein=putative ABC transporter] [protein_id=EGP90961.1] [location=join(1143924..1146111,1146162..1146475)] [gbkey=CDS]",0.4739454094292804
"lcl|CM001196.1_cds_EGP92641.1_305 [locus_tag=MYCGRDRAFT_88868] [db_xref=JGIDB:Mycgr3_88868] [protein=ferric reductase-like transmembrane component] [protein_id=EGP92641.1] [location=complement(join(1147064..1147089,1147190..1147618,1147671..1147774,1147912..1148061,1148115..1148506))] [gbkey=CDS]",0.5
"lcl|CM001196.1_cds_EGP92640.1_306 [locus_tag=MYCGRDRAFT_98231] [db_xref=InterPro:IPR000352,InterPro:IPR005139,JGIDB:Mycgr3_98231] [protein=hypothetical protein] [protein_id=EGP92640.1] [location=complement(join(1150174..1151378,1151429..1151525))] [gbkey=CDS]",0.4156769596199525
lcl|CM001196.1_cds_EGP90963.1_308 [locus_tag=MYCGRDRAFT_31350] [db_xref=JGIDB:Mycgr3_31350] [protein=hypothetical protein] [protein_id=EGP90963.1] [location=1161460..1162230] [gbkey=CDS],0.584
"lcl|CM001196.1_cds_EGP92639.1_309 [locus_tag=MYCGRDRAFT_106870] [db_xref=InterPro:IPR001753,JGIDB:Mycgr3_106870] [protein=hypothetical protein] [protein_id=EGP92639.1] [location=complement(join(1162461..1162570,1162623..1163367))] [gbkey=CDS]",0.46153846153846156
"lcl|CM001196.1_cds_EGP90964.1_310 [gene=ARP2409] [locus_tag=MYCGRDRAFT_65218] [db_xref=InterPro:IPR004000,JGIDB:Mycgr3_65218] [protein=actin-related protein, ARP1 class] [protein_id=EGP90964.1] [location=join(1164061..1164363,1164436..1165243,1165316..1165347)] [gbkey=CDS]",0.5177111716621253
lcl|CM001196.1_cds_EGP90965.1_311 [locus_tag=MYCGRDRAFT_102108] [db_xref=JGIDB:Mycgr3_102108] [protein=hypothetical protein] [protein_id=EGP90965.1] [location=1166847..1167317] [gbkey=CDS],0.6754966887417219
"lcl|CM001196.1_cds_EGP90966.1_312 [locus_tag=MYCGRDRAFT_98235] [db_xref=InterPro:IPR000648,InterPro:IPR001849,JGIDB:Mycgr3_98235] [protein=hypothetical protein] [protein_id=EGP90966.1] [location=join(1168562..1168606,1168658..1171594)] [gbkey=CDS]",0.45369406867845996
"lcl|CM001196.1_cds_EGP90967.1_313 [locus_tag=MYCGRDRAFT_106874] [db_xref=InterPro:IPR001563,JGIDB:Mycgr3_106874] [protein=hypothetical protein] [protein_id=EGP90967.1] [location=join(1176298..1176965,1177015..1177746,1177800..1177847,1177905..1177956,1178039..1178128,1178183..1178230)] [gbkey=CDS]",0.4720616570327553
"lcl|CM001196.1_cds_EGP90968.1_314 [locus_tag=MYCGRDRAFT_34542] [db_xref=InterPro:IPR000330,InterPro:IPR001650,InterPro:IPR001841,JGIDB:Mycgr3_34542] [protein=hypothetical protein] [protein_id=EGP90968.1] [location=join(1181301..1181945,1182030..1183004,1183149..1183895)] [gbkey=CDS]",0.5565789473684211
"lcl|CM001196.1_cds_EGP90969.1_315 [gene=CYP-9] [locus_tag=MYCGRDRAFT_65227] [db_xref=InterPro:IPR001128,JGIDB:Mycgr3_65227] [protein=putative P450 monooxygenase] [frame=2] [partial=5'] [protein_id=EGP90969.1] [location=join(<1199706..1200038,1200090..1200630,1200688..1201029,1201090..1201237,1201291..1201301,1201359..1201544)] [gbkey=CDS]",0.4393638170974155
"lcl|CM001196.1_cds_EGP92638.1_316 [locus_tag=MYCGRDRAFT_88879] [db_xref=JGIDB:Mycgr3_88879] [protein=hypothetical protein] [protein_id=EGP92638.1] [location=complement(join(1202223..1202807,1202857..1202988,1203040..1204410))] [gbkey=CDS]",0.439209726443769
"lcl|CM001196.1_cds_EGP90971.1_318 [locus_tag=MYCGRDRAFT_65233] [db_xref=JGIDB:Mycgr3_65233] [protein=hypothetical protein] [protein_id=EGP90971.1] [location=join(1211439..1211578,1211634..1211763,1211824..1212179,1212235..1212679)] [gbkey=CDS]",0.4550898203592814
"lcl|CM001196.1_cds_EGP92637.1_319 [locus_tag=MYCGRDRAFT_65235] [db_xref=InterPro:IPR004113,InterPro:IPR006094,JGIDB:Mycgr3_65235] [protein=hypothetical protein] [protein_id=EGP92637.1] [location=complement(join(1213569..1213661,1213721..1215445))] [gbkey=CDS]",0.48013816925734026
"lcl|CM001196.1_cds_EGP92636.1_320 [locus_tag=MYCGRDRAFT_32587] [db_xref=InterPro:IPR000679,JGIDB:Mycgr3_32587] [protein=hypothetical protein] [protein_id=EGP92636.1] [location=complement(1215964..1217445)] [gbkey=CDS]",0.459915611814346
"lcl|CM001196.1_cds_EGP92635.1_321 [locus_tag=MYCGRDRAFT_88884] [db_xref=InterPro:IPR001841,JGIDB:Mycgr3_88884] [protein=hypothetical protein] [protein_id=EGP92635.1] [location=complement(join(1224655..1224996,1225267..1225344))] [gbkey=CDS]",0.5114503816793893
"lcl|CM001196.1_cds_EGP92634.1_322 [locus_tag=MYCGRDRAFT_106880] [db_xref=InterPro:IPR001452,InterPro:IPR001849,InterPro:IPR011510,JGIDB:Mycgr3_106880] [protein=hypothetical protein] [protein_id=EGP92634.1] [location=complement(join(1226650..1229393,1229447..1229496,1229629..1229759))] [gbkey=CDS]",0.4777542372881356
"lcl|CM001196.1_cds_EGP92633.1_323 [locus_tag=MYCGRDRAFT_52186] [db_xref=InterPro:IPR001789,InterPro:IPR003594,InterPro:IPR003661,JGIDB:Mycgr3_52186] [protein=hypothetical protein] [protein_id=EGP92633.1] [location=complement(join(1235208..1235297,1235359..1238128,1238185..1238225,1238868..1239129,1239172..1239335))] [gbkey=CDS]",0.5089877010406811
"lcl|CM001196.1_cds_EGP92632.1_324 [locus_tag=MYCGRDRAFT_33464] [db_xref=JGIDB:Mycgr3_33464] [protein=hypothetical protein] [protein_id=EGP92632.1] [location=complement(join(1240709..1241148,1241257..1241926))] [gbkey=CDS]",0.4702549575070821
"lcl|CM001196.1_cds_EGP90972.1_325 [locus_tag=MYCGRDRAFT_106883] [db_xref=JGIDB:Mycgr3_106883] [protein=hypothetical protein] [protein_id=EGP90972.1] [location=join(1242825..1243761,1244057..1244184)] [gbkey=CDS]",0.4402332361516035
"lcl|CM001196.1_cds_EGP90973.1_326 [gene=MgEXG2] [locus_tag=MYCGRDRAFT_88889] [db_xref=InterPro:IPR001547,JGIDB:Mycgr3_88889] [protein=putative Exo-beta-1,3-glucanase] [protein_id=EGP90973.1] [location=join(1245306..1245364,1245417..1245502,1245564..1246675)] [gbkey=CDS]",0.4836272040302267
"lcl|CM001196.1_cds_EGP92631.1_327 [locus_tag=MYCGRDRAFT_106884] [db_xref=InterPro:IPR000719,JGIDB:Mycgr3_106884] [protein=hypothetical protein] [protein_id=EGP92631.1] [location=complement(join(1247206..1247898,1248063..1248157,1248212..1248265,1248376..1248395,1248446..1248547,1248644..1248880,1248937..1249052,1249110..1249637))] [gbkey=CDS]",0.48034188034188036
lcl|CM001196.1_cds_EGP90974.1_328 [locus_tag=MYCGRDRAFT_106885] [db_xref=JGIDB:Mycgr3_106885] [protein=putative RAD50] [protein_id=EGP90974.1] [location=1250724..1254635] [gbkey=CDS],0.6036392405063291
"lcl|CM001196.1_cds_EGP92630.1_329 [locus_tag=MYCGRDRAFT_106886] [db_xref=InterPro:IPR000253,JGIDB:Mycgr3_106886] [protein=hypothetical protein] [protein_id=EGP92630.1] [location=complement(join(1255339..1256795,1256943..1257284,1257363..1257429))] [gbkey=CDS]",0.5887230514096186
"lcl|CM001196.1_cds_EGP90975.1_330 [locus_tag=MYCGRDRAFT_83445] [db_xref=InterPro:IPR000722,InterPro:IPR007066,InterPro:IPR007080,InterPro:IPR007081,InterPro:IPR007083,JGIDB:Mycgr3_83445] [protein=hypothetical protein] [protein_id=EGP90975.1] [location=join(1258358..1259359,1259555..1262791,1264211..1264279)] [gbkey=CDS]",0.5660102115244348
"lcl|CM001196.1_cds_EGP92629.1_331 [locus_tag=MYCGRDRAFT_83446] [db_xref=JGIDB:Mycgr3_83446] [protein=hypothetical protein] [protein_id=EGP92629.1] [location=complement(join(1264430..1264583,1264641..1264735,1264800..1264991))] [gbkey=CDS]",0.5602836879432624
"lcl|CM001196.1_cds_EGP90976.1_332 [locus_tag=MYCGRDRAFT_88895] [db_xref=JGIDB:Mycgr3_88895] [protein=hypothetical protein] [protein_id=EGP90976.1] [location=join(1265889..1266191,1266263..1266466)] [gbkey=CDS]",0.484472049689441
lcl|CM001196.1_cds_EGP90977.1_333 [locus_tag=MYCGRDRAFT_65252] [db_xref=JGIDB:Mycgr3_65252] [protein=hypothetical protein] [protein_id=EGP90977.1] [location=1269106..1270608] [gbkey=CDS],0.5934291581108829
"lcl|CM001196.1_cds_EGP90978.1_334 [locus_tag=MYCGRDRAFT_65256] [db_xref=JGIDB:Mycgr3_65256] [protein=hypothetical protein] [protein_id=EGP90978.1] [location=join(1271555..1271911,1271988..1272962,1273175..1273540)] [gbkey=CDS]",0.5217391304347826
"lcl|CM001196.1_cds_EGP92628.1_335 [locus_tag=MYCGRDRAFT_52203] [db_xref=JGIDB:Mycgr3_52203] [protein=hypothetical protein] [protein_id=EGP92628.1] [location=complement(join(1273690..1273845,1273916..1274069,1274193..1274431))] [gbkey=CDS]",0.5393258426966292
lcl|CM001196.1_cds_EGP92627.1_336 [locus_tag=MYCGRDRAFT_65258] [db_xref=JGIDB:Mycgr3_65258] [protein=hypothetical protein] [protein_id=EGP92627.1] [location=complement(1276351..1277424)] [gbkey=CDS],0.5514285714285714
"lcl|CM001196.1_cds_EGP90979.1_337 [locus_tag=MYCGRDRAFT_65261] [db_xref=InterPro:IPR003137,InterPro:IPR007484,JGIDB:Mycgr3_65261] [protein=peptidase M28] [protein_id=EGP90979.1] [location=join(1278402..1278564,1278621..1280116)] [gbkey=CDS]",0.5948905109489051
"lcl|CM001196.1_cds_EGP92626.1_338 [locus_tag=MYCGRDRAFT_106893] [db_xref=InterPro:IPR002687,JGIDB:Mycgr3_106893] [protein=hypothetical protein] [protein_id=EGP92626.1] [location=complement(join(1280737..1282251,1282316..1282519))] [gbkey=CDS]",0.5934664246823956
lcl|CM001196.1_cds_EGP90980.1_339 [gene=ARP2403] [locus_tag=MYCGRDRAFT_52213] [db_xref=JGIDB:Mycgr3_52213] [protein=fungal specific actin related protein] [protein_id=EGP90980.1] [location=1282805..1284340] [gbkey=CDS],0.39227642276422764
"lcl|CM001196.1_cds_EGP90981.1_340 [locus_tag=MYCGRDRAFT_88903] [db_xref=JGIDB:Mycgr3_88903] [protein=hypothetical protein] [protein_id=EGP90981.1] [location=join(1285252..1285335,1285513..1285600,1285682..1285929)] [gbkey=CDS]",0.4222222222222222
"lcl|CM001196.1_cds_EGP90982.1_341 [gene=MgSPR5] [locus_tag=MYCGRDRAFT_34453] [db_xref=InterPro:IPR000209,JGIDB:Mycgr3_34453] [protein=subtilase] [protein_id=EGP90982.1] [location=join(1286229..1286654,1286706..1287458)] [gbkey=CDS]",0.5633074935400517
"lcl|CM001196.1_cds_EGP90983.1_342 [locus_tag=MYCGRDRAFT_102119] [db_xref=JGIDB:Mycgr3_102119] [protein=hypothetical protein] [protein_id=EGP90983.1] [location=join(1288019..1288175,1288231..1288382)] [gbkey=CDS]",0.6458333333333334
"lcl|CM001196.1_cds_EGP92625.1_343 [locus_tag=MYCGRDRAFT_33888] [db_xref=JGIDB:Mycgr3_33888] [protein=hypothetical protein] [protein_id=EGP92625.1] [location=complement(join(1288736..1288853,1288914..1289365,1289422..1289757))] [gbkey=CDS]",0.5034722222222222
"lcl|CM001196.1_cds_EGP90984.1_344 [locus_tag=MYCGRDRAFT_88907] [db_xref=JGIDB:Mycgr3_88907] [protein=hypothetical protein] [protein_id=EGP90984.1] [location=join(1294215..1294258,1294445..1297046)] [gbkey=CDS]",0.46080760095011875
"lcl|CM001196.1_cds_EGP90985.1_346 [locus_tag=MYCGRDRAFT_33525] [db_xref=JGIDB:Mycgr3_33525] [protein=hypothetical protein] [protein_id=EGP90985.1] [location=join(1300654..1300967,1301018..1301171,1301222..1301625,1301772..1301935,1302116..1302228,1302304..1302624)] [gbkey=CDS]",0.45295404814004375
"lcl|CM001196.1_cds_EGP90986.1_347 [locus_tag=MYCGRDRAFT_106897] [db_xref=InterPro:IPR000907,JGIDB:Mycgr3_106897] [protein=hypothetical protein] [protein_id=EGP90986.1] [location=join(1303423..1303531,1303593..1303816,1303871..1305567,1305624..1305894)] [gbkey=CDS]",0.5400271370420624
lcl|CM001196.1_cds_EGP92623.1_348 [locus_tag=MYCGRDRAFT_88911] [db_xref=JGIDB:Mycgr3_88911] [protein=hypothetical protein] [protein_id=EGP92623.1] [location=complement(1306132..1307919)] [gbkey=CDS],0.44768439108061747
"lcl|CM001196.1_cds_EGP90987.1_350 [locus_tag=MYCGRDRAFT_65274] [db_xref=InterPro:IPR006153,JGIDB:Mycgr3_65274] [protein=hypothetical protein] [protein_id=EGP90987.1] [location=join(1310206..1310311,1310372..1310526,1310578..1310638,1310698..1311908)] [gbkey=CDS]",0.5379876796714579
lcl|CM001196.1_cds_EGP92621.1_351 [locus_tag=MYCGRDRAFT_65279] [db_xref=JGIDB:Mycgr3_65279] [protein=hypothetical protein] [protein_id=EGP92621.1] [location=complement(1312024..1313253)] [gbkey=CDS],0.49872122762148335
"lcl|CM001196.1_cds_EGP90988.1_352 [locus_tag=MYCGRDRAFT_98251] [db_xref=JGIDB:Mycgr3_98251] [protein=hypothetical protein] [protein_id=EGP90988.1] [location=join(1313719..1314973,1315040..1315374)] [gbkey=CDS]",0.4520547945205479
"lcl|CM001196.1_cds_EGP92620.1_353 [locus_tag=MYCGRDRAFT_106901] [db_xref=JGIDB:Mycgr3_106901] [protein=hypothetical protein] [protein_id=EGP92620.1] [location=complement(join(1315657..1317033,1317089..1317532))] [gbkey=CDS]",0.42832764505119453
"lcl|CM001196.1_cds_EGP90989.1_354 [locus_tag=MYCGRDRAFT_88916] [db_xref=JGIDB:Mycgr3_88916] [protein=hypothetical protein] [protein_id=EGP90989.1] [location=join(1320107..1320804,1321073..1321334)] [gbkey=CDS]",0.5224358974358975
"lcl|CM001196.1_cds_EGP92619.1_356 [locus_tag=MYCGRDRAFT_65284] [db_xref=JGIDB:Mycgr3_65284] [protein=hypothetical protein] [protein_id=EGP92619.1] [location=complement(join(1324674..1324948,1325030..1325366))] [gbkey=CDS]",0.375
"lcl|CM001196.1_cds_EGP92618.1_357 [locus_tag=MYCGRDRAFT_98253] [db_xref=InterPro:IPR002086,JGIDB:Mycgr3_98253] [protein=hypothetical protein] [protein_id=EGP92618.1] [location=complement(join(1328679..1328685,1329344..1330812))] [gbkey=CDS]",0.6434599156118144
"lcl|CM001196.1_cds_EGP90991.1_358 [gene=MgSlt2] [locus_tag=MYCGRDRAFT_102121] [db_xref=InterPro:IPR000719,JGIDB:Mycgr3_102121] [protein=mitogen-activated protein kinase] [protein_id=EGP90991.1] [location=join(1331641..1331953,1332006..1332322,1332378..1332992)] [gbkey=CDS]",0.55
"lcl|CM001196.1_cds_EGP90992.1_359 [locus_tag=MYCGRDRAFT_106905] [db_xref=JGIDB:Mycgr3_106905] [protein=hypothetical protein] [protein_id=EGP90992.1] [location=join(1334559..1339727,1339790..1339964,1340426..1340520)] [gbkey=CDS]",0.4898419864559819
"lcl|CM001196.1_cds_EGP90993.1_360 [locus_tag=MYCGRDRAFT_102125] [db_xref=InterPro:IPR001138,JGIDB:Mycgr3_102125] [protein=hypothetical protein] [protein_id=EGP90993.1] [location=join(1342632..1342787,1342873..1342886,1342944..1343271,1343461..1343793)] [gbkey=CDS]",0.5285171102661597
"lcl|CM001196.1_cds_EGP92617.1_361 [locus_tag=MYCGRDRAFT_102127] [db_xref=InterPro:IPR000506,JGIDB:Mycgr3_102127] [protein=hypothetical protein] [protein_id=EGP92617.1] [location=complement(join(1345028..1345720,1345780..1346058,1346121..1346152,1346206..1346413))] [gbkey=CDS]",0.7958656330749354
"lcl|CM001196.1_cds_EGP90994.1_362 [locus_tag=MYCGRDRAFT_88924] [db_xref=JGIDB:Mycgr3_88924] [protein=hypothetical protein] [protein_id=EGP90994.1] [location=join(1346831..1346949,1347010..1347972,1348027..1349545)] [gbkey=CDS]",0.4407185628742515
"lcl|CM001196.1_cds_EGP90995.1_363 [locus_tag=MYCGRDRAFT_98257] [db_xref=InterPro:IPR000348,JGIDB:Mycgr3_98257] [protein=hypothetical protein] [protein_id=EGP90995.1] [location=join(1349935..1350132,1350235..1350681)] [gbkey=CDS]",0.6048780487804878
"lcl|CM001196.1_cds_EGP92616.1_364 [locus_tag=MYCGRDRAFT_88926] [db_xref=JGIDB:Mycgr3_88926] [protein=hypothetical protein] [protein_id=EGP92616.1] [location=complement(join(1351204..1351303,1351362..1351702,1351762..1352159,1352213..1352456,1352516..1352527))] [gbkey=CDS]",0.5369318181818182
"lcl|CM001196.1_cds_EGP92615.1_365 [locus_tag=MYCGRDRAFT_102131] [db_xref=InterPro:IPR005631,JGIDB:Mycgr3_102131] [protein=hypothetical protein] [protein_id=EGP92615.1] [location=complement(join(1353399..1353901,1353956..1354397))] [gbkey=CDS]",0.5448504983388704
lcl|CM001196.1_cds_EGP92614.1_366 [locus_tag=MYCGRDRAFT_88928] [db_xref=JGIDB:Mycgr3_88928] [protein=hypothetical protein] [protein_id=EGP92614.1] [location=complement(1354936..1355271)] [gbkey=CDS],0.47619047619047616
lcl|CM001196.1_cds_EGP92613.1_367 [locus_tag=MYCGRDRAFT_88929] [db_xref=JGIDB:Mycgr3_88929] [protein=hypothetical protein] [protein_id=EGP92613.1] [location=complement(1356357..1357553)] [gbkey=CDS],0.5
"lcl|CM001196.1_cds_EGP90996.1_368 [locus_tag=MYCGRDRAFT_65302] [db_xref=InterPro:IPR002155,JGIDB:Mycgr3_65302] [protein=hypothetical protein] [protein_id=EGP90996.1] [location=join(1358175..1359305,1359372..1359575)] [gbkey=CDS]",0.5128205128205128
"lcl|CM001196.1_cds_EGP92612.1_369 [gene=MgAtr1] [locus_tag=MYCGRDRAFT_117819] [db_xref=JGIDB:Mycgr3_117819] [protein=ABC transporter] [protein_id=EGP92612.1] [location=complement(join(1360003..1362542,1362671..1364624,1364679..1364873))] [gbkey=CDS]",0.6352705410821643
lcl|CM001196.1_cds_EGP92611.1_370 [locus_tag=MYCGRDRAFT_88932] [db_xref=JGIDB:Mycgr3_88932] [protein=hypothetical protein] [protein_id=EGP92611.1] [location=complement(1366081..1367283)] [gbkey=CDS],0.5535248041775457
"lcl|CM001196.1_cds_EGP92610.1_371 [locus_tag=MYCGRDRAFT_106912] [db_xref=JGIDB:Mycgr3_106912] [protein=hypothetical protein] [protein_id=EGP92610.1] [location=complement(join(1369602..1369711,1369973..1370079,1370386..1370551,1370609..1372421))] [gbkey=CDS]",0.48936170212765956
"lcl|CM001196.1_cds_EGP90997.1_372 [locus_tag=MYCGRDRAFT_102133] [db_xref=JGIDB:Mycgr3_102133] [protein=hypothetical protein] [protein_id=EGP90997.1] [location=join(1373054..1373071,1373131..1373221,1373282..1373535,1373656..1373706)] [gbkey=CDS]",0.7111111111111111
"lcl|CM001196.1_cds_EGP92609.1_373 [locus_tag=MYCGRDRAFT_65312] [db_xref=InterPro:IPR005828,JGIDB:Mycgr3_65312] [protein=MFS transporter] [protein_id=EGP92609.1] [location=complement(join(1373841..1374480,1374529..1375226))] [gbkey=CDS]",0.4748201438848921
"lcl|CM001196.1_cds_EGP90998.1_374 [locus_tag=MYCGRDRAFT_88936] [db_xref=JGIDB:Mycgr3_88936] [protein=hypothetical protein] [protein_id=EGP90998.1] [location=join(1375791..1376225,1376298..1376399)] [gbkey=CDS]",0.5
"lcl|CM001196.1_cds_EGP90999.1_376 [locus_tag=MYCGRDRAFT_65316] [db_xref=InterPro:IPR007235,JGIDB:Mycgr3_65316] [protein=hypothetical protein] [protein_id=EGP90999.1] [location=join(1377884..1378193,1378262..1378539)] [gbkey=CDS]",0.4607329842931937
lcl|CM001196.1_cds_EGP91001.1_378 [locus_tag=MYCGRDRAFT_102136] [db_xref=JGIDB:Mycgr3_102136] [protein=hypothetical protein] [protein_id=EGP91001.1] [location=1381254..1381724] [gbkey=CDS],0.6095890410958904
lcl|CM001196.1_cds_EGP91002.1_379 [locus_tag=MYCGRDRAFT_33375] [db_xref=JGIDB:Mycgr3_33375] [protein=hypothetical protein] [protein_id=EGP91002.1] [location=1383091..1383324] [gbkey=CDS],0.3466666666666667
"lcl|CM001196.1_cds_EGP92607.1_380 [locus_tag=MYCGRDRAFT_65322] [db_xref=InterPro:IPR002843,JGIDB:Mycgr3_65322] [protein=hypothetical protein] [protein_id=EGP92607.1] [location=complement(join(1383729..1383812,1383871..1384763,1384832..1384934,1385000..1385020))] [gbkey=CDS]",0.5454545454545454
lcl|CM001196.1_cds_EGP92606.1_381 [locus_tag=MYCGRDRAFT_106918] [db_xref=JGIDB:Mycgr3_106918] [protein=hypothetical protein] [protein_id=EGP92606.1] [location=complement(1385554..1386603)] [gbkey=CDS],0.5432835820895522
"lcl|CM001196.1_cds_EGP92605.1_384 [locus_tag=MYCGRDRAFT_88944] [db_xref=JGIDB:Mycgr3_88944] [protein=hypothetical protein] [protein_id=EGP92605.1] [location=complement(join(1394265..1395354,1395451..1395569))] [gbkey=CDS]",0.46632124352331605
"lcl|CM001196.1_cds_EGP91006.1_386 [locus_tag=MYCGRDRAFT_88946] [db_xref=JGIDB:Mycgr3_88946] [protein=hypothetical protein] [protein_id=EGP91006.1] [location=join(1400781..1401074,1401127..1401948)] [gbkey=CDS]",0.480225988700565
"lcl|CM001196.1_cds_EGP91007.1_387 [locus_tag=MYCGRDRAFT_65330] [db_xref=InterPro:IPR001650,InterPro:IPR011545,JGIDB:Mycgr3_65330] [protein=hypothetical protein] [protein_id=EGP91007.1] [location=join(1402274..1402444,1402497..1404251)] [gbkey=CDS]",0.4378029079159935
"lcl|CM001196.1_cds_EGP91008.1_388 [locus_tag=MYCGRDRAFT_34973] [db_xref=InterPro:IPR002314,InterPro:IPR002317,JGIDB:Mycgr3_34973] [protein=hypothetical protein] [protein_id=EGP91008.1] [location=1404480..1406000] [gbkey=CDS]",0.4784394250513347
"lcl|CM001196.1_cds_EGP92604.1_389 [locus_tag=MYCGRDRAFT_88949] [db_xref=JGIDB:Mycgr3_88949] [protein=hypothetical protein] [protein_id=EGP92604.1] [location=complement(join(1407625..1407657,1407785..1409683,1409775..1409789))] [gbkey=CDS]",0.43690851735015773
"lcl|CM001196.1_cds_EGP92602.1_392 [locus_tag=MYCGRDRAFT_31719] [db_xref=InterPro:IPR001138,InterPro:IPR007219,JGIDB:Mycgr3_31719] [protein=hypothetical protein] [protein_id=EGP92602.1] [location=complement(join(1418509..1418978,1419036..1419719,1419772..1421005,1421074..1421232))] [gbkey=CDS]",0.42857142857142855
"lcl|CM001196.1_cds_EGP92601.1_393 [locus_tag=MYCGRDRAFT_65342] [db_xref=InterPro:IPR001650,InterPro:IPR011545,JGIDB:Mycgr3_65342] [protein=hypothetical protein] [protein_id=EGP92601.1] [location=complement(join(1421672..1421905,1421958..1423224,1423327..1423742))] [gbkey=CDS]",0.5128205128205128
lcl|CM001196.1_cds_EGP91010.1_394 [locus_tag=MYCGRDRAFT_106928] [db_xref=JGIDB:Mycgr3_106928] [protein=hypothetical protein] [protein_id=EGP91010.1] [location=1425507..1426340] [gbkey=CDS],0.5075757575757576
"lcl|CM001196.1_cds_EGP92600.1_395 [locus_tag=MYCGRDRAFT_106929] [db_xref=JGIDB:Mycgr3_106929] [protein=hypothetical protein] [protein_id=EGP92600.1] [location=complement(join(1426727..1427255,1427314..1427417))] [gbkey=CDS]",0.54
"lcl|CM001196.1_cds_EGP92599.1_396 [locus_tag=MYCGRDRAFT_98268] [db_xref=InterPro:IPR000330,InterPro:IPR001650,InterPro:IPR006935,JGIDB:Mycgr3_98268] [protein=SWI/SNF chromatin remodeling complex component] [protein_id=EGP92599.1] [location=complement(join(1427931..1428056,1428114..1428917,1428996..1431290))] [gbkey=CDS]",0.6512077294685991
lcl|CM001196.1_cds_EGP92598.1_398 [locus_tag=MYCGRDRAFT_33380] [db_xref=JGIDB:Mycgr3_33380] [protein=hypothetical protein] [protein_id=EGP92598.1] [location=complement(1439759..1440385)] [gbkey=CDS],0.49748743718592964
lcl|CM001196.1_cds_EGP91012.1_399 [locus_tag=MYCGRDRAFT_34023] [db_xref=JGIDB:Mycgr3_34023] [protein=hypothetical protein] [protein_id=EGP91012.1] [location=1441001..1442107] [gbkey=CDS],0.4339080459770115
"lcl|CM001196.1_cds_EGP92597.1_400 [locus_tag=MYCGRDRAFT_65348] [db_xref=InterPro:IPR001452,InterPro:IPR011511,JGIDB:Mycgr3_65348] [protein=hypothetical protein] [protein_id=EGP92597.1] [location=complement(join(1445818..1445863,1445923..1445977,1446033..1446609,1446666..1446710))] [gbkey=CDS]",0.5407725321888412
"lcl|CM001196.1_cds_EGP91013.1_401 [gene=IDP1] [locus_tag=MYCGRDRAFT_98270] [db_xref=InterPro:IPR001804,JGIDB:Mycgr3_98270] [protein=NADP-dependent isocitrate dehydrogenase] [protein_id=EGP91013.1] [location=join(1449890..1450859,1450912..1451330)] [gbkey=CDS]",0.7097505668934241
"lcl|CM001196.1_cds_EGP91014.1_403 [locus_tag=MYCGRDRAFT_65354] [db_xref=InterPro:IPR001440,JGIDB:Mycgr3_65354] [protein=hypothetical protein] [protein_id=EGP91014.1] [location=join(1455357..1456503,1456561..1457043,1457103..1457347)] [gbkey=CDS]",0.5950413223140496
"lcl|CM001196.1_cds_EGP91015.1_404 [gene=DCW1] [locus_tag=MYCGRDRAFT_33386] [db_xref=InterPro:IPR005198,JGIDB:Mycgr3_33386] [protein=putative mannan endo-1,6-alpha-mannosidase] [protein_id=EGP91015.1] [location=join(1458087..1458599,1458756..1459056,1459214..1459836)] [gbkey=CDS]",0.5251641137855579
"lcl|CM001196.1_cds_EGP92595.1_405 [locus_tag=MYCGRDRAFT_83481] [db_xref=JGIDB:Mycgr3_83481] [protein=hypothetical protein] [protein_id=EGP92595.1] [location=complement(join(1460212..1460861,1460920..1460995))] [gbkey=CDS]",0.4868421052631579
lcl|CM001196.1_cds_EGP92593.1_407 [locus_tag=MYCGRDRAFT_102145] [db_xref=JGIDB:Mycgr3_102145] [protein=hypothetical protein] [protein_id=EGP92593.1] [location=complement(1462857..1463279)] [gbkey=CDS],0.6148148148148148
"lcl|CM001196.1_cds_EGP91016.1_408 [locus_tag=MYCGRDRAFT_88966] [db_xref=InterPro:IPR000330,InterPro:IPR001650,JGIDB:Mycgr3_88966] [protein=SNF2 family DNA-dependent ATPase] [protein_id=EGP91016.1] [location=join(1463929..1464432,1464756..1468947,1469049..1469434)] [gbkey=CDS]",0.5664634146341463
"lcl|CM001196.1_cds_EGP92592.1_409 [locus_tag=MYCGRDRAFT_65361] [db_xref=InterPro:IPR002198,JGIDB:Mycgr3_65361] [protein=hypothetical protein] [protein_id=EGP92592.1] [location=complement(1470041..1470943)] [gbkey=CDS]",0.46735395189003437
"lcl|CM001196.1_cds_EGP92591.1_410 [locus_tag=MYCGRDRAFT_65364] [db_xref=InterPro:IPR005828,JGIDB:Mycgr3_65364] [protein=hypothetical protein] [protein_id=EGP92591.1] [location=complement(join(1471402..1471800,1471873..1472288,1472348..1472815,1472873..1473186,1473236..1473318))] [gbkey=CDS]",0.5526315789473685
"lcl|CM001196.1_cds_EGP92590.1_411 [gene=MgCHS1] [locus_tag=MYCGRDRAFT_98274] [db_xref=InterPro:IPR004834,JGIDB:Mycgr3_98274] [protein=CHS1 chitin synthase, class I] [protein_id=EGP92590.1] [location=complement(join(1478238..1479164,1479215..1480666,1480771..1480998))] [gbkey=CDS]",0.5434782608695652
"lcl|CM001196.1_cds_EGP91017.1_412 [gene=PTPL-1] [locus_tag=MYCGRDRAFT_31289] [db_xref=InterPro:IPR000106,JGIDB:Mycgr3_31289] [protein=tyrosine protein phosphatase 1] [protein_id=EGP91017.1] [location=1482514..1483077] [gbkey=CDS]",0.5683060109289617
"lcl|CM001196.1_cds_EGP92589.1_413 [locus_tag=MYCGRDRAFT_88971] [db_xref=JGIDB:Mycgr3_88971] [protein=hypothetical protein] [protein_id=EGP92589.1] [location=complement(join(1484796..1485073,1485450..1485828,1485893..1485901))] [gbkey=CDS]",0.47417840375586856
"lcl|CM001196.1_cds_EGP92586.1_416 [locus_tag=MYCGRDRAFT_98275] [db_xref=InterPro:IPR002130,JGIDB:Mycgr3_98275] [protein=hypothetical protein] [protein_id=EGP92586.1] [location=complement(1496331..1497452)] [gbkey=CDS]",0.6267029972752044
"lcl|CM001196.1_cds_EGP92585.1_417 [gene=NTC1] [locus_tag=MYCGRDRAFT_65376] [db_xref=InterPro:IPR001661,InterPro:IPR011120,JGIDB:Mycgr3_65376] [protein=putative neutral trehalase] [protein_id=EGP92585.1] [location=complement(join(1497975..1500340,1500397..1500493,1500593..1500790))] [gbkey=CDS]",0.5901060070671378
"lcl|CM001196.1_cds_EGP92584.1_418 [locus_tag=MYCGRDRAFT_106942] [db_xref=InterPro:IPR002198,JGIDB:Mycgr3_106942] [protein=hypothetical protein] [protein_id=EGP92584.1] [location=complement(join(1502083..1502819,1502971..1503330,1503440..1503473))] [gbkey=CDS]",0.5373961218836565
"lcl|CM001196.1_cds_EGP92583.1_419 [locus_tag=MYCGRDRAFT_83488] [db_xref=InterPro:IPR001461,JGIDB:Mycgr3_83488] [protein=hypothetical protein] [protein_id=EGP92583.1] [location=complement(join(1504176..1504559,1504626..1505006,1505057..1505215,1505270..1505547,1505658..1505742))] [gbkey=CDS]",0.6545893719806763
"lcl|CM001196.1_cds_EGP91018.1_420 [locus_tag=MYCGRDRAFT_102151] [db_xref=InterPro:IPR001619,JGIDB:Mycgr3_102151] [protein=hypothetical protein] [protein_id=EGP91018.1] [location=join(1511003..1511039,1511094..1511319,1511393..1511775,1511825..1513272)] [gbkey=CDS]",0.4940652818991098
"lcl|CM001196.1_cds_EGP91019.1_421 [locus_tag=MYCGRDRAFT_106945] [db_xref=InterPro:IPR000433,JGIDB:Mycgr3_106945] [protein=hypothetical protein] [protein_id=EGP91019.1] [location=join(1516921..1517043,1517207..1520566)] [gbkey=CDS]",0.6610470275066548
"lcl|CM001196.1_cds_EGP91020.1_422 [locus_tag=MYCGRDRAFT_65387] [db_xref=InterPro:IPR000608,JGIDB:Mycgr3_65387] [protein=hypothetical protein] [protein_id=EGP91020.1] [location=join(1521374..1521479,1521541..1521983)] [gbkey=CDS]",0.5977011494252874
"lcl|CM001196.1_cds_EGP92582.1_423 [locus_tag=MYCGRDRAFT_33192] [db_xref=InterPro:IPR005302,InterPro:IPR005303,JGIDB:Mycgr3_33192] [protein=hypothetical protein] [protein_id=EGP92582.1] [location=complement(1522597..1523724)] [gbkey=CDS]",0.6509695290858726
"lcl|CM001196.1_cds_EGP91021.1_424 [locus_tag=MYCGRDRAFT_65395] [db_xref=InterPro:IPR001345,JGIDB:Mycgr3_65395] [protein=hypothetical protein] [protein_id=EGP91021.1] [location=join(1524407..1524702,1524768..1525152)] [gbkey=CDS]",0.5116279069767442
lcl|CM001196.1_cds_EGP92581.1_425 [locus_tag=MYCGRDRAFT_88982] [db_xref=JGIDB:Mycgr3_88982] [protein=Ca2+-modulated nonselective cation channel polycystin] [protein_id=EGP92581.1] [location=complement(1525585..1529025)] [gbkey=CDS],0.4078014184397163
"lcl|CM001196.1_cds_EGP91022.1_426 [locus_tag=MYCGRDRAFT_31283] [db_xref=JGIDB:Mycgr3_31283] [protein=peptidase aspartic] [protein_id=EGP91022.1] [location=join(1531175..1532735,1532856..1533157)] [gbkey=CDS]",0.48013245033112584
lcl|CM001196.1_cds_EGP92580.1_427 [locus_tag=MYCGRDRAFT_102155] [db_xref=JGIDB:Mycgr3_102155] [protein=hypothetical protein] [protein_id=EGP92580.1] [location=complement(1534656..1535009)] [gbkey=CDS],0.38181818181818183
"lcl|CM001196.1_cds_EGP92579.1_428 [locus_tag=MYCGRDRAFT_106949] [db_xref=JGIDB:Mycgr3_106949] [protein=hypothetical protein] [protein_id=EGP92579.1] [location=complement(join(1535665..1537018,1537159..1537260,1537723..1538324,1538374..1538670,1538812..1538946))] [gbkey=CDS]",0.4191542288557214
"lcl|CM001196.1_cds_EGP91023.1_429 [locus_tag=MYCGRDRAFT_33694] [db_xref=InterPro:IPR002198,JGIDB:Mycgr3_33694] [protein=hypothetical protein] [protein_id=EGP91023.1] [location=join(1539395..1539860,1539923..1540521)] [gbkey=CDS]",0.6064139941690962
lcl|CM001196.1_cds_EGP92578.1_430 [locus_tag=MYCGRDRAFT_65399] [db_xref=JGIDB:Mycgr3_65399] [protein=hypothetical protein] [protein_id=EGP92578.1] [location=complement(1540787..1541899)] [gbkey=CDS],0.5388888888888889
"lcl|CM001196.1_cds_EGP92577.1_431 [locus_tag=MYCGRDRAFT_65403] [db_xref=InterPro:IPR005834,InterPro:IPR006121,InterPro:IPR008250,JGIDB:Mycgr3_65403] [protein=hypothetical protein] [protein_id=EGP92577.1] [location=complement(1543207..1546731)] [gbkey=CDS]",0.4920212765957447
"lcl|CM001196.1_cds_EGP92576.1_432 [locus_tag=MYCGRDRAFT_32491] [db_xref=InterPro:IPR000814,JGIDB:Mycgr3_32491] [protein=hypothetical protein] [protein_id=EGP92576.1] [location=complement(1548100..1548633)] [gbkey=CDS]",0.5029940119760479
"lcl|CM001196.1_cds_EGP92575.1_433 [locus_tag=MYCGRDRAFT_106951] [db_xref=InterPro:IPR000719,JGIDB:Mycgr3_106951] [protein=Serine/threonine protein kinase] [protein_id=EGP92575.1] [location=complement(join(1552006..1553892,1553945..1555405))] [gbkey=CDS]",0.47878228782287824
lcl|CM001196.1_cds_EGP92574.1_434 [locus_tag=MYCGRDRAFT_88990] [db_xref=JGIDB:Mycgr3_88990] [protein=hypothetical protein] [protein_id=EGP92574.1] [location=complement(1558367..1559140)] [gbkey=CDS],0.4581673306772908
"lcl|CM001196.1_cds_EGP92573.1_435 [locus_tag=MYCGRDRAFT_88991] [db_xref=JGIDB:Mycgr3_88991] [protein=hypothetical protein] [protein_id=EGP92573.1] [location=complement(join(1559655..1559825,1559881..1560252))] [gbkey=CDS]",0.44886363636363635
"lcl|CM001196.1_cds_EGP91024.1_436 [locus_tag=MYCGRDRAFT_98284] [db_xref=InterPro:IPR000717,JGIDB:Mycgr3_98284] [protein=CSN7 COP9 signalosome subunit] [protein_id=EGP91024.1] [location=join(1560867..1561569,1562060..1562106)] [gbkey=CDS]",0.49382716049382713
"lcl|CM001196.1_cds_EGP92572.1_438 [gene=PP2CL2] [locus_tag=MYCGRDRAFT_52355] [db_xref=InterPro:IPR001932,JGIDB:Mycgr3_52355] [protein=protein phosphatase 2C-like protein 2] [protein_id=EGP92572.1] [location=complement(join(1563361..1563570,1563690..1563820,1563874..1563940,1564005..1565252))] [gbkey=CDS]",0.4665391969407266
"lcl|CM001196.1_cds_EGP91026.1_439 [locus_tag=MYCGRDRAFT_34213] [db_xref=InterPro:IPR006953,InterPro:IPR006955,JGIDB:Mycgr3_34213] [protein=hypothetical protein] [protein_id=EGP91026.1] [location=join(1569398..1569588,1569640..1569762,1569885..1570580,1570647..1572256,1572872..1573164)] [gbkey=CDS]",0.47340980187695514
"lcl|CM001196.1_cds_EGP92571.1_440 [gene=MgOPT6] [locus_tag=MYCGRDRAFT_106955] [db_xref=InterPro:IPR004813,JGIDB:Mycgr3_106955] [protein=oligopeptide transporter] [protein_id=EGP92571.1] [location=complement(join(1573220..1573460,1573587..1575529))] [gbkey=CDS]",0.4320809248554913
"lcl|CM001196.1_cds_EGP91027.1_441 [locus_tag=MYCGRDRAFT_102163] [db_xref=JGIDB:Mycgr3_102163] [protein=hypothetical protein] [protein_id=EGP91027.1] [location=join(1575799..1576081,1576137..1576351)] [gbkey=CDS]",0.475
"lcl|CM001196.1_cds_EGP91028.1_442 [locus_tag=MYCGRDRAFT_83502] [db_xref=InterPro:IPR007087,JGIDB:Mycgr3_83502] [protein=hypothetical protein] [protein_id=EGP91028.1] [location=1579548..1580177] [gbkey=CDS]",0.4682926829268293
"lcl|CM001196.1_cds_EGP91029.1_443 [locus_tag=MYCGRDRAFT_98287] [db_xref=InterPro:IPR001241,InterPro:IPR002205,InterPro:IPR003594,JGIDB:Mycgr3_98287] [protein=hypothetical protein] [protein_id=EGP91029.1] [location=join(1580859..1584888,1584958..1585961)] [gbkey=CDS]",0.5827650340979541
lcl|CM001196.1_cds_EGP92570.1_444 [locus_tag=MYCGRDRAFT_102165] [db_xref=JGIDB:Mycgr3_102165] [protein=hypothetical protein] [frame=3] [partial=5'] [protein_id=EGP92570.1] [location=complement(1586471..>1586688)] [gbkey=CDS],0.4264705882352941
"lcl|CM001196.1_cds_EGP91030.1_445 [locus_tag=MYCGRDRAFT_65422] [db_xref=InterPro:IPR001303,JGIDB:Mycgr3_65422] [protein=hypothetical protein] [protein_id=EGP91030.1] [location=join(1588655..1588788,1588843..1589389,1589443..1589658)] [gbkey=CDS]",0.6527777777777778
"lcl|CM001196.1_cds_EGP91031.1_446 [locus_tag=MYCGRDRAFT_102170] [db_xref=JGIDB:Mycgr3_102170] [protein=hypothetical protein] [protein_id=EGP91031.1] [location=join(1590760..1590922,1591315..1591850,1591910..1592378,1592433..1592491)] [gbkey=CDS]",0.715
"lcl|CM001196.1_cds_EGP92569.1_447 [locus_tag=MYCGRDRAFT_98291] [db_xref=JGIDB:Mycgr3_98291] [protein=hypothetical protein] [protein_id=EGP92569.1] [location=complement(join(1592966..1593168,1593231..1593416,1593484..1593664,1593716..1593928,1594043..1594210,1594262..1594520,1594575..1594630,1594687..1594908))] [gbkey=CDS]",0.6299559471365639
"lcl|CM001196.1_cds_EGP91032.1_448 [locus_tag=MYCGRDRAFT_89002] [db_xref=JGIDB:Mycgr3_89002] [protein=hypothetical protein] [protein_id=EGP91032.1] [location=join(1597181..1598681,1598841..1599097,1599242..1599304)] [gbkey=CDS]",0.47491638795986624
lcl|CM001196.1_cds_EGP92568.1_449 [locus_tag=MYCGRDRAFT_106959] [db_xref=JGIDB:Mycgr3_106959] [protein=hypothetical protein] [protein_id=EGP92568.1] [location=complement(1599837..1600793)] [gbkey=CDS],0.42258064516129035
"lcl|CM001196.1_cds_EGP92567.1_450 [locus_tag=MYCGRDRAFT_106960] [db_xref=InterPro:IPR002198,JGIDB:Mycgr3_106960] [protein=hypothetical protein] [protein_id=EGP92567.1] [location=complement(join(1602123..1602161,1602219..1603238))] [gbkey=CDS]",0.6142433234421365
"lcl|CM001196.1_cds_EGP91034.1_452 [locus_tag=MYCGRDRAFT_89006] [db_xref=InterPro:IPR002641,JGIDB:Mycgr3_89006] [protein=hypothetical protein] [protein_id=EGP91034.1] [location=join(1607081..1607098,1607149..1607222,1607284..1607346,1607717..1607790,1607878..1612187,1612276..1612335,1612400..1612422,1612507..1612609)] [gbkey=CDS]",0.4967234600262123
"lcl|CM001196.1_cds_EGP91035.1_455 [locus_tag=MYCGRDRAFT_65433] [db_xref=InterPro:IPR010414,JGIDB:Mycgr3_65433] [protein=hypothetical protein] [protein_id=EGP91035.1] [location=join(1616107..1616483,1616537..1616960)] [gbkey=CDS]",0.4864864864864865
"lcl|CM001196.1_cds_EGP92564.1_456 [locus_tag=MYCGRDRAFT_102173] [db_xref=InterPro:IPR002085,JGIDB:Mycgr3_102173] [protein=hypothetical protein] [protein_id=EGP92564.1] [location=complement(join(1618341..1618697,1618757..1619458))] [gbkey=CDS]",0.6686390532544378
"lcl|CM001196.1_cds_EGP92563.1_457 [gene=MgAMY4] [locus_tag=MYCGRDRAFT_65440] [db_xref=InterPro:IPR006047,JGIDB:Mycgr3_65440] [protein=putative alpha-amylase] [protein_id=EGP92563.1] [location=complement(join(1620575..1621304,1621394..1621680,1621752..1621895,1621961..1622356))] [gbkey=CDS]",0.5630081300813008
lcl|CM001196.1_cds_EGP92562.1_458 [locus_tag=MYCGRDRAFT_102176] [db_xref=JGIDB:Mycgr3_102176] [protein=hypothetical protein] [protein_id=EGP92562.1] [location=complement(1624057..1624344)] [gbkey=CDS],0.37362637362637363
"lcl|CM001196.1_cds_EGP91036.1_460 [gene=GTB2401] [locus_tag=MYCGRDRAFT_89011] [db_xref=InterPro:IPR000980,JGIDB:Mycgr3_89011] [protein=transcription elongation factor SPT6] [protein_id=EGP91036.1] [location=join(1626968..1627260,1627495..1631510,1631566..1631819)] [gbkey=CDS]",0.5458871515975526
"lcl|CM001196.1_cds_EGP91037.1_461 [locus_tag=MYCGRDRAFT_65448] [db_xref=InterPro:IPR002085,JGIDB:Mycgr3_65448] [protein=hypothetical protein] [protein_id=EGP91037.1] [location=join(1632693..1632838,1632897..1633746)] [gbkey=CDS]",0.6571428571428571
"lcl|CM001196.1_cds_EGP91038.1_463 [locus_tag=MYCGRDRAFT_98298] [db_xref=InterPro:IPR007207,InterPro:IPR007282,JGIDB:Mycgr3_98298] [protein=hypothetical protein] [protein_id=EGP91038.1] [location=join(1635747..1635782,1635838..1636056,1636116..1637105,1637169..1637740,1637799..1637859)] [gbkey=CDS]",0.45634266886326197
"lcl|CM001196.1_cds_EGP91039.1_464 [locus_tag=MYCGRDRAFT_89015] [db_xref=JGIDB:Mycgr3_89015] [protein=hypothetical protein] [protein_id=EGP91039.1] [location=join(1639427..1639668,1639723..1639792,1639844..1639957)] [gbkey=CDS]",0.427536231884058
"lcl|CM001196.1_cds_EGP92558.1_466 [locus_tag=MYCGRDRAFT_102177] [db_xref=InterPro:IPR001353,JGIDB:Mycgr3_102177] [protein=hypothetical protein] [protein_id=EGP92558.1] [location=complement(join(1641763..1642149,1642202..1642509,1642565..1642627,1642687..1642693))] [gbkey=CDS]",0.54216867469879515
"lcl|CM001196.1_cds_EGP91040.1_467 [locus_tag=MYCGRDRAFT_106967] [db_xref=InterPro:IPR000233,JGIDB:Mycgr3_106967] [protein=hypothetical protein] [protein_id=EGP91040.1] [location=join(1643029..1643390,1643503..1644721)] [gbkey=CDS]",0.48940269749518306
"lcl|CM001196.1_cds_EGP92557.1_468 [locus_tag=MYCGRDRAFT_33019] [db_xref=InterPro:IPR010308,JGIDB:Mycgr3_33019] [protein=hypothetical protein] [protein_id=EGP92557.1] [location=complement(join(1645625..1647444,1647506..1647776))] [gbkey=CDS]",0.6412556053811659
"lcl|CM001196.1_cds_EGP92556.1_469 [locus_tag=MYCGRDRAFT_83520] [db_xref=InterPro:IPR002085,JGIDB:Mycgr3_83520] [protein=hypothetical protein] [protein_id=EGP92556.1] [location=complement(join(1649662..1650219,1650298..1650671,1650807..1650828))] [gbkey=CDS]",0.5442622950819672
"lcl|CM001196.1_cds_EGP91041.1_470 [locus_tag=MYCGRDRAFT_89020] [db_xref=JGIDB:Mycgr3_89020] [protein=hypothetical protein] [protein_id=EGP91041.1] [location=join(1652943..1653504,1653708..1654075)] [gbkey=CDS]",0.540268456375839
"lcl|CM001196.1_cds_EGP91042.1_471 [locus_tag=MYCGRDRAFT_98302] [db_xref=InterPro:IPR003323,JGIDB:Mycgr3_98302] [protein=hypothetical protein] [protein_id=EGP91042.1] [location=join(1654709..1654805,1654874..1655697)] [gbkey=CDS]",0.4533333333333333
"lcl|CM001196.1_cds_EGP92555.1_472 [locus_tag=MYCGRDRAFT_98303] [db_xref=InterPro:IPR010839,JGIDB:Mycgr3_98303] [protein=hypothetical protein] [protein_id=EGP92555.1] [location=complement(join(1655918..1656098,1656148..1656218,1656271..1656593,1656644..1656918,1656980..1657138,1657198..1658005,1658087..1658123))] [gbkey=CDS]",0.5
"lcl|CM001196.1_cds_EGP91043.1_473 [locus_tag=MYCGRDRAFT_65466] [db_xref=InterPro:IPR003673,JGIDB:Mycgr3_65466] [protein=hypothetical protein] [protein_id=EGP91043.1] [location=join(1658752..1659630,1659694..1659851,1659904..1660090,1660145..1660227,1660278..1660356,1660407..1660452,1660569..1660879)] [gbkey=CDS]",0.5235507246376812
"lcl|CM001196.1_cds_EGP92554.1_474 [locus_tag=MYCGRDRAFT_89024] [db_xref=JGIDB:Mycgr3_89024] [protein=hypothetical protein] [protein_id=EGP92554.1] [location=complement(join(1661258..1661276,1661461..1662812))] [gbkey=CDS]",0.46867749419953597
"lcl|CM001196.1_cds_EGP91045.1_476 [locus_tag=MYCGRDRAFT_35091] [db_xref=InterPro:IPR002018,JGIDB:Mycgr3_35091] [protein=hypothetical protein] [protein_id=EGP91045.1] [location=join(1664703..1665078,1665135..1665512,1665562..1666463)] [gbkey=CDS]",0.4272030651340996
lcl|CM001196.1_cds_EGP91046.1_477 [locus_tag=MYCGRDRAFT_106974] [db_xref=JGIDB:Mycgr3_106974] [protein=hypothetical protein] [protein_id=EGP91046.1] [location=1667088..1668911] [gbkey=CDS],0.5228426395939086
"lcl|CM001196.1_cds_EGP91047.1_478 [locus_tag=MYCGRDRAFT_98304] [db_xref=InterPro:IPR004827,JGIDB:Mycgr3_98304] [protein=hypothetical protein] [protein_id=EGP91047.1] [location=join(1670953..1671046,1671389..1671945,1672000..1672547,1672601..1672910)] [gbkey=CDS]",0.5403726708074534
"lcl|CM001196.1_cds_EGP91048.1_479 [gene=spc98] [locus_tag=MYCGRDRAFT_65473] [db_xref=InterPro:IPR007259,JGIDB:Mycgr3_65473] [protein=spc98 like protein] [protein_id=EGP91048.1] [location=join(1673814..1674233,1674312..1676648)] [gbkey=CDS]",0.4706546275395034
"lcl|CM001196.1_cds_EGP91049.1_480 [locus_tag=MYCGRDRAFT_65477] [db_xref=InterPro:IPR003697,JGIDB:Mycgr3_65477] [protein=hypothetical protein] [protein_id=EGP91049.1] [location=join(1677007..1677210,1677267..1677866)] [gbkey=CDS]",0.46124031007751937
"lcl|CM001196.1_cds_EGP92553.1_481 [locus_tag=MYCGRDRAFT_65481] [db_xref=InterPro:IPR006797,JGIDB:Mycgr3_65481] [protein=hypothetical protein] [protein_id=EGP92553.1] [location=complement(1678219..1678959)] [gbkey=CDS]",0.5423728813559322
"lcl|CM001196.1_cds_EGP91050.1_482 [locus_tag=MYCGRDRAFT_65482] [db_xref=InterPro:IPR002305,JGIDB:Mycgr3_65482] [protein=hypothetical protein] [protein_id=EGP91050.1] [location=1679366..1680904] [gbkey=CDS]",0.5130784708249497
"lcl|CM001196.1_cds_EGP92552.1_483 [locus_tag=MYCGRDRAFT_32555] [db_xref=JGIDB:Mycgr3_32555] [protein=hypothetical protein] [protein_id=EGP92552.1] [location=complement(join(1681237..1683504,1683556..1683747))] [gbkey=CDS]",0.6452442159383034
"lcl|CM001196.1_cds_EGP92551.1_484 [gene=MAD2] [locus_tag=MYCGRDRAFT_33976] [db_xref=InterPro:IPR003511,JGIDB:Mycgr3_33976] [protein=MAD2-like protein] [protein_id=EGP92551.1] [location=complement(join(1686560..1686922,1686976..1687150,1687202..1687356))] [gbkey=CDS]",0.5570776255707762
"lcl|CM001196.1_cds_EGP92550.1_486 [locus_tag=MYCGRDRAFT_89033] [db_xref=InterPro:IPR001766,JGIDB:Mycgr3_89033] [protein=hypothetical protein] [protein_id=EGP92550.1] [location=complement(join(1689970..1694133,1694264..1694529,1694703..1695957))] [gbkey=CDS]",0.4437837837837838
"lcl|CM001196.1_cds_EGP91052.1_487 [locus_tag=MYCGRDRAFT_83529] [db_xref=JGIDB:Mycgr3_83529] [protein=hypothetical protein] [protein_id=EGP91052.1] [location=join(1696183..1696645,1696724..1697028)] [gbkey=CDS]",0.4489795918367347
"lcl|CM001196.1_cds_EGP92549.1_488 [locus_tag=MYCGRDRAFT_65493] [db_xref=JGIDB:Mycgr3_65493] [protein=hypothetical protein] [protein_id=EGP92549.1] [location=complement(join(1697065..1697838,1697898..1698069,1698192..1698238))] [gbkey=CDS]",0.46178343949044587
"lcl|CM001196.1_cds_EGP92548.1_489 [locus_tag=MYCGRDRAFT_65495] [db_xref=JGIDB:Mycgr3_65495] [protein=hypothetical protein] [protein_id=EGP92548.1] [location=complement(join(1700746..1701411,1701469..1701591))] [gbkey=CDS]",0.49609375
"lcl|CM001196.1_cds_EGP92547.1_490 [gene=PAFD2401] [locus_tag=MYCGRDRAFT_106982] [db_xref=InterPro:IPR004343,JGIDB:Mycgr3_106982] [protein=Paf1p complex subunit] [protein_id=EGP92547.1] [location=complement(join(1701998..1702848,1702898..1703586,1703774..1704039))] [gbkey=CDS]",0.5229982964224872
"lcl|CM001196.1_cds_EGP92546.1_492 [gene=MgBcy1] [locus_tag=MYCGRDRAFT_98311] [db_xref=InterPro:IPR000595,InterPro:IPR003117,JGIDB:Mycgr3_98311] [protein=hypothetical protein] [protein_id=EGP92546.1] [location=complement(1706743..1708125)] [gbkey=CDS]",0.6503340757238307
"lcl|CM001196.1_cds_EGP91055.1_494 [locus_tag=MYCGRDRAFT_106986] [db_xref=InterPro:IPR002821,InterPro:IPR003692,InterPro:IPR008040,JGIDB:Mycgr3_106986] [protein=hypothetical protein] [protein_id=EGP91055.1] [location=join(1716337..1716370,1716430..1717058,1717111..1718228,1718282..1718795,1719129..1719192,1719250..1719382,1719440..1720084,1720143..1720330,1720386..1720578,1720635..1721040)] [gbkey=CDS]",0.5245641838351822
"lcl|CM001196.1_cds_EGP92545.1_495 [locus_tag=MYCGRDRAFT_35216] [db_xref=JGIDB:Mycgr3_35216] [protein=hypothetical protein] [protein_id=EGP92545.1] [location=complement(join(1721071..1721147,1721204..1721400,1721453..1721586))] [gbkey=CDS]",0.5076923076923077
"lcl|CM001196.1_cds_EGP92544.1_496 [locus_tag=MYCGRDRAFT_89042] [db_xref=JGIDB:Mycgr3_89042] [protein=hypothetical protein] [protein_id=EGP92544.1] [location=complement(join(1722011..1722270,1722330..1722401,1722463..1722661))] [gbkey=CDS]",0.5117647058823529
"lcl|CM001196.1_cds_EGP92543.1_497 [locus_tag=MYCGRDRAFT_89043] [db_xref=InterPro:IPR000589,JGIDB:Mycgr3_89043] [protein=hypothetical protein] [protein_id=EGP92543.1] [location=complement(join(1723074..1724030,1724183..1724185))] [gbkey=CDS]",0.46153846153846156
"lcl|CM001196.1_cds_EGP91056.1_498 [locus_tag=MYCGRDRAFT_102197] [db_xref=InterPro:IPR001865,JGIDB:Mycgr3_102197] [protein=hypothetical protein] [protein_id=EGP91056.1] [location=join(1724451..1724620,1724750..1725503)] [gbkey=CDS]",0.697594501718213
"lcl|CM001196.1_cds_EGP91057.1_499 [gene=ARO1] [locus_tag=MYCGRDRAFT_65516] [db_xref=InterPro:IPR000623,InterPro:IPR001381,InterPro:IPR001986,InterPro:IPR002658,InterPro:IPR006151,JGIDB:Mycgr3_65516] [protein=AROM pentafunctional protein, ARO1] [protein_id=EGP91057.1] [location=join(1726164..1729094,1729143..1730962,1731003..1731063)] [gbkey=CDS]",0.5120521172638437
"lcl|CM001196.1_cds_EGP92542.1_500 [locus_tag=MYCGRDRAFT_106990] [db_xref=JGIDB:Mycgr3_106990] [protein=hypothetical protein] [protein_id=EGP92542.1] [location=complement(join(1731236..1731278,1731334..1731988,1732165..1732197,1732254..1732632))] [gbkey=CDS]",0.5014164305949008
"lcl|CM001196.1_cds_EGP92541.1_501 [locus_tag=MYCGRDRAFT_106991] [db_xref=JGIDB:Mycgr3_106991] [protein=hypothetical protein] [protein_id=EGP92541.1] [location=complement(join(1732986..1733009,1733062..1733181,1733301..1733494,1733551..1733631,1733744..1733873,1733943..1734221,1734277..1734651,1734708..1735051,1735124..1735205))] [gbkey=CDS]",0.5666666666666667
"lcl|CM001196.1_cds_EGP91058.1_502 [locus_tag=MYCGRDRAFT_52468] [db_xref=InterPro:IPR002085,JGIDB:Mycgr3_52468] [protein=hypothetical protein] [protein_id=EGP91058.1] [location=join(1737690..1737740,1737797..1738005,1738067..1738826)] [gbkey=CDS]",0.6174698795180723
"lcl|CM001196.1_cds_EGP91059.1_503 [locus_tag=MYCGRDRAFT_98317] [db_xref=InterPro:IPR002198,JGIDB:Mycgr3_98317] [protein=hypothetical protein] [protein_id=EGP91059.1] [location=join(1739325..1739358,1739409..1739625,1739684..1739965,1740032..1740239)] [gbkey=CDS]",0.5714285714285714
"lcl|CM001196.1_cds_EGP92540.1_504 [locus_tag=MYCGRDRAFT_89049] [db_xref=JGIDB:Mycgr3_89049] [protein=hypothetical protein] [protein_id=EGP92540.1] [location=complement(join(1740458..1740859,1740963..1741094,1741160..1741255,1741315..1741779))] [gbkey=CDS]",0.5575221238938053
"lcl|CM001196.1_cds_EGP92539.1_505 [gene=MgPPZ1] [locus_tag=MYCGRDRAFT_52472] [db_xref=InterPro:IPR004843,JGIDB:Mycgr3_52472] [protein=MgPPZ1,protein phosphatase 2A-like protein] [protein_id=EGP92539.1] [location=complement(join(1743065..1743094,1743159..1743311,1743372..1744790))] [gbkey=CDS]",0.5203094777562862
"lcl|CM001196.1_cds_EGP92538.1_506 [locus_tag=MYCGRDRAFT_65527] [db_xref=InterPro:IPR000537,JGIDB:Mycgr3_65527] [protein=hypothetical protein] [protein_id=EGP92538.1] [location=complement(join(1745695..1746926,1748610..1748832))] [gbkey=CDS]",0.3851203501094092
"lcl|CM001196.1_cds_EGP91060.1_507 [locus_tag=MYCGRDRAFT_34965] [db_xref=InterPro:IPR000089,InterPro:IPR004167,JGIDB:Mycgr3_34965] [protein=hypothetical protein] [protein_id=EGP91060.1] [location=1748814..1750061] [gbkey=CDS]",0.5073529411764706
"lcl|CM001196.1_cds_EGP92537.1_508 [locus_tag=MYCGRDRAFT_33455] [db_xref=InterPro:IPR005123,JGIDB:Mycgr3_33455] [protein=hypothetical protein] [protein_id=EGP92537.1] [location=complement(join(1750188..1750746,1750805..1750980))] [gbkey=CDS]",0.5364806866952789
"lcl|CM001196.1_cds_EGP91061.1_509 [locus_tag=MYCGRDRAFT_106995] [db_xref=InterPro:IPR007557,JGIDB:Mycgr3_106995] [protein=hypothetical protein] [protein_id=EGP91061.1] [location=join(1754381..1754507,1754564..1754764,1754956..1756775)] [gbkey=CDS]",0.5967976710334789
"lcl|CM001196.1_cds_EGP92536.1_510 [locus_tag=MYCGRDRAFT_89053] [db_xref=JGIDB:Mycgr3_89053] [protein=hypothetical protein] [protein_id=EGP92536.1] [location=complement(join(1758087..1758171,1758260..1758633))] [gbkey=CDS]",0.5
"lcl|CM001196.1_cds_EGP91062.1_511 [locus_tag=MYCGRDRAFT_65536] [db_xref=JGIDB:Mycgr3_65536] [protein=hypothetical protein] [protein_id=EGP91062.1] [location=join(1761257..1761549,1761614..1761760,1761934..1762457,1762512..1762537)] [gbkey=CDS]",0.4702194357366771
"lcl|CM001196.1_cds_EGP92535.1_512 [locus_tag=MYCGRDRAFT_102202] [db_xref=InterPro:IPR005124,JGIDB:Mycgr3_102202] [protein=hypothetical protein] [protein_id=EGP92535.1] [location=complement(join(1763249..1763425,1763498..1763598,1763671..1763679,1763736..1763769,1763824..1763862,1763914..1763916))] [gbkey=CDS]",0.5932203389830508
lcl|CM001196.1_cds_EGP92534.1_513 [locus_tag=MYCGRDRAFT_102204] [db_xref=JGIDB:Mycgr3_102204] [protein=hypothetical protein] [protein_id=EGP92534.1] [location=complement(1764433..1764801)] [gbkey=CDS],0.4322033898305085
lcl|CM001196.1_cds_EGP92533.1_514 [locus_tag=MYCGRDRAFT_33800] [db_xref=JGIDB:Mycgr3_33800] [protein=hypothetical protein] [protein_id=EGP92533.1] [location=complement(1764909..1765964)] [gbkey=CDS],0.4115853658536585
"lcl|CM001196.1_cds_EGP91063.1_515 [locus_tag=MYCGRDRAFT_83548] [db_xref=InterPro:IPR002198,JGIDB:Mycgr3_83548] [protein=hypothetical protein] [protein_id=EGP91063.1] [location=join(1766305..1766618,1766675..1767137)] [gbkey=CDS]",0.44664031620553357
"lcl|CM001196.1_cds_EGP92532.1_516 [locus_tag=MYCGRDRAFT_65543] [db_xref=InterPro:IPR001650,InterPro:IPR011545,JGIDB:Mycgr3_65543] [protein=hypothetical protein] [protein_id=EGP92532.1] [location=complement(1767146..1769251)] [gbkey=CDS]",0.42773722627737226
"lcl|CM001196.1_cds_EGP91064.1_517 [locus_tag=MYCGRDRAFT_83550] [db_xref=InterPro:IPR007255,JGIDB:Mycgr3_83550] [protein=hypothetical protein] [protein_id=EGP91064.1] [location=1769482..1770996] [gbkey=CDS]",0.41379310344827586
"lcl|CM001196.1_cds_EGP91066.1_519 [locus_tag=MYCGRDRAFT_102207] [db_xref=InterPro:IPR007087,JGIDB:Mycgr3_102207] [protein=hypothetical protein] [protein_id=EGP91066.1] [location=1775164..1775442] [gbkey=CDS]",0.5955056179775281
lcl|CM001196.1_cds_EGP92530.1_522 [locus_tag=MYCGRDRAFT_107001] [db_xref=JGIDB:Mycgr3_107001] [protein=hypothetical protein] [protein_id=EGP92530.1] [location=complement(1779363..1780973)] [gbkey=CDS],0.461839530332681
"lcl|CM001196.1_cds_EGP91068.1_523 [locus_tag=MYCGRDRAFT_89063] [db_xref=JGIDB:Mycgr3_89063] [protein=hypothetical protein] [protein_id=EGP91068.1] [location=join(1781394..1781491,1781557..1782088)] [gbkey=CDS]",0.4626865671641791
"lcl|CM001196.1_cds_EGP91069.1_524 [locus_tag=MYCGRDRAFT_65551] [db_xref=InterPro:IPR002220,JGIDB:Mycgr3_65551] [protein=hypothetical protein] [protein_id=EGP91069.1] [location=join(1782599..1783053,1783140..1783698)] [gbkey=CDS]",0.6808510638297872
"lcl|CM001196.1_cds_EGP92529.1_525 [locus_tag=MYCGRDRAFT_65552] [db_xref=InterPro:IPR001173,JGIDB:Mycgr3_65552] [protein=hypothetical protein] [protein_id=EGP92529.1] [location=complement(join(1786769..1787002,1787061..1787355,1787414..1788256,1788434..1788477))] [gbkey=CDS]",0.4908256880733945
"lcl|CM001196.1_cds_EGP92528.1_526 [locus_tag=MYCGRDRAFT_107003] [db_xref=InterPro:IPR006808,JGIDB:Mycgr3_107003] [protein=hypothetical protein] [protein_id=EGP92528.1] [location=complement(join(1793217..1793502,1793557..1793641,1793700..1794009))] [gbkey=CDS]",0.5972850678733032
"lcl|CM001196.1_cds_EGP91071.1_528 [locus_tag=MYCGRDRAFT_34722] [db_xref=JGIDB:Mycgr3_34722] [protein=hypothetical protein] [protein_id=EGP91071.1] [location=join(1797862..1798052,1798112..1798616)] [gbkey=CDS]",0.5765765765765766
"lcl|CM001196.1_cds_EGP92527.1_529 [locus_tag=MYCGRDRAFT_107004] [db_xref=InterPro:IPR001345,JGIDB:Mycgr3_107004] [protein=hypothetical protein] [protein_id=EGP92527.1] [location=complement(join(1799315..1799417,1799503..1800068,1800125..1800232,1800288..1800302))] [gbkey=CDS]",0.503968253968254
"lcl|CM001196.1_cds_EGP91072.1_530 [locus_tag=MYCGRDRAFT_83558] [db_xref=InterPro:IPR009548,JGIDB:Mycgr3_83558] [protein=hypothetical protein] [protein_id=EGP91072.1] [location=1800543..1801151] [gbkey=CDS]",0.4623115577889447
"lcl|CM001196.1_cds_EGP91073.1_531 [locus_tag=MYCGRDRAFT_89071] [db_xref=JGIDB:Mycgr3_89071] [protein=hypothetical protein] [protein_id=EGP91073.1] [location=join(1801685..1801779,1802105..1802110,1802208..1802260,1802491..1804349)] [gbkey=CDS]",0.5509893455098934
"lcl|CM001196.1_cds_EGP91074.1_532 [locus_tag=MYCGRDRAFT_89072] [db_xref=JGIDB:Mycgr3_89072] [protein=hypothetical protein] [protein_id=EGP91074.1] [location=join(1804922..1805111,1805227..1805831)] [gbkey=CDS]",0.531496062992126
"lcl|CM001196.1_cds_EGP92526.1_533 [locus_tag=MYCGRDRAFT_89073] [db_xref=InterPro:IPR002198,JGIDB:Mycgr3_89073] [protein=hypothetical protein] [protein_id=EGP92526.1] [location=complement(join(1807925..1808530,1808589..1809056))] [gbkey=CDS]",0.5029239766081871
"lcl|CM001196.1_cds_EGP92525.1_534 [locus_tag=MYCGRDRAFT_98331] [db_xref=InterPro:IPR002226,InterPro:IPR002818,InterPro:IPR010582,JGIDB:Mycgr3_98331] [protein=hypothetical protein] [protein_id=EGP92525.1] [location=complement(join(1809359..1810974,1811029..1811101,1811160..1811223,1811279..1811594,1811659..1811830))] [gbkey=CDS]",0.5744089012517385
"lcl|CM001196.1_cds_EGP91075.1_535 [locus_tag=MYCGRDRAFT_65563] [db_xref=InterPro:IPR001478,JGIDB:Mycgr3_65563] [protein=hypothetical protein] [protein_id=EGP91075.1] [location=join(1812622..1813203,1813255..1813383)] [gbkey=CDS]",0.4847161572052402
"lcl|CM001196.1_cds_EGP92524.1_537 [locus_tag=MYCGRDRAFT_65568] [db_xref=InterPro:IPR002933,JGIDB:Mycgr3_65568] [protein=hypothetical protein] [protein_id=EGP92524.1] [location=complement(1818200..1819645)] [gbkey=CDS]",0.6157205240174672
"lcl|CM001196.1_cds_EGP91077.1_538 [locus_tag=MYCGRDRAFT_35147] [db_xref=InterPro:IPR002509,JGIDB:Mycgr3_35147] [protein=hypothetical protein] [protein_id=EGP91077.1] [location=1820135..1820857] [gbkey=CDS]",0.5129310344827587
"lcl|CM001196.1_cds_EGP91078.1_539 [locus_tag=MYCGRDRAFT_52515] [db_xref=InterPro:IPR002198,JGIDB:Mycgr3_52515] [protein=hypothetical protein] [protein_id=EGP91078.1] [location=join(1821651..1821752,1821876..1822487)] [gbkey=CDS]",0.5374449339207048
"lcl|CM001196.1_cds_EGP92523.1_540 [locus_tag=MYCGRDRAFT_65574] [db_xref=InterPro:IPR001680,JGIDB:Mycgr3_65574] [protein=hypothetical protein] [protein_id=EGP92523.1] [location=complement(1822564..1824219)] [gbkey=CDS]",0.4933837429111531
"lcl|CM001196.1_cds_EGP91079.1_541 [locus_tag=MYCGRDRAFT_89079] [db_xref=JGIDB:Mycgr3_89079] [protein=hypothetical protein] [protein_id=EGP91079.1] [location=join(1824971..1825366,1825419..1825728,1825782..1825808,1825949..1825961,1826014..1826102,1826211..1826243,1826747..1826814,1827150..1827197)] [gbkey=CDS]",0.45110410094637227
"lcl|CM001196.1_cds_EGP92522.1_542 [locus_tag=MYCGRDRAFT_65576] [db_xref=JGIDB:Mycgr3_65576] [protein=hypothetical protein] [protein_id=EGP92522.1] [location=complement(join(1828698..1829170,1829222..1830404,1830461..1830484))] [gbkey=CDS]",0.4785046728971963
"lcl|CM001196.1_cds_EGP91080.1_543 [locus_tag=MYCGRDRAFT_107010] [db_xref=InterPro:IPR001370,JGIDB:Mycgr3_107010] [protein=hypothetical protein] [protein_id=EGP91080.1] [location=join(1830912..1831070,1831125..1833283,1833681..1833840)] [gbkey=CDS]",0.4668335419274093
"lcl|CM001196.1_cds_EGP92521.1_544 [locus_tag=MYCGRDRAFT_107011] [db_xref=JGIDB:Mycgr3_107011] [protein=hypothetical protein] [protein_id=EGP92521.1] [location=complement(join(1834542..1834669,1834852..1836091))] [gbkey=CDS]",0.4696629213483146
lcl|CM001196.1_cds_EGP92520.1_545 [locus_tag=MYCGRDRAFT_83566] [db_xref=JGIDB:Mycgr3_83566] [protein=hypothetical protein] [protein_id=EGP92520.1] [location=complement(1836559..1837422)] [gbkey=CDS],0.5719424460431655
"lcl|CM001196.1_cds_EGP92519.1_546 [locus_tag=MYCGRDRAFT_102217] [db_xref=JGIDB:Mycgr3_102217] [protein=hypothetical protein] [protein_id=EGP92519.1] [location=complement(join(1838043..1839070,1839123..1839631,1839709..1840049))] [gbkey=CDS]",0.46710526315789475
lcl|CM001196.1_cds_EGP91081.1_547 [locus_tag=MYCGRDRAFT_89085] [db_xref=JGIDB:Mycgr3_89085] [protein=hypothetical protein] [protein_id=EGP91081.1] [location=1845466..1845957] [gbkey=CDS],0.5548387096774193
"lcl|CM001196.1_cds_EGP92516.1_551 [locus_tag=MYCGRDRAFT_89088] [db_xref=JGIDB:Mycgr3_89088] [protein=hypothetical protein] [protein_id=EGP92516.1] [location=complement(join(1857235..1857290,1857758..1858019))] [gbkey=CDS]",0.6568627450980392
lcl|CM001196.1_cds_EGP92515.1_552 [locus_tag=MYCGRDRAFT_89089] [db_xref=JGIDB:Mycgr3_89089] [protein=hypothetical protein] [protein_id=EGP92515.1] [location=complement(1858413..1859453)] [gbkey=CDS],0.4716417910447761
"lcl|CM001196.1_cds_EGP92514.1_553 [locus_tag=MYCGRDRAFT_65583] [db_xref=InterPro:IPR003121,JGIDB:Mycgr3_65583] [protein=SWI/SNF complex protein] [protein_id=EGP92514.1] [location=complement(join(1860409..1860981,1861039..1861904,1862095..1862155))] [gbkey=CDS]",0.5072164948453608
lcl|CM001196.1_cds_EGP91083.1_554 [locus_tag=MYCGRDRAFT_89091] [db_xref=JGIDB:Mycgr3_89091] [protein=hypothetical protein] [protein_id=EGP91083.1] [location=1862645..1864003] [gbkey=CDS],0.4793577981651376
lcl|CM001196.1_cds_EGP91084.1_555 [locus_tag=MYCGRDRAFT_98339] [db_xref=JGIDB:Mycgr3_98339] [protein=hypothetical protein] [protein_id=EGP91084.1] [location=1871161..1872327] [gbkey=CDS],0.45789473684210524
"lcl|CM001196.1_cds_EGP92513.1_556 [locus_tag=MYCGRDRAFT_32094] [db_xref=InterPro:IPR002867,JGIDB:Mycgr3_32094] [protein=hypothetical protein] [protein_id=EGP92513.1] [location=complement(join(1873241..1873589,1873645..1874669))] [gbkey=CDS]",0.5542986425339367
"lcl|CM001196.1_cds_EGP92512.1_557 [locus_tag=MYCGRDRAFT_65589] [db_xref=JGIDB:Mycgr3_65589] [protein=hypothetical protein] [protein_id=EGP92512.1] [location=complement(join(1875048..1876411,1876557..1877196))] [gbkey=CDS]",0.47449768160741884
"lcl|CM001196.1_cds_EGP91085.1_558 [locus_tag=MYCGRDRAFT_65593] [db_xref=InterPro:IPR001841,JGIDB:Mycgr3_65593] [protein=hypothetical protein] [protein_id=EGP91085.1] [location=join(1878032..1878035,1878091..1879715)] [gbkey=CDS]",0.41040462427745666
"lcl|CM001196.1_cds_EGP91086.1_559 [locus_tag=MYCGRDRAFT_65596] [db_xref=InterPro:IPR001247,JGIDB:Mycgr3_65596] [protein=hypothetical protein] [protein_id=EGP91086.1] [location=join(1880224..1880501,1880570..1881044)] [gbkey=CDS]",0.48333333333333334
"lcl|CM001196.1_cds_EGP92511.1_561 [locus_tag=MYCGRDRAFT_31901] [db_xref=InterPro:IPR001789,InterPro:IPR003594,InterPro:IPR003661,JGIDB:Mycgr3_31901] [protein=histidine kinase] [protein_id=EGP92511.1] [location=complement(join(1887334..1888357,1888425..1889185,1889250..1889294,1889382..1889447,1889500..1890715,1890901..1891244))] [gbkey=CDS]",0.47584973166368516
"lcl|CM001196.1_cds_EGP91088.1_562 [locus_tag=MYCGRDRAFT_52546] [db_xref=InterPro:IPR005828,JGIDB:Mycgr3_52546] [protein=hypothetical protein] [protein_id=EGP91088.1] [location=join(1892559..1892741,1892808..1894079)] [gbkey=CDS]",0.4747252747252747
"lcl|CM001196.1_cds_EGP91089.1_563 [locus_tag=MYCGRDRAFT_98343] [db_xref=InterPro:IPR001806,JGIDB:Mycgr3_98343] [protein=hypothetical protein] [protein_id=EGP91089.1] [location=join(1894704..1894760,1894851..1894943,1895002..1895361,1895415..1895546)] [gbkey=CDS]",0.7609756097560976
lcl|CM001196.1_cds_EGP92510.1_564 [locus_tag=MYCGRDRAFT_89100] [db_xref=JGIDB:Mycgr3_89100] [protein=hypothetical protein] [protein_id=EGP92510.1] [location=complement(1895923..1896909)] [gbkey=CDS],0.48286604361370716
"lcl|CM001196.1_cds_EGP91090.1_565 [locus_tag=MYCGRDRAFT_65606] [db_xref=JGIDB:Mycgr3_65606] [protein=hypothetical protein] [protein_id=EGP91090.1] [location=join(1897220..1897428,1897492..1897561)] [gbkey=CDS]",0.5444444444444444
"lcl|CM001196.1_cds_EGP91091.1_567 [locus_tag=MYCGRDRAFT_65607] [db_xref=InterPro:IPR001392,JGIDB:Mycgr3_65607] [protein=hypothetical protein] [protein_id=EGP91091.1] [location=join(1899043..1899083,1899145..1900774)] [gbkey=CDS]",0.4209558823529412
"lcl|CM001196.1_cds_EGP92508.1_568 [locus_tag=MYCGRDRAFT_31400] [db_xref=JGIDB:Mycgr3_31400] [protein=hypothetical protein] [protein_id=EGP92508.1] [location=complement(join(1901050..1901126,1901245..1901280,1901386..1901428,1901482..1901502))] [gbkey=CDS]",0.6296296296296297
"lcl|CM001196.1_cds_EGP91092.1_569 [locus_tag=MYCGRDRAFT_107024] [db_xref=InterPro:IPR007701,JGIDB:Mycgr3_107024] [protein=hypothetical protein] [protein_id=EGP91092.1] [location=join(1901942..1903240,1904077..1904307)] [gbkey=CDS]",0.5232323232323233
lcl|CM001196.1_cds_EGP91093.1_570 [locus_tag=MYCGRDRAFT_102228] [db_xref=JGIDB:Mycgr3_102228] [protein=hypothetical protein] [protein_id=EGP91093.1] [location=1904733..1905029] [gbkey=CDS],0.6702127659574468
lcl|CM001196.1_cds_EGP91094.1_572 [locus_tag=MYCGRDRAFT_78335] [db_xref=JGIDB:Mycgr3_78335] [protein=hypothetical protein] [protein_id=EGP91094.1] [location=1906441..1906695] [gbkey=CDS],0.36585365853658536
"lcl|CM001196.1_cds_EGP91095.1_573 [locus_tag=MYCGRDRAFT_34200] [db_xref=JGIDB:Mycgr3_34200] [protein=hypothetical protein] [protein_id=EGP91095.1] [location=join(1907167..1907278,1907344..1907525)] [gbkey=CDS]",0.6021505376344086
"lcl|CM001196.1_cds_EGP92506.1_574 [locus_tag=MYCGRDRAFT_65614] [db_xref=InterPro:IPR002735,JGIDB:Mycgr3_65614] [protein=hypothetical protein] [protein_id=EGP92506.1] [location=complement(join(1908221..1908390,1908448..1909234))] [gbkey=CDS]",0.6677316293929713
"lcl|CM001196.1_cds_EGP91096.1_575 [locus_tag=MYCGRDRAFT_32106] [db_xref=JGIDB:Mycgr3_32106] [protein=hypothetical protein] [protein_id=EGP91096.1] [location=join(1909781..1910009,1910065..1910168)] [gbkey=CDS]",0.4174757281553398
"lcl|CM001196.1_cds_EGP92505.1_576 [locus_tag=MYCGRDRAFT_65617] [db_xref=InterPro:IPR002838,JGIDB:Mycgr3_65617] [protein=hypothetical protein] [protein_id=EGP92505.1] [location=complement(join(1910722..1910798,1910848..1910986,1911040..1911854,1911927..1911953,1912004..1912034))] [gbkey=CDS]",0.5057471264367817
"lcl|CM001196.1_cds_EGP91097.1_578 [locus_tag=MYCGRDRAFT_107028] [db_xref=InterPro:IPR002198,JGIDB:Mycgr3_107028] [protein=hypothetical protein] [protein_id=EGP91097.1] [location=join(1917496..1917882,1917962..1918462)] [gbkey=CDS]",0.4716312056737589
"lcl|CM001196.1_cds_EGP92503.1_579 [locus_tag=MYCGRDRAFT_89108] [db_xref=InterPro:IPR000719,JGIDB:Mycgr3_89108] [protein=hypothetical protein] [protein_id=EGP92503.1] [location=complement(join(1920232..1920989,1921050..1921885,1922182..1923542))] [gbkey=CDS]",0.5268703898840885
"lcl|CM001196.1_cds_EGP91098.1_580 [locus_tag=MYCGRDRAFT_89109] [db_xref=JGIDB:Mycgr3_89109] [protein=hypothetical protein] [protein_id=EGP91098.1] [location=join(1925679..1926933,1926992..1927023)] [gbkey=CDS]",0.548926014319809
"lcl|CM001196.1_cds_EGP92502.1_581 [locus_tag=MYCGRDRAFT_89110] [db_xref=JGIDB:Mycgr3_89110] [protein=hypothetical protein] [protein_id=EGP92502.1] [location=complement(join(1927191..1927224,1927377..1927464,1927698..1930135,1930374..1930434,1930556..1930611,1930790..1931116,1931221..1931541,1931591..1931739))] [gbkey=CDS]",0.48125
lcl|CM001196.1_cds_EGP91099.1_582 [locus_tag=MYCGRDRAFT_78344] [db_xref=JGIDB:Mycgr3_78344] [protein=hypothetical protein] [protein_id=EGP91099.1] [location=1933634..1933948] [gbkey=CDS],0.41414141414141414
"lcl|CM001196.1_cds_EGP91100.1_583 [gene=CYP-65] [locus_tag=MYCGRDRAFT_35181] [db_xref=InterPro:IPR001128,JGIDB:Mycgr3_35181] [protein=putative P450 monooxygenase] [protein_id=EGP91100.1] [location=join(1934373..1935132,1935156..1935542,1935594..1935748,1935800..1936063)] [gbkey=CDS]",0.5170340681362725
"lcl|CM001196.1_cds_EGP92501.1_584 [locus_tag=MYCGRDRAFT_89112] [db_xref=JGIDB:Mycgr3_89112] [protein=hypothetical protein] [protein_id=EGP92501.1] [location=complement(join(1937168..1937182,1937431..1938150,1938431..1938466))] [gbkey=CDS]",0.44129554655870445
"lcl|CM001196.1_cds_EGP91101.1_585 [locus_tag=MYCGRDRAFT_31411] [db_xref=JGIDB:Mycgr3_31411] [protein=hypothetical protein] [protein_id=EGP91101.1] [location=join(1939363..1939675,1939740..1939832,1939882..1939949)] [gbkey=CDS]",0.4513888888888889
"lcl|CM001196.1_cds_EGP92500.1_586 [locus_tag=MYCGRDRAFT_33211] [db_xref=JGIDB:Mycgr3_33211] [protein=hypothetical protein] [protein_id=EGP92500.1] [location=complement(join(1945340..1946199,1946252..1946567))] [gbkey=CDS]",0.46684350132625996
"lcl|CM001196.1_cds_EGP91102.1_587 [locus_tag=MYCGRDRAFT_52569] [db_xref=InterPro:IPR004217,JGIDB:Mycgr3_52569] [protein=hypothetical protein] [protein_id=EGP91102.1] [location=join(1946836..1946939,1947003..1947186)] [gbkey=CDS]",0.6153846153846154
"lcl|CM001196.1_cds_EGP92499.1_588 [locus_tag=MYCGRDRAFT_33479] [db_xref=JGIDB:Mycgr3_33479] [protein=hypothetical protein] [protein_id=EGP92499.1] [location=complement(join(1947649..1947714,1947767..1948083,1948144..1948201))] [gbkey=CDS]",0.4740740740740741
"lcl|CM001196.1_cds_EGP91103.1_589 [locus_tag=MYCGRDRAFT_65626] [db_xref=InterPro:IPR002916,JGIDB:Mycgr3_65626] [protein=hypothetical protein] [protein_id=EGP91103.1] [location=join(1949198..1949972,1950030..1950919)] [gbkey=CDS]",0.48940269749518306
"lcl|CM001196.1_cds_EGP91104.1_590 [locus_tag=MYCGRDRAFT_34911] [db_xref=JGIDB:Mycgr3_34911] [protein=hypothetical protein] [protein_id=EGP91104.1] [location=join(1951903..1952091,1952321..1953209,1953408..1953434,1953774..1953953,1954020..1954351)] [gbkey=CDS]",0.4674329501915709
lcl|CM001196.1_cds_EGP91105.1_591 [locus_tag=MYCGRDRAFT_89117] [db_xref=JGIDB:Mycgr3_89117] [protein=hypothetical protein] [protein_id=EGP91105.1] [location=1954767..1956602] [gbkey=CDS],0.5059625212947189
"lcl|CM001196.1_cds_EGP91106.1_593 [locus_tag=MYCGRDRAFT_89119] [db_xref=InterPro:IPR006992,JGIDB:Mycgr3_89119] [protein=hypothetical protein] [protein_id=EGP91106.1] [location=1958660..1959634] [gbkey=CDS]",0.5346534653465347
"lcl|CM001196.1_cds_EGP92497.1_595 [locus_tag=MYCGRDRAFT_33422] [db_xref=InterPro:IPR000717,JGIDB:Mycgr3_33422] [protein=hypothetical protein] [protein_id=EGP92497.1] [location=complement(join(1962374..1962457,1962540..1963260,1963350..1963963))] [gbkey=CDS]",0.5541125541125541
"lcl|CM001196.1_cds_EGP92496.1_597 [locus_tag=MYCGRDRAFT_89123] [db_xref=InterPro:IPR001680,JGIDB:Mycgr3_89123] [protein=hypothetical protein] [protein_id=EGP92496.1] [location=complement(join(1965744..1965965,1966154..1966212,1966485..1966504,1966630..1967520,1967721..1967806))] [gbkey=CDS]",0.43373493975903615
"lcl|CM001196.1_cds_EGP91109.1_598 [locus_tag=MYCGRDRAFT_65636] [db_xref=JGIDB:Mycgr3_65636] [protein=hypothetical protein] [protein_id=EGP91109.1] [location=join(1969506..1969667,1969724..1970155,1970219..1970383)] [gbkey=CDS]",0.483739837398374
"lcl|CM001196.1_cds_EGP92495.1_599 [locus_tag=MYCGRDRAFT_83595] [db_xref=InterPro:IPR000120,JGIDB:Mycgr3_83595] [protein=amidase signature enzyme] [protein_id=EGP92495.1] [location=complement(join(1971067..1971558,1971619..1972601,1972677..1972810,1972898..1973034))] [gbkey=CDS]",0.46869409660107336
"lcl|CM001196.1_cds_EGP92494.1_600 [locus_tag=MYCGRDRAFT_98356] [db_xref=InterPro:IPR007087,JGIDB:Mycgr3_98356] [protein=hypothetical protein] [protein_id=EGP92494.1] [location=complement(join(1974024..1975401,1975458..1975765))] [gbkey=CDS]",0.5440900562851783
"lcl|CM001196.1_cds_EGP92493.1_601 [locus_tag=MYCGRDRAFT_65640] [db_xref=InterPro:IPR001269,JGIDB:Mycgr3_65640] [protein=hypothetical protein] [protein_id=EGP92493.1] [location=complement(1980508..1982568)] [gbkey=CDS]",0.5068285280728376
"lcl|CM001196.1_cds_EGP91110.1_602 [locus_tag=MYCGRDRAFT_102248] [db_xref=InterPro:IPR008417,JGIDB:Mycgr3_102248] [protein=hypothetical protein] [protein_id=EGP91110.1] [location=join(1983107..1983127,1983315..1983449,1983505..1983608,1983661..1984027)] [gbkey=CDS]",0.8059701492537313
"lcl|CM001196.1_cds_EGP92492.1_603 [locus_tag=MYCGRDRAFT_89129] [db_xref=InterPro:IPR004364,InterPro:IPR004365,JGIDB:Mycgr3_89129] [protein=hypothetical protein] [protein_id=EGP92492.1] [location=complement(join(1985674..1985822,1986091..1986526,1986660..1988044,1988618..1988639))] [gbkey=CDS]",0.5227629513343799
"lcl|CM001196.1_cds_EGP91111.1_604 [locus_tag=MYCGRDRAFT_65650] [db_xref=JGIDB:Mycgr3_65650] [protein=hypothetical protein] [protein_id=EGP91111.1] [location=join(1991626..1992174,1992231..1992746)] [gbkey=CDS]",0.5427728613569321
"lcl|CM001196.1_cds_EGP92491.1_605 [locus_tag=MYCGRDRAFT_65652] [db_xref=JGIDB:Mycgr3_65652] [protein=hypothetical protein] [protein_id=EGP92491.1] [location=complement(join(1995687..1996307,1996347..1996457,1996514..1996820,1996952..1997100))] [gbkey=CDS]",0.4776902887139108
"lcl|CM001196.1_cds_EGP91113.1_607 [locus_tag=MYCGRDRAFT_98361] [db_xref=JGIDB:Mycgr3_98361] [protein=hypothetical protein] [protein_id=EGP91113.1] [location=join(2002189..2002650,2002704..2002793)] [gbkey=CDS]",0.3977272727272727
"lcl|CM001196.1_cds_EGP91114.1_608 [locus_tag=MYCGRDRAFT_102252] [db_xref=JGIDB:Mycgr3_102252] [protein=hypothetical protein] [protein_id=EGP91114.1] [location=join(2003943..2004101,2004171..2004488)] [gbkey=CDS]",0.6013071895424836
lcl|CM001196.1_cds_EGP92490.1_609 [locus_tag=MYCGRDRAFT_102254] [db_xref=JGIDB:Mycgr3_102254] [protein=hypothetical protein] [protein_id=EGP92490.1] [location=complement(2005270..2005542)] [gbkey=CDS],0.39080459770114945
"lcl|CM001196.1_cds_EGP91115.1_610 [locus_tag=MYCGRDRAFT_98363] [db_xref=InterPro:IPR001715,JGIDB:Mycgr3_98363] [protein=hypothetical protein] [protein_id=EGP91115.1] [location=join(2006732..2007197,2007267..2008034,2008305..2008819)] [gbkey=CDS]",0.4418604651162791
"lcl|CM001196.1_cds_EGP91116.1_611 [locus_tag=MYCGRDRAFT_65661] [db_xref=InterPro:IPR005828,JGIDB:Mycgr3_65661] [protein=hypothetical protein] [protein_id=EGP91116.1] [location=join(2009413..2009539,2009590..2009625,2009681..2009998,2010049..2010781,2010851..2011151)] [gbkey=CDS]",0.5052192066805845
"lcl|CM001196.1_cds_EGP92489.1_612 [gene=MgPLD1] [locus_tag=MYCGRDRAFT_65665] [db_xref=InterPro:IPR001736,JGIDB:Mycgr3_65665] [protein=phospholipase D] [protein_id=EGP92489.1] [location=complement(join(2011409..2011484,2011543..2016857))] [gbkey=CDS]",0.49155503785672683
"lcl|CM001196.1_cds_EGP92488.1_613 [locus_tag=MYCGRDRAFT_89139] [db_xref=JGIDB:Mycgr3_89139] [protein=hypothetical protein] [protein_id=EGP92488.1] [location=complement(join(2018170..2018657,2018713..2018979,2019032..2019202,2019257..2019553,2019603..2019696))] [gbkey=CDS]",0.41346153846153844
"lcl|CM001196.1_cds_EGP92487.1_614 [locus_tag=MYCGRDRAFT_32960] [db_xref=JGIDB:Mycgr3_32960] [protein=hypothetical protein] [protein_id=EGP92487.1] [location=complement(join(2020855..2021209,2021258..2021700,2021749..2021806,2021920..2022119,2022307..2022521,2022583..2022859))] [gbkey=CDS]",0.4517453798767967
"lcl|CM001196.1_cds_EGP91117.1_615 [locus_tag=MYCGRDRAFT_65666] [db_xref=InterPro:IPR008775,JGIDB:Mycgr3_65666] [protein=hypothetical protein] [protein_id=EGP91117.1] [location=2023534..2024484] [gbkey=CDS]",0.5162337662337663
lcl|CM001196.1_cds_EGP91119.1_618 [locus_tag=MYCGRDRAFT_102256] [db_xref=JGIDB:Mycgr3_102256] [protein=hypothetical protein] [protein_id=EGP91119.1] [location=2030498..2030665] [gbkey=CDS],0.48
"lcl|CM001196.1_cds_EGP92485.1_619 [locus_tag=MYCGRDRAFT_89144] [db_xref=JGIDB:Mycgr3_89144] [protein=hypothetical protein] [protein_id=EGP92485.1] [location=complement(join(2031535..2031617,2031671..2032664,2032718..2036308))] [gbkey=CDS]",0.47319655857048315
"lcl|CM001196.1_cds_EGP91120.1_620 [locus_tag=MYCGRDRAFT_89145] [db_xref=JGIDB:Mycgr3_89145] [protein=hypothetical protein] [protein_id=EGP91120.1] [location=join(2037727..2037760,2038335..2038969,2039028..2039197,2039247..2039616)] [gbkey=CDS]",0.5167958656330749
"lcl|CM001196.1_cds_EGP92484.1_621 [locus_tag=MYCGRDRAFT_32980] [db_xref=JGIDB:Mycgr3_32980] [protein=hypothetical protein] [protein_id=EGP92484.1] [location=complement(join(2041423..2041755,2041824..2041906,2041964..2042198,2042255..2042347))] [gbkey=CDS]",0.5800865800865801
"lcl|CM001196.1_cds_EGP91121.1_622 [locus_tag=MYCGRDRAFT_65675] [db_xref=JGIDB:Mycgr3_65675] [protein=hypothetical protein] [protein_id=EGP91121.1] [location=join(2045334..2045460,2045514..2045810,2045868..2046239,2046301..2047178)] [gbkey=CDS]",0.5112781954887218
"lcl|CM001196.1_cds_EGP92483.1_623 [locus_tag=MYCGRDRAFT_33778] [db_xref=JGIDB:Mycgr3_33778] [protein=hypothetical protein] [protein_id=EGP92483.1] [location=complement(join(2051850..2052023,2052091..2052504))] [gbkey=CDS]",0.5628415300546448
"lcl|CM001196.1_cds_EGP91122.1_624 [locus_tag=MYCGRDRAFT_107050] [db_xref=JGIDB:Mycgr3_107050] [protein=hypothetical protein] [protein_id=EGP91122.1] [location=join(2054017..2054177,2054279..2055665)] [gbkey=CDS]",0.6275303643724697
"lcl|CM001196.1_cds_EGP92482.1_625 [locus_tag=MYCGRDRAFT_98369] [db_xref=InterPro:IPR005593,JGIDB:Mycgr3_98369] [protein=hypothetical protein] [protein_id=EGP92482.1] [location=complement(join(2056718..2058658,2058738..2058975,2059037..2059308))] [gbkey=CDS]",0.6512226512226512
"lcl|CM001196.1_cds_EGP92481.1_626 [locus_tag=MYCGRDRAFT_98370] [db_xref=InterPro:IPR000569,InterPro:IPR010309,InterPro:IPR010314,JGIDB:Mycgr3_98370] [protein=hypothetical protein] [protein_id=EGP92481.1] [location=complement(join(2060233..2060327,2060385..2063036,2063091..2064101,2064213..2064797,2064861..2068731,2068792..2069556,2069629..2072235))] [gbkey=CDS]",0.5283772981614708
"lcl|CM001196.1_cds_EGP91123.1_627 [locus_tag=MYCGRDRAFT_89152] [db_xref=JGIDB:Mycgr3_89152] [protein=hypothetical protein] [protein_id=EGP91123.1] [location=join(2073337..2074120,2074175..2074294,2074521..2074561)] [gbkey=CDS]",0.5196078431372549
"lcl|CM001196.1_cds_EGP91124.1_628 [locus_tag=MYCGRDRAFT_107052] [db_xref=InterPro:IPR001345,InterPro:IPR003094,JGIDB:Mycgr3_107052] [protein=hypothetical protein] [protein_id=EGP91124.1] [location=join(2075122..2075347,2075413..2075999,2076052..2076705)] [gbkey=CDS]",0.535483870967742
"lcl|CM001196.1_cds_EGP92480.1_629 [locus_tag=MYCGRDRAFT_107053] [db_xref=InterPro:IPR001138,JGIDB:Mycgr3_107053] [protein=hypothetical protein] [protein_id=EGP92480.1] [location=complement(join(2077238..2077269,2077375..2077490,2077678..2077813,2077874..2077891,2077989..2078628,2078683..2078766,2078837..2078858,2078908..2078957))] [gbkey=CDS]",0.4602272727272727
"lcl|CM001196.1_cds_EGP91125.1_630 [locus_tag=MYCGRDRAFT_89155] [db_xref=JGIDB:Mycgr3_89155] [protein=hypothetical protein] [protein_id=EGP91125.1] [location=join(2079523..2079708,2079774..2080131,2080200..2080351)] [gbkey=CDS]",0.5972850678733032
"lcl|CM001196.1_cds_EGP91126.1_631 [locus_tag=MYCGRDRAFT_89156] [db_xref=JGIDB:Mycgr3_89156] [protein=hypothetical protein] [protein_id=EGP91126.1] [location=join(2080611..2080797,2080850..2081181)] [gbkey=CDS]",0.5575757575757576
"lcl|CM001196.1_cds_EGP91127.1_632 [locus_tag=MYCGRDRAFT_65687] [db_xref=JGIDB:Mycgr3_65687] [protein=hypothetical protein] [protein_id=EGP91127.1] [location=join(2082928..2082995,2083054..2084212)] [gbkey=CDS]",0.5751295336787565
"lcl|CM001196.1_cds_EGP92479.1_633 [gene=RUVBL2402] [locus_tag=MYCGRDRAFT_98372] [db_xref=InterPro:IPR010339,JGIDB:Mycgr3_98372] [protein=DNA helicase] [protein_id=EGP92479.1] [location=complement(join(2084789..2085005,2085075..2085331,2085384..2086340))] [gbkey=CDS]",0.5010752688172043
"lcl|CM001196.1_cds_EGP92478.1_635 [locus_tag=MYCGRDRAFT_31813] [db_xref=JGIDB:Mycgr3_31813] [protein=hypothetical protein] [protein_id=EGP92478.1] [location=complement(join(2087592..2087747,2087800..2087976))] [gbkey=CDS]",0.5
lcl|CM001196.1_cds_EGP91129.1_636 [locus_tag=MYCGRDRAFT_34686] [db_xref=JGIDB:Mycgr3_34686] [protein=hypothetical protein] [protein_id=EGP91129.1] [location=2088196..2089068] [gbkey=CDS],0.3464285714285714
"lcl|CM001196.1_cds_EGP92477.1_637 [locus_tag=MYCGRDRAFT_89160] [db_xref=JGIDB:Mycgr3_89160] [protein=hypothetical protein] [protein_id=EGP92477.1] [location=complement(join(2089079..2090220,2090320..2090359))] [gbkey=CDS]",0.5145118733509235
"lcl|CM001196.1_cds_EGP91130.1_638 [locus_tag=MYCGRDRAFT_83616] [db_xref=InterPro:IPR004843,JGIDB:Mycgr3_83616] [protein=hypothetical protein] [protein_id=EGP91130.1] [location=2090968..2091807] [gbkey=CDS]",0.4849624060150376
"lcl|CM001196.1_cds_EGP91131.1_639 [locus_tag=MYCGRDRAFT_89162] [db_xref=JGIDB:Mycgr3_89162] [protein=hypothetical protein] [protein_id=EGP91131.1] [location=join(2094035..2094329,2094387..2094535,2094587..2094688,2094854..2096233)] [gbkey=CDS]",0.496
"lcl|CM001196.1_cds_EGP92476.1_640 [locus_tag=MYCGRDRAFT_89163] [db_xref=JGIDB:Mycgr3_89163] [protein=hypothetical protein] [protein_id=EGP92476.1] [location=complement(join(2096869..2096997,2097461..2097964))] [gbkey=CDS]",0.5678391959798995
"lcl|CM001196.1_cds_EGP92474.1_642 [locus_tag=MYCGRDRAFT_98375] [db_xref=InterPro:IPR007705,JGIDB:Mycgr3_98375] [protein=hypothetical protein] [protein_id=EGP92474.1] [location=complement(join(2098611..2098698,2098758..2099344))] [gbkey=CDS]",0.5799086757990868
"lcl|CM001196.1_cds_EGP91132.1_643 [locus_tag=MYCGRDRAFT_32012] [db_xref=JGIDB:Mycgr3_32012] [protein=hypothetical protein] [protein_id=EGP91132.1] [location=join(2106276..2107169,2107254..2107958)] [gbkey=CDS]",0.4269005847953216
"lcl|CM001196.1_cds_EGP92473.1_644 [locus_tag=MYCGRDRAFT_89166] [db_xref=JGIDB:Mycgr3_89166] [protein=hypothetical protein] [protein_id=EGP92473.1] [location=complement(join(2109870..2110260,2110441..2110608,2110672..2111438))] [gbkey=CDS]",0.4200477326968974
"lcl|CM001196.1_cds_EGP91133.1_645 [locus_tag=MYCGRDRAFT_89167] [db_xref=InterPro:IPR000172,InterPro:IPR007867,JGIDB:Mycgr3_89167] [protein=hypothetical protein] [protein_id=EGP91133.1] [location=join(2112431..2112579,2112634..2112879,2112945..2113167,2113219..2113776,2113842..2114118,2114190..2114596)] [gbkey=CDS]",0.4823529411764706
lcl|CM001196.1_cds_EGP92472.1_646 [locus_tag=MYCGRDRAFT_102272] [db_xref=JGIDB:Mycgr3_102272] [protein=hypothetical protein] [protein_id=EGP92472.1] [location=complement(2115424..2115888)] [gbkey=CDS],0.4527027027027027
"lcl|CM001196.1_cds_EGP91134.1_647 [locus_tag=MYCGRDRAFT_89169] [db_xref=JGIDB:Mycgr3_89169] [protein=hypothetical protein] [protein_id=EGP91134.1] [location=join(2116913..2117057,2117121..2118001)] [gbkey=CDS]",0.503030303030303
"lcl|CM001196.1_cds_EGP92471.1_648 [locus_tag=MYCGRDRAFT_32817] [db_xref=InterPro:IPR007034,JGIDB:Mycgr3_32817] [protein=hypothetical protein] [protein_id=EGP92471.1] [location=complement(2119611..2122082)] [gbkey=CDS]",0.5580808080808081
"lcl|CM001196.1_cds_EGP91135.1_649 [locus_tag=MYCGRDRAFT_98377] [db_xref=InterPro:IPR001250,JGIDB:Mycgr3_98377] [protein=hypothetical protein] [protein_id=EGP91135.1] [location=2122824..2124089] [gbkey=CDS]",0.4963325183374083
"lcl|CM001196.1_cds_EGP92470.1_650 [locus_tag=MYCGRDRAFT_65706] [db_xref=InterPro:IPR007941,JGIDB:Mycgr3_65706] [protein=hypothetical protein] [protein_id=EGP92470.1] [location=complement(2125176..2127404)] [gbkey=CDS]",0.46935933147632314
"lcl|CM001196.1_cds_EGP91136.1_651 [locus_tag=MYCGRDRAFT_65710] [db_xref=JGIDB:Mycgr3_65710] [protein=hypothetical protein] [protein_id=EGP91136.1] [location=join(2127715..2127795,2127852..2127974,2128035..2128115,2128165..2128318,2128373..2128485,2128537..2128868,2128914..2129892)] [gbkey=CDS]",0.4794069192751236
lcl|CM001196.1_cds_EGP92469.1_652 [locus_tag=MYCGRDRAFT_32378] [db_xref=JGIDB:Mycgr3_32378] [protein=hypothetical protein] [protein_id=EGP92469.1] [location=complement(2129958..2130704)] [gbkey=CDS],0.5085470085470085
"lcl|CM001196.1_cds_EGP91137.1_653 [locus_tag=MYCGRDRAFT_107063] [db_xref=InterPro:IPR000938,InterPro:IPR004088,JGIDB:Mycgr3_107063] [protein=hypothetical protein] [protein_id=EGP91137.1] [location=join(2130950..2130989,2131045..2131323,2131384..2132755,2133054..2133148,2133554..2137491)] [gbkey=CDS]",0.5002695417789758
"lcl|CM001196.1_cds_EGP92468.1_654 [locus_tag=MYCGRDRAFT_89175] [db_xref=JGIDB:Mycgr3_89175] [protein=hypothetical protein] [protein_id=EGP92468.1] [location=complement(join(2137702..2139106,2139163..2139564,2139620..2139839,2139889..2140762,2141073..2141084))] [gbkey=CDS]",0.4721030042918455
lcl|CM001196.1_cds_EGP91138.1_655 [locus_tag=MYCGRDRAFT_107064] [db_xref=JGIDB:Mycgr3_107064] [protein=hypothetical protein] [protein_id=EGP91138.1] [location=2143016..2143945] [gbkey=CDS],0.4576271186440678
"lcl|CM001196.1_cds_EGP92467.1_656 [locus_tag=MYCGRDRAFT_89177] [db_xref=JGIDB:Mycgr3_89177] [protein=hypothetical protein] [protein_id=EGP92467.1] [location=complement(join(2145605..2145708,2145766..2145873,2145931..2146038,2146098..2146166,2146220..2146433,2147109..2147168))] [gbkey=CDS]",0.47641509433962265
"lcl|CM001196.1_cds_EGP91139.1_657 [locus_tag=MYCGRDRAFT_89178] [db_xref=JGIDB:Mycgr3_89178] [protein=hypothetical protein] [protein_id=EGP91139.1] [location=join(2147686..2147926,2147983..2148102,2148406..2148583,2148680..2148851)] [gbkey=CDS]",0.4330357142857143
"lcl|CM001196.1_cds_EGP92466.1_658 [locus_tag=MYCGRDRAFT_89179] [db_xref=JGIDB:Mycgr3_89179] [protein=hypothetical protein] [protein_id=EGP92466.1] [location=complement(join(2150937..2151002,2151238..2151998,2152054..2152156,2152716..2152799))] [gbkey=CDS]",0.5182926829268293
"lcl|CM001196.1_cds_EGP92465.1_659 [locus_tag=MYCGRDRAFT_98380] [db_xref=JGIDB:Mycgr3_98380] [protein=hypothetical protein] [protein_id=EGP92465.1] [location=complement(join(2158570..2159735,2159796..2159874))] [gbkey=CDS]",0.41604010025062654
"lcl|CM001196.1_cds_EGP91140.1_660 [locus_tag=MYCGRDRAFT_107066] [db_xref=JGIDB:Mycgr3_107066] [protein=hypothetical protein] [protein_id=EGP91140.1] [location=join(2161713..2162491,2162549..2163035)] [gbkey=CDS]",0.45544554455445546
"lcl|CM001196.1_cds_EGP91141.1_661 [locus_tag=MYCGRDRAFT_89182] [db_xref=JGIDB:Mycgr3_89182] [protein=hypothetical protein] [protein_id=EGP91141.1] [location=join(2164387..2164399,2164564..2164800,2164919..2165148)] [gbkey=CDS]",0.4967741935483871
lcl|CM001196.1_cds_EGP92464.1_662 [locus_tag=MYCGRDRAFT_78381] [db_xref=JGIDB:Mycgr3_78381] [protein=hypothetical protein] [protein_id=EGP92464.1] [location=complement(2165825..2166037)] [gbkey=CDS],0.4492753623188406
lcl|CM001196.1_cds_EGP91142.1_664 [locus_tag=MYCGRDRAFT_107068] [db_xref=JGIDB:Mycgr3_107068] [protein=hypothetical protein] [protein_id=EGP91142.1] [location=2170752..2171879] [gbkey=CDS],0.45706371191135736
"lcl|CM001196.1_cds_EGP91143.1_665 [locus_tag=MYCGRDRAFT_89185] [db_xref=JGIDB:Mycgr3_89185] [protein=hypothetical protein] [protein_id=EGP91143.1] [location=join(2172553..2172895,2172957..2173003)] [gbkey=CDS]",0.4918032786885246
"lcl|CM001196.1_cds_EGP92462.1_666 [locus_tag=MYCGRDRAFT_107069] [db_xref=InterPro:IPR002916,JGIDB:Mycgr3_107069] [protein=putative FRE ferric reductase-like transmembrane component] [protein_id=EGP92462.1] [location=complement(join(2173209..2173247,2173564..2174514,2174589..2175066,2175120..2175532))] [gbkey=CDS]",0.5008460236886633
"lcl|CM001196.1_cds_EGP92461.1_667 [locus_tag=MYCGRDRAFT_102276] [db_xref=InterPro:IPR002085,JGIDB:Mycgr3_102276] [protein=hypothetical protein] [protein_id=EGP92461.1] [location=complement(join(2175948..2176981,2177041..2177095))] [gbkey=CDS]",0.6332378223495702
"lcl|CM001196.1_cds_EGP92460.1_668 [locus_tag=MYCGRDRAFT_34982] [db_xref=InterPro:IPR000172,InterPro:IPR007867,JGIDB:Mycgr3_34982] [protein=glucose-methanol-choline oxidoreductase] [protein_id=EGP92460.1] [location=complement(join(2179138..2179273,2179326..2179424,2179477..2179622,2179687..2180334,2180479..2180580,2180683..2181288))] [gbkey=CDS]",0.5314183123877917
lcl|CM001196.1_cds_EGP92459.1_669 [locus_tag=MYCGRDRAFT_117725] [db_xref=JGIDB:Mycgr3_117725] [protein=hypothetical protein] [protein_id=EGP92459.1] [location=complement(2181964..2184459)] [gbkey=CDS],0.4808877928483354
"lcl|CM001196.1_cds_EGP91144.1_670 [locus_tag=MYCGRDRAFT_89189] [db_xref=JGIDB:Mycgr3_89189] [protein=hypothetical protein] [protein_id=EGP91144.1] [location=join(2185647..2185802,2188604..2188754,2188835..2188867,2188972..2188993,2189260..2189560)] [gbkey=CDS]",0.44036697247706424
"lcl|CM001196.1_cds_EGP91145.1_671 [locus_tag=MYCGRDRAFT_65725] [db_xref=JGIDB:Mycgr3_65725] [protein=hypothetical protein] [protein_id=EGP91145.1] [location=join(2189682..2190351,2190407..2191185)] [gbkey=CDS]",0.486784140969163
"lcl|CM001196.1_cds_EGP92458.1_672 [locus_tag=MYCGRDRAFT_107072] [db_xref=InterPro:IPR000873,InterPro:IPR002198,InterPro:IPR006163,JGIDB:Mycgr3_107072] [protein=hypothetical protein] [protein_id=EGP92458.1] [location=complement(join(2191438..2193779,2193837..2195442))] [gbkey=CDS]",0.46526151444184233
"lcl|CM001196.1_cds_EGP91146.1_673 [locus_tag=MYCGRDRAFT_98385] [db_xref=InterPro:IPR000866,JGIDB:Mycgr3_98385] [protein=hypothetical protein] [protein_id=EGP91146.1] [location=join(2197464..2197522,2197829..2197969,2198019..2198136,2198189..2198432,2198556..2198749)] [gbkey=CDS]",0.5909090909090909
"lcl|CM001196.1_cds_EGP91147.1_674 [locus_tag=MYCGRDRAFT_102281] [db_xref=InterPro:IPR000439,JGIDB:Mycgr3_102281] [protein=hypothetical protein] [protein_id=EGP91147.1] [location=join(2201706..2201707,2201855..2201939,2202033..2202189,2202252..2202619)] [gbkey=CDS]",0.8102564102564103
"lcl|CM001196.1_cds_EGP91148.1_675 [locus_tag=MYCGRDRAFT_52682] [db_xref=InterPro:IPR000569,JGIDB:Mycgr3_52682] [protein=hypothetical protein] [protein_id=EGP91148.1] [location=join(2203268..2203948,2204150..2207035)] [gbkey=CDS]",0.5039164490861618
"lcl|CM001196.1_cds_EGP91149.1_676 [locus_tag=MYCGRDRAFT_52686] [db_xref=JGIDB:Mycgr3_52686] [protein=hypothetical protein] [protein_id=EGP91149.1] [location=join(2208268..2208781,2208843..2209189)] [gbkey=CDS]",0.5977443609022557
"lcl|CM001196.1_cds_EGP91152.1_680 [locus_tag=MYCGRDRAFT_89199] [db_xref=InterPro:IPR001406,JGIDB:Mycgr3_89199] [protein=hypothetical protein] [protein_id=EGP91152.1] [location=2218881..2220485] [gbkey=CDS]",0.47766990291262135
"lcl|CM001196.1_cds_EGP92455.1_682 [locus_tag=MYCGRDRAFT_32893] [db_xref=JGIDB:Mycgr3_32893] [protein=hypothetical protein] [protein_id=EGP92455.1] [location=complement(join(2222385..2223230,2223357..2223941,2223992..2224438))] [gbkey=CDS]",0.4983221476510067
"lcl|CM001196.1_cds_EGP92454.1_683 [locus_tag=MYCGRDRAFT_65747] [db_xref=InterPro:IPR000608,JGIDB:Mycgr3_65747] [protein=hypothetical protein] [protein_id=EGP92454.1] [location=complement(join(2226023..2226146,2226217..2226441,2226585..2226691))] [gbkey=CDS]",0.5140845070422535
"lcl|CM001196.1_cds_EGP92453.1_684 [locus_tag=MYCGRDRAFT_34966] [db_xref=InterPro:IPR000374,JGIDB:Mycgr3_34966] [protein=hypothetical protein] [protein_id=EGP92453.1] [location=complement(2227265..2228509)] [gbkey=CDS]",0.38287153652392947
"lcl|CM001196.1_cds_EGP91153.1_685 [locus_tag=MYCGRDRAFT_65750] [db_xref=InterPro:IPR004839,JGIDB:Mycgr3_65750] [protein=hypothetical protein] [protein_id=EGP91153.1] [location=join(2229044..2229114,2229168..2229320,2229372..2230425)] [gbkey=CDS]",0.5036144578313253
"lcl|CM001196.1_cds_EGP91155.1_687 [locus_tag=MYCGRDRAFT_98392] [db_xref=InterPro:IPR000608,JGIDB:Mycgr3_98392] [protein=hypothetical protein] [protein_id=EGP91155.1] [location=join(2235588..2235777,2235895..2236250)] [gbkey=CDS]",0.52046783625731
"lcl|CM001196.1_cds_EGP92452.1_688 [locus_tag=MYCGRDRAFT_89206] [db_xref=JGIDB:Mycgr3_89206] [protein=hypothetical protein] [protein_id=EGP92452.1] [location=complement(join(2236530..2237490,2237544..2237644))] [gbkey=CDS]",0.46397694524495675
"lcl|CM001196.1_cds_EGP91156.1_689 [locus_tag=MYCGRDRAFT_31509] [db_xref=InterPro:IPR000504,JGIDB:Mycgr3_31509] [protein=hypothetical protein] [protein_id=EGP91156.1] [location=2238027..2239310] [gbkey=CDS]",0.5059952038369304
lcl|CM001196.1_cds_EGP92451.1_690 [locus_tag=MYCGRDRAFT_89208] [db_xref=JGIDB:Mycgr3_89208] [protein=hypothetical protein] [protein_id=EGP92451.1] [location=complement(2240080..2241156)] [gbkey=CDS],0.49008498583569404
"lcl|CM001196.1_cds_EGP91157.1_691 [locus_tag=MYCGRDRAFT_65760] [db_xref=InterPro:IPR001752,JGIDB:Mycgr3_65760] [protein=hypothetical protein] [protein_id=EGP91157.1] [location=join(2242172..2244687,2244748..2245003)] [gbkey=CDS]",0.5260243632336655
"lcl|CM001196.1_cds_EGP92450.1_692 [locus_tag=MYCGRDRAFT_65763] [db_xref=InterPro:IPR010300,JGIDB:Mycgr3_65763] [protein=hypothetical protein] [protein_id=EGP92450.1] [location=complement(join(2245540..2245650,2245712..2245830,2245924..2246065,2246261..2246445,2246496..2246610))] [gbkey=CDS]",0.5492957746478874
"lcl|CM001196.1_cds_EGP91158.1_693 [locus_tag=MYCGRDRAFT_107086] [db_xref=InterPro:IPR004095,InterPro:IPR006169,JGIDB:Mycgr3_107086] [protein=hypothetical protein] [protein_id=EGP91158.1] [location=join(2247538..2247603,2247680..2248717)] [gbkey=CDS]",0.5014005602240896
"lcl|CM001196.1_cds_EGP92449.1_694 [locus_tag=MYCGRDRAFT_33884] [db_xref=JGIDB:Mycgr3_33884] [protein=putative major facilitator superfamily transporter] [protein_id=EGP92449.1] [location=complement(join(2249236..2249663,2249719..2249854,2249930..2249974,2250032..2250114,2250176..2250212,2250268..2250300,2250473..2250524,2250618..2250742,2250795..2250877,2250936..2251196,2251229..2251258,2251304..2251435,2251489..2251608,2251657..2251699))] [gbkey=CDS]",0.5329341317365269
"lcl|CM001196.1_cds_EGP92448.1_695 [locus_tag=MYCGRDRAFT_35100] [db_xref=JGIDB:Mycgr3_35100] [protein=hypothetical protein] [protein_id=EGP92448.1] [location=complement(join(2254702..2254967,2255026..2255203))] [gbkey=CDS]",0.60431654676259
"lcl|CM001196.1_cds_EGP92447.1_696 [locus_tag=MYCGRDRAFT_52717] [db_xref=InterPro:IPR005336,JGIDB:Mycgr3_52717] [protein=hypothetical protein] [protein_id=EGP92447.1] [location=complement(join(2255952..2256269,2256346..2256564))] [gbkey=CDS]",0.6294117647058823
"lcl|CM001196.1_cds_EGP92446.1_697 [locus_tag=MYCGRDRAFT_107088] [db_xref=InterPro:IPR004183,JGIDB:Mycgr3_107088] [protein=hypothetical protein] [protein_id=EGP92446.1] [location=complement(join(2256822..2256857,2257005..2257125,2257741..2258337,2258387..2258793))] [gbkey=CDS]",0.4796747967479675
"lcl|CM001196.1_cds_EGP91159.1_698 [locus_tag=MYCGRDRAFT_65778] [db_xref=InterPro:IPR003140,JGIDB:Mycgr3_65778] [protein=hypothetical protein] [protein_id=EGP91159.1] [location=join(2259168..2259247,2259304..2259315,2259373..2259781,2259843..2260052)] [gbkey=CDS]",0.5570175438596491
"lcl|CM001196.1_cds_EGP92445.1_699 [locus_tag=MYCGRDRAFT_102294] [db_xref=InterPro:IPR002198,JGIDB:Mycgr3_102294] [protein=hypothetical protein] [protein_id=EGP92445.1] [location=complement(join(2260411..2260934,2260987..2261246,2261395..2261463,2261515..2261516))] [gbkey=CDS]",0.6254545454545455
"lcl|CM001196.1_cds_EGP91160.1_700 [locus_tag=MYCGRDRAFT_107090] [db_xref=InterPro:IPR008146,JGIDB:Mycgr3_107090] [protein=hypothetical protein] [protein_id=EGP91160.1] [location=join(2262487..2262919,2262972..2263986,2264037..2264067)] [gbkey=CDS]",0.4904862579281184
"lcl|CM001196.1_cds_EGP91161.1_701 [locus_tag=MYCGRDRAFT_107091] [db_xref=InterPro:IPR001388,JGIDB:Mycgr3_107091] [protein=hypothetical protein] [protein_id=EGP91161.1] [location=join(2264818..2264919,2265013..2265244,2265386..2265408)] [gbkey=CDS]",0.7545454545454545
"lcl|CM001196.1_cds_EGP92444.1_702 [locus_tag=MYCGRDRAFT_89219] [db_xref=JGIDB:Mycgr3_89219] [protein=hypothetical protein] [protein_id=EGP92444.1] [location=complement(join(2268571..2273305,2273363..2273517))] [gbkey=CDS]",0.5209024552090246
"lcl|CM001196.1_cds_EGP92443.1_703 [gene=EXG8] [locus_tag=MYCGRDRAFT_107092] [db_xref=JGIDB:Mycgr3_107092] [protein=putative Exo-beta-1,3-glucanase] [protein_id=EGP92443.1] [location=complement(join(2275379..2275404,2275465..2275967,2276054..2276121,2276182..2276328,2276407..2276570,2276660..2276786,2276921..2277049,2277132..2277149,2277230..2277273,2277328..2277439))] [gbkey=CDS]",0.585480093676815
"lcl|CM001196.1_cds_EGP92442.1_704 [locus_tag=MYCGRDRAFT_33929] [db_xref=JGIDB:Mycgr3_33929] [protein=hypothetical protein] [protein_id=EGP92442.1] [location=complement(join(2278392..2278654,2278745..2278964,2279095..2279330,2279393..2279419,2279475..2279562))] [gbkey=CDS]",0.5094339622641509
"lcl|CM001196.1_cds_EGP91162.1_705 [locus_tag=MYCGRDRAFT_65793] [db_xref=InterPro:IPR010647,JGIDB:Mycgr3_65793] [protein=hypothetical protein] [protein_id=EGP91162.1] [location=join(2279893..2279922,2279972..2280417,2280492..2281296)] [gbkey=CDS]",0.44146341463414634
"lcl|CM001196.1_cds_EGP92441.1_706 [locus_tag=MYCGRDRAFT_32716] [db_xref=JGIDB:Mycgr3_32716] [protein=hypothetical protein] [protein_id=EGP92441.1] [location=complement(join(2281519..2282160,2282203..2282805,2282857..2283339,2283598..2284266,2284342..2285085))] [gbkey=CDS]",0.4825174825174825
"lcl|CM001196.1_cds_EGP92440.1_707 [locus_tag=MYCGRDRAFT_65799] [db_xref=InterPro:IPR000760,JGIDB:Mycgr3_65799] [protein=hypothetical protein] [protein_id=EGP92440.1] [location=complement(2285419..2286489)] [gbkey=CDS]",0.5689655172413793
"lcl|CM001196.1_cds_EGP92439.1_708 [locus_tag=MYCGRDRAFT_98404] [db_xref=InterPro:IPR004882,JGIDB:Mycgr3_98404] [protein=hypothetical protein] [protein_id=EGP92439.1] [location=complement(2287949..2288860)] [gbkey=CDS]",0.48135593220338985
"lcl|CM001196.1_cds_EGP91163.1_709 [locus_tag=MYCGRDRAFT_89224] [db_xref=InterPro:IPR007245,JGIDB:Mycgr3_89224] [protein=hypothetical protein] [protein_id=EGP91163.1] [location=join(2288862..2288864,2289035..2290603)] [gbkey=CDS]",0.44047619047619047
"lcl|CM001196.1_cds_EGP91164.1_710 [locus_tag=MYCGRDRAFT_89225] [db_xref=JGIDB:Mycgr3_89225] [protein=hypothetical protein] [protein_id=EGP91164.1] [location=join(2292349..2293602,2293671..2294033)] [gbkey=CDS]",0.5510597302504817
"lcl|CM001196.1_cds_EGP91165.1_712 [locus_tag=MYCGRDRAFT_89227] [db_xref=JGIDB:Mycgr3_89227] [protein=hypothetical protein] [protein_id=EGP91165.1] [location=join(2299111..2299177,2299400..2300181)] [gbkey=CDS]",0.5037878787878788
"lcl|CM001196.1_cds_EGP92436.1_715 [locus_tag=MYCGRDRAFT_65806] [db_xref=InterPro:IPR002916,JGIDB:Mycgr3_65806] [protein=putative FRE ferric reductase-like transmembrane component] [protein_id=EGP92436.1] [location=complement(join(2308952..2310112,2310172..2310597))] [gbkey=CDS]",0.48023715415019763
"lcl|CM001196.1_cds_EGP92435.1_717 [gene=MgDCW2] [locus_tag=MYCGRDRAFT_34014] [db_xref=InterPro:IPR005198,JGIDB:Mycgr3_34014] [protein=putative mannan endo-1,6-alpha-mannosidase] [protein_id=EGP92435.1] [location=complement(join(2316139..2316268,2316320..2317089,2317146..2317249,2317299..2317626))] [gbkey=CDS]",0.46246973365617433
"lcl|CM001196.1_cds_EGP92434.1_718 [locus_tag=MYCGRDRAFT_65810] [db_xref=InterPro:IPR001369,JGIDB:Mycgr3_65810] [protein=hypothetical protein] [protein_id=EGP92434.1] [location=complement(join(2318531..2319441,2319497..2319587))] [gbkey=CDS]",0.5205047318611987
lcl|CM001196.1_cds_EGP92433.1_719 [locus_tag=MYCGRDRAFT_65814] [db_xref=JGIDB:Mycgr3_65814] [protein=hypothetical protein] [protein_id=EGP92433.1] [location=complement(2319960..2320745)] [gbkey=CDS],0.4327731092436975
"lcl|CM001196.1_cds_EGP91168.1_720 [locus_tag=MYCGRDRAFT_78410] [db_xref=InterPro:IPR006846,JGIDB:Mycgr3_78410] [protein=hypothetical protein] [protein_id=EGP91168.1] [location=join(2321074..2321133,2321208..2321339)] [gbkey=CDS]",0.7833333333333333
"lcl|CM001196.1_cds_EGP92432.1_721 [locus_tag=MYCGRDRAFT_102303] [db_xref=JGIDB:Mycgr3_102303] [protein=hypothetical protein] [protein_id=EGP92432.1] [location=complement(join(2327201..2327268,2327336..2327518,2327607..2327778,2327888..2327917))] [gbkey=CDS]",0.5238095238095238
"lcl|CM001196.1_cds_EGP92431.1_722 [gene=pp1] [locus_tag=MYCGRDRAFT_65824] [db_xref=InterPro:IPR004843,JGIDB:Mycgr3_65824] [protein=pp1, catalytic subunit of type 1 serine/threonine protein phosphatase] [protein_id=EGP92431.1] [location=complement(join(2328494..2328512,2328567..2328895,2328949..2329350,2329402..2329581))] [gbkey=CDS]",0.6521739130434783
"lcl|CM001196.1_cds_EGP92430.1_723 [locus_tag=MYCGRDRAFT_107101] [db_xref=InterPro:IPR001611,JGIDB:Mycgr3_107101] [protein=hypothetical protein] [protein_id=EGP92430.1] [location=complement(join(2331412..2333835,2333931..2333963))] [gbkey=CDS]",0.46441947565543074
"lcl|CM001196.1_cds_EGP91169.1_724 [locus_tag=MYCGRDRAFT_65829] [db_xref=InterPro:IPR006108,InterPro:IPR006176,JGIDB:Mycgr3_65829] [protein=hypothetical protein] [protein_id=EGP91169.1] [location=join(2336791..2336975,2337032..2337107,2337166..2337547,2337601..2337911)] [gbkey=CDS]",0.4364820846905538
"lcl|CM001196.1_cds_EGP91170.1_725 [locus_tag=MYCGRDRAFT_98409] [db_xref=InterPro:IPR001680,JGIDB:Mycgr3_98409] [protein=hypothetical protein] [protein_id=EGP91170.1] [location=join(2339631..2341075,2341184..2341481)] [gbkey=CDS]",0.44344703770197486
"lcl|CM001196.1_cds_EGP91171.1_726 [locus_tag=MYCGRDRAFT_65833] [db_xref=InterPro:IPR005834,JGIDB:Mycgr3_65833] [protein=hypothetical protein] [protein_id=EGP91171.1] [location=join(2342061..2342126,2342180..2342201,2342312..2342380,2342433..2342524,2342578..2343240)] [gbkey=CDS]",0.5510204081632653
"lcl|CM001196.1_cds_EGP92429.1_727 [locus_tag=MYCGRDRAFT_31282] [db_xref=InterPro:IPR005828,JGIDB:Mycgr3_31282] [protein=sugar transporter] [protein_id=EGP92429.1] [location=complement(join(2343420..2344166,2344442..2344636,2344696..2344913,2344961..2344993,2345055..2345249,2345299..2345405,2345449..2345493,2345542..2345597))] [gbkey=CDS]",0.5548902195608783
"lcl|CM001196.1_cds_EGP92428.1_728 [locus_tag=MYCGRDRAFT_89241] [db_xref=JGIDB:Mycgr3_89241] [protein=hypothetical protein] [protein_id=EGP92428.1] [location=complement(join(2346416..2346627,2346693..2346741,2346800..2347519))] [gbkey=CDS]",0.47249190938511326
"lcl|CM001196.1_cds_EGP91172.1_729 [gene=SDG2425] [locus_tag=MYCGRDRAFT_89242] [db_xref=JGIDB:Mycgr3_89242] [protein=hypothetical protein] [protein_id=EGP91172.1] [location=join(2348884..2349474,2349534..2350152,2350204..2350766)] [gbkey=CDS]",0.48500881834215165
"lcl|CM001196.1_cds_EGP92427.1_730 [gene=CYP-56] [locus_tag=MYCGRDRAFT_98411] [db_xref=InterPro:IPR001128,JGIDB:Mycgr3_98411] [protein=putative P450 monooxygenase] [protein_id=EGP92427.1] [location=complement(join(2350496..2350526,2351174..2352684))] [gbkey=CDS]",0.5667351129363449
"lcl|CM001196.1_cds_EGP91173.1_731 [locus_tag=MYCGRDRAFT_107106] [db_xref=JGIDB:Mycgr3_107106] [protein=hypothetical protein] [protein_id=EGP91173.1] [location=join(2354250..2354332,2354395..2354641,2354694..2356646)] [gbkey=CDS]",0.5034106412005457
"lcl|CM001196.1_cds_EGP92426.1_732 [locus_tag=MYCGRDRAFT_102306] [db_xref=InterPro:IPR005656,JGIDB:Mycgr3_102306] [protein=hypothetical protein] [protein_id=EGP92426.1] [location=complement(join(2357059..2358447,2358524..2358796))] [gbkey=CDS]",0.7514231499051234
"lcl|CM001196.1_cds_EGP91174.1_733 [locus_tag=MYCGRDRAFT_35188] [db_xref=InterPro:IPR001991,JGIDB:Mycgr3_35188] [protein=putative Sodium/dicarboxylate symporter] [protein_id=EGP91174.1] [location=join(2359774..2360092,2360145..2360693,2360751..2360992,2361044..2361448)] [gbkey=CDS]",0.5229166666666667
"lcl|CM001196.1_cds_EGP91175.1_734 [locus_tag=MYCGRDRAFT_65843] [db_xref=InterPro:IPR000626,InterPro:IPR001394,JGIDB:Mycgr3_65843] [protein=hypothetical protein] [protein_id=EGP91175.1] [location=2361770..2363542] [gbkey=CDS]",0.5989492119089317
"lcl|CM001196.1_cds_EGP91176.1_735 [locus_tag=MYCGRDRAFT_32913] [db_xref=InterPro:IPR010357,JGIDB:Mycgr3_32913] [protein=hypothetical protein] [protein_id=EGP91176.1] [location=join(2366583..2366797,2366855..2367026)] [gbkey=CDS]",0.4065040650406504
"lcl|CM001196.1_cds_EGP92425.1_736 [locus_tag=MYCGRDRAFT_52792] [db_xref=InterPro:IPR005373,JGIDB:Mycgr3_52792] [protein=hypothetical protein] [protein_id=EGP92425.1] [location=complement(join(2367198..2368609,2368672..2368723))] [gbkey=CDS]",0.44820295983086683
"lcl|CM001196.1_cds_EGP91177.1_737 [locus_tag=MYCGRDRAFT_65848] [db_xref=InterPro:IPR001752,JGIDB:Mycgr3_65848] [protein=hypothetical protein] [protein_id=EGP91177.1] [location=2369307..2372837] [gbkey=CDS]",0.46649260226283723
"lcl|CM001196.1_cds_EGP91178.1_738 [gene=ERG9] [locus_tag=MYCGRDRAFT_65850] [db_xref=InterPro:IPR002060,JGIDB:Mycgr3_65850] [protein=ERG9, squalene synthase] [protein_id=EGP91178.1] [location=join(2373297..2374598,2374649..2374819)] [gbkey=CDS]",0.563169164882227
"lcl|CM001196.1_cds_EGP91179.1_740 [locus_tag=MYCGRDRAFT_65854] [db_xref=InterPro:IPR001763,JGIDB:Mycgr3_65854] [protein=hypothetical protein] [protein_id=EGP91179.1] [location=join(2378183..2378397,2378456..2379266)] [gbkey=CDS]",0.48338368580060426
"lcl|CM001196.1_cds_EGP92423.1_741 [locus_tag=MYCGRDRAFT_98417] [db_xref=InterPro:IPR004839,JGIDB:Mycgr3_98417] [protein=hypothetical protein] [protein_id=EGP92423.1] [location=complement(2380802..2382007)] [gbkey=CDS]",0.48711340206185566
"lcl|CM001196.1_cds_EGP91180.1_742 [locus_tag=MYCGRDRAFT_65859] [db_xref=InterPro:IPR003439,JGIDB:Mycgr3_65859] [protein=putative ABC transporter] [protein_id=EGP91180.1] [location=join(2383322..2386396,2386452..2386688)] [gbkey=CDS]",0.5572232645403377
"lcl|CM001196.1_cds_EGP91181.1_744 [locus_tag=MYCGRDRAFT_65863] [db_xref=InterPro:IPR004327,JGIDB:Mycgr3_65863] [protein=hypothetical protein] [protein_id=EGP91181.1] [location=2391243..2392508] [gbkey=CDS]",0.5198019801980198
"lcl|CM001196.1_cds_EGP92421.1_745 [locus_tag=MYCGRDRAFT_83678] [db_xref=InterPro:IPR007751,JGIDB:Mycgr3_83678] [protein=hypothetical protein] [protein_id=EGP92421.1] [location=complement(join(2392822..2394103,2394163..2394200))] [gbkey=CDS]",0.5270588235294118
"lcl|CM001196.1_cds_EGP91182.1_746 [locus_tag=MYCGRDRAFT_89257] [db_xref=JGIDB:Mycgr3_89257] [protein=hypothetical protein] [protein_id=EGP91182.1] [location=join(2398669..2398909,2399274..2399321,2399476..2399493,2399726..2399824,2400096..2400886)] [gbkey=CDS]",0.5194805194805194
"lcl|CM001196.1_cds_EGP91183.1_747 [locus_tag=MYCGRDRAFT_34630] [db_xref=InterPro:IPR006055,JGIDB:Mycgr3_34630] [protein=hypothetical protein] [protein_id=EGP91183.1] [location=2401678..2403765] [gbkey=CDS]",0.4696296296296296
lcl|CM001196.1_cds_EGP91184.1_748 [locus_tag=MYCGRDRAFT_107116] [db_xref=JGIDB:Mycgr3_107116] [protein=hypothetical protein] [protein_id=EGP91184.1] [location=2404304..2405491] [gbkey=CDS],0.5115681233933161
lcl|CM001196.1_cds_EGP92420.1_749 [locus_tag=MYCGRDRAFT_65866] [db_xref=JGIDB:Mycgr3_65866] [protein=hypothetical protein] [protein_id=EGP92420.1] [location=complement(2406406..2407170)] [gbkey=CDS],0.44214876033057854
"lcl|CM001196.1_cds_EGP92419.1_750 [locus_tag=MYCGRDRAFT_98421] [db_xref=JGIDB:Mycgr3_98421] [protein=hypothetical protein] [protein_id=EGP92419.1] [location=complement(join(2407486..2409018,2409075..2409128))] [gbkey=CDS]",0.502868068833652
"lcl|CM001196.1_cds_EGP92418.1_751 [gene=TKL1] [locus_tag=MYCGRDRAFT_102318] [db_xref=InterPro:IPR005474,InterPro:IPR005475,InterPro:IPR005476,JGIDB:Mycgr3_102318] [protein=hypothetical protein] [protein_id=EGP92418.1] [location=complement(join(2409464..2409580,2409635..2410998,2411052..2411543,2411662..2411692,2411843..2411896))] [gbkey=CDS]",0.7314112291350531
lcl|CM001196.1_cds_EGP92417.1_752 [locus_tag=MYCGRDRAFT_89261] [db_xref=JGIDB:Mycgr3_89261] [protein=hypothetical protein] [protein_id=EGP92417.1] [location=complement(2412530..2414701)] [gbkey=CDS],0.4084507042253521
"lcl|CM001196.1_cds_EGP92416.1_753 [locus_tag=MYCGRDRAFT_33196] [db_xref=InterPro:IPR006767,InterPro:IPR006768,JGIDB:Mycgr3_33196] [protein=hypothetical protein] [protein_id=EGP92416.1] [location=complement(join(2415221..2417005,2417114..2417395))] [gbkey=CDS]",0.5235920852359208
"lcl|CM001196.1_cds_EGP91185.1_754 [locus_tag=MYCGRDRAFT_98423] [db_xref=InterPro:IPR004130,JGIDB:Mycgr3_98423] [protein=hypothetical protein] [protein_id=EGP91185.1] [location=join(2417689..2417780,2417834..2417897,2417954..2418051,2418141..2418810,2418895..2419068)] [gbkey=CDS]",0.5028735632183908
"lcl|CM001196.1_cds_EGP91186.1_755 [locus_tag=MYCGRDRAFT_65875] [db_xref=JGIDB:Mycgr3_65875] [protein=hypothetical protein] [protein_id=EGP91186.1] [location=join(2419862..2420120,2420171..2420799)] [gbkey=CDS]",0.545774647887324
"lcl|CM001196.1_cds_EGP92415.1_756 [locus_tag=MYCGRDRAFT_65878] [db_xref=InterPro:IPR000555,JGIDB:Mycgr3_65878] [protein=hypothetical protein] [protein_id=EGP92415.1] [location=complement(join(2421428..2422010,2422067..2422605))] [gbkey=CDS]",0.5730027548209367
"lcl|CM001196.1_cds_EGP91187.1_757 [locus_tag=MYCGRDRAFT_33235] [db_xref=InterPro:IPR004045,JGIDB:Mycgr3_33235] [protein=hypothetical protein] [protein_id=EGP91187.1] [location=join(2423300..2423567,2423668..2424224)] [gbkey=CDS]",0.4828897338403042
"lcl|CM001196.1_cds_EGP91188.1_758 [locus_tag=MYCGRDRAFT_89267] [db_xref=InterPro:IPR007087,JGIDB:Mycgr3_89267] [protein=zinc finger protein] [protein_id=EGP91188.1] [location=2429515..2430495] [gbkey=CDS]",0.4967948717948718
lcl|CM001196.1_cds_EGP91189.1_759 [locus_tag=MYCGRDRAFT_102326] [db_xref=JGIDB:Mycgr3_102326] [protein=hypothetical protein] [protein_id=EGP91189.1] [location=2430515..2430736] [gbkey=CDS],0.4225352112676056
"lcl|CM001196.1_cds_EGP92414.1_760 [gene=CYP-64] [locus_tag=MYCGRDRAFT_65881] [db_xref=InterPro:IPR001128,JGIDB:Mycgr3_65881] [protein=putative P450 monooxygenase] [protein_id=EGP92414.1] [location=complement(join(2432302..2432468,2432530..2433085,2433132..2433237,2433285..2433375,2433431..2433461,2433513..2433995,2434055..2434117))] [gbkey=CDS]",0.48625792811839325
"lcl|CM001196.1_cds_EGP91190.1_761 [gene=GGS2] [locus_tag=MYCGRDRAFT_34236] [db_xref=InterPro:IPR000092,JGIDB:Mycgr3_34236] [protein=geranylgeranyl diphosphate synthase 2] [protein_id=EGP91190.1] [location=2434609..2435607] [gbkey=CDS]",0.45962732919254656
"lcl|CM001196.1_cds_EGP92413.1_763 [locus_tag=MYCGRDRAFT_89270] [db_xref=JGIDB:Mycgr3_89270] [protein=hypothetical protein] [protein_id=EGP92413.1] [location=complement(join(2451189..2451250,2451303..2451645))] [gbkey=CDS]",0.5118110236220472
"lcl|CM001196.1_cds_EGP92412.1_764 [gene=CYP-58] [locus_tag=MYCGRDRAFT_34461] [db_xref=InterPro:IPR001128,JGIDB:Mycgr3_34461] [protein=putative P450 monooxygenase] [protein_id=EGP92412.1] [location=complement(join(2452412..2453722,2453776..2454027))] [gbkey=CDS]",0.4550898203592814
"lcl|CM001196.1_cds_EGP91192.1_765 [locus_tag=MYCGRDRAFT_65882] [db_xref=InterPro:IPR001906,JGIDB:Mycgr3_65882] [protein=diterpene cyclase-like protein] [protein_id=EGP91192.1] [location=join(2454386..2454541,2454598..2455393,2455455..2455459,2455512..2455796,2455853..2456105,2456175..2456760,2456844..2457097,2457156..2457682)] [gbkey=CDS]",0.44432194046306506
lcl|CM001196.1_cds_EGP92411.1_766 [locus_tag=MYCGRDRAFT_98428] [db_xref=JGIDB:Mycgr3_98428] [protein=hypothetical protein] [protein_id=EGP92411.1] [location=complement(2458990..2459265)] [gbkey=CDS],0.47191011235955055
"lcl|CM001196.1_cds_EGP91193.1_767 [locus_tag=MYCGRDRAFT_65888] [db_xref=InterPro:IPR010326,JGIDB:Mycgr3_65888] [protein=hypothetical protein] [protein_id=EGP91193.1] [location=join(2459544..2460055,2460092..2461847)] [gbkey=CDS]",0.5425383542538355
"lcl|CM001196.1_cds_EGP92410.1_768 [locus_tag=MYCGRDRAFT_65891] [db_xref=InterPro:IPR001138,InterPro:IPR007219,JGIDB:Mycgr3_65891] [protein=hypothetical protein] [protein_id=EGP92410.1] [location=complement(join(2462047..2462466,2462519..2462765,2462890..2464298))] [gbkey=CDS]",0.43536404160475484
lcl|CM001196.1_cds_EGP92408.1_771 [locus_tag=MYCGRDRAFT_89276] [db_xref=JGIDB:Mycgr3_89276] [protein=hypothetical protein] [protein_id=EGP92408.1] [location=complement(2469175..2469678)] [gbkey=CDS],0.4161490683229814
"lcl|CM001196.1_cds_EGP91195.1_772 [locus_tag=MYCGRDRAFT_83691] [db_xref=JGIDB:Mycgr3_83691] [protein=hypothetical protein] [protein_id=EGP91195.1] [location=join(2470413..2470444,2470500..2470750,2470828..2471300,2471367..2471707,2471773..2472508)] [gbkey=CDS]",0.4702886247877759
"lcl|CM001196.1_cds_EGP92407.1_773 [locus_tag=MYCGRDRAFT_89277] [db_xref=InterPro:IPR004601,JGIDB:Mycgr3_89277] [protein=hypothetical protein] [protein_id=EGP92407.1] [location=complement(2472603..2474882)] [gbkey=CDS]",0.47748976807639837
"lcl|CM001196.1_cds_EGP92406.1_774 [locus_tag=MYCGRDRAFT_107126] [db_xref=InterPro:IPR007087,JGIDB:Mycgr3_107126] [protein=hypothetical protein] [protein_id=EGP92406.1] [location=complement(join(2475483..2475625,2475802..2477152))] [gbkey=CDS]",0.5316455696202531
"lcl|CM001196.1_cds_EGP91196.1_775 [locus_tag=MYCGRDRAFT_89280] [db_xref=JGIDB:Mycgr3_89280] [protein=hypothetical protein] [protein_id=EGP91196.1] [location=join(2480623..2480689,2480748..2480859,2480920..2481166)] [gbkey=CDS]",0.5797101449275363
"lcl|CM001196.1_cds_EGP91197.1_776 [locus_tag=MYCGRDRAFT_78442] [db_xref=JGIDB:Mycgr3_78442] [protein=hypothetical protein] [protein_id=EGP91197.1] [location=join(2481718..2481822,2481885..2481929,2482045..2482137)] [gbkey=CDS]",0.7123287671232876
"lcl|CM001196.1_cds_EGP91198.1_777 [locus_tag=MYCGRDRAFT_31514] [db_xref=InterPro:IPR001395,JGIDB:Mycgr3_31514] [protein=hypothetical protein] [protein_id=EGP91198.1] [location=join(2482833..2482929,2482986..2483212,2483303..2483621,2483674..2484029)] [gbkey=CDS]",0.60625
lcl|CM001196.1_cds_EGP92405.1_778 [locus_tag=MYCGRDRAFT_31653] [db_xref=JGIDB:Mycgr3_31653] [protein=hypothetical protein] [protein_id=EGP92405.1] [location=complement(2484357..2484602)] [gbkey=CDS],0.569620253164557
lcl|CM001196.1_cds_EGP91199.1_779 [locus_tag=MYCGRDRAFT_65910] [db_xref=JGIDB:Mycgr3_65910] [protein=hypothetical protein] [protein_id=EGP91199.1] [location=2484860..2485726] [gbkey=CDS],0.5370370370370371
"lcl|CM001196.1_cds_EGP92404.1_780 [gene=SSN3] [locus_tag=MYCGRDRAFT_65914] [db_xref=InterPro:IPR000719,JGIDB:Mycgr3_65914] [protein=serine/threonine protein kinase, CMGC family, CDC2/CDK subfamily] [protein_id=EGP92404.1] [location=complement(2486152..2487411)] [gbkey=CDS]",0.5693069306930693
"lcl|CM001196.1_cds_EGP91200.1_781 [locus_tag=MYCGRDRAFT_65916] [db_xref=InterPro:IPR005828,JGIDB:Mycgr3_65916] [protein=hypothetical protein] [protein_id=EGP91200.1] [location=2488418..2489869] [gbkey=CDS]",0.5745140388768899
"lcl|CM001196.1_cds_EGP92403.1_782 [gene=GEL1] [locus_tag=MYCGRDRAFT_102341] [db_xref=InterPro:IPR004886,JGIDB:Mycgr3_102341] [protein=beta-glucanosyltransferase] [protein_id=EGP92403.1] [location=complement(join(2492723..2493305,2493362..2494022,2494081..2494216))] [gbkey=CDS]",0.6681715575620768
lcl|CM001196.1_cds_EGP92402.1_783 [locus_tag=MYCGRDRAFT_102345] [db_xref=JGIDB:Mycgr3_102345] [protein=hypothetical protein] [protein_id=EGP92402.1] [location=complement(2495663..2496604)] [gbkey=CDS],0.4735099337748344
lcl|CM001196.1_cds_EGP92401.1_784 [locus_tag=MYCGRDRAFT_78463] [db_xref=JGIDB:Mycgr3_78463] [protein=hypothetical protein] [protein_id=EGP92401.1] [location=complement(2500398..2500553)] [gbkey=CDS],0.3469387755102041
"lcl|CM001196.1_cds_EGP91201.1_785 [locus_tag=MYCGRDRAFT_107133] [db_xref=InterPro:IPR000873,JGIDB:Mycgr3_107133] [protein=hypothetical protein] [protein_id=EGP91201.1] [location=join(2501823..2501881,2501953..2502859,2502915..2502987,2503065..2503366,2503420..2503662,2503726..2503821)] [gbkey=CDS]",0.550561797752809
"lcl|CM001196.1_cds_EGP92400.1_786 [locus_tag=MYCGRDRAFT_65923] [db_xref=InterPro:IPR001650,InterPro:IPR011545,JGIDB:Mycgr3_65923] [protein=hypothetical protein] [protein_id=EGP92400.1] [location=complement(join(2504222..2505410,2505463..2505830))] [gbkey=CDS]",0.641851106639839
lcl|CM001196.1_cds_EGP91203.1_788 [locus_tag=MYCGRDRAFT_107136] [db_xref=JGIDB:Mycgr3_107136] [protein=hypothetical protein] [protein_id=EGP91203.1] [location=2510553..2512205] [gbkey=CDS],0.5965909090909091
"lcl|CM001196.1_cds_EGP92399.1_789 [gene=MgGpa1] [locus_tag=MYCGRDRAFT_52873] [db_xref=InterPro:IPR001019,JGIDB:Mycgr3_52873] [protein=G-protein alpha subunit] [protein_id=EGP92399.1] [location=complement(join(2515109..2515244,2515304..2516229))] [gbkey=CDS]",0.5459940652818991
"lcl|CM001196.1_cds_EGP92398.1_790 [locus_tag=MYCGRDRAFT_107138] [db_xref=InterPro:IPR001781,JGIDB:Mycgr3_107138] [protein=hypothetical protein] [protein_id=EGP92398.1] [location=complement(2519230..2521572)] [gbkey=CDS]",0.41611624834874505
lcl|CM001196.1_cds_EGP92397.1_791 [locus_tag=MYCGRDRAFT_102358] [db_xref=JGIDB:Mycgr3_102358] [protein=hypothetical protein] [protein_id=EGP92397.1] [location=complement(2523376..2523573)] [gbkey=CDS],0.47619047619047616
"lcl|CM001196.1_cds_EGP92396.1_792 [locus_tag=MYCGRDRAFT_83707] [db_xref=JGIDB:Mycgr3_83707] [protein=hypothetical protein] [protein_id=EGP92396.1] [location=complement(join(2525904..2526536,2526592..2526646,2526725..2526812,2526862..2527119,2527173..2527245,2527300..2527644))] [gbkey=CDS]",0.5488069414316703
lcl|CM001196.1_cds_EGP92394.1_794 [locus_tag=MYCGRDRAFT_102360] [db_xref=JGIDB:Mycgr3_102360] [protein=hypothetical protein] [protein_id=EGP92394.1] [location=complement(2529285..2529863)] [gbkey=CDS],0.37433155080213903
"lcl|CM001196.1_cds_EGP91204.1_795 [locus_tag=MYCGRDRAFT_102365] [db_xref=InterPro:IPR005484,JGIDB:Mycgr3_102365] [protein=hypothetical protein] [protein_id=EGP91204.1] [location=join(2532892..2532906,2532959..2532984,2533038..2533899)] [gbkey=CDS]",0.8203389830508474
"lcl|CM001196.1_cds_EGP92393.1_796 [locus_tag=MYCGRDRAFT_65937] [db_xref=JGIDB:Mycgr3_65937] [protein=hypothetical protein] [protein_id=EGP92393.1] [location=complement(join(2534435..2535577,2535631..2537751))] [gbkey=CDS]",0.4691358024691358
lcl|CM001196.1_cds_EGP91205.1_797 [locus_tag=MYCGRDRAFT_102369] [db_xref=JGIDB:Mycgr3_102369] [protein=hypothetical protein] [protein_id=EGP91205.1] [location=2539226..2539456] [gbkey=CDS],0.42857142857142855
"lcl|CM001196.1_cds_EGP91206.1_798 [locus_tag=MYCGRDRAFT_52885] [db_xref=InterPro:IPR000898,JGIDB:Mycgr3_52885] [protein=hypothetical protein] [protein_id=EGP91206.1] [location=2541021..2542466] [gbkey=CDS]",0.5553145336225597
"lcl|CM001196.1_cds_EGP91207.1_799 [locus_tag=MYCGRDRAFT_65942] [db_xref=InterPro:IPR001092,JGIDB:Mycgr3_65942] [protein=hypothetical protein] [protein_id=EGP91207.1] [location=join(2543548..2543757,2543800..2546034)] [gbkey=CDS]",0.4782608695652174
"lcl|CM001196.1_cds_EGP91208.1_800 [locus_tag=MYCGRDRAFT_33998] [db_xref=InterPro:IPR010482,JGIDB:Mycgr3_33998] [protein=hypothetical protein] [protein_id=EGP91208.1] [location=2546351..2547874] [gbkey=CDS]",0.4435146443514644
"lcl|CM001196.1_cds_EGP91209.1_801 [locus_tag=MYCGRDRAFT_65946] [db_xref=InterPro:IPR004841,JGIDB:Mycgr3_65946] [protein=hypothetical protein] [protein_id=EGP91209.1] [location=join(2549489..2549612,2549675..2549734,2549798..2550193,2550248..2550920,2550974..2551397)] [gbkey=CDS]",0.5887850467289719
"lcl|CM001196.1_cds_EGP92392.1_802 [gene=MgSwi4] [locus_tag=MYCGRDRAFT_65949] [db_xref=InterPro:IPR002110,InterPro:IPR003163,JGIDB:Mycgr3_65949] [protein=apses transcription factor] [protein_id=EGP92392.1] [location=complement(join(2551751..2552472,2552533..2553736,2553796..2553882,2553960..2553995))] [gbkey=CDS]",0.5196969696969697
"lcl|CM001196.1_cds_EGP91210.1_803 [locus_tag=MYCGRDRAFT_65952] [db_xref=InterPro:IPR000991,InterPro:IPR001240,InterPro:IPR001468,JGIDB:Mycgr3_65952] [protein=hypothetical protein] [protein_id=EGP91210.1] [location=2554275..2556581] [gbkey=CDS]",0.45927903871829107
"lcl|CM001196.1_cds_EGP91211.1_804 [locus_tag=MYCGRDRAFT_89301] [db_xref=JGIDB:Mycgr3_89301] [protein=hypothetical protein] [protein_id=EGP91211.1] [location=join(2557165..2557780,2557835..2557935,2558008..2559081)] [gbkey=CDS]",0.568695652173913
lcl|CM001196.1_cds_EGP92391.1_805 [locus_tag=MYCGRDRAFT_34886] [db_xref=JGIDB:Mycgr3_34886] [protein=hypothetical protein] [protein_id=EGP92391.1] [location=complement(2559396..2560166)] [gbkey=CDS],0.45228215767634855
"lcl|CM001196.1_cds_EGP92390.1_806 [locus_tag=MYCGRDRAFT_78485] [db_xref=InterPro:IPR009846,JGIDB:Mycgr3_78485] [protein=hypothetical protein] [protein_id=EGP92390.1] [location=complement(join(2560950..2561201,2561251..2561253))] [gbkey=CDS]",0.5866666666666667
"lcl|CM001196.1_cds_EGP92389.1_810 [locus_tag=MYCGRDRAFT_89305] [db_xref=InterPro:IPR008831,JGIDB:Mycgr3_89305] [protein=hypothetical protein] [protein_id=EGP92389.1] [location=complement(join(2568426..2568555,2568612..2568745,2568988..2569083))] [gbkey=CDS]",0.5517241379310345
"lcl|CM001196.1_cds_EGP91215.1_811 [locus_tag=MYCGRDRAFT_107149] [db_xref=JGIDB:Mycgr3_107149] [protein=hypothetical protein] [protein_id=EGP91215.1] [location=join(2570279..2570309,2570427..2570680,2570878..2570914,2570974..2571378,2571433..2572298)] [gbkey=CDS]",0.5184466019417475
"lcl|CM001196.1_cds_EGP92388.1_812 [locus_tag=MYCGRDRAFT_33562] [db_xref=InterPro:IPR001222,JGIDB:Mycgr3_33562] [protein=hypothetical protein] [protein_id=EGP92388.1] [location=complement(join(2572921..2573051,2573175..2573475))] [gbkey=CDS]",0.5620437956204379
"lcl|CM001196.1_cds_EGP91216.1_813 [locus_tag=MYCGRDRAFT_65960] [db_xref=InterPro:IPR002110,JGIDB:Mycgr3_65960] [protein=hypothetical protein] [protein_id=EGP91216.1] [location=join(2573969..2574342,2574393..2574561)] [gbkey=CDS]",0.48044692737430167
lcl|CM001196.1_cds_EGP91217.1_815 [locus_tag=MYCGRDRAFT_102377] [db_xref=JGIDB:Mycgr3_102377] [protein=hypothetical protein] [protein_id=EGP91217.1] [location=2576634..2577152] [gbkey=CDS],0.42771084337349397
"lcl|CM001196.1_cds_EGP92386.1_816 [locus_tag=MYCGRDRAFT_107151] [db_xref=InterPro:IPR011022,JGIDB:Mycgr3_107151] [protein=hypothetical protein] [protein_id=EGP92386.1] [location=complement(2578780..2581266)] [gbkey=CDS]",0.44609665427509293
"lcl|CM001196.1_cds_EGP91218.1_817 [locus_tag=MYCGRDRAFT_107152] [db_xref=JGIDB:Mycgr3_107152] [protein=hypothetical protein] [protein_id=EGP91218.1] [location=join(2582624..2582794,2582897..2583113,2583170..2583763,2583826..2584075,2584131..2584176)] [gbkey=CDS]",0.44390243902439025
"lcl|CM001196.1_cds_EGP91219.1_818 [locus_tag=MYCGRDRAFT_102381] [db_xref=JGIDB:Mycgr3_102381] [protein=hypothetical protein] [protein_id=EGP91219.1] [location=join(2584748..2584771,2584855..2584873,2584971..2585135,2585242..2585289,2585349..2585472,2585527..2586208)] [gbkey=CDS]",0.6428571428571429
"lcl|CM001196.1_cds_EGP91220.1_819 [locus_tag=MYCGRDRAFT_65963] [db_xref=JGIDB:Mycgr3_65963] [protein=hypothetical protein] [protein_id=EGP91220.1] [location=join(2587928..2587967,2588018..2589219)] [gbkey=CDS]",0.579746835443038
"lcl|CM001196.1_cds_EGP92385.1_820 [locus_tag=MYCGRDRAFT_65966] [db_xref=InterPro:IPR001715,InterPro:IPR004953,JGIDB:Mycgr3_65966] [protein=hypothetical protein] [protein_id=EGP92385.1] [location=complement(join(2589694..2589756,2589815..2590406,2590467..2590538,2590630..2590643))] [gbkey=CDS]",0.542016806722689
"lcl|CM001196.1_cds_EGP92384.1_821 [locus_tag=MYCGRDRAFT_107156] [db_xref=InterPro:IPR000504,JGIDB:Mycgr3_107156] [protein=hypothetical protein] [protein_id=EGP92384.1] [location=complement(join(2590990..2591011,2591181..2591418,2592345..2593074))] [gbkey=CDS]",0.5493827160493827
"lcl|CM001196.1_cds_EGP91221.1_822 [locus_tag=MYCGRDRAFT_65974] [db_xref=InterPro:IPR000727,InterPro:IPR001683,JGIDB:Mycgr3_65974] [protein=hypothetical protein] [protein_id=EGP91221.1] [location=2593375..2594490] [gbkey=CDS]",0.46089385474860334
"lcl|CM001196.1_cds_EGP92383.1_823 [locus_tag=MYCGRDRAFT_98456] [db_xref=InterPro:IPR006876,JGIDB:Mycgr3_98456] [protein=hypothetical protein] [protein_id=EGP92383.1] [location=complement(join(2594671..2594958,2595037..2596767))] [gbkey=CDS]",0.45085803432137284
"lcl|CM001196.1_cds_EGP91222.1_824 [locus_tag=MYCGRDRAFT_65978] [db_xref=InterPro:IPR002085,JGIDB:Mycgr3_65978] [protein=hypothetical protein] [protein_id=EGP91222.1] [location=join(2597083..2597227,2597280..2597414,2597544..2598325)] [gbkey=CDS]",0.49117647058823527
lcl|CM001196.1_cds_EGP91223.1_825 [locus_tag=MYCGRDRAFT_33473] [db_xref=JGIDB:Mycgr3_33473] [protein=hypothetical protein] [protein_id=EGP91223.1] [location=2598561..2599568] [gbkey=CDS],0.47770700636942676
"lcl|CM001196.1_cds_EGP92382.1_827 [locus_tag=MYCGRDRAFT_89321] [db_xref=JGIDB:Mycgr3_89321] [protein=hypothetical protein] [protein_id=EGP92382.1] [location=complement(join(2603704..2604068,2604126..2604360))] [gbkey=CDS]",0.5958549222797928
"lcl|CM001196.1_cds_EGP92381.1_828 [locus_tag=MYCGRDRAFT_89322] [db_xref=JGIDB:Mycgr3_89322] [protein=hypothetical protein] [protein_id=EGP92381.1] [location=complement(join(2604754..2605190,2605358..2605451,2605505..2605585))] [gbkey=CDS]",0.5897435897435898
"lcl|CM001196.1_cds_EGP92380.1_829 [locus_tag=MYCGRDRAFT_34265] [db_xref=JGIDB:Mycgr3_34265] [protein=hypothetical protein] [protein_id=EGP92380.1] [location=complement(join(2606626..2607757,2607810..2607969,2608032..2608809,2608852..2609637))] [gbkey=CDS]",0.46630434782608693
"lcl|CM001196.1_cds_EGP92379.1_830 [gene=CIT3] [locus_tag=MYCGRDRAFT_107161] [db_xref=InterPro:IPR002020,JGIDB:Mycgr3_107161] [protein=citrate synthase] [protein_id=EGP92379.1] [location=complement(join(2609922..2611289,2611355..2611402))] [gbkey=CDS]",0.7180616740088106
"lcl|CM001196.1_cds_EGP91225.1_831 [locus_tag=MYCGRDRAFT_83726] [db_xref=InterPro:IPR000918,JGIDB:Mycgr3_83726] [protein=hypothetical protein] [protein_id=EGP91225.1] [location=join(2611979..2612282,2612339..2613717)] [gbkey=CDS]",0.5260223048327137
lcl|CM001196.1_cds_EGP92378.1_832 [locus_tag=MYCGRDRAFT_89326] [db_xref=JGIDB:Mycgr3_89326] [protein=hypothetical protein] [protein_id=EGP92378.1] [location=complement(2613898..2615550)] [gbkey=CDS],0.4766355140186916
lcl|CM001196.1_cds_EGP92377.1_833 [locus_tag=MYCGRDRAFT_89327] [db_xref=JGIDB:Mycgr3_89327] [protein=hypothetical protein] [protein_id=EGP92377.1] [location=complement(2616400..2617962)] [gbkey=CDS],0.4408817635270541
"lcl|CM001196.1_cds_EGP91226.1_834 [locus_tag=MYCGRDRAFT_102384] [db_xref=InterPro:IPR001040,JGIDB:Mycgr3_102384] [protein=hypothetical protein] [protein_id=EGP91226.1] [location=join(2618305..2618598,2618670..2619134)] [gbkey=CDS]",0.6974789915966386
lcl|CM001196.1_cds_EGP91228.1_836 [locus_tag=MYCGRDRAFT_102388] [db_xref=JGIDB:Mycgr3_102388] [protein=hypothetical protein] [protein_id=EGP91228.1] [location=2621262..2621909] [gbkey=CDS],0.45933014354066987
lcl|CM001196.1_cds_EGP91229.1_837 [locus_tag=MYCGRDRAFT_107165] [db_xref=JGIDB:Mycgr3_107165] [protein=hypothetical protein] [protein_id=EGP91229.1] [location=2622791..2623942] [gbkey=CDS],0.4368421052631579
"lcl|CM001196.1_cds_EGP91230.1_838 [locus_tag=MYCGRDRAFT_34411] [db_xref=InterPro:IPR001395,JGIDB:Mycgr3_34411] [protein=hypothetical protein] [protein_id=EGP91230.1] [location=2624637..2625572] [gbkey=CDS]",0.5049833887043189
"lcl|CM001196.1_cds_EGP91231.1_839 [locus_tag=MYCGRDRAFT_65995] [db_xref=JGIDB:Mycgr3_65995] [protein=hypothetical protein] [protein_id=EGP91231.1] [location=join(2627136..2627297,2627354..2627521,2627574..2628478,2628667..2628907)] [gbkey=CDS]",0.4543524416135881
"lcl|CM001196.1_cds_EGP91232.1_840 [locus_tag=MYCGRDRAFT_65997] [db_xref=InterPro:IPR001993,JGIDB:Mycgr3_65997] [protein=hypothetical protein] [protein_id=EGP91232.1] [location=join(2629473..2629479,2629554..2629575,2629754..2629788,2629918..2629994,2630105..2630350,2630407..2630790,2630846..2631019)] [gbkey=CDS]",0.8243243243243243
lcl|CM001196.1_cds_EGP92376.1_841 [locus_tag=MYCGRDRAFT_107168] [db_xref=JGIDB:Mycgr3_107168] [protein=hypothetical protein] [protein_id=EGP92376.1] [location=complement(2631422..2632135)] [gbkey=CDS],0.37554585152838427
"lcl|CM001196.1_cds_EGP91233.1_842 [locus_tag=MYCGRDRAFT_107169] [db_xref=JGIDB:Mycgr3_107169] [protein=hypothetical protein] [protein_id=EGP91233.1] [location=join(2632705..2633187,2633264..2634224,2634287..2634747)] [gbkey=CDS]",0.4852459016393443
"lcl|CM001196.1_cds_EGP92375.1_843 [locus_tag=MYCGRDRAFT_66000] [db_xref=InterPro:IPR002937,JGIDB:Mycgr3_66000] [protein=hypothetical protein] [protein_id=EGP92375.1] [location=complement(join(2634845..2634905,2634963..2635465,2635554..2635856,2635905..2636322,2636385..2636453,2636512..2636521,2636587..2636761))] [gbkey=CDS]",0.4868686868686869
"lcl|CM001196.1_cds_EGP91234.1_844 [locus_tag=MYCGRDRAFT_66002] [db_xref=JGIDB:Mycgr3_66002] [protein=hypothetical protein] [protein_id=EGP91234.1] [location=join(2639982..2640055,2640109..2641102)] [gbkey=CDS]",0.5178571428571429
"lcl|CM001196.1_cds_EGP92374.1_845 [locus_tag=MYCGRDRAFT_66006] [db_xref=JGIDB:Mycgr3_66006] [protein=hypothetical protein] [protein_id=EGP92374.1] [location=complement(join(2641197..2641750,2641810..2642479))] [gbkey=CDS]",0.5102040816326531
"lcl|CM001196.1_cds_EGP91235.1_846 [locus_tag=MYCGRDRAFT_98465] [db_xref=InterPro:IPR002848,JGIDB:Mycgr3_98465] [protein=hypothetical protein] [protein_id=EGP91235.1] [location=join(2643312..2643404,2643469..2643505,2643563..2643616,2643669..2643802,2643860..2643953,2644004..2644092,2644141..2644353)] [gbkey=CDS]",0.5627705627705628
"lcl|CM001196.1_cds_EGP91236.1_847 [locus_tag=MYCGRDRAFT_107174] [db_xref=InterPro:IPR000198,JGIDB:Mycgr3_107174] [protein=hypothetical protein] [protein_id=EGP91236.1] [location=join(2646076..2646226,2646360..2646512,2646570..2648986)] [gbkey=CDS]",0.4650112866817156
"lcl|CM001196.1_cds_EGP91237.1_848 [locus_tag=MYCGRDRAFT_107175] [db_xref=JGIDB:Mycgr3_107175] [protein=Ca2+-modulated nonselective cation channel polycystin] [protein_id=EGP91237.1] [location=join(2649639..2649738,2649910..2650021,2650452..2650562,2650666..2651048,2651109..2651189,2651298..2651482,2651538..2651700,2651758..2652058,2652109..2652139)] [gbkey=CDS]",0.39705882352941174
"lcl|CM001196.1_cds_EGP92373.1_849 [locus_tag=MYCGRDRAFT_89342] [db_xref=InterPro:IPR009580,JGIDB:Mycgr3_89342] [protein=hypothetical protein] [protein_id=EGP92373.1] [location=complement(join(2652576..2652980,2653030..2653326))] [gbkey=CDS]",0.42152466367713004
"lcl|CM001196.1_cds_EGP91238.1_850 [locus_tag=MYCGRDRAFT_66016] [db_xref=JGIDB:Mycgr3_66016] [protein=hypothetical protein] [protein_id=EGP91238.1] [location=join(2653646..2654686,2654759..2654872)] [gbkey=CDS]",0.5504087193460491
"lcl|CM001196.1_cds_EGP91239.1_852 [locus_tag=MYCGRDRAFT_35012] [db_xref=JGIDB:Mycgr3_35012] [protein=hypothetical protein] [protein_id=EGP91239.1] [location=join(2656781..2656973,2657075..2657276,2657330..2657426,2657483..2657599)] [gbkey=CDS]",0.5968586387434555
"lcl|CM001196.1_cds_EGP92371.1_853 [gene=ARP2401] [locus_tag=MYCGRDRAFT_107178] [db_xref=InterPro:IPR004000,JGIDB:Mycgr3_107178] [protein=actin-related protein, ARP2 class] [protein_id=EGP92371.1] [location=complement(join(2657819..2658778,2658858..2659004,2659063..2659109,2659160..2659178))] [gbkey=CDS]",0.522911051212938
"lcl|CM001196.1_cds_EGP92370.1_854 [locus_tag=MYCGRDRAFT_66023] [db_xref=InterPro:IPR005556,JGIDB:Mycgr3_66023] [protein=hypothetical protein] [protein_id=EGP92370.1] [location=complement(join(2659997..2660041,2660096..2661331))] [gbkey=CDS]",0.5731414868105515
"lcl|CM001196.1_cds_EGP92369.1_855 [locus_tag=MYCGRDRAFT_66025] [db_xref=InterPro:IPR001107,JGIDB:Mycgr3_66025] [protein=hypothetical protein] [protein_id=EGP92369.1] [location=complement(join(2663241..2663765,2663822..2664142))] [gbkey=CDS]",0.6204379562043796
"lcl|CM001196.1_cds_EGP91240.1_856 [locus_tag=MYCGRDRAFT_66030] [db_xref=InterPro:IPR004205,JGIDB:Mycgr3_66030] [protein=hypothetical protein] [protein_id=EGP91240.1] [location=join(2664378..2664430,2664542..2664567,2664665..2664842,2664967..2665021)] [gbkey=CDS]",0.6597938144329897
"lcl|CM001196.1_cds_EGP92368.1_857 [locus_tag=MYCGRDRAFT_31648] [db_xref=JGIDB:Mycgr3_31648] [protein=hypothetical protein] [protein_id=EGP92368.1] [location=complement(join(2665212..2665274,2665333..2665887,2666087..2666239))] [gbkey=CDS]",0.4493927125506073
"lcl|CM001196.1_cds_EGP92367.1_858 [locus_tag=MYCGRDRAFT_66031] [db_xref=InterPro:IPR000727,InterPro:IPR006011,JGIDB:Mycgr3_66031] [protein=hypothetical protein] [protein_id=EGP92367.1] [location=complement(join(2669297..2669647,2669705..2670376))] [gbkey=CDS]",0.6012084592145015
"lcl|CM001196.1_cds_EGP91241.1_859 [locus_tag=MYCGRDRAFT_107183] [db_xref=JGIDB:Mycgr3_107183] [protein=hypothetical protein] [protein_id=EGP91241.1] [location=join(2672568..2672573,2672649..2672667,2672747..2673597)] [gbkey=CDS]",0.5587188612099644
"lcl|CM001196.1_cds_EGP92365.1_861 [locus_tag=MYCGRDRAFT_66037] [db_xref=JGIDB:Mycgr3_66037] [protein=hypothetical protein] [protein_id=EGP92365.1] [location=complement(join(2677809..2680180,2680241..2683379))] [gbkey=CDS]",0.4668911335578002
"lcl|CM001196.1_cds_EGP91242.1_862 [locus_tag=MYCGRDRAFT_98472] [db_xref=InterPro:IPR008698,JGIDB:Mycgr3_98472] [protein=hypothetical protein] [protein_id=EGP91242.1] [location=join(2683707..2683794,2683861..2683985,2684047..2684151)] [gbkey=CDS]",0.58
"lcl|CM001196.1_cds_EGP92364.1_863 [locus_tag=MYCGRDRAFT_107186] [db_xref=InterPro:IPR000330,InterPro:IPR001650,JGIDB:Mycgr3_107186] [protein=SNF2 family DNA-dependent ATPase domain-containing protein] [protein_id=EGP92364.1] [location=complement(join(2684550..2690241,2690312..2690325))] [gbkey=CDS]",0.4967462039045553
"lcl|CM001196.1_cds_EGP92363.1_864 [locus_tag=MYCGRDRAFT_102406] [db_xref=InterPro:IPR005822,JGIDB:Mycgr3_102406] [protein=hypothetical protein] [protein_id=EGP92363.1] [location=complement(join(2691953..2692404,2692473..2692608,2692715..2692735))] [gbkey=CDS]",0.7743589743589744
"lcl|CM001196.1_cds_EGP91243.1_865 [locus_tag=MYCGRDRAFT_102408] [db_xref=JGIDB:Mycgr3_102408] [protein=hypothetical protein] [protein_id=EGP91243.1] [location=join(2693661..2694117,2694137..2694156)] [gbkey=CDS]",0.45161290322580644
"lcl|CM001196.1_cds_EGP91244.1_866 [locus_tag=MYCGRDRAFT_66052] [db_xref=InterPro:IPR000873,JGIDB:Mycgr3_66052] [protein=hypothetical protein] [protein_id=EGP91244.1] [location=join(2694757..2694924,2694980..2695007,2695069..2695236,2695290..2695727,2695837..2696764,2696821..2696869)] [gbkey=CDS]",0.531578947368421
"lcl|CM001196.1_cds_EGP91245.1_867 [gene=MgASG1] [locus_tag=MYCGRDRAFT_66057] [db_xref=InterPro:IPR001138,InterPro:IPR007219,JGIDB:Mycgr3_66057] [protein=fungal transcriptional regulatory protein] [protein_id=EGP91245.1] [location=join(2699049..2699154,2699208..2699304,2699382..2700507,2700638..2702065)] [gbkey=CDS]",0.46781609195402296
"lcl|CM001196.1_cds_EGP91246.1_868 [locus_tag=MYCGRDRAFT_66060] [db_xref=InterPro:IPR007484,JGIDB:Mycgr3_66060] [protein=peptidase M28] [protein_id=EGP91246.1] [location=join(2702536..2704593,2704635..2705513)] [gbkey=CDS]",0.5031914893617021
"lcl|CM001196.1_cds_EGP91247.1_869 [locus_tag=MYCGRDRAFT_107190] [db_xref=InterPro:IPR002480,JGIDB:Mycgr3_107190] [protein=hypothetical protein] [protein_id=EGP91247.1] [location=2706009..2707448] [gbkey=CDS]",0.6120689655172413
"lcl|CM001196.1_cds_EGP91248.1_870 [locus_tag=MYCGRDRAFT_66064] [db_xref=InterPro:IPR000873,JGIDB:Mycgr3_66064] [protein=hypothetical protein] [protein_id=EGP91248.1] [location=join(2708125..2708140,2708195..2709714,2709776..2710186)] [gbkey=CDS]",0.6436597110754414
lcl|CM001196.1_cds_EGP91249.1_872 [locus_tag=MYCGRDRAFT_102412] [db_xref=JGIDB:Mycgr3_102412] [protein=hypothetical protein] [protein_id=EGP91249.1] [location=2713606..2714142] [gbkey=CDS],0.4114285714285714
"lcl|CM001196.1_cds_EGP91250.1_873 [locus_tag=MYCGRDRAFT_53017] [db_xref=JGIDB:Mycgr3_53017] [protein=hypothetical protein] [protein_id=EGP91250.1] [location=join(2714846..2715136,2715193..2715297)] [gbkey=CDS]",0.3888888888888889
"lcl|CM001196.1_cds_EGP91251.1_874 [locus_tag=MYCGRDRAFT_107194] [db_xref=InterPro:IPR000262,JGIDB:Mycgr3_107194] [protein=hypothetical protein] [protein_id=EGP91251.1] [location=join(2720017..2720844,2720906..2720914)] [gbkey=CDS]",0.5259259259259259
"lcl|CM001196.1_cds_EGP92361.1_875 [locus_tag=MYCGRDRAFT_107195] [db_xref=InterPro:IPR001126,JGIDB:Mycgr3_107195] [protein=hypothetical protein] [protein_id=EGP92361.1] [location=complement(2721413..2723374)] [gbkey=CDS]",0.5448818897637795
lcl|CM001196.1_cds_EGP91252.1_876 [locus_tag=MYCGRDRAFT_107196] [db_xref=JGIDB:Mycgr3_107196] [protein=hypothetical protein] [protein_id=EGP91252.1] [location=2723812..2725902] [gbkey=CDS],0.4073529411764706
"lcl|CM001196.1_cds_EGP91253.1_877 [locus_tag=MYCGRDRAFT_66079] [db_xref=InterPro:IPR000073,JGIDB:Mycgr3_66079] [protein=hypothetical protein] [protein_id=EGP91253.1] [location=join(2726644..2727346,2727473..2727879)] [gbkey=CDS]",0.4
"lcl|CM001196.1_cds_EGP91254.1_878 [locus_tag=MYCGRDRAFT_107198] [db_xref=InterPro:IPR004367,InterPro:IPR006671,JGIDB:Mycgr3_107198] [protein=hypothetical protein] [protein_id=EGP91254.1] [location=2733688..2734962] [gbkey=CDS]",0.5150753768844221
lcl|CM001196.1_cds_EGP91255.1_879 [locus_tag=MYCGRDRAFT_98483] [db_xref=JGIDB:Mycgr3_98483] [protein=hypothetical protein] [protein_id=EGP91255.1] [location=2735836..2738535] [gbkey=CDS],0.4813953488372093
"lcl|CM001196.1_cds_EGP92359.1_881 [locus_tag=MYCGRDRAFT_102416] [db_xref=InterPro:IPR002931,JGIDB:Mycgr3_102416] [protein=hypothetical protein] [protein_id=EGP92359.1] [location=complement(join(2741415..2741863,2741916..2742909))] [gbkey=CDS]",0.5153508771929824
"lcl|CM001196.1_cds_EGP92358.1_882 [locus_tag=MYCGRDRAFT_107202] [db_xref=InterPro:IPR000801,JGIDB:Mycgr3_107202] [protein=hypothetical protein] [protein_id=EGP92358.1] [location=complement(join(2744787..2744796,2744940..2745727,2745785..2745850))] [gbkey=CDS]",0.6464285714285715
"lcl|CM001196.1_cds_EGP91256.1_884 [locus_tag=MYCGRDRAFT_89374] [db_xref=InterPro:IPR007087,JGIDB:Mycgr3_89374] [protein=hypothetical protein] [protein_id=EGP91256.1] [location=2747295..2749058] [gbkey=CDS]",0.5017543859649123
lcl|CM001196.1_cds_EGP92356.1_885 [locus_tag=MYCGRDRAFT_78536] [db_xref=JGIDB:Mycgr3_78536] [protein=hypothetical protein] [protein_id=EGP92356.1] [location=complement(2749611..2749865)] [gbkey=CDS],0.49382716049382713
"lcl|CM001196.1_cds_EGP92355.1_886 [locus_tag=MYCGRDRAFT_89375] [db_xref=JGIDB:Mycgr3_89375] [protein=hypothetical protein] [protein_id=EGP92355.1] [location=complement(join(2749960..2749964,2750060..2750921))] [gbkey=CDS]",0.4833948339483395
"lcl|CM001196.1_cds_EGP91257.1_887 [locus_tag=MYCGRDRAFT_89376] [db_xref=JGIDB:Mycgr3_89376] [protein=hypothetical protein] [protein_id=EGP91257.1] [location=join(2751898..2752717,2752883..2752949,2753717..2753733,2754090..2754178)] [gbkey=CDS]",0.5083056478405316
"lcl|CM001196.1_cds_EGP91258.1_888 [locus_tag=MYCGRDRAFT_98488] [db_xref=InterPro:IPR007087,JGIDB:Mycgr3_98488] [protein=hypothetical protein] [protein_id=EGP91258.1] [location=2755440..2756435] [gbkey=CDS]",0.5283018867924528
"lcl|CM001196.1_cds_EGP92354.1_889 [locus_tag=MYCGRDRAFT_107205] [db_xref=JGIDB:Mycgr3_107205] [protein=hypothetical protein] [protein_id=EGP92354.1] [location=complement(join(2757440..2761296,2761398..2761428))] [gbkey=CDS]",0.5551181102362205
"lcl|CM001196.1_cds_EGP92353.1_890 [locus_tag=MYCGRDRAFT_89379] [db_xref=JGIDB:Mycgr3_89379] [protein=hypothetical protein] [protein_id=EGP92353.1] [location=complement(join(2798434..2798448,2800288..2800395,2800456..2801099,2801181..2801383,2801447..2801490))] [gbkey=CDS]",0.5015290519877675
"lcl|CM001196.1_cds_EGP91259.1_891 [locus_tag=MYCGRDRAFT_107206] [db_xref=InterPro:IPR001764,JGIDB:Mycgr3_107206] [protein=hypothetical protein] [frame=3] [partial=5'] [protein_id=EGP91259.1] [location=join(<2803000..2803065,2803121..2803813,2803867..2803988,2804232..2804288)] [gbkey=CDS]",0.4791666666666667
"lcl|CM001196.1_cds_EGP92351.1_893 [locus_tag=MYCGRDRAFT_66101] [db_xref=JGIDB:Mycgr3_66101] [protein=hypothetical protein] [protein_id=EGP92351.1] [location=complement(join(2808093..2808679,2808731..2808912,2808982..2810582))] [gbkey=CDS]",0.45822454308093996
"lcl|CM001196.1_cds_EGP92350.1_895 [locus_tag=MYCGRDRAFT_34913] [db_xref=InterPro:IPR003000,JGIDB:Mycgr3_34913] [protein=hypothetical protein] [protein_id=EGP92350.1] [location=complement(2812182..2813333)] [gbkey=CDS]",0.5067385444743935
"lcl|CM001196.1_cds_EGP91261.1_896 [locus_tag=MYCGRDRAFT_89384] [db_xref=JGIDB:Mycgr3_89384] [protein=hypothetical protein] [protein_id=EGP91261.1] [location=join(2814555..2815670,2815722..2816264)] [gbkey=CDS]",0.48608534322820035
"lcl|CM001196.1_cds_EGP92349.1_898 [locus_tag=MYCGRDRAFT_33312] [db_xref=JGIDB:Mycgr3_33312] [protein=hypothetical protein] [protein_id=EGP92349.1] [location=complement(join(2817585..2817910,2818106..2818560,2818606..2819024,2819079..2819567))] [gbkey=CDS]",0.46210720887245843
"lcl|CM001196.1_cds_EGP91263.1_899 [locus_tag=MYCGRDRAFT_83759] [db_xref=JGIDB:Mycgr3_83759] [protein=hypothetical protein] [protein_id=EGP91263.1] [location=join(2824051..2824594,2824646..2825286,2825338..2826858)] [gbkey=CDS]",0.46936416184971097
"lcl|CM001196.1_cds_EGP91264.1_900 [locus_tag=MYCGRDRAFT_66104] [db_xref=InterPro:IPR001440,InterPro:IPR001623,JGIDB:Mycgr3_66104] [protein=hypothetical protein] [protein_id=EGP91264.1] [location=join(2827194..2827734,2827791..2829178)] [gbkey=CDS]",0.5016129032258064
lcl|CM001196.1_cds_EGP91265.1_901 [locus_tag=MYCGRDRAFT_89387] [db_xref=JGIDB:Mycgr3_89387] [protein=hypothetical protein] [protein_id=EGP91265.1] [location=2829734..2830747] [gbkey=CDS],0.3588957055214724
"lcl|CM001196.1_cds_EGP91266.1_902 [gene=MgMEL1] [locus_tag=MYCGRDRAFT_107208] [db_xref=InterPro:IPR000111,JGIDB:Mycgr3_107208] [protein=putative alpha-galactosidase] [protein_id=EGP91266.1] [location=join(2831294..2831297,2831429..2831658,2831717..2831842,2831900..2833105)] [gbkey=CDS]",0.5904572564612326
lcl|CM001196.1_cds_EGP91267.1_903 [locus_tag=MYCGRDRAFT_107209] [db_xref=JGIDB:Mycgr3_107209] [protein=hypothetical protein] [protein_id=EGP91267.1] [location=2833669..2835579] [gbkey=CDS],0.48776508972267535
"lcl|CM001196.1_cds_EGP91268.1_904 [gene=MgXKS1] [locus_tag=MYCGRDRAFT_53056] [db_xref=InterPro:IPR000577,JGIDB:Mycgr3_53056] [protein=putative D-Xylulose kinase] [protein_id=EGP91268.1] [location=join(2835892..2835918,2835972..2836002,2836056..2836292,2836345..2837831)] [gbkey=CDS]",0.5280701754385965
"lcl|CM001196.1_cds_EGP91269.1_906 [locus_tag=MYCGRDRAFT_66113] [db_xref=InterPro:IPR002198,JGIDB:Mycgr3_66113] [protein=hypothetical protein] [protein_id=EGP91269.1] [location=2840172..2840897] [gbkey=CDS]",0.4935064935064935
"lcl|CM001196.1_cds_EGP91270.1_907 [locus_tag=MYCGRDRAFT_66114] [db_xref=InterPro:IPR001138,JGIDB:Mycgr3_66114] [protein=hypothetical protein] [protein_id=EGP91270.1] [location=join(2841191..2841216,2841302..2841323,2841383..2842168,2842226..2842633,2842676..2842749,2842804..2843494,2843537..2843674)] [gbkey=CDS]",0.4243759177679883
"lcl|CM001196.1_cds_EGP91271.1_908 [locus_tag=MYCGRDRAFT_107212] [db_xref=InterPro:IPR002300,InterPro:IPR010663,JGIDB:Mycgr3_107212] [protein=hypothetical protein] [protein_id=EGP91271.1] [location=2845762..2848983] [gbkey=CDS]",0.4669902912621359
"lcl|CM001196.1_cds_EGP92345.1_911 [locus_tag=MYCGRDRAFT_66122] [db_xref=InterPro:IPR005101,InterPro:IPR006050,JGIDB:Mycgr3_66122] [protein=hypothetical protein] [protein_id=EGP92345.1] [location=complement(join(2851232..2852365,2852424..2852600,2852650..2853325,2853381..2853406))] [gbkey=CDS]",0.5273010920436817
"lcl|CM001196.1_cds_EGP91272.1_912 [locus_tag=MYCGRDRAFT_107215] [db_xref=JGIDB:Mycgr3_107215] [protein=hypothetical protein] [protein_id=EGP91272.1] [location=join(2854785..2855291,2855491..2855886)] [gbkey=CDS]",0.4349315068493151
lcl|CM001196.1_cds_EGP91273.1_913 [locus_tag=MYCGRDRAFT_83763] [db_xref=JGIDB:Mycgr3_83763] [protein=hypothetical protein] [protein_id=EGP91273.1] [location=2856073..2856261] [gbkey=CDS],0.5084745762711864
"lcl|CM001196.1_cds_EGP92344.1_914 [locus_tag=MYCGRDRAFT_66126] [db_xref=InterPro:IPR000873,JGIDB:Mycgr3_66126] [protein=hypothetical protein] [protein_id=EGP92344.1] [location=complement(join(2856570..2856632,2856725..2857045,2857122..2857153,2857217..2857488,2857553..2857928,2857988..2858954))] [gbkey=CDS]",0.49768160741885625
"lcl|CM001196.1_cds_EGP91274.1_915 [locus_tag=MYCGRDRAFT_66129] [db_xref=JGIDB:Mycgr3_66129] [protein=hypothetical protein] [protein_id=EGP91274.1] [location=join(2859537..2859715,2859774..2860558,2860633..2860808,2860941..2860979)] [gbkey=CDS]",0.6084656084656085
lcl|CM001196.1_cds_EGP92342.1_917 [locus_tag=MYCGRDRAFT_102437] [db_xref=JGIDB:Mycgr3_102437] [protein=hypothetical protein] [protein_id=EGP92342.1] [location=complement(2863089..2863250)] [gbkey=CDS],0.47058823529411764
lcl|CM001196.1_cds_EGP91275.1_919 [locus_tag=MYCGRDRAFT_102441] [db_xref=JGIDB:Mycgr3_102441] [protein=hypothetical protein] [protein_id=EGP91275.1] [location=2867686..2868756] [gbkey=CDS],0.5375375375375375
"lcl|CM001196.1_cds_EGP91276.1_920 [locus_tag=MYCGRDRAFT_107220] [db_xref=JGIDB:Mycgr3_107220] [protein=hypothetical protein] [protein_id=EGP91276.1] [location=join(2870351..2871940,2872030..2872272)] [gbkey=CDS]",0.4317032040472175
"lcl|CM001196.1_cds_EGP92340.1_921 [locus_tag=MYCGRDRAFT_83768] [db_xref=InterPro:IPR004038,JGIDB:Mycgr3_83768] [protein=hypothetical protein] [protein_id=EGP92340.1] [location=complement(join(2873095..2873219,2873278..2873518))] [gbkey=CDS]",0.7948717948717948
"lcl|CM001196.1_cds_EGP91277.1_922 [locus_tag=MYCGRDRAFT_107221] [db_xref=JGIDB:Mycgr3_107221] [protein=hypothetical protein] [protein_id=EGP91277.1] [location=join(2874070..2875371,2875562..2876290,2876478..2876618)] [gbkey=CDS]",0.44142857142857145
"lcl|CM001196.1_cds_EGP91278.1_923 [locus_tag=MYCGRDRAFT_66140] [db_xref=InterPro:IPR000073,JGIDB:Mycgr3_66140] [protein=hypothetical protein] [protein_id=EGP91278.1] [location=join(2877253..2877543,2877571..2877828,2877878..2878462)] [gbkey=CDS]",0.5
"lcl|CM001196.1_cds_EGP92339.1_924 [locus_tag=MYCGRDRAFT_98499] [db_xref=JGIDB:Mycgr3_98499] [protein=hypothetical protein] [protein_id=EGP92339.1] [location=complement(join(2878602..2879975,2880031..2880213))] [gbkey=CDS]",0.4693069306930693
"lcl|CM001196.1_cds_EGP91279.1_925 [locus_tag=MYCGRDRAFT_98500] [db_xref=InterPro:IPR000432,InterPro:IPR007695,InterPro:IPR007696,InterPro:IPR007860,InterPro:IPR007861,JGIDB:Mycgr3_98500] [protein=hypothetical protein] [protein_id=EGP91279.1] [location=join(2880439..2880715,2880774..2880980,2881064..2884179)] [gbkey=CDS]",0.548526863084922
"lcl|CM001196.1_cds_EGP92338.1_926 [locus_tag=MYCGRDRAFT_53096] [db_xref=JGIDB:Mycgr3_53096] [protein=hypothetical protein] [protein_id=EGP92338.1] [location=complement(join(2884362..2884889,2884952..2885147,2885214..2885347))] [gbkey=CDS]",0.5734767025089605
lcl|CM001196.1_cds_EGP91280.1_927 [locus_tag=MYCGRDRAFT_107224] [db_xref=JGIDB:Mycgr3_107224] [protein=hypothetical protein] [protein_id=EGP91280.1] [location=2886488..2889217] [gbkey=CDS],0.44329896907216493
"lcl|CM001196.1_cds_EGP91281.1_928 [locus_tag=MYCGRDRAFT_102447] [db_xref=JGIDB:Mycgr3_102447] [protein=hypothetical protein] [protein_id=EGP91281.1] [location=join(2891640..2891757,2891819..2891955,2892013..2892196,2892250..2892821)] [gbkey=CDS]",0.7784615384615384
"lcl|CM001196.1_cds_EGP91282.1_929 [locus_tag=MYCGRDRAFT_66153] [db_xref=InterPro:IPR002220,JGIDB:Mycgr3_66153] [protein=hypothetical protein] [protein_id=EGP91282.1] [location=join(2893366..2893630,2893682..2893915,2893983..2894428)] [gbkey=CDS]",0.5849673202614379
"lcl|CM001196.1_cds_EGP92337.1_930 [locus_tag=MYCGRDRAFT_66157] [db_xref=InterPro:IPR002198,JGIDB:Mycgr3_66157] [protein=hypothetical protein] [protein_id=EGP92337.1] [location=complement(join(2894633..2895113,2895181..2895710))] [gbkey=CDS]",0.5592705167173252
"lcl|CM001196.1_cds_EGP92336.1_931 [locus_tag=MYCGRDRAFT_66160] [db_xref=InterPro:IPR003689,JGIDB:Mycgr3_66160] [protein=hypothetical protein] [protein_id=EGP92336.1] [location=complement(join(2896318..2896320,2896377..2896465,2896519..2897311,2897366..2897584))] [gbkey=CDS]",0.5673352435530086
lcl|CM001196.1_cds_EGP91283.1_932 [locus_tag=MYCGRDRAFT_66163] [db_xref=JGIDB:Mycgr3_66163] [protein=hypothetical protein] [protein_id=EGP91283.1] [location=2898451..2899494] [gbkey=CDS],0.41916167664670656
"lcl|CM001196.1_cds_EGP92335.1_933 [locus_tag=MYCGRDRAFT_89415] [db_xref=JGIDB:Mycgr3_89415] [protein=hypothetical protein] [protein_id=EGP92335.1] [location=complement(join(2903799..2903926,2904061..2904797,2904924..2904946))] [gbkey=CDS]",0.352112676056338
lcl|CM001196.1_cds_EGP92334.1_935 [locus_tag=MYCGRDRAFT_89417] [db_xref=JGIDB:Mycgr3_89417] [protein=hypothetical protein] [protein_id=EGP92334.1] [location=complement(2911884..2912288)] [gbkey=CDS],0.4375
"lcl|CM001196.1_cds_EGP91285.1_936 [locus_tag=MYCGRDRAFT_66166] [db_xref=InterPro:IPR002086,JGIDB:Mycgr3_66166] [protein=hypothetical protein] [protein_id=EGP91285.1] [location=join(2913312..2913911,2913964..2914172,2914225..2915008)] [gbkey=CDS]",0.49514563106796117
"lcl|CM001196.1_cds_EGP92333.1_938 [locus_tag=MYCGRDRAFT_107230] [db_xref=InterPro:IPR002715,JGIDB:Mycgr3_107230] [protein=hypothetical protein] [protein_id=EGP92333.1] [location=complement(join(2919546..2919796,2919853..2920025,2920217..2920239))] [gbkey=CDS]",0.6758620689655173
"lcl|CM001196.1_cds_EGP92332.1_939 [locus_tag=MYCGRDRAFT_32521] [db_xref=InterPro:IPR002198,JGIDB:Mycgr3_32521] [protein=hypothetical protein] [protein_id=EGP92332.1] [location=complement(join(2920657..2921258,2921321..2921563,2921623..2921683))] [gbkey=CDS]",0.5644599303135889
"lcl|CM001196.1_cds_EGP92331.1_940 [gene=CYP-33] [locus_tag=MYCGRDRAFT_83782] [db_xref=InterPro:IPR001128,JGIDB:Mycgr3_83782] [protein=putative P450 monooxygenase] [protein_id=EGP92331.1] [location=complement(join(2922427..2922646,2922705..2923000,2923052..2923735,2923787..2923906))] [gbkey=CDS]",0.4373522458628842
"lcl|CM001196.1_cds_EGP92330.1_941 [locus_tag=MYCGRDRAFT_33139] [db_xref=InterPro:IPR001248,JGIDB:Mycgr3_33139] [protein=hypothetical protein] [protein_id=EGP92330.1] [location=complement(join(2924621..2925031,2925085..2925548,2925611..2926114,2926226..2926329,2926410..2926475,2926531..2926658))] [gbkey=CDS]",0.5801526717557252
"lcl|CM001196.1_cds_EGP91287.1_943 [locus_tag=MYCGRDRAFT_66175] [db_xref=InterPro:IPR000008,InterPro:IPR003817,JGIDB:Mycgr3_66175] [protein=hypothetical protein] [protein_id=EGP91287.1] [location=join(2931335..2933749,2933802..2933964,2934016..2934767,2934820..2934972)] [gbkey=CDS]",0.5129118432769367
"lcl|CM001196.1_cds_EGP91288.1_944 [locus_tag=MYCGRDRAFT_32359] [db_xref=InterPro:IPR001683,JGIDB:Mycgr3_32359] [protein=hypothetical protein] [protein_id=EGP91288.1] [location=2936084..2938858] [gbkey=CDS]",0.518058690744921
"lcl|CM001196.1_cds_EGP92328.1_945 [locus_tag=MYCGRDRAFT_107234] [db_xref=InterPro:IPR001810,JGIDB:Mycgr3_107234] [protein=hypothetical protein] [protein_id=EGP92328.1] [location=complement(join(2938900..2938925,2939163..2940594))] [gbkey=CDS]",0.5192307692307693
"lcl|CM001196.1_cds_EGP92327.1_946 [locus_tag=MYCGRDRAFT_33861] [db_xref=JGIDB:Mycgr3_33861] [protein=hypothetical protein] [protein_id=EGP92327.1] [location=complement(join(2941108..2941830,2941893..2941949,2942010..2942126))] [gbkey=CDS]",0.5263157894736842
"lcl|CM001196.1_cds_EGP92326.1_947 [locus_tag=MYCGRDRAFT_83788] [db_xref=JGIDB:Mycgr3_83788] [protein=hypothetical protein] [protein_id=EGP92326.1] [location=complement(join(2946357..2946558,2946617..2946693))] [gbkey=CDS]",0.40229885057471265
"lcl|CM001196.1_cds_EGP91289.1_948 [locus_tag=MYCGRDRAFT_89428] [db_xref=InterPro:IPR000008,InterPro:IPR000909,InterPro:IPR001711,JGIDB:Mycgr3_89428] [protein=phosphoinositide phospholipase C] [protein_id=EGP91289.1] [location=join(2947156..2948084,2948148..2948789,2949117..2949291)] [gbkey=CDS]",0.49376114081996436
"lcl|CM001196.1_cds_EGP91290.1_949 [locus_tag=MYCGRDRAFT_89429] [db_xref=JGIDB:Mycgr3_89429] [protein=hypothetical protein] [protein_id=EGP91290.1] [location=join(2951153..2951305,2951355..2951740,2952486..2952544,2952621..2952946,2952999..2953355)] [gbkey=CDS]",0.4718826405867971
"lcl|CM001196.1_cds_EGP92325.1_950 [locus_tag=MYCGRDRAFT_53126] [db_xref=InterPro:IPR003959,JGIDB:Mycgr3_53126] [protein=hypothetical protein] [protein_id=EGP92325.1] [location=complement(join(2953630..2954851,2954911..2955005))] [gbkey=CDS]",0.5584725536992841
"lcl|CM001196.1_cds_EGP91291.1_951 [locus_tag=MYCGRDRAFT_66188] [db_xref=InterPro:IPR002423,JGIDB:Mycgr3_66188] [protein=hypothetical protein] [protein_id=EGP91291.1] [location=2955452..2957077] [gbkey=CDS]",0.5391969407265774
"lcl|CM001196.1_cds_EGP92324.1_952 [locus_tag=MYCGRDRAFT_34521] [db_xref=InterPro:IPR004582,JGIDB:Mycgr3_34521] [protein=hypothetical protein] [protein_id=EGP92324.1] [location=complement(2959039..2961129)] [gbkey=CDS]",0.4258160237388724
"lcl|CM001196.1_cds_EGP91292.1_953 [locus_tag=MYCGRDRAFT_98514] [db_xref=InterPro:IPR005123,JGIDB:Mycgr3_98514] [protein=hypothetical protein] [protein_id=EGP91292.1] [location=2961836..2962813] [gbkey=CDS]",0.49842271293375395
"lcl|CM001196.1_cds_EGP91293.1_954 [locus_tag=MYCGRDRAFT_83794] [db_xref=JGIDB:Mycgr3_83794] [protein=hypothetical protein] [protein_id=EGP91293.1] [location=join(2963609..2963886,2963937..2964297,2964376..2964681,2964744..2964843,2964899..2965164,2966399..2966869)] [gbkey=CDS]",0.5416666666666666
"lcl|CM001196.1_cds_EGP92323.1_955 [locus_tag=MYCGRDRAFT_66192] [db_xref=JGIDB:Mycgr3_66192] [protein=hypothetical protein] [protein_id=EGP92323.1] [location=complement(join(2967351..2967554,2967684..2968202))] [gbkey=CDS]",0.3948497854077253
"lcl|CM001196.1_cds_EGP91294.1_956 [locus_tag=MYCGRDRAFT_107239] [db_xref=InterPro:IPR001047,JGIDB:Mycgr3_107239] [protein=hypothetical protein] [protein_id=EGP91294.1] [location=join(2968436..2969205,2969260..2969275)] [gbkey=CDS]",0.5816733067729084
"lcl|CM001196.1_cds_EGP92322.1_957 [gene=GCH] [locus_tag=MYCGRDRAFT_66199] [db_xref=InterPro:IPR002860,JGIDB:Mycgr3_66199] [protein=glycosyl hydrolase] [protein_id=EGP92322.1] [location=complement(join(2969921..2973805,2973884..2974342))] [gbkey=CDS]",0.5578034682080925
"lcl|CM001196.1_cds_EGP92321.1_958 [locus_tag=MYCGRDRAFT_78594] [db_xref=JGIDB:Mycgr3_78594] [protein=hypothetical protein] [protein_id=EGP92321.1] [location=complement(join(2975782..2975933,2975991..2976257,2976312..2976519))] [gbkey=CDS]",0.635
"lcl|CM001196.1_cds_EGP91295.1_959 [locus_tag=MYCGRDRAFT_107242] [db_xref=JGIDB:Mycgr3_107242] [protein=hypothetical protein] [protein_id=EGP91295.1] [location=join(2978549..2978625,2978689..2978825,2978884..2979374)] [gbkey=CDS]",0.7601809954751131
"lcl|CM001196.1_cds_EGP92320.1_960 [locus_tag=MYCGRDRAFT_66201] [db_xref=InterPro:IPR000198,InterPro:IPR001781,JGIDB:Mycgr3_66201] [protein=GTPase-activating protein-like protein of the rho/rac family] [protein_id=EGP92320.1] [location=complement(join(2980516..2980929,2980983..2983019,2983065..2983778,2983838..2984164))] [gbkey=CDS]",0.4862466725820763
"lcl|CM001196.1_cds_EGP91296.1_961 [locus_tag=MYCGRDRAFT_98518] [db_xref=InterPro:IPR005574,JGIDB:Mycgr3_98518] [protein=hypothetical protein] [protein_id=EGP91296.1] [location=join(2984827..2985178,2985235..2985362)] [gbkey=CDS]",0.5833333333333334
"lcl|CM001196.1_cds_EGP92319.1_962 [locus_tag=MYCGRDRAFT_66207] [db_xref=InterPro:IPR000719,InterPro:IPR001789,JGIDB:Mycgr3_66207] [protein=hypothetical protein] [protein_id=EGP92319.1] [location=complement(2986196..2992072)] [gbkey=CDS]",0.47832980972515854
lcl|CM001196.1_cds_EGP92318.1_963 [locus_tag=MYCGRDRAFT_66209] [db_xref=JGIDB:Mycgr3_66209] [protein=hypothetical protein] [protein_id=EGP92318.1] [location=complement(2993915..2995573)] [gbkey=CDS],0.4478178368121442
"lcl|CM001196.1_cds_EGP91297.1_964 [locus_tag=MYCGRDRAFT_102469] [db_xref=InterPro:IPR008688,JGIDB:Mycgr3_102469] [protein=hypothetical protein] [protein_id=EGP91297.1] [location=join(2995781..2995814,2995881..2996338,2996394..2996616,2996671..2996690)] [gbkey=CDS]",0.6764705882352942
"lcl|CM001196.1_cds_EGP91298.1_965 [locus_tag=MYCGRDRAFT_66216] [db_xref=InterPro:IPR005123,JGIDB:Mycgr3_66216] [protein=hypothetical protein] [protein_id=EGP91298.1] [location=join(2997031..2998050,2998104..2998208)] [gbkey=CDS]",0.4684931506849315
"lcl|CM001196.1_cds_EGP92317.1_966 [locus_tag=MYCGRDRAFT_102471] [db_xref=InterPro:IPR001395,JGIDB:Mycgr3_102471] [protein=hypothetical protein] [protein_id=EGP92317.1] [location=complement(join(2998331..2999185,2999247..2999342))] [gbkey=CDS]",0.5663430420711975
"lcl|CM001196.1_cds_EGP91299.1_967 [locus_tag=MYCGRDRAFT_31931] [db_xref=InterPro:IPR002495,JGIDB:Mycgr3_31931] [protein=hypothetical protein] [protein_id=EGP91299.1] [location=join(3000354..3000748,3000800..3001091,3001155..3001541)] [gbkey=CDS]",0.5014925373134328
"lcl|CM001196.1_cds_EGP91300.1_968 [locus_tag=MYCGRDRAFT_83802] [db_xref=InterPro:IPR000757,JGIDB:Mycgr3_83802] [protein=hypothetical protein] [protein_id=EGP91300.1] [location=join(3002789..3003072,3003126..3003268,3003322..3003710,3003834..3004142)] [gbkey=CDS]",0.5769230769230769
lcl|CM001196.1_cds_EGP91301.1_969 [locus_tag=MYCGRDRAFT_102473] [db_xref=JGIDB:Mycgr3_102473] [protein=hypothetical protein] [protein_id=EGP91301.1] [location=3004868..3005374] [gbkey=CDS],0.5414012738853503
"lcl|CM001196.1_cds_EGP92316.1_970 [locus_tag=MYCGRDRAFT_66222] [db_xref=JGIDB:Mycgr3_66222] [protein=hypothetical protein] [protein_id=EGP92316.1] [location=complement(join(3008601..3008839,3008902..3009331))] [gbkey=CDS]",0.44339622641509435
"lcl|CM001196.1_cds_EGP92315.1_971 [locus_tag=MYCGRDRAFT_83804] [db_xref=InterPro:IPR001289,JGIDB:Mycgr3_83804] [protein=hypothetical protein] [protein_id=EGP92315.1] [location=complement(join(3009807..3010340,3010419..3010784))] [gbkey=CDS]",0.44642857142857145
"lcl|CM001196.1_cds_EGP92314.1_972 [locus_tag=MYCGRDRAFT_66225] [db_xref=InterPro:IPR005128,JGIDB:Mycgr3_66225] [protein=hypothetical protein] [protein_id=EGP92314.1] [location=complement(join(3012705..3013014,3013066..3013352,3013409..3013516))] [gbkey=CDS]",0.5198237885462555
"lcl|CM001196.1_cds_EGP91302.1_973 [locus_tag=MYCGRDRAFT_89451] [db_xref=JGIDB:Mycgr3_89451] [protein=hypothetical protein] [protein_id=EGP91302.1] [location=join(3013790..3014041,3014101..3014352,3014408..3014815)] [gbkey=CDS]",0.42857142857142855
"lcl|CM001196.1_cds_EGP91303.1_974 [locus_tag=MYCGRDRAFT_98525] [db_xref=InterPro:IPR003674,JGIDB:Mycgr3_98525] [protein=hypothetical protein] [protein_id=EGP91303.1] [location=join(3015228..3015399,3015462..3017207,3017261..3017631)] [gbkey=CDS]",0.5626740947075209
"lcl|CM001196.1_cds_EGP91304.1_975 [locus_tag=MYCGRDRAFT_102480] [db_xref=InterPro:IPR002125,JGIDB:Mycgr3_102480] [protein=hypothetical protein] [protein_id=EGP91304.1] [location=join(3017864..3017987,3018050..3018189,3018261..3018365,3018420..3018554)] [gbkey=CDS]",0.4382716049382716
"lcl|CM001196.1_cds_EGP91305.1_976 [locus_tag=MYCGRDRAFT_89454] [db_xref=InterPro:IPR001623,JGIDB:Mycgr3_89454] [protein=hypothetical protein] [protein_id=EGP91305.1] [location=3018840..3019634] [gbkey=CDS]",0.5447470817120622
"lcl|CM001196.1_cds_EGP92313.1_977 [locus_tag=MYCGRDRAFT_33628] [db_xref=InterPro:IPR005828,JGIDB:Mycgr3_33628] [protein=hypothetical protein] [protein_id=EGP92313.1] [location=complement(join(3019858..3021302,3021352..3021611,3021663..3021988))] [gbkey=CDS]",0.6313291139240507
"lcl|CM001196.1_cds_EGP92312.1_978 [locus_tag=MYCGRDRAFT_102481] [db_xref=JGIDB:Mycgr3_102481] [protein=hypothetical protein] [protein_id=EGP92312.1] [location=complement(join(3024893..3025420,3025490..3025499,3025561..3025640))] [gbkey=CDS]",0.5422885572139303
"lcl|CM001196.1_cds_EGP92311.1_979 [locus_tag=MYCGRDRAFT_98528] [db_xref=InterPro:IPR001993,JGIDB:Mycgr3_98528] [protein=hypothetical protein] [protein_id=EGP92311.1] [location=complement(join(3027373..3028302,3028391..3028423))] [gbkey=CDS]",0.4391025641025641
"lcl|CM001196.1_cds_EGP91306.1_980 [locus_tag=MYCGRDRAFT_34825] [db_xref=InterPro:IPR004994,JGIDB:Mycgr3_34825] [protein=hypothetical protein] [protein_id=EGP91306.1] [location=join(3028805..3029744,3029823..3030196)] [gbkey=CDS]",0.45584725536992843
"lcl|CM001196.1_cds_EGP92310.1_981 [locus_tag=MYCGRDRAFT_102488] [db_xref=InterPro:IPR001950,JGIDB:Mycgr3_102488] [protein=hypothetical protein] [protein_id=EGP92310.1] [location=complement(3034327..3034914)] [gbkey=CDS]",0.5364583333333334
"lcl|CM001196.1_cds_EGP91308.1_983 [locus_tag=MYCGRDRAFT_66245] [db_xref=InterPro:IPR002198,JGIDB:Mycgr3_66245] [protein=hypothetical protein] [protein_id=EGP91308.1] [location=join(3037259..3037563,3037654..3037786,3037841..3038248)] [gbkey=CDS]",0.47619047619047616
"lcl|CM001196.1_cds_EGP92309.1_984 [locus_tag=MYCGRDRAFT_66246] [db_xref=InterPro:IPR009976,JGIDB:Mycgr3_66246] [protein=hypothetical protein] [protein_id=EGP92309.1] [location=complement(join(3040434..3042286,3042359..3043043))] [gbkey=CDS]",0.47762998790810157
"lcl|CM001196.1_cds_EGP91309.1_985 [gene=MgSCP1] [locus_tag=MYCGRDRAFT_66250] [db_xref=InterPro:IPR008758,JGIDB:Mycgr3_66250] [protein=serine carboxypeptidase] [protein_id=EGP91309.1] [location=join(3043546..3043656,3043713..3044200,3044314..3044392,3044453..3045237,3045294..3045513)] [gbkey=CDS]",0.5074349442379182
"lcl|CM001196.1_cds_EGP91310.1_986 [locus_tag=MYCGRDRAFT_33116] [db_xref=JGIDB:Mycgr3_33116] [protein=hypothetical protein] [protein_id=EGP91310.1] [location=join(3046041..3046542,3046603..3047120)] [gbkey=CDS]",0.5438066465256798
"lcl|CM001196.1_cds_EGP92308.1_987 [locus_tag=MYCGRDRAFT_66253] [db_xref=InterPro:IPR001611,JGIDB:Mycgr3_66253] [protein=hypothetical protein] [protein_id=EGP92308.1] [location=complement(3047384..3048652)] [gbkey=CDS]",0.5228915662650603
"lcl|CM001196.1_cds_EGP92307.1_988 [locus_tag=MYCGRDRAFT_53203] [db_xref=InterPro:IPR004856,JGIDB:Mycgr3_53203] [protein=hypothetical protein] [protein_id=EGP92307.1] [location=complement(3049439..3051214)] [gbkey=CDS]",0.5553539019963702
"lcl|CM001196.1_cds_EGP91311.1_989 [locus_tag=MYCGRDRAFT_102491] [db_xref=InterPro:IPR000504,JGIDB:Mycgr3_102491] [protein=hypothetical protein] [protein_id=EGP91311.1] [location=join(3052172..3052738,3052793..3053743)] [gbkey=CDS]",0.7584830339321357
"lcl|CM001196.1_cds_EGP91312.1_990 [locus_tag=MYCGRDRAFT_89466] [db_xref=JGIDB:Mycgr3_89466] [protein=hypothetical protein] [protein_id=EGP91312.1] [location=join(3054875..3054880,3055002..3056261,3056355..3056411)] [gbkey=CDS]",0.4592074592074592
"lcl|CM001196.1_cds_EGP92306.1_991 [locus_tag=MYCGRDRAFT_98537] [db_xref=InterPro:IPR003959,JGIDB:Mycgr3_98537] [protein=hypothetical protein] [protein_id=EGP92306.1] [location=complement(join(3057033..3057073,3057420..3057874,3057933..3060919,3060974..3061525))] [gbkey=CDS]",0.4881949733434882
"lcl|CM001196.1_cds_EGP91313.1_992 [locus_tag=MYCGRDRAFT_66265] [db_xref=InterPro:IPR006693,JGIDB:Mycgr3_66265] [protein=hypothetical protein] [protein_id=EGP91313.1] [location=join(3062564..3064174,3064241..3064732)] [gbkey=CDS]",0.43007518796992483
"lcl|CM001196.1_cds_EGP91314.1_993 [gene=CYP-69] [locus_tag=MYCGRDRAFT_53213] [db_xref=InterPro:IPR001128,JGIDB:Mycgr3_53213] [protein=putative P450 monooxygenase] [protein_id=EGP91314.1] [location=join(3066516..3067795,3067847..3067937,3067994..3068110,3068163..3068189)] [gbkey=CDS]",0.5010309278350515
"lcl|CM001196.1_cds_EGP91315.1_994 [locus_tag=MYCGRDRAFT_107267] [db_xref=JGIDB:Mycgr3_107267] [protein=hypothetical protein] [protein_id=EGP91315.1] [location=join(3068879..3068980,3069033..3072890)] [gbkey=CDS]",0.4633956386292835
"lcl|CM001196.1_cds_EGP92305.1_995 [locus_tag=MYCGRDRAFT_34626] [db_xref=InterPro:IPR000445,InterPro:IPR003265,JGIDB:Mycgr3_34626] [protein=hypothetical protein] [protein_id=EGP92305.1] [location=complement(join(3073326..3073713,3073770..3074605))] [gbkey=CDS]",0.44642857142857145
"lcl|CM001196.1_cds_EGP91316.1_996 [locus_tag=MYCGRDRAFT_89472] [db_xref=JGIDB:Mycgr3_89472] [protein=hypothetical protein] [protein_id=EGP91316.1] [location=join(3074784..3075110,3075168..3075287)] [gbkey=CDS]",0.4931506849315068
"lcl|CM001196.1_cds_EGP92304.1_997 [gene=Ste2] [locus_tag=MYCGRDRAFT_66270] [db_xref=InterPro:IPR000366,JGIDB:Mycgr3_66270] [protein=pheremone receptor] [protein_id=EGP92304.1] [location=complement(join(3075802..3076262,3076319..3077126))] [gbkey=CDS]",0.7010050251256281
lcl|CM001196.1_cds_EGP91317.1_998 [locus_tag=MYCGRDRAFT_89474] [db_xref=JGIDB:Mycgr3_89474] [protein=hypothetical protein] [protein_id=EGP91317.1] [location=3078813..3080654] [gbkey=CDS],0.5074626865671642
"lcl|CM001196.1_cds_EGP92303.1_999 [locus_tag=MYCGRDRAFT_32046] [db_xref=JGIDB:Mycgr3_32046] [protein=hypothetical protein] [protein_id=EGP92303.1] [location=complement(join(3081362..3081741,3081798..3081838,3081896..3082301,3082352..3082535,3082591..3082613,3082663..3082857,3082917..3082995,3083057..3083108,3083160..3083214,3083262..3083349,3083404..3083429,3083487..3083712))] [gbkey=CDS]",0.5875
"lcl|CM001196.1_cds_EGP92302.1_1000 [locus_tag=MYCGRDRAFT_89476] [db_xref=JGIDB:Mycgr3_89476] [protein=hypothetical protein] [protein_id=EGP92302.1] [location=complement(join(3084312..3084395,3084775..3085287,3085344..3085787))] [gbkey=CDS]",0.46273291925465837
"lcl|CM001196.1_cds_EGP91318.1_1001 [locus_tag=MYCGRDRAFT_66273] [db_xref=InterPro:IPR000008,InterPro:IPR000909,InterPro:IPR001711,JGIDB:Mycgr3_66273] [protein=phosphoinositide phospholipase C] [protein_id=EGP91318.1] [location=3091386..3094613] [gbkey=CDS]",0.5444874274661509
"lcl|CM001196.1_cds_EGP91319.1_1002 [locus_tag=MYCGRDRAFT_89478] [db_xref=InterPro:IPR002198,JGIDB:Mycgr3_89478] [protein=hypothetical protein] [protein_id=EGP91319.1] [location=join(3095314..3095347,3095402..3095439,3095563..3095577,3095682..3096021,3096113..3096312,3096391..3096468)] [gbkey=CDS]",0.4889867841409692
"lcl|CM001196.1_cds_EGP92301.1_1003 [gene=MgGlo1] [locus_tag=MYCGRDRAFT_102499] [db_xref=InterPro:IPR004360,JGIDB:Mycgr3_102499] [protein=monomeric glyoxalase I] [protein_id=EGP92301.1] [location=complement(join(3097448..3097986,3098043..3098428,3098529..3098535,3098593..3098629))] [gbkey=CDS]",0.7045454545454546
"lcl|CM001196.1_cds_EGP91320.1_1004 [locus_tag=MYCGRDRAFT_66280] [db_xref=InterPro:IPR004820,JGIDB:Mycgr3_66280] [protein=hypothetical protein] [protein_id=EGP91320.1] [location=join(3099426..3099974,3100032..3100304)] [gbkey=CDS]",0.5637065637065637
"lcl|CM001196.1_cds_EGP91322.1_1006 [gene=CYP-53] [locus_tag=MYCGRDRAFT_66283] [db_xref=InterPro:IPR001128,JGIDB:Mycgr3_66283] [protein=putative P450 monooxygenase] [protein_id=EGP91322.1] [location=join(3103184..3103538,3103654..3103860,3103909..3104687,3104751..3104838,3104891..3105099)] [gbkey=CDS]",0.5752380952380952
lcl|CM001196.1_cds_EGP92300.1_1007 [locus_tag=MYCGRDRAFT_102502] [db_xref=JGIDB:Mycgr3_102502] [protein=hypothetical protein] [protein_id=EGP92300.1] [location=complement(3107553..3108986)] [gbkey=CDS],0.4967462039045553
"lcl|CM001196.1_cds_EGP92299.1_1009 [locus_tag=MYCGRDRAFT_33213] [db_xref=InterPro:IPR007512,JGIDB:Mycgr3_33213] [protein=hypothetical protein] [protein_id=EGP92299.1] [location=complement(join(3112570..3112626,3112787..3112939,3113024..3113113))] [gbkey=CDS]",0.5473684210526316
lcl|CM001196.1_cds_EGP91324.1_1010 [locus_tag=MYCGRDRAFT_107276] [db_xref=JGIDB:Mycgr3_107276] [protein=hypothetical protein] [protein_id=EGP91324.1] [location=3113356..3117438] [gbkey=CDS],0.4370257966616085
"lcl|CM001196.1_cds_EGP92298.1_1011 [locus_tag=MYCGRDRAFT_98544] [db_xref=JGIDB:Mycgr3_98544] [protein=hypothetical protein] [protein_id=EGP92298.1] [location=complement(join(3118030..3118255,3118310..3118455,3118522..3118572))] [gbkey=CDS]",0.5746268656716418
"lcl|CM001196.1_cds_EGP91325.1_1012 [locus_tag=MYCGRDRAFT_89487] [db_xref=InterPro:IPR003014,JGIDB:Mycgr3_89487] [protein=hypothetical protein] [protein_id=EGP91325.1] [location=join(3119603..3119892,3119948..3120197,3120251..3120794,3122674..3122705)] [gbkey=CDS]",0.5150684931506849
lcl|CM001196.1_cds_EGP92297.1_1013 [locus_tag=MYCGRDRAFT_102508] [db_xref=JGIDB:Mycgr3_102508] [protein=hypothetical protein] [protein_id=EGP92297.1] [location=complement(3123483..3123833)] [gbkey=CDS],0.7075471698113207
"lcl|CM001196.1_cds_EGP92296.1_1014 [locus_tag=MYCGRDRAFT_107279] [db_xref=JGIDB:Mycgr3_107279] [protein=hypothetical protein] [protein_id=EGP92296.1] [location=complement(join(3124902..3125084,3125242..3125799,3125900..3126049))] [gbkey=CDS]",0.4479166666666667
lcl|CM001196.1_cds_EGP91326.1_1015 [locus_tag=MYCGRDRAFT_102513] [db_xref=JGIDB:Mycgr3_102513] [protein=hypothetical protein] [protein_id=EGP91326.1] [location=3126618..3126782] [gbkey=CDS],0.43137254901960786
"lcl|CM001196.1_cds_EGP91327.1_1016 [locus_tag=MYCGRDRAFT_89490] [db_xref=InterPro:IPR001810,JGIDB:Mycgr3_89490] [protein=hypothetical protein] [protein_id=EGP91327.1] [location=join(3127211..3127321,3127425..3128021)] [gbkey=CDS]",0.5676855895196506
"lcl|CM001196.1_cds_EGP92295.1_1017 [gene=MgKAR2] [locus_tag=MYCGRDRAFT_83835] [db_xref=InterPro:IPR001023,JGIDB:Mycgr3_83835] [protein=immunoglobulin heavy chain-binding protein, KAR2] [protein_id=EGP92295.1] [location=complement(join(3128571..3129314,3129374..3130196,3130250..3130559,3130621..3130723))] [gbkey=CDS]",0.7265625
"lcl|CM001196.1_cds_EGP91328.1_1018 [locus_tag=MYCGRDRAFT_89492] [db_xref=JGIDB:Mycgr3_89492] [protein=hypothetical protein] [protein_id=EGP91328.1] [location=join(3130983..3130997,3131248..3131295,3131929..3133914)] [gbkey=CDS]",0.5609756097560976
"lcl|CM001196.1_cds_EGP92294.1_1020 [locus_tag=MYCGRDRAFT_89494] [db_xref=JGIDB:Mycgr3_89494] [protein=hypothetical protein] [protein_id=EGP92294.1] [location=complement(join(3138300..3139307,3139394..3139444))] [gbkey=CDS]",0.5301204819277109
"lcl|CM001196.1_cds_EGP91330.1_1021 [locus_tag=MYCGRDRAFT_66294] [db_xref=InterPro:IPR002198,JGIDB:Mycgr3_66294] [protein=hypothetical protein] [protein_id=EGP91330.1] [location=join(3144610..3144866,3144923..3145174,3145224..3145701)] [gbkey=CDS]",0.6698113207547169
lcl|CM001196.1_cds_EGP92293.1_1023 [locus_tag=MYCGRDRAFT_89497] [db_xref=JGIDB:Mycgr3_89497] [protein=hypothetical protein] [protein_id=EGP92293.1] [location=complement(3151043..3152248)] [gbkey=CDS],0.4087403598971722
"lcl|CM001196.1_cds_EGP91332.1_1024 [locus_tag=MYCGRDRAFT_107284] [db_xref=JGIDB:Mycgr3_107284] [protein=hypothetical protein] [protein_id=EGP91332.1] [location=join(3152664..3152766,3152916..3153403)] [gbkey=CDS]",0.4607329842931937
"lcl|CM001196.1_cds_EGP92292.1_1025 [locus_tag=MYCGRDRAFT_34180] [db_xref=InterPro:IPR009327,JGIDB:Mycgr3_34180] [protein=hypothetical protein] [protein_id=EGP92292.1] [location=complement(join(3153837..3154070,3154145..3154198,3154262..3154459,3154562..3154747))] [gbkey=CDS]",0.5581395348837209
"lcl|CM001196.1_cds_EGP91333.1_1026 [locus_tag=MYCGRDRAFT_107285] [db_xref=InterPro:IPR002625,JGIDB:Mycgr3_107285] [protein=hypothetical protein] [protein_id=EGP91333.1] [location=join(3155220..3155240,3155365..3156954)] [gbkey=CDS]",0.49333333333333335
"lcl|CM001196.1_cds_EGP91334.1_1027 [locus_tag=MYCGRDRAFT_107286] [db_xref=JGIDB:Mycgr3_107286] [protein=hypothetical protein] [protein_id=EGP91334.1] [location=join(3158854..3159031,3159136..3159308)] [gbkey=CDS]",0.5752212389380531
"lcl|CM001196.1_cds_EGP92291.1_1028 [locus_tag=MYCGRDRAFT_98550] [db_xref=JGIDB:Mycgr3_98550] [protein=hypothetical protein] [protein_id=EGP92291.1] [location=complement(join(3160195..3161012,3161073..3161694,3161950..3161982))] [gbkey=CDS]",0.7230443974630021
lcl|CM001196.1_cds_EGP91335.1_1030 [locus_tag=MYCGRDRAFT_107288] [db_xref=JGIDB:Mycgr3_107288] [protein=hypothetical protein] [protein_id=EGP91335.1] [location=3166512..3168752] [gbkey=CDS],0.44368131868131866
lcl|CM001196.1_cds_EGP91336.1_1031 [locus_tag=MYCGRDRAFT_107289] [db_xref=JGIDB:Mycgr3_107289] [protein=hypothetical protein] [protein_id=EGP91336.1] [location=3169312..3170055] [gbkey=CDS],0.597457627118644
"lcl|CM001196.1_cds_EGP91337.1_1032 [locus_tag=MYCGRDRAFT_102517] [db_xref=JGIDB:Mycgr3_102517] [protein=hypothetical protein] [protein_id=EGP91337.1] [location=join(3170522..3170797,3170865..3171029)] [gbkey=CDS]",0.5586206896551724
lcl|CM001196.1_cds_EGP92289.1_1033 [locus_tag=MYCGRDRAFT_89506] [db_xref=JGIDB:Mycgr3_89506] [protein=hypothetical protein] [protein_id=EGP92289.1] [location=complement(3171176..3171949)] [gbkey=CDS],0.4897119341563786
"lcl|CM001196.1_cds_EGP92288.1_1034 [locus_tag=MYCGRDRAFT_107290] [db_xref=JGIDB:Mycgr3_107290] [protein=hypothetical protein] [protein_id=EGP92288.1] [location=complement(join(3172260..3172302,3172357..3172387,3172454..3172935,3172992..3173274,3173379..3173461,3173525..3173628))] [gbkey=CDS]",0.4613003095975232
"lcl|CM001196.1_cds_EGP92287.1_1036 [locus_tag=MYCGRDRAFT_66305] [db_xref=InterPro:IPR001433,InterPro:IPR002869,InterPro:IPR003097,JGIDB:Mycgr3_66305] [protein=hypothetical protein] [protein_id=EGP92287.1] [location=complement(3176775..3180005)] [gbkey=CDS]",0.6317792578496669
"lcl|CM001196.1_cds_EGP92286.1_1037 [locus_tag=MYCGRDRAFT_89510] [db_xref=JGIDB:Mycgr3_89510] [protein=hypothetical protein] [protein_id=EGP92286.1] [location=complement(join(3180816..3181087,3181141..3181665,3181740..3181752))] [gbkey=CDS]",0.40823970037453183
"lcl|CM001196.1_cds_EGP91339.1_1038 [gene=EXG3] [locus_tag=MYCGRDRAFT_83843] [db_xref=InterPro:IPR001547,JGIDB:Mycgr3_83843] [protein=exo-beta-1,3-glucanase glycosyl hydrolase family 5] [protein_id=EGP91339.1] [location=join(3183157..3183338,3183428..3183477,3183541..3185159)] [gbkey=CDS]",0.5147313691507799
"lcl|CM001196.1_cds_EGP92285.1_1039 [locus_tag=MYCGRDRAFT_89513] [db_xref=InterPro:IPR000719,JGIDB:Mycgr3_89513] [protein=Ca2+/calmodulin-dependent protein kinase] [protein_id=EGP92285.1] [location=complement(join(3188967..3188981,3189372..3191352,3191406..3191482))] [gbkey=CDS]",0.4086181277860327
"lcl|CM001196.1_cds_EGP91340.1_1040 [locus_tag=MYCGRDRAFT_89514] [db_xref=InterPro:IPR006139,InterPro:IPR006140,JGIDB:Mycgr3_89514] [protein=hypothetical protein] [protein_id=EGP91340.1] [location=join(3191955..3192079,3192152..3192352,3192430..3192572,3192684..3193066,3193129..3193245)] [gbkey=CDS]",0.476038338658147
"lcl|CM001196.1_cds_EGP91341.1_1042 [locus_tag=MYCGRDRAFT_89515] [db_xref=JGIDB:Mycgr3_89515] [protein=hypothetical protein] [protein_id=EGP91341.1] [location=join(3195834..3196413,3196467..3196564)] [gbkey=CDS]",0.4792626728110599
"lcl|CM001196.1_cds_EGP91342.1_1043 [locus_tag=MYCGRDRAFT_102520] [db_xref=InterPro:IPR007497,JGIDB:Mycgr3_102520] [protein=hypothetical protein] [protein_id=EGP91342.1] [location=3197245..3198003] [gbkey=CDS]",0.4669421487603306
"lcl|CM001196.1_cds_EGP91343.1_1044 [locus_tag=MYCGRDRAFT_89517] [db_xref=JGIDB:Mycgr3_89517] [protein=hypothetical protein] [protein_id=EGP91343.1] [location=join(3201700..3201893,3201950..3202404,3202795..3202808)] [gbkey=CDS]",0.6985645933014354
"lcl|CM001196.1_cds_EGP91344.1_1046 [gene=MgYap1] [locus_tag=MYCGRDRAFT_35076] [db_xref=InterPro:IPR004827,JGIDB:Mycgr3_35076] [protein=bZIP transcription factor] [protein_id=EGP91344.1] [location=join(3204959..3205474,3205528..3206027,3206121..3206855,3206910..3207123)] [gbkey=CDS]",0.5328125
lcl|CM001196.1_cds_EGP92280.1_1050 [locus_tag=MYCGRDRAFT_107296] [db_xref=JGIDB:Mycgr3_107296] [protein=hypothetical protein] [protein_id=EGP92280.1] [location=complement(3216310..3218661)] [gbkey=CDS],0.45695364238410596
"lcl|CM001196.1_cds_EGP91346.1_1051 [locus_tag=MYCGRDRAFT_107297] [db_xref=JGIDB:Mycgr3_107297] [protein=hypothetical protein] [protein_id=EGP91346.1] [location=join(3219955..3220057,3220427..3220758,3220836..3221300)] [gbkey=CDS]",0.4982698961937716
"lcl|CM001196.1_cds_EGP92279.1_1052 [locus_tag=MYCGRDRAFT_102525] [db_xref=InterPro:IPR009799,JGIDB:Mycgr3_102525] [protein=hypothetical protein] [protein_id=EGP92279.1] [location=complement(join(3222952..3223136,3223222..3223342))] [gbkey=CDS]",0.6808510638297872
"lcl|CM001196.1_cds_EGP91347.1_1053 [locus_tag=MYCGRDRAFT_66328] [db_xref=InterPro:IPR005307,JGIDB:Mycgr3_66328] [protein=hypothetical protein] [protein_id=EGP91347.1] [location=join(3233715..3233951,3234007..3234302,3234355..3234409)] [gbkey=CDS]",0.5359116022099447
lcl|CM001196.1_cds_EGP91348.1_1055 [locus_tag=MYCGRDRAFT_107300] [db_xref=JGIDB:Mycgr3_107300] [protein=hypothetical protein] [protein_id=EGP91348.1] [location=3237522..3238928] [gbkey=CDS],0.4613686534216336
lcl|CM001196.1_cds_EGP92277.1_1056 [locus_tag=MYCGRDRAFT_89528] [db_xref=JGIDB:Mycgr3_89528] [protein=hypothetical protein] [protein_id=EGP92277.1] [location=complement(3239605..3242316)] [gbkey=CDS],0.5186440677966102
"lcl|CM001196.1_cds_EGP91349.1_1057 [locus_tag=MYCGRDRAFT_32808] [db_xref=InterPro:IPR001401,JGIDB:Mycgr3_32808] [protein=hypothetical protein] [protein_id=EGP91349.1] [location=join(3244098..3244469,3244611..3244745,3244802..3245581,3245798..3246511)] [gbkey=CDS]",0.6040372670807453
"lcl|CM001196.1_cds_EGP92276.1_1058 [locus_tag=MYCGRDRAFT_35159] [db_xref=InterPro:IPR008333,InterPro:IPR011576,JGIDB:Mycgr3_35159] [protein=hypothetical protein] [protein_id=EGP92276.1] [location=complement(3246790..3248688)] [gbkey=CDS]",0.4820846905537459
"lcl|CM001196.1_cds_EGP92275.1_1059 [locus_tag=MYCGRDRAFT_66333] [db_xref=InterPro:IPR001806,JGIDB:Mycgr3_66333] [protein=hypothetical protein] [protein_id=EGP92275.1] [location=complement(join(3249337..3250020,3250074..3250148))] [gbkey=CDS]",0.43951612903225806
"lcl|CM001196.1_cds_EGP91350.1_1060 [locus_tag=MYCGRDRAFT_31898] [db_xref=InterPro:IPR002916,JGIDB:Mycgr3_31898] [protein=putative FRE ferric reductase-like transmembrane component] [protein_id=EGP91350.1] [location=3252767..3254548] [gbkey=CDS]",0.5599284436493739
"lcl|CM001196.1_cds_EGP92274.1_1061 [locus_tag=MYCGRDRAFT_102530] [db_xref=InterPro:IPR004045,InterPro:IPR004046,JGIDB:Mycgr3_102530] [protein=hypothetical protein] [protein_id=EGP92274.1] [location=complement(join(3255152..3255400,3255459..3255645,3255705..3255718,3255787..3255973,3256044..3256082,3256137..3256178,3256243..3256277))] [gbkey=CDS]",0.6932773109243697
lcl|CM001196.1_cds_EGP91351.1_1062 [locus_tag=MYCGRDRAFT_102532] [db_xref=JGIDB:Mycgr3_102532] [protein=hypothetical protein] [protein_id=EGP91351.1] [location=3256831..3257460] [gbkey=CDS],0.5320197044334976
"lcl|CM001196.1_cds_EGP92271.1_1065 [locus_tag=MYCGRDRAFT_107306] [db_xref=InterPro:IPR000717,JGIDB:Mycgr3_107306] [protein=hypothetical protein] [protein_id=EGP92271.1] [location=complement(join(3264056..3264149,3264203..3265638))] [gbkey=CDS]",0.5742971887550201
"lcl|CM001196.1_cds_EGP91353.1_1067 [locus_tag=MYCGRDRAFT_53300] [db_xref=InterPro:IPR002784,InterPro:IPR005824,JGIDB:Mycgr3_53300] [protein=hypothetical protein] [protein_id=EGP91353.1] [location=join(3269685..3269701,3269764..3269872,3269963..3270226,3270371..3270421)] [gbkey=CDS]",0.7142857142857143
"lcl|CM001196.1_cds_EGP91354.1_1068 [locus_tag=MYCGRDRAFT_102540] [db_xref=InterPro:IPR002715,JGIDB:Mycgr3_102540] [protein=hypothetical protein] [protein_id=EGP91354.1] [location=join(3270999..3271288,3271343..3271670)] [gbkey=CDS]",0.681592039800995
"lcl|CM001196.1_cds_EGP91355.1_1069 [locus_tag=MYCGRDRAFT_102541] [db_xref=JGIDB:Mycgr3_102541] [protein=hypothetical protein] [protein_id=EGP91355.1] [location=join(3272083..3272094,3272216..3272611,3272697..3272783,3272843..3272872)] [gbkey=CDS]",0.6764705882352942
"lcl|CM001196.1_cds_EGP92270.1_1070 [locus_tag=MYCGRDRAFT_31572] [db_xref=InterPro:IPR006680,JGIDB:Mycgr3_31572] [protein=hypothetical protein] [protein_id=EGP92270.1] [location=complement(join(3273568..3274887,3274940..3275133,3275184..3275247,3275301..3275467,3275532..3275653,3275763..3276026,3276114..3276799))] [gbkey=CDS]",0.5065645514223195
"lcl|CM001196.1_cds_EGP91356.1_1071 [locus_tag=MYCGRDRAFT_31676] [db_xref=InterPro:IPR007087,JGIDB:Mycgr3_31676] [protein=hypothetical protein] [protein_id=EGP91356.1] [location=3282702..3282995] [gbkey=CDS]",0.6153846153846154
"lcl|CM001196.1_cds_EGP92269.1_1072 [locus_tag=MYCGRDRAFT_66364] [db_xref=InterPro:IPR007279,JGIDB:Mycgr3_66364] [protein=hypothetical protein] [protein_id=EGP92269.1] [location=complement(3283960..3287025)] [gbkey=CDS]",0.5040567951318459
"lcl|CM001196.1_cds_EGP92268.1_1073 [locus_tag=MYCGRDRAFT_66368] [db_xref=JGIDB:Mycgr3_66368] [protein=hypothetical protein] [protein_id=EGP92268.1] [location=complement(join(3287574..3287937,3287995..3288291,3288353..3288591))] [gbkey=CDS]",0.524822695035461
lcl|CM001196.1_cds_EGP92267.1_1074 [locus_tag=MYCGRDRAFT_107313] [db_xref=JGIDB:Mycgr3_107313] [protein=hypothetical protein] [protein_id=EGP92267.1] [location=complement(3289831..3291003)] [gbkey=CDS],0.5170603674540682
"lcl|CM001196.1_cds_EGP91357.1_1077 [locus_tag=MYCGRDRAFT_66375] [db_xref=InterPro:IPR000905,JGIDB:Mycgr3_66375] [protein=hypothetical protein] [protein_id=EGP91357.1] [location=join(3300579..3300753,3300836..3302022)] [gbkey=CDS]",0.4
"lcl|CM001196.1_cds_EGP91358.1_1078 [locus_tag=MYCGRDRAFT_66377] [db_xref=JGIDB:Mycgr3_66377] [protein=hypothetical protein] [protein_id=EGP91358.1] [location=join(3307780..3307889,3307939..3308575,3308646..3308852)] [gbkey=CDS]",0.4707792207792208
"lcl|CM001196.1_cds_EGP92264.1_1079 [locus_tag=MYCGRDRAFT_98569] [db_xref=JGIDB:Mycgr3_98569] [protein=hypothetical protein] [protein_id=EGP92264.1] [location=complement(join(3308866..3309196,3309349..3309644,3309701..3309925))] [gbkey=CDS]",0.4612546125461255
"lcl|CM001196.1_cds_EGP91359.1_1080 [locus_tag=MYCGRDRAFT_34033] [db_xref=JGIDB:Mycgr3_34033] [protein=hypothetical protein] [protein_id=EGP91359.1] [location=join(3310666..3311095,3311149..3311317,3311372..3311711)] [gbkey=CDS]",0.5067114093959731
"lcl|CM001196.1_cds_EGP92263.1_1081 [locus_tag=MYCGRDRAFT_107316] [db_xref=InterPro:IPR001075,JGIDB:Mycgr3_107316] [protein=hypothetical protein] [protein_id=EGP92263.1] [location=complement(3316594..3317547)] [gbkey=CDS]",0.4806451612903226
"lcl|CM001196.1_cds_EGP92261.1_1083 [locus_tag=MYCGRDRAFT_89550] [db_xref=JGIDB:Mycgr3_89550] [protein=hypothetical protein] [protein_id=EGP92261.1] [location=complement(join(3323564..3323898,3324547..3324676))] [gbkey=CDS]",0.4315068493150685
"lcl|CM001196.1_cds_EGP91360.1_1084 [locus_tag=MYCGRDRAFT_107317] [db_xref=JGIDB:Mycgr3_107317] [protein=hypothetical protein] [protein_id=EGP91360.1] [location=join(3324904..3324984,3325224..3325266,3325325..3325346,3325400..3325532,3325590..3326573)] [gbkey=CDS]",0.4275184275184275
"lcl|CM001196.1_cds_EGP92260.1_1085 [locus_tag=MYCGRDRAFT_66382] [db_xref=InterPro:IPR003114,JGIDB:Mycgr3_66382] [protein=hypothetical protein] [protein_id=EGP92260.1] [location=complement(join(3327315..3327681,3328738..3328946,3329136..3329554,3329614..3330064))] [gbkey=CDS]",0.4698275862068966
"lcl|CM001196.1_cds_EGP92259.1_1087 [locus_tag=MYCGRDRAFT_66386] [db_xref=JGIDB:Mycgr3_66386] [protein=hypothetical protein] [protein_id=EGP92259.1] [location=complement(join(3331044..3331098,3331155..3332917))] [gbkey=CDS]",0.48700173310225303
lcl|CM001196.1_cds_EGP92258.1_1088 [locus_tag=MYCGRDRAFT_102552] [db_xref=JGIDB:Mycgr3_102552] [protein=hypothetical protein] [protein_id=EGP92258.1] [location=complement(3333845..3334237)] [gbkey=CDS],0.432
"lcl|CM001196.1_cds_EGP92256.1_1090 [locus_tag=MYCGRDRAFT_107319] [db_xref=InterPro:IPR000999,JGIDB:Mycgr3_107319] [protein=hypothetical protein] [protein_id=EGP92256.1] [location=complement(join(3336646..3336731,3336791..3336952,3337008..3337228,3337433..3337491,3337950..3338008,3338429..3338607,3338659..3339220,3339272..3339393,3339449..3339522))] [gbkey=CDS]",0.5436105476673428
"lcl|CM001196.1_cds_EGP92255.1_1091 [locus_tag=MYCGRDRAFT_107320] [db_xref=InterPro:IPR001138,InterPro:IPR007219,JGIDB:Mycgr3_107320] [protein=hypothetical protein] [protein_id=EGP92255.1] [location=complement(3341260..3343119)] [gbkey=CDS]",0.5135135135135135
"lcl|CM001196.1_cds_EGP92254.1_1092 [locus_tag=MYCGRDRAFT_66394] [db_xref=InterPro:IPR004843,JGIDB:Mycgr3_66394] [protein=hypothetical protein] [protein_id=EGP92254.1] [location=complement(join(3344920..3346620,3346676..3346690))] [gbkey=CDS]",0.48363636363636364
"lcl|CM001196.1_cds_EGP91362.1_1093 [locus_tag=MYCGRDRAFT_66397] [db_xref=JGIDB:Mycgr3_66397] [protein=hypothetical protein] [protein_id=EGP91362.1] [location=join(3346967..3347905,3347958..3348212)] [gbkey=CDS]",0.48320413436692505
"lcl|CM001196.1_cds_EGP91363.1_1094 [locus_tag=MYCGRDRAFT_98572] [db_xref=JGIDB:Mycgr3_98572] [protein=hypothetical protein] [protein_id=EGP91363.1] [location=join(3348650..3352292,3359485..3359552)] [gbkey=CDS]",0.49498327759197325
"lcl|CM001196.1_cds_EGP92253.1_1095 [locus_tag=MYCGRDRAFT_35196] [db_xref=InterPro:IPR006931,JGIDB:Mycgr3_35196] [protein=calcipressin] [protein_id=EGP92253.1] [location=complement(3361399..3362148)] [gbkey=CDS]",0.5145228215767634
"lcl|CM001196.1_cds_EGP92252.1_1096 [locus_tag=MYCGRDRAFT_33937] [db_xref=InterPro:IPR001650,InterPro:IPR011545,JGIDB:Mycgr3_33937] [protein=hypothetical protein] [protein_id=EGP92252.1] [location=complement(join(3363514..3363872,3363927..3366687,3366895..3367212))] [gbkey=CDS]",0.5081081081081081
"lcl|CM001196.1_cds_EGP91364.1_1097 [locus_tag=MYCGRDRAFT_89562] [db_xref=JGIDB:Mycgr3_89562] [protein=hypothetical protein] [protein_id=EGP91364.1] [location=join(3367829..3368395,3368817..3368927)] [gbkey=CDS]",0.481981981981982
"lcl|CM001196.1_cds_EGP91366.1_1099 [locus_tag=MYCGRDRAFT_107324] [db_xref=InterPro:IPR001138,JGIDB:Mycgr3_107324] [protein=hypothetical protein] [protein_id=EGP91366.1] [location=join(3373516..3373968,3374161..3374632,3374690..3375025,3375231..3375268)] [gbkey=CDS]",0.44711538461538464
"lcl|CM001196.1_cds_EGP92251.1_1100 [locus_tag=MYCGRDRAFT_83867] [db_xref=InterPro:IPR006140,JGIDB:Mycgr3_83867] [protein=hypothetical protein] [protein_id=EGP92251.1] [location=complement(join(3375777..3376740,3376796..3376836))] [gbkey=CDS]",0.47468354430379744
"lcl|CM001196.1_cds_EGP92250.1_1101 [gene=HIT] [locus_tag=MYCGRDRAFT_32870] [db_xref=InterPro:IPR001310,JGIDB:Mycgr3_32870] [protein=zinc-binding protein of the histidine triad] [protein_id=EGP92250.1] [location=complement(join(3378283..3378469,3378730..3379166))] [gbkey=CDS]",0.457286432160804
"lcl|CM001196.1_cds_EGP92249.1_1102 [locus_tag=MYCGRDRAFT_53364] [db_xref=InterPro:IPR004367,InterPro:IPR006671,JGIDB:Mycgr3_53364] [protein=hypothetical protein] [protein_id=EGP92249.1] [location=complement(join(3379894..3379994,3380049..3381420,3381496..3381504))] [gbkey=CDS]",0.6215644820295984
"lcl|CM001196.1_cds_EGP91367.1_1103 [locus_tag=MYCGRDRAFT_53366] [db_xref=InterPro:IPR002171,JGIDB:Mycgr3_53366] [protein=hypothetical protein] [protein_id=EGP91367.1] [location=join(3382518..3383522,3383578..3383676)] [gbkey=CDS]",0.4704225352112676
lcl|CM001196.1_cds_EGP92248.1_1104 [locus_tag=MYCGRDRAFT_107327] [db_xref=JGIDB:Mycgr3_107327] [protein=hypothetical protein] [protein_id=EGP92248.1] [location=complement(3384981..3387464)] [gbkey=CDS],0.4353826850690088
"lcl|CM001196.1_cds_EGP92247.1_1105 [locus_tag=MYCGRDRAFT_31477] [db_xref=InterPro:IPR000312,JGIDB:Mycgr3_31477] [protein=hypothetical protein] [protein_id=EGP92247.1] [location=complement(join(3389524..3390444,3390503..3390823))] [gbkey=CDS]",0.41457286432160806
lcl|CM001196.1_cds_EGP91368.1_1106 [locus_tag=MYCGRDRAFT_66422] [db_xref=JGIDB:Mycgr3_66422] [protein=hypothetical protein] [protein_id=EGP91368.1] [location=3391091..3392068] [gbkey=CDS],0.3785488958990536
"lcl|CM001196.1_cds_EGP91369.1_1107 [locus_tag=MYCGRDRAFT_66426] [db_xref=InterPro:IPR001206,JGIDB:Mycgr3_66426] [protein=hypothetical protein] [protein_id=EGP91369.1] [location=join(3392545..3393963,3394027..3394161)] [gbkey=CDS]",0.42714570858283435
lcl|CM001196.1_cds_EGP91371.1_1109 [locus_tag=MYCGRDRAFT_89574] [db_xref=JGIDB:Mycgr3_89574] [protein=hypothetical protein] [protein_id=EGP91371.1] [location=3397800..3398438] [gbkey=CDS],0.41545893719806765
"lcl|CM001196.1_cds_EGP91372.1_1110 [locus_tag=MYCGRDRAFT_89575] [db_xref=InterPro:IPR002893,JGIDB:Mycgr3_89575] [protein=hypothetical protein] [protein_id=EGP91372.1] [location=join(3399053..3400111,3400253..3400696)] [gbkey=CDS]",0.4711934156378601
"lcl|CM001196.1_cds_EGP92246.1_1111 [locus_tag=MYCGRDRAFT_98580] [db_xref=InterPro:IPR008427,JGIDB:Mycgr3_98580] [protein=hypothetical protein] [protein_id=EGP92246.1] [location=complement(join(3401250..3401572,3401631..3401858,3401912..3402095,3402239..3402316))] [gbkey=CDS]",0.6589147286821705
"lcl|CM001196.1_cds_EGP92245.1_1112 [locus_tag=MYCGRDRAFT_98581] [db_xref=InterPro:IPR001279,JGIDB:Mycgr3_98581] [protein=hypothetical protein] [protein_id=EGP92245.1] [location=complement(join(3418955..3419244,3419304..3420048))] [gbkey=CDS]",0.459214501510574
"lcl|CM001196.1_cds_EGP92244.1_1113 [locus_tag=MYCGRDRAFT_32304] [db_xref=InterPro:IPR001163,JGIDB:Mycgr3_32304] [protein=hypothetical protein] [protein_id=EGP92244.1] [location=complement(join(3424396..3424569,3424617..3424732,3424787..3424855,3424925..3424964))] [gbkey=CDS]",0.4573643410852713
"lcl|CM001196.1_cds_EGP91373.1_1114 [locus_tag=MYCGRDRAFT_34254] [db_xref=JGIDB:Mycgr3_34254] [protein=hypothetical protein] [protein_id=EGP91373.1] [location=join(3425287..3425446,3425513..3428472)] [gbkey=CDS]",0.46520874751491054
"lcl|CM001196.1_cds_EGP91374.1_1115 [locus_tag=MYCGRDRAFT_53381] [db_xref=JGIDB:Mycgr3_53381] [protein=hypothetical protein] [protein_id=EGP91374.1] [location=join(3428931,3428991..3429112,3429171..3429857)] [gbkey=CDS]",0.4827586206896552
"lcl|CM001196.1_cds_EGP91375.1_1116 [locus_tag=MYCGRDRAFT_102569] [db_xref=InterPro:IPR000740,JGIDB:Mycgr3_102569] [protein=hypothetical protein] [protein_id=EGP91375.1] [location=join(3430140..3430433,3430490..3430891,3430944..3430976)] [gbkey=CDS]",0.4830508474576271
"lcl|CM001196.1_cds_EGP92243.1_1117 [locus_tag=MYCGRDRAFT_102570] [db_xref=JGIDB:Mycgr3_102570] [protein=hypothetical protein] [protein_id=EGP92243.1] [location=complement(join(3431752..3431853,3431906..3432211))] [gbkey=CDS]",0.421875
"lcl|CM001196.1_cds_EGP91376.1_1118 [locus_tag=MYCGRDRAFT_98585] [db_xref=InterPro:IPR002300,JGIDB:Mycgr3_98585] [protein=hypothetical protein] [protein_id=EGP91376.1] [location=3432483..3435947] [gbkey=CDS]",0.6083788706739527
"lcl|CM001196.1_cds_EGP92242.1_1119 [gene=MgMoo] [locus_tag=MYCGRDRAFT_107335] [db_xref=InterPro:IPR007828,JGIDB:Mycgr3_107335] [protein=inositol oxygenase protein] [protein_id=EGP92242.1] [location=complement(join(3436065..3436125,3436404..3437269))] [gbkey=CDS]",0.6758620689655173
"lcl|CM001196.1_cds_EGP91377.1_1120 [locus_tag=MYCGRDRAFT_98587] [db_xref=InterPro:IPR001395,JGIDB:Mycgr3_98587] [protein=hypothetical protein] [protein_id=EGP91377.1] [location=join(3438250..3438387,3438527..3438858,3438922..3439006,3439059..3439236,3439308..3439492)] [gbkey=CDS]",0.511864406779661
lcl|CM001196.1_cds_EGP92241.1_1121 [locus_tag=MYCGRDRAFT_33552] [db_xref=JGIDB:Mycgr3_33552] [protein=hypothetical protein] [protein_id=EGP92241.1] [location=complement(3439612..3439938)] [gbkey=CDS],0.4857142857142857
"lcl|CM001196.1_cds_EGP92240.1_1123 [locus_tag=MYCGRDRAFT_98589] [db_xref=InterPro:IPR002085,JGIDB:Mycgr3_98589] [protein=hypothetical protein] [protein_id=EGP92240.1] [location=complement(join(3443653..3443964,3444020..3444796,3444851..3444904))] [gbkey=CDS]",0.44086021505376344
"lcl|CM001196.1_cds_EGP91379.1_1124 [locus_tag=MYCGRDRAFT_33741] [db_xref=InterPro:IPR002198,JGIDB:Mycgr3_33741] [protein=hypothetical protein] [protein_id=EGP91379.1] [location=join(3445188..3445316,3445376..3446032)] [gbkey=CDS]",0.536
"lcl|CM001196.1_cds_EGP92239.1_1125 [gene=GTE2401] [locus_tag=MYCGRDRAFT_107338] [db_xref=InterPro:IPR001487,JGIDB:Mycgr3_107338] [protein=transcription initiation factor] [protein_id=EGP92239.1] [location=complement(3448285..3450984)] [gbkey=CDS]",0.5102974828375286
"lcl|CM001196.1_cds_EGP91380.1_1126 [locus_tag=MYCGRDRAFT_107339] [db_xref=JGIDB:Mycgr3_107339] [protein=hypothetical protein] [protein_id=EGP91380.1] [location=join(3451851..3451885,3452441..3453851,3454103..3454136,3454237..3454244,3454418..3454438,3454541..3454545,3454939..3455629,3455684..3455914,3456329..3457504)] [gbkey=CDS]",0.46297872340425533
"lcl|CM001196.1_cds_EGP92238.1_1127 [locus_tag=MYCGRDRAFT_89590] [db_xref=InterPro:IPR000073,JGIDB:Mycgr3_89590] [protein=hypothetical protein] [protein_id=EGP92238.1] [location=complement(3464736..3465692)] [gbkey=CDS]",0.4868421052631579
"lcl|CM001196.1_cds_EGP92237.1_1128 [locus_tag=MYCGRDRAFT_107340] [db_xref=JGIDB:Mycgr3_107340] [protein=hypothetical protein] [protein_id=EGP92237.1] [location=complement(join(3467718..3467804,3467915..3468262,3468316..3469152,3469214..3469365,3469518..3469554))] [gbkey=CDS]",0.46710526315789475
"lcl|CM001196.1_cds_EGP92236.1_1129 [locus_tag=MYCGRDRAFT_66454] [db_xref=JGIDB:Mycgr3_66454] [protein=hypothetical protein] [protein_id=EGP92236.1] [location=complement(join(3470047..3470336,3470390..3470621,3470676..3471221))] [gbkey=CDS]",0.5542521994134897
"lcl|CM001196.1_cds_EGP91381.1_1130 [locus_tag=MYCGRDRAFT_89592] [db_xref=InterPro:IPR001810,JGIDB:Mycgr3_89592] [protein=hypothetical protein] [protein_id=EGP91381.1] [location=3471722..3472426] [gbkey=CDS]",0.5066666666666667
"lcl|CM001196.1_cds_EGP92235.1_1131 [locus_tag=MYCGRDRAFT_89593] [db_xref=JGIDB:Mycgr3_89593] [protein=hypothetical protein] [protein_id=EGP92235.1] [location=complement(join(3473540..3473602,3473663..3474814,3474875..3475654))] [gbkey=CDS]",0.4552590266875981
"lcl|CM001196.1_cds_EGP91382.1_1132 [locus_tag=MYCGRDRAFT_98591] [db_xref=JGIDB:Mycgr3_98591] [protein=hypothetical protein] [frame=2] [partial=5'] [protein_id=EGP91382.1] [location=join(<3476331..3476744,3476810..3477387,3477438..3477457)] [gbkey=CDS]",0.5339506172839507
"lcl|CM001196.1_cds_EGP91383.1_1133 [locus_tag=MYCGRDRAFT_66460] [db_xref=InterPro:IPR000008,JGIDB:Mycgr3_66460] [protein=hypothetical protein] [protein_id=EGP91383.1] [location=join(3478337..3478393,3478460..3478624,3478683..3479182,3479233..3479692,3479784..3482210,3482271..3482291)] [gbkey=CDS]",0.5862068965517241
"lcl|CM001196.1_cds_EGP91384.1_1134 [locus_tag=MYCGRDRAFT_66463] [db_xref=InterPro:IPR001155,JGIDB:Mycgr3_66463] [protein=hypothetical protein] [protein_id=EGP91384.1] [location=join(3482966..3483936,3484035..3484191)] [gbkey=CDS]",0.5333333333333333
"lcl|CM001196.1_cds_EGP92234.1_1135 [locus_tag=MYCGRDRAFT_107344] [db_xref=InterPro:IPR002208,JGIDB:Mycgr3_107344] [protein=hypothetical protein] [protein_id=EGP92234.1] [location=complement(join(3485508..3485583,3485633..3486203,3486254..3486865,3486919..3487080,3487236..3487245))] [gbkey=CDS]",0.6391982182628062
"lcl|CM001196.1_cds_EGP92233.1_1136 [locus_tag=MYCGRDRAFT_83894] [db_xref=InterPro:IPR001993,JGIDB:Mycgr3_83894] [protein=hypothetical protein] [protein_id=EGP92233.1] [location=complement(join(3487732..3488409,3488470..3488571,3488626..3488630,3488686..3488809))] [gbkey=CDS]",0.44405594405594406
"lcl|CM001196.1_cds_EGP91385.1_1137 [locus_tag=MYCGRDRAFT_66469] [db_xref=InterPro:IPR002319,InterPro:IPR005121,JGIDB:Mycgr3_66469] [protein=hypothetical protein] [protein_id=EGP91385.1] [location=join(3489146..3489254,3489468..3490852)] [gbkey=CDS]",0.47401247401247404
"lcl|CM001196.1_cds_EGP91386.1_1138 [locus_tag=MYCGRDRAFT_53419] [db_xref=InterPro:IPR003594,JGIDB:Mycgr3_53419] [protein=hypothetical protein] [protein_id=EGP91386.1] [location=join(3491363..3491381,3491439..3491534,3491591..3491739,3491799..3492878)] [gbkey=CDS]",0.4918793503480278
"lcl|CM001196.1_cds_EGP92232.1_1139 [gene=CYP-15] [locus_tag=MYCGRDRAFT_107346] [db_xref=InterPro:IPR001128,JGIDB:Mycgr3_107346] [protein=putative P450 monooxygenase] [protein_id=EGP92232.1] [location=complement(join(3493533..3493592,3493650..3493836,3493894..3494601,3494658..3494890,3494945..3495035,3495168..3495355,3495414..3495479))] [gbkey=CDS]",0.5154004106776181
lcl|CM001196.1_cds_EGP92230.1_1142 [locus_tag=MYCGRDRAFT_89603] [db_xref=JGIDB:Mycgr3_89603] [protein=hypothetical protein] [protein_id=EGP92230.1] [location=complement(3500041..3500850)] [gbkey=CDS],0.55
lcl|CM001196.1_cds_EGP92229.1_1143 [locus_tag=MYCGRDRAFT_89604] [db_xref=JGIDB:Mycgr3_89604] [protein=hypothetical protein] [protein_id=EGP92229.1] [location=complement(3502175..3503059)] [gbkey=CDS],0.45422535211267606
"lcl|CM001196.1_cds_EGP91388.1_1144 [locus_tag=MYCGRDRAFT_83899] [db_xref=InterPro:IPR000195,JGIDB:Mycgr3_83899] [protein=hypothetical protein] [protein_id=EGP91388.1] [location=join(3504585..3504881,3504935..3505033,3505215..3507035,3507100..3507168)] [gbkey=CDS]",0.5543478260869565
lcl|CM001196.1_cds_EGP92227.1_1146 [locus_tag=MYCGRDRAFT_78715] [db_xref=JGIDB:Mycgr3_78715] [protein=hypothetical protein] [protein_id=EGP92227.1] [location=complement(3511652..3512017)] [gbkey=CDS],0.5384615384615384
lcl|CM001196.1_cds_EGP92225.1_1148 [locus_tag=MYCGRDRAFT_89608] [db_xref=JGIDB:Mycgr3_89608] [protein=hypothetical protein] [protein_id=EGP92225.1] [location=complement(3518416..3520164)] [gbkey=CDS],0.4774305555555556
"lcl|CM001196.1_cds_EGP91389.1_1149 [locus_tag=MYCGRDRAFT_35039] [db_xref=InterPro:IPR000804,JGIDB:Mycgr3_35039] [protein=hypothetical protein] [protein_id=EGP91389.1] [location=join(3521267..3521335,3521392..3521862)] [gbkey=CDS]",0.5227272727272727
"lcl|CM001196.1_cds_EGP92224.1_1150 [locus_tag=MYCGRDRAFT_102585] [db_xref=InterPro:IPR000711,JGIDB:Mycgr3_102585] [protein=hypothetical protein] [protein_id=EGP92224.1] [location=complement(join(3522475..3522588,3522639..3523049,3523107..3523268))] [gbkey=CDS]",0.7013574660633484
"lcl|CM001196.1_cds_EGP91390.1_1151 [locus_tag=MYCGRDRAFT_89611] [db_xref=JGIDB:Mycgr3_89611] [protein=hypothetical protein] [protein_id=EGP91390.1] [location=join(3524220..3524422,3524476..3525184)] [gbkey=CDS]",0.6180555555555556
"lcl|CM001196.1_cds_EGP91391.1_1153 [locus_tag=MYCGRDRAFT_33739] [db_xref=InterPro:IPR004038,JGIDB:Mycgr3_33739] [protein=hypothetical protein] [protein_id=EGP91391.1] [location=join(3527092..3527242,3527307..3527677)] [gbkey=CDS]",0.6331360946745562
"lcl|CM001196.1_cds_EGP92222.1_1154 [gene=GGS1] [locus_tag=MYCGRDRAFT_33174] [db_xref=InterPro:IPR000092,JGIDB:Mycgr3_33174] [protein=geranylgeranyl diphosphate synthase 1] [protein_id=EGP92222.1] [location=complement(3528040..3529071)] [gbkey=CDS]",0.5735735735735735
"lcl|CM001196.1_cds_EGP92221.1_1155 [locus_tag=MYCGRDRAFT_107351] [db_xref=InterPro:IPR001567,JGIDB:Mycgr3_107351] [protein=hypothetical protein] [protein_id=EGP92221.1] [location=complement(join(3530669..3531236,3531334..3531401,3531460..3531530,3531655..3531875,3532008..3532084))] [gbkey=CDS]",0.5325077399380805
"lcl|CM001196.1_cds_EGP92220.1_1156 [locus_tag=MYCGRDRAFT_66489] [db_xref=InterPro:IPR005828,JGIDB:Mycgr3_66489] [protein=hypothetical protein] [protein_id=EGP92220.1] [location=complement(join(3534041..3534320,3534450..3535837))] [gbkey=CDS]",0.5445920303605313
lcl|CM001196.1_cds_EGP92219.1_1158 [locus_tag=MYCGRDRAFT_89618] [db_xref=JGIDB:Mycgr3_89618] [protein=hypothetical protein] [protein_id=EGP92219.1] [location=complement(3541433..3542011)] [gbkey=CDS],0.4945054945054945
"lcl|CM001196.1_cds_EGP91393.1_1159 [locus_tag=MYCGRDRAFT_102589] [db_xref=InterPro:IPR000889,JGIDB:Mycgr3_102589] [protein=hypothetical protein] [protein_id=EGP91393.1] [location=join(3542843..3543002,3543072..3543421)] [gbkey=CDS]",0.7469135802469136
"lcl|CM001196.1_cds_EGP92218.1_1160 [locus_tag=MYCGRDRAFT_107354] [db_xref=JGIDB:Mycgr3_107354] [protein=hypothetical protein] [protein_id=EGP92218.1] [location=complement(join(3543513..3543545,3543604..3544131))] [gbkey=CDS]",0.4748603351955307
"lcl|CM001196.1_cds_EGP92217.1_1162 [gene=MgCDC14] [locus_tag=MYCGRDRAFT_83907] [db_xref=InterPro:IPR000340,JGIDB:Mycgr3_83907] [protein=MgCDC14, mitotic control protein tyrosine phosphatase cdc14] [protein_id=EGP92217.1] [location=complement(join(3547428..3547634,3547686..3548998,3549049..3549372,3549430..3549538))] [gbkey=CDS]",0.4840764331210191
"lcl|CM001196.1_cds_EGP91395.1_1163 [locus_tag=MYCGRDRAFT_107355] [db_xref=JGIDB:Mycgr3_107355] [protein=hypothetical protein] [protein_id=EGP91395.1] [location=join(3550185..3550481,3550620..3550717,3550786..3551112,3551164..3551238,3551366..3551945,3552140..3552196)] [gbkey=CDS]",0.49130434782608695
"lcl|CM001196.1_cds_EGP91396.1_1164 [locus_tag=MYCGRDRAFT_66501] [db_xref=InterPro:IPR001138,InterPro:IPR007219,JGIDB:Mycgr3_66501] [protein=hypothetical protein] [protein_id=EGP91396.1] [location=join(3553399..3553475,3553532..3556154)] [gbkey=CDS]",0.4772209567198178
"lcl|CM001196.1_cds_EGP91397.1_1165 [locus_tag=MYCGRDRAFT_53447] [db_xref=InterPro:IPR008462,JGIDB:Mycgr3_53447] [protein=hypothetical protein] [protein_id=EGP91397.1] [location=join(3556691..3556732,3556792..3556864,3556920..3557121,3557191..3557398)] [gbkey=CDS]",0.5672514619883041
"lcl|CM001196.1_cds_EGP91398.1_1166 [locus_tag=MYCGRDRAFT_66507] [db_xref=InterPro:IPR002504,JGIDB:Mycgr3_66507] [protein=hypothetical protein] [protein_id=EGP91398.1] [location=join(3558466..3559151,3559209..3559878)] [gbkey=CDS]",0.43317972350230416
"lcl|CM001196.1_cds_EGP91399.1_1167 [locus_tag=MYCGRDRAFT_53455] [db_xref=InterPro:IPR010619,JGIDB:Mycgr3_53455] [protein=hypothetical protein] [protein_id=EGP91399.1] [location=join(3562149..3562901,3562960..3564174)] [gbkey=CDS]",0.5488958990536278
"lcl|CM001196.1_cds_EGP91400.1_1168 [locus_tag=MYCGRDRAFT_78728] [db_xref=InterPro:IPR000612,JGIDB:Mycgr3_78728] [protein=hypothetical protein] [protein_id=EGP91400.1] [location=join(3565351..3565367,3565497..3565631,3565695..3565716)] [gbkey=CDS]",0.7857142857142857
"lcl|CM001196.1_cds_EGP92216.1_1169 [locus_tag=MYCGRDRAFT_107360] [db_xref=InterPro:IPR001045,JGIDB:Mycgr3_107360] [protein=hypothetical protein] [protein_id=EGP92216.1] [location=complement(join(3566315..3566592,3566654..3567220,3567286..3567316))] [gbkey=CDS]",0.6438848920863309
lcl|CM001196.1_cds_EGP91401.1_1170 [locus_tag=MYCGRDRAFT_34363] [db_xref=JGIDB:Mycgr3_34363] [protein=hypothetical protein] [protein_id=EGP91401.1] [location=3568047..3568901] [gbkey=CDS],0.4416058394160584
"lcl|CM001196.1_cds_EGP92215.1_1171 [locus_tag=MYCGRDRAFT_102601] [db_xref=InterPro:IPR006822,JGIDB:Mycgr3_102601] [protein=hypothetical protein] [protein_id=EGP92215.1] [location=complement(3569024..3569920)] [gbkey=CDS]",0.5753424657534246
lcl|CM001196.1_cds_EGP92214.1_1172 [locus_tag=MYCGRDRAFT_102602] [db_xref=JGIDB:Mycgr3_102602] [protein=hypothetical protein] [protein_id=EGP92214.1] [location=complement(3570348..3570638)] [gbkey=CDS],0.3225806451612903
"lcl|CM001196.1_cds_EGP92213.1_1173 [locus_tag=MYCGRDRAFT_98609] [db_xref=JGIDB:Mycgr3_98609] [protein=hypothetical protein] [protein_id=EGP92213.1] [location=complement(join(3570838..3570867,3570917..3572103,3572168..3572261))] [gbkey=CDS]",0.4238875878220141
lcl|CM001196.1_cds_EGP92212.1_1175 [locus_tag=MYCGRDRAFT_66524] [db_xref=JGIDB:Mycgr3_66524] [protein=hypothetical protein] [protein_id=EGP92212.1] [location=complement(3579418..3580806)] [gbkey=CDS],0.5749440715883669
lcl|CM001196.1_cds_EGP91403.1_1176 [locus_tag=MYCGRDRAFT_89632] [db_xref=JGIDB:Mycgr3_89632] [protein=hypothetical protein] [protein_id=EGP91403.1] [location=3588116..3590251] [gbkey=CDS],0.45244956772334294
"lcl|CM001196.1_cds_EGP92211.1_1177 [locus_tag=MYCGRDRAFT_107363] [db_xref=JGIDB:Mycgr3_107363] [protein=hypothetical protein] [protein_id=EGP92211.1] [location=complement(join(3590489..3592101,3592158..3592389))] [gbkey=CDS]",0.47571189279731996
"lcl|CM001196.1_cds_EGP92209.1_1179 [locus_tag=MYCGRDRAFT_89635] [db_xref=InterPro:IPR002198,JGIDB:Mycgr3_89635] [protein=hypothetical protein] [protein_id=EGP92209.1] [location=complement(join(3599949..3600003,3600054..3600279,3600344..3600427,3600487..3600859))] [gbkey=CDS]",0.4767932489451477
"lcl|CM001196.1_cds_EGP92208.1_1180 [locus_tag=MYCGRDRAFT_32502] [db_xref=InterPro:IPR001357,JGIDB:Mycgr3_32502] [protein=hypothetical protein] [protein_id=EGP92208.1] [location=complement(join(3601275..3601602,3601660..3603929,3603972..3604610))] [gbkey=CDS]",0.5436241610738255
"lcl|CM001196.1_cds_EGP91404.1_1181 [locus_tag=MYCGRDRAFT_66529] [db_xref=InterPro:IPR000114,JGIDB:Mycgr3_66529] [protein=hypothetical protein] [protein_id=EGP91404.1] [location=join(3604943..3605006,3605064..3605701)] [gbkey=CDS]",0.4611872146118721
lcl|CM001196.1_cds_EGP91405.1_1182 [locus_tag=MYCGRDRAFT_89637] [db_xref=JGIDB:Mycgr3_89637] [protein=hypothetical protein] [protein_id=EGP91405.1] [location=3605936..3606865] [gbkey=CDS],0.5148514851485149
"lcl|CM001196.1_cds_EGP92207.1_1183 [locus_tag=MYCGRDRAFT_190509] [db_xref=InterPro:IPR003439,InterPro:IPR010509,JGIDB:Mycgr3_190509] [protein=putative ABC transporter] [protein_id=EGP92207.1] [location=complement(join(3609365..3610442,3610506..3611587))] [gbkey=CDS]",0.4935064935064935
lcl|CM001196.1_cds_EGP92205.1_1185 [locus_tag=MYCGRDRAFT_89640] [db_xref=JGIDB:Mycgr3_89640] [protein=hypothetical protein] [protein_id=EGP92205.1] [location=complement(3615307..3615705)] [gbkey=CDS],0.4496124031007752
"lcl|CM001196.1_cds_EGP91406.1_1186 [locus_tag=MYCGRDRAFT_66536] [db_xref=InterPro:IPR001126,JGIDB:Mycgr3_66536] [protein=hypothetical protein] [protein_id=EGP91406.1] [location=join(3619335..3619472,3619588..3619791,3619840..3619873,3619928..3621132,3621181..3621390)] [gbkey=CDS]",0.5026086956521739
lcl|CM001196.1_cds_EGP91408.1_1188 [locus_tag=MYCGRDRAFT_102611] [db_xref=JGIDB:Mycgr3_102611] [protein=hypothetical protein] [protein_id=EGP91408.1] [location=3628749..3629153] [gbkey=CDS],0.5038759689922481
"lcl|CM001196.1_cds_EGP92204.1_1189 [locus_tag=MYCGRDRAFT_66540] [db_xref=JGIDB:Mycgr3_66540] [protein=hypothetical protein] [protein_id=EGP92204.1] [location=complement(join(3629684..3629797,3629850..3630296))] [gbkey=CDS]",0.553072625698324
"lcl|CM001196.1_cds_EGP91409.1_1191 [locus_tag=MYCGRDRAFT_34830] [db_xref=JGIDB:Mycgr3_34830] [protein=hypothetical protein] [protein_id=EGP91409.1] [location=join(3632417..3632494,3632552..3633130)] [gbkey=CDS]",0.5147058823529411
"lcl|CM001196.1_cds_EGP91410.1_1193 [locus_tag=MYCGRDRAFT_107371] [db_xref=JGIDB:Mycgr3_107371] [protein=hypothetical protein] [protein_id=EGP91410.1] [location=join(3635715..3636009,3636066..3636545,3637517..3640794)] [gbkey=CDS]",0.43328220858895705
"lcl|CM001196.1_cds_EGP92201.1_1194 [locus_tag=MYCGRDRAFT_89646] [db_xref=JGIDB:Mycgr3_89646] [protein=hypothetical protein] [protein_id=EGP92201.1] [location=complement(join(3642629..3642678,3642730..3642772,3642831..3643010,3643069..3643122))] [gbkey=CDS]",0.5849056603773585
"lcl|CM001196.1_cds_EGP92200.1_1195 [locus_tag=MYCGRDRAFT_89647] [db_xref=JGIDB:Mycgr3_89647] [protein=hypothetical protein] [protein_id=EGP92200.1] [location=complement(join(3644229..3644323,3644388..3644474,3644596..3644737,3644793..3644798))] [gbkey=CDS]",0.5377358490566038
"lcl|CM001196.1_cds_EGP91411.1_1196 [locus_tag=MYCGRDRAFT_102615] [db_xref=InterPro:IPR001092,JGIDB:Mycgr3_102615] [protein=hypothetical protein] [protein_id=EGP91411.1] [location=3646680..3647372] [gbkey=CDS]",0.5947136563876652
"lcl|CM001196.1_cds_EGP91413.1_1198 [locus_tag=MYCGRDRAFT_102617] [db_xref=JGIDB:Mycgr3_102617] [protein=hypothetical protein] [protein_id=EGP91413.1] [location=join(3652365..3652529,3652588..3652695,3652766..3652831,3652890..3653027)] [gbkey=CDS]",0.48
"lcl|CM001196.1_cds_EGP91414.1_1199 [locus_tag=MYCGRDRAFT_66546] [db_xref=InterPro:IPR001680,JGIDB:Mycgr3_66546] [protein=hypothetical protein] [protein_id=EGP91414.1] [location=join(3655152..3656312,3656391..3657775,3657947..3658403)] [gbkey=CDS]",0.43209876543209874
"lcl|CM001196.1_cds_EGP91415.1_1201 [locus_tag=MYCGRDRAFT_89653] [db_xref=InterPro:IPR008630,JGIDB:Mycgr3_89653] [protein=hypothetical protein] [protein_id=EGP91415.1] [location=3662172..3663164] [gbkey=CDS]",0.6401273885350318
"lcl|CM001196.1_cds_EGP92198.1_1202 [gene=MgYpd1] [locus_tag=MYCGRDRAFT_32785] [db_xref=InterPro:IPR008207,JGIDB:Mycgr3_32785] [protein=histidine containing phosphotransmitter protein] [protein_id=EGP92198.1] [location=complement(join(3664054..3664333,3664403..3664509,3664572..3664616))] [gbkey=CDS]",0.5428571428571428
"lcl|CM001196.1_cds_EGP92197.1_1203 [locus_tag=MYCGRDRAFT_53498] [db_xref=InterPro:IPR004839,JGIDB:Mycgr3_53498] [protein=hypothetical protein] [protein_id=EGP92197.1] [location=complement(3667054..3668334)] [gbkey=CDS]",0.6650485436893204
"lcl|CM001196.1_cds_EGP91416.1_1204 [locus_tag=MYCGRDRAFT_66559] [db_xref=InterPro:IPR001680,JGIDB:Mycgr3_66559] [protein=hypothetical protein] [protein_id=EGP91416.1] [location=3668607..3670280] [gbkey=CDS]",0.5365853658536586
"lcl|CM001196.1_cds_EGP92196.1_1205 [locus_tag=MYCGRDRAFT_66563] [db_xref=JGIDB:Mycgr3_66563] [protein=hypothetical protein] [protein_id=EGP92196.1] [location=complement(join(3670722..3671466,3671520..3671758,3671813..3671920,3671972..3672124))] [gbkey=CDS]",0.5164556962025316
lcl|CM001196.1_cds_EGP92195.1_1206 [locus_tag=MYCGRDRAFT_89657] [db_xref=JGIDB:Mycgr3_89657] [protein=hypothetical protein] [protein_id=EGP92195.1] [location=complement(3672833..3679645)] [gbkey=CDS],0.47751022262607906
"lcl|CM001196.1_cds_EGP91417.1_1207 [locus_tag=MYCGRDRAFT_53507] [db_xref=InterPro:IPR000744,JGIDB:Mycgr3_53507] [protein=hypothetical protein] [protein_id=EGP91417.1] [location=join(3679988..3680020,3680076..3680506,3680565..3680979)] [gbkey=CDS]",0.5638297872340425
"lcl|CM001196.1_cds_EGP92194.1_1208 [locus_tag=MYCGRDRAFT_34921] [db_xref=JGIDB:Mycgr3_34921] [protein=hypothetical protein] [protein_id=EGP92194.1] [location=complement(join(3681741..3682085,3682139..3683638))] [gbkey=CDS]",0.4685908319185059
lcl|CM001196.1_cds_EGP92193.1_1209 [locus_tag=MYCGRDRAFT_102625] [db_xref=JGIDB:Mycgr3_102625] [protein=hypothetical protein] [protein_id=EGP92193.1] [location=complement(3685929..3686546)] [gbkey=CDS],0.48756218905472637
"lcl|CM001196.1_cds_EGP92192.1_1210 [locus_tag=MYCGRDRAFT_66569] [db_xref=InterPro:IPR001841,JGIDB:Mycgr3_66569] [protein=hypothetical protein] [protein_id=EGP92192.1] [location=complement(3688396..3689355)] [gbkey=CDS]",0.44554455445544555
"lcl|CM001196.1_cds_EGP91418.1_1211 [locus_tag=MYCGRDRAFT_66573] [db_xref=InterPro:IPR001353,JGIDB:Mycgr3_66573] [protein=hypothetical protein] [protein_id=EGP91418.1] [location=join(3689821..3689864,3689917..3689936,3689989..3690654,3690713..3690831)] [gbkey=CDS]",0.6021897810218978
"lcl|CM001196.1_cds_EGP92191.1_1212 [locus_tag=MYCGRDRAFT_107384] [db_xref=JGIDB:Mycgr3_107384] [protein=hypothetical protein] [protein_id=EGP92191.1] [location=complement(join(3691226..3691580,3691659..3692401,3692458..3693348))] [gbkey=CDS]",0.4945226917057903
"lcl|CM001196.1_cds_EGP91419.1_1213 [locus_tag=MYCGRDRAFT_107385] [db_xref=InterPro:IPR001900,JGIDB:Mycgr3_107385] [protein=hypothetical protein] [protein_id=EGP91419.1] [location=join(3693802..3693827,3693972..3694034,3694589..3694750,3694886..3695124,3695175..3699165,3699219..3699258)] [gbkey=CDS]",0.5830485304169515
"lcl|CM001196.1_cds_EGP92190.1_1214 [locus_tag=MYCGRDRAFT_107386] [db_xref=JGIDB:Mycgr3_107386] [protein=hypothetical protein] [protein_id=EGP92190.1] [location=complement(join(3700298..3701077,3701135..3701204,3701258..3702114,3702254..3702370,3702427..3702582))] [gbkey=CDS]",0.4968847352024922
"lcl|CM001196.1_cds_EGP91420.1_1215 [locus_tag=MYCGRDRAFT_107387] [db_xref=JGIDB:Mycgr3_107387] [protein=hypothetical protein] [protein_id=EGP91420.1] [location=join(3703244..3703527,3703598..3703679)] [gbkey=CDS]",0.5344827586206896
"lcl|CM001196.1_cds_EGP91421.1_1216 [locus_tag=MYCGRDRAFT_66582] [db_xref=JGIDB:Mycgr3_66582] [protein=putative major facilitator superfamily transporter] [protein_id=EGP91421.1] [location=join(3704390..3704515,3704578..3704655,3704729..3704834,3704953..3704991,3705047..3705156,3705213..3705372,3705435..3705651,3705703..3705867,3705919..3706043,3706102..3706649)] [gbkey=CDS]",0.4868913857677903
"lcl|CM001196.1_cds_EGP92189.1_1217 [locus_tag=MYCGRDRAFT_83941] [db_xref=InterPro:IPR000326,JGIDB:Mycgr3_83941] [protein=hypothetical protein] [protein_id=EGP92189.1] [location=complement(join(3706708..3707014,3707066..3707149,3707208..3707475,3707533..3707667,3707723..3707813))] [gbkey=CDS]",0.4734982332155477
"lcl|CM001196.1_cds_EGP92188.1_1218 [locus_tag=MYCGRDRAFT_107389] [db_xref=InterPro:IPR003780,JGIDB:Mycgr3_107389] [protein=hypothetical protein] [protein_id=EGP92188.1] [location=complement(join(3709375..3709469,3709529..3709649,3709711..3709907,3710077..3710141,3710303..3711777))] [gbkey=CDS]",0.5170731707317073
"lcl|CM001196.1_cds_EGP91422.1_1219 [locus_tag=MYCGRDRAFT_107390] [db_xref=JGIDB:Mycgr3_107390] [protein=hypothetical protein] [protein_id=EGP91422.1] [location=join(3712802..3713254,3713366..3715487,3716005..3716147)] [gbkey=CDS]",0.478110599078341
"lcl|CM001196.1_cds_EGP91423.1_1220 [locus_tag=MYCGRDRAFT_107391] [db_xref=InterPro:IPR002642,JGIDB:Mycgr3_107391] [protein=hypothetical protein] [protein_id=EGP91423.1] [location=join(3718949..3719009,3719065..3719945,3720024..3720666,3720721..3721130)] [gbkey=CDS]",0.4937888198757764
"lcl|CM001196.1_cds_EGP91424.1_1221 [locus_tag=MYCGRDRAFT_66594] [db_xref=JGIDB:Mycgr3_66594] [protein=hypothetical protein] [protein_id=EGP91424.1] [location=join(3721470..3721921,3721977..3722385,3722448..3723263)] [gbkey=CDS]",0.5027932960893855
"lcl|CM001196.1_cds_EGP91425.1_1222 [locus_tag=MYCGRDRAFT_66596] [db_xref=JGIDB:Mycgr3_66596] [protein=hypothetical protein] [protein_id=EGP91425.1] [location=join(3723760..3724106,3724163..3724289,3724383..3724685,3724735..3724905)] [gbkey=CDS]",0.46405228758169936
"lcl|CM001196.1_cds_EGP91426.1_1224 [locus_tag=MYCGRDRAFT_53540] [db_xref=JGIDB:Mycgr3_53540] [protein=hypothetical protein] [protein_id=EGP91426.1] [location=join(3725629..3725703,3725783..3727660,3727715..3727759)] [gbkey=CDS]",0.5015290519877675
"lcl|CM001196.1_cds_EGP91427.1_1225 [locus_tag=MYCGRDRAFT_83947] [db_xref=JGIDB:Mycgr3_83947] [protein=hypothetical protein] [protein_id=EGP91427.1] [location=join(3728461..3728586,3728675..3728727,3728782..3729485,3729543..3730180,3730234..3730299)] [gbkey=CDS]",0.437125748502994
lcl|CM001196.1_cds_EGP92186.1_1226 [locus_tag=MYCGRDRAFT_66601] [db_xref=JGIDB:Mycgr3_66601] [protein=hypothetical protein] [protein_id=EGP92186.1] [location=complement(3735948..3736811)] [gbkey=CDS],0.5364963503649635
lcl|CM001196.1_cds_EGP91428.1_1227 [locus_tag=MYCGRDRAFT_35346] [db_xref=JGIDB:Mycgr3_35346] [protein=hypothetical protein] [protein_id=EGP91428.1] [location=3737362..3738165] [gbkey=CDS],0.47265625
"lcl|CM001196.1_cds_EGP92185.1_1228 [locus_tag=MYCGRDRAFT_107396] [db_xref=JGIDB:Mycgr3_107396] [protein=hypothetical protein] [protein_id=EGP92185.1] [location=complement(join(3738276..3738570,3738662..3739350,3739400..3739492))] [gbkey=CDS]",0.5117647058823529
lcl|CM001196.1_cds_EGP91429.1_1229 [locus_tag=MYCGRDRAFT_102643] [db_xref=JGIDB:Mycgr3_102643] [protein=hypothetical protein] [protein_id=EGP91429.1] [location=3739650..3739931] [gbkey=CDS],0.4606741573033708
"lcl|CM001196.1_cds_EGP91430.1_1230 [locus_tag=MYCGRDRAFT_98635] [db_xref=InterPro:IPR008576,JGIDB:Mycgr3_98635] [protein=hypothetical protein] [protein_id=EGP91430.1] [location=3740329..3741006] [gbkey=CDS]",0.46296296296296297
lcl|CM001196.1_cds_EGP91431.1_1231 [locus_tag=MYCGRDRAFT_102646] [db_xref=JGIDB:Mycgr3_102646] [protein=hypothetical protein] [protein_id=EGP91431.1] [location=3744016..3744750] [gbkey=CDS],0.4351464435146444
"lcl|CM001196.1_cds_EGP91432.1_1232 [locus_tag=MYCGRDRAFT_98637] [db_xref=JGIDB:Mycgr3_98637] [protein=hypothetical protein] [protein_id=EGP91432.1] [location=join(3745556..3745581,3745636..3745793,3745857..3746185)] [gbkey=CDS]",0.5950920245398773
"lcl|CM001196.1_cds_EGP91433.1_1233 [locus_tag=MYCGRDRAFT_98638] [db_xref=InterPro:IPR002745,JGIDB:Mycgr3_98638] [protein=hypothetical protein] [protein_id=EGP91433.1] [location=3746507..3747355] [gbkey=CDS]",0.44280442804428044
"lcl|CM001196.1_cds_EGP92184.1_1234 [locus_tag=MYCGRDRAFT_107400] [db_xref=InterPro:IPR002553,InterPro:IPR008152,JGIDB:Mycgr3_107400] [protein=hypothetical protein] [protein_id=EGP92184.1] [location=complement(join(3747667..3747765,3747819..3749895,3749945..3750133,3750202..3750325,3750392..3750401))] [gbkey=CDS]",0.46732429099876693
"lcl|CM001196.1_cds_EGP91434.1_1235 [locus_tag=MYCGRDRAFT_98639] [db_xref=InterPro:IPR001810,JGIDB:Mycgr3_98639] [protein=hypothetical protein] [protein_id=EGP91434.1] [location=join(3751279..3751813,3751889..3752043,3752110..3752401,3752543..3752737,3752795..3753003)] [gbkey=CDS]",0.47165532879818595
"lcl|CM001196.1_cds_EGP92183.1_1236 [locus_tag=MYCGRDRAFT_107401] [db_xref=JGIDB:Mycgr3_107401] [protein=hypothetical protein] [protein_id=EGP92183.1] [location=complement(join(3753329..3753603,3753739..3753822,3753873..3754961,3755086..3755569))] [gbkey=CDS]",0.4384
"lcl|CM001196.1_cds_EGP92182.1_1237 [locus_tag=MYCGRDRAFT_102649] [db_xref=JGIDB:Mycgr3_102649] [protein=hypothetical protein] [protein_id=EGP92182.1] [location=complement(join(3783267..3783359,3783425..3783455,3783514..3783668))] [gbkey=CDS]",0.5172413793103449
lcl|CM001196.1_cds_EGP91435.1_1238 [locus_tag=MYCGRDRAFT_107402] [db_xref=JGIDB:Mycgr3_107402] [protein=hypothetical protein] [protein_id=EGP91435.1] [location=3784739..3788014] [gbkey=CDS],0.5951265229615745
"lcl|CM001196.1_cds_EGP91436.1_1239 [locus_tag=MYCGRDRAFT_107403] [db_xref=JGIDB:Mycgr3_107403] [protein=hypothetical protein] [protein_id=EGP91436.1] [location=join(3788293..3788300,3788360..3788412,3789051..3792325)] [gbkey=CDS]",0.41582336706531736
"lcl|CM001196.1_cds_EGP92181.1_1240 [locus_tag=MYCGRDRAFT_66624] [db_xref=InterPro:IPR009914,JGIDB:Mycgr3_66624] [protein=hypothetical protein] [protein_id=EGP92181.1] [location=complement(join(3792813..3793001,3793059..3793139,3793193..3793210))] [gbkey=CDS]",0.5842696629213483
"lcl|CM001196.1_cds_EGP91437.1_1241 [locus_tag=MYCGRDRAFT_78786] [db_xref=InterPro:IPR006689,JGIDB:Mycgr3_78786] [protein=hypothetical protein] [protein_id=EGP91437.1] [location=join(3793539..3793557,3793618..3793703,3793770..3794234)] [gbkey=CDS]",0.7206703910614525
"lcl|CM001196.1_cds_EGP91438.1_1243 [locus_tag=MYCGRDRAFT_107406] [db_xref=InterPro:IPR000182,JGIDB:Mycgr3_107406] [protein=hypothetical protein] [protein_id=EGP91438.1] [location=join(3799468..3803931,3804616..3804892,3804950..3805128,3805181..3805510)] [gbkey=CDS]",0.4378314672952269
"lcl|CM001196.1_cds_EGP92178.1_1245 [locus_tag=MYCGRDRAFT_98644] [db_xref=InterPro:IPR001849,JGIDB:Mycgr3_98644] [protein=hypothetical protein] [protein_id=EGP92178.1] [location=complement(join(3807542..3809658,3809740..3811693))] [gbkey=CDS]",0.48394495412844035
"lcl|CM001196.1_cds_EGP91439.1_1246 [locus_tag=MYCGRDRAFT_66635] [db_xref=InterPro:IPR001680,JGIDB:Mycgr3_66635] [protein=hypothetical protein] [protein_id=EGP91439.1] [location=join(3812580..3813579,3813628..3815284,3815404..3815478,3815650..3815836)] [gbkey=CDS]",0.4804646251319958
"lcl|CM001196.1_cds_EGP92177.1_1247 [locus_tag=MYCGRDRAFT_102657] [db_xref=JGIDB:Mycgr3_102657] [protein=hypothetical protein] [protein_id=EGP92177.1] [location=complement(join(3816588..3817175,3817236..3817259))] [gbkey=CDS]",0.46766169154228854
"lcl|CM001196.1_cds_EGP92176.1_1248 [locus_tag=MYCGRDRAFT_102658] [db_xref=JGIDB:Mycgr3_102658] [protein=hypothetical protein] [protein_id=EGP92176.1] [location=complement(join(3817783..3818001,3818058..3818177))] [gbkey=CDS]",0.5405405405405406
"lcl|CM001196.1_cds_EGP91440.1_1249 [locus_tag=MYCGRDRAFT_53585] [db_xref=JGIDB:Mycgr3_53585] [protein=hypothetical protein] [protein_id=EGP91440.1] [location=join(3818799..3819548,3819604..3820029)] [gbkey=CDS]",0.4790575916230366
"lcl|CM001196.1_cds_EGP92175.1_1250 [locus_tag=MYCGRDRAFT_107411] [db_xref=JGIDB:Mycgr3_107411] [protein=hypothetical protein] [protein_id=EGP92175.1] [location=complement(join(3821935..3823074,3823253..3823258))] [gbkey=CDS]",0.5136612021857924
"lcl|CM001196.1_cds_EGP92174.1_1251 [locus_tag=MYCGRDRAFT_107412] [db_xref=InterPro:IPR000804,JGIDB:Mycgr3_107412] [protein=hypothetical protein] [protein_id=EGP92174.1] [location=complement(join(3824215..3824247,3824352..3824626,3824695..3824857))] [gbkey=CDS]",0.6133333333333333
lcl|CM001196.1_cds_EGP91441.1_1252 [locus_tag=MYCGRDRAFT_66652] [db_xref=JGIDB:Mycgr3_66652] [protein=hypothetical protein] [protein_id=EGP91441.1] [location=3825339..3826316] [gbkey=CDS],0.45425867507886436
"lcl|CM001196.1_cds_EGP92173.1_1253 [locus_tag=MYCGRDRAFT_66656] [db_xref=InterPro:IPR006139,InterPro:IPR006140,JGIDB:Mycgr3_66656] [protein=hypothetical protein] [protein_id=EGP92173.1] [location=complement(join(3826931..3828193,3828258..3828298,3828348..3828541,3828606..3828886))] [gbkey=CDS]",0.4810344827586207
"lcl|CM001196.1_cds_EGP91442.1_1254 [locus_tag=MYCGRDRAFT_33027] [db_xref=JGIDB:Mycgr3_33027] [protein=hypothetical protein] [protein_id=EGP91442.1] [location=join(3830405..3830809,3830876..3831003,3831061..3831196)] [gbkey=CDS]",0.49074074074074076
"lcl|CM001196.1_cds_EGP91443.1_1255 [locus_tag=MYCGRDRAFT_83965] [db_xref=InterPro:IPR000569,JGIDB:Mycgr3_83965] [protein=hypothetical protein] [protein_id=EGP91443.1] [location=join(3831799..3832049,3832110..3832279,3832424..3837316,3837373..3837569)] [gbkey=CDS]",0.5220793739519285
"lcl|CM001196.1_cds_EGP91444.1_1256 [locus_tag=MYCGRDRAFT_66658] [db_xref=InterPro:IPR001670,JGIDB:Mycgr3_66658] [protein=hypothetical protein] [protein_id=EGP91444.1] [location=join(3837904..3838322,3838375..3838897,3838947..3839492)] [gbkey=CDS]",0.5458333333333333
"lcl|CM001196.1_cds_EGP91445.1_1258 [locus_tag=MYCGRDRAFT_31911] [db_xref=InterPro:IPR001099,JGIDB:Mycgr3_31911] [protein=hypothetical protein] [protein_id=EGP91445.1] [location=join(3840795..3840946,3840995..3841533,3841693..3842045)] [gbkey=CDS]",0.43026706231454004
"lcl|CM001196.1_cds_EGP91446.1_1259 [locus_tag=MYCGRDRAFT_89702] [db_xref=JGIDB:Mycgr3_89702] [protein=hypothetical protein] [protein_id=EGP91446.1] [location=join(3842408..3843016,3843112..3843190,3843607..3843692)] [gbkey=CDS]",0.4820717131474104
"lcl|CM001196.1_cds_EGP92171.1_1260 [locus_tag=MYCGRDRAFT_89703] [db_xref=JGIDB:Mycgr3_89703] [protein=hypothetical protein] [protein_id=EGP92171.1] [location=complement(join(3854441..3856099,3856157..3856370,3856430..3856440))] [gbkey=CDS]",0.5688524590163935
"lcl|CM001196.1_cds_EGP92170.1_1261 [locus_tag=MYCGRDRAFT_89704] [db_xref=JGIDB:Mycgr3_89704] [protein=hypothetical protein] [protein_id=EGP92170.1] [location=complement(join(3856940..3856989,3857041..3857369,3857422..3857474))] [gbkey=CDS]",0.6102941176470589
"lcl|CM001196.1_cds_EGP91447.1_1262 [locus_tag=MYCGRDRAFT_89705] [db_xref=JGIDB:Mycgr3_89705] [protein=hypothetical protein] [protein_id=EGP91447.1] [location=join(3858650..3858989,3859127..3859188)] [gbkey=CDS]",0.5923076923076923
lcl|CM001196.1_cds_EGP91448.1_1263 [locus_tag=MYCGRDRAFT_107417] [db_xref=JGIDB:Mycgr3_107417] [protein=hypothetical protein] [protein_id=EGP91448.1] [location=3859854..3860702] [gbkey=CDS],0.4944237918215613
"lcl|CM001196.1_cds_EGP92169.1_1264 [locus_tag=MYCGRDRAFT_66663] [db_xref=InterPro:IPR007109,JGIDB:Mycgr3_66663] [protein=hypothetical protein] [frame=2] [partial=5'] [protein_id=EGP92169.1] [location=complement(3861310..>3862198)] [gbkey=CDS]",0.5051903114186851
"lcl|CM001196.1_cds_EGP91449.1_1265 [locus_tag=MYCGRDRAFT_107419] [db_xref=JGIDB:Mycgr3_107419] [protein=hypothetical protein] [protein_id=EGP91449.1] [location=join(3862554..3863936,3865173..3865832)] [gbkey=CDS]",0.5725190839694656
"lcl|CM001196.1_cds_EGP92168.1_1266 [locus_tag=MYCGRDRAFT_34668] [db_xref=InterPro:IPR000120,JGIDB:Mycgr3_34668] [protein=hypothetical protein] [protein_id=EGP92168.1] [location=complement(3866515..3868158)] [gbkey=CDS]",0.48872180451127817
"lcl|CM001196.1_cds_EGP92167.1_1267 [locus_tag=MYCGRDRAFT_78804] [db_xref=JGIDB:Mycgr3_78804] [protein=hypothetical protein] [protein_id=EGP92167.1] [location=complement(join(3868361..3868670,3868747..3868799))] [gbkey=CDS]",0.5739130434782609
"lcl|CM001196.1_cds_EGP91450.1_1268 [locus_tag=MYCGRDRAFT_78806] [db_xref=JGIDB:Mycgr3_78806] [protein=hypothetical protein] [protein_id=EGP91450.1] [location=join(3869201..3869325,3869383..3869521)] [gbkey=CDS]",0.5882352941176471
"lcl|CM001196.1_cds_EGP92166.1_1269 [locus_tag=MYCGRDRAFT_66670] [db_xref=JGIDB:Mycgr3_66670] [protein=hypothetical protein] [protein_id=EGP92166.1] [location=complement(join(3869616..3870475,3870644..3872648))] [gbkey=CDS]",0.4919093851132686
"lcl|CM001196.1_cds_EGP92165.1_1270 [locus_tag=MYCGRDRAFT_66671] [db_xref=InterPro:IPR001452,InterPro:IPR007131,InterPro:IPR011511,JGIDB:Mycgr3_66671] [protein=hypothetical protein] [protein_id=EGP92165.1] [location=complement(join(3872992..3873017,3873077..3873528,3873580..3876503))] [gbkey=CDS]",0.44
"lcl|CM001196.1_cds_EGP92164.1_1271 [locus_tag=MYCGRDRAFT_66675] [db_xref=InterPro:IPR000330,InterPro:IPR001650,JGIDB:Mycgr3_66675] [protein=SNF2 family DNA-dependent ATPase domain-containing protein] [protein_id=EGP92164.1] [location=complement(join(3877046..3878028,3878077..3878227,3878327..3878974,3879110..3880891))] [gbkey=CDS]",0.4538327526132404
"lcl|CM001196.1_cds_EGP91451.1_1272 [locus_tag=MYCGRDRAFT_83972] [db_xref=InterPro:IPR007146,JGIDB:Mycgr3_83972] [protein=hypothetical protein] [protein_id=EGP91451.1] [location=3881224..3883101] [gbkey=CDS]",0.4645799011532125
"lcl|CM001196.1_cds_EGP91452.1_1273 [locus_tag=MYCGRDRAFT_66678] [db_xref=JGIDB:Mycgr3_66678] [protein=hypothetical protein] [protein_id=EGP91452.1] [location=join(3883636..3883776,3883836..3884339)] [gbkey=CDS]",0.46116504854368934
"lcl|CM001196.1_cds_EGP91453.1_1274 [locus_tag=MYCGRDRAFT_98656] [db_xref=InterPro:IPR002422,JGIDB:Mycgr3_98656] [protein=hypothetical protein] [protein_id=EGP91453.1] [location=join(3885252..3885563,3885690..3885832,3885883..3885963,3886016..3886087,3886162..3886471,3886526..3886615,3886673..3887272)] [gbkey=CDS]",0.5708661417322834
"lcl|CM001196.1_cds_EGP91454.1_1275 [locus_tag=MYCGRDRAFT_66684] [db_xref=InterPro:IPR007318,JGIDB:Mycgr3_66684] [protein=hypothetical protein] [protein_id=EGP91454.1] [location=join(3900338..3900386,3900457..3901019)] [gbkey=CDS]",0.5487179487179488
lcl|CM001196.1_cds_EGP91455.1_1277 [locus_tag=MYCGRDRAFT_83976] [db_xref=JGIDB:Mycgr3_83976] [protein=hypothetical protein] [protein_id=EGP91455.1] [location=3902431..3902934] [gbkey=CDS],0.4645161290322581
"lcl|CM001196.1_cds_EGP92162.1_1278 [locus_tag=MYCGRDRAFT_66686] [db_xref=InterPro:IPR001650,InterPro:IPR007502,InterPro:IPR011545,JGIDB:Mycgr3_66686] [protein=hypothetical protein] [protein_id=EGP92162.1] [location=complement(join(3902971..3904761,3904836..3905039))] [gbkey=CDS]",0.4921875
"lcl|CM001196.1_cds_EGP91456.1_1279 [locus_tag=MYCGRDRAFT_107425] [db_xref=InterPro:IPR003892,JGIDB:Mycgr3_107425] [protein=hypothetical protein] [protein_id=EGP91456.1] [location=join(3905414..3906332,3906387..3906802)] [gbkey=CDS]",0.48291571753986334
"lcl|CM001196.1_cds_EGP91457.1_1280 [locus_tag=MYCGRDRAFT_31414] [db_xref=InterPro:IPR000504,JGIDB:Mycgr3_31414] [protein=hypothetical protein] [protein_id=EGP91457.1] [location=join(3907116..3909113,3909186..3909410)] [gbkey=CDS]",0.503448275862069
"lcl|CM001196.1_cds_EGP92161.1_1281 [locus_tag=MYCGRDRAFT_98659] [db_xref=InterPro:IPR001199,JGIDB:Mycgr3_98659] [protein=hypothetical protein] [protein_id=EGP92161.1] [location=complement(join(3911336..3911520,3911587..3911682,3911742..3911829))] [gbkey=CDS]",0.5294117647058824
"lcl|CM001196.1_cds_EGP92160.1_1282 [locus_tag=MYCGRDRAFT_31949] [db_xref=InterPro:IPR006035,JGIDB:Mycgr3_31949] [protein=hypothetical protein] [protein_id=EGP92160.1] [location=complement(join(3912147..3912274,3912326..3912428,3912484..3912797,3912857..3913001,3913052..3913093,3913142..3913201,3913260..3913361,3913419..3913682))] [gbkey=CDS]",0.44148936170212766
"lcl|CM001196.1_cds_EGP92159.1_1283 [gene=MgINO1] [locus_tag=MYCGRDRAFT_107427] [db_xref=InterPro:IPR002587,JGIDB:Mycgr3_107427] [protein=inositol 1-phosphate synthase protein] [protein_id=EGP92159.1] [location=complement(3914275..3915879)] [gbkey=CDS]",0.6640625
"lcl|CM001196.1_cds_EGP92158.1_1284 [locus_tag=MYCGRDRAFT_89718] [db_xref=InterPro:IPR001841,JGIDB:Mycgr3_89718] [protein=hypothetical protein] [protein_id=EGP92158.1] [location=complement(join(3918636..3918777,3918838..3919583))] [gbkey=CDS]",0.4862068965517241
"lcl|CM001196.1_cds_EGP91458.1_1285 [locus_tag=MYCGRDRAFT_89719] [db_xref=JGIDB:Mycgr3_89719] [protein=hypothetical protein] [protein_id=EGP91458.1] [location=join(3921544..3921913,3922115..3922226,3922585..3922844,3922897..3924812)] [gbkey=CDS]",0.4929411764705882
"lcl|CM001196.1_cds_EGP91459.1_1286 [locus_tag=MYCGRDRAFT_89720] [db_xref=JGIDB:Mycgr3_89720] [protein=hypothetical protein] [protein_id=EGP91459.1] [location=join(3926387..3926603,3926655..3926705,3926759..3926839,3926975..3927318)] [gbkey=CDS]",0.6334841628959276
"lcl|CM001196.1_cds_EGP91460.1_1287 [locus_tag=MYCGRDRAFT_66700] [db_xref=InterPro:IPR005317,JGIDB:Mycgr3_66700] [protein=hypothetical protein] [protein_id=EGP91460.1] [location=join(3927755..3928706,3928807..3929015,3929111..3929409,3929459..3929729,3929780..3930169)] [gbkey=CDS]",0.5513196480938416
"lcl|CM001196.1_cds_EGP92157.1_1288 [locus_tag=MYCGRDRAFT_98662] [db_xref=InterPro:IPR008532,JGIDB:Mycgr3_98662] [protein=hypothetical protein] [protein_id=EGP92157.1] [location=complement(join(3930645..3930791,3930857..3931278,3931332..3931404))] [gbkey=CDS]",0.5566502463054187
"lcl|CM001196.1_cds_EGP92155.1_1291 [locus_tag=MYCGRDRAFT_102682] [db_xref=JGIDB:Mycgr3_102682] [protein=hypothetical protein] [protein_id=EGP92155.1] [location=complement(join(3934447..3934834,3934889..3935016))] [gbkey=CDS]",0.5654761904761905
"lcl|CM001196.1_cds_EGP91462.1_1292 [locus_tag=MYCGRDRAFT_98664] [db_xref=InterPro:IPR000631,JGIDB:Mycgr3_98664] [protein=hypothetical protein] [protein_id=EGP91462.1] [location=join(3935363..3935444,3935501..3935598,3935655..3936458)] [gbkey=CDS]",0.5583596214511041
"lcl|CM001196.1_cds_EGP91463.1_1293 [locus_tag=MYCGRDRAFT_98665] [db_xref=JGIDB:Mycgr3_98665] [protein=hypothetical protein] [protein_id=EGP91463.1] [location=join(3938143..3938222,3938280..3938296,3938361..3938701,3938766..3939014,3939084..3939425)] [gbkey=CDS]",0.5290519877675841
"lcl|CM001196.1_cds_EGP91464.1_1294 [locus_tag=MYCGRDRAFT_89727] [db_xref=InterPro:IPR001092,JGIDB:Mycgr3_89727] [protein=hypothetical protein] [protein_id=EGP91464.1] [location=join(3941960..3942119,3942305..3943012,3943064..3943300,3943356..3943714)] [gbkey=CDS]",0.49471458773784355
"lcl|CM001196.1_cds_EGP91465.1_1295 [locus_tag=MYCGRDRAFT_66711] [db_xref=InterPro:IPR002591,JGIDB:Mycgr3_66711] [protein=hypothetical protein] [protein_id=EGP91465.1] [location=join(3944599..3945021,3945110..3946822)] [gbkey=CDS]",0.4412191582002903
"lcl|CM001196.1_cds_EGP92154.1_1296 [locus_tag=MYCGRDRAFT_35337] [db_xref=InterPro:IPR003402,JGIDB:Mycgr3_35337] [protein=hypothetical protein] [protein_id=EGP92154.1] [location=complement(join(3947048..3948176,3948219..3948472))] [gbkey=CDS]",0.48873873873873874
"lcl|CM001196.1_cds_EGP91466.1_1297 [locus_tag=MYCGRDRAFT_33699] [db_xref=InterPro:IPR001752,JGIDB:Mycgr3_33699] [protein=hypothetical protein] [protein_id=EGP91466.1] [location=3948919..3953829] [gbkey=CDS]",0.4799745708836618
"lcl|CM001196.1_cds_EGP91467.1_1298 [locus_tag=MYCGRDRAFT_33249] [db_xref=JGIDB:Mycgr3_33249] [protein=hypothetical protein] [protein_id=EGP91467.1] [location=join(3954201..3954346,3954406..3954712,3954824..3954842,3954892..3955514)] [gbkey=CDS]",0.4942857142857143
"lcl|CM001196.1_cds_EGP91468.1_1300 [locus_tag=MYCGRDRAFT_33254] [db_xref=InterPro:IPR005103,JGIDB:Mycgr3_33254] [protein=endo-1,4-beta-glucanase glycosyl hydrolase family 61] [protein_id=EGP91468.1] [location=join(3959301..3959789,3959849..3960322)] [gbkey=CDS]",0.570957095709571
lcl|CM001196.1_cds_EGP92152.1_1301 [locus_tag=MYCGRDRAFT_89734] [db_xref=JGIDB:Mycgr3_89734] [protein=hypothetical protein] [protein_id=EGP92152.1] [location=complement(3960851..3961483)] [gbkey=CDS],0.7794117647058824
lcl|CM001196.1_cds_EGP92151.1_1302 [locus_tag=MYCGRDRAFT_219785] [db_xref=JGIDB:Mycgr3_219785] [protein=putative ABC transporter] [protein_id=EGP92151.1] [location=complement(3964770..3966572)] [gbkey=CDS],0.5565371024734982
"lcl|CM001196.1_cds_EGP92150.1_1303 [gene=SDH1] [locus_tag=MYCGRDRAFT_53658] [db_xref=InterPro:IPR003953,InterPro:IPR004112,JGIDB:Mycgr3_53658] [protein=succinate dehydrogenase flavoprotein subunit] [protein_id=EGP92150.1] [location=complement(join(3967872..3968202,3968256..3969856))] [gbkey=CDS]",0.6607717041800643
"lcl|CM001196.1_cds_EGP91469.1_1304 [locus_tag=MYCGRDRAFT_89737] [db_xref=JGIDB:Mycgr3_89737] [protein=hypothetical protein] [protein_id=EGP91469.1] [location=join(3970616..3970994,3971046..3971309,3971836..3971912)] [gbkey=CDS]",0.45021645021645024
"lcl|CM001196.1_cds_EGP92149.1_1307 [locus_tag=MYCGRDRAFT_107437] [db_xref=InterPro:IPR010666,JGIDB:Mycgr3_107437] [protein=hypothetical protein] [protein_id=EGP92149.1] [location=complement(3983382..3984554)] [gbkey=CDS]",0.4461942257217848
"lcl|CM001196.1_cds_EGP92148.1_1309 [locus_tag=MYCGRDRAFT_98669] [db_xref=JGIDB:Mycgr3_98669] [protein=hypothetical protein] [protein_id=EGP92148.1] [location=complement(join(3986378..3986752,3986846..3987010,3987074..3987217,3987325..3987597))] [gbkey=CDS]",0.5207667731629393
lcl|CM001196.1_cds_EGP92147.1_1310 [locus_tag=MYCGRDRAFT_89741] [db_xref=JGIDB:Mycgr3_89741] [protein=hypothetical protein] [protein_id=EGP92147.1] [location=complement(3988141..3989406)] [gbkey=CDS],0.4628712871287129
"lcl|CM001196.1_cds_EGP92146.1_1311 [locus_tag=MYCGRDRAFT_53663] [db_xref=InterPro:IPR006816,JGIDB:Mycgr3_53663] [protein=hypothetical protein] [protein_id=EGP92146.1] [location=complement(join(3993164..3995029,3995162..3995431))] [gbkey=CDS]",0.5486725663716814
"lcl|CM001196.1_cds_EGP92145.1_1312 [locus_tag=MYCGRDRAFT_102692] [db_xref=JGIDB:Mycgr3_102692] [protein=hypothetical protein] [protein_id=EGP92145.1] [location=complement(join(3997055..3997076,3997133..3998206,3998266..3998930))] [gbkey=CDS]",0.46371681415929206
"lcl|CM001196.1_cds_EGP92144.1_1313 [locus_tag=MYCGRDRAFT_89744] [db_xref=JGIDB:Mycgr3_89744] [protein=hypothetical protein] [protein_id=EGP92144.1] [location=complement(join(3999863..4000106,4000165..4000341,4000433..4000459,4001357..4001414,4001831..4001954))] [gbkey=CDS]",0.49504950495049505
"lcl|CM001196.1_cds_EGP91473.1_1315 [locus_tag=MYCGRDRAFT_107442] [db_xref=JGIDB:Mycgr3_107442] [protein=hypothetical protein] [protein_id=EGP91473.1] [location=join(4008318..4008429,4008533..4008609,4008681..4008741,4008829..4009030,4009130..4009258,4009350..4009696,4009748..4009851,4009905..4009945,4010100..4010345,4010632..4010758,4010816..4011592,4011652..4012080,4012137..4012529)] [gbkey=CDS]",0.5711361310133061
"lcl|CM001196.1_cds_EGP92142.1_1316 [locus_tag=MYCGRDRAFT_107443] [db_xref=JGIDB:Mycgr3_107443] [protein=hypothetical protein] [protein_id=EGP92142.1] [location=complement(join(4013858..4014139,4014275..4015057,4015167..4015268))] [gbkey=CDS]",0.45187165775401067
"lcl|CM001196.1_cds_EGP92141.1_1317 [locus_tag=MYCGRDRAFT_66728] [db_xref=InterPro:IPR001326,JGIDB:Mycgr3_66728] [protein=hypothetical protein] [protein_id=EGP92141.1] [location=complement(join(4015725..4015954,4016012..4016397,4016601..4016640,4016694..4016733))] [gbkey=CDS]",0.7142857142857143
"lcl|CM001196.1_cds_EGP91474.1_1318 [locus_tag=MYCGRDRAFT_66729] [db_xref=InterPro:IPR003959,JGIDB:Mycgr3_66729] [protein=hypothetical protein] [protein_id=EGP91474.1] [location=4017312..4019690] [gbkey=CDS]",0.5051282051282051
"lcl|CM001196.1_cds_EGP91475.1_1319 [locus_tag=MYCGRDRAFT_53676] [db_xref=InterPro:IPR004364,InterPro:IPR004365,JGIDB:Mycgr3_53676] [protein=hypothetical protein] [protein_id=EGP91475.1] [location=join(4021562..4024157,4024216..4024278,4024381..4024409)] [gbkey=CDS]",0.5635103926096998
"lcl|CM001196.1_cds_EGP91476.1_1321 [locus_tag=MYCGRDRAFT_89752] [db_xref=InterPro:IPR004307,JGIDB:Mycgr3_89752] [protein=hypothetical protein] [protein_id=EGP91476.1] [location=join(4028803..4029087,4029147..4029431)] [gbkey=CDS]",0.5786516853932584
"lcl|CM001196.1_cds_EGP91477.1_1322 [locus_tag=MYCGRDRAFT_107448] [db_xref=InterPro:IPR007087,JGIDB:Mycgr3_107448] [protein=hypothetical protein] [protein_id=EGP91477.1] [location=join(4030552..4030593,4030648..4031219,4031279..4031548,4031604..4032161,4032256..4032841)] [gbkey=CDS]",0.49922239502332816
"lcl|CM001196.1_cds_EGP91478.1_1323 [locus_tag=MYCGRDRAFT_66739] [db_xref=JGIDB:Mycgr3_66739] [protein=hypothetical protein] [protein_id=EGP91478.1] [location=join(4033258..4033281,4033355..4033965,4034095..4034152)] [gbkey=CDS]",0.6454545454545455
"lcl|CM001196.1_cds_EGP92139.1_1324 [locus_tag=MYCGRDRAFT_89755] [db_xref=JGIDB:Mycgr3_89755] [protein=hypothetical protein] [protein_id=EGP92139.1] [location=complement(join(4034919..4037290,4037340..4037700))] [gbkey=CDS]",0.5165336374002281
lcl|CM001196.1_cds_EGP91480.1_1326 [locus_tag=MYCGRDRAFT_102703] [db_xref=JGIDB:Mycgr3_102703] [protein=hypothetical protein] [protein_id=EGP91480.1] [location=4042041..4042673] [gbkey=CDS],0.5097087378640777
"lcl|CM001196.1_cds_EGP92138.1_1327 [locus_tag=MYCGRDRAFT_66746] [db_xref=JGIDB:Mycgr3_66746] [protein=hypothetical protein] [protein_id=EGP92138.1] [location=complement(join(4044020..4044093,4044218..4044395,4044503..4044523))] [gbkey=CDS]",0.6818181818181818
"lcl|CM001196.1_cds_EGP91481.1_1328 [locus_tag=MYCGRDRAFT_66749] [db_xref=InterPro:IPR001680,JGIDB:Mycgr3_66749] [protein=hypothetical protein] [protein_id=EGP91481.1] [location=join(4044809..4044937,4044990..4046918)] [gbkey=CDS]",0.515015015015015
"lcl|CM001196.1_cds_EGP92137.1_1329 [locus_tag=MYCGRDRAFT_66750] [db_xref=JGIDB:Mycgr3_66750] [protein=hypothetical protein] [protein_id=EGP92137.1] [location=complement(join(4047143..4048206,4048261..4048516))] [gbkey=CDS]",0.4928571428571429
"lcl|CM001196.1_cds_EGP91482.1_1330 [locus_tag=MYCGRDRAFT_66753] [db_xref=InterPro:IPR002198,JGIDB:Mycgr3_66753] [protein=hypothetical protein] [protein_id=EGP91482.1] [location=join(4049157..4049307,4049357..4050062,4050112..4050277)] [gbkey=CDS]",0.5391566265060241
"lcl|CM001196.1_cds_EGP91483.1_1331 [gene=MgASP3] [locus_tag=MYCGRDRAFT_107454] [db_xref=InterPro:IPR001461,JGIDB:Mycgr3_107454] [protein=aspartyl protease] [protein_id=EGP91483.1] [location=join(4050821..4051155,4051212..4052247,4052368..4052433)] [gbkey=CDS]",0.5021551724137931
"lcl|CM001196.1_cds_EGP91484.1_1332 [locus_tag=MYCGRDRAFT_98679] [db_xref=InterPro:IPR000733,InterPro:IPR002938,JGIDB:Mycgr3_98679] [protein=hypothetical protein] [protein_id=EGP91484.1] [location=join(4054617..4055492,4055588..4055708,4055837..4056618)] [gbkey=CDS]",0.477797513321492
"lcl|CM001196.1_cds_EGP91487.1_1335 [locus_tag=MYCGRDRAFT_33299] [db_xref=JGIDB:Mycgr3_33299] [protein=hypothetical protein] [protein_id=EGP91487.1] [location=join(4060070..4060125,4060176..4060548)] [gbkey=CDS]",0.4632352941176471
"lcl|CM001196.1_cds_EGP91488.1_1336 [locus_tag=MYCGRDRAFT_34912] [db_xref=InterPro:IPR000432,InterPro:IPR007696,JGIDB:Mycgr3_34912] [protein=hypothetical protein] [protein_id=EGP91488.1] [location=join(4061366..4062679,4062731..4063524,4063580..4063958,4064010..4064120)] [gbkey=CDS]",0.5286396181384249
"lcl|CM001196.1_cds_EGP91489.1_1337 [locus_tag=MYCGRDRAFT_66756] [db_xref=InterPro:IPR005828,JGIDB:Mycgr3_66756] [protein=hypothetical protein] [protein_id=EGP91489.1] [location=join(4070261..4070340,4070383..4070894,4070943..4071086,4071204..4071314,4071374..4071579,4071636..4072188,4072270..4072502)] [gbkey=CDS]",0.46219931271477666
"lcl|CM001196.1_cds_EGP92136.1_1338 [locus_tag=MYCGRDRAFT_34084] [db_xref=InterPro:IPR010400,JGIDB:Mycgr3_34084] [protein=hypothetical protein] [protein_id=EGP92136.1] [location=complement(4072714..4073400)] [gbkey=CDS]",0.45701357466063347
"lcl|CM001196.1_cds_EGP92135.1_1339 [locus_tag=MYCGRDRAFT_98681] [db_xref=InterPro:IPR005024,JGIDB:Mycgr3_98681] [protein=hypothetical protein] [protein_id=EGP92135.1] [location=complement(join(4073751..4073966,4074020..4074383,4074436..4074479))] [gbkey=CDS]",0.405
"lcl|CM001196.1_cds_EGP91490.1_1340 [locus_tag=MYCGRDRAFT_84010] [db_xref=InterPro:IPR003959,JGIDB:Mycgr3_84010] [protein=hypothetical protein] [protein_id=EGP91490.1] [location=4074753..4076825] [gbkey=CDS]",0.4434389140271493
"lcl|CM001196.1_cds_EGP91491.1_1341 [locus_tag=MYCGRDRAFT_89767] [db_xref=JGIDB:Mycgr3_89767] [protein=hypothetical protein] [protein_id=EGP91491.1] [location=join(4078232..4078469,4078544..4079292)] [gbkey=CDS]",0.546583850931677
"lcl|CM001196.1_cds_EGP91492.1_1342 [locus_tag=MYCGRDRAFT_66768] [db_xref=JGIDB:Mycgr3_66768] [protein=hypothetical protein] [protein_id=EGP91492.1] [location=join(4079947..4080693,4080748..4081451,4081501..4082329)] [gbkey=CDS]",0.605191256830601
"lcl|CM001196.1_cds_EGP92134.1_1343 [locus_tag=MYCGRDRAFT_107460] [db_xref=JGIDB:Mycgr3_107460] [protein=hypothetical protein] [protein_id=EGP92134.1] [location=complement(join(4082513..4082543,4082670..4082698,4082765..4082854,4082913..4082994,4083284..4084859,4084912..4086136))] [gbkey=CDS]",0.4379487179487179
"lcl|CM001196.1_cds_EGP91493.1_1344 [locus_tag=MYCGRDRAFT_84013] [db_xref=JGIDB:Mycgr3_84013] [protein=hypothetical protein] [protein_id=EGP91493.1] [location=join(4086547..4086703,4086763..4087310)] [gbkey=CDS]",0.4444444444444444
"lcl|CM001196.1_cds_EGP91494.1_1345 [locus_tag=MYCGRDRAFT_66773] [db_xref=InterPro:IPR005828,JGIDB:Mycgr3_66773] [protein=hypothetical protein] [protein_id=EGP91494.1] [location=join(4088238..4088592,4088648..4089436,4089492..4089624,4089714..4090158)] [gbkey=CDS]",0.4635036496350365
"lcl|CM001196.1_cds_EGP92133.1_1346 [locus_tag=MYCGRDRAFT_107461] [db_xref=InterPro:IPR001498,JGIDB:Mycgr3_107461] [protein=hypothetical protein] [protein_id=EGP92133.1] [location=complement(4090294..4091079)] [gbkey=CDS]",0.46062992125984253
"lcl|CM001196.1_cds_EGP91495.1_1347 [locus_tag=MYCGRDRAFT_107462] [db_xref=InterPro:IPR000399,JGIDB:Mycgr3_107462] [protein=hypothetical protein] [protein_id=EGP91495.1] [location=join(4091462..4091740,4091792..4093195)] [gbkey=CDS]",0.5045871559633027
"lcl|CM001196.1_cds_EGP92132.1_1348 [locus_tag=MYCGRDRAFT_33608] [db_xref=InterPro:IPR003829,InterPro:IPR008778,JGIDB:Mycgr3_33608] [protein=hypothetical protein] [protein_id=EGP92132.1] [location=complement(join(4093800..4094511,4094641..4094701,4094797..4094806,4094877..4095071))] [gbkey=CDS]",0.5032258064516129
"lcl|CM001196.1_cds_EGP92131.1_1350 [locus_tag=MYCGRDRAFT_31393] [db_xref=InterPro:IPR001680,JGIDB:Mycgr3_31393] [protein=hypothetical protein] [protein_id=EGP92131.1] [location=complement(join(4096312..4097814,4097997..4098062))] [gbkey=CDS]",0.40643863179074446
"lcl|CM001196.1_cds_EGP91497.1_1351 [locus_tag=MYCGRDRAFT_53722] [db_xref=JGIDB:Mycgr3_53722] [protein=hypothetical protein] [protein_id=EGP91497.1] [location=join(4098400..4098902,4098958..4099570)] [gbkey=CDS]",0.39325842696629215
"lcl|CM001196.1_cds_EGP91498.1_1352 [gene=MgFAE2] [locus_tag=MYCGRDRAFT_66784] [db_xref=InterPro:IPR011118,JGIDB:Mycgr3_66784] [protein=putative ferulic acid Esterase/Feruloyl esterase] [protein_id=EGP91498.1] [location=join(4100267..4100581,4100638..4100946,4101003..4101992)] [gbkey=CDS]",0.46990291262135925
lcl|CM001196.1_cds_EGP91499.1_1353 [locus_tag=MYCGRDRAFT_102715] [db_xref=JGIDB:Mycgr3_102715] [protein=hypothetical protein] [protein_id=EGP91499.1] [location=4103253..4103438] [gbkey=CDS],0.43103448275862066
"lcl|CM001196.1_cds_EGP91500.1_1354 [locus_tag=MYCGRDRAFT_89777] [db_xref=InterPro:IPR004827,JGIDB:Mycgr3_89777] [protein=hypothetical protein] [protein_id=EGP91500.1] [location=join(4104651..4105492,4105547..4106708)] [gbkey=CDS]",0.49921752738654146
"lcl|CM001196.1_cds_EGP92130.1_1355 [locus_tag=MYCGRDRAFT_33587] [db_xref=JGIDB:Mycgr3_33587] [protein=hypothetical protein] [protein_id=EGP92130.1] [location=complement(join(4107389..4107425,4107800..4107864,4108154..4108750,4108796..4108987,4109066..4109230))] [gbkey=CDS]",0.43859649122807015
"lcl|CM001196.1_cds_EGP92129.1_1356 [locus_tag=MYCGRDRAFT_66788] [db_xref=InterPro:IPR000571,JGIDB:Mycgr3_66788] [protein=hypothetical protein] [protein_id=EGP92129.1] [location=complement(join(4109757..4110409,4110564..4111236))] [gbkey=CDS]",0.5407925407925408
"lcl|CM001196.1_cds_EGP91501.1_1358 [locus_tag=MYCGRDRAFT_66791] [db_xref=InterPro:IPR001680,JGIDB:Mycgr3_66791] [protein=hypothetical protein] [protein_id=EGP91501.1] [location=4113079..4114608] [gbkey=CDS]",0.465979381443299
"lcl|CM001196.1_cds_EGP92127.1_1359 [locus_tag=MYCGRDRAFT_31277] [db_xref=InterPro:IPR001025,InterPro:IPR003959,JGIDB:Mycgr3_31277] [protein=origin of replication binding protein] [protein_id=EGP92127.1] [location=complement(4114672..4116948)] [gbkey=CDS]",0.43945578231292515
lcl|CM001196.1_cds_EGP91502.1_1360 [locus_tag=MYCGRDRAFT_66795] [db_xref=JGIDB:Mycgr3_66795] [protein=hypothetical protein] [protein_id=EGP91502.1] [location=4120600..4121352] [gbkey=CDS],0.606694560669456
"lcl|CM001196.1_cds_EGP92126.1_1361 [locus_tag=MYCGRDRAFT_66798] [db_xref=InterPro:IPR000504,JGIDB:Mycgr3_66798] [protein=hypothetical protein] [protein_id=EGP92126.1] [location=complement(join(4121818..4121940,4121998..4122184,4122240..4122373))] [gbkey=CDS]",0.49295774647887325
"lcl|CM001196.1_cds_EGP91503.1_1362 [locus_tag=MYCGRDRAFT_66801] [db_xref=InterPro:IPR001680,JGIDB:Mycgr3_66801] [protein=hypothetical protein] [protein_id=EGP91503.1] [location=join(4122713..4126489,4126545..4126592)] [gbkey=CDS]",0.46877534468775345
"lcl|CM001196.1_cds_EGP91504.1_1363 [locus_tag=MYCGRDRAFT_66803] [db_xref=InterPro:IPR001440,JGIDB:Mycgr3_66803] [protein=hypothetical protein] [protein_id=EGP91504.1] [location=join(4128719..4129360,4129413..4129505,4129558..4129714,4129768..4130012,4130069..4131580)] [gbkey=CDS]",0.47754137115839246
"lcl|CM001196.1_cds_EGP91505.1_1364 [locus_tag=MYCGRDRAFT_107473] [db_xref=JGIDB:Mycgr3_107473] [protein=hypothetical protein] [protein_id=EGP91505.1] [location=join(4131976..4132030,4132101..4132525,4132599..4132647,4132733..4132797,4132856..4133023)] [gbkey=CDS]",0.5778688524590164
"lcl|CM001196.1_cds_EGP91506.1_1365 [locus_tag=MYCGRDRAFT_107474] [db_xref=InterPro:IPR001138,JGIDB:Mycgr3_107474] [protein=hypothetical protein] [protein_id=EGP91506.1] [location=4137018..4139588] [gbkey=CDS]",0.5528554070473876
"lcl|CM001196.1_cds_EGP92125.1_1366 [locus_tag=MYCGRDRAFT_66809] [db_xref=InterPro:IPR001345,JGIDB:Mycgr3_66809] [protein=hypothetical protein] [protein_id=EGP92125.1] [location=complement(4142807..4143796)] [gbkey=CDS]",0.48757763975155277
"lcl|CM001196.1_cds_EGP91507.1_1367 [locus_tag=MYCGRDRAFT_89790] [db_xref=JGIDB:Mycgr3_89790] [protein=hypothetical protein] [protein_id=EGP91507.1] [location=join(4144315..4145754,4145861..4145887)] [gbkey=CDS]",0.48427672955974843
lcl|CM001196.1_cds_EGP92122.1_1370 [locus_tag=MYCGRDRAFT_35107] [db_xref=JGIDB:Mycgr3_35107] [protein=hypothetical protein] [protein_id=EGP92122.1] [location=complement(4151788..4152804)] [gbkey=CDS],0.5510835913312694
"lcl|CM001196.1_cds_EGP92121.1_1373 [locus_tag=MYCGRDRAFT_66823] [db_xref=InterPro:IPR001466,JGIDB:Mycgr3_66823] [protein=hypothetical protein] [protein_id=EGP92121.1] [location=complement(4165077..4166738)] [gbkey=CDS]",0.5179584120982986
"lcl|CM001196.1_cds_EGP92120.1_1374 [gene=SPR3] [locus_tag=MYCGRDRAFT_34374] [db_xref=InterPro:IPR000209,JGIDB:Mycgr3_34374] [protein=subtilisin-like protease] [protein_id=EGP92120.1] [location=complement(4179887..4181194)] [gbkey=CDS]",0.5766423357664233
"lcl|CM001196.1_cds_EGP91510.1_1375 [locus_tag=MYCGRDRAFT_84034] [db_xref=JGIDB:Mycgr3_84034] [protein=hypothetical protein] [protein_id=EGP91510.1] [location=join(4182209..4183030,4183097..4183420)] [gbkey=CDS]",0.43360433604336046
"lcl|CM001196.1_cds_EGP92119.1_1377 [locus_tag=MYCGRDRAFT_66828] [db_xref=InterPro:IPR007233,JGIDB:Mycgr3_66828] [protein=hypothetical protein] [protein_id=EGP92119.1] [location=complement(join(4185331..4185734,4185790..4185826))] [gbkey=CDS]",0.5174825174825175
"lcl|CM001196.1_cds_EGP91512.1_1378 [locus_tag=MYCGRDRAFT_66829] [db_xref=InterPro:IPR000608,JGIDB:Mycgr3_66829] [protein=hypothetical protein] [protein_id=EGP91512.1] [location=join(4186227..4186415,4186470..4186844,4186947..4187116,4187233..4187845)] [gbkey=CDS]",0.6121495327102804
"lcl|CM001196.1_cds_EGP92118.1_1379 [gene=HAF2401] [locus_tag=MYCGRDRAFT_32789] [db_xref=InterPro:IPR001878,JGIDB:Mycgr3_32789] [protein=transcription initiation factor TFIID, subunit TAF1] [protein_id=EGP92118.1] [location=complement(join(4188955..4189051,4189461..4189522,4189604..4189796,4189857..4190710,4190777..4192439,4192671..4192936))] [gbkey=CDS]",0.5746785361028685
"lcl|CM001196.1_cds_EGP92117.1_1382 [locus_tag=MYCGRDRAFT_66834] [db_xref=InterPro:IPR006055,JGIDB:Mycgr3_66834] [protein=hypothetical protein] [protein_id=EGP92117.1] [location=complement(4198481..4200667)] [gbkey=CDS]",0.5142857142857142
"lcl|CM001196.1_cds_EGP91515.1_1383 [locus_tag=MYCGRDRAFT_102725] [db_xref=InterPro:IPR004827,JGIDB:Mycgr3_102725] [protein=hypothetical protein] [protein_id=EGP91515.1] [location=join(4202476..4202488,4202543..4203234)] [gbkey=CDS]",0.584070796460177
"lcl|CM001196.1_cds_EGP91516.1_1384 [locus_tag=MYCGRDRAFT_84039] [db_xref=InterPro:IPR004127,JGIDB:Mycgr3_84039] [protein=hypothetical protein] [protein_id=EGP91516.1] [location=join(4204044..4204050,4204341..4204855)] [gbkey=CDS]",0.4476744186046512
"lcl|CM001196.1_cds_EGP91517.1_1385 [locus_tag=MYCGRDRAFT_34788] [db_xref=InterPro:IPR001138,InterPro:IPR007219,JGIDB:Mycgr3_34788] [protein=fungal transcriptional regulatory protein] [protein_id=EGP91517.1] [location=join(4205479..4205888,4206003..4206579,4206629..4207885)] [gbkey=CDS]",0.4358974358974359
"lcl|CM001196.1_cds_EGP91518.1_1386 [locus_tag=MYCGRDRAFT_32585] [db_xref=InterPro:IPR000704,JGIDB:Mycgr3_32585] [protein=hypothetical protein] [protein_id=EGP91518.1] [location=4208597..4209907] [gbkey=CDS]",0.47743467933491684
"lcl|CM001196.1_cds_EGP92115.1_1388 [locus_tag=MYCGRDRAFT_102737] [db_xref=InterPro:IPR001813,JGIDB:Mycgr3_102737] [protein=hypothetical protein] [protein_id=EGP92115.1] [location=complement(join(4213192..4213368,4213423..4213581))] [gbkey=CDS]",0.6880733944954128
"lcl|CM001196.1_cds_EGP91519.1_1389 [locus_tag=MYCGRDRAFT_107488] [db_xref=JGIDB:Mycgr3_107488] [protein=hypothetical protein] [protein_id=EGP91519.1] [location=join(4214096..4214101,4214148..4215224)] [gbkey=CDS]",0.4131054131054131
"lcl|CM001196.1_cds_EGP92114.1_1390 [locus_tag=MYCGRDRAFT_66842] [db_xref=InterPro:IPR005576,JGIDB:Mycgr3_66842] [protein=hypothetical protein] [protein_id=EGP92114.1] [location=complement(join(4215854..4216027,4216089..4216418))] [gbkey=CDS]",0.5063291139240507
"lcl|CM001196.1_cds_EGP91520.1_1391 [locus_tag=MYCGRDRAFT_34736] [db_xref=InterPro:IPR004841,JGIDB:Mycgr3_34736] [protein=hypothetical protein] [protein_id=EGP91520.1] [location=join(4219716..4219868,4219934..4220115,4220152..4220186,4220458..4220483,4220539..4220782,4220833..4220935,4220985..4221182,4221246..4221441,4221494..4221556,4221612..4222022)] [gbkey=CDS]",0.4891089108910891
"lcl|CM001196.1_cds_EGP92113.1_1393 [locus_tag=MYCGRDRAFT_35055] [db_xref=InterPro:IPR000675,JGIDB:Mycgr3_35055] [protein=hypothetical protein] [protein_id=EGP92113.1] [location=complement(join(4225827..4225951,4226006..4226207))] [gbkey=CDS]",0.6037735849056604
"lcl|CM001196.1_cds_EGP92112.1_1394 [locus_tag=MYCGRDRAFT_89811] [db_xref=JGIDB:Mycgr3_89811] [protein=hypothetical protein] [protein_id=EGP92112.1] [location=complement(join(4226248..4226337,4226391..4226464,4226667..4226828,4226996..4227091,4227186..4227408))] [gbkey=CDS]",0.42788461538461536
"lcl|CM001196.1_cds_EGP92111.1_1395 [locus_tag=MYCGRDRAFT_102740] [db_xref=InterPro:IPR000915,JGIDB:Mycgr3_102740] [protein=hypothetical protein] [protein_id=EGP92111.1] [location=complement(join(4228779..4229270,4229384..4229488))] [gbkey=CDS]",0.7346938775510204
lcl|CM001196.1_cds_EGP91522.1_1396 [locus_tag=MYCGRDRAFT_102741] [db_xref=JGIDB:Mycgr3_102741] [protein=hypothetical protein] [protein_id=EGP91522.1] [location=4229889..4230497] [gbkey=CDS],0.5435897435897435
"lcl|CM001196.1_cds_EGP92110.1_1397 [locus_tag=MYCGRDRAFT_89814] [db_xref=InterPro:IPR007219,JGIDB:Mycgr3_89814] [protein=fungal specific transcription factor] [protein_id=EGP92110.1] [location=complement(join(4231738..4231935,4231989..4233924,4233981..4234314,4234444..4234531))] [gbkey=CDS]",0.47044025157232705
"lcl|CM001196.1_cds_EGP91523.1_1398 [locus_tag=MYCGRDRAFT_102744] [db_xref=JGIDB:Mycgr3_102744] [protein=glucosidase II beta subunit-like protein] [protein_id=EGP91523.1] [location=join(4235308..4236114,4236175..4236532,4236590..4237062)] [gbkey=CDS]",0.474671669793621
"lcl|CM001196.1_cds_EGP92109.1_1399 [locus_tag=MYCGRDRAFT_107492] [db_xref=InterPro:IPR001993,JGIDB:Mycgr3_107492] [protein=hypothetical protein] [protein_id=EGP92109.1] [location=complement(4237264..4238262)] [gbkey=CDS]",0.4748427672955975
"lcl|CM001196.1_cds_EGP91524.1_1400 [locus_tag=MYCGRDRAFT_107493] [db_xref=InterPro:IPR005579,JGIDB:Mycgr3_107493] [protein=hypothetical protein] [protein_id=EGP91524.1] [location=join(4238738..4238965,4239019..4239159)] [gbkey=CDS]",0.5603448275862069
lcl|CM001196.1_cds_EGP91525.1_1401 [locus_tag=MYCGRDRAFT_107494] [db_xref=JGIDB:Mycgr3_107494] [protein=hypothetical protein] [protein_id=EGP91525.1] [location=4248253..4249296] [gbkey=CDS],0.4807121661721068
"lcl|CM001196.1_cds_EGP91526.1_1402 [locus_tag=MYCGRDRAFT_35031] [db_xref=InterPro:IPR002198,JGIDB:Mycgr3_35031] [protein=hypothetical protein] [protein_id=EGP91526.1] [location=join(4249824..4250193,4250252..4250316,4250379..4250414,4250465..4250556,4250606..4250795)] [gbkey=CDS]",0.4435146443514644
"lcl|CM001196.1_cds_EGP92108.1_1403 [gene=MgXBX4] [locus_tag=MYCGRDRAFT_98714] [db_xref=InterPro:IPR006710,JGIDB:Mycgr3_98714] [protein=putative xylan 1,4-beta-Xylosidase] [protein_id=EGP92108.1] [location=complement(join(4250849..4251574,4251626..4251874))] [gbkey=CDS]",0.5598705501618123
"lcl|CM001196.1_cds_EGP92107.1_1404 [locus_tag=MYCGRDRAFT_102749] [db_xref=JGIDB:Mycgr3_102749] [protein=hypothetical protein] [protein_id=EGP92107.1] [location=complement(join(4252618..4252679,4252735..4253800))] [gbkey=CDS]",0.5248618784530387
"lcl|CM001196.1_cds_EGP92106.1_1405 [gene=MgPME1] [locus_tag=MYCGRDRAFT_66866] [db_xref=InterPro:IPR000070,JGIDB:Mycgr3_66866] [protein=putative pectin methylesterase/Pectinesterase] [protein_id=EGP92106.1] [location=complement(join(4254552..4255109,4255158..4255283,4255343..4255480,4255542..4255712))] [gbkey=CDS]",0.5993788819875776
"lcl|CM001196.1_cds_EGP91527.1_1406 [locus_tag=MYCGRDRAFT_107497] [db_xref=JGIDB:Mycgr3_107497] [protein=hypothetical protein] [protein_id=EGP91527.1] [location=join(4260047..4260251,4260301..4260824,4260903..4261010)] [gbkey=CDS]",0.4924812030075188
"lcl|CM001196.1_cds_EGP91528.1_1407 [locus_tag=MYCGRDRAFT_89822] [db_xref=JGIDB:Mycgr3_89822] [protein=hypothetical protein] [protein_id=EGP91528.1] [location=join(4262040..4262095,4262176..4262236,4262347..4262515,4262593..4262618,4262681..4262904,4262960..4263131,4263203..4263319)] [gbkey=CDS]",0.5877862595419847
"lcl|CM001196.1_cds_EGP92105.1_1408 [locus_tag=MYCGRDRAFT_107498] [db_xref=InterPro:IPR001810,JGIDB:Mycgr3_107498] [protein=hypothetical protein] [protein_id=EGP92105.1] [location=complement(4264332..4265972)] [gbkey=CDS]",0.5141776937618148
"lcl|CM001196.1_cds_EGP92104.1_1409 [locus_tag=MYCGRDRAFT_66868] [db_xref=JGIDB:Mycgr3_66868] [protein=hypothetical protein] [protein_id=EGP92104.1] [location=complement(join(4266915..4267094,4267308..4267820,4267903..4268712,4268770..4269159))] [gbkey=CDS]",0.5851602023608768
lcl|CM001196.1_cds_EGP91529.1_1410 [locus_tag=MYCGRDRAFT_98717] [db_xref=JGIDB:Mycgr3_98717] [protein=hypothetical protein] [protein_id=EGP91529.1] [location=4270297..4270686] [gbkey=CDS],0.4
lcl|CM001196.1_cds_EGP91530.1_1411 [locus_tag=MYCGRDRAFT_102753] [db_xref=JGIDB:Mycgr3_102753] [protein=hypothetical protein] [protein_id=EGP91530.1] [location=4271241..4271474] [gbkey=CDS],0.3972602739726027
"lcl|CM001196.1_cds_EGP92103.1_1412 [locus_tag=MYCGRDRAFT_32466] [db_xref=InterPro:IPR006047,JGIDB:Mycgr3_32466] [protein=hypothetical protein] [protein_id=EGP92103.1] [location=complement(join(4273088..4273678,4273731..4274748,4274801..4274831,4274892..4275054))] [gbkey=CDS]",0.5565529622980251
"lcl|CM001196.1_cds_EGP91531.1_1413 [locus_tag=MYCGRDRAFT_84059] [db_xref=InterPro:IPR001395,JGIDB:Mycgr3_84059] [protein=hypothetical protein] [protein_id=EGP91531.1] [location=4275599..4276681] [gbkey=CDS]",0.55
"lcl|CM001196.1_cds_EGP92102.1_1414 [locus_tag=MYCGRDRAFT_78893] [db_xref=JGIDB:Mycgr3_78893] [protein=hypothetical protein] [protein_id=EGP92102.1] [location=complement(join(4276805..4276855,4276911..4277474))] [gbkey=CDS]",0.5
lcl|CM001196.1_cds_EGP91532.1_1415 [locus_tag=MYCGRDRAFT_89827] [db_xref=JGIDB:Mycgr3_89827] [protein=Ca2+-modulated nonselective cation channel polycystin] [protein_id=EGP91532.1] [location=4278534..4281524] [gbkey=CDS],0.5429769392033543
"lcl|CM001196.1_cds_EGP91533.1_1416 [locus_tag=MYCGRDRAFT_98719] [db_xref=JGIDB:Mycgr3_98719] [protein=hypothetical protein] [protein_id=EGP91533.1] [location=join(4283010..4283366,4283437..4283623,4283677..4284890)] [gbkey=CDS]",0.6054054054054054
"lcl|CM001196.1_cds_EGP91534.1_1417 [locus_tag=MYCGRDRAFT_66874] [db_xref=JGIDB:Mycgr3_66874] [protein=hypothetical protein] [protein_id=EGP91534.1] [location=join(4285284..4285543,4285593..4286043,4286094..4286609)] [gbkey=CDS]",0.5848101265822785
"lcl|CM001196.1_cds_EGP92101.1_1418 [locus_tag=MYCGRDRAFT_98722] [db_xref=InterPro:IPR001440,JGIDB:Mycgr3_98722] [protein=hypothetical protein] [protein_id=EGP92101.1] [location=complement(join(4286688..4287843,4287949..4288670))] [gbkey=CDS]",0.5587248322147651
"lcl|CM001196.1_cds_EGP92099.1_1420 [locus_tag=MYCGRDRAFT_66881] [db_xref=InterPro:IPR006094,JGIDB:Mycgr3_66881] [protein=hypothetical protein] [protein_id=EGP92099.1] [location=complement(join(4295992..4297130,4297222..4297573))] [gbkey=CDS]",0.4957805907172996
"lcl|CM001196.1_cds_EGP92098.1_1421 [locus_tag=MYCGRDRAFT_53825] [db_xref=JGIDB:Mycgr3_53825] [protein=hypothetical protein] [protein_id=EGP92098.1] [location=complement(join(4298152..4298778,4298841..4299099,4299155..4299180))] [gbkey=CDS]",0.523972602739726
"lcl|CM001196.1_cds_EGP91535.1_1422 [locus_tag=MYCGRDRAFT_107505] [db_xref=JGIDB:Mycgr3_107505] [protein=hypothetical protein] [protein_id=EGP91535.1] [location=join(4299573..4299708,4299759..4300011,4300060..4300597)] [gbkey=CDS]",0.3754152823920266
"lcl|CM001196.1_cds_EGP91536.1_1423 [locus_tag=MYCGRDRAFT_66885] [db_xref=InterPro:IPR002422,JGIDB:Mycgr3_66885] [protein=hypothetical protein] [protein_id=EGP91536.1] [location=join(4303153..4303612,4303672..4303744,4303802..4304441,4304502..4304733,4304787..4304827)] [gbkey=CDS]",0.45614035087719296
"lcl|CM001196.1_cds_EGP92097.1_1424 [locus_tag=MYCGRDRAFT_35104] [db_xref=InterPro:IPR008775,JGIDB:Mycgr3_35104] [protein=hypothetical protein] [protein_id=EGP92097.1] [location=complement(4305043..4305888)] [gbkey=CDS]",0.45627376425855515
"lcl|CM001196.1_cds_EGP92096.1_1425 [locus_tag=MYCGRDRAFT_66888] [db_xref=InterPro:IPR001544,JGIDB:Mycgr3_66888] [protein=hypothetical protein] [protein_id=EGP92096.1] [location=complement(join(4306460..4307183,4307241..4307764))] [gbkey=CDS]",0.49872773536895676
"lcl|CM001196.1_cds_EGP91537.1_1426 [locus_tag=MYCGRDRAFT_32040] [db_xref=InterPro:IPR000719,JGIDB:Mycgr3_32040] [protein=hypothetical protein] [protein_id=EGP91537.1] [location=4311104..4313800] [gbkey=CDS]",0.417910447761194
"lcl|CM001196.1_cds_EGP91538.1_1427 [locus_tag=MYCGRDRAFT_33363] [db_xref=JGIDB:Mycgr3_33363] [protein=hypothetical protein] [protein_id=EGP91538.1] [location=join(4314851..4315343,4315410..4316182)] [gbkey=CDS]",0.5425790754257908
lcl|CM001196.1_cds_EGP92094.1_1429 [locus_tag=MYCGRDRAFT_89839] [db_xref=JGIDB:Mycgr3_89839] [protein=Ca2+-modulated nonselective cation channel polycystin] [protein_id=EGP92094.1] [location=complement(4318593..4320137)] [gbkey=CDS],0.4203187250996016
"lcl|CM001196.1_cds_EGP92093.1_1430 [locus_tag=MYCGRDRAFT_66894] [db_xref=InterPro:IPR002123,JGIDB:Mycgr3_66894] [protein=hypothetical protein] [protein_id=EGP92093.1] [location=complement(join(4321088..4321611,4321783..4322076,4322189..4322399))] [gbkey=CDS]",0.5660377358490566
"lcl|CM001196.1_cds_EGP91539.1_1431 [locus_tag=MYCGRDRAFT_66896] [db_xref=JGIDB:Mycgr3_66896] [protein=hypothetical protein] [protein_id=EGP91539.1] [location=join(4324113..4324188,4324443..4324529,4324581..4324668,4324717..4325121,4325314..4325715,4325774..4325858)] [gbkey=CDS]",0.5738161559888579
"lcl|CM001196.1_cds_EGP91540.1_1432 [locus_tag=MYCGRDRAFT_89842] [db_xref=JGIDB:Mycgr3_89842] [protein=hypothetical protein] [protein_id=EGP91540.1] [location=join(4328743..4328802,4328884..4328979,4330086..4330204,4330764..4331446,4331555..4331942,4332105..4332126)] [gbkey=CDS]",0.48729792147806006
lcl|CM001196.1_cds_EGP92092.1_1433 [locus_tag=MYCGRDRAFT_32463] [db_xref=JGIDB:Mycgr3_32463] [protein=hypothetical protein] [protein_id=EGP92092.1] [location=complement(4332773..4333795)] [gbkey=CDS],0.46875
"lcl|CM001196.1_cds_EGP91541.1_1434 [locus_tag=MYCGRDRAFT_66898] [db_xref=InterPro:IPR008901,JGIDB:Mycgr3_66898] [protein=hypothetical protein] [protein_id=EGP91541.1] [location=join(4334593..4334663,4334722..4334734,4334785..4334845,4334901..4335047,4335104..4335385,4335443..4335714)] [gbkey=CDS]",0.5267175572519084
"lcl|CM001196.1_cds_EGP92091.1_1436 [locus_tag=MYCGRDRAFT_102763] [db_xref=InterPro:IPR000504,JGIDB:Mycgr3_102763] [protein=hypothetical protein] [protein_id=EGP92091.1] [location=complement(join(4342153..4342376,4342433..4343340,4343408..4343409))] [gbkey=CDS]",0.6172506738544474
"lcl|CM001196.1_cds_EGP92089.1_1439 [locus_tag=MYCGRDRAFT_66908] [db_xref=InterPro:IPR000672,JGIDB:Mycgr3_66908] [protein=hypothetical protein] [protein_id=EGP92089.1] [location=complement(join(4349756..4349887,4349935..4350568,4350624..4350814))] [gbkey=CDS]",0.5436893203883495
"lcl|CM001196.1_cds_EGP91544.1_1440 [locus_tag=MYCGRDRAFT_32504] [db_xref=JGIDB:Mycgr3_32504] [protein=hypothetical protein] [protein_id=EGP91544.1] [location=join(4351528..4351807,4351871..4352157,4352282..4352386)] [gbkey=CDS]",0.5586854460093896
"lcl|CM001196.1_cds_EGP92088.1_1441 [locus_tag=MYCGRDRAFT_84074] [db_xref=InterPro:IPR000348,JGIDB:Mycgr3_84074] [protein=hypothetical protein] [protein_id=EGP92088.1] [location=complement(join(4353282..4353517,4353589..4353796,4353940..4354081,4354419..4354468))] [gbkey=CDS]",0.5920398009950248
"lcl|CM001196.1_cds_EGP91545.1_1442 [locus_tag=MYCGRDRAFT_66912] [db_xref=InterPro:IPR002422,JGIDB:Mycgr3_66912] [protein=hypothetical protein] [protein_id=EGP91545.1] [location=join(4358312..4358717,4358838..4358923,4358977..4359057,4359110..4359266,4359322..4359445,4359499..4359699,4359757..4359879,4359921..4360114,4360175..4360260,4360380..4360685)] [gbkey=CDS]",0.4525939177101968
"lcl|CM001196.1_cds_EGP92087.1_1443 [locus_tag=MYCGRDRAFT_107517] [db_xref=InterPro:IPR001810,JGIDB:Mycgr3_107517] [protein=hypothetical protein] [protein_id=EGP92087.1] [location=complement(join(4360857..4360866,4360958..4361313,4361367..4362512))] [gbkey=CDS]",0.44190871369294604
"lcl|CM001196.1_cds_EGP91546.1_1444 [gene=MgXBX1] [locus_tag=MYCGRDRAFT_84076] [db_xref=InterPro:IPR006710,JGIDB:Mycgr3_84076] [protein=putative xylan 1,4-beta-Xylosidase] [protein_id=EGP91546.1] [location=join(4362910..4364401,4364494..4364639)] [gbkey=CDS]",0.525911708253359
"lcl|CM001196.1_cds_EGP91547.1_1445 [locus_tag=MYCGRDRAFT_66917] [db_xref=InterPro:IPR002625,JGIDB:Mycgr3_66917] [protein=hypothetical protein] [protein_id=EGP91547.1] [location=join(4365241..4365274,4365333..4366078)] [gbkey=CDS]",0.54
lcl|CM001196.1_cds_EGP91548.1_1446 [locus_tag=MYCGRDRAFT_102767] [db_xref=JGIDB:Mycgr3_102767] [protein=hypothetical protein] [protein_id=EGP91548.1] [location=4368971..4369159] [gbkey=CDS],0.4067796610169492
lcl|CM001196.1_cds_EGP91549.1_1447 [locus_tag=MYCGRDRAFT_66919] [db_xref=JGIDB:Mycgr3_66919] [protein=hypothetical protein] [protein_id=EGP91549.1] [location=4372325..4373224] [gbkey=CDS],0.5157894736842106
"lcl|CM001196.1_cds_EGP91550.1_1448 [locus_tag=MYCGRDRAFT_107522] [db_xref=JGIDB:Mycgr3_107522] [protein=hypothetical protein] [protein_id=EGP91550.1] [location=join(4374013..4374077,4374181..4374294,4374778..4375100,4375157..4375410,4375460..4375798)] [gbkey=CDS]",0.5257142857142857
"lcl|CM001196.1_cds_EGP91551.1_1449 [locus_tag=MYCGRDRAFT_31715] [db_xref=InterPro:IPR001107,JGIDB:Mycgr3_31715] [protein=hypothetical protein] [protein_id=EGP91551.1] [location=4376278..4377369] [gbkey=CDS]",0.501432664756447
"lcl|CM001196.1_cds_EGP92086.1_1450 [locus_tag=MYCGRDRAFT_107524] [db_xref=JGIDB:Mycgr3_107524] [protein=hypothetical protein] [protein_id=EGP92086.1] [location=complement(join(4378551..4378963,4379018..4379089,4379143..4379209))] [gbkey=CDS]",0.5139664804469274
"lcl|CM001196.1_cds_EGP91552.1_1452 [gene=MgCBK1] [locus_tag=MYCGRDRAFT_102770] [db_xref=InterPro:IPR000719,JGIDB:Mycgr3_102770] [protein=Serine/threonine-protein kinase] [protein_id=EGP91552.1] [location=join(4382718..4383415,4383472..4383715,4383768..4384504,4384557..4384854)] [gbkey=CDS]",0.5736677115987461
"lcl|CM001196.1_cds_EGP92084.1_1453 [locus_tag=MYCGRDRAFT_78914] [db_xref=InterPro:IPR003221,JGIDB:Mycgr3_78914] [protein=hypothetical protein] [protein_id=EGP92084.1] [location=complement(join(4385731..4385755,4385830..4386071))] [gbkey=CDS]",0.5232558139534884
"lcl|CM001196.1_cds_EGP91553.1_1454 [locus_tag=MYCGRDRAFT_66934] [db_xref=InterPro:IPR004108,JGIDB:Mycgr3_66934] [protein=hypothetical protein] [protein_id=EGP91553.1] [location=join(4386417..4388060,4388127..4388336)] [gbkey=CDS]",0.451505016722408
"lcl|CM001196.1_cds_EGP91555.1_1456 [locus_tag=MYCGRDRAFT_34343] [db_xref=InterPro:IPR001247,JGIDB:Mycgr3_34343] [protein=hypothetical protein] [protein_id=EGP91555.1] [location=join(4395960..4396445,4396505..4397083)] [gbkey=CDS]",0.4766081871345029
"lcl|CM001196.1_cds_EGP92083.1_1457 [locus_tag=MYCGRDRAFT_98741] [db_xref=InterPro:IPR003000,JGIDB:Mycgr3_98741] [protein=hypothetical protein] [protein_id=EGP92083.1] [location=complement(join(4397448..4397932,4398044..4398605))] [gbkey=CDS]",0.5982404692082112
"lcl|CM001196.1_cds_EGP92082.1_1460 [locus_tag=MYCGRDRAFT_66947] [db_xref=JGIDB:Mycgr3_66947] [protein=hypothetical protein] [protein_id=EGP92082.1] [location=complement(join(4407541..4408033,4408085..4408335))] [gbkey=CDS]",0.45643153526970953
"lcl|CM001196.1_cds_EGP91558.1_1461 [locus_tag=MYCGRDRAFT_53893] [db_xref=InterPro:IPR001295,JGIDB:Mycgr3_53893] [protein=hypothetical protein] [protein_id=EGP91558.1] [location=4413262..4414266] [gbkey=CDS]",0.4241486068111455
"lcl|CM001196.1_cds_EGP92081.1_1462 [locus_tag=MYCGRDRAFT_31712] [db_xref=InterPro:IPR003010,JGIDB:Mycgr3_31712] [protein=hypothetical protein] [protein_id=EGP92081.1] [location=complement(join(4414568..4415281,4415333..4415395))] [gbkey=CDS]",0.5258964143426295
"lcl|CM001196.1_cds_EGP91559.1_1463 [locus_tag=MYCGRDRAFT_89870] [db_xref=InterPro:IPR002916,JGIDB:Mycgr3_89870] [protein=ferric reductase-like transmembrane component] [protein_id=EGP91559.1] [location=join(4416977..4417127,4417187..4417871,4417925..4418053,4418107..4419331,4419886..4419963,4420646..4420675)] [gbkey=CDS]",0.5068493150684932
"lcl|CM001196.1_cds_EGP91560.1_1464 [locus_tag=MYCGRDRAFT_107535] [db_xref=InterPro:IPR001092,JGIDB:Mycgr3_107535] [protein=hypothetical protein] [protein_id=EGP91560.1] [location=join(4421547..4422203,4422261..4422959)] [gbkey=CDS]",0.46136363636363636
"lcl|CM001196.1_cds_EGP92080.1_1465 [locus_tag=MYCGRDRAFT_107536] [db_xref=JGIDB:Mycgr3_107536] [protein=hypothetical protein] [protein_id=EGP92080.1] [location=complement(join(4423567..4424232,4424290..4424349))] [gbkey=CDS]",0.42857142857142855
"lcl|CM001196.1_cds_EGP91561.1_1466 [locus_tag=MYCGRDRAFT_32500] [db_xref=JGIDB:Mycgr3_32500] [protein=hypothetical protein] [protein_id=EGP91561.1] [location=join(4428009..4428354,4428407..4429227)] [gbkey=CDS]",0.6570680628272252
"lcl|CM001196.1_cds_EGP92079.1_1467 [locus_tag=MYCGRDRAFT_66956] [db_xref=InterPro:IPR002198,JGIDB:Mycgr3_66956] [protein=hypothetical protein] [protein_id=EGP92079.1] [location=complement(join(4429439..4429734,4429798..4430034,4430119..4430148,4430203..4430506))] [gbkey=CDS]",0.4910394265232975
"lcl|CM001196.1_cds_EGP91562.1_1469 [locus_tag=MYCGRDRAFT_53902] [db_xref=InterPro:IPR000674,InterPro:IPR001041,InterPro:IPR002346,InterPro:IPR002888,InterPro:IPR005107,InterPro:IPR008274,JGIDB:Mycgr3_53902] [protein=hypothetical protein] [protein_id=EGP91562.1] [location=4432317..4436405] [gbkey=CDS]",0.5148288973384031
lcl|CM001196.1_cds_EGP91563.1_1470 [gene=RGP1] [locus_tag=MYCGRDRAFT_66965] [db_xref=JGIDB:Mycgr3_66965] [protein=reduced growth phenotype 1] [protein_id=EGP91563.1] [location=4436974..4439712] [gbkey=CDS],0.4431946006749156
"lcl|CM001196.1_cds_EGP92077.1_1471 [locus_tag=MYCGRDRAFT_33779] [db_xref=InterPro:IPR005629,JGIDB:Mycgr3_33779] [protein=hypothetical protein] [protein_id=EGP92077.1] [location=complement(join(4440705..4440849,4440914..4441922,4442033..4442310,4442366..4443006))] [gbkey=CDS]",0.4885145482388974
"lcl|CM001196.1_cds_EGP91564.1_1472 [locus_tag=MYCGRDRAFT_66970] [db_xref=InterPro:IPR002728,JGIDB:Mycgr3_66970] [protein=hypothetical protein] [protein_id=EGP91564.1] [location=join(4444232..4444421,4444474..4445693)] [gbkey=CDS]",0.5406593406593406
"lcl|CM001196.1_cds_EGP91565.1_1473 [locus_tag=MYCGRDRAFT_78925] [db_xref=InterPro:IPR001163,JGIDB:Mycgr3_78925] [protein=hypothetical protein] [protein_id=EGP91565.1] [location=join(4445919..4445937,4445991..4446001,4446081..4446212,4446340..4446442,4446528..4446565)] [gbkey=CDS]",0.43434343434343436
"lcl|CM001196.1_cds_EGP91566.1_1474 [locus_tag=MYCGRDRAFT_89878] [db_xref=JGIDB:Mycgr3_89878] [protein=hypothetical protein] [protein_id=EGP91566.1] [location=join(4447517..4447706,4447784..4447926,4447980..4448099)] [gbkey=CDS]",0.7172413793103448
lcl|CM001196.1_cds_EGP92075.1_1476 [locus_tag=MYCGRDRAFT_102785] [db_xref=JGIDB:Mycgr3_102785] [protein=hypothetical protein] [protein_id=EGP92075.1] [location=complement(4452523..4453932)] [gbkey=CDS],0.5605381165919282
"lcl|CM001196.1_cds_EGP91567.1_1477 [gene=RPE1] [locus_tag=MYCGRDRAFT_66977] [db_xref=InterPro:IPR000056,JGIDB:Mycgr3_66977] [protein=RIBULOSE-phosphate 3-epimerase] [protein_id=EGP91567.1] [location=join(4456186..4456428,4456483..4456731,4456788..4457045)] [gbkey=CDS]",0.4576271186440678
"lcl|CM001196.1_cds_EGP91568.1_1478 [locus_tag=MYCGRDRAFT_66981] [db_xref=InterPro:IPR001375,InterPro:IPR002469,JGIDB:Mycgr3_66981] [protein=hypothetical protein] [protein_id=EGP91568.1] [location=join(4457594..4460129,4460181..4460272)] [gbkey=CDS]",0.4964200477326969
"lcl|CM001196.1_cds_EGP92074.1_1479 [locus_tag=MYCGRDRAFT_66984] [db_xref=JGIDB:Mycgr3_66984] [protein=hypothetical protein] [protein_id=EGP92074.1] [location=complement(join(4462681..4463190,4463243..4463754,4463809..4463929))] [gbkey=CDS]",0.48066298342541436
"lcl|CM001196.1_cds_EGP92073.1_1480 [locus_tag=MYCGRDRAFT_107544] [db_xref=JGIDB:Mycgr3_107544] [protein=hypothetical protein] [protein_id=EGP92073.1] [location=complement(join(4464333..4465378,4465612..4465659,4465802..4465961))] [gbkey=CDS]",0.4
"lcl|CM001196.1_cds_EGP91569.1_1481 [locus_tag=MYCGRDRAFT_33410] [db_xref=InterPro:IPR006751,JGIDB:Mycgr3_33410] [protein=hypothetical protein] [protein_id=EGP91569.1] [location=join(4469384..4470598,4470668..4471033)] [gbkey=CDS]",0.5167652859960552
"lcl|CM001196.1_cds_EGP92072.1_1482 [locus_tag=MYCGRDRAFT_32139] [db_xref=InterPro:IPR000277,JGIDB:Mycgr3_32139] [protein=hypothetical protein] [protein_id=EGP92072.1] [location=complement(4471227..4472480)] [gbkey=CDS]",0.6625916870415648
"lcl|CM001196.1_cds_EGP92070.1_1486 [locus_tag=MYCGRDRAFT_84104] [db_xref=InterPro:IPR002110,JGIDB:Mycgr3_84104] [protein=hypothetical protein] [protein_id=EGP92070.1] [location=complement(4481775..4482464)] [gbkey=CDS]",0.41517857142857145
"lcl|CM001196.1_cds_EGP92069.1_1488 [locus_tag=MYCGRDRAFT_66999] [db_xref=JGIDB:Mycgr3_66999] [protein=hypothetical protein] [protein_id=EGP92069.1] [location=complement(join(4484297..4484866,4484934..4484939))] [gbkey=CDS]",0.5185185185185185
"lcl|CM001196.1_cds_EGP92067.1_1490 [locus_tag=MYCGRDRAFT_67005] [db_xref=InterPro:IPR004396,JGIDB:Mycgr3_67005] [protein=hypothetical protein] [protein_id=EGP92067.1] [location=complement(join(4489733..4490284,4490495..4491052,4491122..4491196))] [gbkey=CDS]",0.5520833333333334
"lcl|CM001196.1_cds_EGP92066.1_1491 [locus_tag=MYCGRDRAFT_67008] [db_xref=InterPro:IPR003439,JGIDB:Mycgr3_67008] [protein=ABC transporter domain-containing protein] [protein_id=EGP92066.1] [location=complement(4491609..4493849)] [gbkey=CDS]",0.5399449035812672
"lcl|CM001196.1_cds_EGP91573.1_1492 [locus_tag=MYCGRDRAFT_107550] [db_xref=JGIDB:Mycgr3_107550] [protein=hypothetical protein] [protein_id=EGP91573.1] [location=join(4495132..4495196,4495250..4495445,4495635..4495668,4495728..4495737,4496132..4496474,4496660..4496893,4496966..4499515)] [gbkey=CDS]",0.46958855098389984
"lcl|CM001196.1_cds_EGP91574.1_1493 [locus_tag=MYCGRDRAFT_107551] [db_xref=InterPro:IPR000043,JGIDB:Mycgr3_107551] [protein=hypothetical protein] [protein_id=EGP91574.1] [location=join(4500664..4500690,4500763..4500907,4500964..4502219)] [gbkey=CDS]",0.8030634573304157
"lcl|CM001196.1_cds_EGP92065.1_1494 [locus_tag=MYCGRDRAFT_102788] [db_xref=JGIDB:Mycgr3_102788] [protein=hypothetical protein] [protein_id=EGP92065.1] [location=complement(join(4502799..4502959,4503025..4503056,4503109..4503155))] [gbkey=CDS]",0.5066666666666667
"lcl|CM001196.1_cds_EGP92064.1_1495 [locus_tag=MYCGRDRAFT_107553] [db_xref=JGIDB:Mycgr3_107553] [protein=hypothetical protein] [protein_id=EGP92064.1] [location=complement(join(4506475..4507117,4507174..4507268,4507876..4508085,4508247..4508306))] [gbkey=CDS]",0.47318611987381703
"lcl|CM001196.1_cds_EGP91575.1_1496 [locus_tag=MYCGRDRAFT_34332] [db_xref=JGIDB:Mycgr3_34332] [protein=hypothetical protein] [protein_id=EGP91575.1] [location=join(4510696..4510866,4510932..4511870)] [gbkey=CDS]",0.4820936639118457
"lcl|CM001196.1_cds_EGP92063.1_1497 [locus_tag=MYCGRDRAFT_102792] [db_xref=JGIDB:Mycgr3_102792] [protein=hypothetical protein] [protein_id=EGP92063.1] [location=complement(join(4512551..4512888,4512959..4512965))] [gbkey=CDS]",0.44545454545454544
lcl|CM001196.1_cds_EGP92062.1_1498 [locus_tag=MYCGRDRAFT_102794] [db_xref=JGIDB:Mycgr3_102794] [protein=hypothetical protein] [protein_id=EGP92062.1] [location=complement(4513598..4513900)] [gbkey=CDS],0.47959183673469385
"lcl|CM001196.1_cds_EGP91576.1_1499 [locus_tag=MYCGRDRAFT_67015] [db_xref=JGIDB:Mycgr3_67015] [protein=hypothetical protein] [protein_id=EGP91576.1] [location=join(4533155..4533292,4533348..4533917,4533988..4534023,4534074..4534214,4534283..4534545,4534607..4534718,4534772..4534873,4534937..4535344)] [gbkey=CDS]",0.5285961871750433
"lcl|CM001196.1_cds_EGP92061.1_1500 [locus_tag=MYCGRDRAFT_53956] [db_xref=InterPro:IPR001926,JGIDB:Mycgr3_53956] [protein=hypothetical protein] [protein_id=EGP92061.1] [location=complement(join(4535525..4536527,4536578..4536645))] [gbkey=CDS]",0.4752186588921283
"lcl|CM001196.1_cds_EGP91577.1_1501 [locus_tag=MYCGRDRAFT_102797] [db_xref=InterPro:IPR006461,JGIDB:Mycgr3_102797] [protein=hypothetical protein] [protein_id=EGP91577.1] [location=join(4545681..4545764,4545818..4546252)] [gbkey=CDS]",0.5632911392405063
"lcl|CM001196.1_cds_EGP91578.1_1502 [locus_tag=MYCGRDRAFT_98764] [db_xref=JGIDB:Mycgr3_98764] [protein=hypothetical protein] [protein_id=EGP91578.1] [location=join(4548059..4548320,4548388..4548558,4548611..4549462,4549924..4549928,4550215..4550256)] [gbkey=CDS]",0.5694117647058824
"lcl|CM001196.1_cds_EGP92060.1_1503 [locus_tag=MYCGRDRAFT_89903] [db_xref=JGIDB:Mycgr3_89903] [protein=hypothetical protein] [protein_id=EGP92060.1] [location=complement(join(4550945..4551352,4551621..4551682,4551804..4551818,4552142..4552430,4552485..4552490))] [gbkey=CDS]",0.5577689243027888
"lcl|CM001196.1_cds_EGP92059.1_1504 [locus_tag=MYCGRDRAFT_89904] [db_xref=JGIDB:Mycgr3_89904] [protein=hypothetical protein] [protein_id=EGP92059.1] [location=complement(join(4552999..4553331,4553424..4553713,4553871..4553907))] [gbkey=CDS]",0.5885167464114832
"lcl|CM001196.1_cds_EGP91579.1_1505 [locus_tag=MYCGRDRAFT_34335] [db_xref=InterPro:IPR000326,JGIDB:Mycgr3_34335] [protein=hypothetical protein] [protein_id=EGP91579.1] [location=4555105..4556220] [gbkey=CDS]",0.5028248587570622
"lcl|CM001196.1_cds_EGP92058.1_1506 [locus_tag=MYCGRDRAFT_102798] [db_xref=JGIDB:Mycgr3_102798] [protein=hypothetical protein] [protein_id=EGP92058.1] [location=complement(join(4557917..4558078,4558130..4558714))] [gbkey=CDS]",0.5843621399176955
lcl|CM001196.1_cds_EGP92057.1_1507 [locus_tag=MYCGRDRAFT_102800] [db_xref=JGIDB:Mycgr3_102800] [protein=hypothetical protein] [protein_id=EGP92057.1] [location=complement(4560183..4560428)] [gbkey=CDS],0.4935064935064935
"lcl|CM001196.1_cds_EGP92056.1_1508 [locus_tag=MYCGRDRAFT_84117] [db_xref=InterPro:IPR005814,JGIDB:Mycgr3_84117] [protein=hypothetical protein] [protein_id=EGP92056.1] [location=complement(4560685..4561917)] [gbkey=CDS]",0.556390977443609
lcl|CM001196.1_cds_EGP91580.1_1509 [locus_tag=MYCGRDRAFT_102802] [db_xref=JGIDB:Mycgr3_102802] [protein=hypothetical protein] [protein_id=EGP91580.1] [location=4562776..4562994] [gbkey=CDS],0.5072463768115942
"lcl|CM001196.1_cds_EGP91581.1_1510 [locus_tag=MYCGRDRAFT_84119] [db_xref=JGIDB:Mycgr3_84119] [protein=hypothetical protein] [protein_id=EGP91581.1] [location=join(4564735..4564917,4564977..4565894,4565946..4565985,4566058..4566473)] [gbkey=CDS]",0.6855983772819473
"lcl|CM001196.1_cds_EGP92055.1_1511 [locus_tag=MYCGRDRAFT_98769] [db_xref=InterPro:IPR001104,JGIDB:Mycgr3_98769] [protein=hypothetical protein] [protein_id=EGP92055.1] [location=complement(join(4566899..4567563,4567621..4567833,4567890..4567929))] [gbkey=CDS]",0.5938566552901023
"lcl|CM001196.1_cds_EGP91582.1_1512 [locus_tag=MYCGRDRAFT_67035] [db_xref=InterPro:IPR002007,JGIDB:Mycgr3_67035] [protein=hypothetical protein] [protein_id=EGP91582.1] [location=join(4569594..4570702,4570756..4571837,4571914..4572085,4572138..4573116)] [gbkey=CDS]",0.5828625235404896
"lcl|CM001196.1_cds_EGP92054.1_1513 [locus_tag=MYCGRDRAFT_67037] [db_xref=InterPro:IPR011261,InterPro:IPR011262,JGIDB:Mycgr3_67037] [protein=hypothetical protein] [protein_id=EGP92054.1] [location=complement(join(4573735..4574751,4574806..4574874))] [gbkey=CDS]",0.515850144092219
"lcl|CM001196.1_cds_EGP92053.1_1514 [gene=MgBMN2] [locus_tag=MYCGRDRAFT_107565] [db_xref=InterPro:IPR006102,JGIDB:Mycgr3_107565] [protein=putative beta-mannosidase] [protein_id=EGP92053.1] [location=complement(join(4575746..4576859,4576910..4578216,4578425..4578649))] [gbkey=CDS]",0.5175332527206772
"lcl|CM001196.1_cds_EGP92052.1_1515 [locus_tag=MYCGRDRAFT_107566] [db_xref=JGIDB:Mycgr3_107566] [protein=hypothetical protein] [protein_id=EGP92052.1] [location=complement(join(4579265..4580015,4580071..4580291))] [gbkey=CDS]",0.5775577557755776
"lcl|CM001196.1_cds_EGP91583.1_1516 [locus_tag=MYCGRDRAFT_67041] [db_xref=InterPro:IPR001452,JGIDB:Mycgr3_67041] [protein=hypothetical protein] [protein_id=EGP91583.1] [location=4581436..4587363] [gbkey=CDS]",0.47718930256948083
"lcl|CM001196.1_cds_EGP91584.1_1517 [locus_tag=MYCGRDRAFT_34547] [db_xref=InterPro:IPR002129,JGIDB:Mycgr3_34547] [protein=hypothetical protein] [protein_id=EGP91584.1] [location=4587853..4589562] [gbkey=CDS]",0.4573502722323049
"lcl|CM001196.1_cds_EGP92051.1_1518 [locus_tag=MYCGRDRAFT_53981] [db_xref=JGIDB:Mycgr3_53981] [protein=hypothetical protein] [protein_id=EGP92051.1] [location=complement(join(4589927..4590099,4590165..4590180,4590235..4590378))] [gbkey=CDS]",0.625
"lcl|CM001196.1_cds_EGP91585.1_1519 [locus_tag=MYCGRDRAFT_53984] [db_xref=InterPro:IPR003213,JGIDB:Mycgr3_53984] [protein=hypothetical protein] [protein_id=EGP91585.1] [location=join(4590613..4590661,4590821..4590936,4590993..4591091)] [gbkey=CDS]",0.7560975609756098
"lcl|CM001196.1_cds_EGP91586.1_1520 [locus_tag=MYCGRDRAFT_89917] [db_xref=JGIDB:Mycgr3_89917] [protein=hypothetical protein] [protein_id=EGP91586.1] [location=join(4592451..4592485,4592542..4593112,4593166..4593595,4593649..4593719)] [gbkey=CDS]",0.5584045584045584
"lcl|CM001196.1_cds_EGP92050.1_1521 [locus_tag=MYCGRDRAFT_67048] [db_xref=InterPro:IPR006035,JGIDB:Mycgr3_67048] [protein=hypothetical protein] [protein_id=EGP92050.1] [location=complement(join(4594072..4594335,4594467..4595067,4595124..4595311,4595376..4595513))] [gbkey=CDS]",0.5673575129533679
"lcl|CM001196.1_cds_EGP92049.1_1522 [locus_tag=MYCGRDRAFT_98773] [db_xref=InterPro:IPR002528,JGIDB:Mycgr3_98773] [protein=hypothetical protein] [protein_id=EGP92049.1] [location=complement(join(4596162..4596289,4596339..4597138,4597188..4597749,4598821..4598824,4602771..4602848))] [gbkey=CDS]",0.49498997995991983
"lcl|CM001196.1_cds_EGP91587.1_1523 [locus_tag=MYCGRDRAFT_89921] [db_xref=JGIDB:Mycgr3_89921] [protein=hypothetical protein] [protein_id=EGP91587.1] [location=join(4612498..4613061,4613291..4613408,4613605..4614146)] [gbkey=CDS]",0.5115089514066496
"lcl|CM001196.1_cds_EGP92048.1_1524 [locus_tag=MYCGRDRAFT_35120] [db_xref=InterPro:IPR005834,JGIDB:Mycgr3_35120] [protein=hypothetical protein] [protein_id=EGP92048.1] [location=complement(join(4614606..4615105,4615158..4615329,4615395..4615457))] [gbkey=CDS]",0.43776824034334766
"lcl|CM001196.1_cds_EGP92047.1_1525 [locus_tag=MYCGRDRAFT_107571] [db_xref=InterPro:IPR006630,JGIDB:Mycgr3_107571] [protein=hypothetical protein] [protein_id=EGP92047.1] [location=complement(4616777..4620286)] [gbkey=CDS]",0.5185185185185185
"lcl|CM001196.1_cds_EGP91588.1_1528 [locus_tag=MYCGRDRAFT_102814] [db_xref=InterPro:IPR008568,JGIDB:Mycgr3_102814] [protein=hypothetical protein] [protein_id=EGP91588.1] [location=join(4626290..4626336,4626390..4626784,4626839..4627000,4627059..4627240)] [gbkey=CDS]",0.49583333333333335
"lcl|CM001196.1_cds_EGP92044.1_1529 [locus_tag=MYCGRDRAFT_107574] [db_xref=InterPro:IPR001810,JGIDB:Mycgr3_107574] [protein=hypothetical protein] [protein_id=EGP92044.1] [location=complement(join(4628681..4629711,4629765..4630104))] [gbkey=CDS]",0.5862068965517241
"lcl|CM001196.1_cds_EGP91589.1_1531 [locus_tag=MYCGRDRAFT_98775] [db_xref=InterPro:IPR002478,JGIDB:Mycgr3_98775] [protein=hypothetical protein] [protein_id=EGP91589.1] [location=join(4632250..4632263,4632320..4632878)] [gbkey=CDS]",0.47802197802197804
"lcl|CM001196.1_cds_EGP92042.1_1532 [locus_tag=MYCGRDRAFT_67060] [db_xref=JGIDB:Mycgr3_67060] [protein=hypothetical protein] [protein_id=EGP92042.1] [location=complement(join(4633637..4634180,4634299..4634413,4634474..4634618))] [gbkey=CDS]",0.5521235521235521
"lcl|CM001196.1_cds_EGP92040.1_1535 [locus_tag=MYCGRDRAFT_67069] [db_xref=InterPro:IPR003604,JGIDB:Mycgr3_67069] [protein=hypothetical protein] [protein_id=EGP92040.1] [location=complement(join(4640466..4640840,4640919..4641362))] [gbkey=CDS]",0.48872180451127817
"lcl|CM001196.1_cds_EGP91591.1_1536 [gene=HIRA2401] [locus_tag=MYCGRDRAFT_67073] [db_xref=InterPro:IPR001680,InterPro:IPR011494,JGIDB:Mycgr3_67073] [protein=histone transcription regulator HIRA, WD repeat superfamily] [protein_id=EGP91591.1] [location=4641624..4644809] [gbkey=CDS]",0.42130987292277616
"lcl|CM001196.1_cds_EGP91592.1_1537 [locus_tag=MYCGRDRAFT_67076] [db_xref=JGIDB:Mycgr3_67076] [protein=hypothetical protein] [protein_id=EGP91592.1] [location=join(4645056..4645203,4645255..4646528)] [gbkey=CDS]",0.4304635761589404
"lcl|CM001196.1_cds_EGP91593.1_1538 [locus_tag=MYCGRDRAFT_89934] [db_xref=InterPro:IPR001138,JGIDB:Mycgr3_89934] [protein=hypothetical protein] [protein_id=EGP91593.1] [location=join(4647502..4647722,4647899..4649414)] [gbkey=CDS]",0.5449640287769785
"lcl|CM001196.1_cds_EGP92039.1_1539 [locus_tag=MYCGRDRAFT_67079] [db_xref=InterPro:IPR000704,JGIDB:Mycgr3_67079] [protein=hypothetical protein] [protein_id=EGP92039.1] [location=complement(join(4652888..4653379,4653431..4653676,4654058..4654114))] [gbkey=CDS]",0.5378486055776892
"lcl|CM001196.1_cds_EGP91594.1_1540 [locus_tag=MYCGRDRAFT_98781] [db_xref=InterPro:IPR009771,JGIDB:Mycgr3_98781] [protein=hypothetical protein] [protein_id=EGP91594.1] [location=join(4654475..4654579,4654685..4657550,4660687..4660758,4661122..4661158,4663609..4663657)] [gbkey=CDS]",0.42502482621648463
"lcl|CM001196.1_cds_EGP92038.1_1542 [locus_tag=MYCGRDRAFT_67089] [db_xref=InterPro:IPR010497,JGIDB:Mycgr3_67089] [protein=hypothetical protein] [protein_id=EGP92038.1] [location=complement(join(4665647..4666541,4666603..4666812,4666873..4666889,4666950..4667033))] [gbkey=CDS]",0.5196850393700787
lcl|CM001196.1_cds_EGP91596.1_1543 [locus_tag=MYCGRDRAFT_35311] [db_xref=JGIDB:Mycgr3_35311] [protein=hypothetical protein] [protein_id=EGP91596.1] [location=4670796..4671944] [gbkey=CDS],0.5913978494623656
"lcl|CM001196.1_cds_EGP92037.1_1544 [locus_tag=MYCGRDRAFT_102821] [db_xref=JGIDB:Mycgr3_102821] [protein=hypothetical protein] [protein_id=EGP92037.1] [location=complement(join(4672586..4674349,4674414..4674533))] [gbkey=CDS]",0.5212224108658744
"lcl|CM001196.1_cds_EGP92036.1_1545 [locus_tag=MYCGRDRAFT_89942] [db_xref=InterPro:IPR007568,JGIDB:Mycgr3_89942] [protein=hypothetical protein] [protein_id=EGP92036.1] [location=complement(join(4676518..4677166,4677226..4677539))] [gbkey=CDS]",0.5533333333333333
"lcl|CM001196.1_cds_EGP92035.1_1546 [locus_tag=MYCGRDRAFT_89943] [db_xref=JGIDB:Mycgr3_89943] [protein=hypothetical protein] [protein_id=EGP92035.1] [location=complement(join(4678353..4678915,4678979..4679630,4679846..4679890))] [gbkey=CDS]",0.5265822784810127
"lcl|CM001196.1_cds_EGP91597.1_1547 [locus_tag=MYCGRDRAFT_67094] [db_xref=InterPro:IPR001993,JGIDB:Mycgr3_67094] [protein=hypothetical protein] [protein_id=EGP91597.1] [location=join(4680443..4681178,4681272..4681501)] [gbkey=CDS]",0.4723127035830619
"lcl|CM001196.1_cds_EGP92034.1_1548 [locus_tag=MYCGRDRAFT_32076] [db_xref=InterPro:IPR002048,InterPro:IPR005821,JGIDB:Mycgr3_32076] [protein=Ca2+ channel, alpha subunit] [protein_id=EGP92034.1] [location=complement(join(4684189..4684611,4684714..4690413))] [gbkey=CDS]",0.5268817204301075
"lcl|CM001196.1_cds_EGP91598.1_1549 [locus_tag=MYCGRDRAFT_31624] [db_xref=JGIDB:Mycgr3_31624] [protein=hypothetical protein] [protein_id=EGP91598.1] [location=join(4691642..4691746,4691804..4692436)] [gbkey=CDS]",0.4472573839662447
"lcl|CM001196.1_cds_EGP92033.1_1550 [locus_tag=MYCGRDRAFT_67096] [db_xref=InterPro:IPR009716,JGIDB:Mycgr3_67096] [protein=putative Ferriportin iron efflux transporter] [protein_id=EGP92033.1] [location=complement(join(4692488..4693482,4693539..4693771,4693800..4694047))] [gbkey=CDS]",0.44539614561027835
"lcl|CM001196.1_cds_EGP92032.1_1552 [locus_tag=MYCGRDRAFT_89949] [db_xref=JGIDB:Mycgr3_89949] [protein=hypothetical protein] [protein_id=EGP92032.1] [location=complement(join(4698233..4698427,4698485..4699018))] [gbkey=CDS]",0.5127118644067796
"lcl|CM001196.1_cds_EGP92031.1_1553 [locus_tag=MYCGRDRAFT_107589] [db_xref=JGIDB:Mycgr3_107589] [protein=hypothetical protein] [protein_id=EGP92031.1] [location=complement(join(4699703..4700551,4701308..4701850,4701905..4702062,4702138..4702213,4702271..4702399))] [gbkey=CDS]",0.5035087719298246
"lcl|CM001196.1_cds_EGP91600.1_1554 [locus_tag=MYCGRDRAFT_67099] [db_xref=InterPro:IPR002085,JGIDB:Mycgr3_67099] [protein=hypothetical protein] [protein_id=EGP91600.1] [location=join(4704407..4704996,4705050..4705234,4705274..4705518)] [gbkey=CDS]",0.5876923076923077
"lcl|CM001196.1_cds_EGP91601.1_1555 [locus_tag=MYCGRDRAFT_67102] [db_xref=JGIDB:Mycgr3_67102] [protein=hypothetical protein] [protein_id=EGP91601.1] [location=join(4707341..4707684,4707740..4708661)] [gbkey=CDS]",0.5407407407407407
"lcl|CM001196.1_cds_EGP92030.1_1556 [locus_tag=MYCGRDRAFT_33390] [db_xref=JGIDB:Mycgr3_33390] [protein=hypothetical protein] [protein_id=EGP92030.1] [location=complement(join(4710358..4710782,4710836..4710998))] [gbkey=CDS]",0.5243243243243243
"lcl|CM001196.1_cds_EGP92029.1_1557 [locus_tag=MYCGRDRAFT_107593] [db_xref=InterPro:IPR004023,JGIDB:Mycgr3_107593] [protein=hypothetical protein] [protein_id=EGP92029.1] [location=complement(join(4712031..4712045,4712099..4712224,4712282..4712369,4712427..4712490,4712548..4712643,4712697..4712734,4712832..4712875))] [gbkey=CDS]",0.5789473684210527
"lcl|CM001196.1_cds_EGP91602.1_1558 [locus_tag=MYCGRDRAFT_67108] [db_xref=InterPro:IPR002553,JGIDB:Mycgr3_67108] [protein=hypothetical protein] [protein_id=EGP91602.1] [location=join(4713282..4713586,4713641..4716075,4716129..4716277)] [gbkey=CDS]",0.5686695278969958
lcl|CM001196.1_cds_EGP92027.1_1560 [locus_tag=MYCGRDRAFT_67112] [db_xref=JGIDB:Mycgr3_67112] [protein=hypothetical protein] [protein_id=EGP92027.1] [location=complement(4717439..4718878)] [gbkey=CDS],0.4190064794816415
"lcl|CM001196.1_cds_EGP92026.1_1561 [locus_tag=MYCGRDRAFT_31519] [db_xref=JGIDB:Mycgr3_31519] [protein=hypothetical protein] [protein_id=EGP92026.1] [location=complement(join(4719812..4720003,4720058..4720850,4720901..4721375,4721441..4721457,4721508..4721656))] [gbkey=CDS]",0.5368217054263565
lcl|CM001196.1_cds_EGP91603.1_1562 [locus_tag=MYCGRDRAFT_107596] [db_xref=JGIDB:Mycgr3_107596] [protein=hypothetical protein] [protein_id=EGP91603.1] [location=4724709..4725596] [gbkey=CDS],0.4482758620689655
"lcl|CM001196.1_cds_EGP92025.1_1563 [locus_tag=MYCGRDRAFT_67117] [db_xref=InterPro:IPR001047,JGIDB:Mycgr3_67117] [protein=hypothetical protein] [protein_id=EGP92025.1] [location=complement(join(4726401..4726926,4726980..4727048,4727110..4727114))] [gbkey=CDS]",0.8214285714285714
lcl|CM001196.1_cds_EGP92024.1_1564 [locus_tag=MYCGRDRAFT_34196] [db_xref=JGIDB:Mycgr3_34196] [protein=hypothetical protein] [protein_id=EGP92024.1] [location=complement(4727566..4728216)] [gbkey=CDS],0.4951923076923077
"lcl|CM001196.1_cds_EGP91604.1_1565 [locus_tag=MYCGRDRAFT_107598] [db_xref=InterPro:IPR007087,JGIDB:Mycgr3_107598] [protein=hypothetical protein] [protein_id=EGP91604.1] [location=join(4728917..4728931,4728985..4729072,4729464..4729482,4729728..4729804,4730039..4730097,4730159..4730720,4730772..4731016,4731080..4731232,4731290..4731372,4731769..4733128)] [gbkey=CDS]",0.5675990675990676
lcl|CM001196.1_cds_EGP91605.1_1566 [locus_tag=MYCGRDRAFT_107599] [db_xref=JGIDB:Mycgr3_107599] [protein=hypothetical protein] [protein_id=EGP91605.1] [location=4733952..4735046] [gbkey=CDS],0.5154061624649859
"lcl|CM001196.1_cds_EGP91606.1_1568 [locus_tag=MYCGRDRAFT_67122] [db_xref=InterPro:IPR002225,JGIDB:Mycgr3_67122] [protein=hypothetical protein] [protein_id=EGP91606.1] [location=4737082..4738239] [gbkey=CDS]",0.5054054054054054
"lcl|CM001196.1_cds_EGP91607.1_1569 [locus_tag=MYCGRDRAFT_84149] [db_xref=JGIDB:Mycgr3_84149] [protein=hypothetical protein] [protein_id=EGP91607.1] [location=join(4740738..4741740,4741795..4741892)] [gbkey=CDS]",0.6218487394957983
"lcl|CM001196.1_cds_EGP92022.1_1570 [locus_tag=MYCGRDRAFT_107601] [db_xref=InterPro:IPR001327,JGIDB:Mycgr3_107601] [protein=hypothetical protein] [protein_id=EGP92022.1] [location=complement(join(4742057..4742205,4742260..4743084,4743141..4743393))] [gbkey=CDS]",0.5648854961832062
"lcl|CM001196.1_cds_EGP92021.1_1571 [locus_tag=MYCGRDRAFT_89963] [db_xref=InterPro:IPR000679,InterPro:IPR006939,JGIDB:Mycgr3_89963] [protein=hypothetical protein] [protein_id=EGP92021.1] [location=complement(join(4745572..4746147,4746203..4748062,4748223..4748252,4748309..4748362))] [gbkey=CDS]",0.47270471464019853
"lcl|CM001196.1_cds_EGP92020.1_1573 [locus_tag=MYCGRDRAFT_32600] [db_xref=InterPro:IPR005828,JGIDB:Mycgr3_32600] [protein=MFS transporter] [protein_id=EGP92020.1] [location=complement(join(4750484..4750755,4750805..4751051,4751182..4752005,4752063..4752330))] [gbkey=CDS]",0.44664031620553357
"lcl|CM001196.1_cds_EGP91609.1_1574 [locus_tag=MYCGRDRAFT_31615] [db_xref=JGIDB:Mycgr3_31615] [protein=hypothetical protein] [protein_id=EGP91609.1] [location=join(4753562..4754638,4754694..4755230)] [gbkey=CDS]",0.6003824091778203
"lcl|CM001196.1_cds_EGP92019.1_1575 [locus_tag=MYCGRDRAFT_31582] [db_xref=JGIDB:Mycgr3_31582] [protein=Phosphopantetheine attachment site-containing protein] [protein_id=EGP92019.1] [location=complement(join(4755952..4756400,4756449..4756482,4756540..4756631,4756687..4757052,4757113..4757220,4757274..4757413,4757472..4757594,4757649..4757779))] [gbkey=CDS]",0.464818763326226
"lcl|CM001196.1_cds_EGP91611.1_1577 [locus_tag=MYCGRDRAFT_32909] [db_xref=InterPro:IPR005828,JGIDB:Mycgr3_32909] [protein=hypothetical protein] [protein_id=EGP91611.1] [location=join(4761790..4761898,4761947..4762086,4762139..4762210,4762260..4762420,4762475..4762568,4762620..4762769,4762820..4762997,4763049..4763469,4763522..4763611,4763668..4763761)] [gbkey=CDS]",0.49473684210526314
"lcl|CM001196.1_cds_EGP91612.1_1578 [locus_tag=MYCGRDRAFT_107603] [db_xref=JGIDB:Mycgr3_107603] [protein=hypothetical protein] [protein_id=EGP91612.1] [location=join(4764244..4764430,4764489..4764526,4764590..4765294)] [gbkey=CDS]",0.4740484429065744
"lcl|CM001196.1_cds_EGP92018.1_1579 [locus_tag=MYCGRDRAFT_67131] [db_xref=JGIDB:Mycgr3_67131] [protein=hypothetical protein] [protein_id=EGP92018.1] [location=complement(join(4765448..4765832,4765886..4766013))] [gbkey=CDS]",0.41975308641975306
"lcl|CM001196.1_cds_EGP92017.1_1581 [locus_tag=MYCGRDRAFT_107606] [db_xref=JGIDB:Mycgr3_107606] [protein=hypothetical protein] [protein_id=EGP92017.1] [location=complement(join(4767676..4767882,4767961..4769097))] [gbkey=CDS]",0.5591647331786543
"lcl|CM001196.1_cds_EGP92016.1_1582 [locus_tag=MYCGRDRAFT_67138] [db_xref=InterPro:IPR004907,JGIDB:Mycgr3_67138] [protein=hypothetical protein] [protein_id=EGP92016.1] [location=complement(join(4770945..4771148,4771213..4771898,4771965..4772262))] [gbkey=CDS]",0.5466321243523317
"lcl|CM001196.1_cds_EGP91614.1_1583 [locus_tag=MYCGRDRAFT_84158] [db_xref=InterPro:IPR006222,JGIDB:Mycgr3_84158] [protein=hypothetical protein] [protein_id=EGP91614.1] [location=4772886..4774058] [gbkey=CDS]",0.5596816976127321
"lcl|CM001196.1_cds_EGP91615.1_1584 [gene=MGSUL6] [locus_tag=MYCGRDRAFT_89975] [db_xref=InterPro:IPR002891,JGIDB:Mycgr3_89975] [protein=MGSUL6 APS kinase] [protein_id=EGP91615.1] [location=join(4776630..4776637,4776691..4776943,4777003..4777342,4777405..4777415,4777611..4777679)] [gbkey=CDS]",0.5515695067264574
"lcl|CM001196.1_cds_EGP92015.1_1585 [locus_tag=MYCGRDRAFT_32730] [db_xref=InterPro:IPR003358,JGIDB:Mycgr3_32730] [protein=hypothetical protein] [protein_id=EGP92015.1] [location=complement(join(4778657..4779329,4779385..4779506))] [gbkey=CDS]",0.5217391304347826
"lcl|CM001196.1_cds_EGP92014.1_1586 [locus_tag=MYCGRDRAFT_67144] [db_xref=InterPro:IPR000644,InterPro:IPR001807,JGIDB:Mycgr3_67144] [protein=hypothetical protein] [protein_id=EGP92014.1] [location=complement(4780134..4782338)] [gbkey=CDS]",0.4822190611664296
"lcl|CM001196.1_cds_EGP91616.1_1587 [locus_tag=MYCGRDRAFT_102831] [db_xref=InterPro:IPR002573,JGIDB:Mycgr3_102831] [protein=hypothetical protein] [protein_id=EGP91616.1] [location=4784300..4784965] [gbkey=CDS]",0.5188679245283019
"lcl|CM001196.1_cds_EGP91617.1_1588 [locus_tag=MYCGRDRAFT_67149] [db_xref=JGIDB:Mycgr3_67149] [protein=hypothetical protein] [protein_id=EGP91617.1] [location=join(4785752..4786051,4786118..4786208,4786248..4786531)] [gbkey=CDS]",0.5416666666666666
"lcl|CM001196.1_cds_EGP92013.1_1589 [locus_tag=MYCGRDRAFT_54090] [db_xref=InterPro:IPR009305,JGIDB:Mycgr3_54090] [protein=hypothetical protein] [protein_id=EGP92013.1] [location=complement(join(4787210..4787704,4787755..4787814,4787877..4787900,4787954..4787986))] [gbkey=CDS]",0.5230769230769231
"lcl|CM001196.1_cds_EGP91618.1_1590 [locus_tag=MYCGRDRAFT_102837] [db_xref=InterPro:IPR000194,InterPro:IPR000793,InterPro:IPR004100,JGIDB:Mycgr3_102837] [protein=hypothetical protein] [protein_id=EGP91618.1] [location=join(4788300..4788365,4788582..4788739,4788800..4788856,4788912..4789032,4789085..4789566,4789620..4789662,4789716..4789794,4789850..4790026,4790082..4790098,4790152..4790218,4790276..4790661)] [gbkey=CDS]",0.7865168539325843
"lcl|CM001196.1_cds_EGP92012.1_1591 [locus_tag=MYCGRDRAFT_107614] [db_xref=JGIDB:Mycgr3_107614] [protein=hypothetical protein] [protein_id=EGP92012.1] [location=complement(join(4791258..4792347,4792538..4792650))] [gbkey=CDS]",0.4564102564102564
"lcl|CM001196.1_cds_EGP91619.1_1592 [locus_tag=MYCGRDRAFT_107615] [db_xref=InterPro:IPR001920,JGIDB:Mycgr3_107615] [protein=hypothetical protein] [protein_id=EGP91619.1] [location=join(4792995..4793120,4793173..4793820)] [gbkey=CDS]",0.483739837398374
"lcl|CM001196.1_cds_EGP91620.1_1593 [locus_tag=MYCGRDRAFT_89984] [db_xref=JGIDB:Mycgr3_89984] [protein=hypothetical protein] [protein_id=EGP91620.1] [location=join(4794974..4795135,4795187..4795640,4795695..4795888)] [gbkey=CDS]",0.4230769230769231
lcl|CM001196.1_cds_EGP92011.1_1594 [locus_tag=MYCGRDRAFT_107616] [db_xref=JGIDB:Mycgr3_107616] [protein=hypothetical protein] [protein_id=EGP92011.1] [location=complement(4798300..4800504)] [gbkey=CDS],0.44163150492264414
"lcl|CM001196.1_cds_EGP92010.1_1595 [locus_tag=MYCGRDRAFT_89986] [db_xref=JGIDB:Mycgr3_89986] [protein=hypothetical protein] [protein_id=EGP92010.1] [location=complement(join(4802258..4802508,4802559..4803070,4803153..4803277,4803605..4803671,4803955..4804355,4804410..4805849))] [gbkey=CDS]",0.47577092511013214
"lcl|CM001196.1_cds_EGP91622.1_1597 [locus_tag=MYCGRDRAFT_98798] [db_xref=InterPro:IPR003342,InterPro:IPR003608,JGIDB:Mycgr3_98798] [protein=hypothetical protein] [protein_id=EGP91622.1] [location=join(4808916..4809173,4809233..4810868,4810920..4811365)] [gbkey=CDS]",0.5772357723577236
"lcl|CM001196.1_cds_EGP91623.1_1598 [gene=ACS] [locus_tag=MYCGRDRAFT_107618] [db_xref=InterPro:IPR000873,JGIDB:Mycgr3_107618] [protein=acetyl-coenzyme A synthetase] [protein_id=EGP91623.1] [location=join(4812692..4812777,4812873..4814064,4814122..4814849,4815121..4815301)] [gbkey=CDS]",0.6504297994269341
"lcl|CM001196.1_cds_EGP91624.1_1600 [locus_tag=MYCGRDRAFT_84166] [db_xref=InterPro:IPR001611,JGIDB:Mycgr3_84166] [protein=hypothetical protein] [protein_id=EGP91624.1] [location=join(4816353..4816421,4816472..4818280)] [gbkey=CDS]",0.5205930807248764
"lcl|CM001196.1_cds_EGP92008.1_1601 [locus_tag=MYCGRDRAFT_102841] [db_xref=InterPro:IPR002085,JGIDB:Mycgr3_102841] [protein=hypothetical protein] [protein_id=EGP92008.1] [location=complement(join(4818618..4818909,4818984..4819197,4819261..4819531,4819599..4819703,4819758..4819808,4819866..4820009))] [gbkey=CDS]",0.6347826086956522
lcl|CM001196.1_cds_EGP91625.1_1602 [locus_tag=MYCGRDRAFT_32685] [db_xref=JGIDB:Mycgr3_32685] [protein=hypothetical protein] [protein_id=EGP91625.1] [location=4820713..4821099] [gbkey=CDS],0.4032258064516129
"lcl|CM001196.1_cds_EGP91626.1_1604 [locus_tag=MYCGRDRAFT_98802] [db_xref=InterPro:IPR002085,JGIDB:Mycgr3_98802] [protein=hypothetical protein] [protein_id=EGP91626.1] [location=join(4823466..4823474,4823541..4823634,4823695..4824668)] [gbkey=CDS]",0.43641618497109824
"lcl|CM001196.1_cds_EGP91628.1_1606 [locus_tag=MYCGRDRAFT_33451] [db_xref=InterPro:IPR003959,JGIDB:Mycgr3_33451] [protein=hypothetical protein] [protein_id=EGP91628.1] [location=4832713..4833597] [gbkey=CDS]",0.5559440559440559
"lcl|CM001196.1_cds_EGP91629.1_1607 [locus_tag=MYCGRDRAFT_67183] [db_xref=InterPro:IPR001590,InterPro:IPR001762,JGIDB:Mycgr3_67183] [protein=hypothetical protein] [protein_id=EGP91629.1] [location=join(4834794..4836893,4836946..4837332)] [gbkey=CDS]",0.5398009950248757
"lcl|CM001196.1_cds_EGP92006.1_1608 [locus_tag=MYCGRDRAFT_89996] [db_xref=JGIDB:Mycgr3_89996] [protein=hypothetical protein] [protein_id=EGP92006.1] [location=complement(join(4837810..4838196,4838257..4838646))] [gbkey=CDS]",0.5674603174603174
"lcl|CM001196.1_cds_EGP92005.1_1609 [locus_tag=MYCGRDRAFT_102848] [db_xref=InterPro:IPR000597,JGIDB:Mycgr3_102848] [protein=hypothetical protein] [protein_id=EGP92005.1] [location=complement(join(4839098..4839353,4839407..4840080,4840139..4840295,4840377..4840446,4840499..4840520))] [gbkey=CDS]",0.791005291005291
"lcl|CM001196.1_cds_EGP92003.1_1611 [gene=HB2402] [locus_tag=MYCGRDRAFT_117715] [db_xref=InterPro:IPR000910,JGIDB:Mycgr3_117715] [protein=high-mobility group non-histone chromatin protein] [protein_id=EGP92003.1] [location=complement(join(4843711..4845554,4845606..4846107))] [gbkey=CDS]",0.4669312169312169
"lcl|CM001196.1_cds_EGP91630.1_1614 [locus_tag=MYCGRDRAFT_102849] [db_xref=JGIDB:Mycgr3_102849] [protein=hypothetical protein] [protein_id=EGP91630.1] [location=join(4854466..4854787,4854845..4855380)] [gbkey=CDS]",0.6086956521739131
"lcl|CM001196.1_cds_EGP92000.1_1615 [locus_tag=MYCGRDRAFT_90001] [db_xref=JGIDB:Mycgr3_90001] [protein=hypothetical protein] [protein_id=EGP92000.1] [location=complement(join(4860273..4860402,4860456..4860495,4860553..4860558,4860613..4860654,4860706..4860713,4860764..4860809,4860869..4860876,4860931..4860970,4861079..4861111,4861227..4861256,4861346..4861664,4861728..4861886))] [gbkey=CDS]",0.7025089605734767
"lcl|CM001196.1_cds_EGP91999.1_1616 [locus_tag=MYCGRDRAFT_34715] [db_xref=InterPro:IPR000917,JGIDB:Mycgr3_34715] [protein=hypothetical protein] [protein_id=EGP91999.1] [location=complement(4864973..4866670)] [gbkey=CDS]",0.6616822429906543
"lcl|CM001196.1_cds_EGP91631.1_1617 [locus_tag=MYCGRDRAFT_107627] [db_xref=InterPro:IPR002833,JGIDB:Mycgr3_107627] [protein=hypothetical protein] [protein_id=EGP91631.1] [location=join(4867828..4868122,4868230..4868450,4868515..4868601)] [gbkey=CDS]",0.4897959183673469
"lcl|CM001196.1_cds_EGP91998.1_1618 [locus_tag=MYCGRDRAFT_67202] [db_xref=InterPro:IPR003492,JGIDB:Mycgr3_67202] [protein=hypothetical protein] [protein_id=EGP91998.1] [location=complement(join(4871762..4872166,4872224..4872703,4872755..4873210))] [gbkey=CDS]",0.4593967517401392
"lcl|CM001196.1_cds_EGP91635.1_1622 [locus_tag=MYCGRDRAFT_90006] [db_xref=JGIDB:Mycgr3_90006] [protein=hypothetical protein] [protein_id=EGP91635.1] [location=join(4880449..4880930,4881079..4881127)] [gbkey=CDS]",0.47904191616766467
"lcl|CM001196.1_cds_EGP91996.1_1624 [locus_tag=MYCGRDRAFT_33882] [db_xref=JGIDB:Mycgr3_33882] [protein=hypothetical protein] [protein_id=EGP91996.1] [location=complement(join(4889654..4890859,4890890..4891058,4891115..4891161))] [gbkey=CDS]",0.45111111111111113
lcl|CM001196.1_cds_EGP91995.1_1625 [locus_tag=MYCGRDRAFT_102854] [db_xref=JGIDB:Mycgr3_102854] [protein=hypothetical protein] [protein_id=EGP91995.1] [location=complement(4891771..4892460)] [gbkey=CDS],0.41818181818181815
lcl|CM001196.1_cds_EGP91636.1_1626 [locus_tag=MYCGRDRAFT_102855] [db_xref=JGIDB:Mycgr3_102855] [protein=hypothetical protein] [protein_id=EGP91636.1] [location=4892793..4893053] [gbkey=CDS],0.35802469135802467
"lcl|CM001196.1_cds_EGP91637.1_1627 [gene=CYP-12] [locus_tag=MYCGRDRAFT_32226] [db_xref=InterPro:IPR001128,JGIDB:Mycgr3_32226] [protein=putative P450 monooxygenase] [protein_id=EGP91637.1] [location=join(4896452..4896778,4896900..4897130,4897213..4897598,4897647..4898259)] [gbkey=CDS]",0.48785425101214575
"lcl|CM001196.1_cds_EGP91638.1_1628 [locus_tag=MYCGRDRAFT_67205] [db_xref=InterPro:IPR007533,JGIDB:Mycgr3_67205] [protein=hypothetical protein] [protein_id=EGP91638.1] [location=join(4899341..4899387,4899461..4899987,4900056..4900108)] [gbkey=CDS]",0.41379310344827586
"lcl|CM001196.1_cds_EGP91641.1_1632 [locus_tag=MYCGRDRAFT_35119] [db_xref=InterPro:IPR005828,JGIDB:Mycgr3_35119] [protein=hypothetical protein] [protein_id=EGP91641.1] [location=join(4931456..4931604,4931668..4932021,4932087..4933149)] [gbkey=CDS]",0.5506072874493927
"lcl|CM001196.1_cds_EGP91993.1_1633 [locus_tag=MYCGRDRAFT_67212] [db_xref=InterPro:IPR000504,JGIDB:Mycgr3_67212] [protein=hypothetical protein] [protein_id=EGP91993.1] [location=complement(join(4933245..4933668,4933766..4933919,4933968..4934223,4934277..4934375))] [gbkey=CDS]",0.49836065573770494
"lcl|CM001196.1_cds_EGP91992.1_1634 [locus_tag=MYCGRDRAFT_98811] [db_xref=InterPro:IPR003107,JGIDB:Mycgr3_98811] [protein=hypothetical protein] [protein_id=EGP91992.1] [location=complement(4935092..4937128)] [gbkey=CDS]",0.5559006211180124
"lcl|CM001196.1_cds_EGP91642.1_1635 [locus_tag=MYCGRDRAFT_67218] [db_xref=InterPro:IPR002687,JGIDB:Mycgr3_67218] [protein=hypothetical protein] [protein_id=EGP91642.1] [location=join(4937401..4937733,4937822..4939342)] [gbkey=CDS]",0.5425709515859767
"lcl|CM001196.1_cds_EGP91643.1_1636 [locus_tag=MYCGRDRAFT_107637] [db_xref=InterPro:IPR001466,JGIDB:Mycgr3_107637] [protein=hypothetical protein] [protein_id=EGP91643.1] [location=join(4940003..4940540,4940597..4940755,4940809..4941079,4941138..4941349,4941402..4941967,4942395..4942409)] [gbkey=CDS]",0.522887323943662
"lcl|CM001196.1_cds_EGP91991.1_1637 [locus_tag=MYCGRDRAFT_90017] [db_xref=JGIDB:Mycgr3_90017] [protein=hypothetical protein] [protein_id=EGP91991.1] [location=complement(join(4942679..4942716,4942777..4942830,4942885..4943115,4943171..4943327))] [gbkey=CDS]",0.7628205128205128
"lcl|CM001196.1_cds_EGP91990.1_1638 [locus_tag=MYCGRDRAFT_90018] [db_xref=InterPro:IPR000086,JGIDB:Mycgr3_90018] [protein=hypothetical protein] [protein_id=EGP91990.1] [location=complement(4944470..4944967)] [gbkey=CDS]",0.5256410256410257
"lcl|CM001196.1_cds_EGP91644.1_1639 [locus_tag=MYCGRDRAFT_90019] [db_xref=JGIDB:Mycgr3_90019] [protein=hypothetical protein] [protein_id=EGP91644.1] [location=join(4946422..4946469,4946581..4948002,4948341..4948344,4948458..4948702)] [gbkey=CDS]",0.4757630161579892
"lcl|CM001196.1_cds_EGP91989.1_1640 [locus_tag=MYCGRDRAFT_31461] [db_xref=InterPro:IPR006689,JGIDB:Mycgr3_31461] [protein=hypothetical protein] [protein_id=EGP91989.1] [location=complement(join(4948979..4949436,4949525..4949618))] [gbkey=CDS]",0.627906976744186
"lcl|CM001196.1_cds_EGP91645.1_1641 [locus_tag=MYCGRDRAFT_107640] [db_xref=InterPro:IPR000719,JGIDB:Mycgr3_107640] [protein=hypothetical protein] [protein_id=EGP91645.1] [location=join(4950449..4950489,4950610..4950783,4950842..4951176,4951239..4951567,4951647..4951791,4951845..4952023)] [gbkey=CDS]",0.47668393782383417
"lcl|CM001196.1_cds_EGP91988.1_1642 [locus_tag=MYCGRDRAFT_67228] [db_xref=InterPro:IPR002495,JGIDB:Mycgr3_67228] [protein=hypothetical protein] [protein_id=EGP91988.1] [location=complement(4952205..4953158)] [gbkey=CDS]",0.4883720930232558
"lcl|CM001196.1_cds_EGP91646.1_1643 [locus_tag=MYCGRDRAFT_67233] [db_xref=InterPro:IPR001993,JGIDB:Mycgr3_67233] [protein=hypothetical protein] [protein_id=EGP91646.1] [location=join(4953478..4953641,4953692..4953809,4953861..4954494,4954561..4954658)] [gbkey=CDS]",0.47634069400630913
"lcl|CM001196.1_cds_EGP91987.1_1645 [locus_tag=MYCGRDRAFT_90025] [db_xref=JGIDB:Mycgr3_90025] [protein=hypothetical protein] [protein_id=EGP91987.1] [location=complement(join(4959265..4959273,4959338..4959584,4959902..4959950,4960072..4960105,4960176..4960280,4960369..4960632))] [gbkey=CDS]",0.4978165938864629
"lcl|CM001196.1_cds_EGP91648.1_1646 [locus_tag=MYCGRDRAFT_107643] [db_xref=InterPro:IPR000679,JGIDB:Mycgr3_107643] [protein=hypothetical protein] [protein_id=EGP91648.1] [location=join(4964037..4964056,4964142..4965117,4965168..4965740)] [gbkey=CDS]",0.4243614931237721
"lcl|CM001196.1_cds_EGP91649.1_1647 [locus_tag=MYCGRDRAFT_107644] [db_xref=InterPro:IPR004308,JGIDB:Mycgr3_107644] [protein=hypothetical protein] [protein_id=EGP91649.1] [location=join(4967219..4967229,4967411..4967483,4967549..4967614,4967678..4967826,4967881..4968006,4968057..4969638)] [gbkey=CDS]",0.5007849293563579
"lcl|CM001196.1_cds_EGP91985.1_1649 [locus_tag=MYCGRDRAFT_67239] [db_xref=InterPro:IPR001250,JGIDB:Mycgr3_67239] [protein=hypothetical protein] [protein_id=EGP91985.1] [location=complement(join(4980747..4981228,4981296..4982028,4982086..4982177,4982236..4982256,4982311..4982341))] [gbkey=CDS]",0.5972850678733032
"lcl|CM001196.1_cds_EGP91650.1_1650 [locus_tag=MYCGRDRAFT_107646] [db_xref=JGIDB:Mycgr3_107646] [protein=hypothetical protein] [protein_id=EGP91650.1] [location=join(4982706..4982813,4982908..4983947,4984369..4984388,4984969..4985729,4985902..4986963,4987060..4988747,4988871..4989301,4989562..4990704,4990792..4991269,4991392..4991545,4991741..4991792,4991847..4992331)] [gbkey=CDS]",0.4446287847366238
"lcl|CM001196.1_cds_EGP91651.1_1651 [locus_tag=MYCGRDRAFT_90030] [db_xref=InterPro:IPR003165,JGIDB:Mycgr3_90030] [protein=hypothetical protein] [protein_id=EGP91651.1] [location=4993178..4996732] [gbkey=CDS]",0.5430060816681147
"lcl|CM001196.1_cds_EGP91984.1_1652 [locus_tag=MYCGRDRAFT_33485] [db_xref=InterPro:IPR005109,JGIDB:Mycgr3_33485] [protein=hypothetical protein] [protein_id=EGP91984.1] [location=complement(join(4997552..4997572,4997628..4997821,4997876..4998794))] [gbkey=CDS]",0.4456824512534819
"lcl|CM001196.1_cds_EGP91652.1_1653 [locus_tag=MYCGRDRAFT_90032] [db_xref=JGIDB:Mycgr3_90032] [protein=hypothetical protein] [protein_id=EGP91652.1] [location=join(4999319..4999958,5000022..5000942,5001198..5002072,5002310..5002777)] [gbkey=CDS]",0.44193548387096776
"lcl|CM001196.1_cds_EGP91653.1_1654 [locus_tag=MYCGRDRAFT_90033] [db_xref=JGIDB:Mycgr3_90033] [protein=hypothetical protein] [protein_id=EGP91653.1] [location=join(5003802..5004019,5004070..5004217,5004456..5004509)] [gbkey=CDS]",0.5328467153284672
"lcl|CM001196.1_cds_EGP91654.1_1655 [locus_tag=MYCGRDRAFT_84186] [db_xref=JGIDB:Mycgr3_84186] [protein=hypothetical protein] [protein_id=EGP91654.1] [location=join(5005595..5005741,5005801..5006483,5006537..5006955,5007051..5007086,5007137..5007325,5007402..5007538)] [gbkey=CDS]",0.4980392156862745
"lcl|CM001196.1_cds_EGP91656.1_1657 [locus_tag=MYCGRDRAFT_31579] [db_xref=InterPro:IPR005834,JGIDB:Mycgr3_31579] [protein=hypothetical protein] [protein_id=EGP91656.1] [location=join(5010055..5010121,5010169..5010962)] [gbkey=CDS]",0.5551470588235294
"lcl|CM001196.1_cds_EGP91657.1_1658 [locus_tag=MYCGRDRAFT_32867] [db_xref=InterPro:IPR000120,JGIDB:Mycgr3_32867] [protein=hypothetical protein] [protein_id=EGP91657.1] [location=5011528..5013213] [gbkey=CDS]",0.45
"lcl|CM001196.1_cds_EGP91983.1_1659 [locus_tag=MYCGRDRAFT_90036] [db_xref=JGIDB:Mycgr3_90036] [protein=hypothetical protein] [protein_id=EGP91983.1] [location=complement(join(5017669..5017701,5017781..5017840,5018003..5018811,5018914..5018992))] [gbkey=CDS]",0.46905537459283386
"lcl|CM001196.1_cds_EGP91982.1_1660 [locus_tag=MYCGRDRAFT_98817] [db_xref=InterPro:IPR007379,JGIDB:Mycgr3_98817] [protein=mitochondrial import inner membrane translocase, subunit Tim44] [protein_id=EGP91982.1] [location=complement(join(5019941..5021208,5021515..5021595,5024458..5024538,5025946..5026036))] [gbkey=CDS]",0.5030800821355236
lcl|CM001196.1_cds_EGP91658.1_1661 [locus_tag=MYCGRDRAFT_84191] [db_xref=JGIDB:Mycgr3_84191] [protein=hypothetical protein] [protein_id=EGP91658.1] [location=5026169..5026330] [gbkey=CDS],0.42857142857142855
"lcl|CM001196.1_cds_EGP91981.1_1662 [locus_tag=MYCGRDRAFT_67250] [db_xref=InterPro:IPR002016,JGIDB:Mycgr3_67250] [protein=hypothetical protein] [protein_id=EGP91981.1] [location=complement(join(5027950..5028633,5028694..5029016,5029076..5029906,5029973..5030200,5030261..5030585))] [gbkey=CDS]",0.6057441253263708
"lcl|CM001196.1_cds_EGP91980.1_1663 [locus_tag=MYCGRDRAFT_90041] [db_xref=JGIDB:Mycgr3_90041] [protein=hypothetical protein] [protein_id=EGP91980.1] [location=complement(join(5031822..5031866,5032084..5032190,5032252..5032311,5032361..5032599,5032707..5032864))] [gbkey=CDS]",0.45685279187817257
"lcl|CM001196.1_cds_EGP91659.1_1664 [locus_tag=MYCGRDRAFT_98820] [db_xref=JGIDB:Mycgr3_98820] [protein=hypothetical protein] [frame=2] [partial=5'] [protein_id=EGP91659.1] [location=join(<5035093..5035329,5035386..5035707,5035769..5036344)] [gbkey=CDS]",0.6072423398328691
"lcl|CM001196.1_cds_EGP91979.1_1665 [gene=CYP-21] [locus_tag=MYCGRDRAFT_90043] [db_xref=InterPro:IPR001128,JGIDB:Mycgr3_90043] [protein=putative P450 monooxygenase] [protein_id=EGP91979.1] [location=complement(join(5037408..5037530,5037589..5038078,5038144..5038268,5038328..5039215))] [gbkey=CDS]",0.45489443378119004
"lcl|CM001196.1_cds_EGP91660.1_1666 [gene=CYP-4] [locus_tag=MYCGRDRAFT_98821] [db_xref=InterPro:IPR001128,JGIDB:Mycgr3_98821] [protein=putative P450 monooxygenase] [protein_id=EGP91660.1] [location=join(5039707..5039891,5039944..5040387,5040447..5041377)] [gbkey=CDS]",0.46247464503042596
"lcl|CM001196.1_cds_EGP91661.1_1667 [locus_tag=MYCGRDRAFT_34426] [db_xref=JGIDB:Mycgr3_34426] [protein=hypothetical protein] [protein_id=EGP91661.1] [location=join(5042340..5042500,5042552..5043389,5043455..5044486,5044688..5045127,5045181..5045481,5045585..5046192,5046248..5047229)] [gbkey=CDS]",0.46888260254596886
"lcl|CM001196.1_cds_EGP91662.1_1668 [locus_tag=MYCGRDRAFT_90046] [db_xref=JGIDB:Mycgr3_90046] [protein=hypothetical protein] [protein_id=EGP91662.1] [location=join(5048633..5048725,5048781..5049297,5049348..5049490)] [gbkey=CDS]",0.5477178423236515
"lcl|CM001196.1_cds_EGP91663.1_1669 [locus_tag=MYCGRDRAFT_90047] [db_xref=JGIDB:Mycgr3_90047] [protein=hypothetical protein] [protein_id=EGP91663.1] [location=join(5050814..5050850,5051715..5051812,5051867..5051898,5052243..5052314,5052490..5052577,5052629..5052713,5052765..5052844)] [gbkey=CDS]",0.49044585987261147
"lcl|CM001196.1_cds_EGP91664.1_1670 [locus_tag=MYCGRDRAFT_98822] [db_xref=InterPro:IPR006090,InterPro:IPR006091,InterPro:IPR006092,JGIDB:Mycgr3_98822] [protein=hypothetical protein] [protein_id=EGP91664.1] [location=join(5058772..5059426,5059520..5060094)] [gbkey=CDS]",0.506426735218509
"lcl|CM001196.1_cds_EGP91665.1_1671 [locus_tag=MYCGRDRAFT_32133] [db_xref=InterPro:IPR006047,JGIDB:Mycgr3_32133] [protein=hypothetical protein] [protein_id=EGP91665.1] [location=join(5063435..5063751,5063853..5063892,5063950..5064091,5064163..5064488,5064544..5064738,5064792..5064977,5065035..5065686,5065888..5068076,5068136..5071105)] [gbkey=CDS]",0.5528933092224232
"lcl|CM001196.1_cds_EGP91978.1_1672 [locus_tag=MYCGRDRAFT_98823] [db_xref=InterPro:IPR002086,JGIDB:Mycgr3_98823] [protein=hypothetical protein] [protein_id=EGP91978.1] [location=complement(join(5071621..5071739,5071796..5071876,5071930..5073176,5073238..5073279,5073328..5073392))] [gbkey=CDS]",0.4168336673346693
lcl|CM001196.1_cds_EGP91977.1_1673 [locus_tag=MYCGRDRAFT_102869] [db_xref=JGIDB:Mycgr3_102869] [protein=hypothetical protein] [protein_id=EGP91977.1] [location=complement(5073920..5074231)] [gbkey=CDS],0.3673469387755102
"lcl|CM001196.1_cds_EGP91668.1_1678 [locus_tag=MYCGRDRAFT_107656] [db_xref=InterPro:IPR001138,JGIDB:Mycgr3_107656] [protein=hypothetical protein] [protein_id=EGP91668.1] [location=join(5086305..5086902,5086963..5087531,5087779..5087890,5087945..5089407)] [gbkey=CDS]",0.4497175141242938
"lcl|CM001196.1_cds_EGP91669.1_1679 [locus_tag=MYCGRDRAFT_67267] [db_xref=JGIDB:Mycgr3_67267] [protein=hypothetical protein] [protein_id=EGP91669.1] [location=join(5090183..5090265,5090324..5091569)] [gbkey=CDS]",0.4238875878220141
lcl|CM001196.1_cds_EGP91974.1_1680 [locus_tag=MYCGRDRAFT_90056] [db_xref=JGIDB:Mycgr3_90056] [protein=hypothetical protein] [protein_id=EGP91974.1] [location=complement(5091823..5092374)] [gbkey=CDS],0.5371428571428571
"lcl|CM001196.1_cds_EGP91973.1_1681 [locus_tag=MYCGRDRAFT_90057] [db_xref=InterPro:IPR002610,JGIDB:Mycgr3_90057] [protein=hypothetical protein] [protein_id=EGP91973.1] [location=complement(5093058..5094539)] [gbkey=CDS]",0.4936708860759494
"lcl|CM001196.1_cds_EGP91972.1_1683 [locus_tag=MYCGRDRAFT_107660] [db_xref=InterPro:IPR003124,JGIDB:Mycgr3_107660] [protein=hypothetical protein] [protein_id=EGP91972.1] [location=complement(join(5096379..5097839,5097903..5097976,5098027..5098081))] [gbkey=CDS]",0.3192307692307692
lcl|CM001196.1_cds_EGP91671.1_1684 [locus_tag=MYCGRDRAFT_31641] [db_xref=JGIDB:Mycgr3_31641] [protein=hypothetical protein] [protein_id=EGP91671.1] [location=5098929..5099702] [gbkey=CDS],0.5291666666666667
"lcl|CM001196.1_cds_EGP91672.1_1685 [locus_tag=MYCGRDRAFT_98828] [db_xref=InterPro:IPR011531,JGIDB:Mycgr3_98828] [protein=hypothetical protein] [protein_id=EGP91672.1] [location=join(5104712..5105273,5105335..5106458,5116046..5116060)] [gbkey=CDS]",0.6169811320754717
lcl|CM001196.1_cds_EGP91971.1_1686 [locus_tag=MYCGRDRAFT_90064] [db_xref=JGIDB:Mycgr3_90064] [protein=hypothetical protein] [protein_id=EGP91971.1] [location=complement(5120565..5121989)] [gbkey=CDS],0.48081264108352145
lcl|CM001196.1_cds_EGP91970.1_1687 [locus_tag=MYCGRDRAFT_90065] [db_xref=JGIDB:Mycgr3_90065] [protein=hypothetical protein] [protein_id=EGP91970.1] [location=complement(5122702..5123973)] [gbkey=CDS],0.4798994974874372
"lcl|CM001196.1_cds_EGP91969.1_1688 [locus_tag=MYCGRDRAFT_90066] [db_xref=JGIDB:Mycgr3_90066] [protein=hypothetical protein] [protein_id=EGP91969.1] [location=complement(join(5124801..5126153,5126206..5126263,5126444..5126523,5126643..5127782))] [gbkey=CDS]",0.47868453105968334
"lcl|CM001196.1_cds_EGP91968.1_1689 [locus_tag=MYCGRDRAFT_90067] [db_xref=JGIDB:Mycgr3_90067] [protein=hypothetical protein] [protein_id=EGP91968.1] [location=complement(join(5128643..5128743,5128804..5129818))] [gbkey=CDS]",0.4871060171919771
"lcl|CM001196.1_cds_EGP91673.1_1691 [locus_tag=MYCGRDRAFT_98830] [db_xref=InterPro:IPR007783,JGIDB:Mycgr3_98830] [protein=hypothetical protein] [protein_id=EGP91673.1] [location=join(5132896..5134346,5134404..5134667,5135075..5135093)] [gbkey=CDS]",0.6141304347826086
"lcl|CM001196.1_cds_EGP91674.1_1692 [locus_tag=MYCGRDRAFT_34756] [db_xref=InterPro:IPR001993,JGIDB:Mycgr3_34756] [protein=hypothetical protein] [protein_id=EGP91674.1] [location=join(5141421..5141530,5141599..5141685,5141774..5141994,5142051..5142547)] [gbkey=CDS]",0.6202090592334495
"lcl|CM001196.1_cds_EGP91965.1_1694 [locus_tag=MYCGRDRAFT_67286] [db_xref=InterPro:IPR000683,JGIDB:Mycgr3_67286] [protein=hypothetical protein] [protein_id=EGP91965.1] [location=complement(join(5150660..5151336,5151392..5151829,5151879..5151942))] [gbkey=CDS]",0.5201072386058981
"lcl|CM001196.1_cds_EGP91964.1_1696 [locus_tag=MYCGRDRAFT_34632] [db_xref=InterPro:IPR001138,InterPro:IPR007219,JGIDB:Mycgr3_34632] [protein=hypothetical protein] [protein_id=EGP91964.1] [location=complement(join(5157322..5158833,5159167..5159526))] [gbkey=CDS]",0.4717607973421927
"lcl|CM001196.1_cds_EGP91963.1_1697 [locus_tag=MYCGRDRAFT_84209] [db_xref=InterPro:IPR005338,JGIDB:Mycgr3_84209] [protein=hypothetical protein] [protein_id=EGP91963.1] [location=complement(5159841..5161094)] [gbkey=CDS]",0.4825
"lcl|CM001196.1_cds_EGP91962.1_1699 [locus_tag=MYCGRDRAFT_32616] [db_xref=InterPro:IPR005828,JGIDB:Mycgr3_32616] [protein=hypothetical protein] [protein_id=EGP91962.1] [location=complement(join(5162955..5163400,5163459..5163771,5163826..5164087,5164141..5164415,5164470..5164817))] [gbkey=CDS]",0.5799614643545279
"lcl|CM001196.1_cds_EGP91678.1_1701 [locus_tag=MYCGRDRAFT_32708] [db_xref=InterPro:IPR000172,InterPro:IPR007867,JGIDB:Mycgr3_32708] [protein=hypothetical protein] [protein_id=EGP91678.1] [location=join(5167088..5167732,5167883..5168461)] [gbkey=CDS]",0.45685279187817257
lcl|CM001196.1_cds_EGP91679.1_1702 [locus_tag=MYCGRDRAFT_34239] [db_xref=JGIDB:Mycgr3_34239] [protein=hypothetical protein] [protein_id=EGP91679.1] [location=5169428..5170042] [gbkey=CDS],0.4010152284263959
lcl|CM001196.1_cds_EGP91961.1_1703 [locus_tag=MYCGRDRAFT_84210] [db_xref=JGIDB:Mycgr3_84210] [protein=hypothetical protein] [protein_id=EGP91961.1] [location=complement(5170144..5171076)] [gbkey=CDS],0.5791245791245792
"lcl|CM001196.1_cds_EGP91680.1_1704 [locus_tag=MYCGRDRAFT_84211] [db_xref=InterPro:IPR002198,JGIDB:Mycgr3_84211] [protein=hypothetical protein] [protein_id=EGP91680.1] [location=5178369..5179157] [gbkey=CDS]",0.5296442687747036
"lcl|CM001196.1_cds_EGP91960.1_1705 [locus_tag=MYCGRDRAFT_33631] [db_xref=InterPro:IPR001853,JGIDB:Mycgr3_33631] [protein=hypothetical protein] [protein_id=EGP91960.1] [location=complement(join(5179219..5179712,5179778..5179823,5179876..5179929,5179982..5180056))] [gbkey=CDS]",0.4688995215311005
"lcl|CM001196.1_cds_EGP91681.1_1706 [locus_tag=MYCGRDRAFT_84213] [db_xref=InterPro:IPR000873,JGIDB:Mycgr3_84213] [protein=hypothetical protein] [protein_id=EGP91681.1] [location=join(5180606..5180705,5180759..5182299)] [gbkey=CDS]",0.5075471698113208
"lcl|CM001196.1_cds_EGP91959.1_1707 [locus_tag=MYCGRDRAFT_84214] [db_xref=InterPro:IPR000717,JGIDB:Mycgr3_84214] [protein=CSN4 COP9 signalosome complex subunit 4] [protein_id=EGP91959.1] [location=complement(join(5182529..5182612,5182676..5183287,5183369..5183552,5183605..5183849))] [gbkey=CDS]",0.5489130434782609
lcl|CM001196.1_cds_EGP91682.1_1708 [locus_tag=MYCGRDRAFT_90085] [db_xref=JGIDB:Mycgr3_90085] [protein=hypothetical protein] [protein_id=EGP91682.1] [location=5184407..5185036] [gbkey=CDS],0.44554455445544555
"lcl|CM001196.1_cds_EGP91683.1_1709 [locus_tag=MYCGRDRAFT_219793] [db_xref=JGIDB:Mycgr3_219793] [protein=ABC transporter-like protein] [protein_id=EGP91683.1] [location=join(5185687..5186948,5187001..5187163)] [gbkey=CDS]",0.4923413566739606
"lcl|CM001196.1_cds_EGP91958.1_1710 [locus_tag=MYCGRDRAFT_90087] [db_xref=JGIDB:Mycgr3_90087] [protein=putative peroxidase] [protein_id=EGP91958.1] [location=complement(join(5187511..5188538,5188596..5188824))] [gbkey=CDS]",0.6345679012345679
"lcl|CM001196.1_cds_EGP91957.1_1711 [locus_tag=MYCGRDRAFT_107669] [db_xref=InterPro:IPR000277,InterPro:IPR003781,JGIDB:Mycgr3_107669] [protein=hypothetical protein] [protein_id=EGP91957.1] [location=complement(5190671..5192491)] [gbkey=CDS]",0.534923339011925
"lcl|CM001196.1_cds_EGP91956.1_1712 [locus_tag=MYCGRDRAFT_54228] [db_xref=JGIDB:Mycgr3_54228] [protein=hypothetical protein] [protein_id=EGP91956.1] [location=complement(join(5199445..5199875,5199938))] [gbkey=CDS]",0.624113475177305
"lcl|CM001196.1_cds_EGP91955.1_1713 [locus_tag=MYCGRDRAFT_90089] [db_xref=JGIDB:Mycgr3_90089] [protein=hypothetical protein] [protein_id=EGP91955.1] [location=complement(join(5229268..5229399,5229452..5229483,5229903..5230107,5230411..5230509,5230600..5230722))] [gbkey=CDS]",0.5105263157894737
"lcl|CM001196.1_cds_EGP91684.1_1714 [locus_tag=MYCGRDRAFT_90090] [db_xref=JGIDB:Mycgr3_90090] [protein=hypothetical protein] [protein_id=EGP91684.1] [location=join(5232150..5232899,5232967..5232972)] [gbkey=CDS]",0.48523206751054854
"lcl|CM001196.1_cds_EGP91954.1_1715 [locus_tag=MYCGRDRAFT_32734] [db_xref=InterPro:IPR002198,JGIDB:Mycgr3_32734] [protein=hypothetical protein] [protein_id=EGP91954.1] [location=complement(join(5233157..5233225,5233587..5234408))] [gbkey=CDS]",0.528169014084507
lcl|CM001196.1_cds_EGP91953.1_1716 [locus_tag=MYCGRDRAFT_90092] [db_xref=JGIDB:Mycgr3_90092] [protein=hypothetical protein] [protein_id=EGP91953.1] [location=complement(5235360..5235686)] [gbkey=CDS],0.6538461538461539
"lcl|CM001196.1_cds_EGP91952.1_1717 [locus_tag=MYCGRDRAFT_102877] [db_xref=JGIDB:Mycgr3_102877] [protein=hypothetical protein] [protein_id=EGP91952.1] [location=complement(join(5237833..5238350,5238415..5238481))] [gbkey=CDS]",0.4074074074074074
"lcl|CM001196.1_cds_EGP91685.1_1718 [locus_tag=MYCGRDRAFT_31749] [db_xref=InterPro:IPR000977,JGIDB:Mycgr3_31749] [protein=hypothetical protein] [protein_id=EGP91685.1] [location=5238979..5241633] [gbkey=CDS]",0.5598141695702671
"lcl|CM001196.1_cds_EGP91951.1_1719 [locus_tag=MYCGRDRAFT_33394] [db_xref=JGIDB:Mycgr3_33394] [protein=hypothetical protein] [protein_id=EGP91951.1] [location=complement(join(5241847..5241987,5248358..5248959,5249038..5249149))] [gbkey=CDS]",0.5539033457249071
lcl|CM001196.1_cds_EGP91949.1_1722 [locus_tag=MYCGRDRAFT_107673] [db_xref=JGIDB:Mycgr3_107673] [protein=hypothetical protein] [protein_id=EGP91949.1] [location=complement(5252069..5252704)] [gbkey=CDS],0.5522388059701493
"lcl|CM001196.1_cds_EGP91687.1_1723 [locus_tag=MYCGRDRAFT_35060] [db_xref=InterPro:IPR002109,JGIDB:Mycgr3_35060] [protein=hypothetical protein] [protein_id=EGP91687.1] [location=join(5253726..5254271,5254355..5254654)] [gbkey=CDS]",0.4838709677419355
"lcl|CM001196.1_cds_EGP91948.1_1724 [locus_tag=MYCGRDRAFT_102881] [db_xref=InterPro:IPR000702,JGIDB:Mycgr3_102881] [protein=hypothetical protein] [protein_id=EGP91948.1] [location=complement(join(5255249..5255480,5255549..5255852,5256019..5256064))] [gbkey=CDS]",0.8021390374331551
"lcl|CM001196.1_cds_EGP91947.1_1725 [locus_tag=MYCGRDRAFT_107675] [db_xref=InterPro:IPR003726,JGIDB:Mycgr3_107675] [protein=hypothetical protein] [protein_id=EGP91947.1] [location=complement(join(5257828..5258044,5258205..5259301))] [gbkey=CDS]",0.4200477326968974
"lcl|CM001196.1_cds_EGP91688.1_1726 [locus_tag=MYCGRDRAFT_67314] [db_xref=InterPro:IPR005377,JGIDB:Mycgr3_67314] [protein=hypothetical protein] [protein_id=EGP91688.1] [location=5259601..5260539] [gbkey=CDS]",0.5147540983606558
"lcl|CM001196.1_cds_EGP91689.1_1727 [locus_tag=MYCGRDRAFT_31803] [db_xref=InterPro:IPR000089,InterPro:IPR001078,InterPro:IPR004167,JGIDB:Mycgr3_31803] [protein=hypothetical protein] [protein_id=EGP91689.1] [location=5260987..5262441] [gbkey=CDS]",0.4690831556503198
"lcl|CM001196.1_cds_EGP91690.1_1728 [locus_tag=MYCGRDRAFT_67317] [db_xref=InterPro:IPR002086,JGIDB:Mycgr3_67317] [protein=hypothetical protein] [protein_id=EGP91690.1] [location=join(5262813..5262959,5263010..5264611)] [gbkey=CDS]",0.5470692717584369
"lcl|CM001196.1_cds_EGP91691.1_1729 [locus_tag=MYCGRDRAFT_32494] [db_xref=InterPro:IPR002110,JGIDB:Mycgr3_32494] [protein=hypothetical protein] [protein_id=EGP91691.1] [location=join(5265901..5268551,5268590..5268677)] [gbkey=CDS]",0.46538024971623154
"lcl|CM001196.1_cds_EGP91692.1_1730 [locus_tag=MYCGRDRAFT_33813] [db_xref=JGIDB:Mycgr3_33813] [protein=hypothetical protein] [protein_id=EGP91692.1] [location=join(5269314..5269544,5269607..5270038)] [gbkey=CDS]",0.47619047619047616
"lcl|CM001196.1_cds_EGP91946.1_1731 [locus_tag=MYCGRDRAFT_34317] [db_xref=InterPro:IPR005834,JGIDB:Mycgr3_34317] [protein=hypothetical protein] [protein_id=EGP91946.1] [location=complement(5270197..5270976)] [gbkey=CDS]",0.508
"lcl|CM001196.1_cds_EGP91693.1_1732 [locus_tag=MYCGRDRAFT_32527] [db_xref=InterPro:IPR003855,JGIDB:Mycgr3_32527] [protein=hypothetical protein] [protein_id=EGP91693.1] [location=join(5272462..5272867,5272933..5273189,5273247..5273711,5273783..5274010,5274069..5275022)] [gbkey=CDS]",0.496617050067659
"lcl|CM001196.1_cds_EGP91944.1_1734 [gene=CYP-14] [locus_tag=MYCGRDRAFT_67324] [db_xref=InterPro:IPR001128,JGIDB:Mycgr3_67324] [protein=putative P450 monooxygenase] [protein_id=EGP91944.1] [location=complement(join(5277936..5278006,5278069..5279463,5279529..5279616,5279669..5279776))] [gbkey=CDS]",0.5525812619502868
lcl|CM001196.1_cds_EGP91943.1_1735 [locus_tag=MYCGRDRAFT_32807] [db_xref=JGIDB:Mycgr3_32807] [protein=hypothetical protein] [protein_id=EGP91943.1] [location=complement(5280394..5281425)] [gbkey=CDS],0.5276073619631901
"lcl|CM001196.1_cds_EGP91694.1_1736 [locus_tag=MYCGRDRAFT_31520] [db_xref=InterPro:IPR000926,JGIDB:Mycgr3_31520] [protein=hypothetical protein] [protein_id=EGP91694.1] [location=5281960..5283156] [gbkey=CDS]",0.4728682170542636
lcl|CM001196.1_cds_EGP91942.1_1737 [locus_tag=MYCGRDRAFT_67327] [db_xref=JGIDB:Mycgr3_67327] [protein=hypothetical protein] [protein_id=EGP91942.1] [location=complement(5283949..5285412)] [gbkey=CDS],0.4967462039045553
"lcl|CM001196.1_cds_EGP91941.1_1738 [locus_tag=MYCGRDRAFT_90108] [db_xref=JGIDB:Mycgr3_90108] [protein=hypothetical protein] [protein_id=EGP91941.1] [location=complement(join(5286056..5288530,5288592..5288732))] [gbkey=CDS]",0.4257075471698113
"lcl|CM001196.1_cds_EGP91940.1_1739 [locus_tag=MYCGRDRAFT_67329] [db_xref=InterPro:IPR007312,JGIDB:Mycgr3_67329] [protein=hypothetical protein] [protein_id=EGP91940.1] [location=complement(join(5290304..5291237,5291292..5291605))] [gbkey=CDS]",0.5475
"lcl|CM001196.1_cds_EGP91695.1_1740 [locus_tag=MYCGRDRAFT_32322] [db_xref=InterPro:IPR001117,JGIDB:Mycgr3_32322] [protein=putative multicopper oxidase, type 1] [protein_id=EGP91695.1] [location=5292579..5294444] [gbkey=CDS]",0.4276206322795341
"lcl|CM001196.1_cds_EGP91696.1_1741 [locus_tag=MYCGRDRAFT_90112] [db_xref=InterPro:IPR010699,JGIDB:Mycgr3_90112] [protein=hypothetical protein] [protein_id=EGP91696.1] [location=join(5295051..5295266,5295367..5296209)] [gbkey=CDS]",0.471976401179941
"lcl|CM001196.1_cds_EGP91939.1_1742 [locus_tag=MYCGRDRAFT_31366] [db_xref=InterPro:IPR005828,JGIDB:Mycgr3_31366] [protein=hypothetical protein] [protein_id=EGP91939.1] [location=complement(join(5296666..5296739,5296796..5297528,5297578..5297661,5297722..5298085,5298143..5298411))] [gbkey=CDS]",0.3974630021141649
"lcl|CM001196.1_cds_EGP91938.1_1743 [locus_tag=MYCGRDRAFT_107684] [db_xref=JGIDB:Mycgr3_107684] [protein=hypothetical protein] [frame=3] [partial=5'] [protein_id=EGP91938.1] [location=complement(join(5300986..5301297,5301494..5301532,5301696..5301891,5302056..>5303217))] [gbkey=CDS]",0.47802197802197804
"lcl|CM001196.1_cds_EGP91697.1_1744 [locus_tag=MYCGRDRAFT_67335] [db_xref=InterPro:IPR000733,JGIDB:Mycgr3_67335] [protein=hypothetical protein] [protein_id=EGP91697.1] [location=join(5303570..5304168,5304218..5304917)] [gbkey=CDS]",0.4489311163895487
"lcl|CM001196.1_cds_EGP91937.1_1745 [locus_tag=MYCGRDRAFT_67338] [db_xref=JGIDB:Mycgr3_67338] [protein=hypothetical protein] [protein_id=EGP91937.1] [location=complement(join(5305682..5305702,5305755..5306022,5306078..5306433,5306563..5306704,5306752..5306782,5306834..5306921))] [gbkey=CDS]",0.5387323943661971
"lcl|CM001196.1_cds_EGP91936.1_1746 [locus_tag=MYCGRDRAFT_67342] [db_xref=InterPro:IPR002085,JGIDB:Mycgr3_67342] [protein=hypothetical protein] [protein_id=EGP91936.1] [location=complement(join(5307761..5308059,5308111..5308207,5308261..5308348,5308403..5308701,5308755..5308951,5309006..5309108))] [gbkey=CDS]",0.5451895043731778
"lcl|CM001196.1_cds_EGP91935.1_1747 [gene=MgSsk2] [locus_tag=MYCGRDRAFT_67344] [db_xref=InterPro:IPR000719,JGIDB:Mycgr3_67344] [protein=SSK2 MAP kinase] [protein_id=EGP91935.1] [location=complement(5310416..5314573)] [gbkey=CDS]",0.527736131934033
"lcl|CM001196.1_cds_EGP91698.1_1748 [locus_tag=MYCGRDRAFT_107688] [db_xref=InterPro:IPR001680,JGIDB:Mycgr3_107688] [protein=hypothetical protein] [protein_id=EGP91698.1] [location=5315280..5316377] [gbkey=CDS]",0.42196531791907516
lcl|CM001196.1_cds_EGP91934.1_1749 [locus_tag=MYCGRDRAFT_90119] [db_xref=JGIDB:Mycgr3_90119] [protein=hypothetical protein] [protein_id=EGP91934.1] [location=complement(5316842..5317414)] [gbkey=CDS],0.4581005586592179
"lcl|CM001196.1_cds_EGP91933.1_1750 [locus_tag=MYCGRDRAFT_67350] [db_xref=JGIDB:Mycgr3_67350] [protein=hypothetical protein] [protein_id=EGP91933.1] [location=complement(join(5318821..5320017,5320069..5320515))] [gbkey=CDS]",0.4472168905950096
lcl|CM001196.1_cds_EGP91699.1_1751 [locus_tag=MYCGRDRAFT_102887] [db_xref=JGIDB:Mycgr3_102887] [protein=hypothetical protein] [protein_id=EGP91699.1] [location=5327870..5328034] [gbkey=CDS],0.4117647058823529
"lcl|CM001196.1_cds_EGP91932.1_1752 [locus_tag=MYCGRDRAFT_54282] [db_xref=JGIDB:Mycgr3_54282] [protein=hypothetical protein] [protein_id=EGP91932.1] [location=complement(join(5328827..5328979,5329629..5329714,5329958..5330022,5330513..5330633,5330995..5331217))] [gbkey=CDS]",0.49246231155778897
"lcl|CM001196.1_cds_EGP91700.1_1753 [locus_tag=MYCGRDRAFT_90122] [db_xref=JGIDB:Mycgr3_90122] [protein=hypothetical protein] [protein_id=EGP91700.1] [location=join(5331411..5331494,5331770..5331772,5332055..5332291)] [gbkey=CDS]",0.40404040404040403
"lcl|CM001196.1_cds_EGP91701.1_1754 [locus_tag=MYCGRDRAFT_84231] [db_xref=InterPro:IPR001092,JGIDB:Mycgr3_84231] [protein=hypothetical protein] [protein_id=EGP91701.1] [location=5334481..5335830] [gbkey=CDS]",0.590047393364929
"lcl|CM001196.1_cds_EGP91930.1_1756 [locus_tag=MYCGRDRAFT_34783] [db_xref=JGIDB:Mycgr3_34783] [protein=hypothetical protein] [protein_id=EGP91930.1] [location=complement(join(5340269..5340428,5340495..5340556))] [gbkey=CDS]",0.6
"lcl|CM001196.1_cds_EGP91702.1_1757 [locus_tag=MYCGRDRAFT_90125] [db_xref=JGIDB:Mycgr3_90125] [protein=hypothetical protein] [protein_id=EGP91702.1] [location=join(5341294..5342008,5342139..5342785)] [gbkey=CDS]",0.4861111111111111
lcl|CM001196.1_cds_EGP91929.1_1758 [locus_tag=MYCGRDRAFT_79045] [db_xref=JGIDB:Mycgr3_79045] [protein=hypothetical protein] [protein_id=EGP91929.1] [location=complement(5344807..5345016)] [gbkey=CDS],0.4603174603174603
"lcl|CM001196.1_cds_EGP91703.1_1759 [gene=MgGpa2] [locus_tag=MYCGRDRAFT_84233] [db_xref=InterPro:IPR001019,JGIDB:Mycgr3_84233] [protein=G-protein alpha subunit] [protein_id=EGP91703.1] [location=join(5345018..5345135,5345223..5345407,5345458..5345615,5345671..5345929,5345985..5346332)] [gbkey=CDS]",0.5672514619883041
"lcl|CM001196.1_cds_EGP91704.1_1760 [locus_tag=MYCGRDRAFT_102893] [db_xref=InterPro:IPR001395,JGIDB:Mycgr3_102893] [protein=hypothetical protein] [protein_id=EGP91704.1] [location=join(5351851..5352021,5352085..5352406,5352462..5352988)] [gbkey=CDS]",0.5
"lcl|CM001196.1_cds_EGP91706.1_1762 [locus_tag=MYCGRDRAFT_102895] [db_xref=InterPro:IPR006683,JGIDB:Mycgr3_102895] [protein=hypothetical protein] [protein_id=EGP91706.1] [location=5356144..5357121] [gbkey=CDS]",0.48417721518987344
"lcl|CM001196.1_cds_EGP91928.1_1763 [locus_tag=MYCGRDRAFT_102897] [db_xref=InterPro:IPR000608,JGIDB:Mycgr3_102897] [protein=hypothetical protein] [protein_id=EGP91928.1] [location=complement(join(5357410..5357550,5357612..5357737,5357808..5357887,5357943..5358015))] [gbkey=CDS]",0.631578947368421
"lcl|CM001196.1_cds_EGP91927.1_1764 [locus_tag=MYCGRDRAFT_107697] [db_xref=JGIDB:Mycgr3_107697] [protein=hypothetical protein] [protein_id=EGP91927.1] [location=complement(join(5360006..5360342,5360399..5360476,5360532..5360639,5360695..5360741))] [gbkey=CDS]",0.3567567567567568
lcl|CM001196.1_cds_EGP91707.1_1765 [locus_tag=MYCGRDRAFT_102901] [db_xref=JGIDB:Mycgr3_102901] [protein=hypothetical protein] [protein_id=EGP91707.1] [location=5363215..5363403] [gbkey=CDS],0.4576271186440678
"lcl|CM001196.1_cds_EGP91708.1_1766 [locus_tag=MYCGRDRAFT_31720] [db_xref=InterPro:IPR006090,InterPro:IPR006091,JGIDB:Mycgr3_31720] [protein=hypothetical protein] [protein_id=EGP91708.1] [location=join(5363949..5364807,5364864..5365263,5365318..5365423)] [gbkey=CDS]",0.5105386416861827
"lcl|CM001196.1_cds_EGP91709.1_1767 [locus_tag=MYCGRDRAFT_67374] [db_xref=InterPro:IPR003781,InterPro:IPR005811,JGIDB:Mycgr3_67374] [protein=hypothetical protein] [protein_id=EGP91709.1] [location=join(5366664..5367110,5367161..5368840)] [gbkey=CDS]",0.5720461095100865
"lcl|CM001196.1_cds_EGP91926.1_1768 [locus_tag=MYCGRDRAFT_31905] [db_xref=InterPro:IPR000626,JGIDB:Mycgr3_31905] [protein=hypothetical protein] [protein_id=EGP91926.1] [location=complement(join(5369345..5369407,5369492..5369728))] [gbkey=CDS]",0.6979166666666666
"lcl|CM001196.1_cds_EGP91710.1_1769 [locus_tag=MYCGRDRAFT_67376] [db_xref=JGIDB:Mycgr3_67376] [protein=hypothetical protein] [protein_id=EGP91710.1] [location=join(5370277..5370279,5370334..5370400,5370456..5370502,5370563..5370654,5370711..5370744)] [gbkey=CDS]",0.4230769230769231
"lcl|CM001196.1_cds_EGP91711.1_1770 [locus_tag=MYCGRDRAFT_67377] [db_xref=InterPro:IPR001910,JGIDB:Mycgr3_67377] [protein=hypothetical protein] [protein_id=EGP91711.1] [location=join(5371542..5371574,5371626..5371934,5371983..5372288,5372377..5373072)] [gbkey=CDS]",0.4547563805104408
"lcl|CM001196.1_cds_EGP91712.1_1771 [locus_tag=MYCGRDRAFT_35226] [db_xref=InterPro:IPR005834,InterPro:IPR006068,InterPro:IPR008250,JGIDB:Mycgr3_35226] [protein=hypothetical protein] [protein_id=EGP91712.1] [location=5376492..5380667] [gbkey=CDS]",0.5706766917293233
lcl|CM001196.1_cds_EGP91925.1_1772 [locus_tag=MYCGRDRAFT_67381] [db_xref=JGIDB:Mycgr3_67381] [protein=hypothetical protein] [protein_id=EGP91925.1] [location=complement(5381140..5383002)] [gbkey=CDS],0.48184818481848185
"lcl|CM001196.1_cds_EGP91924.1_1773 [locus_tag=MYCGRDRAFT_84244] [db_xref=JGIDB:Mycgr3_84244] [protein=hypothetical protein] [protein_id=EGP91924.1] [location=complement(join(5383886..5383968,5384083..5384308))] [gbkey=CDS]",0.5979381443298969
"lcl|CM001196.1_cds_EGP91923.1_1774 [locus_tag=MYCGRDRAFT_84245] [db_xref=InterPro:IPR005828,JGIDB:Mycgr3_84245] [protein=hypothetical protein] [protein_id=EGP91923.1] [location=complement(join(5385340..5385943,5386003..5386379,5386459..5386460,5386534..5387062))] [gbkey=CDS]",0.5702479338842975
"lcl|CM001196.1_cds_EGP91713.1_1775 [gene=sdg2427] [locus_tag=MYCGRDRAFT_90139] [db_xref=JGIDB:Mycgr3_90139] [protein=hypothetical protein] [protein_id=EGP91713.1] [location=join(5388057..5389119,5389197..5389210)] [gbkey=CDS]",0.47398843930635837
"lcl|CM001196.1_cds_EGP91922.1_1776 [locus_tag=MYCGRDRAFT_107703] [db_xref=InterPro:IPR001810,JGIDB:Mycgr3_107703] [protein=hypothetical protein] [protein_id=EGP91922.1] [location=complement(join(5389457..5390523,5390593..5390754,5390824..5391805))] [gbkey=CDS]",0.44710860366713684
"lcl|CM001196.1_cds_EGP91921.1_1777 [gene=MgPP2Aregb1] [locus_tag=MYCGRDRAFT_67389] [db_xref=InterPro:IPR001680,JGIDB:Mycgr3_67389] [protein=MgPP2Aregb1, protein phosphatase regulatory beta sub-unit 1] [protein_id=EGP91921.1] [location=complement(join(5392512..5392535,5392595..5393969,5394440..5394489))] [gbkey=CDS]",0.6163793103448276
lcl|CM001196.1_cds_EGP91920.1_1778 [locus_tag=MYCGRDRAFT_102907] [db_xref=JGIDB:Mycgr3_102907] [protein=hypothetical protein] [protein_id=EGP91920.1] [location=complement(5395324..5395725)] [gbkey=CDS],0.5714285714285714
lcl|CM001196.1_cds_EGP91714.1_1779 [locus_tag=MYCGRDRAFT_90143] [db_xref=JGIDB:Mycgr3_90143] [protein=hypothetical protein] [protein_id=EGP91714.1] [location=5396657..5396980] [gbkey=CDS],0.5757575757575758
"lcl|CM001196.1_cds_EGP91715.1_1780 [locus_tag=MYCGRDRAFT_90144] [db_xref=InterPro:IPR001810,JGIDB:Mycgr3_90144] [protein=hypothetical protein] [protein_id=EGP91715.1] [location=join(5397383..5398364,5398422..5398516)] [gbkey=CDS]",0.5398230088495575
lcl|CM001196.1_cds_EGP91716.1_1781 [locus_tag=MYCGRDRAFT_31899] [db_xref=JGIDB:Mycgr3_31899] [protein=hypothetical protein] [protein_id=EGP91716.1] [location=5399174..5400277] [gbkey=CDS],0.5297450424929179
"lcl|CM001196.1_cds_EGP91919.1_1782 [locus_tag=MYCGRDRAFT_219749] [db_xref=InterPro:IPR011701,JGIDB:Mycgr3_219749] [protein=putative major facilitator superfamily transporter] [protein_id=EGP91919.1] [location=complement(5400677..5402485)] [gbkey=CDS]",0.47160068846815834
"lcl|CM001196.1_cds_EGP91718.1_1784 [locus_tag=MYCGRDRAFT_90147] [db_xref=InterPro:IPR007087,JGIDB:Mycgr3_90147] [protein=hypothetical protein] [protein_id=EGP91718.1] [location=5405953..5407257] [gbkey=CDS]",0.4785714285714286
lcl|CM001196.1_cds_EGP91918.1_1785 [locus_tag=MYCGRDRAFT_90148] [db_xref=JGIDB:Mycgr3_90148] [protein=hypothetical protein] [protein_id=EGP91918.1] [location=complement(5408443..5409873)] [gbkey=CDS],0.3793859649122807
"lcl|CM001196.1_cds_EGP91719.1_1786 [locus_tag=MYCGRDRAFT_90149] [db_xref=InterPro:IPR001810,JGIDB:Mycgr3_90149] [protein=hypothetical protein] [protein_id=EGP91719.1] [location=join(5410410..5410786,5410905..5411086,5411432..5412214,5412343..5413002,5413233..5413465)] [gbkey=CDS]",0.5174825174825175
"lcl|CM001196.1_cds_EGP91917.1_1787 [locus_tag=MYCGRDRAFT_67398] [db_xref=InterPro:IPR002048,InterPro:IPR006685,JGIDB:Mycgr3_67398] [protein=calcium channel] [protein_id=EGP91917.1] [location=complement(join(5413791..5414835,5414893..5415032,5415091..5416983))] [gbkey=CDS]",0.4694501018329939
"lcl|CM001196.1_cds_EGP91916.1_1788 [locus_tag=MYCGRDRAFT_107708] [db_xref=InterPro:IPR001466,JGIDB:Mycgr3_107708] [protein=hypothetical protein] [protein_id=EGP91916.1] [location=complement(join(5418241..5419327,5419428..5419511,5419975..5420048,5420162..5420185))] [gbkey=CDS]",0.5135135135135135
"lcl|CM001196.1_cds_EGP91915.1_1789 [gene=SDG2411] [locus_tag=MYCGRDRAFT_107709] [db_xref=InterPro:IPR001214,InterPro:IPR007728,JGIDB:Mycgr3_107709] [protein=SET domain-containing protein] [protein_id=EGP91915.1] [location=complement(join(5420882..5422372,5422438..5422536))] [gbkey=CDS]",0.4622823984526112
"lcl|CM001196.1_cds_EGP91720.1_1790 [locus_tag=MYCGRDRAFT_67403] [db_xref=InterPro:IPR010301,JGIDB:Mycgr3_67403] [protein=hypothetical protein] [protein_id=EGP91720.1] [location=join(5423027..5423093,5423157..5423872)] [gbkey=CDS]",0.5222672064777328
"lcl|CM001196.1_cds_EGP91914.1_1791 [gene=MgEXG13] [locus_tag=MYCGRDRAFT_107711] [db_xref=InterPro:IPR000490,JGIDB:Mycgr3_107711] [protein=putative glucan 1,3-beta-glucosidase, exo-beta-1,3-glucanase] [protein_id=EGP91914.1] [location=complement(join(5424276..5424393,5424443..5425254))] [gbkey=CDS]",0.6245733788395904
"lcl|CM001196.1_cds_EGP91721.1_1792 [locus_tag=MYCGRDRAFT_90155] [db_xref=JGIDB:Mycgr3_90155] [protein=hypothetical protein] [protein_id=EGP91721.1] [location=join(5427281..5427283,5427341..5427505,5427569..5428623,5428832..5428904)] [gbkey=CDS]",0.5170731707317073
"lcl|CM001196.1_cds_EGP91913.1_1793 [locus_tag=MYCGRDRAFT_98854] [db_xref=JGIDB:Mycgr3_98854] [protein=hypothetical protein] [protein_id=EGP91913.1] [location=complement(join(5429756..5429824,5429876..5431918))] [gbkey=CDS]",0.5518248175182482
"lcl|CM001196.1_cds_EGP91722.1_1794 [locus_tag=MYCGRDRAFT_107713] [db_xref=JGIDB:Mycgr3_107713] [protein=hypothetical protein] [protein_id=EGP91722.1] [location=join(5432769..5433356,5433414..5433536)] [gbkey=CDS]",0.6622222222222223
lcl|CM001196.1_cds_EGP91912.1_1795 [gene=POLX1] [locus_tag=MYCGRDRAFT_67412] [db_xref=JGIDB:Mycgr3_67412] [protein=DNA polymerase beta-like protein] [protein_id=EGP91912.1] [location=complement(5433979..5435751)] [gbkey=CDS],0.47294938917975565
"lcl|CM001196.1_cds_EGP91723.1_1796 [locus_tag=MYCGRDRAFT_107715] [db_xref=InterPro:IPR005339,JGIDB:Mycgr3_107715] [protein=hypothetical protein] [protein_id=EGP91723.1] [location=5436475..5437143] [gbkey=CDS]",0.4976958525345622
"lcl|CM001196.1_cds_EGP91911.1_1797 [locus_tag=MYCGRDRAFT_84253] [db_xref=InterPro:IPR007051,InterPro:IPR007052,JGIDB:Mycgr3_84253] [protein=hypothetical protein] [protein_id=EGP91911.1] [location=complement(join(5438522..5439372,5439428..5439456,5439521..5439597))] [gbkey=CDS]",0.45483870967741935
"lcl|CM001196.1_cds_EGP91724.1_1798 [locus_tag=MYCGRDRAFT_34109] [db_xref=JGIDB:Mycgr3_34109] [protein=hypothetical protein] [protein_id=EGP91724.1] [location=join(5446215..5446394,5446444..5446572)] [gbkey=CDS]",0.4270833333333333
"lcl|CM001196.1_cds_EGP91725.1_1799 [locus_tag=MYCGRDRAFT_98857] [db_xref=InterPro:IPR005000,JGIDB:Mycgr3_98857] [protein=hypothetical protein] [protein_id=EGP91725.1] [location=join(5446825..5446890,5446949..5447683)] [gbkey=CDS]",0.5436507936507936
"lcl|CM001196.1_cds_EGP91726.1_1802 [locus_tag=MYCGRDRAFT_67423] [db_xref=InterPro:IPR001900,JGIDB:Mycgr3_67423] [protein=hypothetical protein] [protein_id=EGP91726.1] [location=5452139..5455120] [gbkey=CDS]",0.5327102803738317
"lcl|CM001196.1_cds_EGP91908.1_1803 [locus_tag=MYCGRDRAFT_67427] [db_xref=JGIDB:Mycgr3_67427] [protein=hypothetical protein] [protein_id=EGP91908.1] [location=complement(join(5456362..5458064,5458145..5458252,5458433..5458535))] [gbkey=CDS]",0.48925619834710743
lcl|CM001196.1_cds_EGP91727.1_1804 [locus_tag=MYCGRDRAFT_102916] [db_xref=JGIDB:Mycgr3_102916] [protein=hypothetical protein] [protein_id=EGP91727.1] [location=5459538..5459837] [gbkey=CDS],0.40425531914893614
lcl|CM001196.1_cds_EGP91728.1_1806 [locus_tag=MYCGRDRAFT_107719] [db_xref=JGIDB:Mycgr3_107719] [protein=hypothetical protein] [protein_id=EGP91728.1] [location=5465432..5467177] [gbkey=CDS],0.4364937388193202
lcl|CM001196.1_cds_EGP91905.1_1808 [locus_tag=MYCGRDRAFT_102920] [db_xref=JGIDB:Mycgr3_102920] [protein=hypothetical protein] [protein_id=EGP91905.1] [location=complement(5470147..5470521)] [gbkey=CDS],0.5689655172413793
"lcl|CM001196.1_cds_EGP91904.1_1809 [locus_tag=MYCGRDRAFT_67431] [db_xref=InterPro:IPR007705,JGIDB:Mycgr3_67431] [protein=hypothetical protein] [protein_id=EGP91904.1] [location=complement(join(5470924..5471424,5471493..5471606,5471662..5471724))] [gbkey=CDS]",0.41284403669724773
"lcl|CM001196.1_cds_EGP91729.1_1810 [locus_tag=MYCGRDRAFT_102922] [db_xref=InterPro:IPR001854,JGIDB:Mycgr3_102922] [protein=hypothetical protein] [protein_id=EGP91729.1] [location=join(5472067..5472069,5472126..5472271,5472395..5472620,5472684..5472695)] [gbkey=CDS]",0.776
"lcl|CM001196.1_cds_EGP91903.1_1811 [locus_tag=MYCGRDRAFT_107722] [db_xref=JGIDB:Mycgr3_107722] [protein=hypothetical protein] [protein_id=EGP91903.1] [location=complement(join(5473686..5474723,5474955..5475003,5475074..5475204))] [gbkey=CDS]",0.46632124352331605
"lcl|CM001196.1_cds_EGP91730.1_1812 [locus_tag=MYCGRDRAFT_90170] [db_xref=JGIDB:Mycgr3_90170] [protein=hypothetical protein] [protein_id=EGP91730.1] [location=join(5475768..5476129,5476181..5477353,5477418..5477486,5477552..5478014)] [gbkey=CDS]",0.46026986506746626
"lcl|CM001196.1_cds_EGP91902.1_1813 [locus_tag=MYCGRDRAFT_84263] [db_xref=JGIDB:Mycgr3_84263] [protein=hypothetical protein] [protein_id=EGP91902.1] [location=complement(join(5478210..5478235,5478290..5478430,5478480..5478555))] [gbkey=CDS]",0.7848101265822784
lcl|CM001196.1_cds_EGP91900.1_1815 [locus_tag=MYCGRDRAFT_67442] [db_xref=JGIDB:Mycgr3_67442] [protein=hypothetical protein] [protein_id=EGP91900.1] [location=complement(5483407..5484654)] [gbkey=CDS],0.5
"lcl|CM001196.1_cds_EGP91731.1_1816 [locus_tag=MYCGRDRAFT_67443] [db_xref=InterPro:IPR006575,JGIDB:Mycgr3_67443] [protein=hypothetical protein] [protein_id=EGP91731.1] [location=5484832..5485530] [gbkey=CDS]",0.53125
"lcl|CM001196.1_cds_EGP91732.1_1817 [locus_tag=MYCGRDRAFT_67446] [db_xref=InterPro:IPR001357,JGIDB:Mycgr3_67446] [protein=hypothetical protein] [protein_id=EGP91732.1] [location=join(5486206..5487625,5487863..5487974,5488050..5488875)] [gbkey=CDS]",0.5177398160315374
"lcl|CM001196.1_cds_EGP91899.1_1818 [locus_tag=MYCGRDRAFT_33604] [db_xref=InterPro:IPR000425,JGIDB:Mycgr3_33604] [protein=hypothetical protein] [protein_id=EGP91899.1] [location=complement(join(5489321..5489507,5489626..5489750,5489808..5490287))] [gbkey=CDS]",0.5617529880478087
"lcl|CM001196.1_cds_EGP91733.1_1820 [locus_tag=MYCGRDRAFT_107726] [db_xref=InterPro:IPR000571,JGIDB:Mycgr3_107726] [protein=hypothetical protein] [protein_id=EGP91733.1] [location=5492574..5494175] [gbkey=CDS]",0.42638623326959846
"lcl|CM001196.1_cds_EGP91897.1_1821 [locus_tag=MYCGRDRAFT_84267] [db_xref=JGIDB:Mycgr3_84267] [protein=hypothetical protein] [protein_id=EGP91897.1] [location=complement(join(5495506..5496078,5496139..5496533,5496583..5496721,5496778..5496972))] [gbkey=CDS]",0.46359223300970875
"lcl|CM001196.1_cds_EGP91734.1_1822 [locus_tag=MYCGRDRAFT_98870] [db_xref=JGIDB:Mycgr3_98870] [protein=hypothetical protein] [protein_id=EGP91734.1] [location=join(5497683..5497800,5497854..5499322)] [gbkey=CDS]",0.54
"lcl|CM001196.1_cds_EGP91896.1_1823 [locus_tag=MYCGRDRAFT_67455] [db_xref=InterPro:IPR008570,JGIDB:Mycgr3_67455] [protein=hypothetical protein] [protein_id=EGP91896.1] [location=complement(5499546..5500130)] [gbkey=CDS]",0.5645161290322581
"lcl|CM001196.1_cds_EGP91735.1_1824 [locus_tag=MYCGRDRAFT_67458] [db_xref=JGIDB:Mycgr3_67458] [protein=hypothetical protein] [protein_id=EGP91735.1] [location=join(5500368..5500487,5500567..5500814,5500942..5501146)] [gbkey=CDS]",0.5869565217391305
"lcl|CM001196.1_cds_EGP91895.1_1825 [locus_tag=MYCGRDRAFT_102927] [db_xref=JGIDB:Mycgr3_102927] [protein=hypothetical protein] [protein_id=EGP91895.1] [location=complement(join(5501745..5501866,5501938..5502065,5502122..5502135))] [gbkey=CDS]",0.44047619047619047
"lcl|CM001196.1_cds_EGP91737.1_1827 [locus_tag=MYCGRDRAFT_107729] [db_xref=JGIDB:Mycgr3_107729] [protein=hypothetical protein] [protein_id=EGP91737.1] [location=join(5505249..5505336,5505414..5506696)] [gbkey=CDS]",0.42857142857142855
"lcl|CM001196.1_cds_EGP91738.1_1828 [locus_tag=MYCGRDRAFT_107730] [db_xref=InterPro:IPR000375,InterPro:IPR001401,InterPro:IPR003130,JGIDB:Mycgr3_107730] [protein=hypothetical protein] [protein_id=EGP91738.1] [location=join(5507471..5507569,5507638..5509596,5509653..5509964)] [gbkey=CDS]",0.5187096774193548
"lcl|CM001196.1_cds_EGP91894.1_1829 [locus_tag=MYCGRDRAFT_90182] [db_xref=JGIDB:Mycgr3_90182] [protein=hypothetical protein] [protein_id=EGP91894.1] [location=complement(join(5511081..5511110,5511181..5511990))] [gbkey=CDS]",0.5183823529411765
"lcl|CM001196.1_cds_EGP91893.1_1830 [locus_tag=MYCGRDRAFT_90183] [db_xref=InterPro:IPR010730,JGIDB:Mycgr3_90183] [protein=hypothetical protein] [protein_id=EGP91893.1] [location=complement(join(5513274..5513312,5514106..5515350))] [gbkey=CDS]",0.44139650872817954
"lcl|CM001196.1_cds_EGP91739.1_1831 [locus_tag=MYCGRDRAFT_107731] [db_xref=JGIDB:Mycgr3_107731] [protein=hypothetical protein] [protein_id=EGP91739.1] [location=join(5517163..5517651,5517711..5518041,5518092..5518490,5518544..5518672,5518726..5518877,5519210..5523886)] [gbkey=CDS]",0.49874937468734365
"lcl|CM001196.1_cds_EGP91892.1_1832 [locus_tag=MYCGRDRAFT_67467] [db_xref=InterPro:IPR005828,JGIDB:Mycgr3_67467] [protein=hypothetical protein] [protein_id=EGP91892.1] [location=complement(join(5524934..5525107,5525162..5525285,5525335..5525597,5525649..5526452,5526500..5526679))] [gbkey=CDS]",0.44693877551020406
"lcl|CM001196.1_cds_EGP91891.1_1833 [locus_tag=MYCGRDRAFT_31918] [db_xref=InterPro:IPR002085,JGIDB:Mycgr3_31918] [protein=hypothetical protein] [protein_id=EGP91891.1] [location=complement(join(5527062..5527939,5527990..5528065,5528117..5528290))] [gbkey=CDS]",0.46321525885558584
"lcl|CM001196.1_cds_EGP91740.1_1834 [locus_tag=MYCGRDRAFT_31902] [db_xref=InterPro:IPR002198,JGIDB:Mycgr3_31902] [protein=hypothetical protein] [protein_id=EGP91740.1] [location=join(5528745..5529339,5529388..5529423,5529474..5529562,5529615..5529767)] [gbkey=CDS]",0.45878136200716846
"lcl|CM001196.1_cds_EGP91890.1_1835 [locus_tag=MYCGRDRAFT_67469] [db_xref=InterPro:IPR005828,JGIDB:Mycgr3_67469] [protein=hypothetical protein] [protein_id=EGP91890.1] [location=complement(join(5530156..5530585,5530643..5530759,5530816..5530950,5531007..5531044,5531136..5531336,5531392..5531513,5531566..5531641,5531697..5532053,5532106..5532204))] [gbkey=CDS]",0.5694164989939637
"lcl|CM001196.1_cds_EGP91741.1_1836 [locus_tag=MYCGRDRAFT_54399] [db_xref=InterPro:IPR004006,InterPro:IPR004007,JGIDB:Mycgr3_54399] [protein=hypothetical protein] [protein_id=EGP91741.1] [location=join(5534979..5536250,5536306..5536699,5536758..5536861)] [gbkey=CDS]",0.4823321554770318
"lcl|CM001196.1_cds_EGP91742.1_1837 [locus_tag=MYCGRDRAFT_102936] [db_xref=InterPro:IPR002198,JGIDB:Mycgr3_102936] [protein=hypothetical protein] [protein_id=EGP91742.1] [location=join(5537248..5537300,5537354..5537557,5537624..5537938,5537996..5538170)] [gbkey=CDS]",0.5661157024793388
"lcl|CM001196.1_cds_EGP91889.1_1838 [gene=PKS10] [locus_tag=MYCGRDRAFT_67477] [db_xref=InterPro:IPR000794,InterPro:IPR001227,JGIDB:Mycgr3_67477] [protein=polyketide synthase] [protein_id=EGP91889.1] [location=complement(join(5538546..5540703,5540762..5541062,5541171..5541760,5541824..5543323,5543370..5546472,5546544..5546814,5546880..5547257,5547358..5547675))] [gbkey=CDS]",0.48446531791907516
"lcl|CM001196.1_cds_EGP91888.1_1839 [locus_tag=MYCGRDRAFT_34531] [db_xref=InterPro:IPR002198,JGIDB:Mycgr3_34531] [protein=hypothetical protein] [protein_id=EGP91888.1] [location=complement(join(5548686..5549502,5549568..5549644,5549699..5549776))] [gbkey=CDS]",0.45098039215686275
"lcl|CM001196.1_cds_EGP91887.1_1840 [locus_tag=MYCGRDRAFT_34954] [db_xref=JGIDB:Mycgr3_34954] [protein=putative major facilitator superfamily transporter] [protein_id=EGP91887.1] [location=complement(join(5550950..5551378,5551440..5551793,5551855..5552190,5552247..5552735))] [gbkey=CDS]",0.4377431906614786
"lcl|CM001196.1_cds_EGP91743.1_1842 [locus_tag=MYCGRDRAFT_32934] [db_xref=InterPro:IPR002085,JGIDB:Mycgr3_32934] [protein=hypothetical protein] [protein_id=EGP91743.1] [location=join(5555852..5556417,5556489..5557017)] [gbkey=CDS]",0.46438746438746437
"lcl|CM001196.1_cds_EGP91744.1_1843 [locus_tag=MYCGRDRAFT_84279] [db_xref=InterPro:IPR002198,JGIDB:Mycgr3_84279] [protein=hypothetical protein] [protein_id=EGP91744.1] [location=join(5557765..5558409,5558461..5558617,5558678..5558697)] [gbkey=CDS]",0.5390625
lcl|CM001196.1_cds_EGP91885.1_1844 [locus_tag=MYCGRDRAFT_107737] [db_xref=JGIDB:Mycgr3_107737] [protein=hypothetical protein] [protein_id=EGP91885.1] [location=complement(5560208..5561206)] [gbkey=CDS],0.5185185185185185
"lcl|CM001196.1_cds_EGP91884.1_1845 [locus_tag=MYCGRDRAFT_107738] [db_xref=InterPro:IPR001461,JGIDB:Mycgr3_107738] [protein=hypothetical protein] [protein_id=EGP91884.1] [location=complement(join(5561697..5562621,5562679..5562953))] [gbkey=CDS]",0.48223350253807107
"lcl|CM001196.1_cds_EGP91883.1_1846 [locus_tag=MYCGRDRAFT_67482] [db_xref=JGIDB:Mycgr3_67482] [protein=hypothetical protein] [protein_id=EGP91883.1] [location=complement(join(5564070..5564570,5564630..5565111,5565213..5565318,5565371..5565988))] [gbkey=CDS]",0.4253731343283582
"lcl|CM001196.1_cds_EGP91746.1_1848 [gene=MgMep2] [locus_tag=MYCGRDRAFT_35079] [db_xref=InterPro:IPR010256,JGIDB:Mycgr3_35079] [protein=ammonium permease] [protein_id=EGP91746.1] [location=join(5569961..5570136,5570205..5570456,5570516..5571650)] [gbkey=CDS]",0.5349794238683128
lcl|CM001196.1_cds_EGP91882.1_1849 [locus_tag=MYCGRDRAFT_67486] [db_xref=JGIDB:Mycgr3_67486] [protein=hypothetical protein] [protein_id=EGP91882.1] [location=complement(5571847..5574309)] [gbkey=CDS],0.5674653215636822
"lcl|CM001196.1_cds_EGP91747.1_1850 [locus_tag=MYCGRDRAFT_102943] [db_xref=InterPro:IPR006689,JGIDB:Mycgr3_102943] [protein=hypothetical protein] [protein_id=EGP91747.1] [location=join(5576009..5576156,5576230..5576540,5576598..5576690)] [gbkey=CDS]",0.7803468208092486
"lcl|CM001196.1_cds_EGP91881.1_1851 [locus_tag=MYCGRDRAFT_32115] [db_xref=JGIDB:Mycgr3_32115] [protein=putative major facilitator superfamily transporter] [protein_id=EGP91881.1] [location=complement(join(5577263..5577872,5577926..5578932))] [gbkey=CDS]",0.5538160469667319
"lcl|CM001196.1_cds_EGP91880.1_1852 [locus_tag=MYCGRDRAFT_107743] [db_xref=JGIDB:Mycgr3_107743] [protein=hypothetical protein] [protein_id=EGP91880.1] [location=complement(join(5579583..5580414,5580516..5581225))] [gbkey=CDS]",0.5183673469387755
"lcl|CM001196.1_cds_EGP91879.1_1853 [locus_tag=MYCGRDRAFT_98880] [db_xref=InterPro:IPR002143,JGIDB:Mycgr3_98880] [protein=hypothetical protein] [protein_id=EGP91879.1] [location=complement(join(5588582..5588844,5588899..5589092,5589156..5589352))] [gbkey=CDS]",0.8181818181818182
"lcl|CM001196.1_cds_EGP91748.1_1854 [locus_tag=MYCGRDRAFT_34052] [db_xref=JGIDB:Mycgr3_34052] [protein=hypothetical protein] [protein_id=EGP91748.1] [location=join(5590280..5591710,5591800..5592132)] [gbkey=CDS]",0.542907180385289
"lcl|CM001196.1_cds_EGP91878.1_1855 [locus_tag=MYCGRDRAFT_31345] [db_xref=InterPro:IPR000467,JGIDB:Mycgr3_31345] [protein=hypothetical protein] [protein_id=EGP91878.1] [location=complement(5592165..5594297)] [gbkey=CDS]",0.47307132459970885
"lcl|CM001196.1_cds_EGP91749.1_1856 [locus_tag=MYCGRDRAFT_33593] [db_xref=InterPro:IPR000719,InterPro:IPR001772,JGIDB:Mycgr3_33593] [protein=hypothetical protein] [protein_id=EGP91749.1] [location=join(5595469..5596318,5596369..5598344)] [gbkey=CDS]",0.507103825136612
"lcl|CM001196.1_cds_EGP91877.1_1857 [locus_tag=MYCGRDRAFT_67501] [db_xref=InterPro:IPR007216,JGIDB:Mycgr3_67501] [protein=hypothetical protein] [protein_id=EGP91877.1] [location=complement(join(5599478..5599694,5599746..5600121,5600177..5600332,5600386..5600773))] [gbkey=CDS]",0.5286103542234333
"lcl|CM001196.1_cds_EGP91750.1_1858 [locus_tag=MYCGRDRAFT_67504] [db_xref=JGIDB:Mycgr3_67504] [protein=hypothetical protein] [protein_id=EGP91750.1] [location=join(5601088..5601423,5601476..5601958)] [gbkey=CDS]",0.4594594594594595
"lcl|CM001196.1_cds_EGP91751.1_1859 [locus_tag=MYCGRDRAFT_102950] [db_xref=InterPro:IPR003008,InterPro:IPR008280,JGIDB:Mycgr3_102950] [protein=beta tubulin] [protein_id=EGP91751.1] [location=join(5604122..5604135,5604185..5604198,5604266..5604280,5604395..5604458,5604518..5604572,5604662..5605846)] [gbkey=CDS]",0.8070588235294117
"lcl|CM001196.1_cds_EGP91876.1_1860 [locus_tag=MYCGRDRAFT_67509] [db_xref=InterPro:IPR005708,JGIDB:Mycgr3_67509] [protein=hypothetical protein] [protein_id=EGP91876.1] [location=complement(5606104..5607528)] [gbkey=CDS]",0.5960264900662252
"lcl|CM001196.1_cds_EGP91752.1_1861 [locus_tag=MYCGRDRAFT_98885] [db_xref=InterPro:IPR002529,JGIDB:Mycgr3_98885] [protein=hypothetical protein] [protein_id=EGP91752.1] [location=5607903..5609210] [gbkey=CDS]",0.49764150943396224
"lcl|CM001196.1_cds_EGP91753.1_1862 [gene=CYP-22] [locus_tag=MYCGRDRAFT_32609] [db_xref=InterPro:IPR001128,JGIDB:Mycgr3_32609] [protein=putative P450 monooxygenase] [protein_id=EGP91753.1] [location=5610189..5611799] [gbkey=CDS]",0.6640625
"lcl|CM001196.1_cds_EGP91875.1_1863 [locus_tag=MYCGRDRAFT_90212] [db_xref=JGIDB:Mycgr3_90212] [protein=hypothetical protein] [protein_id=EGP91875.1] [location=complement(join(5612533..5612788,5613338..5613441))] [gbkey=CDS]",0.6782608695652174
"lcl|CM001196.1_cds_EGP91754.1_1864 [locus_tag=MYCGRDRAFT_90213] [db_xref=JGIDB:Mycgr3_90213] [protein=signal peptide-containing protein] [protein_id=EGP91754.1] [location=join(5614486..5614564,5614623..5614702,5614831..5614882,5615199..5615259,5615365..5615379,5615609..5615720,5616046..5616129,5616603..5616723,5617000..5618474)] [gbkey=CDS]",0.4781297134238311
"lcl|CM001196.1_cds_EGP91874.1_1865 [locus_tag=MYCGRDRAFT_67515] [db_xref=JGIDB:Mycgr3_67515] [protein=putative major facilitator superfamily transporter] [protein_id=EGP91874.1] [location=complement(join(5619065..5619731,5619791..5620146,5620203..5620221,5620277..5620642,5620698..5620729,5620789..5621169))] [gbkey=CDS]",0.4896551724137931
"lcl|CM001196.1_cds_EGP91872.1_1868 [locus_tag=MYCGRDRAFT_102956] [db_xref=InterPro:IPR001424,JGIDB:Mycgr3_102956] [protein=putative superoxide dismutase] [protein_id=EGP91872.1] [location=complement(join(5628336..5628490,5628548..5628577,5628635..5628712,5629862..5629968,5630092..5630266,5630329..5630560))] [gbkey=CDS]",0.6588235294117647
"lcl|CM001196.1_cds_EGP91756.1_1869 [locus_tag=MYCGRDRAFT_84295] [db_xref=InterPro:IPR001781,JGIDB:Mycgr3_84295] [protein=hypothetical protein] [protein_id=EGP91756.1] [location=join(5632426..5632533,5632594..5632822,5633012..5633716,5633795..5634696)] [gbkey=CDS]",0.4889589905362776
"lcl|CM001196.1_cds_EGP91757.1_1870 [locus_tag=MYCGRDRAFT_54447] [db_xref=InterPro:IPR002379,JGIDB:Mycgr3_54447] [protein=hypothetical protein] [protein_id=EGP91757.1] [location=join(5636248..5636264,5636408..5636420,5636600..5636729,5636842..5637102,5637164..5637228)] [gbkey=CDS]",0.6967741935483871
"lcl|CM001196.1_cds_EGP91758.1_1871 [locus_tag=MYCGRDRAFT_54449] [db_xref=InterPro:IPR002085,JGIDB:Mycgr3_54449] [protein=hypothetical protein] [protein_id=EGP91758.1] [location=join(5638198..5638481,5638643..5639295,5639353..5639573)] [gbkey=CDS]",0.654054054054054
"lcl|CM001196.1_cds_EGP91759.1_1872 [locus_tag=MYCGRDRAFT_33131] [db_xref=JGIDB:Mycgr3_33131] [protein=hypothetical protein] [protein_id=EGP91759.1] [location=join(5641149..5641487,5641545..5641924,5641992..5642508)] [gbkey=CDS]",0.5586034912718204
"lcl|CM001196.1_cds_EGP91871.1_1873 [locus_tag=MYCGRDRAFT_102961] [db_xref=InterPro:IPR007612,JGIDB:Mycgr3_102961] [protein=hypothetical protein] [protein_id=EGP91871.1] [location=complement(join(5642876..5642962,5643049..5643325,5643397..5643650))] [gbkey=CDS]",0.594059405940594
lcl|CM001196.1_cds_EGP91870.1_1875 [locus_tag=MYCGRDRAFT_33894] [db_xref=JGIDB:Mycgr3_33894] [protein=hypothetical protein] [protein_id=EGP91870.1] [location=complement(5646969..5648300)] [gbkey=CDS],0.6329411764705882
"lcl|CM001196.1_cds_EGP91761.1_1877 [locus_tag=MYCGRDRAFT_107758] [db_xref=JGIDB:Mycgr3_107758] [protein=hypothetical protein] [protein_id=EGP91761.1] [location=join(5652212..5652278,5652350..5653092)] [gbkey=CDS]",0.6992481203007519
"lcl|CM001196.1_cds_EGP91762.1_1878 [locus_tag=MYCGRDRAFT_67531] [db_xref=InterPro:IPR001395,JGIDB:Mycgr3_67531] [protein=hypothetical protein] [protein_id=EGP91762.1] [location=join(5653759..5654374,5654497..5654924)] [gbkey=CDS]",0.56973293768546
"lcl|CM001196.1_cds_EGP91868.1_1879 [locus_tag=MYCGRDRAFT_107760] [db_xref=InterPro:IPR003008,InterPro:IPR008280,JGIDB:Mycgr3_107760] [protein=gamma tubulin] [protein_id=EGP91868.1] [location=complement(join(5656258..5656680,5656734..5657336,5657389..5657738,5657794..5657834,5657885..5657892))] [gbkey=CDS]",0.5394736842105263
"lcl|CM001196.1_cds_EGP91867.1_1880 [locus_tag=MYCGRDRAFT_90228] [db_xref=InterPro:IPR001451,JGIDB:Mycgr3_90228] [protein=hypothetical protein] [protein_id=EGP91867.1] [location=complement(join(5658432..5658811,5659014..5659077,5659129..5659185))] [gbkey=CDS]",0.5031446540880503
"lcl|CM001196.1_cds_EGP91763.1_1881 [locus_tag=MYCGRDRAFT_107761] [db_xref=InterPro:IPR000909,JGIDB:Mycgr3_107761] [protein=hypothetical protein] [protein_id=EGP91763.1] [location=join(5659536..5660785,5660903..5661053)] [gbkey=CDS]",0.5370786516853933
"lcl|CM001196.1_cds_EGP91764.1_1883 [locus_tag=MYCGRDRAFT_107763] [db_xref=InterPro:IPR003689,JGIDB:Mycgr3_107763] [protein=hypothetical protein] [protein_id=EGP91764.1] [location=join(5662388..5662537,5662592..5663682,5663738..5663753)] [gbkey=CDS]",0.48370927318295737
lcl|CM001196.1_cds_EGP91765.1_1884 [locus_tag=MYCGRDRAFT_98895] [db_xref=JGIDB:Mycgr3_98895] [protein=hypothetical protein] [protein_id=EGP91765.1] [location=5664994..5665323] [gbkey=CDS],0.42990654205607476
"lcl|CM001196.1_cds_EGP91766.1_1885 [locus_tag=MYCGRDRAFT_102970] [db_xref=JGIDB:Mycgr3_102970] [protein=hypothetical protein] [protein_id=EGP91766.1] [location=join(5666124..5666488,5666558..5666807)] [gbkey=CDS]",0.5412371134020618
"lcl|CM001196.1_cds_EGP91865.1_1886 [locus_tag=MYCGRDRAFT_90232] [db_xref=InterPro:IPR003165,JGIDB:Mycgr3_90232] [protein=hypothetical protein] [protein_id=EGP91865.1] [location=complement(5667619..5671029)] [gbkey=CDS]",0.5332725615314494
"lcl|CM001196.1_cds_EGP91767.1_1887 [locus_tag=MYCGRDRAFT_98897] [db_xref=InterPro:IPR008883,JGIDB:Mycgr3_98897] [protein=hypothetical protein] [protein_id=EGP91767.1] [location=join(5671959..5672009,5672069..5672732,5672793..5672830,5672981..5673694)] [gbkey=CDS]",0.391578947368421
"lcl|CM001196.1_cds_EGP91864.1_1888 [locus_tag=MYCGRDRAFT_67546] [db_xref=InterPro:IPR001853,JGIDB:Mycgr3_67546] [protein=hypothetical protein] [protein_id=EGP91864.1] [location=complement(5673731..5674411)] [gbkey=CDS]",0.5570776255707762
"lcl|CM001196.1_cds_EGP91863.1_1889 [locus_tag=MYCGRDRAFT_67551] [db_xref=InterPro:IPR001452,InterPro:IPR004148,InterPro:IPR011511,JGIDB:Mycgr3_67551] [protein=hypothetical protein] [protein_id=EGP91863.1] [location=complement(join(5675148..5676422,5676495..5676530))] [gbkey=CDS]",0.541371158392435
"lcl|CM001196.1_cds_EGP91768.1_1890 [locus_tag=MYCGRDRAFT_67552] [db_xref=InterPro:IPR000192,JGIDB:Mycgr3_67552] [protein=hypothetical protein] [protein_id=EGP91768.1] [location=join(5685074..5686180,5686372..5686794)] [gbkey=CDS]",0.5112474437627812
"lcl|CM001196.1_cds_EGP91769.1_1891 [locus_tag=MYCGRDRAFT_98901] [db_xref=InterPro:IPR004908,JGIDB:Mycgr3_98901] [protein=hypothetical protein] [protein_id=EGP91769.1] [location=join(5687130..5687427,5687484..5688640)] [gbkey=CDS]",0.5735607675906184
"lcl|CM001196.1_cds_EGP91770.1_1892 [locus_tag=MYCGRDRAFT_90236] [db_xref=JGIDB:Mycgr3_90236] [protein=signal peptide-containing protein] [protein_id=EGP91770.1] [location=join(5689040..5689136,5689189..5689466)] [gbkey=CDS]",0.5
"lcl|CM001196.1_cds_EGP91862.1_1893 [locus_tag=MYCGRDRAFT_90237] [db_xref=JGIDB:Mycgr3_90237] [protein=hypothetical protein] [protein_id=EGP91862.1] [location=complement(join(5690302..5691549,5691733..5691845,5692062..5692305))] [gbkey=CDS]",0.5230769230769231
"lcl|CM001196.1_cds_EGP91861.1_1894 [locus_tag=MYCGRDRAFT_34379] [db_xref=JGIDB:Mycgr3_34379] [protein=hypothetical protein] [protein_id=EGP91861.1] [location=complement(join(5694344..5694431,5694542..5694602,5694664..5695258,5695298..5696180,5696243..5696673))] [gbkey=CDS]",0.48875562218890556
"lcl|CM001196.1_cds_EGP91860.1_1895 [locus_tag=MYCGRDRAFT_67558] [db_xref=JGIDB:Mycgr3_67558] [protein=hypothetical protein] [protein_id=EGP91860.1] [location=complement(join(5697672..5698288,5698339..5698573))] [gbkey=CDS]",0.5018315018315018
"lcl|CM001196.1_cds_EGP91772.1_1897 [locus_tag=MYCGRDRAFT_98903] [db_xref=InterPro:IPR001155,JGIDB:Mycgr3_98903] [protein=hypothetical protein] [protein_id=EGP91772.1] [location=join(5700198..5700471,5700563..5701279,5701336..5701691)] [gbkey=CDS]",0.5953488372093023
"lcl|CM001196.1_cds_EGP91774.1_1899 [locus_tag=MYCGRDRAFT_32282] [db_xref=InterPro:IPR001395,JGIDB:Mycgr3_32282] [protein=hypothetical protein] [protein_id=EGP91774.1] [location=join(5710119..5710256,5710310..5711110)] [gbkey=CDS]",0.5886287625418061
lcl|CM001196.1_cds_EGP91776.1_1901 [locus_tag=MYCGRDRAFT_90244] [db_xref=JGIDB:Mycgr3_90244] [protein=hypothetical protein] [protein_id=EGP91776.1] [location=5717338..5719362] [gbkey=CDS],0.4785276073619632
"lcl|CM001196.1_cds_EGP91778.1_1904 [locus_tag=MYCGRDRAFT_84315] [db_xref=InterPro:IPR001202,InterPro:IPR002713,JGIDB:Mycgr3_84315] [protein=hypothetical protein] [protein_id=EGP91778.1] [location=join(5727972..5728368,5728426..5730293,5730362..5730472)] [gbkey=CDS]",0.6047120418848168
"lcl|CM001196.1_cds_EGP91858.1_1905 [locus_tag=MYCGRDRAFT_219383] [db_xref=InterPro:IPR001450,InterPro:IPR003439,InterPro:IPR007209,JGIDB:Mycgr3_219383] [protein=ABC transporter domain-containing protein] [protein_id=EGP91858.1] [location=complement(join(5731623..5732718,5732775..5732871,5732927..5733094,5733151..5733558,5733683..5733714,5733772..5733791))] [gbkey=CDS]",0.66723259762309
"lcl|CM001196.1_cds_EGP91779.1_1906 [locus_tag=MYCGRDRAFT_67576] [db_xref=InterPro:IPR000330,InterPro:IPR000953,InterPro:IPR001650,JGIDB:Mycgr3_67576] [protein=SNF2 family DNA-dependent chromodomain-containing ATPase] [protein_id=EGP91779.1] [location=join(5735098..5735310,5735363..5735406,5735451..5735533,5735600..5735932,5735981..5736027,5736087..5740103)] [gbkey=CDS]",0.5641025641025641
"lcl|CM001196.1_cds_EGP91780.1_1907 [locus_tag=MYCGRDRAFT_34525] [db_xref=InterPro:IPR001765,JGIDB:Mycgr3_34525] [protein=hypothetical protein] [protein_id=EGP91780.1] [location=join(5740974..5741079,5741133..5741296,5741349..5741579)] [gbkey=CDS]",0.5900621118012422
"lcl|CM001196.1_cds_EGP91857.1_1908 [locus_tag=MYCGRDRAFT_90250] [db_xref=JGIDB:Mycgr3_90250] [protein=hypothetical protein] [protein_id=EGP91857.1] [location=complement(join(5742107..5742145,5742311..5742508,5742668..5743353,5743419..5743908))] [gbkey=CDS]",0.423841059602649
"lcl|CM001196.1_cds_EGP91782.1_1910 [locus_tag=MYCGRDRAFT_54508] [db_xref=InterPro:IPR001680,JGIDB:Mycgr3_54508] [protein=hypothetical protein] [protein_id=EGP91782.1] [location=5747600..5749687] [gbkey=CDS]",0.5052473763118441
"lcl|CM001196.1_cds_EGP91783.1_1911 [locus_tag=MYCGRDRAFT_67581] [db_xref=JGIDB:Mycgr3_67581] [protein=hypothetical protein] [protein_id=EGP91783.1] [location=join(5750045..5750189,5750240..5750709,5750755..5755140)] [gbkey=CDS]",0.44938271604938274
"lcl|CM001196.1_cds_EGP91856.1_1912 [locus_tag=MYCGRDRAFT_98906] [db_xref=JGIDB:Mycgr3_98906] [protein=hypothetical protein] [protein_id=EGP91856.1] [location=complement(join(5755197..5755559,5755638..5756234))] [gbkey=CDS]",0.48355263157894735
"lcl|CM001196.1_cds_EGP91855.1_1913 [locus_tag=MYCGRDRAFT_67588] [db_xref=InterPro:IPR002995,JGIDB:Mycgr3_67588] [protein=hypothetical protein] [protein_id=EGP91855.1] [location=complement(join(5756881..5757018,5757094..5757587,5757683..5757968))] [gbkey=CDS]",0.6228373702422145
lcl|CM001196.1_cds_EGP91854.1_1914 [locus_tag=MYCGRDRAFT_98908] [db_xref=JGIDB:Mycgr3_98908] [protein=hypothetical protein] [protein_id=EGP91854.1] [location=complement(5759270..5760505)] [gbkey=CDS],0.6115288220551378
"lcl|CM001196.1_cds_EGP91784.1_1915 [locus_tag=MYCGRDRAFT_98909] [db_xref=InterPro:IPR000719,JGIDB:Mycgr3_98909] [protein=hypothetical protein] [protein_id=EGP91784.1] [location=join(5761683..5761909,5761960..5762599,5762653..5763015)] [gbkey=CDS]",0.4086294416243655
"lcl|CM001196.1_cds_EGP91785.1_1916 [locus_tag=MYCGRDRAFT_98910] [db_xref=JGIDB:Mycgr3_98910] [protein=hypothetical protein] [protein_id=EGP91785.1] [location=join(5770227..5770314,5770366..5770407,5770463..5770515,5770583..5771079,5771158..5772469)] [gbkey=CDS]",0.47641509433962265
"lcl|CM001196.1_cds_EGP91853.1_1917 [locus_tag=MYCGRDRAFT_33514] [db_xref=JGIDB:Mycgr3_33514] [protein=hypothetical protein] [protein_id=EGP91853.1] [location=complement(join(5776946..5777149,5777243..5777317))] [gbkey=CDS]",0.7272727272727273
"lcl|CM001196.1_cds_EGP91852.1_1918 [locus_tag=MYCGRDRAFT_102977] [db_xref=InterPro:IPR004841,JGIDB:Mycgr3_102977] [protein=hypothetical protein] [protein_id=EGP91852.1] [location=complement(join(5777741..5778815,5778870..5779004,5779233..5779329,5779387..5779494,5779548..5779848))] [gbkey=CDS]",0.7171903881700554
lcl|CM001196.1_cds_EGP91851.1_1919 [locus_tag=MYCGRDRAFT_102980] [db_xref=JGIDB:Mycgr3_102980] [protein=hypothetical protein] [protein_id=EGP91851.1] [location=complement(5781803..5782309)] [gbkey=CDS],0.4451219512195122
lcl|CM001196.1_cds_EGP91850.1_1920 [locus_tag=MYCGRDRAFT_90261] [db_xref=JGIDB:Mycgr3_90261] [protein=hypothetical protein] [protein_id=EGP91850.1] [location=complement(5786068..5788755)] [gbkey=CDS],0.5081585081585082
"lcl|CM001196.1_cds_EGP91786.1_1921 [locus_tag=MYCGRDRAFT_90262] [db_xref=JGIDB:Mycgr3_90262] [protein=signal peptide-containing protein] [protein_id=EGP91786.1] [location=join(5790864..5790996,5791523..5791662,5792068..5792208)] [gbkey=CDS]",0.5746268656716418
lcl|CM001196.1_cds_EGP91849.1_1922 [locus_tag=MYCGRDRAFT_102982] [db_xref=JGIDB:Mycgr3_102982] [protein=hypothetical protein] [protein_id=EGP91849.1] [location=complement(5795577..5795897)] [gbkey=CDS],0.41346153846153844
"lcl|CM001196.1_cds_EGP91787.1_1923 [locus_tag=MYCGRDRAFT_107781] [db_xref=JGIDB:Mycgr3_107781] [protein=hypothetical protein] [protein_id=EGP91787.1] [location=join(5798140..5798423,5798477..5798880,5798940..5799275,5799333..5800204)] [gbkey=CDS]",0.704
lcl|CM001196.1_cds_EGP91848.1_1924 [locus_tag=MYCGRDRAFT_107782] [db_xref=JGIDB:Mycgr3_107782] [protein=hypothetical protein] [protein_id=EGP91848.1] [location=complement(5802037..5803245)] [gbkey=CDS],0.49104859335038364
"lcl|CM001196.1_cds_EGP91788.1_1925 [locus_tag=MYCGRDRAFT_54524] [db_xref=InterPro:IPR002110,JGIDB:Mycgr3_54524] [protein=hypothetical protein] [protein_id=EGP91788.1] [location=join(5803517..5803574,5803633..5804294)] [gbkey=CDS]",0.5536480686695279
lcl|CM001196.1_cds_EGP91790.1_1927 [locus_tag=MYCGRDRAFT_102983] [db_xref=JGIDB:Mycgr3_102983] [protein=hypothetical protein] [protein_id=EGP91790.1] [location=5811075..5811239] [gbkey=CDS],0.6037735849056604
"lcl|CM001196.1_cds_EGP91791.1_1928 [locus_tag=MYCGRDRAFT_90268] [db_xref=JGIDB:Mycgr3_90268] [protein=hypothetical protein] [protein_id=EGP91791.1] [location=join(5813976..5813978,5814045..5814902)] [gbkey=CDS]",0.5181159420289855
lcl|CM001196.1_cds_EGP91847.1_1929 [locus_tag=MYCGRDRAFT_67605] [db_xref=JGIDB:Mycgr3_67605] [protein=hypothetical protein] [protein_id=EGP91847.1] [location=complement(5816821..5820453)] [gbkey=CDS],0.4288164665523156
"lcl|CM001196.1_cds_EGP91792.1_1930 [locus_tag=MYCGRDRAFT_102985] [db_xref=JGIDB:Mycgr3_102985] [protein=hypothetical protein] [protein_id=EGP91792.1] [location=join(5820733..5820807,5820864..5820941,5820999..5821067)] [gbkey=CDS]",0.4305555555555556
lcl|CM001196.1_cds_EGP91793.1_1932 [locus_tag=MYCGRDRAFT_102988] [db_xref=JGIDB:Mycgr3_102988] [protein=hypothetical protein] [protein_id=EGP91793.1] [location=5823870..5824112] [gbkey=CDS],0.5194805194805194
"lcl|CM001196.1_cds_EGP91845.1_1933 [locus_tag=MYCGRDRAFT_98919] [db_xref=JGIDB:Mycgr3_98919] [protein=hypothetical protein] [protein_id=EGP91845.1] [location=complement(join(5824553..5824621,5824672..5825652,5825781..5826383))] [gbkey=CDS]",0.4739776951672863
"lcl|CM001196.1_cds_EGP91844.1_1934 [locus_tag=MYCGRDRAFT_31787] [db_xref=InterPro:IPR002198,JGIDB:Mycgr3_31787] [protein=hypothetical protein] [protein_id=EGP91844.1] [location=complement(join(5826710..5826906,5826959..5827235,5827310..5827735))] [gbkey=CDS]",0.5950704225352113
lcl|CM001196.1_cds_EGP91795.1_1936 [locus_tag=MYCGRDRAFT_90273] [db_xref=JGIDB:Mycgr3_90273] [protein=hypothetical protein] [protein_id=EGP91795.1] [location=5829322..5829669] [gbkey=CDS],0.5242718446601942
"lcl|CM001196.1_cds_EGP91796.1_1937 [locus_tag=MYCGRDRAFT_117722] [db_xref=JGIDB:Mycgr3_117722] [protein=vacuolar sorting protein 9-like protein] [protein_id=EGP91796.1] [location=join(5830215..5832511,5832566..5832680)] [gbkey=CDS]",0.46084724005134786
"lcl|CM001196.1_cds_EGP91797.1_1938 [locus_tag=MYCGRDRAFT_67618] [db_xref=InterPro:IPR007248,JGIDB:Mycgr3_67618] [protein=hypothetical protein] [protein_id=EGP91797.1] [location=join(5833117..5833185,5833323..5833439,5833504..5833870,5833928..5834094,5834151..5834249)] [gbkey=CDS]",0.44357976653696496
"lcl|CM001196.1_cds_EGP91798.1_1939 [gene=PGK1] [locus_tag=MYCGRDRAFT_102990] [db_xref=InterPro:IPR001576,JGIDB:Mycgr3_102990] [protein=phosphoglycerate kinase] [protein_id=EGP91798.1] [location=join(5834679..5834744,5834846..5836036)] [gbkey=CDS]",0.6855036855036855
"lcl|CM001196.1_cds_EGP91799.1_1940 [locus_tag=MYCGRDRAFT_67622] [db_xref=JGIDB:Mycgr3_67622] [protein=hypothetical protein] [protein_id=EGP91799.1] [location=join(5837210..5837383,5837444..5839546)] [gbkey=CDS]",0.46740638002773927
"lcl|CM001196.1_cds_EGP91800.1_1941 [locus_tag=MYCGRDRAFT_107785] [db_xref=InterPro:IPR002641,JGIDB:Mycgr3_107785] [protein=hypothetical protein] [protein_id=EGP91800.1] [location=join(5840808..5840888,5840952..5842592)] [gbkey=CDS]",0.5045537340619308
"lcl|CM001196.1_cds_EGP91801.1_1942 [locus_tag=MYCGRDRAFT_90276] [db_xref=InterPro:IPR000182,JGIDB:Mycgr3_90276] [protein=hypothetical protein] [protein_id=EGP91801.1] [location=join(5843086..5843470,5843537..5843799)] [gbkey=CDS]",0.5175879396984925
"lcl|CM001196.1_cds_EGP91843.1_1943 [locus_tag=MYCGRDRAFT_90277] [db_xref=JGIDB:Mycgr3_90277] [protein=hypothetical protein] [protein_id=EGP91843.1] [location=complement(join(5843963..5844468,5844533..5846502,5846727..5847184,5847467..5847487,5847670..5847755,5848048..5848190,5848409..5848769,5848827..5849277))] [gbkey=CDS]",0.514751552795031
lcl|CM001196.1_cds_EGP91842.1_1944 [locus_tag=MYCGRDRAFT_90278] [db_xref=JGIDB:Mycgr3_90278] [protein=hypothetical protein] [protein_id=EGP91842.1] [location=complement(5850681..5853383)] [gbkey=CDS],0.48911798396334477
"lcl|CM001196.1_cds_EGP91803.1_1947 [locus_tag=MYCGRDRAFT_107787] [db_xref=JGIDB:Mycgr3_107787] [protein=hypothetical protein] [protein_id=EGP91803.1] [location=join(5860053..5860243,5860558..5860639,5860708..5862951)] [gbkey=CDS]",0.5583437892095358
"lcl|CM001196.1_cds_EGP91840.1_1948 [locus_tag=MYCGRDRAFT_54556] [db_xref=InterPro:IPR001610,JGIDB:Mycgr3_54556] [protein=K+-channel ERG-like protein] [protein_id=EGP91840.1] [location=complement(join(5864912..5865326,5865591..5865978,5866033..5866422,5866494..5867160))] [gbkey=CDS]",0.5082781456953642
lcl|CM001196.1_cds_EGP91804.1_1949 [locus_tag=MYCGRDRAFT_107789] [db_xref=JGIDB:Mycgr3_107789] [protein=hypothetical protein] [protein_id=EGP91804.1] [location=5870360..5874127] [gbkey=CDS],0.509090909090909
"lcl|CM001196.1_cds_EGP91805.1_1950 [locus_tag=MYCGRDRAFT_107790] [db_xref=JGIDB:Mycgr3_107790] [protein=hypothetical protein] [protein_id=EGP91805.1] [location=join(5875743..5876811,5877355..5877764)] [gbkey=CDS]",0.5783898305084746
lcl|CM001196.1_cds_EGP91806.1_1952 [locus_tag=MYCGRDRAFT_107791] [db_xref=JGIDB:Mycgr3_107791] [protein=hypothetical protein] [protein_id=EGP91806.1] [location=5880157..5881182] [gbkey=CDS],0.5253731343283582
"lcl|CM001196.1_cds_EGP91837.1_1954 [locus_tag=MYCGRDRAFT_67635] [db_xref=InterPro:IPR001440,JGIDB:Mycgr3_67635] [protein=hypothetical protein] [protein_id=EGP91837.1] [location=complement(join(5894666..5895156,5895213..5897286))] [gbkey=CDS]",0.5157004830917874
"lcl|CM001196.1_cds_EGP91836.1_1955 [locus_tag=MYCGRDRAFT_102996] [db_xref=JGIDB:Mycgr3_102996] [protein=hypothetical protein] [protein_id=EGP91836.1] [location=complement(join(5898366..5898530,5898586..5898912))] [gbkey=CDS]",0.5031446540880503
"lcl|CM001196.1_cds_EGP91835.1_1956 [locus_tag=MYCGRDRAFT_67639] [db_xref=JGIDB:Mycgr3_67639] [protein=hypothetical protein] [protein_id=EGP91835.1] [location=complement(join(5900175..5901281,5901331..5901381))] [gbkey=CDS]",0.5483870967741935
"lcl|CM001196.1_cds_EGP91834.1_1957 [locus_tag=MYCGRDRAFT_98925] [db_xref=InterPro:IPR000909,JGIDB:Mycgr3_98925] [protein=hypothetical protein] [protein_id=EGP91834.1] [location=complement(5902340..5903851)] [gbkey=CDS]",0.5409836065573771
"lcl|CM001196.1_cds_EGP91833.1_1958 [locus_tag=MYCGRDRAFT_67645] [db_xref=InterPro:IPR001327,JGIDB:Mycgr3_67645] [protein=hypothetical protein] [protein_id=EGP91833.1] [location=complement(join(5904459..5904596,5904653..5905693))] [gbkey=CDS]",0.5430809399477807
"lcl|CM001196.1_cds_EGP91832.1_1959 [locus_tag=MYCGRDRAFT_84343] [db_xref=InterPro:IPR001993,JGIDB:Mycgr3_84343] [protein=hypothetical protein] [protein_id=EGP91832.1] [location=complement(join(5906274..5907217,5907301..5907340))] [gbkey=CDS]",0.5078369905956113
"lcl|CM001196.1_cds_EGP91830.1_1961 [locus_tag=MYCGRDRAFT_34998] [db_xref=InterPro:IPR008901,JGIDB:Mycgr3_34998] [protein=hypothetical protein] [protein_id=EGP91830.1] [location=complement(join(5921183..5921316,5921377..5921597,5921688..5921937,5922029..5922215,5922291..5922383))] [gbkey=CDS]",0.5571955719557196
"lcl|CM001196.1_cds_EGP91807.1_1962 [locus_tag=MYCGRDRAFT_98927] [db_xref=InterPro:IPR002777,JGIDB:Mycgr3_98927] [protein=hypothetical protein] [frame=2] [partial=5'] [protein_id=EGP91807.1] [location=join(<5922812..5922842,5922898..5923064,5923140..5923302)] [gbkey=CDS]",0.5
"lcl|CM001196.1_cds_EGP91829.1_1963 [locus_tag=MYCGRDRAFT_107794] [db_xref=InterPro:IPR000938,InterPro:IPR001611,JGIDB:Mycgr3_107794] [protein=hypothetical protein] [protein_id=EGP91829.1] [location=complement(join(5923898..5925477,5925530..5925704))] [gbkey=CDS]",0.5360281195079086
"lcl|CM001196.1_cds_EGP91809.1_1965 [locus_tag=MYCGRDRAFT_90294] [db_xref=JGIDB:Mycgr3_90294] [protein=hypothetical protein] [protein_id=EGP91809.1] [location=join(5927085..5927471,5927533..5928180)] [gbkey=CDS]",0.5274390243902439
"lcl|CM001196.1_cds_EGP91828.1_1966 [locus_tag=MYCGRDRAFT_32667] [db_xref=InterPro:IPR000073,JGIDB:Mycgr3_32667] [protein=hypothetical protein] [protein_id=EGP91828.1] [location=complement(5928374..5929870)] [gbkey=CDS]",0.5189873417721519
"lcl|CM001196.1_cds_EGP91827.1_1967 [locus_tag=MYCGRDRAFT_33113] [db_xref=InterPro:IPR006035,JGIDB:Mycgr3_33113] [protein=hypothetical protein] [protein_id=EGP91827.1] [location=complement(5930451..5931671)] [gbkey=CDS]",0.5754475703324808
"lcl|CM001196.1_cds_EGP91826.1_1969 [locus_tag=MYCGRDRAFT_33703] [db_xref=JGIDB:Mycgr3_33703] [protein=integral membrane protein] [protein_id=EGP91826.1] [location=complement(join(5933884..5934495,5934552..5935445))] [gbkey=CDS]",0.5652173913043478
"lcl|CM001196.1_cds_EGP91822.1_1973 [locus_tag=MYCGRDRAFT_90301] [db_xref=InterPro:IPR002198,JGIDB:Mycgr3_90301] [protein=hypothetical protein] [protein_id=EGP91822.1] [location=complement(join(5955638..5955711,5955770..5955838,5955895..5956645,5956822..5957031))] [gbkey=CDS]",0.467966573816156
"lcl|CM001196.1_cds_EGP91811.1_1974 [locus_tag=MYCGRDRAFT_90302] [db_xref=JGIDB:Mycgr3_90302] [protein=hypothetical protein] [protein_id=EGP91811.1] [location=join(5957957..5958047,5958191..5958218,5958582..5958728,5958940..5959045)] [gbkey=CDS]",0.5
"lcl|CM001196.1_cds_EGP91812.1_1975 [gene=CYP-73] [locus_tag=MYCGRDRAFT_34026] [db_xref=InterPro:IPR001128,JGIDB:Mycgr3_34026] [protein=putative P450 monooxygenase] [protein_id=EGP91812.1] [location=join(5959664..5961022,5961181..5961363)] [gbkey=CDS]",0.4927835051546392
lcl|CM001196.1_cds_EGP91821.1_1976 [locus_tag=MYCGRDRAFT_107795] [db_xref=JGIDB:Mycgr3_107795] [protein=hypothetical protein] [protein_id=EGP91821.1] [location=complement(5979889..5982177)] [gbkey=CDS],0.5964673913043478
lcl|CM001196.1_cds_EGP91813.1_1977 [locus_tag=MYCGRDRAFT_67658] [db_xref=JGIDB:Mycgr3_67658] [protein=hypothetical protein] [protein_id=EGP91813.1] [location=5983516..5984691] [gbkey=CDS],0.4634146341463415
"lcl|CM001196.1_cds_EGP91814.1_1978 [gene=BTG] [locus_tag=MYCGRDRAFT_54587] [db_xref=InterPro:IPR001764,InterPro:IPR002772,JGIDB:Mycgr3_54587] [protein=beta glucosidase] [protein_id=EGP91814.1] [location=join(5985333..5986028,5986107..5986234,5986290..5987361)] [gbkey=CDS]",0.5408496732026143
lcl|CM001196.1_cds_EGP91815.1_1979 [locus_tag=MYCGRDRAFT_90306] [db_xref=JGIDB:Mycgr3_90306] [protein=hypothetical protein] [protein_id=EGP91815.1] [location=5988847..5989320] [gbkey=CDS],0.6143790849673203
"lcl|CM001196.1_cds_EGP91820.1_1980 [locus_tag=MYCGRDRAFT_98928] [db_xref=InterPro:IPR006662,JGIDB:Mycgr3_98928] [protein=hypothetical protein] [protein_id=EGP91820.1] [location=complement(join(5991252..5991326,5991389..5992132))] [gbkey=CDS]",0.5207547169811321
"lcl|CM001196.1_cds_EGP91816.1_1981 [locus_tag=MYCGRDRAFT_67666] [db_xref=InterPro:IPR007109,JGIDB:Mycgr3_67666] [protein=hypothetical protein] [protein_id=EGP91816.1] [location=join(5992500..5993273,5993333..5993566)] [gbkey=CDS]",0.5583596214511041
"lcl|CM001196.1_cds_EGP91817.1_1982 [locus_tag=MYCGRDRAFT_67669] [db_xref=InterPro:IPR004841,JGIDB:Mycgr3_67669] [protein=hypothetical protein] [protein_id=EGP91817.1] [location=join(5997306..5997712,5997773..5997901,5997957..5998469,5998528..5998766,5998822..5999318)] [gbkey=CDS]",0.6387900355871886
"lcl|CM001196.1_cds_EGP91818.1_1983 [locus_tag=MYCGRDRAFT_107800] [db_xref=InterPro:IPR008630,JGIDB:Mycgr3_107800] [protein=hypothetical protein] [protein_id=EGP91818.1] [location=join(6001610..6002066,6002119..6002407,6002470..6003568)] [gbkey=CDS]",0.5166374781085814
"lcl|CM001196.1_cds_EGP91819.1_1984 [locus_tag=MYCGRDRAFT_79161] [db_xref=JGIDB:Mycgr3_79161] [protein=hypothetical protein] [protein_id=EGP91819.1] [location=complement(join(6006196..6006264,6006336..6006407,6006494..6006559))] [gbkey=CDS]",0.5970149253731343
