seq_id	ENC	CAI	FOP	GC	GC3s	tAI
lcl|MCFH01000001.1_cds_ORX60739.1_1 [locus_tag=BCR36DRAFT_438714] [db_xref=JGIDB:Pirfi3_438714] [protein=hypothetical protein] [protein_id=ORX60739.1] [location=join(26739..26930,27778..28570,28728..28864)] [gbkey=CDS]	50.81438552175349	0.5519968373936927	0.41456582633053224	0.29301075268817206	0.2857142857142857	0.42932442216500083
lcl|MCFH01000001.1_cds_ORX60740.1_2 [locus_tag=BCR36DRAFT_365333] [db_xref=JGIDB:Pirfi3_365333] [protein=hypothetical protein] [protein_id=ORX60740.1] [location=join(29027..29334,29502..29682,29717..29728)] [gbkey=CDS]	41.25187683276014	0.7067019002006578	0.4049079754601227	0.2383838383838384	0.15950920245398773	0.42938183204177816
lcl|MCFH01000001.1_cds_ORX60741.1_3 [locus_tag=BCR36DRAFT_272354] [db_xref=JGIDB:Pirfi3_272354] [protein=hypothetical protein] [protein_id=ORX60741.1] [location=complement(100702..101625)] [gbkey=CDS]	47.86835226743209	0.6088768508787243	0.4533333333333333	0.3213507625272331	0.19666666666666666	0.4392177203679841
lcl|MCFH01000001.1_cds_ORX60742.1_4 [locus_tag=BCR36DRAFT_438862] [db_xref=JGIDB:Pirfi3_438862] [protein=hypothetical protein] [protein_id=ORX60742.1] [location=complement(112928..113851)] [gbkey=CDS]	41.48412233696815	0.7301467470669888	0.43521594684385384	0.24074074074074073	0.09966777408637874	0.4412931523220033
lcl|MCFH01000001.1_cds_ORX60743.1_5 [locus_tag=BCR36DRAFT_438865] [db_xref=InterPro:IPR001878,JGIDB:Pirfi3_438865] [protein=hypothetical protein] [protein_id=ORX60743.1] [location=complement(114164..114832)] [gbkey=CDS]	45.33330016681687	0.7462428216832527	0.3411214953271028	0.21568627450980393	0.13551401869158877	0.43488110175983946
lcl|MCFH01000001.1_cds_ORX60744.1_6 [locus_tag=BCR36DRAFT_340527] [db_xref=InterPro:IPR010472,InterPro:IPR010473,InterPro:IPR015425,JGIDB:Pirfi3_340527] [protein=FH2-domain-containing protein] [protein_id=ORX60744.1] [location=complement(join(190620..193495,193538..194246,194354..194998,195082..195831,195916..196158))] [gbkey=CDS]	38.170391676531466	0.7132315291385188	0.49940828402366866	0.3433007475560667	0.1289940828402367	0.4411758938649553
lcl|MCFH01000001.1_cds_ORX60746.1_8 [locus_tag=BCR36DRAFT_340536] [db_xref=InterPro:IPR000439,JGIDB:Pirfi3_340536] [protein=60S ribosomal protein L15] [protein_id=ORX60746.1] [location=complement(210823..211437)] [gbkey=CDS]	35.334479802078455	0.5381205754030011	0.8442211055276382	0.47126436781609193	0.4020100502512563	0.43391653636501604
lcl|MCFH01000001.1_cds_ORX60747.1_9 [locus_tag=BCR36DRAFT_407752] [db_xref=InterPro:IPR001715,JGIDB:Pirfi3_407752] [protein=hypothetical protein] [protein_id=ORX60747.1] [location=join(213868..213898,214190..214325,214456..214522,214600..214686,214809..214826,214925..215020,215104..215265)] [gbkey=CDS]	40.22916316836309	0.7167447286010499	0.675392670157068	0.34348561759729274	0.225130890052356	0.43423022920337806
lcl|MCFH01000001.1_cds_ORX60748.1_10 [locus_tag=BCR36DRAFT_407753] [db_xref=JGIDB:Pirfi3_407753] [protein=hypothetical protein] [protein_id=ORX60748.1] [location=join(217054..217383,217669..217720,217884..218151,218283..218504,218634..218685,218818..218958,219426..220103)] [gbkey=CDS]	42.33388611288051	0.73579512978639	0.40641711229946526	0.24237190558434082	0.14260249554367202	0.44192184776906673
lcl|MCFH01000001.1_cds_ORX60749.1_11 [locus_tag=BCR36DRAFT_340543] [db_xref=JGIDB:Pirfi3_340543] [protein=hypothetical protein] [protein_id=ORX60749.1] [location=complement(220899..221711)] [gbkey=CDS]	45.79993359494061	0.696764462218937	0.34615384615384615	0.23915737298636927	0.1423076923076923	0.43744786670155544
lcl|MCFH01000001.1_cds_ORX60750.1_12 [locus_tag=BCR36DRAFT_314513] [db_xref=InterPro:IPR002509,JGIDB:Pirfi3_314513] [protein=glycoside hydrolase/deacetylase] [protein_id=ORX60750.1] [location=join(223391..223538,223682..224601)] [gbkey=CDS]	37.5366057109544	0.8062565710089129	0.5087209302325582	0.3022598870056497	0.08430232558139535	0.443446880136336
lcl|MCFH01000001.1_cds_ORX60751.1_13 [locus_tag=BCR36DRAFT_393948] [db_xref=JGIDB:Pirfi3_393948] [protein=hypothetical protein] [protein_id=ORX60751.1] [location=complement(join(225490..226058,226821..226908))] [gbkey=CDS]	42.166701992283954	0.7633803656904969	0.4485981308411215	0.2764976958525346	0.09813084112149532	0.43436358661640984
lcl|MCFH01000001.1_cds_ORX60753.1_15 [locus_tag=BCR36DRAFT_407759] [db_xref=InterPro:IPR003959,InterPro:IPR015415,JGIDB:Pirfi3_407759] [protein=AAA-domain-containing protein] [protein_id=ORX60753.1] [location=complement(join(229584..229708,229847..229928,230033..230169,230343..230598,230714..230794,230932..231181,231311..231537,231682..231752,231909..232029,232204..232339,232520..232607,232769..232805))] [gbkey=CDS]	40.16893891471264	0.7501231083793486	0.4627450980392157	0.3102803738317757	0.10196078431372549	0.4429290390008192
lcl|MCFH01000001.1_cds_ORX60754.1_16 [locus_tag=BCR36DRAFT_314523] [db_xref=InterPro:IPR003439,InterPro:IPR010509,JGIDB:Pirfi3_314523] [protein=hypothetical protein] [protein_id=ORX60754.1] [location=join(238686..238884,239046..240696,240778..240878,241009..241247)] [gbkey=CDS]	38.542631895704524	0.7501713134513369	0.5098870056497176	0.30723443223443225	0.12570621468926554	0.4384670486033588
lcl|MCFH01000001.1_cds_ORX60755.1_17 [locus_tag=BCR36DRAFT_272715] [db_xref=InterPro:IPR007863,InterPro:IPR011765,JGIDB:Pirfi3_272715] [protein=hypothetical protein] [protein_id=ORX60755.1] [location=complement(join(243412..244372,244485..244738,244924..246158,246309..246599,246711..246771,246860..246892,246987..247123,247222..247277,247450..247473,247591..247643,247749..247940))] [gbkey=CDS]	37.21276125179703	0.7553506885727755	0.5535880708294502	0.3062898814949863	0.14725069897483692	0.43854602162272643
lcl|MCFH01000001.1_cds_ORX60756.1_18 [locus_tag=BCR36DRAFT_578840] [db_xref=InterPro:IPR006677,JGIDB:Pirfi3_578840] [protein=hypothetical protein] [protein_id=ORX60756.1] [location=complement(join(250050..250175,250252..250372,250444..250480,250555..250702,250913..251068))] [gbkey=CDS]	45.36080936210037	0.687503590215584	0.4148936170212766	0.2646048109965636	0.16489361702127658	0.43207258254486947
lcl|MCFH01000001.1_cds_ORX60757.1_19 [locus_tag=BCR36DRAFT_578841] [db_xref=JGIDB:Pirfi3_578841] [protein=hypothetical protein] [protein_id=ORX60757.1] [location=join(253116..253191,253277..253413,253526..253702,253819..253936,254019..254145,254232..254365,254454..254642,254751..254995,255112..255147)] [gbkey=CDS]	40.079062167011756	0.7542445621777534	0.4225	0.24249797242497972	0.1075	0.4361140817032006
lcl|MCFH01000001.1_cds_ORX60758.1_20 [locus_tag=BCR36DRAFT_578842] [db_xref=JGIDB:Pirfi3_578842] [protein=hypothetical protein] [protein_id=ORX60758.1] [location=complement(join(255350..255411,255526..255628,255732..255834,256017..256580,256690..256770,256846..256912,257015..258457,258530..258751,258850..258877,258982..259239,259364..259449,259566..259824))] [gbkey=CDS]	41.426911699537435	0.7355257303856226	0.42684063373718545	0.23058103975535169	0.14538676607642126	0.4363656176759333
lcl|MCFH01000001.1_cds_ORX60759.1_21 [locus_tag=BCR36DRAFT_340567] [db_xref=InterPro:IPR007244,JGIDB:Pirfi3_340567] [protein=Mak10-domain-containing protein] [protein_id=ORX60759.1] [location=join(260432..260477,260569..260636,260792..260920,261009..261173,261264..261417,261522..261592,261703..261841,261948..262024,262151..262234,262352..262414,262519..262704,262793..262891,262978..263037,263112..263239,263394..263607,263728..263904,264048..264350)] [gbkey=CDS]	38.646484757618566	0.7478890370577427	0.4240231548480463	0.24849327770050997	0.11432706222865413	0.4409636667493335
lcl|MCFH01000001.1_cds_ORX60760.1_22 [locus_tag=BCR36DRAFT_314540] [db_xref=InterPro:IPR002629,InterPro:IPR013215,JGIDB:Pirfi3_314540] [protein=5-methyltetrahydropteroyltriglutamate-homocysteine S-methyltransferase] [protein_id=ORX60760.1] [location=join(274147..274266,274476..276695)] [gbkey=CDS]	28.336649172832768	0.672448071284335	0.8764940239043825	0.3851756640959726	0.28419654714475434	0.4310706193194669
lcl|MCFH01000001.1_cds_ORX60761.1_23 [locus_tag=BCR36DRAFT_272920] [db_xref=JGIDB:Pirfi3_272920] [protein=hypothetical protein] [protein_id=ORX60761.1] [location=join(287822..288372,288613..288757,288835..288971,289089..289391,289529..290214,290315..290372,290464..290500,290602..290829)] [gbkey=CDS]	40.119468895043624	0.7422807429085471	0.4921540656205421	0.25993454885460493	0.14122681883024252	0.4386036335536414
lcl|MCFH01000001.1_cds_ORX60763.1_25 [locus_tag=BCR36DRAFT_670] [db_xref=InterPro:IPR001611,JGIDB:Pirfi3_670] [protein=L domain-like protein] [protein_id=ORX60763.1] [location=join(296527..296741,296867..296944,297075..297149,297242..297313,297397..297468,297575..297646,297763..297834,297968..298039,298147..298218,298301..298369,298553..298616)] [gbkey=CDS]	44.680237207265066	0.6892049675349244	0.39344262295081966	0.24379719525350593	0.13442622950819672	0.43857260720191
lcl|MCFH01000001.1_cds_ORX60764.1_26 [locus_tag=BCR36DRAFT_694] [db_xref=JGIDB:Pirfi3_694] [protein=hypothetical protein] [protein_id=ORX60764.1] [location=301476..303527] [gbkey=CDS]	41.610939128698845	0.7206781085900363	0.35435435435435436	0.260019550342131	0.13063063063063063	0.44872100545119276
lcl|MCFH01000001.1_cds_ORX60765.1_27 [locus_tag=BCR36DRAFT_698] [db_xref=InterPro:IPR007087,JGIDB:Pirfi3_698] [protein=hypothetical protein] [protein_id=ORX60765.1] [location=complement(join(305231..305379,305537..306200,306398..306532,306704..306921,307406..307568,307751..307954,308130..308149,308304..308547))] [gbkey=CDS]	45.051118571092154	0.712420765907877	0.3642611683848797	0.29201563372417644	0.12886597938144329	0.4341098371769717
lcl|MCFH01000001.1_cds_ORX60766.1_28 [locus_tag=BCR36DRAFT_407774] [db_xref=InterPro:IPR012423,JGIDB:Pirfi3_407774] [protein=CT20-domain-containing protein] [protein_id=ORX60766.1] [location=join(309324..309446,309652..309861,310276..310468,310681..310922)] [gbkey=CDS]	39.19298144813981	0.702087261096832	0.396	0.32020997375328086	0.1	0.47641637778285245
lcl|MCFH01000001.1_cds_ORX60767.1_29 [locus_tag=BCR36DRAFT_728] [db_xref=InterPro:IPR005609,JGIDB:Pirfi3_728] [protein=hypothetical protein] [protein_id=ORX60767.1] [location=complement(join(312014..312098,312190..312291,312390..312448,312906..312908))] [gbkey=CDS]	44.510947757102755	0.6308091338778006	0.7875	0.4279835390946502	0.2875	0.42832149652891566
lcl|MCFH01000001.1_cds_ORX60768.1_30 [locus_tag=BCR36DRAFT_743] [db_xref=InterPro:IPR017442,JGIDB:Pirfi3_743] [protein=serine/threonine kinase 25a] [protein_id=ORX60768.1] [location=join(316145..316220,316364..316394,316541..316751,316882..316993,317161..317318,317413..317628)] [gbkey=CDS]	41.08812422763765	0.736919802722767	0.4362934362934363	0.2719298245614035	0.11583011583011583	0.4381138767723931
lcl|MCFH01000001.1_cds_ORX60771.1_33 [locus_tag=BCR36DRAFT_314557] [db_xref=InterPro:IPR001202,InterPro:IPR002713,JGIDB:Pirfi3_314557] [protein=hypothetical protein] [protein_id=ORX60771.1] [location=join(325394..325408,325755..325838,325946..326056,326136..326244,326340..326421,326518..326710,326844..326981,327113..327204,327296..327407,327492..327980,328132..328245,328372..328509,328606..328698,328868..329065)] [gbkey=CDS]	38.43816107288513	0.7671204909088951	0.5071542130365659	0.2976554536187564	0.11446740858505565	0.446046337042423
lcl|MCFH01000001.1_cds_ORX60772.1_34 [locus_tag=BCR36DRAFT_401100] [db_xref=InterPro:IPR007109,JGIDB:Pirfi3_401100] [protein=ribosome production factor 2] [protein_id=ORX60772.1] [location=join(329891..329904,330232..330258,330404..330509,330638..330874,331138..331506,331668..331733,331903..332016)] [gbkey=CDS]	38.15669933386471	0.7830619032477246	0.6476510067114094	0.2988133764832794	0.17114093959731544	0.43549911297242805
lcl|MCFH01000001.1_cds_ORX60773.1_35 [locus_tag=BCR36DRAFT_407779] [db_xref=JGIDB:Pirfi3_407779] [protein=hypothetical protein] [protein_id=ORX60773.1] [location=complement(332626..333708)] [gbkey=CDS]	46.172744363716866	0.7023965845994313	0.36079545454545453	0.23862581244196843	0.14772727272727273	0.43669621940073666
lcl|MCFH01000001.1_cds_ORX60774.1_36 [locus_tag=BCR36DRAFT_407780] [db_xref=JGIDB:Pirfi3_407780] [protein=hypothetical protein] [protein_id=ORX60774.1] [location=join(336766..336945,337024..337134,337250..337399,337513..337728,337947..338069,338159..338277,338450..338633,338759..338929,339044..339310)] [gbkey=CDS]	41.27108747229705	0.7427409250300311	0.46356275303643724	0.23036303630363036	0.12348178137651822	0.4369060674759257
lcl|MCFH01000001.1_cds_ORX60775.1_37 [locus_tag=BCR36DRAFT_340600] [db_xref=InterPro:IPR001680,JGIDB:Pirfi3_340600] [protein=mitotic checkpoint protein BUB3-like protein] [protein_id=ORX60775.1] [location=join(339805..339912,340216..340346,340437..340519,340721..340975,341137..341293,341430..341609,341733..341805)] [gbkey=CDS]	40.77109553926545	0.7367379371663729	0.4056603773584906	0.3149847094801223	0.12264150943396226	0.43514239594192744
lcl|MCFH01000001.1_cds_ORX60776.1_38 [locus_tag=BCR36DRAFT_578856] [db_xref=InterPro:IPR000297,JGIDB:Pirfi3_578856] [protein=FKBP-like protein] [protein_id=ORX60776.1] [location=complement(join(342237..342254,342340..342387,342480..342517,342584..342605,342710..342781,342878..342925,343054..343074,343250..343311,343427..343490))] [gbkey=CDS]	42.008415090385355	0.6942194067552451	0.6935483870967742	0.40310077519379844	0.22580645161290322	0.4357527712021939
lcl|MCFH01000001.1_cds_ORX60777.1_39 [locus_tag=BCR36DRAFT_407782] [db_xref=InterPro:IPR010347,JGIDB:Pirfi3_407782] [protein=tyrosyl-DNA phosphodiesterase] [protein_id=ORX60777.1] [location=join(343983..344097,344527..344588,344705..344842,344923..344961,345055..345070,345182..345234,345310..345531,345656..345723,345814..345895,345981..346123,346259..346397,346531..346686,346769..346996)] [gbkey=CDS]	42.84703158935822	0.7005195895740959	0.3869565217391304	0.2907216494845361	0.13478260869565217	0.4387662770065822
lcl|MCFH01000001.1_cds_ORX60778.1_40 [locus_tag=BCR36DRAFT_273673] [db_xref=InterPro:IPR003008,InterPro:IPR008280,JGIDB:Pirfi3_273673] [protein=tubulin-domain-containing protein] [protein_id=ORX60778.1] [location=complement(join(347607..347703,347851..347966,348133..348294,348408..348554,348668..348820,348908..348994,349087..349287,349383..349565,349712..349765,349903..350015,350623..350671))] [gbkey=CDS]	39.057049850401526	0.7664661342469548	0.5148741418764302	0.31784660766961653	0.10297482837528604	0.4416652520425554
lcl|MCFH01000001.1_cds_ORX60779.1_41 [locus_tag=BCR36DRAFT_578859] [db_xref=JGIDB:Pirfi3_578859] [protein=hypothetical protein] [protein_id=ORX60779.1] [location=351197..351361] [gbkey=CDS]	51.784493040932965	0.7230934444724211	0.45098039215686275	0.23270440251572327	0.11764705882352941	0.43407372539406786
lcl|MCFH01000001.1_cds_ORX60780.1_42 [locus_tag=BCR36DRAFT_393969] [db_xref=InterPro:IPR002110,JGIDB:Pirfi3_393969] [protein=ankyrin] [protein_id=ORX60780.1] [location=join(351467..351712,351754..352111,352146..352249)] [gbkey=CDS]	44.05589809226666	0.7102184255108747	0.4248927038626609	0.2207977207977208	0.14163090128755365	0.43251389075455376
lcl|MCFH01000001.1_cds_ORX60781.1_43 [locus_tag=BCR36DRAFT_578860] [db_xref=JGIDB:Pirfi3_578860] [protein=hypothetical protein] [protein_id=ORX60781.1] [location=complement(353852..354037)] [gbkey=CDS]	41.85710385383463	0.7061174770407544	0.8	0.3888888888888889	0.21666666666666667	0.431483265245592
lcl|MCFH01000001.1_cds_ORX60782.1_44 [locus_tag=BCR36DRAFT_578861] [db_xref=InterPro:IPR001440,JGIDB:Pirfi3_578861] [protein=TPR-like protein] [protein_id=ORX60782.1] [location=join(355744..355933,356198..356511,356648..356791,356942..357397)] [gbkey=CDS]	35.72681900456535	0.7768944540805016	0.6564245810055865	0.29690346083788705	0.17318435754189945	0.4331695085718198
lcl|MCFH01000001.1_cds_ORX60783.1_45 [locus_tag=BCR36DRAFT_340617] [db_xref=InterPro:IPR013332,InterPro:IPR013752,JGIDB:Pirfi3_340617] [protein=ApbA-domain-containing protein] [protein_id=ORX60783.1] [location=join(358135..358401,358702..359700)] [gbkey=CDS]	39.275889383919115	0.7595132475546387	0.47572815533980584	0.28015873015873016	0.12135922330097088	0.4468789696035758
lcl|MCFH01000001.1_cds_ORX60785.1_47 [locus_tag=BCR36DRAFT_578863] [db_xref=InterPro:IPR001002,InterPro:IPR002509,JGIDB:Pirfi3_578863] [protein=glycoside hydrolase/deacetylase] [protein_id=ORX60785.1] [location=371920..372924] [gbkey=CDS]	38.753718444431556	0.7710049513848456	0.4751552795031056	0.32432432432432434	0.12422360248447205	0.43941034127323597
lcl|MCFH01000001.1_cds_ORX60786.1_48 [locus_tag=BCR36DRAFT_314594] [db_xref=InterPro:IPR002509,JGIDB:Pirfi3_314594] [protein=glycoside hydrolase/deacetylase] [protein_id=ORX60786.1] [location=join(375667..375918,376052..376282,376388..376885)] [gbkey=CDS]	41.14967860970321	0.7277678525361407	0.47318611987381703	0.2953846153846154	0.12618296529968454	0.4391024980306964
lcl|MCFH01000001.1_cds_ORX60787.1_49 [locus_tag=BCR36DRAFT_314598] [db_xref=InterPro:IPR002509,JGIDB:Pirfi3_314598] [protein=hypothetical protein] [protein_id=ORX60787.1] [location=complement(join(377564..379243,379367..379594,379699..379941))] [gbkey=CDS]	35.592970602038	0.8043861716646008	0.5800561797752809	0.3123543123543124	0.11235955056179775	0.44785882928512005
lcl|MCFH01000001.1_cds_ORX60788.1_50 [locus_tag=BCR36DRAFT_314601] [db_xref=InterPro:IPR002509,JGIDB:Pirfi3_314601] [protein=glycoside hydrolase/deacetylase] [protein_id=ORX60788.1] [location=complement(join(383047..384498,384671..384898,385007..385243))] [gbkey=CDS]	41.51244562115963	0.7241854396202191	0.43740095087163233	0.27472527472527475	0.16323296354992076	0.43665416458501355
lcl|MCFH01000001.1_cds_ORX60789.1_51 [locus_tag=BCR36DRAFT_578867] [db_xref=InterPro:IPR001002,InterPro:IPR002509,JGIDB:Pirfi3_578867] [protein=glycoside hydrolase/deacetylase] [protein_id=ORX60789.1] [location=388224..389717] [gbkey=CDS]	36.96549272148655	0.7154709956218189	0.628099173553719	0.3696236559139785	0.2190082644628099	0.43473639663134994
lcl|MCFH01000001.1_cds_ORX60790.1_52 [locus_tag=BCR36DRAFT_272815] [db_xref=InterPro:IPR000219,InterPro:IPR000591,InterPro:IPR001180,JGIDB:Pirfi3_272815] [protein=hypothetical protein] [protein_id=ORX60790.1] [location=complement(join(390840..391624,391768..393270,393446..393914))] [gbkey=CDS]	39.074436322781416	0.7247615961328997	0.5027932960893855	0.30025445292620867	0.16759776536312848	0.4354481393192582
lcl|MCFH01000001.1_cds_ORX60791.1_53 [locus_tag=BCR36DRAFT_314611] [db_xref=InterPro:IPR001179,JGIDB:Pirfi3_314611] [protein=hypothetical protein] [protein_id=ORX60791.1] [location=join(400192..400293,400620..400838,401003..401071,401200..401308,401399..401482,401601..401640,401763..401817)] [gbkey=CDS]	37.68508143796523	0.7389220430899276	0.75	0.36160714285714285	0.21363636363636362	0.43127160136227793
lcl|MCFH01000001.1_cds_ORX60792.1_54 [locus_tag=BCR36DRAFT_365383] [db_xref=JGIDB:Pirfi3_365383] [protein=hypothetical protein] [protein_id=ORX60792.1] [location=join(402407..402523,402607..403224)] [gbkey=CDS]	44.49013492261408	0.7899926714916384	0.4025423728813559	0.2112482853223594	0.11016949152542373	0.4351780512972797
lcl|MCFH01000001.1_cds_ORX60794.1_56 [locus_tag=BCR36DRAFT_407796] [db_xref=JGIDB:Pirfi3_407796] [protein=hypothetical protein] [protein_id=ORX60794.1] [location=join(408802..409215,409310..409687,409794..410129)] [gbkey=CDS]	44.72587079863135	0.7100426699035408	0.36885245901639346	0.23796791443850268	0.1448087431693989	0.43644220911033066
lcl|MCFH01000001.1_cds_ORX60795.1_57 [locus_tag=BCR36DRAFT_401117] [db_xref=InterPro:IPR005834,InterPro:IPR008250,JGIDB:Pirfi3_401117] [protein=phospholipid-translocating P-type ATPase] [protein_id=ORX60795.1] [location=join(413179..413260,413487..413549,413672..417807)] [gbkey=CDS]	39.36347852286453	0.7036346977038838	0.5138282387190685	0.3169590643274854	0.1804949053857351	0.4387593718729388
lcl|MCFH01000001.1_cds_ORX60796.1_58 [locus_tag=BCR36DRAFT_439047] [db_xref=JGIDB:Pirfi3_439047] [protein=hypothetical protein] [protein_id=ORX60796.1] [location=419800..420204] [gbkey=CDS]	45.23062336929607	0.6779178717744792	0.47692307692307695	0.3057644110275689	0.16153846153846155	0.4304067843331469
lcl|MCFH01000001.1_cds_ORX60797.1_59 [locus_tag=BCR36DRAFT_340647] [db_xref=InterPro:IPR006059,JGIDB:Pirfi3_340647] [protein=periplasmic binding protein-like II] [protein_id=ORX60797.1] [location=join(422209..422257,422426..422802,422896..423067,423194..423337,423451..424946)] [gbkey=CDS]	42.05372984008478	0.7128063724632985	0.41274238227146814	0.2585125448028674	0.13988919667590027	0.4425171354568886
lcl|MCFH01000001.1_cds_ORX60798.1_60 [locus_tag=BCR36DRAFT_578872] [db_xref=InterPro:IPR002110,JGIDB:Pirfi3_578872] [protein=ankyrin] [protein_id=ORX60798.1] [location=complement(425964..427361)] [gbkey=CDS]	41.78518633652564	0.7348367921305139	0.4250559284116331	0.2435344827586207	0.12751677852348994	0.4361973753531132
lcl|MCFH01000001.1_cds_ORX60799.1_61 [locus_tag=BCR36DRAFT_407800] [db_xref=InterPro:IPR007854,JGIDB:Pirfi3_407800] [protein=Fip1-domain-containing protein] [protein_id=ORX60799.1] [location=join(487389..487446,487572..487593,487752..487944,488030..488073,488170..488204,488304..488423,488501..488613,488742..488862,488956..489037,489137..489228,489325..489365,489448..489592,489702..490015,490152..490253)] [gbkey=CDS]	39.55358945353262	0.7672897783198435	0.36323851203501095	0.3035230352303523	0.09409190371991247	0.43628096941108857
lcl|MCFH01000001.1_cds_ORX60801.1_63 [locus_tag=BCR36DRAFT_407802] [db_xref=JGIDB:Pirfi3_407802] [protein=hypothetical protein] [protein_id=ORX60801.1] [location=join(493240..494270,494427..495081)] [gbkey=CDS]	42.61843679625904	0.713135749174064	0.4230769230769231	0.24821428571428572	0.12637362637362637	0.43779846320759547
lcl|MCFH01000001.1_cds_ORX60802.1_64 [locus_tag=BCR36DRAFT_273548] [db_xref=InterPro:IPR006953,JGIDB:Pirfi3_273548] [protein=hypothetical protein] [protein_id=ORX60802.1] [location=join(496210..496374,496464..496583,496805..496879,496969..497164,497334..497521,497650..497856,497962..498303,498435..498525,498630..498797,498888..499173,499312..499429,499518..499605,499862..499932,500056..500757)] [gbkey=CDS]	37.8942483693559	0.7678863065293904	0.5	0.26823194592671645	0.10326086956521739	0.43697934419227646
lcl|MCFH01000001.1_cds_ORX60803.1_65 [locus_tag=BCR36DRAFT_340660] [db_xref=InterPro:IPR006565,JGIDB:Pirfi3_340660] [protein=hypothetical protein] [protein_id=ORX60803.1] [location=complement(join(502100..502273,502378..502541,502685..502834,502945..503149))] [gbkey=CDS]	42.07527696977497	0.7251163605181923	0.3466666666666667	0.25181950509461426	0.10666666666666667	0.4379365492074918
lcl|MCFH01000001.1_cds_ORX60804.1_66 [locus_tag=BCR36DRAFT_272552] [db_xref=JGIDB:Pirfi3_272552] [protein=hypothetical protein] [protein_id=ORX60804.1] [location=complement(join(503562..503813,503915..504058))] [gbkey=CDS]	44.64152327145861	0.7406497888471998	0.472	0.2923076923076923	0.096	0.43854608006415774
lcl|MCFH01000001.1_cds_ORX60805.1_67 [locus_tag=BCR36DRAFT_365396] [db_xref=JGIDB:Pirfi3_365396] [protein=hypothetical protein] [protein_id=ORX60805.1] [location=complement(join(504139..504199,504342..504493,504620..504775))] [gbkey=CDS]	43.76302980535881	0.7547872490353507	0.43333333333333335	0.2644628099173554	0.11666666666666667	0.43415489039244226
lcl|MCFH01000001.1_cds_ORX60807.1_69 [locus_tag=BCR36DRAFT_578885] [db_xref=JGIDB:Pirfi3_578885] [protein=hypothetical protein] [protein_id=ORX60807.1] [location=join(507809..508883,509016..509078,509207..509428,509526..509648,509751..509839,509920..509956,510035..510064,510144..510242,510316..510396,510479..510489)] [gbkey=CDS]	41.72271758914722	0.7219338800546601	0.3973288814691152	0.22697368421052633	0.1335559265442404	0.4365641435088865
lcl|MCFH01000001.1_cds_ORX60808.1_70 [locus_tag=BCR36DRAFT_578886] [db_xref=InterPro:IPR003395,JGIDB:Pirfi3_578886] [protein=P-loop containing nucleoside triphosphate hydrolase protein] [protein_id=ORX60808.1] [location=join(510676..510717,510917..511369,511472..511586,511685..511790,511891..512027,512106..512248,512363..512515,512599..512685,512769..513103,513224..513302,513416..513665,513760..513895,514113..514206,514281..514646,514732..515007,515125..515265,515346..515461,515625..515724,515805..515963,516084..516257,516385..516482,516572..516656)] [gbkey=CDS]	39.99125709461786	0.7424926485909257	0.4546232876712329	0.26325913712558396	0.11643835616438356	0.4406439378239196
lcl|MCFH01000001.1_cds_ORX60809.1_71 [locus_tag=BCR36DRAFT_1442] [db_xref=JGIDB:Pirfi3_1442] [protein=hypothetical protein] [protein_id=ORX60809.1] [location=join(517936..517998,518296..518412,518497..518784,518878..519030)] [gbkey=CDS]	39.618945033877544	0.7111804314462504	0.4717948717948718	0.3382113821138211	0.12307692307692308	0.4352322673696535
lcl|MCFH01000001.1_cds_ORX60810.1_72 [locus_tag=BCR36DRAFT_272444] [db_xref=InterPro:IPR001313,JGIDB:Pirfi3_272444] [protein=ARM repeat-containing protein] [protein_id=ORX60810.1] [location=join(520211..520846,520959..521361,521635..521687)] [gbkey=CDS]	40.39030123523976	0.7510218606199888	0.46458923512747874	0.26519337016574585	0.11331444759206799	0.4392273894964834
lcl|MCFH01000001.1_cds_ORX60811.1_73 [locus_tag=BCR36DRAFT_578888] [db_xref=JGIDB:Pirfi3_578888] [protein=hypothetical protein] [protein_id=ORX60811.1] [location=523323..525944] [gbkey=CDS]	33.62858469026197	0.6615528862182345	0.8045292014302742	0.3486238532110092	0.300357568533969	0.43245524943667113
lcl|MCFH01000001.1_cds_ORX60812.1_74 [locus_tag=BCR36DRAFT_401130] [db_xref=InterPro:IPR002675,JGIDB:Pirfi3_401130] [protein=ribosomal protein L38e] [protein_id=ORX60812.1] [location=join(526206..526223,526834..526894,526991..527113,527208..527230)] [gbkey=CDS]	44.514795013535725	0.501580416593169	0.7671232876712328	0.365296803652968	0.4657534246575342	0.4330659880685742
lcl|MCFH01000001.1_cds_ORX60813.1_75 [locus_tag=BCR36DRAFT_272895] [db_xref=InterPro:IPR017442,JGIDB:Pirfi3_272895] [protein=kinase-like protein] [protein_id=ORX60813.1] [location=complement(join(527684..527845,527947..528212,528318..528441,528607..528677,528773..528981,529101..529281,529384..529513))] [gbkey=CDS]	43.93841402202064	0.7037897514214082	0.3924731182795699	0.27352682497801234	0.13172043010752688	0.4383726412964115
lcl|MCFH01000001.1_cds_ORX60814.1_76 [locus_tag=BCR36DRAFT_1542] [db_xref=JGIDB:Pirfi3_1542] [protein=hypothetical protein] [protein_id=ORX60814.1] [location=complement(529654..530277)] [gbkey=CDS]	43.472483661142284	0.7245790305680018	0.37745098039215685	0.2669902912621359	0.13725490196078433	0.43481324163505974
lcl|MCFH01000001.1_cds_ORX60815.1_77 [locus_tag=BCR36DRAFT_314656] [db_xref=JGIDB:Pirfi3_314656] [protein=hypothetical protein] [protein_id=ORX60815.1] [location=complement(join(532102..532672,532790..532863,532971..533059,533178..533289,533379..533479,533579..533669,533843..533967,534066..534231,534362..534603,534770..534853,534982..535121,535238..535293,535387..535424,535514..535615,535745..535803,535882..536540))] [gbkey=CDS]	37.038821320953005	0.7820749793678057	0.5149425287356322	0.28412874583795783	0.12528735632183907	0.4402178880717305
lcl|MCFH01000001.1_cds_ORX60816.1_78 [locus_tag=BCR36DRAFT_365405] [db_xref=InterPro:IPR002123,JGIDB:Pirfi3_365405] [protein=hypothetical protein] [protein_id=ORX60816.1] [location=join(538993..539134,539363..539481,539619..540017,540106..540153,540243..540324,540438..540494,540600..540838)] [gbkey=CDS]	38.53906219920769	0.784596349271686	0.49709302325581395	0.28425925925925927	0.11046511627906977	0.43879713365054734
lcl|MCFH01000001.1_cds_ORX60817.1_79 [locus_tag=BCR36DRAFT_340691] [db_xref=InterPro:IPR001849,JGIDB:Pirfi3_340691] [protein=hypothetical protein] [protein_id=ORX60817.1] [location=join(542213..542344,542489..542591,542775..542917,543151..543299,543474..543645,543780..544011,544240..544387,544532..544823,544919..544979,545091..545653)] [gbkey=CDS]	40.43892889582137	0.7382103206530276	0.4232558139534884	0.2654600301659125	0.11162790697674418	0.4362102061228299
lcl|MCFH01000001.1_cds_ORX60818.1_80 [locus_tag=BCR36DRAFT_1619] [db_xref=JGIDB:Pirfi3_1619] [protein=hypothetical protein] [protein_id=ORX60818.1] [location=join(552165..552198,552271..552336,552496..559781)] [gbkey=CDS]	38.66789553087243	0.7163569774677869	0.4578512396694215	0.30501355013550135	0.1524793388429752	0.438325629018536
lcl|MCFH01000001.1_cds_ORX60819.1_81 [locus_tag=BCR36DRAFT_401135] [db_xref=InterPro:IPR008144,JGIDB:Pirfi3_401135] [protein=guanylate kinase] [protein_id=ORX60819.1] [location=complement(join(561699..562162,562535..562636,562833..562845,563233..563244))] [gbkey=CDS]	36.2247480715943	0.7628856102427907	0.7731958762886598	0.35384615384615387	0.19072164948453607	0.4310689158698736
lcl|MCFH01000001.1_cds_ORX60820.1_82 [locus_tag=BCR36DRAFT_578893] [db_xref=InterPro:IPR001607,InterPro:IPR001841,InterPro:IPR011422,JGIDB:Pirfi3_578893] [protein=hypothetical protein] [protein_id=ORX60820.1] [location=565290..567776] [gbkey=CDS]	42.866375330848136	0.6940260185247911	0.4218362282878412	0.2664248286981056	0.16253101736972705	0.43573370822830826
lcl|MCFH01000001.1_cds_ORX60821.1_83 [locus_tag=BCR36DRAFT_340697] [db_xref=JGIDB:Pirfi3_340697] [protein=transcription initiation factor IIE, beta subunit] [protein_id=ORX60821.1] [location=join(568878..569052,569274..569350,569454..569594,569699..569812,569948..570053,570175..570243,570323..570369,570482..570589)] [gbkey=CDS]	44.69487420831326	0.7088366779406675	0.4889705882352941	0.27557160048134777	0.16544117647058823	0.44268814629420866
lcl|MCFH01000001.1_cds_ORX60822.1_84 [locus_tag=BCR36DRAFT_273725] [db_xref=InterPro:IPR004000,JGIDB:Pirfi3_273725] [protein=actin-like ATPase domain-containing protein] [protein_id=ORX60822.1] [location=complement(join(571259..571456,571882..572463))] [gbkey=CDS]	45.13933183762944	0.6692655577852392	0.43478260869565216	0.2868217054263566	0.1422924901185771	0.4342365904127537
lcl|MCFH01000001.1_cds_ORX60823.1_85 [locus_tag=BCR36DRAFT_578895] [db_xref=JGIDB:Pirfi3_578895] [protein=hypothetical protein] [protein_id=ORX60823.1] [location=complement(join(577277..577478,577574..577680,577765..577878,577953..578067,578162..578841,579157..579339))] [gbkey=CDS]	43.13773419202648	0.715794804103789	0.40043763676148797	0.22867383512544803	0.13566739606126915	0.44143541673772313
lcl|MCFH01000001.1_cds_ORX60824.1_86 [locus_tag=BCR36DRAFT_407824] [db_xref=InterPro:IPR001374,JGIDB:Pirfi3_407824] [protein=hypothetical protein] [protein_id=ORX60824.1] [location=complement(join(581158..581438,581634..581858,581941..582941,583087..583227,583320..583542,583697..583895))] [gbkey=CDS]	40.006092497253746	0.7414535564607605	0.3556547619047619	0.23255813953488372	0.12797619047619047	0.4394425363663078
lcl|MCFH01000001.1_cds_ORX60825.1_87 [locus_tag=BCR36DRAFT_578898] [db_xref=JGIDB:Pirfi3_578898] [protein=hypothetical protein] [protein_id=ORX60825.1] [location=join(585339..585440,585549..585612,585722..585963,586053..586365,586442..586800,586880..587215)] [gbkey=CDS]	40.1605464235687	0.7354397788371516	0.4606986899563319	0.25390070921985813	0.12663755458515283	0.43816164382393735
lcl|MCFH01000001.1_cds_ORX60826.1_88 [locus_tag=BCR36DRAFT_340704] [db_xref=InterPro:IPR001452,JGIDB:Pirfi3_340704] [protein=hypothetical protein] [protein_id=ORX60826.1] [location=join(587973..588266,588428..588524,588713..589228,589283..589672,589761..589868,589955..590239,590327..590425,590513..590901)] [gbkey=CDS]	36.51731375321353	0.7580882920024499	0.5738880918220947	0.38029465930018413	0.09182209469153516	0.4423067480294952
lcl|MCFH01000001.1_cds_ORX60827.1_89 [locus_tag=BCR36DRAFT_439168] [db_xref=InterPro:IPR003439,JGIDB:Pirfi3_439168] [protein=hypothetical protein] [protein_id=ORX60827.1] [location=complement(591347..591820)] [gbkey=CDS]	43.75311591712259	0.7846563598644253	0.4473684210526316	0.23504273504273504	0.07894736842105263	0.4498542087406466
lcl|MCFH01000001.1_cds_ORX60828.1_90 [locus_tag=BCR36DRAFT_365417] [db_xref=JGIDB:Pirfi3_365417] [protein=hypothetical protein] [protein_id=ORX60828.1] [location=complement(join(592163..592378,593190..593303))] [gbkey=CDS]	46.75352692050618	0.7744153388755173	0.3490566037735849	0.23148148148148148	0.08490566037735849	0.44367259161352923
lcl|MCFH01000001.1_cds_ORX60829.1_91 [locus_tag=BCR36DRAFT_314676] [db_xref=InterPro:IPR014045,JGIDB:Pirfi3_314676] [protein=protein serine/threonine phosphatase 2C] [protein_id=ORX60829.1] [location=complement(join(594397..595045,595141..595866,595962..596725))] [gbkey=CDS]	37.62747559362572	0.7960487884736707	0.47919655667144906	0.2672292545710267	0.09182209469153516	0.4385344576885934
lcl|MCFH01000001.1_cds_ORX60830.1_92 [locus_tag=BCR36DRAFT_314682] [db_xref=InterPro:IPR007810,JGIDB:Pirfi3_314682] [protein=hypothetical protein] [protein_id=ORX60830.1] [location=complement(join(597991..598116,598230..598475,598560..598677,598774..598895,599011..599101,599228..599349,599446..599574,599696..599839,599965..600135,600253..600414,600502..600732,600868..601068,601201..601368,601511..601679,601779..601968,602072..602264,602453..602611,602764..602915,603044..603233,603456..603572))] [gbkey=CDS]	39.83006383658203	0.7478026336671032	0.470873786407767	0.26854460093896715	0.11844660194174757	0.4375289295848393
lcl|MCFH01000001.1_cds_ORX60831.1_93 [locus_tag=BCR36DRAFT_401144] [db_xref=InterPro:IPR005821,JGIDB:Pirfi3_401144] [protein=hypothetical protein] [protein_id=ORX60831.1] [location=join(604722..604867,605047..605164,605358..605670,605877..606121,606257..606388,606621..606749,606974..607131,607242..607314)] [gbkey=CDS]	41.057655607208545	0.7703683543862534	0.5060532687651331	0.268348623853211	0.13317191283292978	0.4363281327279142
lcl|MCFH01000001.1_cds_ORX60832.1_94 [locus_tag=BCR36DRAFT_407833] [db_xref=JGIDB:Pirfi3_407833] [protein=hypothetical protein] [protein_id=ORX60832.1] [location=complement(join(607973..608056,608199..608392,608595..608715,608864..608911,609035..609129,609248..609302,609477..609548,609676..609774,609885..609979,610101..610269,610417..610672,610778..610830,610947..611125,611307..611487,611582..611601,611848..612060,612173..612392,612531..612637,612854..612940,613131..613283,613543..613647,614067..614079))] [gbkey=CDS]	38.58578104102483	0.7750253725747541	0.49178403755868544	0.24913892078071181	0.10915492957746478	0.4371334394641185
lcl|MCFH01000001.1_cds_ORX60833.1_95 [locus_tag=BCR36DRAFT_578904] [db_xref=InterPro:IPR001452,JGIDB:Pirfi3_578904] [protein=hypothetical protein] [protein_id=ORX60833.1] [location=complement(615785..616552)] [gbkey=CDS]	34.712213654112816	0.7697411711913226	0.7580645161290323	0.35170603674540685	0.17338709677419356	0.43269858866107036
lcl|MCFH01000001.1_cds_ORX60834.1_96 [locus_tag=BCR36DRAFT_401146] [db_xref=InterPro:IPR001150,InterPro:IPR004184,JGIDB:Pirfi3_401146] [protein=formate C-acetyltransferase] [protein_id=ORX60834.1] [location=621794..624217] [gbkey=CDS]	34.84909872293704	0.6837279138269218	0.72	0.3999172870140612	0.24774193548387097	0.4341343239927518
lcl|MCFH01000001.1_cds_ORX60835.1_97 [locus_tag=BCR36DRAFT_340721] [db_xref=InterPro:IPR005097,JGIDB:Pirfi3_340721] [protein=Saccharopine dehydrogenase] [protein_id=ORX60835.1] [location=complement(join(631044..632061,632165..632402,632499..632584,632909..632922))] [gbkey=CDS]	31.520649879705815	0.6009013939953564	0.8348623853211009	0.42444444444444446	0.3348623853211009	0.4318426901870328
lcl|MCFH01000001.1_cds_ORX60836.1_98 [locus_tag=BCR36DRAFT_407837] [db_xref=JGIDB:Pirfi3_407837] [protein=hypothetical protein] [protein_id=ORX60836.1] [location=join(634665..634738,635125..635527,635842..638907,639064..645729,645875..646171)] [gbkey=CDS]	43.489338378020925	0.694536064469355	0.4262632197414806	0.2542857142857143	0.16774383078730906	0.4367913854563502
lcl|MCFH01000001.1_cds_ORX60837.1_99 [locus_tag=BCR36DRAFT_314698] [db_xref=InterPro:IPR006789,JGIDB:Pirfi3_314698] [protein=Arp2/3 complex 16 kDa subunit ARPC5] [protein_id=ORX60837.1] [location=join(646747..646871,647273..647348,647523..647699,647898..647960)] [gbkey=CDS]	43.5249449913075	0.7231855551043218	0.5845070422535211	0.3080459770114943	0.15492957746478872	0.4351596248185028
lcl|MCFH01000001.1_cds_ORX60838.1_100 [locus_tag=BCR36DRAFT_272421] [db_xref=InterPro:IPR013724,JGIDB:Pirfi3_272421] [protein=hypothetical protein] [protein_id=ORX60838.1] [location=join(650952..651087,651393..651481,651603..651679,652027..652220,652370..652452,652729..652833,652962..653284,653394..653781,654090..654282,654462..654622)] [gbkey=CDS]	39.92146930002553	0.7446797445733335	0.5272407732864675	0.3017785427423982	0.13884007029876977	0.4385460784172224
lcl|MCFH01000001.1_cds_ORX60839.1_101 [locus_tag=BCR36DRAFT_401152] [db_xref=InterPro:IPR001841,InterPro:IPR006845,JGIDB:Pirfi3_401152] [protein=hypothetical protein] [protein_id=ORX60839.1] [location=join(656506..656661,656793..656940,657119..657255,657351..657451,657543..657660,657796..658176)] [gbkey=CDS]	44.672616314295695	0.7213993223996112	0.39880952380952384	0.2463768115942029	0.13988095238095238	0.43413897449523686
lcl|MCFH01000001.1_cds_ORX60840.1_102 [locus_tag=BCR36DRAFT_578912] [db_xref=InterPro:IPR000504,JGIDB:Pirfi3_578912] [protein=RNA-binding domain-containing protein] [protein_id=ORX60840.1] [location=join(659861..659907,660034..660063,660648..660744,660880..660936,661114..661623)] [gbkey=CDS]	38.03059002057025	0.8162191240990314	0.575	0.345578231292517	0.09583333333333334	0.438546255815728
lcl|MCFH01000001.1_cds_ORX60841.1_103 [locus_tag=BCR36DRAFT_578913] [db_xref=InterPro:IPR002314,InterPro:IPR015866,JGIDB:Pirfi3_578913] [protein=seryl-tRNA synthetase] [protein_id=ORX60841.1] [location=complement(join(662385..662408,662515..662703,662798..662977,663081..663361,663521..664147,664580..664712))] [gbkey=CDS]	30.7217004451169	0.6626334840421323	0.8390557939914163	0.38305322128851543	0.2939914163090129	0.4320361181524431
lcl|MCFH01000001.1_cds_ORX60842.1_104 [locus_tag=BCR36DRAFT_314713] [db_xref=InterPro:IPR001494,JGIDB:Pirfi3_314713] [protein=ARM repeat-containing protein] [protein_id=ORX60842.1] [location=join(665535..665666,665817..665917,666198..666270,666344..666405,666503..666656,666876..667079,667187..667235,667339..667515,667620..667712,667816..668021,668138..668228,668306..668459,668550..668713,668813..668970,669067..669183,669272..669346,669480..669677,669786..669983,670083..670241,670346..670503,670639..670879)] [gbkey=CDS]	36.57683842988293	0.7751624793712092	0.5792235047219307	0.2714672075726842	0.12906610703043023	0.4371816672540665
lcl|MCFH01000001.1_cds_ORX60843.1_105 [locus_tag=BCR36DRAFT_407845] [db_xref=JGIDB:Pirfi3_407845] [protein=hypothetical protein] [protein_id=ORX60843.1] [location=672894..674228] [gbkey=CDS]	41.70532005854302	0.7274514854034901	0.44988344988344986	0.2806621519939804	0.14685314685314685	0.440162468582129
lcl|MCFH01000001.1_cds_ORX60844.1_106 [locus_tag=BCR36DRAFT_2229] [db_xref=JGIDB:Pirfi3_2229] [protein=hypothetical protein] [protein_id=ORX60844.1] [location=complement(join(674813..674972,675156..675445,675537..675674,675811..677385))] [gbkey=CDS]	40.21143210798	0.7426428467347539	0.40524781341107874	0.2517385257301808	0.12536443148688048	0.43540362828337825
lcl|MCFH01000001.1_cds_ORX60845.1_107 [locus_tag=BCR36DRAFT_271680] [db_xref=JGIDB:Pirfi3_271680] [protein=hypothetical protein] [protein_id=ORX60845.1] [location=complement(677852..678130)] [gbkey=CDS]	46.553103556892104	0.7579989514342114	0.34444444444444444	0.23443223443223443	0.1111111111111111	0.4466551381726783
lcl|MCFH01000001.1_cds_ORX60846.1_108 [locus_tag=BCR36DRAFT_2238] [db_xref=JGIDB:Pirfi3_2238] [protein=hypothetical protein] [protein_id=ORX60846.1] [location=join(678807..678808,678910..679138)] [gbkey=CDS]	48.03472251856436	0.6650962902284638	0.24	0.28444444444444444	0.16	0.4304067843331469
lcl|MCFH01000001.1_cds_ORX60847.1_109 [locus_tag=BCR36DRAFT_273399] [db_xref=JGIDB:Pirfi3_273399] [protein=hypothetical protein] [protein_id=ORX60847.1] [location=complement(join(679486..679578,679688..679829,679940..680157,680300..680431,680566..680694,680912..680996,681168..681265))] [gbkey=CDS]	41.01120175844959	0.7373755534447214	0.493006993006993	0.2671156004489338	0.1258741258741259	0.4452635914920139
lcl|MCFH01000001.1_cds_ORX60848.1_110 [locus_tag=BCR36DRAFT_2246] [db_xref=InterPro:IPR006603,JGIDB:Pirfi3_2246] [protein=hypothetical protein] [protein_id=ORX60848.1] [location=complement(join(682313..682402,682544..682718,682879..683253,683458..683565,683748..683791))] [gbkey=CDS]	42.306624703762296	0.7527048518928559	0.48	0.26208651399491095	0.152	0.43598218165302116
lcl|MCFH01000001.1_cds_ORX60849.1_111 [locus_tag=BCR36DRAFT_273700] [db_xref=InterPro:IPR007034,InterPro:IPR012948,JGIDB:Pirfi3_273700] [protein=DUF663-domain-containing protein] [protein_id=ORX60849.1] [location=complement(join(684989..685161,685244..685459,685565..685891,686018..686343,686436..686743,686789..687184,687284..687397,687505..687697,687806..687918,688023..688180,688313..688412))] [gbkey=CDS]	35.795470124893555	0.7731852582788373	0.6261203585147247	0.30851943755169564	0.15749039692701663	0.437233144917698
lcl|MCFH01000001.1_cds_ORX60850.1_112 [locus_tag=BCR36DRAFT_314727] [db_xref=InterPro:IPR000555,InterPro:IPR012591,InterPro:IPR012592,InterPro:IPR012984,JGIDB:Pirfi3_314727] [protein=PRP8 pre-mRNA processing factor 8] [protein_id=ORX60850.1] [location=join(689520..689909,690079..690250,690391..691741,691935..697143)] [gbkey=CDS]	31.732482060738505	0.8170928211017244	0.6362023070097604	0.3218100056211355	0.11845607808340727	0.43800952403665366
lcl|MCFH01000001.1_cds_ORX60851.1_113 [locus_tag=BCR36DRAFT_314730] [db_xref=InterPro:IPR001849,JGIDB:Pirfi3_314730] [protein=PH-domain-containing protein] [protein_id=ORX60851.1] [location=join(698434..698739,698998..699228,699391..699467,699607..699641,699769..699813,699882..699956,700148..700318,700495..700664,700813..700912,701045..701103,701211..701565,701733..701947,702128..702241,702407..703159,703354..704025)] [gbkey=CDS]	39.14337424566121	0.7479637980827198	0.4628623188405797	0.2802491103202847	0.13134057971014493	0.43686080805530547
lcl|MCFH01000001.1_cds_ORX60852.1_114 [locus_tag=BCR36DRAFT_578926] [db_xref=InterPro:IPR001926,JGIDB:Pirfi3_578926] [protein=tryptophan synthase] [protein_id=ORX60852.1] [location=complement(711057..712865)] [gbkey=CDS]	33.47229370541687	0.7648608754187644	0.7061855670103093	0.3704936217415419	0.17697594501718214	0.43290951614897794
lcl|MCFH01000001.1_cds_ORX60853.1_115 [locus_tag=BCR36DRAFT_578927] [db_xref=InterPro:IPR001781,JGIDB:Pirfi3_578927] [protein=hypothetical protein] [protein_id=ORX60853.1] [location=join(718893..719782,719871..720039,720141..720234,720358..720578)] [gbkey=CDS]	40.57118779635999	0.6529609114232098	0.4501108647450111	0.35233918128654973	0.24611973392461198	0.43637149973101497
lcl|MCFH01000001.1_cds_ORX60854.1_116 [locus_tag=BCR36DRAFT_340770] [db_xref=JGIDB:Pirfi3_340770] [protein=hypothetical protein] [protein_id=ORX60854.1] [location=724581..726131] [gbkey=CDS]	41.32200426454772	0.72860246138445	0.4530938123752495	0.26796116504854367	0.15169660678642716	0.44027234584085395
lcl|MCFH01000001.1_cds_ORX60855.1_117 [locus_tag=BCR36DRAFT_314744] [db_xref=InterPro:IPR003900,JGIDB:Pirfi3_314744] [protein=hypothetical protein] [protein_id=ORX60855.1] [location=complement(join(726931..727059,727207..728338,728537..728760,728856..729187,729334..729469,729611..729706,729815..730075,730183..730419,730587..730944,731086..733478))] [gbkey=CDS]	44.241723643301476	0.7164979362844901	0.3805411629245826	0.22675736961451248	0.1445020149683362	0.43771774925416834
lcl|MCFH01000001.1_cds_ORX60856.1_118 [locus_tag=BCR36DRAFT_578929] [db_xref=InterPro:IPR002699,JGIDB:Pirfi3_578929] [protein=ATPase, H+ transporting, lysosomal 34kDa, V1 subunit D] [protein_id=ORX60856.1] [location=complement(join(739568..739611,739770..739852,739946..740091,740177..740280,740375..740487,740565..740644,740738..740855,741376..741416))] [gbkey=CDS]	35.93888610441342	0.6851084278544047	0.7838983050847458	0.36376210235131395	0.2669491525423729	0.4328225592676766
lcl|MCFH01000001.1_cds_ORX60857.1_119 [locus_tag=BCR36DRAFT_340777] [db_xref=JGIDB:Pirfi3_340777] [protein=hypothetical protein] [protein_id=ORX60857.1] [location=complement(join(742557..742580,742678..742704,742798..743187))] [gbkey=CDS]	46.12097344793893	0.7113197783804113	0.40559440559440557	0.27586206896551724	0.1258741258741259	0.43814964892738756
lcl|MCFH01000001.1_cds_ORX60858.1_120 [locus_tag=BCR36DRAFT_578930] [db_xref=InterPro:IPR000595,JGIDB:Pirfi3_578930] [protein=hypothetical protein] [protein_id=ORX60858.1] [location=join(744228..744302,744414..744512,744591..744632,744748..744819,744930..745053,745131..745163,745273..745493,745585..745803,745891..745993,746093..746102,746215..746368,746484..746624,746704..746759,746851..746923,747013..747220,747315..747531,747633..747667,747776..747939)] [gbkey=CDS]	37.35772951511582	0.7785853397164847	0.556732223903177	0.28431372549019607	0.12556732223903178	0.44129726894291843
lcl|MCFH01000001.1_cds_ORX60859.1_121 [locus_tag=BCR36DRAFT_271581] [db_xref=InterPro:IPR006976,JGIDB:Pirfi3_271581] [protein=hypothetical protein] [protein_id=ORX60859.1] [location=complement(join(748664..748789,748891..748920,749012..749278))] [gbkey=CDS]	45.45243388340693	0.6573466306598632	0.37777777777777777	0.2685851318944844	0.1259259259259259	0.4361293504774126
lcl|MCFH01000001.1_cds_ORX60860.1_122 [locus_tag=BCR36DRAFT_439223] [db_xref=InterPro:IPR002110,JGIDB:Pirfi3_439223] [protein=ankyrin] [protein_id=ORX60860.1] [location=750075..753716] [gbkey=CDS]	42.580125895356204	0.706854378652966	0.4098910310142498	0.25825082508250824	0.13914501257334452	0.43708426430766656
lcl|MCFH01000001.1_cds_ORX60861.1_123 [locus_tag=BCR36DRAFT_340801] [db_xref=InterPro:IPR001623,JGIDB:Pirfi3_340801] [protein=DnaJ-domain-containing protein] [protein_id=ORX60861.1] [location=complement(join(754417..755274,755543..755758))] [gbkey=CDS]	40.62822672250045	0.7675298509112848	0.5217391304347826	0.2846441947565543	0.1246376811594203	0.4373706656386092
lcl|MCFH01000001.1_cds_ORX60862.1_124 [locus_tag=BCR36DRAFT_401172] [db_xref=InterPro:IPR001373,JGIDB:Pirfi3_401172] [protein=Cullin-domain-containing protein] [protein_id=ORX60862.1] [location=complement(join(757097..757285,757424..757523,757639..757721,757861..758189,758315..758435,758547..758678,758764..758910,759022..759129,759292..759422,759549..759711,759851..760023,760175..760328,760506..760670,760892..760960,761082..761116,761254..761392))] [gbkey=CDS]	40.09513876837712	0.7564182751475144	0.4945054945054945	0.24775985663082437	0.1401098901098901	0.4362771359620612
lcl|MCFH01000001.1_cds_ORX60863.1_125 [locus_tag=BCR36DRAFT_340806] [db_xref=InterPro:IPR006880,InterPro:IPR007529,JGIDB:Pirfi3_340806] [protein=hypothetical protein] [protein_id=ORX60863.1] [location=join(763126..763876,764177..764195,764381..764514,764615..764721,764844..764915,764991..765296)] [gbkey=CDS]	44.13109529516047	0.6606114597528894	0.39555555555555555	0.3138105567606652	0.16444444444444445	0.4468391644924974
lcl|MCFH01000001.1_cds_ORX60864.1_126 [locus_tag=BCR36DRAFT_340808] [db_xref=JGIDB:Pirfi3_340808] [protein=hypothetical protein] [protein_id=ORX60864.1] [location=complement(join(766408..767367,767447..767569))] [gbkey=CDS]	39.83510406699743	0.7771000261996234	0.5380281690140845	0.28690807799442897	0.1267605633802817	0.437197958215763
lcl|MCFH01000001.1_cds_ORX60866.1_128 [locus_tag=BCR36DRAFT_340810] [db_xref=InterPro:IPR000073,JGIDB:Pirfi3_340810] [protein=alpha/beta-hydrolase] [protein_id=ORX60866.1] [location=join(780209..780338,780605..780689,780863..780983,781180..781584)] [gbkey=CDS]	40.90664756688408	0.7406201284905874	0.5423728813559322	0.3129251700680272	0.15677966101694915	0.4326836759556055
lcl|MCFH01000001.1_cds_ORX60867.1_129 [locus_tag=BCR36DRAFT_578938] [db_xref=InterPro:IPR001680,JGIDB:Pirfi3_578938] [protein=WD40 repeat-like protein] [protein_id=ORX60867.1] [location=complement(join(782389..782943,783764..783877,784051..784162,784401..784582))] [gbkey=CDS]	40.56023605102978	0.7771053815625586	0.47194719471947194	0.3385579937304075	0.10561056105610561	0.437774089926723
lcl|MCFH01000001.1_cds_ORX60868.1_130 [locus_tag=BCR36DRAFT_272368] [db_xref=InterPro:IPR000582,JGIDB:Pirfi3_272368] [protein=hypothetical protein] [protein_id=ORX60868.1] [location=join(786302..786324,786455..786527,786754..786791,786903..786950,787045..787117,787216..787297,787409..787681,787845..788275)] [gbkey=CDS]	40.14065217326017	0.7508799505651843	0.5030864197530864	0.3130434782608696	0.11728395061728394	0.44278136162154386
lcl|MCFH01000001.1_cds_ORX60869.1_131 [locus_tag=BCR36DRAFT_314792] [db_xref=InterPro:IPR001993,JGIDB:Pirfi3_314792] [protein=mitochondrial carrier] [protein_id=ORX60869.1] [location=join(791345..791413,791524..791670,791780..792535,792628..792669)] [gbkey=CDS]	39.09964552647237	0.7389083512219794	0.5276073619631901	0.3244047619047619	0.1196319018404908	0.43591320762651903
lcl|MCFH01000001.1_cds_ORX60870.1_132 [locus_tag=BCR36DRAFT_2665] [db_xref=JGIDB:Pirfi3_2665] [protein=hypothetical protein] [protein_id=ORX60870.1] [location=join(795289..795309,795454..795759,795873..795962,796051..796119,796203..796347,796443..796952,797050..797145,797247..798322)] [gbkey=CDS]	43.59154276650708	0.7167873067675385	0.3851261620185923	0.23363675769397485	0.1394422310756972	0.442171961463475
lcl|MCFH01000001.1_cds_ORX60871.1_133 [locus_tag=BCR36DRAFT_271662] [db_xref=JGIDB:Pirfi3_271662] [protein=hypothetical protein] [protein_id=ORX60871.1] [location=complement(join(798602..798718,798803..799182,799335..801141))] [gbkey=CDS]	44.86306434301949	0.6954635054299173	0.35207496653279785	0.23977371627502175	0.1459170013386881	0.4383100889359825
lcl|MCFH01000001.1_cds_ORX60872.1_134 [locus_tag=BCR36DRAFT_314799] [db_xref=InterPro:IPR002164,JGIDB:Pirfi3_314799] [protein=nucleosome assembly protein] [protein_id=ORX60872.1] [location=complement(join(802856..803098,803328..803845,803979..804045))] [gbkey=CDS]	43.56491580359018	0.7599993685683342	0.47924528301886793	0.2518248175182482	0.13584905660377358	0.4377970396126639
lcl|MCFH01000001.1_cds_ORX60873.1_135 [locus_tag=BCR36DRAFT_578945] [db_xref=InterPro:IPR000504,InterPro:IPR001878,JGIDB:Pirfi3_578945] [protein=hypothetical protein] [protein_id=ORX60873.1] [location=complement(join(805982..806006,806120..806710,806803..806872,807044..807106,807248..807315,807393..807426,807529..807541,807744..807787,808045..808099))] [gbkey=CDS]	38.77759646526804	0.7390419668760926	0.6050955414012739	0.3897596656217346	0.1592356687898089	0.44180350554978276
lcl|MCFH01000001.1_cds_ORX60874.1_136 [locus_tag=BCR36DRAFT_394049] [db_xref=InterPro:IPR003163,JGIDB:Pirfi3_394049] [protein=DNA-binding domain of Mlu1-box binding protein MBP1] [protein_id=ORX60874.1] [location=complement(join(809906..810153,810307..810953,811089..811321))] [gbkey=CDS]	41.763770533912314	0.729076063397188	0.4767123287671233	0.26737967914438504	0.12054794520547946	0.4414552802463551
lcl|MCFH01000001.1_cds_ORX60875.1_137 [locus_tag=BCR36DRAFT_2711] [db_xref=JGIDB:Pirfi3_2711] [protein=hypothetical protein] [protein_id=ORX60875.1] [location=complement(join(811474..812510,812666..812848,812945..814640))] [gbkey=CDS]	43.92962791643957	0.6881744641424585	0.3403361344537815	0.2501718213058419	0.17121848739495799	0.43818195089904677
lcl|MCFH01000001.1_cds_ORX60876.1_138 [locus_tag=BCR36DRAFT_578948] [db_xref=JGIDB:Pirfi3_578948] [protein=hypothetical protein] [protein_id=ORX60876.1] [location=complement(join(824382..824974,825441..825669))] [gbkey=CDS]	41.174544373036866	0.7525799597010081	0.44074074074074077	0.2769607843137255	0.11481481481481481	0.4520707514815008
lcl|MCFH01000001.1_cds_ORX60877.1_139 [locus_tag=BCR36DRAFT_578950] [db_xref=JGIDB:Pirfi3_578950] [protein=hypothetical protein] [protein_id=ORX60877.1] [location=complement(828705..829439)] [gbkey=CDS]	41.297032187728476	0.757237967772188	0.43776824034334766	0.29492455418381347	0.0944206008583691	0.443441745012899
lcl|MCFH01000001.1_cds_ORX60878.1_140 [locus_tag=BCR36DRAFT_273431] [db_xref=InterPro:IPR017442,JGIDB:Pirfi3_273431] [protein=aurora A kinase protein-like protein] [protein_id=ORX60878.1] [location=complement(join(832185..832265,832402..832633,832766..832914,833094..833690))] [gbkey=CDS]	44.512484273591824	0.712104606753619	0.44476744186046513	0.2934472934472934	0.15988372093023256	0.4354904612765311
lcl|MCFH01000001.1_cds_ORX60879.1_141 [locus_tag=BCR36DRAFT_314808] [db_xref=InterPro:IPR017442,JGIDB:Pirfi3_314808] [protein=AGC family protein kinase] [protein_id=ORX60879.1] [location=join(841456..841506,841590..841618,841797..842003,842171..842309,842595..842743,842907..843138,843308..843394)] [gbkey=CDS]	40.62977862336984	0.7711037421571973	0.5206896551724138	0.29842342342342343	0.09310344827586207	0.437409607792253
lcl|MCFH01000001.1_cds_ORX60880.1_142 [locus_tag=BCR36DRAFT_340840] [db_xref=JGIDB:Pirfi3_340840] [protein=P-loop containing nucleoside triphosphate hydrolase protein] [protein_id=ORX60880.1] [location=complement(join(844771..844960,845247..845392,845741..845938))] [gbkey=CDS]	37.49169905085574	0.7911511125114303	0.7261904761904762	0.32386363636363635	0.14285714285714285	0.4367758130533194
lcl|MCFH01000001.1_cds_ORX60881.1_143 [locus_tag=BCR36DRAFT_407882] [db_xref=InterPro:IPR006096,InterPro:IPR006097,JGIDB:Pirfi3_407882] [protein=putative NADP-specific glutamate dehydrogenase] [protein_id=ORX60881.1] [location=complement(846600..848039)] [gbkey=CDS]	32.2946689837466	0.5602200943326945	0.8308026030368764	0.4581589958158996	0.38177874186550975	0.4314877750012634
lcl|MCFH01000001.1_cds_ORX60882.1_144 [locus_tag=BCR36DRAFT_578954] [db_xref=JGIDB:Pirfi3_578954] [protein=hypothetical protein] [protein_id=ORX60882.1] [location=complement(851146..852000)] [gbkey=CDS]	41.77334713951948	0.7822426527484783	0.4043321299638989	0.232037691401649	0.08664259927797834	0.44017473516780214
lcl|MCFH01000001.1_cds_ORX60883.1_145 [locus_tag=BCR36DRAFT_314823] [db_xref=InterPro:IPR008209,JGIDB:Pirfi3_314823] [protein=phosphoenolpyruvate carboxykinase [GTP]] [protein_id=ORX60883.1] [location=complement(join(863629..865253,865497..865707))] [gbkey=CDS]	31.036964678357016	0.6161327628564939	0.8217993079584776	0.426775956284153	0.33217993079584773	0.43167767108813865
lcl|MCFH01000001.1_cds_ORX60884.1_146 [locus_tag=BCR36DRAFT_2907] [db_xref=JGIDB:Pirfi3_2907] [protein=hypothetical protein] [protein_id=ORX60884.1] [location=join(868890..869020,869899..870017,870171..870407,870484..870509)] [gbkey=CDS]	41.23646973920091	0.7535160774152541	0.3090909090909091	0.22682445759368836	0.09696969696969697	0.439860534900894
lcl|MCFH01000001.1_cds_ORX60885.1_147 [locus_tag=BCR36DRAFT_2951] [db_xref=JGIDB:Pirfi3_2951] [protein=hypothetical protein] [protein_id=ORX60885.1] [location=join(870893..871000,871059..871170,871267..871455,871697..871807,871938..871980,872125..872190,872270..872530,872653..872779)] [gbkey=CDS]	42.70523785397358	0.6957944534590099	0.37770897832817335	0.228486646884273	0.1393188854489164	0.44047619439919566
lcl|MCFH01000001.1_cds_ORX60886.1_148 [locus_tag=BCR36DRAFT_578962] [db_xref=InterPro:IPR000679,JGIDB:Pirfi3_578962] [protein=hypothetical protein] [protein_id=ORX60886.1] [location=875897..877363] [gbkey=CDS]	38.72358766439752	0.7190066502423853	0.6004228329809725	0.3004791238877481	0.1839323467230444	0.43610669091220355
lcl|MCFH01000001.1_cds_ORX60887.1_149 [locus_tag=BCR36DRAFT_394058] [db_xref=InterPro:IPR012317,JGIDB:Pirfi3_394058] [protein=ADP-ribosylation] [protein_id=ORX60887.1] [location=complement(join(878537..878617,878728..878762,878908..879082,879181..879581,879867..879900))] [gbkey=CDS]	42.08576323620748	0.7423804092505693	0.4085106382978723	0.275	0.09787234042553192	0.4370423747385119
lcl|MCFH01000001.1_cds_ORX60888.1_150 [locus_tag=BCR36DRAFT_578964] [db_xref=InterPro:IPR013179,JGIDB:Pirfi3_578964] [protein=DUF1715-domain-containing protein] [protein_id=ORX60888.1] [location=join(881496..881530,881708..881887,882066..882291)] [gbkey=CDS]	45.33588059528604	0.6947043684756904	0.45454545454545453	0.2896551724137931	0.16083916083916083	0.4317435085851926
lcl|MCFH01000001.1_cds_ORX60889.1_151 [locus_tag=BCR36DRAFT_578965] [db_xref=JGIDB:Pirfi3_578965] [protein=hypothetical protein] [protein_id=ORX60889.1] [location=complement(join(883296..884039,884178..884225,884325..887374,887532..887738,887857..887889,887969..887992,888099..888113,888250..888279,888388..888417,888606..888741,888813..888830))] [gbkey=CDS]	42.63175468085564	0.7200250767484189	0.39845397048489106	0.24324324324324326	0.14968376669009137	0.43865418970622866
lcl|MCFH01000001.1_cds_ORX60890.1_152 [locus_tag=BCR36DRAFT_314836] [db_xref=JGIDB:Pirfi3_314836] [protein=hypothetical protein] [protein_id=ORX60890.1] [location=join(889646..889674,889808..889907,889998..890132,890233..890332,890420..890513,890616..890742,890853..891332)] [gbkey=CDS]	42.37736022158333	0.696284112935459	0.39080459770114945	0.2747875354107649	0.14367816091954022	0.4371286740974659
lcl|MCFH01000001.1_cds_ORX60891.1_153 [locus_tag=BCR36DRAFT_340864] [db_xref=InterPro:IPR002883,InterPro:IPR014867,JGIDB:Pirfi3_340864] [protein=hypothetical protein] [protein_id=ORX60891.1] [location=join(892484..892535,892718..892916,893028..893285,893453..893633,893772..893851,893973..894377,894488..895151)] [gbkey=CDS]	39.30446593864536	0.742892333939243	0.4170940170940171	0.2825968357883252	0.1111111111111111	0.43325349356447973
lcl|MCFH01000001.1_cds_ORX60892.1_154 [locus_tag=BCR36DRAFT_439238] [db_xref=JGIDB:Pirfi3_439238] [protein=hypothetical protein] [protein_id=ORX60892.1] [location=complement(897169..897429)] [gbkey=CDS]	50.57627063936655	0.5466267453499717	0.35714285714285715	0.20392156862745098	0.2261904761904762	0.41852650786560136
lcl|MCFH01000001.1_cds_ORX60893.1_155 [locus_tag=BCR36DRAFT_365483] [db_xref=JGIDB:Pirfi3_365483] [protein=hypothetical protein] [protein_id=ORX60893.1] [location=join(897539..897710,898097..898296)] [gbkey=CDS]	41.511702018348984	0.6913878593111124	0.7008547008547008	0.3087431693989071	0.23931623931623933	0.43499142426552007
lcl|MCFH01000001.1_cds_ORX60895.1_157 [locus_tag=BCR36DRAFT_340873] [db_xref=InterPro:IPR002883,InterPro:IPR014867,JGIDB:Pirfi3_340873] [protein=coth-domain-containing protein] [protein_id=ORX60895.1] [location=join(901717..901955,902056..903652)] [gbkey=CDS]	32.93136747330522	0.7467543626526928	0.7150170648464164	0.3355191256830601	0.19795221843003413	0.4323808884153592
lcl|MCFH01000001.1_cds_ORX60896.1_158 [locus_tag=BCR36DRAFT_394061] [db_xref=InterPro:IPR003439,JGIDB:Pirfi3_394061] [protein=P-loop containing nucleoside triphosphate hydrolase protein] [protein_id=ORX60896.1] [location=complement(join(914304..914573,914667..914906))] [gbkey=CDS]	44.67716734199304	0.669862281604098	0.5180722891566265	0.28174603174603174	0.18072289156626506	0.43474809770566497
lcl|MCFH01000001.1_cds_ORX60897.1_159 [locus_tag=BCR36DRAFT_401194] [db_xref=InterPro:IPR002883,InterPro:IPR014867,JGIDB:Pirfi3_401194] [protein=hypothetical protein] [protein_id=ORX60897.1] [location=join(916615..916654,916783..916981,917133..917390,917719..917899,917992..918071,918190..918591,918698..919267,919375..919504,919625..919654)] [gbkey=CDS]	37.022678286899335	0.7918852421482295	0.5357737104825291	0.3099787685774947	0.12479201331114809	0.43875539730627877
lcl|MCFH01000001.1_cds_ORX60898.1_160 [locus_tag=BCR36DRAFT_578971] [db_xref=JGIDB:Pirfi3_578971] [protein=hypothetical protein] [protein_id=ORX60898.1] [location=complement(920638..920799)] [gbkey=CDS]	46.228020913164066	0.7168395692678459	0.64	0.3717948717948718	0.12	0.4374414119716932
lcl|MCFH01000001.1_cds_ORX60899.1_161 [locus_tag=BCR36DRAFT_578972] [db_xref=JGIDB:Pirfi3_578972] [protein=PFL-like glycyl radical enzyme] [protein_id=ORX60899.1] [location=923237..925195] [gbkey=CDS]	37.09732853620064	0.7485554447725724	0.5299684542586751	0.300563236047107	0.13564668769716087	0.4345636365198259
lcl|MCFH01000001.1_cds_ORX60900.1_162 [locus_tag=BCR36DRAFT_578973] [db_xref=JGIDB:Pirfi3_578973] [protein=PFL-like glycyl radical enzyme] [protein_id=ORX60900.1] [location=928984..931005] [gbkey=CDS]	33.32013069135421	0.7587893867360579	0.6850152905198776	0.3239087301587302	0.18654434250764526	0.4319092901528671
lcl|MCFH01000001.1_cds_ORX60901.1_163 [locus_tag=BCR36DRAFT_401200] [db_xref=InterPro:IPR010569,JGIDB:Pirfi3_401200] [protein=phosphatases II] [protein_id=ORX60901.1] [location=join(932154..932288,932484..932655,932773..932933,933101..933229,933353..933635,933813..935509)] [gbkey=CDS]	41.58484452644965	0.7224102539345909	0.429940119760479	0.29599377674056787	0.13652694610778443	0.4407468347850917
lcl|MCFH01000001.1_cds_ORX60902.1_164 [locus_tag=BCR36DRAFT_340897] [db_xref=InterPro:IPR004353,JGIDB:Pirfi3_340897] [protein=DUF254-domain-containing protein] [protein_id=ORX60902.1] [location=complement(join(935991..936231,936349..936460,936563..936629,936713..937014,937116..937197,937312..937566,937700..937793,937906..937992,938093..938171,938250..938378,938559..938886))] [gbkey=CDS]	40.48633742829454	0.7164268724588817	0.370242214532872	0.2559322033898305	0.12110726643598616	0.4405558057852079
lcl|MCFH01000001.1_cds_ORX60904.1_166 [locus_tag=BCR36DRAFT_340901] [db_xref=JGIDB:Pirfi3_340901] [protein=beta-lactamase-like protein] [protein_id=ORX60904.1] [location=complement(942890..943636)] [gbkey=CDS]	39.838222261071174	0.7816121635249628	0.3795918367346939	0.24696356275303644	0.0653061224489796	0.44508021646522317
lcl|MCFH01000001.1_cds_ORX60905.1_167 [locus_tag=BCR36DRAFT_340903] [db_xref=InterPro:IPR000235,JGIDB:Pirfi3_340903] [protein=40S ribosomal protein S5] [protein_id=ORX60905.1] [location=join(944130..944200,944293..944329,944404..944484,944564..944983)] [gbkey=CDS]	36.514049298492466	0.5173414238234179	0.8	0.4527363184079602	0.4153846153846154	0.43233671678112107
lcl|MCFH01000001.1_cds_ORX60906.1_168 [locus_tag=BCR36DRAFT_407904] [db_xref=JGIDB:Pirfi3_407904] [protein=hypothetical protein] [protein_id=ORX60906.1] [location=join(954711..954916,955018..955499,955657..956312,956409..957647)] [gbkey=CDS]	40.7540060060809	0.6993073802949472	0.41893644617380027	0.26814124951493984	0.1556420233463035	0.4347654442983023
lcl|MCFH01000001.1_cds_ORX60907.1_169 [locus_tag=BCR36DRAFT_578980] [db_xref=InterPro:IPR001680,JGIDB:Pirfi3_578980] [protein=hypothetical protein] [protein_id=ORX60907.1] [location=complement(join(958531..958671,958816..958909,959018..959222,959367..959411,959501..959578,959670..959746,959835..959943,960034..960214,960290..960400,960488..960543,960635..960831,960957..961021))] [gbkey=CDS]	40.86162592313101	0.740825536281506	0.3890160183066362	0.278640059127864	0.12128146453089245	0.44480207801768207
lcl|MCFH01000001.1_cds_ORX60908.1_170 [locus_tag=BCR36DRAFT_340912] [db_xref=InterPro:IPR001737,JGIDB:Pirfi3_340912] [protein=rRNA adenine dimethylase] [protein_id=ORX60908.1] [location=complement(join(961977..962019,962120..962226,962342..962519,962614..962831,962932..963025,963138..963199,963328..963543))] [gbkey=CDS]	37.28905757655396	0.8094475242991143	0.5952380952380952	0.31469298245614036	0.1054421768707483	0.438221918199958
lcl|MCFH01000001.1_cds_ORX60909.1_171 [locus_tag=BCR36DRAFT_314890] [db_xref=InterPro:IPR013110,JGIDB:Pirfi3_314890] [protein=DOT1-domain-containing protein] [protein_id=ORX60909.1] [location=join(964629..965973,966080..966256,966375..966456,966552..966910,967022..967126,967211..967574,967650..967740,967844..967903)] [gbkey=CDS]	39.92299072259137	0.754159768272939	0.3966547192353644	0.24990298797050833	0.11589008363201912	0.4372567764368182
lcl|MCFH01000001.1_cds_ORX60910.1_172 [locus_tag=BCR36DRAFT_314894] [db_xref=InterPro:IPR003959,JGIDB:Pirfi3_314894] [protein=AAA-domain-containing protein] [protein_id=ORX60910.1] [location=join(968480..968657,968760..968813,968948..969073,969153..969248,969336..969461,969544..969713,969853..969924,970003..970221,970306..970410,970486..970567,970639..970704,970795..970883,970963..971062,971182..971252,971339..971431)] [gbkey=CDS]	38.98095746594495	0.7114349424386696	0.4044526901669759	0.27117611212675197	0.10760667903525047	0.44465608635639664
lcl|MCFH01000001.1_cds_ORX60911.1_173 [locus_tag=BCR36DRAFT_314896] [db_xref=InterPro:IPR014045,JGIDB:Pirfi3_314896] [protein=protein serine/threonine phosphatase 2C] [protein_id=ORX60911.1] [location=join(972596..972647,972809..973165,973307..973941,974059..974213,974371..974506,974642..975919)] [gbkey=CDS]	39.39529071011053	0.7177336123216178	0.3595238095238095	0.2443421557345608	0.12261904761904761	0.44284975047253355
lcl|MCFH01000001.1_cds_ORX60912.1_174 [locus_tag=BCR36DRAFT_314898] [db_xref=InterPro:IPR001680,JGIDB:Pirfi3_314898] [protein=WD40 repeat-like protein] [protein_id=ORX60912.1] [location=join(976596..977179,977319..977381,977492..977520,977647..977730,977800..977873,977941..978023,978118..978230,978305..978633,978747..978873,978948..979058,979133..979170,979260..979340)] [gbkey=CDS]	39.6608227410118	0.7146456796601989	0.34050179211469533	0.26608187134502925	0.1111111111111111	0.4450363896549426
lcl|MCFH01000001.1_cds_ORX60913.1_175 [locus_tag=BCR36DRAFT_578986] [db_xref=InterPro:IPR000406,JGIDB:Pirfi3_578986] [protein=hypothetical protein] [protein_id=ORX60913.1] [location=complement(join(979780..979790,979881..979899,980003..980107,980195..980256,980331..980395,980476..980551,980631..980723,980805..980829,980913..981008,981092..981154))] [gbkey=CDS]	37.86795372555661	0.717529308289937	0.6700507614213198	0.3563218390804598	0.22842639593908629	0.43136116431120936
lcl|MCFH01000001.1_cds_ORX60914.1_176 [locus_tag=BCR36DRAFT_578989] [db_xref=InterPro:IPR002791,JGIDB:Pirfi3_578989] [protein=DUF89-domain-containing protein] [protein_id=ORX60914.1] [location=join(983419..983523,983712..983856,983976..984096,984239..984416,984549..984737,984874..984917,984995..985316,985455..985709)] [gbkey=CDS]	38.73285545343303	0.7850805174515347	0.4649532710280374	0.2838137472283814	0.10747663551401869	0.4362748483454555
lcl|MCFH01000001.1_cds_ORX60915.1_177 [locus_tag=BCR36DRAFT_578990] [db_xref=JGIDB:Pirfi3_578990] [protein=hypothetical protein] [protein_id=ORX60915.1] [location=complement(join(986186..986290,986382..986493,986589..986740,986821..986917,987044..987177,987265..987577,987650..987905,987987..988112,988190..988411,988498..988576))] [gbkey=CDS]	35.5291251294019	0.6756927460182434	0.7387033398821218	0.30880503144654087	0.27111984282907664	0.4339355658622879
lcl|MCFH01000001.1_cds_ORX60916.1_178 [locus_tag=BCR36DRAFT_578992] [db_xref=InterPro:IPR017442,JGIDB:Pirfi3_578992] [protein=hypothetical protein] [protein_id=ORX60916.1] [location=join(991542..991721,992116..992208,992285..992368,992450..992517,992660..992780,992871..992976,993053..993138,993214..993365,993460..993646,993745..994129,994229..994366,994436..994494,994584..994607)] [gbkey=CDS]	39.163096503191575	0.7453301784925231	0.48608534322820035	0.3035181872391175	0.10575139146567718	0.44074141939135275
lcl|MCFH01000001.1_cds_ORX60917.1_179 [locus_tag=BCR36DRAFT_340940] [db_xref=JGIDB:Pirfi3_340940] [protein=P-loop containing nucleoside triphosphate hydrolase protein] [protein_id=ORX60917.1] [location=complement(join(995716..995865,995991..996404,996504..996839))] [gbkey=CDS]	41.091096184064504	0.7591669876989632	0.5103448275862069	0.2740492170022371	0.12758620689655173	0.4358251574411072
lcl|MCFH01000001.1_cds_ORX60918.1_180 [locus_tag=BCR36DRAFT_3727] [db_xref=JGIDB:Pirfi3_3727] [protein=hypothetical protein] [protein_id=ORX60918.1] [location=join(999021..999140,999245..999556,999648..999733,999866..1000019)] [gbkey=CDS]	44.010833501722516	0.7398266362555391	0.5280373831775701	0.2852852852852853	0.16355140186915887	0.43924970533132585
lcl|MCFH01000001.1_cds_ORX60919.1_181 [locus_tag=BCR36DRAFT_314920] [db_xref=InterPro:IPR012419,JGIDB:Pirfi3_314920] [protein=hypothetical protein] [protein_id=ORX60919.1] [location=complement(join(1001004..1003474,1003632..1003839))] [gbkey=CDS]	41.13538785962828	0.7323706027920369	0.4219114219114219	0.2439206883651328	0.1258741258741259	0.4416737203438113
lcl|MCFH01000001.1_cds_ORX60920.1_182 [locus_tag=BCR36DRAFT_407918] [db_xref=JGIDB:Pirfi3_407918] [protein=hypothetical protein] [protein_id=ORX60920.1] [location=join(1005091..1005155,1005235..1005445,1005520..1005670,1005746..1005927,1006007..1006164,1006274..1006421)] [gbkey=CDS]	44.53091219270913	0.7399921469786077	0.4797297297297297	0.24202420242024203	0.12837837837837837	0.44708793207931063
lcl|MCFH01000001.1_cds_ORX60921.1_183 [locus_tag=BCR36DRAFT_340947] [db_xref=InterPro:IPR000449,JGIDB:Pirfi3_340947] [protein=hypothetical protein] [protein_id=ORX60921.1] [location=complement(join(1006788..1007173,1007273..1007347,1007429..1007545,1007647..1007844,1007941..1008032,1008114..1008421,1008507..1008686,1008803..1009180,1009260..1009323,1009415..1009563,1009647..1009741,1009812..1009889,1010009..1010186))] [gbkey=CDS]	38.6393484265589	0.7498498774085475	0.3948787061994609	0.2338568935427574	0.11320754716981132	0.43933171417943745
lcl|MCFH01000001.1_cds_ORX60922.1_184 [locus_tag=BCR36DRAFT_314927] [db_xref=InterPro:IPR000194,InterPro:IPR000793,InterPro:IPR004100,JGIDB:Pirfi3_314927] [protein=F1-C8 Sub-complex of Atp synthase] [protein_id=ORX60922.1] [location=join(1010575..1010694,1010833..1010893,1010979..1011133,1011214..1011387,1011474..1011711,1011797..1011880,1011968..1012181,1012290..1012598,1012792..1012949,1013052..1013245)] [gbkey=CDS]	40.80852475636598	0.7144731473281792	0.471326164874552	0.2980599647266314	0.12007168458781362	0.4408996886442078
lcl|MCFH01000001.1_cds_ORX60923.1_185 [locus_tag=BCR36DRAFT_314930] [db_xref=JGIDB:Pirfi3_314930] [protein=hypothetical protein] [protein_id=ORX60923.1] [location=complement(join(1014045..1014667,1014770..1014847,1014932..1015928))] [gbkey=CDS]	38.71268499068002	0.7504879111124262	0.4036036036036036	0.24054373522458627	0.09549549549549549	0.45134404599449507
lcl|MCFH01000001.1_cds_ORX60924.1_186 [locus_tag=BCR36DRAFT_340955] [db_xref=InterPro:IPR013753,JGIDB:Pirfi3_340955] [protein=P-loop containing nucleoside triphosphate hydrolase protein] [protein_id=ORX60924.1] [location=join(1017787..1017844,1017937..1018016,1018129..1018248,1018339..1018456,1018555..1018664,1018736..1018846)] [gbkey=CDS]	44.11006821853554	0.6949506224809107	0.41450777202072536	0.2927241962774958	0.15025906735751296	0.4457356520786226
lcl|MCFH01000001.1_cds_ORX60925.1_187 [locus_tag=BCR36DRAFT_407923] [db_xref=InterPro:IPR006565,JGIDB:Pirfi3_407923] [protein=hypothetical protein] [protein_id=ORX60925.1] [location=complement(join(1019202..1019386,1019515..1019884))] [gbkey=CDS]	43.80334968538053	0.7092003768614871	0.46368715083798884	0.2586520947176685	0.13966480446927373	0.43381295850567864
lcl|MCFH01000001.1_cds_ORX60926.1_188 [locus_tag=BCR36DRAFT_314937] [db_xref=InterPro:IPR001650,InterPro:IPR011545,InterPro:IPR012961,JGIDB:Pirfi3_314937] [protein=antiviral helicase] [protein_id=ORX60926.1] [location=join(1020642..1021034,1021265..1021519,1021669..1023528,1023721..1024414,1024546..1024598)] [gbkey=CDS]	36.909020459031346	0.7760610638758438	0.5731939163498099	0.30193905817174516	0.12642585551330798	0.4409955796938288
lcl|MCFH01000001.1_cds_ORX60927.1_189 [locus_tag=BCR36DRAFT_272299] [db_xref=JGIDB:Pirfi3_272299] [protein=hypothetical protein] [protein_id=ORX60927.1] [location=complement(join(1025510..1025687,1025767..1026051,1026206..1026393))] [gbkey=CDS]	42.665914806616556	0.7615088075546962	0.41346153846153844	0.26046511627906976	0.09615384615384616	0.4364113298848973
lcl|MCFH01000001.1_cds_ORX60928.1_190 [locus_tag=BCR36DRAFT_579003] [db_xref=InterPro:IPR001965,JGIDB:Pirfi3_579003] [protein=hypothetical protein] [protein_id=ORX60928.1] [location=complement(join(1027651..1028546,1028637..1029193,1029830..1029983,1030376..1030439))] [gbkey=CDS]	43.45973555992614	0.7150007194019089	0.3431192660550459	0.2828828828828829	0.14128440366972478	0.4381021830622317
lcl|MCFH01000001.1_cds_ORX60929.1_191 [locus_tag=BCR36DRAFT_365521] [db_xref=JGIDB:Pirfi3_365521] [protein=hypothetical protein] [protein_id=ORX60929.1] [location=join(1034327..1034516,1034629..1034682,1034766..1034884,1034974..1035010,1035101..1036041)] [gbkey=CDS]	38.84831358623463	0.7604715497727437	0.6197183098591549	0.30337078651685395	0.13849765258215962	0.4303162267243133
lcl|MCFH01000001.1_cds_ORX60930.1_192 [locus_tag=BCR36DRAFT_365522] [db_xref=JGIDB:Pirfi3_365522] [protein=hypothetical protein] [protein_id=ORX60930.1] [location=join(1036310..1036613,1036756..1036844,1037015..1037208,1037316..1037387,1037497..1037662,1037772..1038013,1038128..1038295,1038459..1038579)] [gbkey=CDS]	39.7227962126968	0.7394975539920432	0.585812356979405	0.2992592592592593	0.17162471395881007	0.43398736499956847
lcl|MCFH01000001.1_cds_ORX60931.1_193 [locus_tag=BCR36DRAFT_401229] [db_xref=InterPro:IPR000306,JGIDB:Pirfi3_401229] [protein=FYVE-domain-containing protein] [protein_id=ORX60931.1] [location=join(1041151..1041336,1041558..1041831,1041949..1042041,1042133..1042197)] [gbkey=CDS]	40.70103799415656	0.8199794157354563	0.445	0.30718954248366015	0.09	0.4421045368313645
lcl|MCFH01000001.1_cds_ORX60932.1_194 [locus_tag=BCR36DRAFT_3917] [db_xref=JGIDB:Pirfi3_3917] [protein=hypothetical protein] [protein_id=ORX60932.1] [location=complement(1042756..1042998)] [gbkey=CDS]	44.81076143830225	0.6845459398813786	0.3333333333333333	0.16455696202531644	0.16666666666666666	0.43502433318277806
lcl|MCFH01000001.1_cds_ORX60933.1_195 [locus_tag=BCR36DRAFT_407931] [db_xref=InterPro:IPR006674,JGIDB:Pirfi3_407931] [protein=hypothetical protein] [protein_id=ORX60933.1] [location=join(1043286..1043328,1043452..1043492,1043588..1043719,1043954..1043964,1044087..1044262,1044411..1044434,1044521..1044664,1044884..1045008)] [gbkey=CDS]	45.19843040615772	0.6867509162611369	0.3811659192825112	0.26521739130434785	0.14349775784753363	0.4333970568684299
lcl|MCFH01000001.1_cds_ORX60935.1_197 [locus_tag=BCR36DRAFT_579007] [db_xref=InterPro:IPR000644,InterPro:IPR001093,JGIDB:Pirfi3_579007] [protein=inosine-5'-monophosphate dehydrogenase] [protein_id=ORX60935.1] [location=complement(1050197..1051747)] [gbkey=CDS]	31.381281545073296	0.7288475804685821	0.7565392354124748	0.3773462783171521	0.22334004024144868	0.4314100211540354
lcl|MCFH01000001.1_cds_ORX60936.1_198 [locus_tag=BCR36DRAFT_3948] [db_xref=JGIDB:Pirfi3_3948] [protein=hypothetical protein] [protein_id=ORX60936.1] [location=join(1054314..1054343,1054426..1054585,1054673..1054865,1054973..1055047,1055144..1055286,1055373..1055414,1055549..1055737,1055859..1055913,1056007..1056248,1056367..1056439,1056507..1056577,1056731..1058460)] [gbkey=CDS]	42.472663591731035	0.7052882565548318	0.35372069317023447	0.22288955622288956	0.1488277268093782	0.4345754920099829
lcl|MCFH01000001.1_cds_ORX60937.1_199 [locus_tag=BCR36DRAFT_579009] [db_xref=JGIDB:Pirfi3_579009] [protein=hypothetical protein] [protein_id=ORX60937.1] [location=1059398..1060609] [gbkey=CDS]	46.435953452992095	0.6480395282923229	0.35218508997429304	0.2595356550580431	0.16966580976863754	0.43742340644478495
lcl|MCFH01000001.1_cds_ORX60938.1_200 [locus_tag=BCR36DRAFT_340982] [db_xref=InterPro:IPR000620,JGIDB:Pirfi3_340982] [protein=hypothetical protein] [protein_id=ORX60938.1] [location=1060938..1062128] [gbkey=CDS]	39.759294264809924	0.7484389863393187	0.5052910052910053	0.2616033755274262	0.12698412698412698	0.4386500168578469
lcl|MCFH01000001.1_cds_ORX60939.1_201 [locus_tag=BCR36DRAFT_340986] [db_xref=JGIDB:Pirfi3_340986] [protein=hypothetical protein] [protein_id=ORX60939.1] [location=complement(join(1063151..1063822,1064693..1065352))] [gbkey=CDS]	44.37141210191934	0.7196122522791741	0.33940774487471526	0.22624434389140272	0.1275626423690205	0.4376176087198448
lcl|MCFH01000001.1_cds_ORX60940.1_202 [locus_tag=BCR36DRAFT_3981] [db_xref=JGIDB:Pirfi3_3981] [protein=hypothetical protein] [protein_id=ORX60940.1] [location=1066984..1067184] [gbkey=CDS]	51.96392779458784	0.6542276902062114	0.36923076923076925	0.20512820512820512	0.2	0.4314003635204265
lcl|MCFH01000001.1_cds_ORX60941.1_203 [locus_tag=BCR36DRAFT_579010] [db_xref=JGIDB:Pirfi3_579010] [protein=hypothetical protein] [protein_id=ORX60941.1] [location=complement(1068282..1069325)] [gbkey=CDS]	42.987108038736196	0.7526580607880456	0.3834808259587021	0.2610789980732177	0.11799410029498525	0.4375736004750423
lcl|MCFH01000001.1_cds_ORX60943.1_205 [locus_tag=BCR36DRAFT_579012] [db_xref=InterPro:IPR005269,JGIDB:Pirfi3_579012] [protein=putative lysine decarboxylase] [protein_id=ORX60943.1] [location=1088399..1088968] [gbkey=CDS]	43.07141155046617	0.7443307461459909	0.48633879781420764	0.30141843971631205	0.14207650273224043	0.43268594487038486
lcl|MCFH01000001.1_cds_ORX60944.1_206 [locus_tag=BCR36DRAFT_579013] [db_xref=InterPro:IPR004839,JGIDB:Pirfi3_579013] [protein=PLP-dependent transferase] [protein_id=ORX60944.1] [location=complement(1090891..1092099)] [gbkey=CDS]	40.47212170112545	0.6894188590676664	0.5408163265306123	0.3316708229426434	0.19642857142857142	0.4324425086340947
lcl|MCFH01000001.1_cds_ORX60947.1_209 [locus_tag=BCR36DRAFT_579014] [db_xref=InterPro:IPR004839,JGIDB:Pirfi3_579014] [protein=PLP-dependent transferase] [protein_id=ORX60947.1] [location=1094622..1095830] [gbkey=CDS]	40.31169625041606	0.6974414981454657	0.5459183673469388	0.33000831255195345	0.1913265306122449	0.4324425086340947
lcl|MCFH01000001.1_cds_ORX60948.1_210 [locus_tag=BCR36DRAFT_579015] [db_xref=JGIDB:Pirfi3_579015] [protein=hypothetical protein] [protein_id=ORX60948.1] [location=complement(1098245..1098589)] [gbkey=CDS]	47.88468607886827	0.666607733283859	0.49557522123893805	0.2920353982300885	0.19469026548672566	0.43097803227460707
lcl|MCFH01000001.1_cds_ORX60951.1_213 [locus_tag=BCR36DRAFT_407945] [db_xref=JGIDB:Pirfi3_407945] [protein=hypothetical protein] [protein_id=ORX60951.1] [location=complement(join(1107684..1110496,1110661..1113625,1113883..1114707))] [gbkey=CDS]	38.52298211967201	0.7523578717018126	0.4638042935596605	0.29195088676671216	0.12880678981527707	0.4407409178366316
lcl|MCFH01000001.1_cds_ORX60952.1_214 [locus_tag=BCR36DRAFT_579017] [db_xref=InterPro:IPR002528,JGIDB:Pirfi3_579017] [protein=cation efflux pump] [protein_id=ORX60952.1] [location=1117418..1118761] [gbkey=CDS]	39.48902787708998	0.7454443256519924	0.48448687350835323	0.3086696562032885	0.09785202863961814	0.44200426073696797
lcl|MCFH01000001.1_cds_ORX60953.1_215 [locus_tag=BCR36DRAFT_365542] [db_xref=JGIDB:Pirfi3_365542] [protein=hypothetical protein] [protein_id=ORX60953.1] [location=complement(join(1119498..1120570,1120732..1120740,1120908..1121981,1122159..1122332,1122452..1122535,1122637..1122867,1123286..1123504,1123679..1123924,1124118..1125057))] [gbkey=CDS]	40.85245988863766	0.7461587973702282	0.4904507257448434	0.26310583580613256	0.1413292589763178	0.4402987098120696
lcl|MCFH01000001.1_cds_ORX60954.1_216 [locus_tag=BCR36DRAFT_341013] [db_xref=JGIDB:Pirfi3_341013] [protein=hypothetical protein] [protein_id=ORX60954.1] [location=complement(join(1127124..1127717,1127897..1128172))] [gbkey=CDS]	37.1253937963288	0.8259113557049861	0.4981949458483754	0.2951388888888889	0.11191335740072202	0.4336950366052076
lcl|MCFH01000001.1_cds_ORX60955.1_217 [locus_tag=BCR36DRAFT_4100] [db_xref=InterPro:IPR001002,JGIDB:Pirfi3_4100] [protein=hypothetical protein] [protein_id=ORX60955.1] [location=complement(1128305..1129237)] [gbkey=CDS]	37.798372124052705	0.8214542281457963	0.41423948220064727	0.3214670981661273	0.08737864077669903	0.47012770013840505
lcl|MCFH01000001.1_cds_ORX60957.1_219 [locus_tag=BCR36DRAFT_4132] [db_xref=JGIDB:Pirfi3_4132] [protein=hypothetical protein] [protein_id=ORX60957.1] [location=complement(1140555..1142393)] [gbkey=CDS]	39.55382394601647	0.7512204424202581	0.5042301184433164	0.29623567921440264	0.14890016920473773	0.43665425559810345
lcl|MCFH01000001.1_cds_ORX60959.1_221 [locus_tag=BCR36DRAFT_365546] [db_xref=JGIDB:Pirfi3_365546] [protein=hypothetical protein] [protein_id=ORX60959.1] [location=join(1148345..1148425,1148535..1148619,1148742..1148840,1149132..1149162,1149857..1149908,1150015..1150119,1150230..1150644,1150736..1150814,1150921..1150974,1151089..1151116,1151262..1151500,1151623..1151839,1151976..1152017,1152130..1152165)] [gbkey=CDS]	39.8444648210429	0.7801217390002755	0.4583333333333333	0.21901091843288376	0.10515873015873016	0.4347162163563265
lcl|MCFH01000001.1_cds_ORX60960.1_222 [locus_tag=BCR36DRAFT_365548] [db_xref=JGIDB:Pirfi3_365548] [protein=hypothetical protein] [protein_id=ORX60960.1] [location=join(1154485..1154543,1154630..1154991,1155541..1155690,1155791..1155865,1155954..1156225,1156341..1156388,1156469..1156594,1156714..1156861,1157048..1157483,1157580..1157613)] [gbkey=CDS]	40.1320161739939	0.7654068543516731	0.42363636363636364	0.21889671361502347	0.10363636363636364	0.4387630440140206
lcl|MCFH01000001.1_cds_ORX60961.1_223 [locus_tag=BCR36DRAFT_4152] [db_xref=JGIDB:Pirfi3_4152] [protein=hypothetical protein] [protein_id=ORX60961.1] [location=join(1158534..1158899,1159443..1159463)] [gbkey=CDS]	45.23333240843462	0.6438231895910578	0.28346456692913385	0.2020997375328084	0.13385826771653545	0.4327623029710228
lcl|MCFH01000001.1_cds_ORX60962.1_224 [locus_tag=BCR36DRAFT_341031] [db_xref=JGIDB:Pirfi3_341031] [protein=hypothetical protein] [protein_id=ORX60962.1] [location=join(1160176..1160309,1160415..1160450,1160535..1160650,1160731..1160828,1160953..1161094,1161165..1161538)] [gbkey=CDS]	41.7678798088845	0.7197818158095368	0.3424657534246575	0.24272930648769575	0.13013698630136986	0.4491485206833183
lcl|MCFH01000001.1_cds_ORX60963.1_225 [locus_tag=BCR36DRAFT_341033] [db_xref=JGIDB:Pirfi3_341033] [protein=hypothetical protein] [protein_id=ORX60963.1] [location=join(1162147..1162153,1162235..1162285,1162357..1162468,1162603..1162835,1162919..1163040,1163121..1163176,1163259..1163457)] [gbkey=CDS]	42.4133483214921	0.7242939238007249	0.3745019920318725	0.2235142118863049	0.11952191235059761	0.4411329434759956
lcl|MCFH01000001.1_cds_ORX60964.1_226 [locus_tag=BCR36DRAFT_579022] [db_xref=InterPro:IPR001353,JGIDB:Pirfi3_579022] [protein=N-terminal nucleophile aminohydrolase] [protein_id=ORX60964.1] [location=join(1164894..1164914,1165364..1165446,1165815..1165938,1166249..1166350,1166497..1166640,1166731..1166843,1166972..1167107,1167246..1167296)] [gbkey=CDS]	37.08384030978106	0.7426224093219079	0.6829268292682927	0.3528645833333333	0.17886178861788618	0.43293402736861974
lcl|MCFH01000001.1_cds_ORX60965.1_227 [locus_tag=BCR36DRAFT_315018] [db_xref=InterPro:IPR000308,JGIDB:Pirfi3_315018] [protein=14-3-3 family protein epsilon] [protein_id=ORX60965.1] [location=complement(join(1189912..1190586,1190663..1190674,1190781..1190800,1190897..1190953,1191552..1191561))] [gbkey=CDS]	35.50761751665463	0.6016807749141054	0.8152610441767069	0.4270833333333333	0.3253012048192771	0.4316685563579148
lcl|MCFH01000001.1_cds_ORX60966.1_228 [locus_tag=BCR36DRAFT_579035] [db_xref=InterPro:IPR004127,JGIDB:Pirfi3_579035] [protein=Prefoldin alpha subunit] [protein_id=ORX60966.1] [location=complement(join(1196199..1196263,1196528..1196633,1196852..1196926,1197065..1197096,1197201..1197303,1198074..1198172))] [gbkey=CDS]	38.25624784732583	0.752662897798513	0.7197452229299363	0.29957805907172996	0.18471337579617833	0.43394254552585754
lcl|MCFH01000001.1_cds_ORX60967.1_229 [locus_tag=BCR36DRAFT_315022] [db_xref=InterPro:IPR001841,JGIDB:Pirfi3_315022] [protein=hypothetical protein] [protein_id=ORX60967.1] [location=complement(join(1199136..1199896,1200036..1200150,1200371..1201306,1201484..1201674,1201811..1201886,1201984..1202074,1202205..1202359,1202572..1202708,1202947..1203109))] [gbkey=CDS]	38.36775790951429	0.7868980056722873	0.4842105263157895	0.26765941198930887	0.11578947368421053	0.43687411759472683
lcl|MCFH01000001.1_cds_ORX60968.1_230 [locus_tag=BCR36DRAFT_4366] [db_xref=JGIDB:Pirfi3_4366] [protein=hypothetical protein] [protein_id=ORX60968.1] [location=complement(1205272..1206705)] [gbkey=CDS]	38.503832262057024	0.7944156995410302	0.43897216274089934	0.27871148459383754	0.08137044967880086	0.44906050820818016
lcl|MCFH01000001.1_cds_ORX60969.1_231 [locus_tag=BCR36DRAFT_4376] [db_xref=JGIDB:Pirfi3_4376] [protein=hypothetical protein] [protein_id=ORX60969.1] [location=complement(join(1215223..1215362,1215674..1215710))] [gbkey=CDS]	51.45526954773724	0.5740055223602043	0.21818181818181817	0.22807017543859648	0.2	0.41172722739831663
lcl|MCFH01000001.1_cds_ORX60970.1_232 [locus_tag=BCR36DRAFT_365555] [db_xref=JGIDB:Pirfi3_365555] [protein=hypothetical protein] [protein_id=ORX60970.1] [location=complement(join(1218801..1219240,1219628..1219793))] [gbkey=CDS]	43.32229034861024	0.7032440457701421	0.533678756476684	0.2833333333333333	0.16062176165803108	0.4313754961089899
lcl|MCFH01000001.1_cds_ORX60971.1_233 [locus_tag=BCR36DRAFT_579039] [db_xref=InterPro:IPR004770,JGIDB:Pirfi3_579039] [protein=hypothetical protein] [protein_id=ORX60971.1] [location=1222644..1224038] [gbkey=CDS]	37.693760957703475	0.7073150677401675	0.6205357142857143	0.3347732181425486	0.16964285714285715	0.43211685755080387
lcl|MCFH01000001.1_cds_ORX60972.1_234 [locus_tag=BCR36DRAFT_579040] [db_xref=InterPro:IPR007913,JGIDB:Pirfi3_579040] [protein=hypothetical protein] [protein_id=ORX60972.1] [location=1229455..1230816] [gbkey=CDS]	37.31173489382708	0.7542056010852395	0.5701149425287356	0.3230088495575221	0.14022988505747128	0.4378014534282869
lcl|MCFH01000001.1_cds_ORX60973.1_235 [locus_tag=BCR36DRAFT_341049] [db_xref=InterPro:IPR001279,JGIDB:Pirfi3_341049] [protein=hypothetical protein] [protein_id=ORX60973.1] [location=join(1233437..1233638,1233883..1233985,1234237..1234772,1234859..1235130,1235309..1235741,1235831..1236024,1236098..1236267,1236472..1236771,1236911..1237787)] [gbkey=CDS]	39.42255533332733	0.7370394980345254	0.44865403788634095	0.2976306394027913	0.12063808574277168	0.4368852421662005
lcl|MCFH01000001.1_cds_ORX60974.1_236 [locus_tag=BCR36DRAFT_401254] [db_xref=InterPro:IPR001680,JGIDB:Pirfi3_401254] [protein=WD40 repeat-like protein] [protein_id=ORX60974.1] [location=join(1239557..1239688,1239892..1239993,1240086..1240226,1240343..1240453,1240609..1240733,1240903..1241180,1241280..1241458)] [gbkey=CDS]	40.35945851563172	0.777234674198592	0.42729970326409494	0.3088512241054614	0.0712166172106825	0.44084965180835806
lcl|MCFH01000001.1_cds_ORX60975.1_237 [locus_tag=BCR36DRAFT_365560] [db_xref=InterPro:IPR001841,JGIDB:Pirfi3_365560] [protein=hypothetical protein] [protein_id=ORX60975.1] [location=complement(join(1241964..1241997,1242079..1242119,1242212..1242290,1242422..1242601,1242728..1242900))] [gbkey=CDS]	46.85017750292874	0.6884827173712222	0.3780487804878049	0.2634730538922156	0.17682926829268292	0.4276155506559979
lcl|MCFH01000001.1_cds_ORX60976.1_238 [locus_tag=BCR36DRAFT_4471] [db_xref=JGIDB:Pirfi3_4471] [protein=hypothetical protein] [protein_id=ORX60976.1] [location=1243145..1243447] [gbkey=CDS]	44.878552216621166	0.6436006040818572	0.36082474226804123	0.25925925925925924	0.12371134020618557	0.4415436880253352
lcl|MCFH01000001.1_cds_ORX60977.1_239 [locus_tag=BCR36DRAFT_365561] [db_xref=JGIDB:Pirfi3_365561] [protein=hypothetical protein] [protein_id=ORX60977.1] [location=join(1245159..1245393,1245507..1245639,1245724..1245769)] [gbkey=CDS]	42.371172279678376	0.7430794281425191	0.3880597014925373	0.22303921568627452	0.12686567164179105	0.4384855685915183
lcl|MCFH01000001.1_cds_ORX60978.1_240 [locus_tag=BCR36DRAFT_401255] [db_xref=InterPro:IPR001002,InterPro:IPR001223,JGIDB:Pirfi3_401255] [protein=hypothetical protein] [protein_id=ORX60978.1] [location=complement(join(1246122..1248331,1248431..1248526,1248609..1248738))] [gbkey=CDS]	36.298717848512545	0.7345605732693362	0.5806861499364676	0.35802469135802467	0.17916137229987295	0.4360075337481579
lcl|MCFH01000001.1_cds_ORX60979.1_241 [locus_tag=BCR36DRAFT_407965] [db_xref=JGIDB:Pirfi3_407965] [protein=hypothetical protein] [protein_id=ORX60979.1] [location=join(1252246..1252491,1252571..1252630,1252765..1252866)] [gbkey=CDS]	43.60279656242099	0.7279854450785418	0.38636363636363635	0.21890547263681592	0.12121212121212122	0.45079213726517076
lcl|MCFH01000001.1_cds_ORX60980.1_242 [locus_tag=BCR36DRAFT_315041] [db_xref=InterPro:IPR003959,InterPro:IPR004201,InterPro:IPR013093,JGIDB:Pirfi3_315041] [protein=AAA-domain-containing protein] [protein_id=ORX60980.1] [location=join(1253822..1253961,1254112..1254262,1254353..1254427,1254529..1254561,1254656..1254755,1254897..1254914,1255030..1255120,1255233..1255563,1255703..1255837,1255929..1256016,1256099..1256178,1256277..1256576,1256748..1256829,1257000..1257200,1257307..1257386,1257475..1257609,1257715..1257915)] [gbkey=CDS]	35.39683241168945	0.7946609745982463	0.5708333333333333	0.3042505592841163	0.11388888888888889	0.4391309116686022
lcl|MCFH01000001.1_cds_ORX60981.1_243 [locus_tag=BCR36DRAFT_341069] [db_xref=InterPro:IPR007955,JGIDB:Pirfi3_341069] [protein=Bystin-domain-containing protein] [protein_id=ORX60981.1] [location=complement(join(1258657..1258970,1259064..1259326,1259436..1259618,1259717..1259895,1259994..1260108,1260212..1260306,1260454..1260594))] [gbkey=CDS]	36.70661520387942	0.8235890160005273	0.58679706601467	0.29439252336448596	0.09535452322738386	0.44097137082563725
lcl|MCFH01000001.1_cds_ORX60982.1_244 [locus_tag=BCR36DRAFT_4625] [db_xref=JGIDB:Pirfi3_4625] [protein=hypothetical protein] [protein_id=ORX60982.1] [location=1262973..1263146] [gbkey=CDS]	44.088798069941205	0.7878987699808613	0.45098039215686275	0.27976190476190477	0.0784313725490196	0.43810611883497036
lcl|MCFH01000001.1_cds_ORX60983.1_245 [locus_tag=BCR36DRAFT_394129] [db_xref=InterPro:IPR006895,InterPro:IPR006896,InterPro:IPR006900,InterPro:IPR007123,InterPro:IPR012990,JGIDB:Pirfi3_394129] [protein=hypothetical protein] [protein_id=ORX60983.1] [location=join(1264123..1264266,1264354..1264486,1264582..1264691,1264781..1264847,1264956..1265077,1265226..1265429,1265501..1265605,1265697..1265820,1265917..1266246,1266331..1266441,1266624..1266802,1266909..1267043,1267142..1267339,1267427..1267668,1267721..1267772)] [gbkey=CDS]	36.823936941783735	0.7595649404096916	0.5912806539509536	0.3191111111111111	0.14305177111716622	0.43741920886833474
lcl|MCFH01000001.1_cds_ORX60984.1_246 [locus_tag=BCR36DRAFT_407970] [db_xref=InterPro:IPR008710,JGIDB:Pirfi3_407970] [protein=Nicastrin-domain-containing protein] [protein_id=ORX60984.1] [location=complement(join(1268668..1268818,1268913..1269121,1269202..1269380,1269481..1269568,1269648..1269816,1269903..1270420,1270512..1270708,1270806..1270914,1271014..1271109,1271196..1271237,1271339..1271462,1271542..1271659,1271841..1271910))] [gbkey=CDS]	38.33238610540922	0.7571834243092299	0.37091988130563797	0.2756782945736434	0.09198813056379822	0.44160166534088197
lcl|MCFH01000001.1_cds_ORX60985.1_247 [locus_tag=BCR36DRAFT_341074] [db_xref=InterPro:IPR008710,JGIDB:Pirfi3_341074] [protein=hypothetical protein] [protein_id=ORX60985.1] [location=complement(join(1272565..1272715,1272803..1273011,1273093..1273271,1273348..1273441,1273585..1273753,1273856..1274484,1274582..1274778,1274867..1274975,1275045..1275140,1275230..1275271,1275368..1275491,1275596..1275716,1275810..1275932,1276026..1276068))] [gbkey=CDS]	39.27815913451857	0.7200455121983788	0.3297442799461642	0.27149122807017545	0.11305518169582772	0.4454424639075149
lcl|MCFH01000001.1_cds_ORX60986.1_248 [locus_tag=BCR36DRAFT_315060] [db_xref=InterPro:IPR011607,InterPro:IPR013982,JGIDB:Pirfi3_315060] [protein=YMR120Cp-like protein] [protein_id=ORX60986.1] [location=join(1276928..1276943,1277107..1277233,1277303..1277379,1277471..1277626,1277731..1279133)] [gbkey=CDS]	31.15122253914268	0.6740436318565902	0.8217993079584776	0.40552735476593343	0.27335640138408307	0.4320060552058946
lcl|MCFH01000001.1_cds_ORX60987.1_249 [locus_tag=BCR36DRAFT_341083] [db_xref=InterPro:IPR000704,JGIDB:Pirfi3_341083] [protein=hypothetical protein] [protein_id=ORX60987.1] [location=complement(join(1280799..1281432,1282356..1282387))] [gbkey=CDS]	37.20685710379947	0.8200330411923069	0.6082949308755761	0.3212121212121212	0.1152073732718894	0.43914397207892175
lcl|MCFH01000001.1_cds_ORX60988.1_250 [locus_tag=BCR36DRAFT_315065] [db_xref=JGIDB:Pirfi3_315065] [protein=hypothetical protein] [protein_id=ORX60988.1] [location=complement(join(1284607..1287131,1287237..1287924))] [gbkey=CDS]	39.81380245379417	0.740842675897401	0.38461538461538464	0.27034611786716556	0.11826923076923077	0.44259943507965505
lcl|MCFH01000001.1_cds_ORX60989.1_251 [locus_tag=BCR36DRAFT_407975] [db_xref=InterPro:IPR000337,JGIDB:Pirfi3_407975] [protein=hypothetical protein] [protein_id=ORX60989.1] [location=join(1290767..1290958,1291024..1291229,1291306..1291399,1291492..1291609,1291702..1291820,1291905..1291924,1292044..1292065,1292174..1292267,1292354..1292496,1292593..1292742,1292822..1292845,1292961..1292982,1293057..1293071,1293158..1293267,1293399..1293424,1293519..1293930,1294021..1294037,1294115..1294480,1294576..1294726,1294806..1295124,1295202..1295221,1295298..1295339,1295447..1295674)] [gbkey=CDS]	39.40290166492687	0.7220610201362427	0.35494155154091395	0.24414600550964188	0.11583421891604676	0.4406303212875464
lcl|MCFH01000001.1_cds_ORX60990.1_252 [locus_tag=BCR36DRAFT_579057] [db_xref=InterPro:IPR000337,JGIDB:Pirfi3_579057] [protein=hypothetical protein] [protein_id=ORX60990.1] [location=join(1296714..1296745,1296837..1297037,1297106..1297187,1297267..1297378,1297479..1297597,1297727..1297746,1297870..1297891,1297981..1298074,1298150..1298295,1298380..1298538,1298644..1298667,1298779..1298797,1298866..1298880,1298947..1299056,1299164..1299189,1299264..1299669,1299774..1299790,1299880..1300254,1300344..1300497,1300593..1300914,1301019..1301038,1301110..1301151,1301244..1301510)] [gbkey=CDS]	39.39524422941786	0.7136346195469976	0.35307262569832404	0.24838012958963282	0.11173184357541899	0.44304047267869623
lcl|MCFH01000001.1_cds_ORX60991.1_253 [locus_tag=BCR36DRAFT_4815] [db_xref=InterPro:IPR005078,JGIDB:Pirfi3_4815] [protein=hypothetical protein] [protein_id=ORX60991.1] [location=complement(join(1301932..1302024,1302105..1302233,1302355..1302386,1302464..1302505,1302592..1302632,1302719..1302756,1302833..1303188,1303292..1303519,1303655..1303756,1303851..1303974))] [gbkey=CDS]	41.030191844011306	0.7078723713049271	0.34564643799472294	0.27565733672603904	0.11345646437994723	0.44169300451906174
lcl|MCFH01000001.1_cds_ORX60992.1_254 [locus_tag=BCR36DRAFT_315087] [db_xref=JGIDB:Pirfi3_315087] [protein=hypothetical protein] [protein_id=ORX60992.1] [location=join(1305127..1305202,1305663..1305775,1305878..1305955,1306063..1306268,1306341..1306527,1306637..1306762,1306885..1306957,1307060..1307149,1307257..1307349,1307436..1307626,1307701..1307967,1308040..1308120,1308235..1308311,1308465..1308546,1308627..1309062,1309222..1309586)] [gbkey=CDS]	39.876553542157616	0.7490516289391786	0.34957369062119364	0.24615384615384617	0.10596833130328867	0.43984106777095616
lcl|MCFH01000001.1_cds_ORX60993.1_255 [locus_tag=BCR36DRAFT_273137] [db_xref=InterPro:IPR006689,JGIDB:Pirfi3_273137] [protein=ADP-ribosylation factor] [protein_id=ORX60993.1] [location=complement(join(1310261..1310565,1310762..1310854,1310954..1311101))] [gbkey=CDS]	38.329770247195604	0.7028317953746215	0.7309941520467836	0.37037037037037035	0.2222222222222222	0.43076531256753064
lcl|MCFH01000001.1_cds_ORX60994.1_256 [locus_tag=BCR36DRAFT_341114] [db_xref=InterPro:IPR010675,JGIDB:Pirfi3_341114] [protein=hypothetical protein] [protein_id=ORX60994.1] [location=complement(join(1312870..1313032,1313144..1313663,1313757..1314168))] [gbkey=CDS]	42.29722011763532	0.732750159345103	0.39215686274509803	0.24058769513314968	0.12044817927170869	0.43229904351925863
lcl|MCFH01000001.1_cds_ORX60995.1_257 [locus_tag=BCR36DRAFT_579062] [db_xref=InterPro:IPR001356,JGIDB:Pirfi3_579062] [protein=homeobox-domain-containing protein] [protein_id=ORX60995.1] [location=1328949..1330493] [gbkey=CDS]	34.38362353377503	0.8192678227967112	0.6321138211382114	0.3027940220922677	0.10365853658536585	0.43586377971670376
lcl|MCFH01000001.1_cds_ORX60996.1_258 [locus_tag=BCR36DRAFT_272530] [db_xref=InterPro:IPR006689,JGIDB:Pirfi3_272530] [protein=ADP-ribosylation factor] [protein_id=ORX60996.1] [location=join(1337918..1338065,1338157..1338249,1338349..1338653)] [gbkey=CDS]	35.47218859993941	0.6610854544104343	0.8245614035087719	0.3925925925925926	0.27485380116959063	0.4314832652455921
lcl|MCFH01000001.1_cds_ORX60997.1_259 [locus_tag=BCR36DRAFT_315102] [db_xref=InterPro:IPR006218,JGIDB:Pirfi3_315102] [protein=phospho-2-dehydro-3-deoxyheptonate aldolase] [protein_id=ORX60997.1] [location=join(1342823..1343078,1343420..1343601,1343688..1343960,1344086..1344493)] [gbkey=CDS]	31.741061357231104	0.7082134401336141	0.8093922651933702	0.3746630727762803	0.23204419889502761	0.43232368292855183
lcl|MCFH01000001.1_cds_ORX60998.1_260 [locus_tag=BCR36DRAFT_579066] [db_xref=InterPro:IPR006652,InterPro:IPR010565,InterPro:IPR011498,JGIDB:Pirfi3_579066] [protein=hypothetical protein] [protein_id=ORX60998.1] [location=complement(join(1346514..1346632,1346729..1346744,1346867..1347092,1347327..1348060,1348307..1348487,1348638..1348750,1348859..1348911,1349012..1349141,1349228..1349365,1349442..1349579,1349764..1349930,1350196..1350448))] [gbkey=CDS]	38.89960908560917	0.7705006278010242	0.4791666666666667	0.28426171529619804	0.11805555555555555	0.43827372153578176
lcl|MCFH01000001.1_cds_ORX60999.1_261 [locus_tag=BCR36DRAFT_407985] [db_xref=InterPro:IPR000348,JGIDB:Pirfi3_407985] [protein=hypothetical protein] [protein_id=ORX60999.1] [location=join(1353190..1353381,1353481..1353682,1353765..1353881,1353971..1354092)] [gbkey=CDS]	39.71867774990066	0.7251167515311593	0.6716417910447762	0.3492822966507177	0.20398009950248755	0.4313337363608486
lcl|MCFH01000001.1_cds_ORX61000.1_262 [locus_tag=BCR36DRAFT_394149] [db_xref=InterPro:IPR007174,JGIDB:Pirfi3_394149] [protein=Las1-domain-containing protein] [protein_id=ORX61000.1] [location=join(1355156..1355281,1355786..1355970,1356126..1356291,1356395..1356515,1356598..1356742,1356832..1356974,1357097..1357186,1357305..1357402)] [gbkey=CDS]	41.09581069565961	0.760303262317316	0.46920821114369504	0.27808988764044945	0.10850439882697947	0.4408599217600962
lcl|MCFH01000001.1_cds_ORX61001.1_263 [locus_tag=BCR36DRAFT_315112] [db_xref=InterPro:IPR001915,JGIDB:Pirfi3_315112] [protein=hypothetical protein] [protein_id=ORX61001.1] [location=complement(join(1358832..1359420,1359594..1360681))] [gbkey=CDS]	37.497459549264406	0.8009622289549478	0.5128205128205128	0.2722920406941951	0.11172161172161173	0.43616304519893756
lcl|MCFH01000001.1_cds_ORX61002.1_264 [locus_tag=BCR36DRAFT_365587] [db_xref=InterPro:IPR001452,InterPro:IPR001849,InterPro:IPR011510,JGIDB:Pirfi3_365587] [protein=hypothetical protein] [protein_id=ORX61002.1] [location=join(1363622..1363672,1363775..1363861,1364043..1365533,1365640..1366377,1366534..1367838)] [gbkey=CDS]	37.17369199141374	0.769243928951483	0.41965811965811967	0.2755046372067649	0.11196581196581197	0.4446183313362011
lcl|MCFH01000001.1_cds_ORX61003.1_265 [locus_tag=BCR36DRAFT_401279] [db_xref=InterPro:IPR001925,JGIDB:Pirfi3_401279] [protein=hypothetical protein] [protein_id=ORX61003.1] [location=complement(join(1369259..1369336,1369472..1370278,1370446..1370600,1370704..1370794))] [gbkey=CDS]	35.09840122521707	0.8175931133079098	0.6341463414634146	0.33511111111111114	0.11653116531165311	0.4401482913780962
lcl|MCFH01000001.1_cds_ORX61004.1_266 [locus_tag=BCR36DRAFT_394153] [db_xref=InterPro:IPR000195,JGIDB:Pirfi3_394153] [protein=RabGAP/TBC] [protein_id=ORX61004.1] [location=complement(join(1372043..1372261,1372342..1372469,1372542..1372617,1372698..1372804,1372872..1372986,1373083..1373148,1373241..1373369,1373841..1373911,1374052..1374127))] [gbkey=CDS]	43.0205886506416	0.7059076430666578	0.4045307443365696	0.2966360856269113	0.1262135922330097	0.43706623141298595
lcl|MCFH01000001.1_cds_ORX61005.1_267 [locus_tag=BCR36DRAFT_579072] [db_xref=JGIDB:Pirfi3_579072] [protein=hypothetical protein] [protein_id=ORX61005.1] [location=complement(join(1377434..1378318,1378408..1378573,1378655..1378772,1378885..1379223,1379310..1379401,1379498..1379676,1379748..1379932,1380052..1380191,1380293..1380595,1380681..1380762,1380841..1380951,1381050..1381227,1381325..1381517,1381608..1381714,1381835..1381970,1382068..1382227,1382319..1382464,1382544..1382608))] [gbkey=CDS]	39.5284092430606	0.7348852776203914	0.42586206896551726	0.2598491198658843	0.11896551724137931	0.4417461334618319
lcl|MCFH01000001.1_cds_ORX61006.1_268 [locus_tag=BCR36DRAFT_315125] [db_xref=JGIDB:Pirfi3_315125] [protein=hypothetical protein] [frame=3] [partial=5'] [protein_id=ORX61006.1] [location=complement(join(1384460..1385152,1385285..1386066,1386203..1386587,1386727..>1386854))] [gbkey=CDS]	41.929905426446496	0.7326058459933062	0.43788819875776397	0.22575757575757577	0.13354037267080746	0.4394681469216477
lcl|MCFH01000001.1_cds_ORX61008.1_270 [locus_tag=BCR36DRAFT_365594] [db_xref=JGIDB:Pirfi3_365594] [protein=hypothetical protein] [protein_id=ORX61008.1] [location=complement(join(1389699..1390061,1390223..1390267))] [gbkey=CDS]	49.29653826631784	0.7458342055465024	0.373134328358209	0.20398009950248755	0.1417910447761194	0.4368326640377742
lcl|MCFH01000001.1_cds_ORX61009.1_271 [locus_tag=BCR36DRAFT_341151] [db_xref=InterPro:IPR001680,JGIDB:Pirfi3_341151] [protein=WD40 repeat-like protein] [protein_id=ORX61009.1] [location=complement(join(1391741..1392214,1392288..1393136,1393385..1394125))] [gbkey=CDS]	41.09852811887711	0.7090138712845175	0.40963855421686746	0.30272108843537415	0.125	0.44093578406707856
lcl|MCFH01000001.1_cds_ORX61010.1_272 [locus_tag=BCR36DRAFT_579075] [db_xref=InterPro:IPR000182,JGIDB:Pirfi3_579075] [protein=acyl-CoA N-acyltransferase] [protein_id=ORX61010.1] [location=join(1394515..1394642,1394797..1394833,1394918..1395041,1395122..1395177,1395247..1395456)] [gbkey=CDS]	41.87189805042966	0.7755949445148566	0.4067796610169492	0.25136612021857924	0.0903954802259887	0.44057097119532784
lcl|MCFH01000001.1_cds_ORX61011.1_273 [locus_tag=BCR36DRAFT_315137] [db_xref=JGIDB:Pirfi3_315137] [protein=cytoplasmic protein] [protein_id=ORX61011.1] [location=join(1395919..1396054,1396154..1396201,1396277..1396314,1396413..1396491,1396616..1396692)] [gbkey=CDS]	42.41669255405127	0.8589724971191737	0.4462809917355372	0.239247311827957	0.0743801652892562	0.43735504154923377
lcl|MCFH01000001.1_cds_ORX61012.1_274 [locus_tag=BCR36DRAFT_407997] [db_xref=InterPro:IPR000253,InterPro:IPR001357,JGIDB:Pirfi3_407997] [protein=hypothetical protein] [protein_id=ORX61012.1] [location=join(1397262..1397289,1397382..1397432,1397549..1397634,1397724..1397866,1397928..1398013,1398119..1398296,1398375..1398498,1398582..1398778,1398880..1399537,1399668..1400070,1400263..1401020)] [gbkey=CDS]	40.18119899263488	0.7556929472973629	0.34576271186440677	0.2106430155210643	0.10847457627118644	0.44007886790692025
lcl|MCFH01000001.1_cds_ORX61013.1_275 [locus_tag=BCR36DRAFT_341161] [db_xref=JGIDB:Pirfi3_341161] [protein=hypothetical protein] [protein_id=ORX61013.1] [location=join(1401573..1401755,1401854..1402076,1402166..1402744,1402882..1403140,1403268..1403370)] [gbkey=CDS]	41.119381795667564	0.7479765394793404	0.39814814814814814	0.2662192393736018	0.10185185185185185	0.4397791849305001
lcl|MCFH01000001.1_cds_ORX61014.1_276 [locus_tag=BCR36DRAFT_407999] [db_xref=InterPro:IPR001715,JGIDB:Pirfi3_407999] [protein=hypothetical protein] [protein_id=ORX61014.1] [location=join(1405171..1405710,1405841..1414335,1414425..1414455)] [gbkey=CDS]	36.47962572311407	0.7812449212231852	0.5165472534971	0.26810154525386315	0.10269532582736267	0.4388426849201166
lcl|MCFH01000001.1_cds_ORX61015.1_277 [locus_tag=BCR36DRAFT_401287] [db_xref=InterPro:IPR009563,JGIDB:Pirfi3_401287] [protein=hypothetical protein] [protein_id=ORX61015.1] [location=join(1415442..1415510,1415617..1415649,1415748..1415832,1415947..1415988,1416119..1416270,1416363..1416415,1416495..1416672,1416741..1416986)] [gbkey=CDS]	40.54143627310393	0.7757657088478493	0.44	0.25704225352112675	0.10909090909090909	0.4401399549853948
lcl|MCFH01000001.1_cds_ORX61016.1_278 [locus_tag=BCR36DRAFT_315148] [db_xref=InterPro:IPR000357,JGIDB:Pirfi3_315148] [protein=ARM repeat-containing protein] [protein_id=ORX61016.1] [location=complement(join(1417374..1417613,1417720..1417787,1417888..1420006,1420106..1421365,1421463..1421567,1421698..1421807,1421898..1422107,1422207..1422308,1422410..1422494,1422571..1422683,1422767..1423001,1423225..1423296,1423386..1423580,1423662..1423823,1423888..1423977,1424088..1424189,1424333..1424446,1424536..1424648,1424725..1424923,1425050..1425140,1425239..1425318,1425386..1425512,1425630..1425826,1425961..1426017))] [gbkey=CDS]	38.52666255984583	0.7251897149875227	0.43928035982008995	0.2931089743589744	0.11294352823588207	0.4397959702907554
lcl|MCFH01000001.1_cds_ORX61017.1_279 [locus_tag=BCR36DRAFT_394163] [db_xref=JGIDB:Pirfi3_394163] [protein=Dbl homology domain-containing protein] [protein_id=ORX61017.1] [location=complement(join(1426988..1427361,1427507..1427720,1427811..1428003,1428117..1428289,1428392..1428475,1428559..1428645))] [gbkey=CDS]	39.598857084519786	0.7785772424449234	0.4155124653739612	0.24396782841823056	0.09418282548476455	0.4411971467208414
lcl|MCFH01000001.1_cds_ORX61018.1_280 [locus_tag=BCR36DRAFT_394165] [db_xref=InterPro:IPR002219,JGIDB:Pirfi3_394165] [protein=hypothetical protein] [protein_id=ORX61018.1] [location=complement(join(1428951..1429051,1429127..1429322,1429408..1429686,1429768..1429856,1429956..1430100,1430200..1430388,1430454..1430620,1430836..1431229,1431310..1431351))] [gbkey=CDS]	41.111537539053906	0.710926294861688	0.3764478764478765	0.23558897243107768	0.12934362934362933	0.4358671669886431
lcl|MCFH01000001.1_cds_ORX61019.1_281 [locus_tag=BCR36DRAFT_272286] [db_xref=JGIDB:Pirfi3_272286] [protein=hypothetical protein] [protein_id=ORX61019.1] [location=complement(join(1431298..1431731,1431842..1432616))] [gbkey=CDS]	40.75726152217241	0.8135451625165255	0.3822784810126582	0.20947630922693267	0.08354430379746836	0.4363592541032206
lcl|MCFH01000001.1_cds_ORX61020.1_282 [locus_tag=BCR36DRAFT_341175] [db_xref=JGIDB:Pirfi3_341175] [protein=hypothetical protein] [protein_id=ORX61020.1] [location=join(1433414..1433467,1433579..1433634,1433716..1433726,1433801..1433873,1433949..1434060)] [gbkey=CDS]	44.22903574987246	0.7639280357837357	0.5102040816326531	0.32666666666666666	0.10204081632653061	0.43969775988623366
lcl|MCFH01000001.1_cds_ORX61021.1_283 [locus_tag=BCR36DRAFT_315160] [db_xref=InterPro:IPR001138,JGIDB:Pirfi3_315160] [protein=hypothetical protein] [protein_id=ORX61021.1] [location=join(1436421..1437648,1437787..1437873,1437946..1438145,1438237..1438405,1438543..1439291)] [gbkey=CDS]	39.441539890068356	0.7395053969593602	0.3726474278544542	0.27111660486196953	0.11668757841907151	0.44253479234193405
lcl|MCFH01000001.1_cds_ORX61022.1_284 [locus_tag=BCR36DRAFT_408006] [db_xref=JGIDB:Pirfi3_408006] [protein=hypothetical protein] [protein_id=ORX61022.1] [location=complement(join(1439848..1439955,1440069..1440190,1440261..1440435,1440560..1440699,1440782..1440848,1441012..1441128,1441200..1441361))] [gbkey=CDS]	40.7138969047241	0.765735538963492	0.40955631399317405	0.2271186440677966	0.11604095563139932	0.4369892807937761
lcl|MCFH01000001.1_cds_ORX61024.1_286 [locus_tag=BCR36DRAFT_408009] [db_xref=InterPro:IPR007087,JGIDB:Pirfi3_408009] [protein=hypothetical protein] [protein_id=ORX61024.1] [location=complement(join(1447243..1448162,1448235..1448766))] [gbkey=CDS]	39.987899183680796	0.7555674250281028	0.4978902953586498	0.29806362378976486	0.0949367088607595	0.43945031602271367
lcl|MCFH01000001.1_cds_ORX61025.1_287 [locus_tag=BCR36DRAFT_272524] [db_xref=InterPro:IPR001374,JGIDB:Pirfi3_272524] [protein=hypothetical protein] [protein_id=ORX61025.1] [location=complement(join(1463954..1464060,1464160..1464840,1464977..1465152,1465238..1465302))] [gbkey=CDS]	40.75316141269455	0.7949060577899848	0.49107142857142855	0.24633431085043989	0.10714285714285714	0.43532945665480804
lcl|MCFH01000001.1_cds_ORX61026.1_288 [locus_tag=BCR36DRAFT_341184] [db_xref=JGIDB:Pirfi3_341184] [protein=hypothetical protein] [protein_id=ORX61026.1] [location=complement(join(1466637..1467670,1467786..1467876,1467970..1468106,1468204..1468389,1468514..1468604,1468710..1468757,1468853..1468898,1468991..1469273,1469388..1469604,1469815..1470048,1470145..1471011,1471102..1471170))] [gbkey=CDS]	41.844402267628546	0.7356202577551806	0.419234360410831	0.2308158932362754	0.12791783380018673	0.4367108580730994
lcl|MCFH01000001.1_cds_ORX61027.1_289 [locus_tag=BCR36DRAFT_315169] [db_xref=InterPro:IPR001580,JGIDB:Pirfi3_315169] [protein=calreticulin] [protein_id=ORX61027.1] [location=join(1473249..1473395,1473553..1473592,1473690..1474117,1474208..1474254,1474460..1474560,1474647..1474711,1474800..1474853,1475064..1475531)] [gbkey=CDS]	38.467304479481776	0.7720011107187646	0.5253456221198156	0.29910714285714285	0.1497695852534562	0.436022573633498
lcl|MCFH01000001.1_cds_ORX61028.1_290 [locus_tag=BCR36DRAFT_341190] [db_xref=InterPro:IPR002048,JGIDB:Pirfi3_341190] [protein=hypothetical protein] [protein_id=ORX61028.1] [location=join(1476715..1477036,1477184..1477516,1477630..1477785,1477906..1477988,1478078..1478204,1478304..1478377,1478482..1478607,1478694..1479180,1479340..1479818,1479897..1480019,1480129..1480411,1480524..1480726)] [gbkey=CDS]	37.91264471385663	0.7662014611912251	0.4349726775956284	0.25197132616487455	0.11038251366120219	0.44124872784477087
lcl|MCFH01000001.1_cds_ORX61030.1_292 [locus_tag=BCR36DRAFT_341194] [db_xref=JGIDB:Pirfi3_341194] [protein=hypothetical protein] [protein_id=ORX61030.1] [location=join(1489482..1489656,1489765..1490177)] [gbkey=CDS]	43.07930958221501	0.7117866674736797	0.3368421052631579	0.2646048109965636	0.12105263157894737	0.43107233155651176
lcl|MCFH01000001.1_cds_ORX61031.1_293 [locus_tag=BCR36DRAFT_341197] [db_xref=JGIDB:Pirfi3_341197] [protein=hypothetical protein] [protein_id=ORX61031.1] [location=complement(join(1491020..1491591,1491691..1491777,1491863..1492007,1492109..1492284,1492378..1492636,1492717..1492941,1493063..1493089))] [gbkey=CDS]	41.1316089751688	0.7125826387660575	0.38016528925619836	0.21818181818181817	0.1384297520661157	0.43771692097353354
lcl|MCFH01000001.1_cds_ORX61032.1_294 [locus_tag=BCR36DRAFT_579093] [db_xref=InterPro:IPR001813,JGIDB:Pirfi3_579093] [protein=hypothetical protein] [protein_id=ORX61032.1] [location=join(1494140..1494208,1494553..1494676,1494785..1494901,1494997..1495010)] [gbkey=CDS]	37.47554376329588	0.6053715626655853	0.819047619047619	0.4779874213836478	0.3238095238095238	0.4304067843331469
lcl|MCFH01000001.1_cds_ORX61033.1_295 [locus_tag=BCR36DRAFT_579094] [db_xref=JGIDB:Pirfi3_579094] [protein=hypothetical protein] [protein_id=ORX61033.1] [location=complement(join(1495231..1495369,1495529..1495653,1495722..1495822,1495969..1496056,1496200..1496310,1497549..1497655,1497903..1497909))] [gbkey=CDS]	44.55447013798075	0.6450061946922655	0.4835680751173709	0.31398809523809523	0.15023474178403756	0.43869278069045786
lcl|MCFH01000001.1_cds_ORX61034.1_296 [locus_tag=BCR36DRAFT_5638] [db_xref=InterPro:IPR007087,JGIDB:Pirfi3_5638] [protein=hypothetical protein] [protein_id=ORX61034.1] [location=complement(join(1499088..1499244,1499347..1499992,1500111..1500281,1500562..1501156))] [gbkey=CDS]	43.388407732563664	0.6866320227718438	0.3683168316831683	0.2437619961612284	0.15841584158415842	0.4375222469397115
lcl|MCFH01000001.1_cds_ORX61035.1_297 [locus_tag=BCR36DRAFT_5645] [db_xref=JGIDB:Pirfi3_5645] [protein=hypothetical protein] [protein_id=ORX61035.1] [location=complement(1502347..1503366)] [gbkey=CDS]	39.77853209385093	0.7285232014904771	0.2656716417910448	0.1814595660749507	0.09850746268656717	0.4453802836683186
lcl|MCFH01000001.1_cds_ORX61036.1_298 [locus_tag=BCR36DRAFT_365620] [db_xref=InterPro:IPR000504,InterPro:IPR007042,InterPro:IPR007087,JGIDB:Pirfi3_365620] [protein=hypothetical protein] [protein_id=ORX61036.1] [location=complement(join(1505595..1505679,1506265..1507028,1507362..1507589,1507674..1507814,1507923..1508250,1508337..1508527))] [gbkey=CDS]	38.44925760775694	0.7718922765494143	0.47454545454545455	0.30271519352975157	0.12727272727272726	0.44048678065198643
lcl|MCFH01000001.1_cds_ORX61037.1_299 [locus_tag=BCR36DRAFT_5684] [db_xref=JGIDB:Pirfi3_5684] [protein=hypothetical protein] [protein_id=ORX61037.1] [location=complement(join(1508624..1508721,1508816..1508824,1508923..1509024,1509191..1509353))] [gbkey=CDS]	42.040708506422355	0.7897066498002769	0.3565217391304348	0.32786885245901637	0.08695652173913043	0.438950571983655
lcl|MCFH01000001.1_cds_ORX61039.1_301 [locus_tag=BCR36DRAFT_579097] [db_xref=InterPro:IPR013126,JGIDB:Pirfi3_579097] [protein=er hsp70 chaperone] [protein_id=ORX61039.1] [location=1518624..1520612] [gbkey=CDS]	30.837584766472993	0.6789051616429046	0.8159509202453987	0.3817448310640444	0.2668711656441718	0.43183641123214495
lcl|MCFH01000001.1_cds_ORX61040.1_302 [locus_tag=BCR36DRAFT_579105] [db_xref=InterPro:IPR002110,JGIDB:Pirfi3_579105] [protein=hypothetical protein] [protein_id=ORX61040.1] [location=join(1556052..1556208,1556334..1556405,1556493..1556607,1556861..1557095,1557293..1559347)] [gbkey=CDS]	42.290796598189694	0.6819839947955763	0.41753171856978083	0.3184931506849315	0.14071510957324107	0.4385085208407355
lcl|MCFH01000001.1_cds_ORX61041.1_303 [locus_tag=BCR36DRAFT_341210] [db_xref=InterPro:IPR004331,JGIDB:Pirfi3_341210] [protein=hypothetical protein] [protein_id=ORX61041.1] [location=complement(join(1560639..1560878,1561071..1561634,1561819..1561979,1562104..1562326,1562542..1562733,1562816..1562915,1563079..1563137))] [gbkey=CDS]	39.14146214615337	0.7666257992023704	0.494	0.2667971298108284	0.124	0.4394956616168304
lcl|MCFH01000001.1_cds_ORX61042.1_304 [locus_tag=BCR36DRAFT_315195] [db_xref=InterPro:IPR005814,JGIDB:Pirfi3_315195] [protein=acetylornithine and succinylornithine aminotransferase] [protein_id=ORX61042.1] [location=complement(join(1573234..1574108,1574231..1574609,1574715..1574765,1574871..1574963))] [gbkey=CDS]	33.86460962793087	0.7695744345011112	0.7396963123644251	0.3369252873563218	0.17787418655097614	0.4320259706244035
lcl|MCFH01000001.1_cds_ORX61043.1_305 [locus_tag=BCR36DRAFT_579112] [db_xref=InterPro:IPR002100,JGIDB:Pirfi3_579112] [protein=hypothetical protein] [protein_id=ORX61043.1] [location=complement(join(1581063..1582240,1582326..1582359))] [gbkey=CDS]	37.987119454915906	0.7566213464349437	0.5240506329113924	0.33499170812603646	0.09367088607594937	0.4405739922674822
lcl|MCFH01000001.1_cds_ORX61044.1_306 [locus_tag=BCR36DRAFT_341218] [db_xref=InterPro:IPR001650,InterPro:IPR006575,InterPro:IPR007502,InterPro:IPR011545,InterPro:IPR011709,JGIDB:Pirfi3_341218] [protein=P-loop containing nucleoside triphosphate hydrolase protein] [protein_id=ORX61044.1] [location=complement(join(1592131..1592261,1592412..1592642,1592759..1592954,1593073..1593141,1593262..1593382,1593561..1593817,1593916..1594210,1594306..1594752,1594954..1596254,1596407..1596495,1596638..1596809,1596917..1597266,1597358..1597487,1597606..1597663,1598023..1598179,1598294..1598309))] [gbkey=CDS]	37.76865353636633	0.7408509285858355	0.5388162951575711	0.2982062780269058	0.15219062259800153	0.4392650349057064
lcl|MCFH01000001.1_cds_ORX61045.1_307 [locus_tag=BCR36DRAFT_579114] [db_xref=JGIDB:Pirfi3_579114] [protein=hypothetical protein] [protein_id=ORX61045.1] [location=join(1600555..1601240,1601391..1602064,1602185..1603597,1603866..1604119)] [gbkey=CDS]	38.53985496156542	0.7186968346874393	0.47715736040609136	0.34193975504799734	0.10761421319796954	0.43792657262819384
lcl|MCFH01000001.1_cds_ORX61046.1_308 [locus_tag=BCR36DRAFT_315206] [db_xref=JGIDB:Pirfi3_315206] [protein=ribosomal protein L1] [protein_id=ORX61046.1] [location=join(1605000..1605026,1605234..1605382,1605539..1605653,1605789..1605937,1606095..1606193,1606335..1606518)] [gbkey=CDS]	43.405088151429325	0.7317755783600781	0.4957627118644068	0.2691771269177127	0.13983050847457626	0.43789338928300475
lcl|MCFH01000001.1_cds_ORX61047.1_309 [locus_tag=BCR36DRAFT_365631] [db_xref=JGIDB:Pirfi3_365631] [protein=hypothetical protein] [protein_id=ORX61047.1] [location=complement(1607670..1610060)] [gbkey=CDS]	37.24184575064502	0.7663743019930511	0.45225464190981435	0.3111111111111111	0.09946949602122016	0.44478013557212914
lcl|MCFH01000001.1_cds_ORX61048.1_310 [locus_tag=BCR36DRAFT_315211] [db_xref=InterPro:IPR008384,JGIDB:Pirfi3_315211] [protein=ARP23 complex 20 kDa subunit] [protein_id=ORX61048.1] [location=join(1615516..1615518,1616392..1616510,1616627..1616834,1616990..1617132,1617237..1617264,1617357..1617368)] [gbkey=CDS]	38.72241848556379	0.8183310880992228	0.6727272727272727	0.28205128205128205	0.12727272727272726	0.43371152603252106
lcl|MCFH01000001.1_cds_ORX61049.1_311 [locus_tag=BCR36DRAFT_341229] [db_xref=JGIDB:Pirfi3_341229] [protein=hypothetical protein] [protein_id=ORX61049.1] [location=join(1619299..1619634,1619740..1619959,1620098..1620675,1620806..1622242)] [gbkey=CDS]	42.64108584502498	0.7102920880712577	0.33373349339735897	0.2432748538011696	0.13085234093637454	0.4352338837145055
lcl|MCFH01000001.1_cds_ORX61050.1_312 [locus_tag=BCR36DRAFT_315215] [db_xref=InterPro:IPR001163,JGIDB:Pirfi3_315215] [protein=Sm-like ribonucleo protein] [protein_id=ORX61050.1] [location=complement(join(1622676..1622699,1622820..1622873,1622958..1623042,1623144..1623154,1623405..1623530))] [gbkey=CDS]	45.173595936457126	0.7567926730685137	0.5263157894736842	0.3197278911564626	0.10526315789473684	0.42933861614208635
lcl|MCFH01000001.1_cds_ORX61053.1_315 [locus_tag=BCR36DRAFT_365636] [db_xref=JGIDB:Pirfi3_365636] [protein=EF-hand calcium-binding domain-containing protein 10-like protein] [protein_id=ORX61053.1] [location=complement(join(1629293..1629332,1629412..1629502,1629608..1629713,1629803..1629852,1629986..1630056,1630382..1630458))] [gbkey=CDS]	44.6394273315005	0.7449030254992166	0.4172661870503597	0.26107226107226106	0.11510791366906475	0.4463710346508946
lcl|MCFH01000001.1_cds_ORX61054.1_316 [locus_tag=BCR36DRAFT_408034] [db_xref=JGIDB:Pirfi3_408034] [protein=hypothetical protein] [protein_id=ORX61054.1] [location=join(1631240..1631411,1631541..1631603,1631783..1631915,1632005..1632099,1632196..1632335,1632428..1632528,1632622..1632709,1632791..1632889,1632963..1633170,1633256..1633560,1633678..1633834,1633937..1634059,1634205..1634542,1634633..1634704,1634790..1634931,1635019..1635125,1635219..1635389,1635472..1635621,1635772..1636134)] [gbkey=CDS]	39.097633800199915	0.7530480709102466	0.47715736040609136	0.24197285666997684	0.12588832487309645	0.4378775369231963
lcl|MCFH01000001.1_cds_ORX61056.1_318 [locus_tag=BCR36DRAFT_408036] [db_xref=JGIDB:Pirfi3_408036] [protein=hypothetical protein] [protein_id=ORX61056.1] [location=join(1642571..1642585,1642732..1642979,1643067..1643125,1643202..1643242,1643325..1643408,1643496..1643559,1643649..1643975,1644069..1644685)] [gbkey=CDS]	39.84649195945609	0.7743250867411258	0.5173160173160173	0.27398205659075225	0.11688311688311688	0.43656042046190247
lcl|MCFH01000001.1_cds_ORX61057.1_319 [locus_tag=BCR36DRAFT_408037] [db_xref=JGIDB:Pirfi3_408037] [protein=hypothetical protein] [protein_id=ORX61057.1] [location=complement(join(1644924..1644943,1645200..1645270,1645715..1646676))] [gbkey=CDS]	41.54796556431523	0.7564399271680182	0.3808139534883721	0.2177650429799427	0.11337209302325581	0.44244748746662416
lcl|MCFH01000001.1_cds_ORX61058.1_320 [locus_tag=BCR36DRAFT_579122] [db_xref=InterPro:IPR013766,JGIDB:Pirfi3_579122] [protein=hypothetical protein] [protein_id=ORX61058.1] [location=join(1648146..1648191,1648301..1648598,1648709..1648851,1648937..1650570,1650682..1651572)] [gbkey=CDS]	37.555762320216736	0.7621447635506488	0.4691607684529828	0.2358616101131071	0.12537917087967643	0.4370889655963379
lcl|MCFH01000001.1_cds_ORX61059.1_321 [locus_tag=BCR36DRAFT_408039] [db_xref=JGIDB:Pirfi3_408039] [protein=hypothetical protein] [protein_id=ORX61059.1] [location=complement(join(1652893..1653019,1654587..1658044))] [gbkey=CDS]	37.06074398805095	0.7282051260083032	0.5986509274873525	0.3070690136909751	0.18549747048903878	0.4364369613469395
lcl|MCFH01000001.1_cds_ORX61060.1_322 [locus_tag=BCR36DRAFT_6175] [db_xref=JGIDB:Pirfi3_6175] [protein=hypothetical protein] [protein_id=ORX61060.1] [location=complement(1662061..1663269)] [gbkey=CDS]	41.74940110796064	0.7426271892996047	0.43037974683544306	0.24189526184538654	0.13164556962025317	0.43587024881919906
lcl|MCFH01000001.1_cds_ORX61061.1_323 [locus_tag=BCR36DRAFT_6178] [db_xref=JGIDB:Pirfi3_6178] [protein=hypothetical protein] [protein_id=ORX61061.1] [location=complement(1665024..1669073)] [gbkey=CDS]	41.8239090378036	0.7412011567693164	0.3592233009708738	0.22205736894164194	0.12322628827483197	0.4353155701562686
lcl|MCFH01000001.1_cds_ORX61062.1_324 [locus_tag=BCR36DRAFT_341247] [db_xref=InterPro:IPR005345,JGIDB:Pirfi3_341247] [protein=PHD finger-like domain-containing protein 5A-like protein] [protein_id=ORX61062.1] [location=join(1670365..1670368,1670665..1670679,1670780..1670812,1670910..1670932,1671026..1671169,1671250..1671293,1671375..1671444)] [gbkey=CDS]	47.791132401875906	0.6529165273554458	0.41284403669724773	0.3516819571865443	0.1926605504587156	0.43854617662897716
lcl|MCFH01000001.1_cds_ORX61064.1_326 [locus_tag=BCR36DRAFT_6202] [db_xref=InterPro:IPR017442,JGIDB:Pirfi3_6202] [protein=hypothetical protein] [protein_id=ORX61064.1] [location=complement(join(1674510..1674988,1675081..1675543))] [gbkey=CDS]	36.46715128274963	0.8143066893684602	0.63	0.3002136752136752	0.11333333333333333	0.4375991421068038
lcl|MCFH01000001.1_cds_ORX61065.1_327 [locus_tag=BCR36DRAFT_315243] [db_xref=InterPro:IPR004013,JGIDB:Pirfi3_315243] [protein=histidinol phosphate phosphatase H] [protein_id=ORX61065.1] [location=complement(join(1677057..1677275,1677368..1677889,1678093..1678257))] [gbkey=CDS]	42.179754611357325	0.739855165451485	0.4383561643835616	0.2877777777777778	0.1232876712328767	0.4390392462421203
lcl|MCFH01000001.1_cds_ORX61066.1_328 [locus_tag=BCR36DRAFT_341263] [db_xref=InterPro:IPR000904,JGIDB:Pirfi3_341263] [protein=Sec7-domain-containing protein] [protein_id=ORX61066.1] [location=complement(join(1678814..1679164,1679260..1679758,1679859..1680116,1680187..1681480,1681605..1681895,1682039..1682156,1682269..1684078,1684169..1684229,1684383..1684613,1684707..1684838,1684940..1684997,1685108..1685362))] [gbkey=CDS]	36.44278250204218	0.7771944794850439	0.507807981492192	0.2765321375186846	0.10873337189126663	0.4392142867752922
lcl|MCFH01000001.1_cds_ORX61067.1_329 [locus_tag=BCR36DRAFT_401319] [db_xref=InterPro:IPR002759,JGIDB:Pirfi3_401319] [protein=hypothetical protein] [protein_id=ORX61067.1] [location=join(1687946..1688070,1688179..1688337,1688424..1688559)] [gbkey=CDS]	44.0413401867914	0.6651419997471769	0.35036496350364965	0.28019323671497587	0.15328467153284672	0.44744612804139683
lcl|MCFH01000001.1_cds_ORX61068.1_330 [locus_tag=BCR36DRAFT_401320] [db_xref=JGIDB:Pirfi3_401320] [protein=hypothetical protein] [protein_id=ORX61068.1] [location=complement(1689252..1690589)] [gbkey=CDS]	40.17547016840667	0.7669278028470221	0.4258823529411765	0.26876876876876876	0.08941176470588236	0.4422064490811941
lcl|MCFH01000001.1_cds_ORX61069.1_331 [locus_tag=BCR36DRAFT_394198] [db_xref=InterPro:IPR000504,JGIDB:Pirfi3_394198] [protein=RNA-binding domain-containing protein] [protein_id=ORX61069.1] [location=complement(join(1692933..1693319,1693446..1693521,1693611..1693695,1693792..1693881,1693953..1694079,1694161..1694236,1694314..1694459,1694564..1694665,1694757..1694848,1694986..1695055))] [gbkey=CDS]	37.5650641358024	0.7741031149944887	0.5681818181818182	0.3413654618473896	0.1388888888888889	0.43783392138299704
lcl|MCFH01000001.1_cds_ORX61070.1_332 [locus_tag=BCR36DRAFT_579132] [db_xref=InterPro:IPR000357,JGIDB:Pirfi3_579132] [protein=hypothetical protein] [protein_id=ORX61070.1] [location=complement(join(1697400..1697545,1697638..1697808,1697964..1698166,1698314..1698644,1698763..1698842,1698924..1699042,1699152..1699256,1699363..1699904,1699992..1700120,1700207..1700296,1700404..1701058,1701142..1701309,1701400..1701550,1701661..1701761))] [gbkey=CDS]	39.293925474742075	0.7311973407953417	0.47216494845360824	0.288107202680067	0.11958762886597939	0.43978633671701417
lcl|MCFH01000001.1_cds_ORX61071.1_333 [locus_tag=BCR36DRAFT_315264] [db_xref=JGIDB:Pirfi3_315264] [protein=DNA-binding domain of Mlu1-box binding protein MBP1] [protein_id=ORX61071.1] [location=join(1706442..1706674,1706769..1707684)] [gbkey=CDS]	37.93735396389429	0.7976055910127718	0.5386740331491713	0.3114610673665792	0.11049723756906077	0.43971205533010826
lcl|MCFH01000001.1_cds_ORX61072.1_334 [locus_tag=BCR36DRAFT_408053] [db_xref=InterPro:IPR000535,JGIDB:Pirfi3_408053] [protein=hypothetical protein] [protein_id=ORX61072.1] [location=complement(join(1709779..1710444,1710633..1710742,1710832..1710909,1710984..1711037,1711129..1711147))] [gbkey=CDS]	39.76867838146255	0.7405813919483999	0.5526315789473685	0.2931596091205212	0.16447368421052633	0.4374234903151584
lcl|MCFH01000001.1_cds_ORX61075.1_337 [locus_tag=BCR36DRAFT_579136] [db_xref=JGIDB:Pirfi3_579136] [protein=hypothetical protein] [protein_id=ORX61075.1] [location=1717895..1718788] [gbkey=CDS]	36.30438039446214	0.6680487934799487	0.7902097902097902	0.36824324324324326	0.28321678321678323	0.4325916427956897
lcl|MCFH01000001.1_cds_ORX61076.1_338 [locus_tag=BCR36DRAFT_341293] [db_xref=InterPro:IPR002376,JGIDB:Pirfi3_341293] [protein=Formyltetrahydrofolate deformylase] [protein_id=ORX61076.1] [location=complement(1719544..1720416)] [gbkey=CDS]	37.85141905532215	0.7841829668865808	0.5921985815602837	0.30103806228373703	0.12056737588652482	0.4413408636395607
lcl|MCFH01000001.1_cds_ORX61077.1_339 [locus_tag=BCR36DRAFT_579138] [db_xref=InterPro:IPR014045,JGIDB:Pirfi3_579138] [protein=protein serine/threonine phosphatase 2C] [protein_id=ORX61077.1] [location=join(1721669..1721771,1721968..1722267,1722454..1722612,1722753..1722809,1722964..1723113,1723189..1723493)] [gbkey=CDS]	39.10518507871469	0.7578514520988521	0.3872832369942196	0.2818352059925094	0.0838150289017341	0.43956260861557367
lcl|MCFH01000001.1_cds_ORX61078.1_340 [locus_tag=BCR36DRAFT_408060] [db_xref=InterPro:IPR000504,JGIDB:Pirfi3_408060] [protein=hypothetical protein] [protein_id=ORX61078.1] [location=complement(join(1724291..1724422,1724543..1724646,1724751..1725155,1725272..1725413,1725576..1725686,1725805..1726019,1726121..1726269,1726400..1726679,1726811..1726861,1727643..1727652))] [gbkey=CDS]	37.21281396609168	0.7785413392123154	0.5174418604651163	0.31387319522912743	0.09883720930232558	0.4471231716080424
lcl|MCFH01000001.1_cds_ORX61079.1_341 [locus_tag=BCR36DRAFT_341300] [db_xref=InterPro:IPR001357,JGIDB:Pirfi3_341300] [protein=hypothetical protein] [protein_id=ORX61079.1] [location=join(1728465..1729269,1729362..1730231,1730356..1730754,1730845..1730937,1731073..1731245,1731309..1731380,1731486..1731587,1731738..1731789,1731950..1732389)] [gbkey=CDS]	41.61213873084414	0.7262096431547678	0.33908629441624366	0.23633333333333334	0.12588832487309645	0.4396235810587066
lcl|MCFH01000001.1_cds_ORX61080.1_342 [locus_tag=BCR36DRAFT_579142] [db_xref=InterPro:IPR005522,JGIDB:Pirfi3_579142] [protein=hypothetical protein] [protein_id=ORX61080.1] [location=complement(1733605..1735287)] [gbkey=CDS]	41.06627878811895	0.7449757657999543	0.4149908592321755	0.2564102564102564	0.13528336380255943	0.4368005535280397
lcl|MCFH01000001.1_cds_ORX61081.1_343 [locus_tag=BCR36DRAFT_579143] [db_xref=JGIDB:Pirfi3_579143] [protein=hypothetical protein] [protein_id=ORX61081.1] [location=join(1740193..1741666,1741827..1741834)] [gbkey=CDS]	41.55786788147412	0.7500982717180259	0.34156378600823045	0.22357723577235772	0.10082304526748971	0.4402023136749636
lcl|MCFH01000001.1_cds_ORX61083.1_345 [locus_tag=BCR36DRAFT_579144] [db_xref=JGIDB:Pirfi3_579144] [protein=hypothetical protein] [protein_id=ORX61083.1] [location=complement(1745577..1747865)] [gbkey=CDS]	43.86312961212667	0.6742258338230916	0.3951612903225806	0.27989487516425754	0.15591397849462366	0.4397135277539107
lcl|MCFH01000001.1_cds_ORX61084.1_346 [locus_tag=BCR36DRAFT_408065] [db_xref=JGIDB:Pirfi3_408065] [protein=hypothetical protein] [protein_id=ORX61084.1] [location=complement(join(1757313..1757880,1757952..1758229))] [gbkey=CDS]	42.98948796184189	0.7290297613336884	0.375	0.25476190476190474	0.11397058823529412	0.43904515482003553
lcl|MCFH01000001.1_cds_ORX61085.1_347 [locus_tag=BCR36DRAFT_272066] [db_xref=InterPro:IPR005843,InterPro:IPR005844,InterPro:IPR005845,InterPro:IPR005846,JGIDB:Pirfi3_272066] [protein=hypothetical protein] [protein_id=ORX61085.1] [location=join(1766601..1766837,1767101..1768531)] [gbkey=CDS]	32.611346629221615	0.7056718067487233	0.7666666666666667	0.3778580024067389	0.2462962962962963	0.4319961905330058
lcl|MCFH01000001.1_cds_ORX61086.1_348 [locus_tag=BCR36DRAFT_273637] [db_xref=JGIDB:Pirfi3_273637] [protein=hypothetical protein] [protein_id=ORX61086.1] [location=complement(join(1769389..1769583,1769715..1769794,1769932..1770083,1770201..1770400))] [gbkey=CDS]	44.02751015628706	0.727617814477949	0.36683417085427134	0.2608695652173913	0.11055276381909548	0.4361316953531839
lcl|MCFH01000001.1_cds_ORX61087.1_349 [locus_tag=BCR36DRAFT_6640] [db_xref=InterPro:IPR007087,JGIDB:Pirfi3_6640] [protein=hypothetical protein] [protein_id=ORX61087.1] [location=complement(join(1771319..1771776,1772218..1772302))] [gbkey=CDS]	43.616792573962435	0.6897440649688281	0.3707865168539326	0.2681564245810056	0.14606741573033707	0.44006327441640186
lcl|MCFH01000001.1_cds_ORX61088.1_350 [locus_tag=BCR36DRAFT_401338] [db_xref=InterPro:IPR001593,JGIDB:Pirfi3_401338] [protein=40S ribosomal protein S1] [protein_id=ORX61088.1] [location=complement(join(1773414..1774018,1774104..1774207,1774304..1774342,1774438..1774457))] [gbkey=CDS]	37.834370980839395	0.5691876664106681	0.7831325301204819	0.3989501312335958	0.3815261044176707	0.43244334229062026
lcl|MCFH01000001.1_cds_ORX61089.1_351 [locus_tag=BCR36DRAFT_408069] [db_xref=JGIDB:Pirfi3_408069] [protein=hypothetical protein] [protein_id=ORX61089.1] [location=join(1774810..1774840,1774919..1775041,1775206..1776840,1777011..1777249)] [gbkey=CDS]	41.40296896326705	0.7605937736523822	0.39334341906202724	0.21909000989119684	0.10136157337367625	0.43743818348424907
lcl|MCFH01000001.1_cds_ORX61090.1_352 [locus_tag=BCR36DRAFT_341320] [db_xref=InterPro:IPR002921,JGIDB:Pirfi3_341320] [protein=alpha/beta-hydrolase] [protein_id=ORX61090.1] [location=complement(join(1777591..1777716,1777820..1779144,1779288..1779541,1779655..1780460,1780559..1780706,1780851..1781362))] [gbkey=CDS]	39.24448174551468	0.7425988931950243	0.3905038759689923	0.2527646129541864	0.10852713178294573	0.44064580622959204
lcl|MCFH01000001.1_cds_ORX61091.1_353 [locus_tag=BCR36DRAFT_365674] [db_xref=InterPro:IPR012913,JGIDB:Pirfi3_365674] [protein=hypothetical protein] [protein_id=ORX61091.1] [location=join(1783408..1783557,1783686..1783868,1783974..1784237,1784324..1784474,1784658..1785445)] [gbkey=CDS]	39.97887998670746	0.740379978523967	0.4589178356713427	0.2856209150326797	0.1282565130260521	0.43546393048185233
lcl|MCFH01000001.1_cds_ORX61092.1_354 [locus_tag=BCR36DRAFT_579152] [db_xref=JGIDB:Pirfi3_579152] [protein=hypothetical protein] [protein_id=ORX61092.1] [location=join(1788176..1788570,1788668..1789802,1789890..1789996,1790094..1790425,1790864..1791267)] [gbkey=CDS]	35.533342138055076	0.7934717312999651	0.5757978723404256	0.31685678073510776	0.11702127659574468	0.4402361313161
lcl|MCFH01000001.1_cds_ORX61093.1_355 [locus_tag=BCR36DRAFT_408073] [db_xref=JGIDB:Pirfi3_408073] [protein=hypothetical protein] [protein_id=ORX61093.1] [location=join(1792259..1792540,1792861..1792891,1793003..1793048,1793135..1793420,1793529..1793784,1793869..1794032,1794125..1794184,1794271..1794391,1794484..1794698,1794777..1794836)] [gbkey=CDS]	42.713102108822746	0.7223453501084106	0.4073319755600815	0.24884488448844885	0.12423625254582485	0.4432400691218448
lcl|MCFH01000001.1_cds_ORX61094.1_356 [locus_tag=BCR36DRAFT_341330] [db_xref=JGIDB:Pirfi3_341330] [protein=hypothetical protein] [protein_id=ORX61094.1] [location=join(1795561..1795797,1795885..1795915,1796012..1796057,1796155..1796434,1796562..1796817,1796938..1797101,1797229..1797288,1797373..1797493,1797606..1797820,1797907..1797975)] [gbkey=CDS]	41.340694047977586	0.7290567601982711	0.41386554621848737	0.24236252545824846	0.11764705882352941	0.44244518420055307
lcl|MCFH01000001.1_cds_ORX61095.1_357 [locus_tag=BCR36DRAFT_579155] [db_xref=InterPro:IPR001251,InterPro:IPR008273,JGIDB:Pirfi3_579155] [protein=hypothetical protein] [protein_id=ORX61095.1] [location=1802302..1803366] [gbkey=CDS]	39.07607670005597	0.782028409086557	0.5406976744186046	0.29178470254957506	0.13372093023255813	0.4402015966342466
lcl|MCFH01000001.1_cds_ORX61096.1_358 [locus_tag=BCR36DRAFT_394222] [db_xref=InterPro:IPR000192,JGIDB:Pirfi3_394222] [protein=PLP-dependent transferase] [protein_id=ORX61096.1] [location=complement(join(1804784..1805431,1805683..1806549))] [gbkey=CDS]	36.39415343873536	0.7769055339654812	0.6036960985626283	0.3452617627567926	0.11088295687885011	0.43903633562546185
lcl|MCFH01000001.1_cds_ORX61097.1_359 [locus_tag=BCR36DRAFT_408078] [db_xref=JGIDB:Pirfi3_408078] [protein=hypothetical protein] [protein_id=ORX61097.1] [location=complement(join(1808381..1808751,1809044..1809707))] [gbkey=CDS]	37.56999930935213	0.8097546922406466	0.5178571428571429	0.2847424684159378	0.10416666666666667	0.439097321514142
lcl|MCFH01000001.1_cds_ORX61098.1_360 [locus_tag=BCR36DRAFT_341341] [db_xref=InterPro:IPR004837,JGIDB:Pirfi3_341341] [protein=calcium/proton exchanger] [protein_id=ORX61098.1] [location=complement(join(1810759..1811219,1811286..1811461,1811605..1811702,1811796..1811880,1811949..1811998,1812098..1812182,1812281..1812299,1812438..1812687))] [gbkey=CDS]	41.437805736292326	0.7110752465996023	0.5	0.27586206896551724	0.1377551020408163	0.44250974158689405
lcl|MCFH01000001.1_cds_ORX61099.1_361 [locus_tag=BCR36DRAFT_408080] [db_xref=InterPro:IPR001611,JGIDB:Pirfi3_408080] [protein=L domain-like protein] [protein_id=ORX61099.1] [location=complement(join(1813524..1813545,1813641..1813709,1813793..1813861,1813949..1814017,1814128..1814196,1814275..1814337,1814414..1814482,1814566..1814634,1814718..1814786,1814889..1814957,1815052..1815120,1815229..1815297,1815393..1815461,1815548..1815616,1815713..1815781,1815862..1815930,1816005..1816073,1816185..1816253,1816322..1816390,1816469..1816537,1816636..1817994,1818084..1818152,1818236..1818304,1818389..1818804))] [gbkey=CDS]	40.509391987854364	0.7049543963810717	0.375	0.21985157699443414	0.146455223880597	0.436515867095067
lcl|MCFH01000001.1_cds_ORX61100.1_362 [locus_tag=BCR36DRAFT_408082] [db_xref=InterPro:IPR008250,JGIDB:Pirfi3_408082] [protein=hypothetical protein] [protein_id=ORX61100.1] [location=join(1819938..1821720,1821817..1822044,1822258..1822767,1822865..1822982,1823080..1823458,1823580..1823864,1823953..1824044,1824160..1824283,1824360..1824405,1824507..1824657,1824729..1824877,1824969..1825192)] [gbkey=CDS]	36.86070201873271	0.7713032060469396	0.444106463878327	0.26696056820964975	0.10114068441064639	0.4398457766725417
lcl|MCFH01000001.1_cds_ORX61101.1_363 [locus_tag=BCR36DRAFT_579160] [db_xref=InterPro:IPR002883,JGIDB:Pirfi3_579160] [protein=hypothetical protein] [protein_id=ORX61101.1] [location=1827915..1829756] [gbkey=CDS]	36.262375724521434	0.7527079797968568	0.58290598290598294	0.35566448801742917	0.17094017094017094	0.4361763668361455
lcl|MCFH01000001.1_cds_ORX61102.1_364 [locus_tag=BCR36DRAFT_6913] [db_xref=JGIDB:Pirfi3_6913] [protein=hypothetical protein] [protein_id=ORX61102.1] [location=join(1839008..1839058,1839193..1839274,1839382..1839495,1839570..1839623,1839717..1839741,1839855..1839882,1839969..1840000,1840123..1840139,1840215..1840308,1840427..1840478,1840560..1840664,1840789..1841245,1841341..1841419,1841509..1841562,1841685..1841712,1841814..1842037,1842145..1842361,1842475..1842516,1842623..1842640,1842766..1842783,1842868..1843037,1843115..1843210,1843319..1843677,1843753..1843807,1843900..1843910,1843999..1844148,1844285..1844359,1844456..1844631,1844730..1844777,1844888..1845025)] [gbkey=CDS]	39.96194924621229	0.7286488217981101	0.43820224719101125	0.24975514201762977	0.12768130745658834	0.4430185200172722
lcl|MCFH01000001.1_cds_ORX61104.1_366 [locus_tag=BCR36DRAFT_579163] [db_xref=InterPro:IPR002110,JGIDB:Pirfi3_579163] [protein=ankyrin] [protein_id=ORX61104.1] [location=1847419..1853496] [gbkey=CDS]	39.421264671003044	0.7737842549941483	0.3796576032225579	0.18988801054018445	0.10775427995971802	0.4356089506809197
lcl|MCFH01000001.1_cds_ORX61105.1_367 [locus_tag=BCR36DRAFT_408087] [db_xref=InterPro:IPR001223,InterPro:IPR002883,JGIDB:Pirfi3_408087] [protein=hypothetical protein] [protein_id=ORX61105.1] [location=complement(join(1854075..1854240,1854338..1854454,1854569..1854976,1855090..1855244,1855329..1855515,1855607..1855619,1855723..1855980,1856231..1856411))] [gbkey=CDS]	38.160684905151825	0.752992749342801	0.47547974413646055	0.31575388776200136	0.13219616204690832	0.43463072351222204
lcl|MCFH01000001.1_cds_ORX61106.1_368 [locus_tag=BCR36DRAFT_365692] [db_xref=JGIDB:Pirfi3_365692] [protein=hypothetical protein] [protein_id=ORX61106.1] [location=join(1859005..1859087,1859174..1859450)] [gbkey=CDS]	44.08791858601294	0.770059632949988	0.5	0.2514124293785311	0.09482758620689655	0.4340436885532538
lcl|MCFH01000001.1_cds_ORX61107.1_369 [locus_tag=BCR36DRAFT_365693] [db_xref=JGIDB:Pirfi3_365693] [protein=hypothetical protein] [protein_id=ORX61107.1] [location=join(1859876..1859920,1860031..1860576)] [gbkey=CDS]	43.0151902056677	0.7183170641526179	0.4734042553191489	0.3094017094017094	0.13829787234042554	0.4380407705281572
lcl|MCFH01000001.1_cds_ORX61108.1_370 [locus_tag=BCR36DRAFT_439634] [db_xref=InterPro:IPR000873,InterPro:IPR014030,InterPro:IPR014031,JGIDB:Pirfi3_439634] [protein=ketoacyl-synt-domain-containing protein] [protein_id=ORX61108.1] [location=join(1862227..1862309,1862821..1863510,1863810..1863984,1864111..1868369,1868569..1868665)] [gbkey=CDS]	37.869229404099954	0.7050003828216806	0.5314685314685315	0.30143450358625895	0.1684149184149184	0.4354586111382136
lcl|MCFH01000001.1_cds_ORX61109.1_371 [locus_tag=BCR36DRAFT_579166] [db_xref=JGIDB:Pirfi3_579166] [protein=hypothetical protein] [protein_id=ORX61109.1] [location=1881978..1882613] [gbkey=CDS]	38.70854150479501	0.7369084539102038	0.6766169154228856	0.3047619047619048	0.1791044776119403	0.43244661081581465
lcl|MCFH01000001.1_cds_ORX61110.1_372 [locus_tag=BCR36DRAFT_315387] [db_xref=InterPro:IPR001680,InterPro:IPR015049,JGIDB:Pirfi3_315387] [protein=DUF1900-domain-containing protein] [protein_id=ORX61110.1] [location=complement(join(1886069..1886074,1886209..1886405,1886523..1887007,1887224..1887494,1887650..1887733,1887850..1887937,1888034..1888182,1888326..1888378,1888491..1889065,1889164..1889194,1889315..1889399,1889504..1889681,1889801..1889938,1890088..1890265,1890636..1891186))] [gbkey=CDS]	38.500383332926546	0.7323684013244405	0.5152129817444219	0.31733594515181196	0.14908722109533468	0.44149294484945506
lcl|MCFH01000001.1_cds_ORX61111.1_373 [locus_tag=BCR36DRAFT_315390] [db_xref=InterPro:IPR012445,JGIDB:Pirfi3_315390] [protein=hypothetical protein] [protein_id=ORX61111.1] [location=join(1891941..1891967,1892101..1892191,1892308..1892336,1892564..1892668,1892761..1892845,1892944..1893065,1893159..1893188,1893289..1893333)] [gbkey=CDS]	46.39770413192183	0.7099492263230306	0.4823529411764706	0.2537878787878788	0.1411764705882353	0.4398550085732404
lcl|MCFH01000001.1_cds_ORX61112.1_374 [locus_tag=BCR36DRAFT_408091] [db_xref=InterPro:IPR001452,JGIDB:Pirfi3_408091] [protein=hypothetical protein] [protein_id=ORX61112.1] [location=complement(join(1893693..1894467,1894593..1895344))] [gbkey=CDS]	39.43957222633915	0.764685520190674	0.5308641975308642	0.27481919789612097	0.13786008230452676	0.43588041893464774
lcl|MCFH01000001.1_cds_ORX61113.1_375 [locus_tag=BCR36DRAFT_7109] [db_xref=JGIDB:Pirfi3_7109] [protein=hypothetical protein] [protein_id=ORX61113.1] [location=join(1897457..1897559,1897834..1897924,1898149..1898252,1898368..1898540)] [gbkey=CDS]	47.7899769706045	0.641798678966848	0.3576158940397351	0.22795698924731184	0.1456953642384106	0.4431281525056147
lcl|MCFH01000001.1_cds_ORX61114.1_376 [locus_tag=BCR36DRAFT_365698] [db_xref=JGIDB:Pirfi3_365698] [protein=hypothetical protein] [protein_id=ORX61114.1] [location=join(1898542..1898578,1898684..1898847,1898960..1899258,1899350..1899557)] [gbkey=CDS]	43.62768402658721	0.748787947351718	0.48214285714285715	0.24216524216524216	0.125	0.43759914210680384
lcl|MCFH01000001.1_cds_ORX61115.1_377 [locus_tag=BCR36DRAFT_365699] [db_xref=InterPro:IPR000374,JGIDB:Pirfi3_365699] [protein=hypothetical protein] [protein_id=ORX61115.1] [location=join(1899715..1899908,1900029..1900092,1900175..1900321,1900429..1900542)] [gbkey=CDS]	42.66104879203292	0.7242068981883363	0.5337423312883436	0.30214424951267055	0.12883435582822086	0.4407615980936526
lcl|MCFH01000001.1_cds_ORX61116.1_378 [locus_tag=BCR36DRAFT_579171] [db_xref=InterPro:IPR000938,JGIDB:Pirfi3_579171] [protein=hypothetical protein] [protein_id=ORX61116.1] [location=complement(1901351..1906993)] [gbkey=CDS]	39.98196405760876	0.7376655293013492	0.43414634146341463	0.2552776299450062	0.12574525745257453	0.4378600852671006
lcl|MCFH01000001.1_cds_ORX61117.1_379 [locus_tag=BCR36DRAFT_401366] [db_xref=InterPro:IPR003653,JGIDB:Pirfi3_401366] [protein=cysteine proteinase] [protein_id=ORX61117.1] [location=join(1910883..1911066,1911549..1911827,1911940..1911968,1912068..1912101,1912194..1912378,1912456..1912507,1912600..1912711,1912793..1913017,1913110..1913172,1913363..1913416,1913490..1913603,1913690..1913776,1913845..1913949,1914209..1916527,1916621..1916692,1916772..1916844,1917000..1917098,1917202..1917642)] [gbkey=CDS]	40.28615347973378	0.7396563627799785	0.39783491204330174	0.24065472240654723	0.12178619756427606	0.4366312057197025
lcl|MCFH01000001.1_cds_ORX61118.1_380 [locus_tag=BCR36DRAFT_365702] [db_xref=JGIDB:Pirfi3_365702] [protein=hypothetical protein] [protein_id=ORX61118.1] [location=complement(1918890..1919198)] [gbkey=CDS]	42.050503920113705	0.7619394601781756	0.52	0.264026402640264	0.12	0.43765211035459545
lcl|MCFH01000001.1_cds_ORX61119.1_381 [locus_tag=BCR36DRAFT_579173] [db_xref=JGIDB:Pirfi3_579173] [protein=hypothetical protein] [protein_id=ORX61119.1] [location=1920474..1920638] [gbkey=CDS]	48.53072559300007	0.6971229121694579	0.43137254901960786	0.22641509433962265	0.1568627450980392	0.4304067843331468
lcl|MCFH01000001.1_cds_ORX61120.1_382 [locus_tag=BCR36DRAFT_7145] [db_xref=JGIDB:Pirfi3_7145] [protein=hypothetical protein] [protein_id=ORX61120.1] [location=1921009..1921176] [gbkey=CDS]	53.3701687248033	0.5927111670438989	0.43137254901960786	0.24691358024691357	0.21568627450980393	0.4304067843331469
lcl|MCFH01000001.1_cds_ORX61121.1_383 [locus_tag=BCR36DRAFT_273234] [db_xref=JGIDB:Pirfi3_273234] [protein=hypothetical protein] [protein_id=ORX61121.1] [location=1928250..1928537] [gbkey=CDS]	44.37489714468465	0.7498559474067313	0.41935483870967744	0.25177304964539005	0.0967741935483871	0.4475521351992322
lcl|MCFH01000001.1_cds_ORX61122.1_384 [locus_tag=BCR36DRAFT_579174] [db_xref=InterPro:IPR010401,JGIDB:Pirfi3_579174] [protein=hypothetical protein] [protein_id=ORX61122.1] [location=join(1931427..1931486,1931589..1931704,1931829..1931864,1931995..1932527,1932657..1933784,1933907..1934221,1934364..1934443,1934579..1934666,1935235..1935885,1936398..1936569,1936674..1938525)] [gbkey=CDS]	33.57385955118804	0.7813113812000896	0.6143831370117793	0.33691542288557214	0.13949163050216987	0.43699395686861253
lcl|MCFH01000001.1_cds_ORX61123.1_385 [locus_tag=BCR36DRAFT_394247] [db_xref=InterPro:IPR000756,InterPro:IPR001206,InterPro:IPR002219,JGIDB:Pirfi3_394247] [protein=hypothetical protein] [protein_id=ORX61123.1] [location=complement(join(1940419..1942036,1942170..1942812,1942913..1943198))] [gbkey=CDS]	37.954633709263646	0.7694376854361309	0.4601449275362319	0.2805981896890988	0.12077294685990338	0.44041235621610625
lcl|MCFH01000001.1_cds_ORX61124.1_386 [locus_tag=BCR36DRAFT_408100] [db_xref=JGIDB:Pirfi3_408100] [protein=hypothetical protein] [protein_id=ORX61124.1] [location=complement(join(1944357..1945276,1945369..1945414))] [gbkey=CDS]	44.338309285398594	0.7199328740815302	0.3987341772151899	0.21458333333333332	0.13924050632911392	0.4411467423286173
lcl|MCFH01000001.1_cds_ORX61125.1_387 [locus_tag=BCR36DRAFT_365709] [db_xref=InterPro:IPR002877,JGIDB:Pirfi3_365709] [protein=FtsJ 1] [protein_id=ORX61125.1] [location=join(1946578..1946605,1946767..1946835,1946933..1947081,1947180..1947303,1947459..1947523,1947625..1947781,1947900..1948043,1948121..1948164,1948262..1948369)] [gbkey=CDS]	37.76437766275478	0.8310093310084796	0.5536332179930796	0.2981859410430839	0.07958477508650519	0.4365665024694993
lcl|MCFH01000001.1_cds_ORX61126.1_388 [locus_tag=BCR36DRAFT_315413] [db_xref=InterPro:IPR001841,InterPro:IPR003034,JGIDB:Pirfi3_315413] [protein=hypothetical protein] [protein_id=ORX61126.1] [location=join(1948948..1949096,1949210..1949335,1949485..1949882,1949989..1950272,1950360..1950759,1950910..1951547)] [gbkey=CDS]	40.320648211077796	0.7468301662307404	0.36251920122887865	0.25037707390648567	0.1152073732718894	0.4389675508623969
lcl|MCFH01000001.1_cds_ORX61127.1_389 [locus_tag=BCR36DRAFT_408103] [db_xref=InterPro:IPR002048,JGIDB:Pirfi3_408103] [protein=Serine/threonine-protein phosphatase 2A regulatory subunit B] [protein_id=ORX61127.1] [location=complement(join(1952092..1952177,1952284..1952338,1952415..1952474,1952571..1952708,1952812..1952944,1953045..1953048,1953167..1953286,1953387..1953519,1953654..1953724,1953830..1953977,1954088..1954246,1954358..1954519))] [gbkey=CDS]	40.03981997523631	0.7584286902418108	0.39803439803439805	0.25257323832145684	0.11056511056511056	0.43948373056075163
lcl|MCFH01000001.1_cds_ORX61128.1_390 [locus_tag=BCR36DRAFT_408104] [db_xref=InterPro:IPR005821,JGIDB:Pirfi3_408104] [protein=hypothetical protein] [protein_id=ORX61128.1] [location=complement(join(1956045..1957315,1957401..1957548,1957665..1958174,1958268..1959666,1959769..1961195,1961539..1961843,1962035..1962410))] [gbkey=CDS]	40.42579492622352	0.7226312881996921	0.42215909090909093	0.24953959484346225	0.1318181818181818	0.4392046672562856
lcl|MCFH01000001.1_cds_ORX61129.1_391 [locus_tag=BCR36DRAFT_341431] [db_xref=InterPro:IPR005821,JGIDB:Pirfi3_341431] [protein=hypothetical protein] [protein_id=ORX61129.1] [location=complement(join(1964829..1967402,1967592..1968101,1968247..1971437,1971555..1971930))] [gbkey=CDS]	41.993677704982666	0.6993106329744044	0.4232018561484919	0.2654627539503386	0.15174013921113688	0.4379085164212507
lcl|MCFH01000001.1_cds_ORX61131.1_393 [locus_tag=BCR36DRAFT_394252] [db_xref=JGIDB:Pirfi3_394252] [protein=hypothetical protein] [protein_id=ORX61131.1] [location=complement(join(1976711..1976927,1977080..1977212,1977991..1978125,1978296..1978326))] [gbkey=CDS]	44.51281789263182	0.7683158559807105	0.40606060606060607	0.2627450980392157	0.12727272727272726	0.44718396767994195
lcl|MCFH01000001.1_cds_ORX61132.1_394 [locus_tag=BCR36DRAFT_273751] [db_xref=InterPro:IPR010378,JGIDB:Pirfi3_273751] [protein=DUF974-domain-containing protein] [protein_id=ORX61132.1] [location=join(1980252..1980798,1980877..1981379)] [gbkey=CDS]	41.903934870734766	0.728573771449513	0.5264705882352941	0.29118773946360155	0.13529411764705881	0.4395859992609408
lcl|MCFH01000001.1_cds_ORX61133.1_395 [locus_tag=BCR36DRAFT_341439] [db_xref=JGIDB:Pirfi3_341439] [protein=hypothetical protein] [protein_id=ORX61133.1] [location=join(1985515..1985559,1985654..1986775)] [gbkey=CDS]	44.21905852299331	0.6580818218535349	0.38873994638069703	0.29371231696813094	0.18498659517426275	0.434173491047839
lcl|MCFH01000001.1_cds_ORX61134.1_396 [locus_tag=BCR36DRAFT_365717] [db_xref=JGIDB:Pirfi3_365717] [protein=hypothetical protein] [protein_id=ORX61134.1] [location=complement(join(1988746..1988783,1988894..1989082,1989562..1989947,1990146..1990156))] [gbkey=CDS]	45.53981562077068	0.7516462657751137	0.445	0.23948220064724918	0.125	0.43584245424274193
lcl|MCFH01000001.1_cds_ORX61135.1_397 [locus_tag=BCR36DRAFT_273708] [db_xref=InterPro:IPR000922,InterPro:IPR008630,JGIDB:Pirfi3_273708] [protein=hypothetical protein] [protein_id=ORX61135.1] [location=complement(join(1992087..1992591,1992801..1993033,1993273..1993887))] [gbkey=CDS]	39.83846613009012	0.7662841368377259	0.41284403669724773	0.2739420935412027	0.11238532110091744	0.43726705256160026
lcl|MCFH01000001.1_cds_ORX61136.1_398 [locus_tag=BCR36DRAFT_365719] [db_xref=InterPro:IPR000922,InterPro:IPR008630,JGIDB:Pirfi3_365719] [protein=hypothetical protein] [protein_id=ORX61136.1] [location=complement(join(1996018..1996522,1996733..1996965,1997238..1998068))] [gbkey=CDS]	40.10919460137587	0.7478495912174064	0.4251968503937008	0.2693538067818298	0.11811023622047244	0.4383095391323983
lcl|MCFH01000001.1_cds_ORX61137.1_399 [locus_tag=BCR36DRAFT_579182] [db_xref=InterPro:IPR003455,JGIDB:Pirfi3_579182] [protein=polyketide synthesis O-methyltransferase] [protein_id=ORX61137.1] [location=1999428..2000261] [gbkey=CDS]	41.58866496303553	0.7781773126875176	0.4679245283018868	0.2524154589371981	0.10943396226415095	0.43893319453072854
lcl|MCFH01000001.1_cds_ORX61138.1_400 [locus_tag=BCR36DRAFT_579183] [db_xref=InterPro:IPR000182,JGIDB:Pirfi3_579183] [protein=acetyltransferase, GNAT family] [protein_id=ORX61138.1] [location=2001671..2002126] [gbkey=CDS]	45.11158743245534	0.7194835432762966	0.4444444444444444	0.29333333333333333	0.11805555555555555	0.4365786947740856
lcl|MCFH01000001.1_cds_ORX61139.1_401 [locus_tag=BCR36DRAFT_579184] [db_xref=JGIDB:Pirfi3_579184] [protein=hypothetical protein] [protein_id=ORX61139.1] [location=2006385..2007002] [gbkey=CDS]	45.2016344439294	0.6772307482528941	0.413265306122449	0.3349673202614379	0.1989795918367347	0.4373796816918851
lcl|MCFH01000001.1_cds_ORX61140.1_402 [locus_tag=BCR36DRAFT_341455] [db_xref=JGIDB:Pirfi3_341455] [protein=hypothetical protein] [protein_id=ORX61140.1] [location=complement(join(2008500..2009062,2009426..2009927))] [gbkey=CDS]	42.95333407233392	0.757682984908236	0.4265129682997118	0.24173748819641172	0.10951008645533142	0.4373143103226962
lcl|MCFH01000001.1_cds_ORX61141.1_403 [locus_tag=BCR36DRAFT_273316] [db_xref=JGIDB:Pirfi3_273316] [protein=hypothetical protein] [protein_id=ORX61141.1] [location=join(2010482..2010719,2010759..2011572,2011690..2012041)] [gbkey=CDS]	43.64866100025385	0.7398857805229492	0.40305010893246185	0.24248927038626608	0.12854030501089325	0.4365583754201703
lcl|MCFH01000001.1_cds_ORX61142.1_404 [locus_tag=BCR36DRAFT_579185] [db_xref=InterPro:IPR000612,JGIDB:Pirfi3_579185] [protein=UPF0057-domain-containing protein] [protein_id=ORX61142.1] [location=complement(2014519..2014692)] [gbkey=CDS]	47.47246966189324	0.562538425715924	0.7454545454545455	0.3630952380952381	0.32727272727272727	0.4315602596837601
lcl|MCFH01000001.1_cds_ORX61143.1_405 [locus_tag=BCR36DRAFT_7428] [db_xref=InterPro:IPR000195,JGIDB:Pirfi3_7428] [protein=hypothetical protein] [protein_id=ORX61143.1] [location=join(2020200..2020299,2020489..2020569,2020732..2020849,2021008..2021092,2021234..2021398,2021728..2021846,2022011..2022061,2022168..2022369)] [gbkey=CDS]	44.7698357675843	0.6890802629235414	0.42955326460481097	0.29617486338797816	0.14432989690721648	0.441763247035056
lcl|MCFH01000001.1_cds_ORX61144.1_406 [locus_tag=BCR36DRAFT_341461] [db_xref=JGIDB:Pirfi3_341461] [protein=hypothetical protein] [protein_id=ORX61144.1] [location=2026953..2028302] [gbkey=CDS]	45.968326776558925	0.6569203249441657	0.36036036036036034	0.26785714285714285	0.18468468468468469	0.434239387670482
lcl|MCFH01000001.1_cds_ORX61145.1_407 [locus_tag=BCR36DRAFT_272201] [db_xref=InterPro:IPR004254,JGIDB:Pirfi3_272201] [protein=HlyIII-domain-containing protein] [protein_id=ORX61145.1] [location=join(2030624..2030770,2030879..2031126,2031283..2031379,2031491..2031613,2031768..2031896,2032015..2032137)] [gbkey=CDS]	44.51912603140187	0.7067839494588966	0.5163636363636364	0.289198606271777	0.1709090909090909	0.43384806381289087
lcl|MCFH01000001.1_cds_ORX61146.1_408 [locus_tag=BCR36DRAFT_365730] [db_xref=InterPro:IPR015966,InterPro:IPR015968,JGIDB:Pirfi3_365730] [protein=hypothetical protein] [protein_id=ORX61146.1] [location=join(2034838..2035050,2035285..2035581,2035719..2035902,2036007..2036121,2036285..2036735,2036911..2038119)] [gbkey=CDS]	40.677719290917125	0.7282208610733423	0.5156445556946183	0.2850182704019488	0.1677096370463079	0.4356734884713342
lcl|MCFH01000001.1_cds_ORX61147.1_409 [locus_tag=BCR36DRAFT_7506] [db_xref=InterPro:IPR007217,JGIDB:Pirfi3_7506] [protein=hypothetical protein] [protein_id=ORX61147.1] [location=2045367..2046320] [gbkey=CDS]	42.44633462447931	0.7612455510569314	0.4899328859060403	0.28375527426160335	0.14429530201342283	0.43489544483268094
lcl|MCFH01000001.1_cds_ORX61148.1_410 [locus_tag=BCR36DRAFT_272152] [db_xref=JGIDB:Pirfi3_272152] [protein=hypothetical protein] [protein_id=ORX61148.1] [location=join(2050432..2050510,2050610..2050920)] [gbkey=CDS]	44.68576457163231	0.6688225237222375	0.616	0.3203125	0.256	0.4337584520906682
lcl|MCFH01000001.1_cds_ORX61149.1_411 [locus_tag=BCR36DRAFT_7517] [db_xref=InterPro:IPR006630,JGIDB:Pirfi3_7517] [protein=hypothetical protein] [protein_id=ORX61149.1] [location=join(2051154..2053216,2053348..2053363)] [gbkey=CDS]	33.057652655915774	0.6557003736338164	0.7473841554559043	0.35407621804148576	0.30792227204783257	0.43233651964690556
lcl|MCFH01000001.1_cds_ORX61150.1_412 [locus_tag=BCR36DRAFT_7544] [db_xref=JGIDB:Pirfi3_7544] [protein=hypothetical protein] [protein_id=ORX61150.1] [location=complement(join(2055648..2058230,2058456..2060216,2060400..2060429))] [gbkey=CDS]	45.03852829491485	0.702082815103282	0.3960811756473058	0.23443223443223443	0.15535339398180545	0.4348879736688438
lcl|MCFH01000001.1_cds_ORX61151.1_413 [locus_tag=BCR36DRAFT_408124] [db_xref=JGIDB:Pirfi3_408124] [protein=hypothetical protein] [protein_id=ORX61151.1] [location=complement(join(2061604..2062229,2062433..2062631,2062845..2063246))] [gbkey=CDS]	39.73228679039845	0.7791618348705762	0.5440806045340051	0.29238329238329236	0.12090680100755667	0.4380619896338298
lcl|MCFH01000001.1_cds_ORX61152.1_414 [locus_tag=BCR36DRAFT_579198] [db_xref=JGIDB:Pirfi3_579198] [protein=hypothetical protein] [protein_id=ORX61152.1] [location=2073258..2074703] [gbkey=CDS]	43.15448250110531	0.6997487339820861	0.4523809523809524	0.275	0.18181818181818182	0.43967715340095354
lcl|MCFH01000001.1_cds_ORX61153.1_415 [locus_tag=BCR36DRAFT_341477] [db_xref=JGIDB:Pirfi3_341477] [protein=hypothetical protein] [protein_id=ORX61153.1] [location=2078078..2079376] [gbkey=CDS]	43.215273628463066	0.7350179695331642	0.4033018867924528	0.2374323279195669	0.12735849056603774	0.4367579027519884
lcl|MCFH01000001.1_cds_ORX61155.1_417 [locus_tag=BCR36DRAFT_315473] [db_xref=JGIDB:Pirfi3_315473] [protein=hypothetical protein] [protein_id=ORX61155.1] [location=complement(join(2086789..2087472,2087518..2087991))] [gbkey=CDS]	43.530883016380486	0.7452176720748781	0.416	0.2326388888888889	0.12	0.43867447033971374
lcl|MCFH01000001.1_cds_ORX61156.1_418 [locus_tag=BCR36DRAFT_341482] [db_xref=JGIDB:Pirfi3_341482] [protein=hypothetical protein] [protein_id=ORX61156.1] [location=complement(join(2092724..2093771,2093852..2094192))] [gbkey=CDS]	40.17539885296282	0.7647527654194953	0.4592760180995475	0.26174981923355023	0.14027149321266968	0.4407256497280757
lcl|MCFH01000001.1_cds_ORX61157.1_419 [locus_tag=BCR36DRAFT_365740] [db_xref=InterPro:IPR001611,JGIDB:Pirfi3_365740] [protein=L domain-like protein] [protein_id=ORX61157.1] [location=join(2098039..2098180,2098263..2098650,2098740..2098820,2099114..2099185,2099274..2099345,2099427..2099498,2099613..2099832)] [gbkey=CDS]	43.96375183012651	0.7269062423884687	0.3905325443786982	0.23246878001921228	0.12130177514792899	0.4360434721040845
lcl|MCFH01000001.1_cds_ORX61158.1_420 [locus_tag=BCR36DRAFT_341489] [db_xref=JGIDB:Pirfi3_341489] [protein=hypothetical protein] [protein_id=ORX61158.1] [location=join(2100480..2100681,2100897..2100926,2101155..2101253,2101332..2101455,2101562..2101658,2101759..2101893,2101984..2102070,2102178..2102265,2102372..2102526)] [gbkey=CDS]	40.935548718944226	0.7640821270523821	0.396875	0.2789317507418398	0.109375	0.4328302015540241
lcl|MCFH01000001.1_cds_ORX61159.1_421 [locus_tag=BCR36DRAFT_579203] [db_xref=InterPro:IPR005821,JGIDB:Pirfi3_579203] [protein=hypothetical protein] [protein_id=ORX61159.1] [location=complement(join(2102999..2103049,2103125..2103217,2103301..2103408,2103508..2103596,2103691..2103763,2103860..2103964,2104075..2104250,2104398..2104532,2104613..2104775,2104885..2105076,2105201..2105209))] [gbkey=CDS]	41.40579034310629	0.7600020160276353	0.450261780104712	0.25757575757575757	0.10471204188481675	0.44177356997643047
lcl|MCFH01000001.1_cds_ORX61160.1_422 [locus_tag=BCR36DRAFT_439720] [db_xref=JGIDB:Pirfi3_439720] [protein=hypothetical protein] [protein_id=ORX61160.1] [location=2106837..2107298] [gbkey=CDS]	44.209594907728004	0.732116459261856	0.3841059602649007	0.17543859649122806	0.11920529801324503	0.4380598076573657
lcl|MCFH01000001.1_cds_ORX61161.1_423 [locus_tag=BCR36DRAFT_394265] [db_xref=InterPro:IPR001936,JGIDB:Pirfi3_394265] [protein=ras GTPase-activating protein] [protein_id=ORX61161.1] [location=join(2108220..2108370,2108483..2108525,2108600..2109687,2109770..2109996)] [gbkey=CDS]	39.91973790687025	0.748283369845231	0.3839835728952772	0.25083166999334666	0.1026694045174538	0.44071596473254976
lcl|MCFH01000001.1_cds_ORX61162.1_424 [locus_tag=BCR36DRAFT_408134] [db_xref=InterPro:IPR001440,InterPro:IPR013105,JGIDB:Pirfi3_408134] [protein=TPR-like protein] [protein_id=ORX61162.1] [location=complement(join(2111770..2111826,2111928..2111965,2112075..2112284,2112363..2112597,2112685..2112835,2112901..2113283,2113411..2113597,2113682..2113874,2113957..2114066,2114158..2114617,2114778..2115150))] [gbkey=CDS]	36.96835812678627	0.7864718031225324	0.44559585492227977	0.28439983270598074	0.08419689119170984	0.44140035237629904
lcl|MCFH01000001.1_cds_ORX61163.1_425 [locus_tag=BCR36DRAFT_579207] [db_xref=InterPro:IPR000555,JGIDB:Pirfi3_579207] [protein=Mov34-domain-containing protein] [protein_id=ORX61163.1] [location=complement(join(2118683..2118696,2118790..2118964,2119048..2119215,2119327..2119503,2119627..2119708,2119951..2120128,2120488..2120500,2120644..2120766))] [gbkey=CDS]	36.45754922086441	0.7947046983753393	0.6877192982456141	0.3430735930735931	0.12982456140350876	0.43543622823746253
lcl|MCFH01000001.1_cds_ORX61164.1_426 [locus_tag=BCR36DRAFT_341503] [db_xref=InterPro:IPR001680,InterPro:IPR007190,JGIDB:Pirfi3_341503] [protein=WD40 repeat-like protein] [protein_id=ORX61164.1] [location=join(2121795..2121812,2122139..2122251,2122355..2122449,2122564..2123251,2123358..2124986,2125059..2125167)] [gbkey=CDS]	35.865277478364376	0.8061762981709031	0.5071428571428571	0.31216931216931215	0.09761904761904762	0.4415931914930865
lcl|MCFH01000001.1_cds_ORX61165.1_427 [locus_tag=BCR36DRAFT_341505] [db_xref=InterPro:IPR011063,JGIDB:Pirfi3_341505] [protein=adenine nucleotide alpha hydrolases-like protein] [protein_id=ORX61165.1] [location=complement(join(2125558..2125770,2125853..2125871,2125979..2126126,2126221..2126460,2126599..2126718,2126804..2126918,2127016..2127134,2127253..2127466))] [gbkey=CDS]	40.3792008190361	0.7465434512285701	0.4356955380577428	0.2817258883248731	0.10761154855643044	0.441895100032838
lcl|MCFH01000001.1_cds_ORX61166.1_428 [locus_tag=BCR36DRAFT_7724] [db_xref=JGIDB:Pirfi3_7724] [protein=hypothetical protein] [protein_id=ORX61166.1] [location=join(2128751..2129320,2130724..2130744)] [gbkey=CDS]	43.92935012572388	0.716889562943989	0.4631578947368421	0.26666666666666666	0.14210526315789473	0.44623851485718513
lcl|MCFH01000001.1_cds_ORX61168.1_430 [locus_tag=BCR36DRAFT_579211] [db_xref=InterPro:IPR001563,JGIDB:Pirfi3_579211] [protein=hypothetical protein] [protein_id=ORX61168.1] [location=complement(join(2132381..2132464,2132616..2132886,2132978..2133228,2133331..2133425,2133520..2134075,2134230..2134493))] [gbkey=CDS]	35.10169444123998	0.7861053161836657	0.6278586278586279	0.3287128712871287	0.15176715176715178	0.43248749663029384
lcl|MCFH01000001.1_cds_ORX61169.1_431 [locus_tag=BCR36DRAFT_579212] [db_xref=InterPro:IPR002110,JGIDB:Pirfi3_579212] [protein=ankyrin] [protein_id=ORX61169.1] [location=2137390..2141202] [gbkey=CDS]	39.908979498664536	0.7274989204453176	0.41518578352180935	0.24087207775151037	0.12924071082390953	0.4396414911777897
lcl|MCFH01000001.1_cds_ORX61170.1_432 [locus_tag=BCR36DRAFT_408141] [db_xref=InterPro:IPR002110,JGIDB:Pirfi3_408141] [protein=ankyrin] [protein_id=ORX61170.1] [location=join(2142442..2146233,2146429..2146488)] [gbkey=CDS]	39.50452679392365	0.7409848705369411	0.4172661870503597	0.23712948517940718	0.11590727418065548	0.4354043533570553
lcl|MCFH01000001.1_cds_ORX61171.1_433 [locus_tag=BCR36DRAFT_7796] [db_xref=JGIDB:Pirfi3_7796] [protein=hypothetical protein] [protein_id=ORX61171.1] [location=join(2147459..2147525,2147606..2147708,2147836..2147969,2148107..2148288,2148465..2148646,2148750..2148931,2149085..2149383,2149479..2149562)] [gbkey=CDS]	43.06105531526576	0.7450131440188359	0.5025125628140703	0.24531377343113284	0.1306532663316583	0.4378435725464719
lcl|MCFH01000001.1_cds_ORX61172.1_434 [locus_tag=BCR36DRAFT_579215] [db_xref=JGIDB:Pirfi3_579215] [protein=hypothetical protein] [protein_id=ORX61172.1] [location=join(2152322..2152565,2152655..2152693,2152782..2152819,2152915..2153073)] [gbkey=CDS]	45.63484442563725	0.7010141753555476	0.46794871794871795	0.270042194092827	0.1346153846153846	0.43353110684745483
lcl|MCFH01000001.1_cds_ORX61173.1_435 [locus_tag=BCR36DRAFT_439738] [db_xref=InterPro:IPR000048,InterPro:IPR001452,InterPro:IPR001609,InterPro:IPR010926,JGIDB:Pirfi3_439738] [protein=hypothetical protein] [protein_id=ORX61173.1] [location=join(2155113..2155285,2155418..2155512,2155621..2155637,2155720..2155766,2155867..2155914,2156013..2156029,2156128..2156155,2156388..2156439,2156583..2156726,2156880..2159504,2159639..2159752,2159872..2159901)] [gbkey=CDS]	36.9481343917394	0.7461544777089617	0.5837887067395264	0.32062647754137114	0.16393442622950818	0.4393041477521569
lcl|MCFH01000001.1_cds_ORX61175.1_437 [locus_tag=BCR36DRAFT_7884] [db_xref=JGIDB:Pirfi3_7884] [protein=hypothetical protein] [protein_id=ORX61175.1] [location=join(2164911..2164929,2165412..2165436,2165622..2165868,2166021..2166089)] [gbkey=CDS]	42.60288323845744	0.7928613182814812	0.4434782608695652	0.3192090395480226	0.08695652173913043	0.44344688013633604
lcl|MCFH01000001.1_cds_ORX61176.1_438 [locus_tag=BCR36DRAFT_394278] [db_xref=JGIDB:Pirfi3_394278] [protein=hypothetical protein] [protein_id=ORX61176.1] [location=join(2166346..2166411,2166803..2166893,2167001..2167131,2167208..2167345,2167420..2167741,2167868..2168039,2168147..2168247,2168336..2168394,2168512..2168550)] [gbkey=CDS]	40.3687809819196	0.7588413652985412	0.46408839779005523	0.2749326145552561	0.12154696132596685	0.44557736526230113
lcl|MCFH01000001.1_cds_ORX61177.1_439 [locus_tag=BCR36DRAFT_341539] [db_xref=InterPro:IPR017442,JGIDB:Pirfi3_341539] [protein=kinase-like protein] [protein_id=ORX61177.1] [location=join(2171995..2172106,2172227..2172337,2172417..2172565,2172638..2172695,2172805..2172975,2173096..2173429,2173562..2173580)] [gbkey=CDS]	38.28121951329893	0.7582059141915433	0.6327868852459017	0.3217299578059072	0.17049180327868851	0.43634172655489234
lcl|MCFH01000001.1_cds_ORX61178.1_440 [locus_tag=BCR36DRAFT_341544] [db_xref=InterPro:IPR002553,InterPro:IPR008152,InterPro:IPR015151,JGIDB:Pirfi3_341544] [protein=hypothetical protein] [protein_id=ORX61178.1] [location=join(2175349..2175403,2175848..2176101,2176234..2176479,2176584..2176702,2176827..2177041,2177136..2177349,2177470..2177635,2177730..2177921,2178052..2178228,2178329..2178558,2178707..2179504,2179622..2179994,2180080..2180241)] [gbkey=CDS]	37.43173512824809	0.7356380128612743	0.5827482447342026	0.28544600938967135	0.16850551654964896	0.43755203478452404
lcl|MCFH01000001.1_cds_ORX61179.1_441 [locus_tag=BCR36DRAFT_408150] [db_xref=InterPro:IPR007034,InterPro:IPR012948,InterPro:IPR013684,JGIDB:Pirfi3_408150] [protein=DUF663-domain-containing protein] [protein_id=ORX61179.1] [location=complement(join(2180819..2183112,2183233..2183437,2183698..2184218,2184366..2184456,2184580..2184726,2185192..2185287))] [gbkey=CDS]	33.51506384105589	0.8118886933029954	0.6072088724584104	0.3076463560334528	0.11829944547134935	0.4354284973688214
lcl|MCFH01000001.1_cds_ORX61180.1_442 [locus_tag=BCR36DRAFT_579222] [db_xref=InterPro:IPR000073,JGIDB:Pirfi3_579222] [protein=protein phosphatase methylesterase] [protein_id=ORX61180.1] [location=join(2186334..2186407,2186788..2186866,2187150..2187312,2187540..2187660,2187757..2187933,2188043..2188179,2188298..2188363,2188480..2188524,2188638..2188813)] [gbkey=CDS]	36.47979101053877	0.7936295406029694	0.6646706586826348	0.3246124031007752	0.1317365269461078	0.4369250460175117
lcl|MCFH01000001.1_cds_ORX61182.1_444 [locus_tag=BCR36DRAFT_315547] [db_xref=InterPro:IPR000873,JGIDB:Pirfi3_315547] [protein=acetyl-CoA synthetase-like protein] [protein_id=ORX61182.1] [location=join(2195480..2196059,2196308..2197356)] [gbkey=CDS]	32.38530175065112	0.7649731177869132	0.7735849056603774	0.3438077634011091	0.1792452830188679	0.43466053331990595
lcl|MCFH01000001.1_cds_ORX61183.1_445 [locus_tag=BCR36DRAFT_408154] [db_xref=JGIDB:Pirfi3_408154] [protein=hypothetical protein] [protein_id=ORX61183.1] [location=join(2203800..2204241,2204600..2209521,2209644..2210327,2210453..2210481,2210618..2210691,2210803..2210846)] [gbkey=CDS]	42.52582721251917	0.712482218488834	0.3737721021611002	0.2433349491032477	0.14489194499017682	0.43829518852447075
lcl|MCFH01000001.1_cds_ORX61185.1_447 [locus_tag=BCR36DRAFT_315559] [db_xref=InterPro:IPR001830,InterPro:IPR003337,JGIDB:Pirfi3_315559] [protein=hypothetical protein] [protein_id=ORX61185.1] [location=join(2218375..2218999,2219179..2219899,2220024..2220186,2220286..2220453,2220574..2220981,2221109..2221381,2221567..2221586,2221834..2221911,2222012..2222111,2222267..2222839)] [gbkey=CDS]	37.17913035432028	0.7717295435244259	0.5103857566765578	0.2929875120076849	0.10682492581602374	0.4378205630698299
lcl|MCFH01000001.1_cds_ORX61186.1_448 [locus_tag=BCR36DRAFT_408157] [db_xref=InterPro:IPR006597,JGIDB:Pirfi3_408157] [protein=hypothetical protein] [protein_id=ORX61186.1] [location=join(2227624..2231310,2231392..2231477,2231590..2231698)] [gbkey=CDS]	35.859093790764504	0.774168171632792	0.5237717908082409	0.31604747162022706	0.098256735340729	0.4366741736191338
lcl|MCFH01000001.1_cds_ORX61187.1_449 [locus_tag=BCR36DRAFT_341566] [db_xref=JGIDB:Pirfi3_341566] [protein=hypothetical protein] [protein_id=ORX61187.1] [location=join(2234237..2234426,2234548..2234589,2234810..2235534)] [gbkey=CDS]	40.6921484509625	0.7361306333298739	0.5700325732899023	0.2744479495268139	0.15960912052117263	0.43488121167315
lcl|MCFH01000001.1_cds_ORX61188.1_450 [locus_tag=BCR36DRAFT_341568] [db_xref=InterPro:IPR000277,JGIDB:Pirfi3_341568] [protein=O-acetylhomoserine/O-acetylserine sulfhydrylase] [protein_id=ORX61188.1] [location=complement(2236357..2237640)] [gbkey=CDS]	36.05250506482455	0.776800845366356	0.6484560570071259	0.35758998435054773	0.15201900237529692	0.43434275752474527
lcl|MCFH01000001.1_cds_ORX61189.1_451 [locus_tag=BCR36DRAFT_341570] [db_xref=InterPro:IPR000277,JGIDB:Pirfi3_341570] [protein=O-acetylhomoserine/O-acetylserine sulfhydrylase] [protein_id=ORX61189.1] [location=2239399..2240718] [gbkey=CDS]	35.965125423057884	0.7797186976411428	0.6466512702078522	0.3531202435312024	0.15011547344110854	0.4342344445834221
lcl|MCFH01000001.1_cds_ORX61190.1_452 [locus_tag=BCR36DRAFT_341575] [db_xref=InterPro:IPR000277,JGIDB:Pirfi3_341575] [protein=O-acetylhomoserine/O-acetylserine sulfhydrylase] [protein_id=ORX61190.1] [location=complement(2243680..2244999)] [gbkey=CDS]	35.89707985464102	0.7810622757422376	0.6466512702078522	0.3538812785388128	0.15011547344110854	0.43507102630733024
lcl|MCFH01000001.1_cds_ORX61191.1_453 [locus_tag=BCR36DRAFT_341576] [db_xref=InterPro:IPR000277,JGIDB:Pirfi3_341576] [protein=O-acetylhomoserine/O-acetylserine sulfhydrylase] [protein_id=ORX61191.1] [location=2246614..2247897] [gbkey=CDS]	36.05250506482455	0.776800845366356	0.6484560570071259	0.35758998435054773	0.15201900237529692	0.43434275752474527
lcl|MCFH01000001.1_cds_ORX61192.1_454 [locus_tag=BCR36DRAFT_439805] [db_xref=InterPro:IPR000277,JGIDB:Pirfi3_439805] [protein=hypothetical protein] [protein_id=ORX61192.1] [location=complement(join(2249687..2249985,2250853..2250877))] [gbkey=CDS]	41.00369687667709	0.7943069347696567	0.7075471698113207	0.3710691823899371	0.1509433962264151	0.4322363662515803
lcl|MCFH01000001.1_cds_ORX61193.1_455 [locus_tag=BCR36DRAFT_341580] [db_xref=InterPro:IPR000070,InterPro:IPR000254,JGIDB:Pirfi3_341580] [protein=pectin lyase-like protein] [protein_id=ORX61193.1] [location=join(2251600..2251728,2251812..2252309,2252409..2252906,2253006..2253104)] [gbkey=CDS]	40.11392148404598	0.744985501730803	0.44527363184079605	0.29310344827586204	0.1417910447761194	0.4376161218373114
lcl|MCFH01000001.1_cds_ORX61194.1_456 [locus_tag=BCR36DRAFT_579232] [db_xref=InterPro:IPR002110,JGIDB:Pirfi3_579232] [protein=ankyrin] [protein_id=ORX61194.1] [location=complement(2253461..2254876)] [gbkey=CDS]	41.587222153558436	0.7345542785628848	0.367170626349892	0.22482269503546098	0.11231101511879049	0.4349771743919965
lcl|MCFH01000001.1_cds_ORX61195.1_457 [locus_tag=BCR36DRAFT_579233] [db_xref=InterPro:IPR000070,InterPro:IPR000254,JGIDB:Pirfi3_579233] [protein=hypothetical protein] [protein_id=ORX61195.1] [location=join(2256026..2256155,2259133..2260307)] [gbkey=CDS]	38.57581727749825	0.7857777242354417	0.45023696682464454	0.29022324865280985	0.12322274881516587	0.440028445014985
lcl|MCFH01000001.1_cds_ORX61196.1_458 [locus_tag=BCR36DRAFT_315599] [db_xref=InterPro:IPR008532,JGIDB:Pirfi3_315599] [protein=hypothetical protein] [protein_id=ORX61196.1] [location=join(2261108..2261212,2261367..2261577,2261812..2265236)] [gbkey=CDS]	37.246118157314484	0.7715378416212563	0.5431893687707641	0.29397590361445786	0.12375415282392027	0.4364591518255174
lcl|MCFH01000001.1_cds_ORX61197.1_459 [locus_tag=BCR36DRAFT_579235] [db_xref=InterPro:IPR000727,InterPro:IPR006011,JGIDB:Pirfi3_579235] [protein=hypothetical protein] [protein_id=ORX61197.1] [location=join(2266572..2266656,2266757..2266886,2266964..2267066,2267143..2267276,2267393..2267449,2267547..2267874)] [gbkey=CDS]	41.67562425770444	0.7273275124041685	0.5055350553505535	0.27918170878459686	0.12546125461254612	0.43662238072795373
lcl|MCFH01000001.1_cds_ORX61198.1_460 [locus_tag=BCR36DRAFT_8189] [db_xref=JGIDB:Pirfi3_8189] [protein=hypothetical protein] [protein_id=ORX61198.1] [location=complement(join(2269067..2269094,2269184..2269613,2269696..2269840,2269924..2270049,2270126..2270173,2270254..2270450,2270576..2270650,2270739..2270888,2270964..2270974,2271070..2271121,2271536..2271894,2271967..2272062,2272168..2272289,2272374..2272406,2272514..2272531,2272614..2272872,2272956..2273200,2273282..2273309,2273391..2273444,2273521..2273599,2273696..2274113,2274231..2274332,2274404..2274455,2274535..2274628,2274732..2274748,2274841..2274872,2274949..2274973,2275046..2275079,2275192..2275245,2275353..2275460,2275545..2275626,2275750..2275836))] [gbkey=CDS]	38.43384051373754	0.7332133195629661	0.41455160744500846	0.23809523809523808	0.11759729272419628	0.43650699771343
lcl|MCFH01000001.1_cds_ORX61199.1_461 [locus_tag=BCR36DRAFT_341603] [db_xref=InterPro:IPR001611,JGIDB:Pirfi3_341603] [protein=L domain-like protein] [protein_id=ORX61199.1] [location=join(2277975..2278156,2278254..2278331,2278473..2278544,2278637..2278708,2278792..2278863,2278939..2279010,2279113..2279187,2279261..2279332,2279411..2279482,2279573..2279647,2279734..2279817,2279894..2279962,2280071..2280139,2280244..2280400)] [gbkey=CDS]	36.91726434562404	0.8033709977164583	0.4626865671641791	0.2189300411522634	0.10696517412935323	0.4340656554085792
lcl|MCFH01000001.1_cds_ORX61200.1_462 [locus_tag=BCR36DRAFT_8252] [db_xref=InterPro:IPR001137,InterPro:IPR002509,InterPro:IPR002883,JGIDB:Pirfi3_8252] [protein=concanavalin A-like lectin/glucanase] [protein_id=ORX61200.1] [location=join(2284687..2286893,2287335..2287371)] [gbkey=CDS]	32.91138896030491	0.6663363076478128	0.717663421418637	0.401697944593387	0.2712100139082058	0.43230246351781854
lcl|MCFH01000001.1_cds_ORX61202.1_464 [locus_tag=BCR36DRAFT_579239] [db_xref=JGIDB:Pirfi3_579239] [protein=hypothetical protein] [protein_id=ORX61202.1] [location=2295607..2295927] [gbkey=CDS]	39.70005621585204	0.7443491221558581	0.7551020408163265	0.3523809523809524	0.19387755102040816	0.4310215869981018
lcl|MCFH01000001.1_cds_ORX61203.1_465 [locus_tag=BCR36DRAFT_8320] [db_xref=InterPro:IPR002509,JGIDB:Pirfi3_8320] [protein=hypothetical protein] [protein_id=ORX61203.1] [location=2301977..2302459] [gbkey=CDS]	40.81129788293374	0.7818275223195428	0.5533333333333333	0.3333333333333333	0.11333333333333333	0.4408773899116322
lcl|MCFH01000001.1_cds_ORX61207.1_469 [locus_tag=BCR36DRAFT_8340] [db_xref=InterPro:IPR001137,InterPro:IPR002509,InterPro:IPR002883,JGIDB:Pirfi3_8340] [protein=concanavalin A-like lectin/glucanase] [protein_id=ORX61207.1] [location=2310693..2314022] [gbkey=CDS]	37.26720831706968	0.68733959587429	0.5625	0.351985559566787	0.22443181818181818	0.4350380347259093
lcl|MCFH01000001.1_cds_ORX61211.1_473 [locus_tag=BCR36DRAFT_439820] [db_xref=InterPro:IPR002110,JGIDB:Pirfi3_439820] [protein=ankyrin] [protein_id=ORX61211.1] [location=complement(2321624..2328241)] [gbkey=CDS]	40.89819510073802	0.7342719732259324	0.3935483870967742	0.20220810647307924	0.12258064516129032	0.4367344128521693
lcl|MCFH01000001.1_cds_ORX61212.1_474 [locus_tag=BCR36DRAFT_341669] [db_xref=InterPro:IPR001567,JGIDB:Pirfi3_341669] [protein=zincin] [protein_id=ORX61212.1] [location=complement(join(2329424..2329668,2329756..2330768,2330847..2331087,2331165..2331765))] [gbkey=CDS]	37.26580552041692	0.7511255867414779	0.6083086053412463	0.2898758357211079	0.15875370919881307	0.4367019922212721
lcl|MCFH01000001.1_cds_ORX61213.1_475 [locus_tag=BCR36DRAFT_408176] [db_xref=JGIDB:Pirfi3_408176] [protein=hypothetical protein] [protein_id=ORX61213.1] [location=join(2335192..2335332,2335429..2335513,2335774..2335827,2335940..2335973,2336068..2336092,2336172..2336203,2336289..2336322)] [gbkey=CDS]	43.95294047263084	0.7368831188788303	0.31297709923664124	0.20050125313283207	0.11450381679389313	0.43314359522024304
lcl|MCFH01000001.1_cds_ORX61214.1_476 [locus_tag=BCR36DRAFT_8393] [db_xref=JGIDB:Pirfi3_8393] [protein=hypothetical protein] [protein_id=ORX61214.1] [location=join(2336989..2337295,2337387..2337465,2337567..2337620,2337708..2337735,2337814..2338046,2338138..2338402,2338642..2338674,2338749..2338858,2338930..2339025,2339101..2339459,2339540..2339603,2339698..2339708,2339798..2339947,2340024..2340098,2340177..2340394,2340523..2340570,2340650..2340772,2340883..2341101)] [gbkey=CDS]	41.14757196941652	0.7406907736736836	0.40173053152039556	0.21897810218978103	0.10630407911001236	0.43659144943708067
lcl|MCFH01000001.1_cds_ORX61215.1_477 [locus_tag=BCR36DRAFT_341685] [db_xref=InterPro:IPR002883,InterPro:IPR014867,JGIDB:Pirfi3_341685] [protein=coth-domain-containing protein] [protein_id=ORX61215.1] [location=join(2343796..2343938,2344020..2344274,2344597..2344777,2344848..2344927,2345021..2345422,2345514..2346074,2346172..2346298,2346393..2346425)] [gbkey=CDS]	39.14281583883327	0.7659362443169703	0.45229681978798586	0.2939189189189189	0.10954063604240283	0.4391570790444139
lcl|MCFH01000001.1_cds_ORX61216.1_478 [locus_tag=BCR36DRAFT_365794] [db_xref=JGIDB:Pirfi3_365794] [protein=hypothetical protein] [protein_id=ORX61216.1] [location=2350120..2350476] [gbkey=CDS]	47.83860563062242	0.6957060992087035	0.3684210526315789	0.22792022792022792	0.18421052631578946	0.4351884334464645
lcl|MCFH01000001.1_cds_ORX61217.1_479 [locus_tag=BCR36DRAFT_394305] [db_xref=InterPro:IPR008250,JGIDB:Pirfi3_394305] [protein=hypothetical protein] [protein_id=ORX61217.1] [location=join(2355855..2355954,2356021..2357157,2357192..2357395,2357566..2357683,2357782..2357878,2357925..2358167,2358284..2358512,2358624..2358718)] [gbkey=CDS]	37.72333282391791	0.7730743572856522	0.49166666666666664	0.2674785746504285	0.10972222222222222	0.4372250486964054
lcl|MCFH01000001.1_cds_ORX61218.1_480 [locus_tag=BCR36DRAFT_394306] [db_xref=InterPro:IPR011600,JGIDB:Pirfi3_394306] [protein=Metacaspase Yca1] [protein_id=ORX61218.1] [location=complement(2360005..2361045)] [gbkey=CDS]	40.225771256998364	0.7640233745091359	0.4124629080118694	0.2763285024154589	0.10089020771513353	0.4392848308114622
lcl|MCFH01000001.1_cds_ORX61219.1_481 [locus_tag=BCR36DRAFT_579249] [db_xref=InterPro:IPR011600,JGIDB:Pirfi3_579249] [protein=hypothetical protein] [protein_id=ORX61219.1] [location=2362315..2363424] [gbkey=CDS]	40.96699142439656	0.777315792244408	0.4027777777777778	0.266304347826087	0.09444444444444444	0.4397980279157635
lcl|MCFH01000001.1_cds_ORX61220.1_482 [locus_tag=BCR36DRAFT_401425] [db_xref=InterPro:IPR002883,InterPro:IPR014867,JGIDB:Pirfi3_401425] [protein=hypothetical protein] [protein_id=ORX61220.1] [location=complement(join(2364325..2365786,2365987..2366800,2367164..2367200))] [gbkey=CDS]	41.22356327525912	0.7270132165612432	0.46236559139784944	0.2800173385348938	0.1424731182795699	0.4352996064251641
lcl|MCFH01000001.1_cds_ORX61221.1_483 [locus_tag=BCR36DRAFT_408183] [db_xref=JGIDB:Pirfi3_408183] [protein=hypothetical protein] [protein_id=ORX61221.1] [location=complement(2368668..2369741)] [gbkey=CDS]	43.30251221546177	0.7359485458269193	0.4085714285714286	0.19850187265917604	0.14	0.43882300155895515
lcl|MCFH01000001.1_cds_ORX61222.1_484 [locus_tag=BCR36DRAFT_365801] [db_xref=JGIDB:Pirfi3_365801] [protein=hypothetical protein] [protein_id=ORX61222.1] [location=join(2371973..2372036,2372233..2372442,2372517..2372735,2373014..2373048)] [gbkey=CDS]	42.939722263323425	0.7385865483657746	0.4578313253012048	0.2950191570881226	0.0963855421686747	0.4374613700076886
lcl|MCFH01000001.1_cds_ORX61223.1_485 [locus_tag=BCR36DRAFT_579251] [db_xref=InterPro:IPR005181,JGIDB:Pirfi3_579251] [protein=hypothetical protein] [protein_id=ORX61223.1] [location=2373771..2374598] [gbkey=CDS]	40.468874571235176	0.7581269146704253	0.48507462686567165	0.28832116788321166	0.10820895522388059	0.4369298633336047
lcl|MCFH01000001.1_cds_ORX61225.1_487 [locus_tag=BCR36DRAFT_579252] [db_xref=InterPro:IPR005181,JGIDB:Pirfi3_579252] [protein=hypothetical protein] [protein_id=ORX61225.1] [location=2378587..2379561] [gbkey=CDS]	39.04473700876808	0.7934151421710874	0.5192307692307693	0.2889576883384933	0.08653846153846154	0.43687047379463
lcl|MCFH01000001.1_cds_ORX61226.1_488 [locus_tag=BCR36DRAFT_341708] [db_xref=JGIDB:Pirfi3_341708] [protein=alpha/beta-hydrolase] [protein_id=ORX61226.1] [location=complement(2380539..2381333)] [gbkey=CDS]	39.82692706119339	0.7955727178994428	0.466403162055336	0.29784537389100124	0.07905138339920949	0.43860850730954876
lcl|MCFH01000001.1_cds_ORX61227.1_489 [locus_tag=BCR36DRAFT_365806] [db_xref=JGIDB:Pirfi3_365806] [protein=hypothetical protein] [protein_id=ORX61227.1] [location=complement(join(2382056..2382365,2382435..2382519,2382583..2383099))] [gbkey=CDS]	43.633333950047415	0.6891451889021866	0.3945578231292517	0.25938189845474613	0.14625850340136054	0.4314761273842819
lcl|MCFH01000001.1_cds_ORX61228.1_490 [locus_tag=BCR36DRAFT_579255] [db_xref=InterPro:IPR007123,JGIDB:Pirfi3_579255] [protein=actin depolymerizing protein] [protein_id=ORX61228.1] [location=complement(join(2383942..2384040,2384120..2384184,2384277..2384386,2384485..2384513,2384638..2384732,2384816..2385149,2385279..2385310,2385444..2385489,2385595..2385663,2385783..2385805,2385906..2385982,2386099..2386163,2386262..2386290,2386457..2386475))] [gbkey=CDS]	37.77416301616478	0.7658453674757469	0.5931232091690545	0.32320441988950277	0.15472779369627507	0.43302081586740965
lcl|MCFH01000001.1_cds_ORX61229.1_491 [locus_tag=BCR36DRAFT_439859] [db_xref=InterPro:IPR014867,JGIDB:Pirfi3_439859] [protein=hypothetical protein] [protein_id=ORX61229.1] [location=join(2401616..2401649,2401745..2402641,2402799..2402886,2403071..2404427)] [gbkey=CDS]	37.684008869700705	0.7931055136073534	0.4818181818181818	0.2713080168776371	0.1025974025974026	0.44121638779517547
lcl|MCFH01000001.1_cds_ORX61231.1_493 [locus_tag=BCR36DRAFT_394312] [db_xref=InterPro:IPR014867,JGIDB:Pirfi3_394312] [protein=hypothetical protein] [protein_id=ORX61231.1] [location=join(2407449..2407516,2407698..2409069)] [gbkey=CDS]	37.96780280737757	0.7999319858077077	0.5182012847965739	0.28870292887029286	0.10920770877944326	0.4388898949764835
lcl|MCFH01000001.1_cds_ORX61232.1_494 [locus_tag=BCR36DRAFT_365811] [db_xref=JGIDB:Pirfi3_365811] [protein=hypothetical protein] [protein_id=ORX61232.1] [location=join(2409235..2409258,2409509..2409534,2410184..2410441,2410704..2410854)] [gbkey=CDS]	43.750864821335014	0.7669645144571816	0.5234899328859061	0.2582781456953642	0.10738255033557047	0.44100123538372876
lcl|MCFH01000001.1_cds_ORX61233.1_495 [locus_tag=BCR36DRAFT_408191] [db_xref=InterPro:IPR001849,JGIDB:Pirfi3_408191] [protein=hypothetical protein] [protein_id=ORX61233.1] [location=complement(join(2411298..2415929,2416043..2416120,2416273..2416314,2416403..2416805,2416915..2417081))] [gbkey=CDS]	41.302042371007104	0.7303111300931565	0.39092495636998253	0.21745673438675697	0.1285631180919139	0.43881498970749155
lcl|MCFH01000001.1_cds_ORX61234.1_496 [locus_tag=BCR36DRAFT_273378] [db_xref=InterPro:IPR000757,JGIDB:Pirfi3_273378] [protein=family 16 glycoside hydrolase] [protein_id=ORX61234.1] [location=join(2420454..2420598,2420702..2421327)] [gbkey=CDS]	39.021098663143626	0.7769895146275257	0.5714285714285714	0.34248366013071896	0.15126050420168066	0.44006289471594956
lcl|MCFH01000001.1_cds_ORX61235.1_497 [locus_tag=BCR36DRAFT_8559] [db_xref=JGIDB:Pirfi3_8559] [protein=hypothetical protein] [protein_id=ORX61235.1] [location=2423641..2423934] [gbkey=CDS]	46.97621712541496	0.7383548994495368	0.3473684210526316	0.23958333333333334	0.07368421052631578	0.43556094154932035
lcl|MCFH01000001.1_cds_ORX61236.1_498 [locus_tag=BCR36DRAFT_579259] [db_xref=InterPro:IPR002110,JGIDB:Pirfi3_579259] [protein=hypothetical protein] [protein_id=ORX61236.1] [location=join(2425141..2427131,2434070..2434289)] [gbkey=CDS]	36.712947377379976	0.8053445669307284	0.38095238095238093	0.20498866213151928	0.07983193277310924	0.43930678199542306
lcl|MCFH01000001.1_cds_ORX61237.1_499 [locus_tag=BCR36DRAFT_341733] [db_xref=InterPro:IPR002883,InterPro:IPR014867,JGIDB:Pirfi3_341733] [protein=hypothetical protein] [protein_id=ORX61237.1] [location=join(2438270..2438489,2438597..2438731,2438822..2440677)] [gbkey=CDS]	34.4528416675545	0.6772284136218367	0.6861626248216833	0.35873015873015873	0.26105563480741795	0.43178029867690443
lcl|MCFH01000001.1_cds_ORX61239.1_501 [locus_tag=BCR36DRAFT_272420] [db_xref=JGIDB:Pirfi3_272420] [protein=hypothetical protein] [protein_id=ORX61239.1] [location=2445451..2445681] [gbkey=CDS]	48.39083149486515	0.7397955361257718	0.3698630136986301	0.22666666666666666	0.1095890410958904	0.4393134031465429
lcl|MCFH01000001.1_cds_ORX61240.1_502 [locus_tag=BCR36DRAFT_272697] [db_xref=InterPro:IPR001611,JGIDB:Pirfi3_272697] [protein=L domain-like protein] [protein_id=ORX61240.1] [location=join(2445775..2445884,2446024..2446095,2446184..2446255,2446360..2446431,2446573..2446644,2446802..2446873,2446953..2447028)] [gbkey=CDS]	39.27921611382406	0.7093699210095751	0.4277456647398844	0.24259259259259258	0.10404624277456648	0.4389112819128378
lcl|MCFH01000001.1_cds_ORX61242.1_504 [locus_tag=BCR36DRAFT_408197] [db_xref=InterPro:IPR001547,InterPro:IPR002883,JGIDB:Pirfi3_408197] [protein=glycoside hydrolase] [protein_id=ORX61242.1] [location=join(2449606..2449787,2449924..2449942,2450053..2450187,2450332..2451816)] [gbkey=CDS]	35.831726405907894	0.7989748815433761	0.5518453427065027	0.3338842975206612	0.12302284710017575	0.44643803569925883
lcl|MCFH01000001.1_cds_ORX61243.1_505 [locus_tag=BCR36DRAFT_408197] [db_xref=InterPro:IPR002883,JGIDB:Pirfi3_272450] [protein=hypothetical protein] [protein_id=ORX61243.1] [location=2449606..2449791] [gbkey=CDS]	48.52568494762057	0.7976707693453308	0.42857142857142855	0.31666666666666665	0.10714285714285714	0.4364968592873918
lcl|MCFH01000001.1_cds_ORX61244.1_506 [locus_tag=BCR36DRAFT_439914] [db_xref=InterPro:IPR001764,InterPro:IPR002772,JGIDB:Pirfi3_439914] [protein=beta-glucosidase-related glycosidase] [protein_id=ORX61244.1] [location=complement(join(2458491..2460907,2461007..2461079))] [gbkey=CDS]	32.682680615774444	0.781380016112085	0.684931506849315	0.32608695652173914	0.1519302615193026	0.4348212303273082
lcl|MCFH01000001.1_cds_ORX61245.1_507 [locus_tag=BCR36DRAFT_341750] [db_xref=InterPro:IPR002110,JGIDB:Pirfi3_341750] [protein=ankyrin] [protein_id=ORX61245.1] [location=complement(2465135..2467192)] [gbkey=CDS]	43.37696500262834	0.6918547544698949	0.36349693251533743	0.23684210526315788	0.1441717791411043	0.43720279568914994
lcl|MCFH01000001.1_cds_ORX61246.1_508 [locus_tag=BCR36DRAFT_315777] [db_xref=InterPro:IPR014867,JGIDB:Pirfi3_315777] [protein=hypothetical protein] [protein_id=ORX61246.1] [location=join(2484576..2484606,2484714..2484930,2485046..2486558,2486653..2488036,2488183..2488400)] [gbkey=CDS]	36.67718658493801	0.7695746232280452	0.5619223659889094	0.31694965743223114	0.14972273567467653	0.4469962489529696
lcl|MCFH01000001.1_cds_ORX61247.1_509 [locus_tag=BCR36DRAFT_315782] [db_xref=JGIDB:Pirfi3_315782] [protein=periplasmic binding protein-like II] [protein_id=ORX61247.1] [location=join(2493033..2493084,2493237..2493601,2493690..2493858,2493967..2494110,2494287..2494882)] [gbkey=CDS]	39.28089108242937	0.8038427074584824	0.40792540792540793	0.25075757575757573	0.07925407925407925	0.44047344773237523
lcl|MCFH01000001.1_cds_ORX61248.1_510 [locus_tag=BCR36DRAFT_579272] [db_xref=InterPro:IPR002110,JGIDB:Pirfi3_579272] [protein=ankyrin] [protein_id=ORX61248.1] [location=complement(2496100..2497203)] [gbkey=CDS]	42.837028031747934	0.712617393856574	0.38920454545454547	0.23041894353369763	0.13636363636363635	0.43392395992519406
lcl|MCFH01000001.1_cds_ORX61249.1_511 [locus_tag=BCR36DRAFT_272712] [db_xref=JGIDB:Pirfi3_272712] [protein=hypothetical protein] [protein_id=ORX61249.1] [location=2499426..2499704] [gbkey=CDS]	36.6222818563657	0.671740997095426	0.8666666666666667	0.42124542124542125	0.3111111111111111	0.43111624993865205
lcl|MCFH01000001.1_cds_ORX61250.1_512 [locus_tag=BCR36DRAFT_341782] [db_xref=InterPro:IPR001002,JGIDB:Pirfi3_341782] [protein=hypothetical protein] [protein_id=ORX61250.1] [location=complement(join(2501711..2502230,2502373..2502447,2502534..2502605,2502701..2502766,2502880..2502954,2503102..2503173,2503294..2503367))] [gbkey=CDS]	42.08732749928637	0.7435963161788173	0.43729903536977494	0.27742616033755274	0.13504823151125403	0.43489544483268094
lcl|MCFH01000001.1_cds_ORX61252.1_514 [locus_tag=BCR36DRAFT_365831] [db_xref=JGIDB:Pirfi3_365831] [protein=hypothetical protein] [protein_id=ORX61252.1] [location=complement(join(2506978..2507321,2507489..2507653,2507790..2507950,2508072..2508231,2508336..2508360))] [gbkey=CDS]	46.856054888602465	0.7016827509338028	0.427536231884058	0.22025912838633688	0.16304347826086957	0.43366716871852873
lcl|MCFH01000001.1_cds_ORX61253.1_515 [locus_tag=BCR36DRAFT_341793] [db_xref=InterPro:IPR000772,InterPro:IPR002883,JGIDB:Pirfi3_341793] [protein=hypothetical protein] [protein_id=ORX61253.1] [location=complement(join(2509255..2512115,2512295..2512471,2512592..2512727))] [gbkey=CDS]	36.48316113340178	0.7388466066898072	0.5910891089108911	0.36047979797979796	0.16930693069306932	0.4355145506310189
lcl|MCFH01000001.1_cds_ORX61256.1_518 [locus_tag=BCR36DRAFT_315816] [db_xref=InterPro:IPR001087,InterPro:IPR002883,JGIDB:Pirfi3_315816] [protein=hypothetical protein] [protein_id=ORX61256.1] [location=join(2519053..2519201,2519321..2519375,2519485..2519588,2519713..2520631)] [gbkey=CDS]	35.71770598853231	0.6992764083236651	0.6929133858267716	0.361998361998362	0.2440944881889764	0.43462736012288594
lcl|MCFH01000001.1_cds_ORX61258.1_520 [locus_tag=BCR36DRAFT_315825] [db_xref=JGIDB:Pirfi3_315825] [protein=hypothetical protein] [protein_id=ORX61258.1] [location=2536454..2538211] [gbkey=CDS]	34.07913755411209	0.7589725061317958	0.6730434782608695	0.319634703196347	0.1808695652173913	0.4318035681603301
lcl|MCFH01000001.1_cds_ORX61259.1_521 [locus_tag=BCR36DRAFT_8774] [db_xref=JGIDB:Pirfi3_8774] [protein=hypothetical protein] [protein_id=ORX61259.1] [location=complement(2538279..2538491)] [gbkey=CDS]	47.03108088335751	0.7380799132804879	0.2318840579710145	0.11594202898550725	0.10144927536231885	0.43569764066468986
lcl|MCFH01000001.1_cds_ORX61260.1_522 [locus_tag=BCR36DRAFT_579281] [db_xref=JGIDB:Pirfi3_579281] [protein=hypothetical protein] [protein_id=ORX61260.1] [location=complement(join(2539728..2540367,2540575..2540741))] [gbkey=CDS]	35.5646541702155	0.8018630951591189	0.660377358490566	0.40823970037453183	0.13962264150943396	0.4386382943237127
lcl|MCFH01000001.1_cds_ORX61261.1_523 [locus_tag=BCR36DRAFT_579282] [db_xref=JGIDB:Pirfi3_579282] [protein=hypothetical protein] [protein_id=ORX61261.1] [location=complement(2546837..2549317)] [gbkey=CDS]	37.05010794531439	0.7877130542244661	0.5160098522167488	0.2739393939393939	0.12561576354679804	0.4437148138548925
lcl|MCFH01000001.1_cds_ORX61262.1_524 [locus_tag=BCR36DRAFT_408210] [db_xref=InterPro:IPR011704,JGIDB:Pirfi3_408210] [protein=hypothetical protein] [protein_id=ORX61262.1] [location=join(2552610..2553579,2554069..2571329)] [gbkey=CDS]	38.09882440239573	0.7493371418038242	0.4029900890307408	0.2298491083676269	0.10885267932135058	0.43989641890199443
lcl|MCFH01000001.1_cds_ORX61263.1_525 [locus_tag=BCR36DRAFT_579284] [db_xref=JGIDB:Pirfi3_579284] [protein=hypothetical protein] [protein_id=ORX61263.1] [location=2572366..2576253] [gbkey=CDS]	45.803225356796204	0.6196263635262513	0.4047808764940239	0.3049974240082432	0.21354581673306772	0.43543967930394306
lcl|MCFH01000001.1_cds_ORX61264.1_526 [locus_tag=BCR36DRAFT_365841] [db_xref=JGIDB:Pirfi3_365841] [protein=hypothetical protein] [protein_id=ORX61264.1] [location=complement(2577167..2577625)] [gbkey=CDS]	44.308351935066135	0.731647740966254	0.40268456375838924	0.22737306843267108	0.12751677852348994	0.4328164414340859
lcl|MCFH01000001.1_cds_ORX61265.1_527 [locus_tag=BCR36DRAFT_408212] [db_xref=JGIDB:Pirfi3_408212] [protein=hypothetical protein] [protein_id=ORX61265.1] [location=complement(join(2578987..2578995,2579442..2580246,2580608..2580924))] [gbkey=CDS]	43.73070787496746	0.6917045448933925	0.39502762430939226	0.25955555555555554	0.13535911602209943	0.43614269098244013
lcl|MCFH01000001.1_cds_ORX61266.1_528 [locus_tag=BCR36DRAFT_579285] [db_xref=InterPro:IPR002883,JGIDB:Pirfi3_579285] [protein=alpha/beta-hydrolase] [protein_id=ORX61266.1] [location=2588490..2589974] [gbkey=CDS]	31.79838216378227	0.6424630561150819	0.7886710239651417	0.4415145368492224	0.2788671023965142	0.4305376525377765
lcl|MCFH01000001.1_cds_ORX61267.1_529 [locus_tag=BCR36DRAFT_579287] [db_xref=InterPro:IPR001002,InterPro:IPR014867,JGIDB:Pirfi3_579287] [protein=hypothetical protein] [protein_id=ORX61267.1] [location=2601870..2603897] [gbkey=CDS]	37.78606547448183	0.7931030165157865	0.4307458143074581	0.2873392680514342	0.1080669710806697	0.4346143734042929
lcl|MCFH01000001.1_cds_ORX61268.1_530 [locus_tag=BCR36DRAFT_272095] [db_xref=InterPro:IPR001611,JGIDB:Pirfi3_272095] [protein=hypothetical protein] [protein_id=ORX61268.1] [location=complement(join(2606228..2606407,2606556..2606702))] [gbkey=CDS]	44.650555221772315	0.681992687277832	0.3142857142857143	0.2118380062305296	0.10476190476190476	0.43441931357282326
lcl|MCFH01000001.1_cds_ORX61269.1_531 [locus_tag=BCR36DRAFT_408215] [db_xref=InterPro:IPR001002,InterPro:IPR001611,JGIDB:Pirfi3_408215] [protein=L domain-like protein] [protein_id=ORX61269.1] [location=complement(join(2607082..2607102,2608253..2608742,2608838..2608894,2609200..2609271,2609725..2609793,2609974..2610042,2610139..2610207,2610637..2610660,2610862..2610923))] [gbkey=CDS]	41.83467764649043	0.7127254627696776	0.4090909090909091	0.267529665587918	0.13636363636363635	0.43857260720190994
lcl|MCFH01000001.1_cds_ORX61271.1_533 [locus_tag=BCR36DRAFT_273153] [db_xref=InterPro:IPR014867,JGIDB:Pirfi3_273153] [protein=hypothetical protein] [protein_id=ORX61271.1] [location=complement(2617303..2619036)] [gbkey=CDS]	44.74480989433907	0.6753584605999067	0.36298932384341637	0.2690972222222222	0.1601423487544484	0.4326383394809631
lcl|MCFH01000001.1_cds_ORX61272.1_534 [locus_tag=BCR36DRAFT_440018] [db_xref=JGIDB:Pirfi3_440018] [protein=hypothetical protein] [protein_id=ORX61272.1] [location=2622272..2624563] [gbkey=CDS]	42.8954534553867	0.673018913006874	0.42702702702702705	0.2782152230971129	0.1635135135135135	0.4367062138796506
