seq_id,Ala,Arg,Asn,Asp,Cys,Gln,Glu,Gly,His,Ile,Leu,Lys,Met,Phe,Pro,Ser,Thr,Trp,Tyr,Val
"lcl|MCFH01000001.1_cds_ORX60739.1_1 [locus_tag=BCR36DRAFT_438714] [db_xref=JGIDB:Pirfi3_438714] [protein=hypothetical protein] [protein_id=ORX60739.1] [location=join(26739..26930,27778..28570,28728..28864)] [gbkey=CDS]",0.024193548387096774,0.0456989247311828,0.1989247311827957,0.0456989247311828,0.01881720430107527,0.051075268817204304,0.04032258064516129,0.01881720430107527,0.01881720430107527,0.07258064516129033,0.06720430107526881,0.07258064516129033,0.026881720430107527,0.05913978494623656,0.01881720430107527,0.08870967741935484,0.051075268817204304,0.013440860215053764,0.04032258064516129,0.026881720430107527
"lcl|MCFH01000001.1_cds_ORX60740.1_2 [locus_tag=BCR36DRAFT_365333] [db_xref=JGIDB:Pirfi3_365333] [protein=hypothetical protein] [protein_id=ORX60740.1] [location=join(29027..29334,29502..29682,29717..29728)] [gbkey=CDS]",0,0.04242424242424243,0.30303030303030304,0.06060606060606061,0,0.012121212121212121,0.04242424242424243,0,0.030303030303030304,0.06666666666666667,0.04242424242424243,0.07272727272727272,0.012121212121212121,0.01818181818181818,0.04242424242424243,0.12727272727272726,0.05454545454545454,0,0.006060606060606061,0.06666666666666667
lcl|MCFH01000001.1_cds_ORX60741.1_3 [locus_tag=BCR36DRAFT_272354] [db_xref=JGIDB:Pirfi3_272354] [protein=hypothetical protein] [protein_id=ORX60741.1] [location=complement(100702..101625)] [gbkey=CDS],0.05555555555555555,0.032679738562091505,0.0784313725490196,0.06209150326797386,0.00980392156862745,0.016339869281045753,0.09477124183006536,0.032679738562091505,0.032679738562091505,0.10130718954248366,0.12418300653594772,0.08823529411764706,0.016339869281045753,0.013071895424836602,0.0392156862745098,0.0718954248366013,0.058823529411764705,0.0032679738562091504,0.032679738562091505,0.03594771241830065
lcl|MCFH01000001.1_cds_ORX60742.1_4 [locus_tag=BCR36DRAFT_438862] [db_xref=JGIDB:Pirfi3_438862] [protein=hypothetical protein] [protein_id=ORX60742.1] [location=complement(112928..113851)] [gbkey=CDS],0.026143790849673203,0.026143790849673203,0.09803921568627451,0.049019607843137254,0.006535947712418301,0.03594771241830065,0.11437908496732026,0.02287581699346405,0.00980392156862745,0.13071895424836602,0.08496732026143791,0.10784313725490197,0.016339869281045753,0.029411764705882353,0.016339869281045753,0.08169934640522876,0.08496732026143791,0,0.029411764705882353,0.029411764705882353
"lcl|MCFH01000001.1_cds_ORX60743.1_5 [locus_tag=BCR36DRAFT_438865] [db_xref=InterPro:IPR001878,JGIDB:Pirfi3_438865] [protein=hypothetical protein] [protein_id=ORX60743.1] [location=complement(114164..114832)] [gbkey=CDS]",0.01809954751131222,0.03167420814479638,0.3257918552036199,0.03167420814479638,0.013574660633484163,0.07692307692307693,0.027149321266968326,0.03619909502262444,0.00904977375565611,0.00904977375565611,0.027149321266968326,0.04524886877828054,0.03167420814479638,0.049773755656108594,0.03167420814479638,0.04524886877828054,0.04524886877828054,0,0.13122171945701358,0.013574660633484163
"lcl|MCFH01000001.1_cds_ORX60744.1_6 [locus_tag=BCR36DRAFT_340527] [db_xref=InterPro:IPR010472,InterPro:IPR010473,InterPro:IPR015425,JGIDB:Pirfi3_340527] [protein=FH2-domain-containing protein] [protein_id=ORX60744.1] [location=complement(join(190620..193495,193538..194246,194354..194998,195082..195831,195916..196158))] [gbkey=CDS]",0.03795284646348476,0.03852788959171938,0.05117883841288096,0.05462909718228867,0.005750431282346176,0.03795284646348476,0.07993099482461184,0.039102932719954,0.013225991949396205,0.07015526164462335,0.07475560667050028,0.09660724554341575,0.024726854514088556,0.025301897642323174,0.12535940195514664,0.09200690051753882,0.06440483036227718,0.0034502587694077054,0.020701552616446232,0.04427832087406555
"lcl|MCFH01000001.1_cds_ORX60746.1_8 [locus_tag=BCR36DRAFT_340536] [db_xref=InterPro:IPR000439,JGIDB:Pirfi3_340536] [protein=60S ribosomal protein L15] [protein_id=ORX60746.1] [location=complement(210823..211437)] [gbkey=CDS]",0.06896551724137931,0.15763546798029557,0.04926108374384237,0.024630541871921183,0.0049261083743842365,0.034482758620689655,0.04433497536945813,0.08374384236453201,0.034482758620689655,0.054187192118226604,0.054187192118226604,0.09359605911330049,0,0.0049261083743842365,0.034482758620689655,0.059113300492610835,0.03940886699507389,0.019704433497536946,0.07389162561576355,0.06403940886699508
"lcl|MCFH01000001.1_cds_ORX60747.1_9 [locus_tag=BCR36DRAFT_407752] [db_xref=InterPro:IPR001715,JGIDB:Pirfi3_407752] [protein=hypothetical protein] [protein_id=ORX60747.1] [location=join(213868..213898,214190..214325,214456..214522,214600..214686,214809..214826,214925..215020,215104..215265)] [gbkey=CDS]",0.05583756345177665,0.04568527918781726,0.07614213197969544,0.06091370558375635,0.01015228426395939,0.03553299492385787,0.08121827411167512,0.07614213197969544,0.01015228426395939,0.07106598984771574,0.08629441624365482,0.09137055837563451,0.025380710659898477,0.05583756345177665,0.03553299492385787,0.08121827411167512,0.04060913705583756,0.005076142131979695,0.030456852791878174,0.025380710659898477
"lcl|MCFH01000001.1_cds_ORX60748.1_10 [locus_tag=BCR36DRAFT_407753] [db_xref=JGIDB:Pirfi3_407753] [protein=hypothetical protein] [protein_id=ORX60748.1] [location=join(217054..217383,217669..217720,217884..218151,218283..218504,218634..218685,218818..218958,219426..220103)] [gbkey=CDS]",0.024179620034542316,0.02936096718480138,0.0846286701208981,0.04317789291882556,0.027633851468048358,0.02072538860103627,0.05699481865284974,0.03281519861830743,0.012089810017271158,0.10362694300518134,0.10362694300518134,0.07944732297063903,0.027633851468048358,0.0535405872193437,0.018998272884283247,0.09671848013816926,0.055267702936096716,0.0034542314335060447,0.09844559585492228,0.027633851468048358
lcl|MCFH01000001.1_cds_ORX60749.1_11 [locus_tag=BCR36DRAFT_340543] [db_xref=JGIDB:Pirfi3_340543] [protein=hypothetical protein] [protein_id=ORX60749.1] [location=complement(220899..221711)] [gbkey=CDS],0.01858736059479554,0.022304832713754646,0.11895910780669144,0.06691449814126393,0.022304832713754646,0.02973977695167286,0.06319702602230483,0.03717472118959108,0.01858736059479554,0.08178438661710037,0.09665427509293681,0.11524163568773234,0.026022304832713755,0.040892193308550186,0.011152416356877323,0.048327137546468404,0.040892193308550186,0.007434944237918215,0.07434944237918216,0.05947955390334572
"lcl|MCFH01000001.1_cds_ORX60750.1_12 [locus_tag=BCR36DRAFT_314513] [db_xref=InterPro:IPR002509,JGIDB:Pirfi3_314513] [protein=glycoside hydrolase/deacetylase] [protein_id=ORX60750.1] [location=join(223391..223538,223682..224601)] [gbkey=CDS]",0.062146892655367235,0.022598870056497175,0.11581920903954802,0.0423728813559322,0.011299435028248588,0.03954802259887006,0.0480225988700565,0.07344632768361582,0.014124293785310734,0.07062146892655367,0.07909604519774012,0.05367231638418079,0.022598870056497175,0.03954802259887006,0.03389830508474576,0.07344632768361582,0.08757062146892655,0.005649717514124294,0.03672316384180791,0.06779661016949153
"lcl|MCFH01000001.1_cds_ORX60751.1_13 [locus_tag=BCR36DRAFT_393948] [db_xref=JGIDB:Pirfi3_393948] [protein=hypothetical protein] [protein_id=ORX60751.1] [location=complement(join(225490..226058,226821..226908))] [gbkey=CDS]",0.03686635944700461,0.041474654377880185,0.07373271889400922,0.041474654377880185,0.009216589861751152,0.027649769585253458,0.07834101382488479,0.03225806451612903,0.013824884792626729,0.059907834101382486,0.08755760368663594,0.08294930875576037,0.013824884792626729,0.06912442396313365,0.04608294930875576,0.1152073732718894,0.059907834101382486,0,0.05069124423963134,0.059907834101382486
"lcl|MCFH01000001.1_cds_ORX60753.1_15 [locus_tag=BCR36DRAFT_407759] [db_xref=InterPro:IPR003959,InterPro:IPR015415,JGIDB:Pirfi3_407759] [protein=AAA-domain-containing protein] [protein_id=ORX60753.1] [location=complement(join(229584..229708,229847..229928,230033..230169,230343..230598,230714..230794,230932..231181,231311..231537,231682..231752,231909..232029,232204..232339,232520..232607,232769..232805))] [gbkey=CDS]",0.059813084112149535,0.056074766355140186,0.0691588785046729,0.05046728971962617,0.011214953271028037,0.03364485981308411,0.08598130841121496,0.044859813084112146,0.005607476635514018,0.07102803738317758,0.08224299065420561,0.08411214953271028,0.028037383177570093,0.028037383177570093,0.03925233644859813,0.10093457943925234,0.059813084112149535,0.018691588785046728,0.024299065420560748,0.04672897196261682
"lcl|MCFH01000001.1_cds_ORX60754.1_16 [locus_tag=BCR36DRAFT_314523] [db_xref=InterPro:IPR003439,InterPro:IPR010509,JGIDB:Pirfi3_314523] [protein=hypothetical protein] [protein_id=ORX60754.1] [location=join(238686..238884,239046..240696,240778..240878,241009..241247)] [gbkey=CDS]",0.06318681318681318,0.05357142857142857,0.05631868131868132,0.04807692307692308,0.012362637362637362,0.024725274725274724,0.04395604395604396,0.05357142857142857,0.017857142857142856,0.08241758241758242,0.11401098901098901,0.07692307692307693,0.017857142857142856,0.04395604395604396,0.03159340659340659,0.08928571428571429,0.06318681318681318,0.009615384615384616,0.04120879120879121,0.05631868131868132
"lcl|MCFH01000001.1_cds_ORX60755.1_17 [locus_tag=BCR36DRAFT_272715] [db_xref=InterPro:IPR007863,InterPro:IPR011765,JGIDB:Pirfi3_272715] [protein=hypothetical protein] [protein_id=ORX60755.1] [location=complement(join(243412..244372,244485..244738,244924..246158,246309..246599,246711..246771,246860..246892,246987..247123,247222..247277,247450..247473,247591..247643,247749..247940))] [gbkey=CDS]",0.04557885141294439,0.023701002734731084,0.06198723792160438,0.07110300820419325,0.01731996353691887,0.03099361896080219,0.09115770282588878,0.037374658158614404,0.01731996353691887,0.08933454876937101,0.09298085688240657,0.06836827711941659,0.016408386508659983,0.04649042844120328,0.0528714676390155,0.07383773928896992,0.06381039197812215,0.0054694621695533276,0.04284412032816773,0.05104831358249772
"lcl|MCFH01000001.1_cds_ORX60756.1_18 [locus_tag=BCR36DRAFT_578840] [db_xref=InterPro:IPR006677,JGIDB:Pirfi3_578840] [protein=hypothetical protein] [protein_id=ORX60756.1] [location=complement(join(250050..250175,250252..250372,250444..250480,250555..250702,250913..251068))] [gbkey=CDS]",0.02577319587628866,0.041237113402061855,0.0979381443298969,0.05670103092783505,0.030927835051546393,0.05154639175257732,0.04639175257731959,0.020618556701030927,0.030927835051546393,0.0979381443298969,0.07216494845360824,0.08762886597938144,0.015463917525773196,0.030927835051546393,0.02577319587628866,0.06701030927835051,0.015463917525773196,0.015463917525773196,0.08762886597938144,0.08247422680412371
"lcl|MCFH01000001.1_cds_ORX60757.1_19 [locus_tag=BCR36DRAFT_578841] [db_xref=JGIDB:Pirfi3_578841] [protein=hypothetical protein] [protein_id=ORX60757.1] [location=join(253116..253191,253277..253413,253526..253702,253819..253936,254019..254145,254232..254365,254454..254642,254751..254995,255112..255147)] [gbkey=CDS]",0.029197080291970802,0.0267639902676399,0.0948905109489051,0.046228710462287104,0.021897810218978103,0.038929440389294405,0.05596107055961071,0.024330900243309004,0.0170316301703163,0.10948905109489052,0.12165450121654502,0.06326034063260341,0.014598540145985401,0.058394160583941604,0.014598540145985401,0.10948905109489052,0.051094890510948905,0.012165450121654502,0.0535279805352798,0.0364963503649635
"lcl|MCFH01000001.1_cds_ORX60758.1_20 [locus_tag=BCR36DRAFT_578842] [db_xref=JGIDB:Pirfi3_578842] [protein=hypothetical protein] [protein_id=ORX60758.1] [location=complement(join(255350..255411,255526..255628,255732..255834,256017..256580,256690..256770,256846..256912,257015..258457,258530..258751,258850..258877,258982..259239,259364..259449,259566..259824))] [gbkey=CDS]",0.014678899082568808,0.015596330275229359,0.1779816513761468,0.09908256880733946,0.007339449541284404,0.03944954128440367,0.12385321100917432,0.010091743119266056,0.0045871559633027525,0.08807339449541285,0.07522935779816514,0.11651376146788991,0.013761467889908258,0.02018348623853211,0.011009174311926606,0.09357798165137615,0.03577981651376147,0.001834862385321101,0.027522935779816515,0.023853211009174313
"lcl|MCFH01000001.1_cds_ORX60759.1_21 [locus_tag=BCR36DRAFT_340567] [db_xref=InterPro:IPR007244,JGIDB:Pirfi3_340567] [protein=Mak10-domain-containing protein] [protein_id=ORX60759.1] [location=join(260432..260477,260569..260636,260792..260920,261009..261173,261264..261417,261522..261592,261703..261841,261948..262024,262151..262234,262352..262414,262519..262704,262793..262891,262978..263037,263112..263239,263394..263607,263728..263904,264048..264350)] [gbkey=CDS]",0.04172461752433936,0.031988873435326845,0.08484005563282336,0.055632823365785816,0.019471488178025034,0.030598052851182198,0.08205841446453407,0.015299026425591099,0.013908205841446454,0.09874826147426982,0.09874826147426982,0.08762169680111266,0.031988873435326845,0.054242002781641166,0.025034770514603615,0.07093184979137691,0.04728789986091794,0.006954102920723227,0.06258692628650904,0.04033379694019471
"lcl|MCFH01000001.1_cds_ORX60760.1_22 [locus_tag=BCR36DRAFT_314540] [db_xref=InterPro:IPR002629,InterPro:IPR013215,JGIDB:Pirfi3_314540] [protein=5-methyltetrahydropteroyltriglutamate-homocysteine S-methyltransferase] [protein_id=ORX60760.1] [location=join(274147..274266,274476..276695)] [gbkey=CDS]",0.06555269922879177,0.043701799485861184,0.042416452442159386,0.056555269922879174,0.010282776349614395,0.04498714652956298,0.08226221079691516,0.04884318766066838,0.016709511568123392,0.07455012853470437,0.07969151670951156,0.08226221079691516,0.017994858611825194,0.04113110539845758,0.04498714652956298,0.04884318766066838,0.05912596401028278,0.014138817480719794,0.042416452442159386,0.08354755784061697
"lcl|MCFH01000001.1_cds_ORX60761.1_23 [locus_tag=BCR36DRAFT_272920] [db_xref=JGIDB:Pirfi3_272920] [protein=hypothetical protein] [protein_id=ORX60761.1] [location=join(287822..288372,288613..288757,288835..288971,289089..289391,289529..290214,290315..290372,290464..290500,290602..290829)] [gbkey=CDS]",0.03506311360448808,0.029453015427769985,0.08555399719495091,0.06030855539971949,0.015427769985974754,0.028050490883590462,0.06311360448807854,0.014025245441795231,0.015427769985974754,0.10518934081346423,0.09957924263674614,0.08555399719495091,0.014025245441795231,0.0546984572230014,0.028050490883590462,0.08695652173913043,0.07152875175315568,0.002805049088359046,0.04488078541374474,0.06030855539971949
"lcl|MCFH01000001.1_cds_ORX60763.1_25 [locus_tag=BCR36DRAFT_670] [db_xref=InterPro:IPR001611,JGIDB:Pirfi3_670] [protein=L domain-like protein] [protein_id=ORX60763.1] [location=join(296527..296741,296867..296944,297075..297149,297242..297313,297397..297468,297575..297646,297763..297834,297968..298039,298147..298218,298301..298369,298553..298616)] [gbkey=CDS]",0.009708737864077669,0.019417475728155338,0.10679611650485436,0.061488673139158574,0.012944983818770227,0.009708737864077669,0.08414239482200647,0.05501618122977346,0.012944983818770227,0.13592233009708737,0.14563106796116504,0.10032362459546926,0.006472491909385114,0.03559870550161812,0.02912621359223301,0.08737864077669903,0.032362459546925564,0.006472491909385114,0.02912621359223301,0.019417475728155338
lcl|MCFH01000001.1_cds_ORX60764.1_26 [locus_tag=BCR36DRAFT_694] [db_xref=JGIDB:Pirfi3_694] [protein=hypothetical protein] [protein_id=ORX60764.1] [location=301476..303527] [gbkey=CDS],0.008797653958944282,0.011730205278592375,0.2155425219941349,0.07331378299120235,0.001466275659824047,0.04252199413489736,0.04985337243401759,0.02346041055718475,0.002932551319648094,0.08651026392961877,0.039589442815249266,0.05718475073313783,0.017595307917888565,0.02785923753665689,0.051319648093841645,0.10557184750733138,0.12903225806451613,0.005865102639296188,0.021994134897360705,0.02785923753665689
"lcl|MCFH01000001.1_cds_ORX60765.1_27 [locus_tag=BCR36DRAFT_698] [db_xref=InterPro:IPR007087,JGIDB:Pirfi3_698] [protein=hypothetical protein] [protein_id=ORX60765.1] [location=complement(join(305231..305379,305537..306200,306398..306532,306704..306921,307406..307568,307751..307954,308130..308149,308304..308547))] [gbkey=CDS]",0.023450586264656615,0.04690117252931323,0.08040201005025126,0.06365159128978225,0.038525963149078725,0.02847571189279732,0.1373534338358459,0.023450586264656615,0.05360134003350084,0.048576214405360134,0.051926298157453935,0.11557788944723618,0.023450586264656615,0.035175879396984924,0.02847571189279732,0.08375209380234507,0.05025125628140704,0.0016750418760469012,0.04020100502512563,0.02512562814070352
"lcl|MCFH01000001.1_cds_ORX60766.1_28 [locus_tag=BCR36DRAFT_407774] [db_xref=InterPro:IPR012423,JGIDB:Pirfi3_407774] [protein=CT20-domain-containing protein] [protein_id=ORX60766.1] [location=join(309324..309446,309652..309861,310276..310468,310681..310922)] [gbkey=CDS]",0.047244094488188976,0.06299212598425197,0.05905511811023622,0.023622047244094488,0,0.03937007874015748,0.1220472440944882,0.011811023622047244,0.01968503937007874,0.047244094488188976,0.05905511811023622,0.06692913385826772,0.007874015748031496,0.027559055118110236,0.05905511811023622,0.11811023622047244,0.1732283464566929,0.007874015748031496,0.01968503937007874,0.027559055118110236
"lcl|MCFH01000001.1_cds_ORX60767.1_29 [locus_tag=BCR36DRAFT_728] [db_xref=InterPro:IPR005609,JGIDB:Pirfi3_728] [protein=hypothetical protein] [protein_id=ORX60767.1] [location=complement(join(312014..312098,312190..312291,312390..312448,312906..312908))] [gbkey=CDS]",0.07407407407407407,0.07407407407407407,0.024691358024691357,0.04938271604938271,0,0.012345679012345678,0.012345679012345678,0.04938271604938271,0.012345679012345678,0.04938271604938271,0.06172839506172839,0.08641975308641975,0.012345679012345678,0.037037037037037035,0.08641975308641975,0.09876543209876543,0.08641975308641975,0,0.024691358024691357,0.14814814814814814
"lcl|MCFH01000001.1_cds_ORX60768.1_30 [locus_tag=BCR36DRAFT_743] [db_xref=InterPro:IPR017442,JGIDB:Pirfi3_743] [protein=serine/threonine kinase 25a] [protein_id=ORX60768.1] [location=join(316145..316220,316364..316394,316541..316751,316882..316993,317161..317318,317413..317628)] [gbkey=CDS]",0.04887218045112782,0.03759398496240601,0.06015037593984962,0.05639097744360902,0.011278195488721804,0.007518796992481203,0.07894736842105263,0.06015037593984962,0.015037593984962405,0.12406015037593984,0.09022556390977443,0.09774436090225563,0.015037593984962405,0.03383458646616541,0.03007518796992481,0.07518796992481203,0.03383458646616541,0.011278195488721804,0.05263157894736842,0.06015037593984962
"lcl|MCFH01000001.1_cds_ORX60771.1_33 [locus_tag=BCR36DRAFT_314557] [db_xref=InterPro:IPR001202,InterPro:IPR002713,JGIDB:Pirfi3_314557] [protein=hypothetical protein] [protein_id=ORX60771.1] [location=join(325394..325408,325755..325838,325946..326056,326136..326244,326340..326421,326518..326710,326844..326981,327113..327204,327296..327407,327492..327980,328132..328245,328372..328509,328606..328698,328868..329065)] [gbkey=CDS]",0.04892966360856269,0.06574923547400612,0.04281345565749235,0.06574923547400612,0.012232415902140673,0.03669724770642202,0.1162079510703364,0.01834862385321101,0.010703363914373088,0.053516819571865444,0.08103975535168195,0.13149847094801223,0.021406727828746176,0.02599388379204893,0.04434250764525994,0.06269113149847094,0.06116207951070336,0.016819571865443424,0.047400611620795105,0.03669724770642202
"lcl|MCFH01000001.1_cds_ORX60772.1_34 [locus_tag=BCR36DRAFT_401100] [db_xref=InterPro:IPR007109,JGIDB:Pirfi3_401100] [protein=ribosome production factor 2] [protein_id=ORX60772.1] [location=join(329891..329904,330232..330258,330404..330509,330638..330874,331138..331506,331668..331733,331903..332016)] [gbkey=CDS]",0.05501618122977346,0.05177993527508091,0.05825242718446602,0.04854368932038835,0.006472491909385114,0.03559870550161812,0.08090614886731391,0.042071197411003236,0.012944983818770227,0.05825242718446602,0.06796116504854369,0.14563106796116504,0.03559870550161812,0.0744336569579288,0.042071197411003236,0.08090614886731391,0.03559870550161812,0,0.016181229773462782,0.05177993527508091
lcl|MCFH01000001.1_cds_ORX60773.1_35 [locus_tag=BCR36DRAFT_407779] [db_xref=JGIDB:Pirfi3_407779] [protein=hypothetical protein] [protein_id=ORX60773.1] [location=complement(332626..333708)] [gbkey=CDS],0.025069637883008356,0.016713091922005572,0.1309192200557103,0.052924791086350974,0.027855153203342618,0.04735376044568245,0.07242339832869081,0.03064066852367688,0.016713091922005572,0.09192200557103064,0.09749303621169916,0.09192200557103064,0.019498607242339833,0.025069637883008356,0.008356545961002786,0.08913649025069638,0.05013927576601671,0,0.08356545961002786,0.022284122562674095
"lcl|MCFH01000001.1_cds_ORX60774.1_36 [locus_tag=BCR36DRAFT_407780] [db_xref=JGIDB:Pirfi3_407780] [protein=hypothetical protein] [protein_id=ORX60774.1] [location=join(336766..336945,337024..337134,337250..337399,337513..337728,337947..338069,338159..338277,338450..338633,338759..338929,339044..339310)] [gbkey=CDS]",0.015841584158415842,0.07326732673267326,0.09504950495049505,0.053465346534653464,0.007920792079207921,0.04950495049504951,0.15841584158415842,0.013861386138613862,0.007920792079207921,0.07920792079207921,0.09900990099009901,0.17623762376237623,0.019801980198019802,0.027722772277227723,0.009900990099009901,0.03564356435643564,0.019801980198019802,0.0019801980198019802,0.0297029702970297,0.02574257425742574
"lcl|MCFH01000001.1_cds_ORX60775.1_37 [locus_tag=BCR36DRAFT_340600] [db_xref=InterPro:IPR001680,JGIDB:Pirfi3_340600] [protein=mitotic checkpoint protein BUB3-like protein] [protein_id=ORX60775.1] [location=join(339805..339912,340216..340346,340437..340519,340721..340975,341137..341293,341430..341609,341733..341805)] [gbkey=CDS]",0.03669724770642202,0.04892966360856269,0.04892966360856269,0.07033639143730887,0.01834862385321101,0.03058103975535168,0.05198776758409786,0.06422018348623854,0.01834862385321101,0.06422018348623854,0.06116207951070336,0.08868501529051988,0.01529051987767584,0.05198776758409786,0.039755351681957186,0.10703363914373089,0.05504587155963303,0.012232415902140673,0.045871559633027525,0.07033639143730887
"lcl|MCFH01000001.1_cds_ORX60776.1_38 [locus_tag=BCR36DRAFT_578856] [db_xref=InterPro:IPR000297,JGIDB:Pirfi3_578856] [protein=FKBP-like protein] [protein_id=ORX60776.1] [location=complement(join(342237..342254,342340..342387,342480..342517,342584..342605,342710..342781,342878..342925,343054..343074,343250..343311,343427..343490))] [gbkey=CDS]",0.10852713178294573,0.03875968992248062,0.015503875968992248,0.03875968992248062,0.015503875968992248,0.05426356589147287,0.06976744186046512,0.11627906976744186,0.023255813953488372,0.03875968992248062,0.03875968992248062,0.16279069767441862,0.031007751937984496,0.031007751937984496,0.05426356589147287,0.03875968992248062,0.03875968992248062,0.007751937984496124,0.031007751937984496,0.046511627906976744
"lcl|MCFH01000001.1_cds_ORX60777.1_39 [locus_tag=BCR36DRAFT_407782] [db_xref=InterPro:IPR010347,JGIDB:Pirfi3_407782] [protein=tyrosyl-DNA phosphodiesterase] [protein_id=ORX60777.1] [location=join(343983..344097,344527..344588,344705..344842,344923..344961,345055..345070,345182..345234,345310..345531,345656..345723,345814..345895,345981..346123,346259..346397,346531..346686,346769..346996)] [gbkey=CDS]",0.024742268041237112,0.0288659793814433,0.07216494845360824,0.06597938144329897,0.010309278350515464,0.0288659793814433,0.0577319587628866,0.04536082474226804,0.020618556701030927,0.07422680412371134,0.09072164948453608,0.11134020618556702,0.026804123711340205,0.041237113402061855,0.04329896907216495,0.09896907216494845,0.05154639175257732,0.024742268041237112,0.04329896907216495,0.03917525773195876
"lcl|MCFH01000001.1_cds_ORX60778.1_40 [locus_tag=BCR36DRAFT_273673] [db_xref=InterPro:IPR003008,InterPro:IPR008280,JGIDB:Pirfi3_273673] [protein=tubulin-domain-containing protein] [protein_id=ORX60778.1] [location=complement(join(347607..347703,347851..347966,348133..348294,348408..348554,348668..348820,348908..348994,349087..349287,349383..349565,349712..349765,349903..350015,350623..350671))] [gbkey=CDS]",0.05530973451327434,0.05530973451327434,0.05530973451327434,0.07079646017699115,0.015486725663716814,0.04424778761061947,0.05530973451327434,0.059734513274336286,0.01991150442477876,0.084070796460177,0.10176991150442478,0.05088495575221239,0.024336283185840708,0.028761061946902654,0.04424778761061947,0.07300884955752213,0.05309734513274336,0.008849557522123894,0.046460176991150445,0.05309734513274336
lcl|MCFH01000001.1_cds_ORX60779.1_41 [locus_tag=BCR36DRAFT_578859] [db_xref=JGIDB:Pirfi3_578859] [protein=hypothetical protein] [protein_id=ORX60779.1] [location=351197..351361] [gbkey=CDS],0.018867924528301886,0.05660377358490566,0.1509433962264151,0.09433962264150944,0,0,0.09433962264150944,0.03773584905660377,0,0.1320754716981132,0.11320754716981132,0.018867924528301886,0.03773584905660377,0,0,0.07547169811320754,0.018867924528301886,0,0.07547169811320754,0.07547169811320754
"lcl|MCFH01000001.1_cds_ORX60780.1_42 [locus_tag=BCR36DRAFT_393969] [db_xref=InterPro:IPR002110,JGIDB:Pirfi3_393969] [protein=ankyrin] [protein_id=ORX60780.1] [location=join(351467..351712,351754..352111,352146..352249)] [gbkey=CDS]",0.03418803418803419,0.01282051282051282,0.14102564102564102,0.05128205128205128,0.008547008547008548,0.029914529914529916,0.038461538461538464,0.029914529914529916,0.01282051282051282,0.12393162393162394,0.14102564102564102,0.11965811965811966,0.004273504273504274,0.03418803418803419,0.02564102564102564,0.07264957264957266,0.038461538461538464,0,0.05128205128205128,0.029914529914529916
lcl|MCFH01000001.1_cds_ORX60781.1_43 [locus_tag=BCR36DRAFT_578860] [db_xref=JGIDB:Pirfi3_578860] [protein=hypothetical protein] [protein_id=ORX60781.1] [location=complement(353852..354037)] [gbkey=CDS],0.06666666666666667,0.016666666666666666,0.15,0.06666666666666667,0,0.016666666666666666,0.1,0.06666666666666667,0,0.03333333333333333,0.016666666666666666,0.05,0,0,0.13333333333333333,0.03333333333333333,0.08333333333333333,0,0.08333333333333333,0.08333333333333333
"lcl|MCFH01000001.1_cds_ORX60782.1_44 [locus_tag=BCR36DRAFT_578861] [db_xref=InterPro:IPR001440,JGIDB:Pirfi3_578861] [protein=TPR-like protein] [protein_id=ORX60782.1] [location=join(355744..355933,356198..356511,356648..356791,356942..357397)] [gbkey=CDS]",0.0546448087431694,0.030054644808743168,0.08196721311475409,0.07103825136612021,0.01639344262295082,0.0273224043715847,0.10655737704918032,0.03551912568306011,0.01366120218579235,0.0546448087431694,0.10109289617486339,0.12568306010928962,0.01639344262295082,0.060109289617486336,0.0546448087431694,0.03551912568306011,0.03825136612021858,0.00546448087431694,0.03551912568306011,0.03551912568306011
"lcl|MCFH01000001.1_cds_ORX60783.1_45 [locus_tag=BCR36DRAFT_340617] [db_xref=InterPro:IPR013332,InterPro:IPR013752,JGIDB:Pirfi3_340617] [protein=ApbA-domain-containing protein] [protein_id=ORX60783.1] [location=join(358135..358401,358702..359700)] [gbkey=CDS]",0.03571428571428571,0.02142857142857143,0.1,0.047619047619047616,0.01904761904761905,0.0380952380952381,0.0761904761904762,0.03571428571428571,0.01904761904761905,0.09285714285714286,0.10952380952380952,0.0880952380952381,0.009523809523809525,0.02857142857142857,0.030952380952380953,0.07380952380952381,0.08571428571428572,0.009523809523809525,0.03333333333333333,0.04523809523809524
"lcl|MCFH01000001.1_cds_ORX60785.1_47 [locus_tag=BCR36DRAFT_578863] [db_xref=InterPro:IPR001002,InterPro:IPR002509,JGIDB:Pirfi3_578863] [protein=glycoside hydrolase/deacetylase] [protein_id=ORX60785.1] [location=371920..372924] [gbkey=CDS]",0.06006006006006006,0.009009009009009009,0.06306306306306306,0.06306306306306306,0.06006006006006006,0.021021021021021023,0.036036036036036036,0.09309309309309309,0.021021021021021023,0.06306306306306306,0.08408408408408409,0.08708708708708708,0.021021021021021023,0.03003003003003003,0.02702702702702703,0.08108108108108109,0.06606606606606606,0.012012012012012012,0.06306306306306306,0.03903903903903904
"lcl|MCFH01000001.1_cds_ORX60786.1_48 [locus_tag=BCR36DRAFT_314594] [db_xref=InterPro:IPR002509,JGIDB:Pirfi3_314594] [protein=glycoside hydrolase/deacetylase] [protein_id=ORX60786.1] [location=join(375667..375918,376052..376282,376388..376885)] [gbkey=CDS]",0.04923076923076923,0.015384615384615385,0.09846153846153846,0.05846153846153846,0.012307692307692308,0.024615384615384615,0.04,0.06461538461538462,0.018461538461538463,0.09538461538461539,0.09230769230769231,0.04,0.018461538461538463,0.052307692307692305,0.043076923076923075,0.08923076923076922,0.07692307692307693,0.006153846153846154,0.052307692307692305,0.052307692307692305
"lcl|MCFH01000001.1_cds_ORX60787.1_49 [locus_tag=BCR36DRAFT_314598] [db_xref=InterPro:IPR002509,JGIDB:Pirfi3_314598] [protein=hypothetical protein] [protein_id=ORX60787.1] [location=complement(join(377564..379243,379367..379594,379699..379941))] [gbkey=CDS]",0.01818181818181818,0.005594405594405594,0.06993006993006994,0.05874125874125874,0.005594405594405594,0.008391608391608392,0.14545454545454545,0.027972027972027972,0.004195804195804196,0.06293706293706294,0.044755244755244755,0.03496503496503497,0.0013986013986013986,0.025174825174825177,0.022377622377622378,0.11328671328671329,0.2965034965034965,0.002797202797202797,0.01818181818181818,0.033566433566433566
"lcl|MCFH01000001.1_cds_ORX60788.1_50 [locus_tag=BCR36DRAFT_314601] [db_xref=InterPro:IPR002509,JGIDB:Pirfi3_314601] [protein=glycoside hydrolase/deacetylase] [protein_id=ORX60788.1] [location=complement(join(383047..384498,384671..384898,385007..385243))] [gbkey=CDS]",0.03296703296703297,0.01098901098901099,0.20251177394034536,0.14599686028257458,0.0031397174254317113,0.029827315541601257,0.09262166405023547,0.04709576138147567,0.009419152276295133,0.09105180533751962,0.04709576138147567,0.04709576138147567,0.006279434850863423,0.03296703296703297,0.015698587127158554,0.07535321821036106,0.04395604395604396,0.0031397174254317113,0.02511773940345369,0.03767660910518053
"lcl|MCFH01000001.1_cds_ORX60789.1_51 [locus_tag=BCR36DRAFT_578867] [db_xref=InterPro:IPR001002,InterPro:IPR002509,JGIDB:Pirfi3_578867] [protein=glycoside hydrolase/deacetylase] [protein_id=ORX60789.1] [location=388224..389717] [gbkey=CDS]",0.07258064516129033,0.014112903225806451,0.04032258064516129,0.04435483870967742,0.05443548387096774,0.020161290322580645,0.05040322580645161,0.0907258064516129,0.014112903225806451,0.06048387096774194,0.05040322580645161,0.11895161290322581,0.016129032258064516,0.02217741935483871,0.028225806451612902,0.06048387096774194,0.15120967741935484,0.008064516129032258,0.04435483870967742,0.038306451612903226
"lcl|MCFH01000001.1_cds_ORX60790.1_52 [locus_tag=BCR36DRAFT_272815] [db_xref=InterPro:IPR000219,InterPro:IPR000591,InterPro:IPR001180,JGIDB:Pirfi3_272815] [protein=hypothetical protein] [protein_id=ORX60790.1] [location=complement(join(390840..391624,391768..393270,393446..393914))] [gbkey=CDS]",0.03816793893129771,0.04034896401308615,0.061068702290076333,0.04034896401308615,0.021810250817884406,0.03925845147219193,0.07197382769901854,0.03816793893129771,0.023991275899672846,0.08724100327153762,0.0861504907306434,0.09269356597600872,0.018538713195201745,0.05343511450381679,0.03162486368593239,0.08178844056706652,0.06324972737186478,0.0054525627044711015,0.04580152671755725,0.05888767720828789
"lcl|MCFH01000001.1_cds_ORX60791.1_53 [locus_tag=BCR36DRAFT_314611] [db_xref=InterPro:IPR001179,JGIDB:Pirfi3_314611] [protein=hypothetical protein] [protein_id=ORX60791.1] [location=join(400192..400293,400620..400838,401003..401071,401200..401308,401399..401482,401601..401640,401763..401817)] [gbkey=CDS]",0.08928571428571429,0.026785714285714284,0.04017857142857143,0.03571428571428571,0.004464285714285714,0.03125,0.12053571428571429,0.07142857142857142,0,0.05803571428571429,0.07589285714285714,0.14732142857142858,0.004464285714285714,0.044642857142857144,0.049107142857142856,0.03125,0.06696428571428571,0.013392857142857142,0.022321428571428572,0.06696428571428571
"lcl|MCFH01000001.1_cds_ORX60792.1_54 [locus_tag=BCR36DRAFT_365383] [db_xref=JGIDB:Pirfi3_365383] [protein=hypothetical protein] [protein_id=ORX60792.1] [location=join(402407..402523,402607..403224)] [gbkey=CDS]",0.00823045267489712,0.012345679012345678,0.13580246913580246,0.06584362139917696,0.012345679012345678,0.06584362139917696,0.12345679012345678,0.01646090534979424,0.0205761316872428,0.09053497942386832,0.053497942386831275,0.1440329218106996,0.0205761316872428,0.05761316872427984,0.00411522633744856,0.05761316872427984,0.037037037037037035,0.00823045267489712,0.053497942386831275,0.012345679012345678
"lcl|MCFH01000001.1_cds_ORX60794.1_56 [locus_tag=BCR36DRAFT_407796] [db_xref=JGIDB:Pirfi3_407796] [protein=hypothetical protein] [protein_id=ORX60794.1] [location=join(408802..409215,409310..409687,409794..410129)] [gbkey=CDS]",0.01871657754010695,0.008021390374331552,0.12032085561497326,0.0481283422459893,0.00267379679144385,0.03208556149732621,0.053475935828877004,0.013368983957219251,0.0427807486631016,0.10160427807486631,0.10962566844919786,0.13368983957219252,0.016042780748663103,0.0481283422459893,0.0374331550802139,0.07754010695187166,0.07219251336898395,0.0053475935828877,0.034759358288770054,0.02406417112299465
"lcl|MCFH01000001.1_cds_ORX60795.1_57 [locus_tag=BCR36DRAFT_401117] [db_xref=InterPro:IPR005834,InterPro:IPR008250,JGIDB:Pirfi3_401117] [protein=phospholipid-translocating P-type ATPase] [protein_id=ORX60795.1] [location=join(413179..413260,413487..413549,413672..417807)] [gbkey=CDS]",0.05052631578947368,0.04070175438596491,0.07929824561403509,0.05473684210526316,0.016842105263157894,0.037894736842105266,0.062456140350877196,0.042105263157894736,0.018947368421052633,0.08210526315789474,0.0912280701754386,0.06807017543859649,0.02245614035087719,0.04631578947368421,0.025964912280701753,0.0863157894736842,0.06385964912280702,0.013333333333333334,0.047017543859649125,0.04982456140350877
lcl|MCFH01000001.1_cds_ORX60796.1_58 [locus_tag=BCR36DRAFT_439047] [db_xref=JGIDB:Pirfi3_439047] [protein=hypothetical protein] [protein_id=ORX60796.1] [location=419800..420204] [gbkey=CDS],0.03759398496240601,0.022556390977443608,0.07518796992481203,0.03007518796992481,0.015037593984962405,0.022556390977443608,0.05263157894736842,0.06766917293233082,0.015037593984962405,0.05263157894736842,0.14285714285714285,0.09774436090225563,0.022556390977443608,0.06766917293233082,0.05263157894736842,0.06766917293233082,0.03759398496240601,0,0.03007518796992481,0.09022556390977443
"lcl|MCFH01000001.1_cds_ORX60797.1_59 [locus_tag=BCR36DRAFT_340647] [db_xref=InterPro:IPR006059,JGIDB:Pirfi3_340647] [protein=periplasmic binding protein-like II] [protein_id=ORX60797.1] [location=join(422209..422257,422426..422802,422896..423067,423194..423337,423451..424946)] [gbkey=CDS]",0.036290322580645164,0.021505376344086023,0.06586021505376344,0.033602150537634407,0.01478494623655914,0.013440860215053764,0.0739247311827957,0.04435483870967742,0.012096774193548387,0.11290322580645161,0.09811827956989247,0.08602150537634409,0.021505376344086023,0.06854838709677419,0.026881720430107527,0.0846774193548387,0.06451612903225806,0.008064516129032258,0.07258064516129033,0.04032258064516129
"lcl|MCFH01000001.1_cds_ORX60798.1_60 [locus_tag=BCR36DRAFT_578872] [db_xref=InterPro:IPR002110,JGIDB:Pirfi3_578872] [protein=ankyrin] [protein_id=ORX60798.1] [location=complement(425964..427361)] [gbkey=CDS]",0.03879310344827586,0.01293103448275862,0.1336206896551724,0.05818965517241379,0.01939655172413793,0.01939655172413793,0.06896551724137931,0.023706896551724137,0.021551724137931036,0.08620689655172414,0.10991379310344827,0.09267241379310345,0.034482758620689655,0.03879310344827586,0.017241379310344827,0.07327586206896551,0.04310344827586207,0.0021551724137931034,0.05603448275862069,0.04956896551724138
"lcl|MCFH01000001.1_cds_ORX60799.1_61 [locus_tag=BCR36DRAFT_407800] [db_xref=InterPro:IPR007854,JGIDB:Pirfi3_407800] [protein=Fip1-domain-containing protein] [protein_id=ORX60799.1] [location=join(487389..487446,487572..487593,487752..487944,488030..488073,488170..488204,488304..488423,488501..488613,488742..488862,488956..489037,489137..489228,489325..489365,489448..489592,489702..490015,490152..490253)] [gbkey=CDS]",0.018292682926829267,0.05894308943089431,0.13211382113821138,0.11382113821138211,0.0020325203252032522,0.06504065040650407,0.07723577235772358,0.06504065040650407,0.016260162601626018,0.044715447154471545,0.016260162601626018,0.08739837398373984,0.06097560975609756,0.022357723577235773,0.0508130081300813,0.09959349593495935,0.014227642276422764,0.01016260162601626,0.03048780487804878,0.014227642276422764
"lcl|MCFH01000001.1_cds_ORX60801.1_63 [locus_tag=BCR36DRAFT_407802] [db_xref=JGIDB:Pirfi3_407802] [protein=hypothetical protein] [protein_id=ORX60801.1] [location=join(493240..494270,494427..495081)] [gbkey=CDS]",0.03214285714285714,0.039285714285714285,0.08035714285714286,0.05178571428571429,0.026785714285714284,0.023214285714285715,0.048214285714285716,0.039285714285714285,0.014285714285714285,0.1392857142857143,0.1,0.08035714285714286,0.0125,0.07857142857142857,0.02857142857142857,0.044642857142857144,0.048214285714285716,0.0125,0.039285714285714285,0.060714285714285714
"lcl|MCFH01000001.1_cds_ORX60802.1_64 [locus_tag=BCR36DRAFT_273548] [db_xref=InterPro:IPR006953,JGIDB:Pirfi3_273548] [protein=hypothetical protein] [protein_id=ORX60802.1] [location=join(496210..496374,496464..496583,496805..496879,496969..497164,497334..497521,497650..497856,497962..498303,498435..498525,498630..498797,498888..499173,499312..499429,499518..499605,499862..499932,500056..500757)] [gbkey=CDS]",0.04375667022411953,0.025613660618996798,0.10885805763073639,0.0736392742796158,0.016008537886873,0.05549626467449306,0.08110992529348986,0.032017075773746,0.007470651013874066,0.0864461045891142,0.11419423692636073,0.0768409818569904,0.013874066168623266,0.033084311632870865,0.035218783351120594,0.06616862326574173,0.044823906083244394,0.004268943436499467,0.02774813233724653,0.05336179295624333
"lcl|MCFH01000001.1_cds_ORX60803.1_65 [locus_tag=BCR36DRAFT_340660] [db_xref=InterPro:IPR006565,JGIDB:Pirfi3_340660] [protein=hypothetical protein] [protein_id=ORX60803.1] [location=complement(join(502100..502273,502378..502541,502685..502834,502945..503149))] [gbkey=CDS]",0.017467248908296942,0.034934497816593885,0.07423580786026202,0.07860262008733625,0.008733624454148471,0.021834061135371178,0.07860262008733625,0.013100436681222707,0.03056768558951965,0.10480349344978165,0.07860262008733625,0.1091703056768559,0.017467248908296942,0.03056768558951965,0.043668122270742356,0.1091703056768559,0.048034934497816595,0,0.0611353711790393,0.039301310043668124
"lcl|MCFH01000001.1_cds_ORX60804.1_66 [locus_tag=BCR36DRAFT_272552] [db_xref=JGIDB:Pirfi3_272552] [protein=hypothetical protein] [protein_id=ORX60804.1] [location=complement(join(503562..503813,503915..504058))] [gbkey=CDS]",0.03076923076923077,0.046153846153846156,0.06923076923076923,0.1,0.015384615384615385,0.023076923076923078,0.11538461538461539,0.046153846153846156,0.023076923076923078,0.1,0.09230769230769231,0.046153846153846156,0.023076923076923078,0.05384615384615385,0.046153846153846156,0.07692307692307693,0.03076923076923077,0.015384615384615385,0.015384615384615385,0.03076923076923077
"lcl|MCFH01000001.1_cds_ORX60805.1_67 [locus_tag=BCR36DRAFT_365396] [db_xref=JGIDB:Pirfi3_365396] [protein=hypothetical protein] [protein_id=ORX60805.1] [location=complement(join(504139..504199,504342..504493,504620..504775))] [gbkey=CDS]",0.01652892561983471,0.06611570247933884,0.09917355371900827,0.0743801652892562,0,0.024793388429752067,0.11570247933884298,0.04132231404958678,0.008264462809917356,0.049586776859504134,0.1322314049586777,0.18181818181818182,0.008264462809917356,0.01652892561983471,0.049586776859504134,0.0743801652892562,0.01652892561983471,0,0.008264462809917356,0.01652892561983471
"lcl|MCFH01000001.1_cds_ORX60807.1_69 [locus_tag=BCR36DRAFT_578885] [db_xref=JGIDB:Pirfi3_578885] [protein=hypothetical protein] [protein_id=ORX60807.1] [location=join(507809..508883,509016..509078,509207..509428,509526..509648,509751..509839,509920..509956,510035..510064,510144..510242,510316..510396,510479..510489)] [gbkey=CDS]",0.019736842105263157,0.02138157894736842,0.10361842105263158,0.08388157894736842,0.003289473684210526,0.019736842105263157,0.09703947368421052,0.019736842105263157,0.011513157894736841,0.11348684210526316,0.09046052631578948,0.1299342105263158,0.011513157894736841,0.04111842105263158,0.011513157894736841,0.07894736842105263,0.04276315789473684,0.003289473684210526,0.054276315789473686,0.04276315789473684
"lcl|MCFH01000001.1_cds_ORX60808.1_70 [locus_tag=BCR36DRAFT_578886] [db_xref=InterPro:IPR003395,JGIDB:Pirfi3_578886] [protein=P-loop containing nucleoside triphosphate hydrolase protein] [protein_id=ORX60808.1] [location=join(510676..510717,510917..511369,511472..511586,511685..511790,511891..512027,512106..512248,512363..512515,512599..512685,512769..513103,513224..513302,513416..513665,513760..513895,514113..514206,514281..514646,514732..515007,515125..515265,515346..515461,515625..515724,515805..515963,516084..516257,516385..516482,516572..516656)] [gbkey=CDS]",0.030502885408079144,0.05028854080791426,0.10140148392415499,0.05605935696619951,0.010717230008244023,0.0494641384995878,0.1170651277823578,0.03215169002473207,0.013190436933223413,0.08821104699093157,0.0807914262159934,0.11541632316570487,0.031327287716405604,0.0247320692497939,0.018961253091508656,0.06595218466611706,0.041220115416323165,0.005770816158285243,0.02967848309975268,0.03709810387469085
"lcl|MCFH01000001.1_cds_ORX60809.1_71 [locus_tag=BCR36DRAFT_1442] [db_xref=JGIDB:Pirfi3_1442] [protein=hypothetical protein] [protein_id=ORX60809.1] [location=join(517936..517998,518296..518412,518497..518784,518878..519030)] [gbkey=CDS]",0.04390243902439024,0.03902439024390244,0.08292682926829269,0.06341463414634146,0,0.06341463414634146,0.04390243902439024,0.05853658536585366,0.00975609756097561,0.06341463414634146,0.1073170731707317,0.06341463414634146,0.02926829268292683,0.01951219512195122,0.1024390243902439,0.0975609756097561,0.02926829268292683,0.01951219512195122,0.04878048780487805,0.014634146341463415
"lcl|MCFH01000001.1_cds_ORX60810.1_72 [locus_tag=BCR36DRAFT_272444] [db_xref=InterPro:IPR001313,JGIDB:Pirfi3_272444] [protein=ARM repeat-containing protein] [protein_id=ORX60810.1] [location=join(520211..520846,520959..521361,521635..521687)] [gbkey=CDS]",0.024861878453038673,0.022099447513812154,0.06906077348066299,0.04143646408839779,0.013812154696132596,0.08011049723756906,0.08287292817679558,0.04696132596685083,0.03314917127071823,0.09944751381215469,0.07734806629834254,0.12154696132596685,0.024861878453038673,0.03591160220994475,0.022099447513812154,0.055248618784530384,0.04143646408839779,0,0.04143646408839779,0.06629834254143646
lcl|MCFH01000001.1_cds_ORX60811.1_73 [locus_tag=BCR36DRAFT_578888] [db_xref=JGIDB:Pirfi3_578888] [protein=hypothetical protein] [protein_id=ORX60811.1] [location=523323..525944] [gbkey=CDS],0.06192660550458716,0.04357798165137615,0.0860091743119266,0.0045871559633027525,0.0045871559633027525,0.1628440366972477,0.047018348623853214,0.017201834862385322,0.0011467889908256881,0.03211009174311927,0.058486238532110095,0.18463302752293578,0.02981651376146789,0.027522935779816515,0.03555045871559633,0.07110091743119266,0.051605504587155966,0.008027522935779817,0.020642201834862386,0.051605504587155966
"lcl|MCFH01000001.1_cds_ORX60812.1_74 [locus_tag=BCR36DRAFT_401130] [db_xref=InterPro:IPR002675,JGIDB:Pirfi3_401130] [protein=ribosomal protein L38e] [protein_id=ORX60812.1] [location=join(526206..526223,526834..526894,526991..527113,527208..527230)] [gbkey=CDS]",0.0273972602739726,0.0547945205479452,0.0410958904109589,0.0410958904109589,0.0136986301369863,0.0821917808219178,0.0273972602739726,0,0,0.0821917808219178,0.0821917808219178,0.2465753424657534,0,0.0273972602739726,0.0410958904109589,0.0547945205479452,0.0410958904109589,0,0.0410958904109589,0.0958904109589041
"lcl|MCFH01000001.1_cds_ORX60813.1_75 [locus_tag=BCR36DRAFT_272895] [db_xref=InterPro:IPR017442,JGIDB:Pirfi3_272895] [protein=kinase-like protein] [protein_id=ORX60813.1] [location=complement(join(527684..527845,527947..528212,528318..528441,528607..528677,528773..528981,529101..529281,529384..529513))] [gbkey=CDS]",0.03430079155672823,0.036939313984168866,0.06860158311345646,0.0712401055408971,0.018469656992084433,0.03430079155672823,0.052770448548812667,0.0316622691292876,0.04221635883905013,0.09234828496042216,0.079155672823219,0.10290237467018469,0.013192612137203167,0.05013192612137203,0.0395778364116095,0.079155672823219,0.05013192612137203,0.005277044854881266,0.05013192612137203,0.047493403693931395
lcl|MCFH01000001.1_cds_ORX60814.1_76 [locus_tag=BCR36DRAFT_1542] [db_xref=JGIDB:Pirfi3_1542] [protein=hypothetical protein] [protein_id=ORX60814.1] [location=complement(529654..530277)] [gbkey=CDS],0.009708737864077669,0.10194174757281553,0.1262135922330097,0.04854368932038835,0,0.009708737864077669,0.024271844660194174,0.009708737864077669,0.04854368932038835,0.038834951456310676,0.05339805825242718,0.0825242718446602,0.009708737864077669,0.03398058252427184,0.05339805825242718,0.1796116504854369,0.043689320388349516,0,0.11650485436893204,0.009708737864077669
"lcl|MCFH01000001.1_cds_ORX60815.1_77 [locus_tag=BCR36DRAFT_314656] [db_xref=JGIDB:Pirfi3_314656] [protein=hypothetical protein] [protein_id=ORX60815.1] [location=complement(join(532102..532672,532790..532863,532971..533059,533178..533289,533379..533479,533579..533669,533843..533967,534066..534231,534362..534603,534770..534853,534982..535121,535238..535293,535387..535424,535514..535615,535745..535803,535882..536540))] [gbkey=CDS]",0.03551609322974473,0.03551609322974473,0.10210876803551609,0.03662597114317425,0.011098779134295227,0.03995560488346282,0.04328523862375139,0.03440621531631521,0.01553829078801332,0.06548279689234185,0.09655937846836848,0.0876803551609323,0.0244173140954495,0.041065482796892344,0.058823529411764705,0.11320754716981132,0.06992230854605994,0.009988901220865706,0.04661487236403995,0.03218645948945616
"lcl|MCFH01000001.1_cds_ORX60816.1_78 [locus_tag=BCR36DRAFT_365405] [db_xref=InterPro:IPR002123,JGIDB:Pirfi3_365405] [protein=hypothetical protein] [protein_id=ORX60816.1] [location=join(538993..539134,539363..539481,539619..540017,540106..540153,540243..540324,540438..540494,540600..540838)] [gbkey=CDS]",0.044444444444444446,0.03611111111111111,0.05555555555555555,0.05,0.011111111111111112,0.013888888888888888,0.06944444444444445,0.030555555555555555,0.016666666666666666,0.09444444444444444,0.06944444444444445,0.1,0.027777777777777776,0.05,0.06666666666666667,0.06388888888888888,0.06388888888888888,0.016666666666666666,0.058333333333333334,0.06111111111111111
"lcl|MCFH01000001.1_cds_ORX60817.1_79 [locus_tag=BCR36DRAFT_340691] [db_xref=InterPro:IPR001849,JGIDB:Pirfi3_340691] [protein=hypothetical protein] [protein_id=ORX60817.1] [location=join(542213..542344,542489..542591,542775..542917,543151..543299,543474..543645,543780..544011,544240..544387,544532..544823,544919..544979,545091..545653)] [gbkey=CDS]",0.02262443438914027,0.02262443438914027,0.13574660633484162,0.049773755656108594,0.012066365007541479,0.04072398190045249,0.07541478129713423,0.033182503770739065,0.00904977375565611,0.07993966817496229,0.07692307692307693,0.08748114630467571,0.016591251885369532,0.033182503770739065,0.04072398190045249,0.09502262443438914,0.06485671191553545,0.010558069381598794,0.0392156862745098,0.05429864253393665
"lcl|MCFH01000001.1_cds_ORX60818.1_80 [locus_tag=BCR36DRAFT_1619] [db_xref=JGIDB:Pirfi3_1619] [protein=hypothetical protein] [protein_id=ORX60818.1] [location=join(552165..552198,552271..552336,552496..559781)] [gbkey=CDS]",0.02967479674796748,0.032926829268292684,0.11260162601626016,0.0491869918699187,0.002845528455284553,0.025203252032520326,0.06016260162601626,0.034959349593495934,0.026016260162601626,0.06463414634146342,0.07113821138211382,0.08536585365853659,0.015853658536585366,0.03373983739837398,0.05040650406504065,0.17113821138211383,0.07032520325203252,4.065040650406504e-4,0.03008130081300813,0.03333333333333333
"lcl|MCFH01000001.1_cds_ORX60819.1_81 [locus_tag=BCR36DRAFT_401135] [db_xref=InterPro:IPR008144,JGIDB:Pirfi3_401135] [protein=guanylate kinase] [protein_id=ORX60819.1] [location=complement(join(561699..562162,562535..562636,562833..562845,563233..563244))] [gbkey=CDS]",0.05128205128205128,0.05128205128205128,0.03076923076923077,0.05128205128205128,0.005128205128205128,0.02564102564102564,0.10256410256410256,0.07692307692307693,0.015384615384615385,0.06666666666666667,0.09230769230769231,0.09230769230769231,0.005128205128205128,0.05641025641025641,0.046153846153846156,0.08717948717948718,0.05128205128205128,0,0.035897435897435895,0.05641025641025641
"lcl|MCFH01000001.1_cds_ORX60820.1_82 [locus_tag=BCR36DRAFT_578893] [db_xref=InterPro:IPR001607,InterPro:IPR001841,InterPro:IPR011422,JGIDB:Pirfi3_578893] [protein=hypothetical protein] [protein_id=ORX60820.1] [location=565290..567776] [gbkey=CDS]",0.02176541717049577,0.019347037484885126,0.12212817412333736,0.04836759371221282,0.019347037484885126,0.06408706166868199,0.0761789600967352,0.02781136638452237,0.019347037484885126,0.07980652962515115,0.07980652962515115,0.11003627569528417,0.020556227327690448,0.04232164449818621,0.02781136638452237,0.10278113663845223,0.0471584038694075,0.0048367593712212815,0.036275695284159616,0.030229746070133012
"lcl|MCFH01000001.1_cds_ORX60821.1_83 [locus_tag=BCR36DRAFT_340697] [db_xref=JGIDB:Pirfi3_340697] [protein=transcription initiation factor IIE, beta subunit] [protein_id=ORX60821.1] [location=join(568878..569052,569274..569350,569454..569594,569699..569812,569948..570053,570175..570243,570323..570369,570482..570589)] [gbkey=CDS]",0.05054151624548736,0.02888086642599278,0.09747292418772563,0.05054151624548736,0,0.05054151624548736,0.07942238267148015,0.02888086642599278,0.018050541516245487,0.06498194945848375,0.08303249097472924,0.1588447653429603,0.01444043321299639,0.02888086642599278,0.036101083032490974,0.04693140794223827,0.05415162454873646,0.0036101083032490976,0.04332129963898917,0.061371841155234655
"lcl|MCFH01000001.1_cds_ORX60822.1_84 [locus_tag=BCR36DRAFT_273725] [db_xref=InterPro:IPR004000,JGIDB:Pirfi3_273725] [protein=actin-like ATPase domain-containing protein] [protein_id=ORX60822.1] [location=complement(join(571259..571456,571882..572463))] [gbkey=CDS]",0.03875968992248062,0.046511627906976744,0.06976744186046512,0.04263565891472868,0.01937984496124031,0.04263565891472868,0.06589147286821706,0.050387596899224806,0.01937984496124031,0.13953488372093023,0.08914728682170543,0.08527131782945736,0.007751937984496124,0.03875968992248062,0.03875968992248062,0.07364341085271318,0.03488372093023256,0.011627906976744186,0.046511627906976744,0.03875968992248062
"lcl|MCFH01000001.1_cds_ORX60823.1_85 [locus_tag=BCR36DRAFT_578895] [db_xref=JGIDB:Pirfi3_578895] [protein=hypothetical protein] [protein_id=ORX60823.1] [location=complement(join(577277..577478,577574..577680,577765..577878,577953..578067,578162..578841,579157..579339))] [gbkey=CDS]",0.01935483870967742,0.02795698924731183,0.15913978494623657,0.06666666666666667,0.008602150537634409,0.030107526881720432,0.13548387096774195,0.015053763440860216,0.010752688172043012,0.09247311827956989,0.08817204301075268,0.07741935483870968,0.017204301075268817,0.034408602150537634,0.010752688172043012,0.07526881720430108,0.03870967741935484,0,0.06451612903225806,0.02795698924731183
"lcl|MCFH01000001.1_cds_ORX60824.1_86 [locus_tag=BCR36DRAFT_407824] [db_xref=InterPro:IPR001374,JGIDB:Pirfi3_407824] [protein=hypothetical protein] [protein_id=ORX60824.1] [location=complement(join(581158..581438,581634..581858,581941..582941,583087..583227,583320..583542,583697..583895))] [gbkey=CDS]",0.01744186046511628,0.023255813953488372,0.22819767441860464,0.04941860465116279,0.00436046511627907,0.050872093023255814,0.046511627906976744,0.014534883720930232,0.00872093023255814,0.07703488372093023,0.04941860465116279,0.09011627906976744,0.02180232558139535,0.0436046511627907,0.046511627906976744,0.12063953488372094,0.040697674418604654,0.0014534883720930232,0.03343023255813953,0.03197674418604651
"lcl|MCFH01000001.1_cds_ORX60825.1_87 [locus_tag=BCR36DRAFT_578898] [db_xref=JGIDB:Pirfi3_578898] [protein=hypothetical protein] [protein_id=ORX60825.1] [location=join(585339..585440,585549..585612,585722..585963,586053..586365,586442..586800,586880..587215)] [gbkey=CDS]",0.02127659574468085,0.031914893617021274,0.0851063829787234,0.04893617021276596,0.00425531914893617,0.036170212765957444,0.06382978723404255,0.031914893617021274,0.006382978723404255,0.14468085106382977,0.07659574468085106,0.09574468085106383,0.01276595744680851,0.04680851063829787,0.029787234042553193,0.10851063829787234,0.06382978723404255,0.01276595744680851,0.0425531914893617,0.036170212765957444
"lcl|MCFH01000001.1_cds_ORX60826.1_88 [locus_tag=BCR36DRAFT_340704] [db_xref=InterPro:IPR001452,JGIDB:Pirfi3_340704] [protein=hypothetical protein] [protein_id=ORX60826.1] [location=join(587973..588266,588428..588524,588713..589228,589283..589672,589761..589868,589955..590239,590327..590425,590513..590901)] [gbkey=CDS]",0.06353591160220995,0.016574585635359115,0.058011049723756904,0.020718232044198894,0.004143646408839779,0.08425414364640885,0.06906077348066299,0.062154696132596686,0.004143646408839779,0.03591160220994475,0.05939226519337017,0.06077348066298342,0.034530386740331494,0.019337016574585635,0.16160220994475138,0.1132596685082873,0.058011049723756904,0.0027624309392265192,0.020718232044198894,0.05110497237569061
"lcl|MCFH01000001.1_cds_ORX60827.1_89 [locus_tag=BCR36DRAFT_439168] [db_xref=InterPro:IPR003439,JGIDB:Pirfi3_439168] [protein=hypothetical protein] [protein_id=ORX60827.1] [location=complement(591347..591820)] [gbkey=CDS]",0.03205128205128205,0.02564102564102564,0.0641025641025641,0.0641025641025641,0.02564102564102564,0.019230769230769232,0.08333333333333333,0.02564102564102564,0.01282051282051282,0.14102564102564102,0.10256410256410256,0.10256410256410256,0.01282051282051282,0.02564102564102564,0.02564102564102564,0.05128205128205128,0.08333333333333333,0.01282051282051282,0.07051282051282051,0.019230769230769232
"lcl|MCFH01000001.1_cds_ORX60828.1_90 [locus_tag=BCR36DRAFT_365417] [db_xref=JGIDB:Pirfi3_365417] [protein=hypothetical protein] [protein_id=ORX60828.1] [location=complement(join(592163..592378,593190..593303))] [gbkey=CDS]",0.009259259259259259,0.05555555555555555,0.12037037037037036,0.08333333333333333,0,0.037037037037037035,0.05555555555555555,0.027777777777777776,0.018518518518518517,0.10185185185185185,0.046296296296296294,0.12037037037037036,0,0.046296296296296294,0.018518518518518517,0.10185185185185185,0.05555555555555555,0.018518518518518517,0.05555555555555555,0.027777777777777776
"lcl|MCFH01000001.1_cds_ORX60829.1_91 [locus_tag=BCR36DRAFT_314676] [db_xref=InterPro:IPR014045,JGIDB:Pirfi3_314676] [protein=protein serine/threonine phosphatase 2C] [protein_id=ORX60829.1] [location=complement(join(594397..595045,595141..595866,595962..596725))] [gbkey=CDS]",0.03656821378340366,0.03656821378340366,0.11954992967651196,0.06047819971870605,0.009845288326300985,0.02531645569620253,0.0829817158931083,0.029535864978902954,0.016877637130801686,0.06610407876230662,0.08157524613220815,0.1111111111111111,0.014064697609001406,0.035161744022503515,0.04781997187060478,0.08016877637130802,0.05485232067510549,0.005625879043600563,0.030942334739803096,0.05485232067510549
"lcl|MCFH01000001.1_cds_ORX60830.1_92 [locus_tag=BCR36DRAFT_314682] [db_xref=InterPro:IPR007810,JGIDB:Pirfi3_314682] [protein=hypothetical protein] [protein_id=ORX60830.1] [location=complement(join(597991..598116,598230..598475,598560..598677,598774..598895,599011..599101,599228..599349,599446..599574,599696..599839,599965..600135,600253..600414,600502..600732,600868..601068,601201..601368,601511..601679,601779..601968,602072..602264,602453..602611,602764..602915,603044..603233,603456..603572))] [gbkey=CDS]",0.03943661971830986,0.030985915492957747,0.07042253521126761,0.0647887323943662,0.014084507042253521,0.03943661971830986,0.09201877934272301,0.030985915492957747,0.01971830985915493,0.09953051643192488,0.10422535211267606,0.09295774647887324,0.023474178403755867,0.0431924882629108,0.03286384976525822,0.06572769953051644,0.03943661971830986,0.009389671361502348,0.04976525821596244,0.03755868544600939
"lcl|MCFH01000001.1_cds_ORX60831.1_93 [locus_tag=BCR36DRAFT_401144] [db_xref=InterPro:IPR005821,JGIDB:Pirfi3_401144] [protein=hypothetical protein] [protein_id=ORX60831.1] [location=join(604722..604867,605047..605164,605358..605670,605877..606121,606257..606388,606621..606749,606974..607131,607242..607314)] [gbkey=CDS]",0.05504587155963303,0.034403669724770644,0.05504587155963303,0.0481651376146789,0.009174311926605505,0.03669724770642202,0.07110091743119266,0.02981651376146789,0.02981651376146789,0.10550458715596331,0.0871559633027523,0.09403669724770643,0.034403669724770644,0.0779816513761468,0.009174311926605505,0.06422018348623854,0.045871559633027525,0.01834862385321101,0.05045871559633028,0.04357798165137615
"lcl|MCFH01000001.1_cds_ORX60832.1_94 [locus_tag=BCR36DRAFT_407833] [db_xref=JGIDB:Pirfi3_407833] [protein=hypothetical protein] [protein_id=ORX60832.1] [location=complement(join(607973..608056,608199..608392,608595..608715,608864..608911,609035..609129,609248..609302,609477..609548,609676..609774,609885..609979,610101..610269,610417..610672,610778..610830,610947..611125,611307..611487,611582..611601,611848..612060,612173..612392,612531..612637,612854..612940,613131..613283,613543..613647,614067..614079))] [gbkey=CDS]",0.027554535017221583,0.03329506314580941,0.08840413318025259,0.07233065442020666,0.018369690011481057,0.02870264064293915,0.08725602755453502,0.014925373134328358,0.006888633754305396,0.1044776119402985,0.10562571756601608,0.09070034443168772,0.01722158438576349,0.04707233065442021,0.024110218140068886,0.08725602755453502,0.0505166475315729,0.004592422502870264,0.03559127439724455,0.05510907003444317
"lcl|MCFH01000001.1_cds_ORX60833.1_95 [locus_tag=BCR36DRAFT_578904] [db_xref=InterPro:IPR001452,JGIDB:Pirfi3_578904] [protein=hypothetical protein] [protein_id=ORX60833.1] [location=complement(615785..616552)] [gbkey=CDS]",0.09055118110236221,0.05511811023622047,0.06299212598425197,0.01968503937007874,0.031496062992125984,0.023622047244094488,0.0984251968503937,0.05511811023622047,0.003937007874015748,0.06692913385826772,0.07086614173228346,0.07874015748031496,0.015748031496062992,0.04330708661417323,0.04330708661417323,0.09448818897637795,0.03543307086614173,0.007874015748031496,0.031496062992125984,0.07086614173228346
"lcl|MCFH01000001.1_cds_ORX60834.1_96 [locus_tag=BCR36DRAFT_401146] [db_xref=InterPro:IPR001150,InterPro:IPR004184,JGIDB:Pirfi3_401146] [protein=formate C-acetyltransferase] [protein_id=ORX60834.1] [location=621794..624217] [gbkey=CDS]",0.08684863523573201,0.04466501240694789,0.04838709677419355,0.06699751861042183,0.009925558312655087,0.02729528535980149,0.04714640198511166,0.07692307692307693,0.022332506203473945,0.052109181141439205,0.07444168734491315,0.08064516129032258,0.031017369727047148,0.04218362282878412,0.04218362282878412,0.05955334987593052,0.07568238213399504,0.007444168734491315,0.03970223325062035,0.06451612903225806
"lcl|MCFH01000001.1_cds_ORX60835.1_97 [locus_tag=BCR36DRAFT_340721] [db_xref=InterPro:IPR005097,JGIDB:Pirfi3_340721] [protein=Saccharopine dehydrogenase] [protein_id=ORX60835.1] [location=complement(join(631044..632061,632165..632402,632499..632584,632909..632922))] [gbkey=CDS]",0.09333333333333334,0.035555555555555556,0.06,0.04888888888888889,0.03111111111111111,0.024444444444444446,0.06666666666666667,0.07777777777777778,0.017777777777777778,0.07111111111111111,0.09111111111111111,0.06666666666666667,0.017777777777777778,0.02666666666666667,0.051111111111111114,0.04888888888888889,0.044444444444444446,0.013333333333333334,0.03777777777777778,0.07555555555555556
"lcl|MCFH01000001.1_cds_ORX60836.1_98 [locus_tag=BCR36DRAFT_407837] [db_xref=JGIDB:Pirfi3_407837] [protein=hypothetical protein] [protein_id=ORX60836.1] [location=join(634665..634738,635125..635527,635842..638907,639064..645729,645875..646171)] [gbkey=CDS]",0.026285714285714287,0.031714285714285716,0.10028571428571428,0.055714285714285716,0.015714285714285715,0.023714285714285716,0.07371428571428572,0.023142857142857142,0.013714285714285714,0.10142857142857142,0.09514285714285714,0.10857142857142857,0.019142857142857142,0.048,0.018857142857142857,0.08914285714285715,0.04428571428571428,0.008285714285714285,0.062285714285714285,0.040857142857142856
"lcl|MCFH01000001.1_cds_ORX60837.1_99 [locus_tag=BCR36DRAFT_314698] [db_xref=InterPro:IPR006789,JGIDB:Pirfi3_314698] [protein=Arp2/3 complex 16 kDa subunit ARPC5] [protein_id=ORX60837.1] [location=join(646747..646871,647273..647348,647523..647699,647898..647960)] [gbkey=CDS]",0.06206896551724138,0.04827586206896552,0.08275862068965517,0.07586206896551724,0.020689655172413793,0.013793103448275862,0.08275862068965517,0.027586206896551724,0.006896551724137931,0.1103448275862069,0.07586206896551724,0.06206896551724138,0.013793103448275862,0.020689655172413793,0.020689655172413793,0.0896551724137931,0.041379310344827586,0.006896551724137931,0.027586206896551724,0.1103448275862069
"lcl|MCFH01000001.1_cds_ORX60838.1_100 [locus_tag=BCR36DRAFT_272421] [db_xref=InterPro:IPR013724,JGIDB:Pirfi3_272421] [protein=hypothetical protein] [protein_id=ORX60838.1] [location=join(650952..651087,651393..651481,651603..651679,652027..652220,652370..652452,652729..652833,652962..653284,653394..653781,654090..654282,654462..654622)] [gbkey=CDS]",0.04819277108433735,0.06196213425129088,0.07228915662650602,0.10499139414802065,0.0034423407917383822,0.04475043029259897,0.08777969018932874,0.020654044750430294,0.012048192771084338,0.060240963855421686,0.0963855421686747,0.09122203098106713,0.020654044750430294,0.020654044750430294,0.03098106712564544,0.11187607573149742,0.04647160068846816,0,0.027538726333907058,0.0378657487091222
"lcl|MCFH01000001.1_cds_ORX60839.1_101 [locus_tag=BCR36DRAFT_401152] [db_xref=InterPro:IPR001841,InterPro:IPR006845,JGIDB:Pirfi3_401152] [protein=hypothetical protein] [protein_id=ORX60839.1] [location=join(656506..656661,656793..656940,657119..657255,657351..657451,657543..657660,657796..658176)] [gbkey=CDS]",0.02608695652173913,0.02318840579710145,0.0782608695652174,0.05507246376811594,0.028985507246376812,0.02608695652173913,0.06086956521739131,0.028985507246376812,0.014492753623188406,0.09855072463768116,0.11304347826086956,0.11884057971014493,0.017391304347826087,0.0463768115942029,0.03188405797101449,0.08405797101449275,0.02318840579710145,0.008695652173913044,0.08695652173913043,0.028985507246376812
"lcl|MCFH01000001.1_cds_ORX60840.1_102 [locus_tag=BCR36DRAFT_578912] [db_xref=InterPro:IPR000504,JGIDB:Pirfi3_578912] [protein=RNA-binding domain-containing protein] [protein_id=ORX60840.1] [location=join(659861..659907,660034..660063,660648..660744,660880..660936,661114..661623)] [gbkey=CDS]",0.036734693877551024,0.17551020408163265,0.05714285714285714,0.04081632653061224,0.00816326530612245,0.02040816326530612,0.061224489795918366,0.02040816326530612,0.02040816326530612,0.04897959183673469,0.0326530612244898,0.02040816326530612,0.0163265306122449,0.024489795918367346,0.061224489795918366,0.20408163265306123,0.04897959183673469,0.004081632653061225,0.06938775510204082,0.02857142857142857
"lcl|MCFH01000001.1_cds_ORX60841.1_103 [locus_tag=BCR36DRAFT_578913] [db_xref=InterPro:IPR002314,InterPro:IPR015866,JGIDB:Pirfi3_578913] [protein=seryl-tRNA synthetase] [protein_id=ORX60841.1] [location=complement(join(662385..662408,662515..662703,662798..662977,663081..663361,663521..664147,664580..664712))] [gbkey=CDS]",0.06932773109243698,0.046218487394957986,0.0546218487394958,0.04831932773109244,0.014705882352941176,0.03991596638655462,0.10294117647058823,0.06092436974789916,0.02100840336134454,0.0546218487394958,0.09453781512605042,0.09873949579831932,0.008403361344537815,0.04201680672268908,0.03991596638655462,0.058823529411764705,0.03361344537815126,0.012605042016806723,0.03571428571428571,0.06302521008403361
"lcl|MCFH01000001.1_cds_ORX60842.1_104 [locus_tag=BCR36DRAFT_314713] [db_xref=InterPro:IPR001494,JGIDB:Pirfi3_314713] [protein=ARM repeat-containing protein] [protein_id=ORX60842.1] [location=join(665535..665666,665817..665917,666198..666270,666344..666405,666503..666656,666876..667079,667187..667235,667339..667515,667620..667712,667816..668021,668138..668228,668306..668459,668550..668713,668813..668970,669067..669183,669272..669346,669480..669677,669786..669983,670083..670241,670346..670503,670639..670879)] [gbkey=CDS]",0.037525354969574036,0.032454361054766734,0.060851926977687626,0.06288032454361055,0.019269776876267748,0.04158215010141988,0.06795131845841786,0.02434077079107505,0.008113590263691683,0.12880324543610547,0.11460446247464504,0.06896551724137931,0.02129817444219067,0.04665314401622718,0.038539553752535496,0.08417849898580122,0.04665314401622718,0.012170385395537525,0.036511156186612576,0.04665314401622718
lcl|MCFH01000001.1_cds_ORX60843.1_105 [locus_tag=BCR36DRAFT_407845] [db_xref=JGIDB:Pirfi3_407845] [protein=hypothetical protein] [protein_id=ORX60843.1] [location=672894..674228] [gbkey=CDS],0.04966139954853273,0.04288939051918736,0.09480812641083522,0.06772009029345373,0.011286681715575621,0.01805869074492099,0.05191873589164785,0.03611738148984198,0.024830699774266364,0.09706546275395034,0.08126410835214447,0.07900677200902935,0.022573363431151242,0.07900677200902935,0.020316027088036117,0.08577878103837472,0.05417607223476298,0.009029345372460496,0.029345372460496615,0.045146726862302484
"lcl|MCFH01000001.1_cds_ORX60844.1_106 [locus_tag=BCR36DRAFT_2229] [db_xref=JGIDB:Pirfi3_2229] [protein=hypothetical protein] [protein_id=ORX60844.1] [location=complement(join(674813..674972,675156..675445,675537..675674,675811..677385))] [gbkey=CDS]",0.030598052851182198,0.03337969401947149,0.2809457579972184,0.02364394993045897,0.011126564673157162,0.0458970792767733,0.04728789986091794,0.027816411682892908,0.015299026425591099,0.06258692628650904,0.04172461752433936,0.06536856745479833,0.043115438108484005,0.016689847009735744,0.055632823365785816,0.11265646731571627,0.02364394993045897,0.0027816411682892906,0.03477051460361613,0.025034770514603615
lcl|MCFH01000001.1_cds_ORX60845.1_107 [locus_tag=BCR36DRAFT_271680] [db_xref=JGIDB:Pirfi3_271680] [protein=hypothetical protein] [protein_id=ORX60845.1] [location=complement(677852..678130)] [gbkey=CDS],0.02197802197802198,0,0.18681318681318682,0.04395604395604396,0.02197802197802198,0.01098901098901099,0.01098901098901099,0.054945054945054944,0.04395604395604396,0.07692307692307693,0.0989010989010989,0.03296703296703297,0.01098901098901099,0.054945054945054944,0.04395604395604396,0.06593406593406594,0.08791208791208792,0,0.08791208791208792,0.04395604395604396
"lcl|MCFH01000001.1_cds_ORX60846.1_108 [locus_tag=BCR36DRAFT_2238] [db_xref=JGIDB:Pirfi3_2238] [protein=hypothetical protein] [protein_id=ORX60846.1] [location=join(678807..678808,678910..679138)] [gbkey=CDS]",0.013333333333333334,0.05333333333333334,0.06666666666666667,0,0.05333333333333334,0.02666666666666667,0,0,0.28,0.013333333333333334,0.17333333333333334,0.02666666666666667,0,0.08,0.013333333333333334,0.02666666666666667,0.013333333333333334,0,0.13333333333333333,0.02666666666666667
"lcl|MCFH01000001.1_cds_ORX60847.1_109 [locus_tag=BCR36DRAFT_273399] [db_xref=JGIDB:Pirfi3_273399] [protein=hypothetical protein] [protein_id=ORX60847.1] [location=complement(join(679486..679578,679688..679829,679940..680157,680300..680431,680566..680694,680912..680996,681168..681265))] [gbkey=CDS]",0.04377104377104377,0.04377104377104377,0.05723905723905724,0.06060606060606061,0.003367003367003367,0.037037037037037035,0.11784511784511785,0.020202020202020204,0.003367003367003367,0.06060606060606061,0.1447811447811448,0.11784511784511785,0.030303030303030304,0.026936026936026935,0.026936026936026935,0.06734006734006734,0.050505050505050504,0.006734006734006734,0.04040404040404041,0.04040404040404041
"lcl|MCFH01000001.1_cds_ORX60848.1_110 [locus_tag=BCR36DRAFT_2246] [db_xref=InterPro:IPR006603,JGIDB:Pirfi3_2246] [protein=hypothetical protein] [protein_id=ORX60848.1] [location=complement(join(682313..682402,682544..682718,682879..683253,683458..683565,683748..683791))] [gbkey=CDS]",0.022900763358778626,0.007633587786259542,0.08778625954198473,0.04961832061068702,0.022900763358778626,0.04198473282442748,0.026717557251908396,0.05343511450381679,0.011450381679389313,0.11068702290076336,0.12595419847328243,0.05343511450381679,0.019083969465648856,0.10305343511450382,0.026717557251908396,0.08778625954198473,0.04198473282442748,0.026717557251908396,0.04580152671755725,0.03435114503816794
"lcl|MCFH01000001.1_cds_ORX60849.1_111 [locus_tag=BCR36DRAFT_273700] [db_xref=InterPro:IPR007034,InterPro:IPR012948,JGIDB:Pirfi3_273700] [protein=DUF663-domain-containing protein] [protein_id=ORX60849.1] [location=complement(join(684989..685161,685244..685459,685565..685891,686018..686343,686436..686743,686789..687184,687284..687397,687505..687697,687806..687918,688023..688180,688313..688412))] [gbkey=CDS]",0.03970223325062035,0.05086848635235732,0.0794044665012407,0.06327543424317618,0.009925558312655087,0.04218362282878412,0.0967741935483871,0.03970223325062035,0.017369727047146403,0.07196029776674938,0.05831265508684864,0.08684863523573201,0.022332506203473945,0.04962779156327544,0.04714640198511166,0.05707196029776675,0.052109181141439205,0.008684863523573201,0.04094292803970223,0.06575682382133995
"lcl|MCFH01000001.1_cds_ORX60850.1_112 [locus_tag=BCR36DRAFT_314727] [db_xref=InterPro:IPR000555,InterPro:IPR012591,InterPro:IPR012592,InterPro:IPR012984,JGIDB:Pirfi3_314727] [protein=PRP8 pre-mRNA processing factor 8] [protein_id=ORX60850.1] [location=join(689520..689909,690079..690250,690391..691741,691935..697143)] [gbkey=CDS]",0.045109612141652614,0.05902192242833052,0.050590219224283306,0.05691399662731872,0.01011804384485666,0.04215851602023609,0.06197301854974705,0.047639123102866776,0.03035413153456998,0.06913996627318718,0.1045531197301855,0.06871838111298482,0.024030354131534568,0.04173693086003373,0.05564924114671164,0.05522765598650928,0.05480607082630692,0.025716694772344013,0.045952782462057334,0.050590219224283306
"lcl|MCFH01000001.1_cds_ORX60851.1_113 [locus_tag=BCR36DRAFT_314730] [db_xref=InterPro:IPR001849,JGIDB:Pirfi3_314730] [protein=PH-domain-containing protein] [protein_id=ORX60851.1] [location=join(698434..698739,698998..699228,699391..699467,699607..699641,699769..699813,699882..699956,700148..700318,700495..700664,700813..700912,701045..701103,701211..701565,701733..701947,702128..702241,702407..703159,703354..704025)] [gbkey=CDS]",0.0498220640569395,0.029359430604982206,0.0791814946619217,0.06405693950177936,0.015124555160142349,0.04181494661921708,0.07740213523131673,0.03825622775800712,0.029359430604982206,0.08185053380782918,0.09163701067615658,0.08629893238434164,0.012455516014234875,0.04715302491103203,0.02224199288256228,0.07206405693950178,0.0498220640569395,0.005338078291814947,0.046263345195729534,0.060498220640569395
"lcl|MCFH01000001.1_cds_ORX60852.1_114 [locus_tag=BCR36DRAFT_578926] [db_xref=InterPro:IPR001926,JGIDB:Pirfi3_578926] [protein=tryptophan synthase] [protein_id=ORX60852.1] [location=complement(711057..712865)] [gbkey=CDS]",0.07154742096505824,0.029950083194675542,0.04658901830282862,0.048252911813643926,0.026622296173044926,0.03161397670549085,0.08652246256239601,0.08985024958402663,0.029950083194675542,0.064891846921797,0.07321131447587355,0.09151414309484193,0.029950083194675542,0.04326123128119801,0.08319467554076539,0.04492512479201331,0.033277870216306155,0.0016638935108153079,0.033277870216306155,0.03993344425956739
"lcl|MCFH01000001.1_cds_ORX60853.1_115 [locus_tag=BCR36DRAFT_578927] [db_xref=InterPro:IPR001781,JGIDB:Pirfi3_578927] [protein=hypothetical protein] [protein_id=ORX60853.1] [location=join(718893..719782,719871..720039,720141..720234,720358..720578)] [gbkey=CDS]",0.02631578947368421,0.09429824561403509,0.07675438596491228,0.17982456140350878,0.03728070175438596,0.02412280701754386,0.03728070175438596,0.05043859649122807,0.015350877192982455,0.02412280701754386,0.017543859649122806,0.07017543859649122,0.010964912280701754,0.017543859649122806,0.03728070175438596,0.09649122807017543,0.017543859649122806,0,0.1425438596491228,0.02412280701754386
lcl|MCFH01000001.1_cds_ORX60854.1_116 [locus_tag=BCR36DRAFT_340770] [db_xref=JGIDB:Pirfi3_340770] [protein=hypothetical protein] [protein_id=ORX60854.1] [location=724581..726131] [gbkey=CDS],0.02330097087378641,0.04854368932038835,0.12233009708737864,0.040776699029126215,0.001941747572815534,0.02330097087378641,0.05825242718446602,0.02912621359223301,0.015533980582524271,0.0854368932038835,0.07572815533980583,0.08349514563106795,0.017475728155339806,0.04466019417475728,0.038834951456310676,0.10679611650485436,0.06019417475728155,0.009708737864077669,0.06601941747572816,0.04854368932038835
"lcl|MCFH01000001.1_cds_ORX60855.1_117 [locus_tag=BCR36DRAFT_314744] [db_xref=InterPro:IPR003900,JGIDB:Pirfi3_314744] [protein=hypothetical protein] [protein_id=ORX60855.1] [location=complement(join(726931..727059,727207..728338,728537..728760,728856..729187,729334..729469,729611..729706,729815..730075,730183..730419,730587..730944,731086..733478))] [gbkey=CDS]",0.01473922902494331,0.018140589569160998,0.14058956916099774,0.06519274376417233,0.0045351473922902496,0.03571428571428571,0.10034013605442177,0.010770975056689343,0.01020408163265306,0.09467120181405896,0.09863945578231292,0.1388888888888889,0.013605442176870748,0.03344671201814059,0.011904761904761904,0.09750566893424037,0.054988662131519275,0.0017006802721088435,0.035147392290249435,0.01927437641723356
"lcl|MCFH01000001.1_cds_ORX60856.1_118 [locus_tag=BCR36DRAFT_578929] [db_xref=InterPro:IPR002699,JGIDB:Pirfi3_578929] [protein=ATPase, H+ transporting, lysosomal 34kDa, V1 subunit D] [protein_id=ORX60856.1] [location=complement(join(739568..739611,739770..739852,739946..740091,740177..740280,740375..740487,740565..740644,740738..740855,741376..741416))] [gbkey=CDS]",0.08298755186721991,0.07053941908713693,0.06224066390041494,0.04564315352697095,0.004149377593360996,0.05394190871369295,0.08713692946058091,0.05394190871369295,0.008298755186721992,0.07468879668049792,0.07883817427385892,0.0912863070539419,0.02074688796680498,0.04564315352697095,0.012448132780082987,0.06224066390041494,0.05394190871369295,0,0.024896265560165973,0.06639004149377593
"lcl|MCFH01000001.1_cds_ORX60857.1_119 [locus_tag=BCR36DRAFT_340777] [db_xref=JGIDB:Pirfi3_340777] [protein=hypothetical protein] [protein_id=ORX60857.1] [location=complement(join(742557..742580,742678..742704,742798..743187))] [gbkey=CDS]",0.034482758620689655,0.06206896551724138,0.06206896551724138,0.05517241379310345,0.027586206896551724,0.041379310344827586,0.08275862068965517,0.027586206896551724,0.013793103448275862,0.10344827586206896,0.09655172413793103,0.06896551724137931,0.013793103448275862,0.07586206896551724,0.04827586206896552,0.05517241379310345,0.04827586206896552,0,0.04827586206896552,0.034482758620689655
"lcl|MCFH01000001.1_cds_ORX60858.1_120 [locus_tag=BCR36DRAFT_578930] [db_xref=InterPro:IPR000595,JGIDB:Pirfi3_578930] [protein=hypothetical protein] [protein_id=ORX60858.1] [location=join(744228..744302,744414..744512,744591..744632,744748..744819,744930..745053,745131..745163,745273..745493,745585..745803,745891..745993,746093..746102,746215..746368,746484..746624,746704..746759,746851..746923,747013..747220,747315..747531,747633..747667,747776..747939)] [gbkey=CDS]",0.03235294117647059,0.051470588235294115,0.06764705882352941,0.058823529411764705,0.01911764705882353,0.030882352941176472,0.06470588235294118,0.045588235294117645,0.027941176470588237,0.09411764705882353,0.11764705882352941,0.08235294117647059,0.016176470588235296,0.039705882352941174,0.027941176470588237,0.07205882352941176,0.052941176470588235,0.011764705882352941,0.033823529411764704,0.052941176470588235
"lcl|MCFH01000001.1_cds_ORX60859.1_121 [locus_tag=BCR36DRAFT_271581] [db_xref=InterPro:IPR006976,JGIDB:Pirfi3_271581] [protein=hypothetical protein] [protein_id=ORX60859.1] [location=complement(join(748664..748789,748891..748920,749012..749278))] [gbkey=CDS]",0.04316546762589928,0.02877697841726619,0.03597122302158273,0.02877697841726619,0.007194244604316547,0.014388489208633094,0.050359712230215826,0.03597122302158273,0.014388489208633094,0.1366906474820144,0.12949640287769784,0.050359712230215826,0.007194244604316547,0.11510791366906475,0.03597122302158273,0.06474820143884892,0.050359712230215826,0.02158273381294964,0.050359712230215826,0.07913669064748201
"lcl|MCFH01000001.1_cds_ORX60860.1_122 [locus_tag=BCR36DRAFT_439223] [db_xref=InterPro:IPR002110,JGIDB:Pirfi3_439223] [protein=ankyrin] [protein_id=ORX60860.1] [location=750075..753716] [gbkey=CDS]",0.03547854785478548,0.02392739273927393,0.1353135313531353,0.05693069306930693,0.017326732673267328,0.027227722772277228,0.07260726072607261,0.03135313531353135,0.022277227722772276,0.0924092409240924,0.11056105610561057,0.09653465346534654,0.013201320132013201,0.03217821782178218,0.02392739273927393,0.08250825082508251,0.04537953795379538,0.0024752475247524753,0.038778877887788776,0.039603960396039604
"lcl|MCFH01000001.1_cds_ORX60861.1_123 [locus_tag=BCR36DRAFT_340801] [db_xref=InterPro:IPR001623,JGIDB:Pirfi3_340801] [protein=DnaJ-domain-containing protein] [protein_id=ORX60861.1] [location=complement(join(754417..755274,755543..755758))] [gbkey=CDS]",0.05898876404494382,0.0449438202247191,0.05337078651685393,0.03932584269662921,0.0056179775280898875,0.0449438202247191,0.05337078651685393,0.03651685393258427,0.025280898876404494,0.0702247191011236,0.10955056179775281,0.09269662921348315,0.02247191011235955,0.07865168539325842,0.0449438202247191,0.0702247191011236,0.042134831460674156,0.008426966292134831,0.06179775280898876,0.03651685393258427
"lcl|MCFH01000001.1_cds_ORX60862.1_124 [locus_tag=BCR36DRAFT_401172] [db_xref=InterPro:IPR001373,JGIDB:Pirfi3_401172] [protein=Cullin-domain-containing protein] [protein_id=ORX60862.1] [location=complement(join(757097..757285,757424..757523,757639..757721,757861..758189,758315..758435,758547..758678,758764..758910,759022..759129,759292..759422,759549..759711,759851..760023,760175..760328,760506..760670,760892..760960,761082..761116,761254..761392))] [gbkey=CDS]",0.025537634408602152,0.028225806451612902,0.08870967741935484,0.05241935483870968,0.01478494623655914,0.04435483870967742,0.0846774193548387,0.01747311827956989,0.009408602150537635,0.09811827956989247,0.09543010752688172,0.11021505376344086,0.016129032258064516,0.0456989247311828,0.025537634408602152,0.06854838709677419,0.053763440860215055,0.005376344086021506,0.06451612903225806,0.051075268817204304
"lcl|MCFH01000001.1_cds_ORX60863.1_125 [locus_tag=BCR36DRAFT_340806] [db_xref=InterPro:IPR006880,InterPro:IPR007529,JGIDB:Pirfi3_340806] [protein=hypothetical protein] [protein_id=ORX60863.1] [location=join(763126..763876,764177..764195,764381..764514,764615..764721,764844..764915,764991..765296)] [gbkey=CDS]",0.03036876355748373,0.06941431670281996,0.09544468546637744,0.06941431670281996,0.010845986984815618,0.04772234273318872,0.14316702819956617,0.019522776572668113,0.006507592190889371,0.049891540130151846,0.06073752711496746,0.10629067245119306,0.02386117136659436,0.004338394793926247,0.0368763557483731,0.08026030368763558,0.09544468546637744,0,0.03470715835140998,0.015184381778741865
"lcl|MCFH01000001.1_cds_ORX60864.1_126 [locus_tag=BCR36DRAFT_340808] [db_xref=JGIDB:Pirfi3_340808] [protein=hypothetical protein] [protein_id=ORX60864.1] [location=complement(join(766408..767367,767447..767569))] [gbkey=CDS]",0.05013927576601671,0.06128133704735376,0.10584958217270195,0.05013927576601671,0.022284122562674095,0.04456824512534819,0.06128133704735376,0.03064066852367688,0.025069637883008356,0.06128133704735376,0.08635097493036212,0.0807799442896936,0.008356545961002786,0.04456824512534819,0.03064066852367688,0.10306406685236769,0.04178272980501393,0.002785515320334262,0.04456824512534819,0.04456824512534819
"lcl|MCFH01000001.1_cds_ORX60866.1_128 [locus_tag=BCR36DRAFT_340810] [db_xref=InterPro:IPR000073,JGIDB:Pirfi3_340810] [protein=alpha/beta-hydrolase] [protein_id=ORX60866.1] [location=join(780209..780338,780605..780689,780863..780983,781180..781584)] [gbkey=CDS]",0.04897959183673469,0.024489795918367346,0.053061224489795916,0.053061224489795916,0.012244897959183673,0.036734693877551024,0.07346938775510205,0.0653061224489796,0.036734693877551024,0.09387755102040816,0.04081632653061224,0.08163265306122448,0.02857142857142857,0.08979591836734693,0.02857142857142857,0.08163265306122448,0.05714285714285714,0.00816326530612245,0.0326530612244898,0.053061224489795916
"lcl|MCFH01000001.1_cds_ORX60867.1_129 [locus_tag=BCR36DRAFT_578938] [db_xref=InterPro:IPR001680,JGIDB:Pirfi3_578938] [protein=WD40 repeat-like protein] [protein_id=ORX60867.1] [location=complement(join(782389..782943,783764..783877,784051..784162,784401..784582))] [gbkey=CDS]",0.06583072100313479,0.03761755485893417,0.05329153605015674,0.07210031347962383,0.03134796238244514,0.04075235109717868,0.047021943573667714,0.05956112852664577,0.050156739811912224,0.08150470219435736,0.06896551724137931,0.034482758620689655,0.012539184952978056,0.0438871473354232,0.03761755485893417,0.06583072100313479,0.06269592476489028,0.03761755485893417,0.03761755485893417,0.05956112852664577
"lcl|MCFH01000001.1_cds_ORX60868.1_130 [locus_tag=BCR36DRAFT_272368] [db_xref=InterPro:IPR000582,JGIDB:Pirfi3_272368] [protein=hypothetical protein] [protein_id=ORX60868.1] [location=join(786302..786324,786455..786527,786754..786791,786903..786950,787045..787117,787216..787297,787409..787681,787845..788275)] [gbkey=CDS]",0.03768115942028986,0.043478260869565216,0.12753623188405797,0.05217391304347826,0.002898550724637681,0.028985507246376812,0.05507246376811594,0.0463768115942029,0.014492753623188406,0.06666666666666667,0.09565217391304348,0.0463768115942029,0.05217391304347826,0.02608695652173913,0.06086956521739131,0.10144927536231885,0.06666666666666667,0.008695652173913044,0.017391304347826087,0.04927536231884058
"lcl|MCFH01000001.1_cds_ORX60869.1_131 [locus_tag=BCR36DRAFT_314792] [db_xref=InterPro:IPR001993,JGIDB:Pirfi3_314792] [protein=mitochondrial carrier] [protein_id=ORX60869.1] [location=join(791345..791413,791524..791670,791780..792535,792628..792669)] [gbkey=CDS]",0.06845238095238096,0.026785714285714284,0.041666666666666664,0.03273809523809524,0.011904761904761904,0.03273809523809524,0.044642857142857144,0.10714285714285714,0.020833333333333332,0.08928571428571429,0.0744047619047619,0.09226190476190477,0.023809523809523808,0.047619047619047616,0.026785714285714284,0.07738095238095238,0.06845238095238096,0.005952380952380952,0.047619047619047616,0.05952380952380952
"lcl|MCFH01000001.1_cds_ORX60870.1_132 [locus_tag=BCR36DRAFT_2665] [db_xref=JGIDB:Pirfi3_2665] [protein=hypothetical protein] [protein_id=ORX60870.1] [location=join(795289..795309,795454..795759,795873..795962,796051..796119,796203..796347,796443..796952,797050..797145,797247..798322)] [gbkey=CDS]",0.015604681404421327,0.02340702210663199,0.14564369310793238,0.036410923276983094,0.0039011703511053317,0.035110533159947985,0.11053315994798439,0.010403120936280884,0.016905071521456438,0.09102730819245773,0.08062418725617686,0.13914174252275682,0.016905071521456438,0.016905071521456438,0.0247074122236671,0.10663198959687907,0.06762028608582575,0.0039011703511053317,0.04161248374512354,0.013003901170351105
"lcl|MCFH01000001.1_cds_ORX60871.1_133 [locus_tag=BCR36DRAFT_271662] [db_xref=JGIDB:Pirfi3_271662] [protein=hypothetical protein] [protein_id=ORX60871.1] [location=complement(join(798602..798718,798803..799182,799335..801141))] [gbkey=CDS]",0.015665796344647518,0.013054830287206266,0.17101827676240208,0.04960835509138381,0.016971279373368148,0.037859007832898174,0.06135770234986945,0.02610966057441253,0.022193211488250653,0.10574412532637076,0.08746736292428199,0.09138381201044386,0.018276762402088774,0.033942558746736295,0.016971279373368148,0.09921671018276762,0.044386422976501305,0.006527415143603133,0.04046997389033943,0.04177545691906005
"lcl|MCFH01000001.1_cds_ORX60872.1_134 [locus_tag=BCR36DRAFT_314799] [db_xref=InterPro:IPR002164,JGIDB:Pirfi3_314799] [protein=nucleosome assembly protein] [protein_id=ORX60872.1] [location=complement(join(802856..803098,803328..803845,803979..804045))] [gbkey=CDS]",0.025547445255474453,0.010948905109489052,0.09854014598540146,0.06569343065693431,0.010948905109489052,0.032846715328467155,0.12043795620437957,0.025547445255474453,0.01824817518248175,0.10583941605839416,0.09124087591240876,0.08759124087591241,0.014598540145985401,0.05474452554744526,0.029197080291970802,0.06204379562043796,0.040145985401459854,0.01824817518248175,0.05474452554744526,0.032846715328467155
"lcl|MCFH01000001.1_cds_ORX60873.1_135 [locus_tag=BCR36DRAFT_578945] [db_xref=InterPro:IPR000504,InterPro:IPR001878,JGIDB:Pirfi3_578945] [protein=hypothetical protein] [protein_id=ORX60873.1] [location=complement(join(805982..806006,806120..806710,806803..806872,807044..807106,807248..807315,807393..807426,807529..807541,807744..807787,808045..808099))] [gbkey=CDS]",0.025078369905956112,0.23824451410658307,0.047021943573667714,0.05329153605015674,0.012539184952978056,0.01567398119122257,0.07210031347962383,0.03761755485893417,0.012539184952978056,0.01567398119122257,0.01567398119122257,0.05642633228840126,0.009404388714733543,0.01567398119122257,0.03761755485893417,0.2445141065830721,0.0219435736677116,0.006269592476489028,0.03134796238244514,0.03134796238244514
"lcl|MCFH01000001.1_cds_ORX60874.1_136 [locus_tag=BCR36DRAFT_394049] [db_xref=InterPro:IPR003163,JGIDB:Pirfi3_394049] [protein=DNA-binding domain of Mlu1-box binding protein MBP1] [protein_id=ORX60874.1] [location=complement(join(809906..810153,810307..810953,811089..811321))] [gbkey=CDS]",0.0106951871657754,0.02406417112299465,0.14171122994652408,0.0481283422459893,0.00267379679144385,0.08021390374331551,0.040106951871657755,0.034759358288770054,0.040106951871657755,0.12834224598930483,0.058823529411764705,0.06417112299465241,0.01871657754010695,0.016042780748663103,0.07219251336898395,0.07754010695187166,0.06684491978609626,0.0053475935828877,0.05080213903743316,0.01871657754010695
"lcl|MCFH01000001.1_cds_ORX60875.1_137 [locus_tag=BCR36DRAFT_2711] [db_xref=JGIDB:Pirfi3_2711] [protein=hypothetical protein] [protein_id=ORX60875.1] [location=complement(join(811474..812510,812666..812848,812945..814640))] [gbkey=CDS]",0.016494845360824743,0.01752577319587629,0.27010309278350514,0.0443298969072165,0.006185567010309278,0.042268041237113405,0.03711340206185567,0.01752577319587629,0.023711340206185566,0.060824742268041236,0.0443298969072165,0.06494845360824743,0.018556701030927835,0.023711340206185566,0.03917525773195876,0.16288659793814433,0.05463917525773196,0,0.03917525773195876,0.016494845360824743
"lcl|MCFH01000001.1_cds_ORX60876.1_138 [locus_tag=BCR36DRAFT_578948] [db_xref=JGIDB:Pirfi3_578948] [protein=hypothetical protein] [protein_id=ORX60876.1] [location=complement(join(824382..824974,825441..825669))] [gbkey=CDS]",0.011029411764705883,0.07720588235294118,0.21323529411764705,0.04779411764705882,0,0.025735294117647058,0.051470588235294115,0.014705882352941176,0.01838235294117647,0.0625,0.04779411764705882,0,0.007352941176470588,0.022058823529411766,0.025735294117647058,0.1948529411764706,0.15441176470588236,0,0.014705882352941176,0.011029411764705883
lcl|MCFH01000001.1_cds_ORX60877.1_139 [locus_tag=BCR36DRAFT_578950] [db_xref=JGIDB:Pirfi3_578950] [protein=hypothetical protein] [protein_id=ORX60877.1] [location=complement(828705..829439)] [gbkey=CDS],0.03292181069958848,0.06172839506172839,0.08641975308641975,0.06172839506172839,0.00823045267489712,0.012345679012345678,0.06172839506172839,0.04526748971193416,0.01646090534979424,0.07407407407407407,0.09465020576131687,0.04526748971193416,0.02880658436213992,0.06584362139917696,0.04938271604938271,0.102880658436214,0.04526748971193416,0.012345679012345678,0.04938271604938271,0.04526748971193416
"lcl|MCFH01000001.1_cds_ORX60878.1_140 [locus_tag=BCR36DRAFT_273431] [db_xref=InterPro:IPR017442,JGIDB:Pirfi3_273431] [protein=aurora A kinase protein-like protein] [protein_id=ORX60878.1] [location=complement(join(832185..832265,832402..832633,832766..832914,833094..833690))] [gbkey=CDS]",0.037037037037037035,0.03133903133903134,0.06267806267806268,0.05413105413105413,0.002849002849002849,0.02564102564102564,0.05982905982905983,0.03133903133903134,0.07692307692307693,0.09401709401709402,0.07977207977207977,0.1111111111111111,0.014245014245014245,0.03133903133903134,0.039886039886039885,0.1168091168091168,0.03133903133903134,0.005698005698005698,0.042735042735042736,0.05128205128205128
"lcl|MCFH01000001.1_cds_ORX60879.1_141 [locus_tag=BCR36DRAFT_314808] [db_xref=InterPro:IPR017442,JGIDB:Pirfi3_314808] [protein=AGC family protein kinase] [protein_id=ORX60879.1] [location=join(841456..841506,841590..841618,841797..842003,842171..842309,842595..842743,842907..843138,843308..843394)] [gbkey=CDS]",0.05405405405405406,0.07094594594594594,0.04054054054054054,0.04054054054054054,0.010135135135135136,0.02702702702702703,0.07432432432432433,0.057432432432432436,0.04054054054054054,0.07094594594594594,0.11486486486486487,0.10472972972972973,0.006756756756756757,0.02364864864864865,0.05405405405405406,0.057432432432432436,0.037162162162162164,0.013513513513513514,0.057432432432432436,0.04391891891891892
"lcl|MCFH01000001.1_cds_ORX60880.1_142 [locus_tag=BCR36DRAFT_340840] [db_xref=JGIDB:Pirfi3_340840] [protein=P-loop containing nucleoside triphosphate hydrolase protein] [protein_id=ORX60880.1] [location=complement(join(844771..844960,845247..845392,845741..845938))] [gbkey=CDS]",0.056818181818181816,0.03977272727272727,0.06818181818181818,0.05113636363636364,0.011363636363636364,0.017045454545454544,0.1534090909090909,0.05113636363636364,0.022727272727272728,0.07954545454545454,0.07386363636363637,0.056818181818181816,0.03409090909090909,0.03409090909090909,0.028409090909090908,0.03977272727272727,0.0625,0.011363636363636364,0.028409090909090908,0.07954545454545454
"lcl|MCFH01000001.1_cds_ORX60881.1_143 [locus_tag=BCR36DRAFT_407882] [db_xref=InterPro:IPR006096,InterPro:IPR006097,JGIDB:Pirfi3_407882] [protein=putative NADP-specific glutamate dehydrogenase] [protein_id=ORX60881.1] [location=complement(846600..848039)] [gbkey=CDS]",0.10460251046025104,0.04811715481171548,0.05230125523012552,0.06276150627615062,0.010460251046025104,0.03138075313807531,0.060669456066945605,0.09623430962343096,0.014644351464435146,0.056485355648535567,0.07112970711297072,0.06903765690376569,0.02092050209205021,0.05230125523012552,0.0397489539748954,0.056485355648535567,0.04184100418410042,0.014644351464435146,0.02510460251046025,0.07112970711297072
lcl|MCFH01000001.1_cds_ORX60882.1_144 [locus_tag=BCR36DRAFT_578954] [db_xref=JGIDB:Pirfi3_578954] [protein=hypothetical protein] [protein_id=ORX60882.1] [location=complement(851146..852000)] [gbkey=CDS],0.03180212014134275,0.0176678445229682,0.12367491166077739,0.0353356890459364,0.0176678445229682,0.0176678445229682,0.08480565371024736,0.024734982332155476,0.02120141342756184,0.0989399293286219,0.07773851590106007,0.10600706713780919,0.014134275618374558,0.03180212014134275,0.0353356890459364,0.0706713780918728,0.038869257950530034,0.007067137809187279,0.07773851590106007,0.06713780918727916
"lcl|MCFH01000001.1_cds_ORX60883.1_145 [locus_tag=BCR36DRAFT_314823] [db_xref=InterPro:IPR008209,JGIDB:Pirfi3_314823] [protein=phosphoenolpyruvate carboxykinase [GTP]] [protein_id=ORX60883.1] [location=complement(join(863629..865253,865497..865707))] [gbkey=CDS]",0.07213114754098361,0.04262295081967213,0.05081967213114754,0.060655737704918035,0.022950819672131147,0.021311475409836064,0.05245901639344262,0.08360655737704918,0.019672131147540985,0.05901639344262295,0.08524590163934426,0.08032786885245902,0.029508196721311476,0.040983606557377046,0.06229508196721312,0.05081967213114754,0.05573770491803279,0.022950819672131147,0.02459016393442623,0.06229508196721312
"lcl|MCFH01000001.1_cds_ORX60884.1_146 [locus_tag=BCR36DRAFT_2907] [db_xref=JGIDB:Pirfi3_2907] [protein=hypothetical protein] [protein_id=ORX60884.1] [location=join(868890..869020,869899..870017,870171..870407,870484..870509)] [gbkey=CDS]",0.011834319526627219,0.023668639053254437,0.14792899408284024,0.05325443786982249,0.011834319526627219,0.01775147928994083,0.047337278106508875,0.04142011834319527,0.005917159763313609,0.08875739644970414,0.08875739644970414,0.13609467455621302,0.023668639053254437,0.03550295857988166,0.023668639053254437,0.10650887573964497,0.05917159763313609,0,0.04142011834319527,0.03550295857988166
"lcl|MCFH01000001.1_cds_ORX60885.1_147 [locus_tag=BCR36DRAFT_2951] [db_xref=JGIDB:Pirfi3_2951] [protein=hypothetical protein] [protein_id=ORX60885.1] [location=join(870893..871000,871059..871170,871267..871455,871697..871807,871938..871980,872125..872190,872270..872530,872653..872779)] [gbkey=CDS]",0.026706231454005934,0.02373887240356083,0.10089020771513353,0.04451038575667656,0.03560830860534125,0.026706231454005934,0.08011869436201781,0.005934718100890208,0.02373887240356083,0.12759643916913946,0.10979228486646884,0.10089020771513353,0.032640949554896145,0.06824925816023739,0.02373887240356083,0.04451038575667656,0.032640949554896145,0.008902077151335312,0.04451038575667656,0.03857566765578635
"lcl|MCFH01000001.1_cds_ORX60886.1_148 [locus_tag=BCR36DRAFT_578962] [db_xref=InterPro:IPR000679,JGIDB:Pirfi3_578962] [protein=hypothetical protein] [protein_id=ORX60886.1] [location=875897..877363] [gbkey=CDS]",0.043121149897330596,0.030800821355236138,0.1457905544147844,0.030800821355236138,0.01642710472279261,0.028747433264887063,0.07392197125256673,0.02053388090349076,0.014373716632443531,0.03285420944558522,0.13552361396303902,0.07186858316221766,0.026694045174537988,0.024640657084188913,0.049281314168377825,0.12525667351129363,0.07186858316221766,0.002053388090349076,0.026694045174537988,0.028747433264887063
"lcl|MCFH01000001.1_cds_ORX60887.1_149 [locus_tag=BCR36DRAFT_394058] [db_xref=InterPro:IPR012317,JGIDB:Pirfi3_394058] [protein=ADP-ribosylation] [protein_id=ORX60887.1] [location=complement(join(878537..878617,878728..878762,878908..879082,879181..879581,879867..879900))] [gbkey=CDS]",0.025,0.025,0.07916666666666666,0.075,0.0125,0.03333333333333333,0.058333333333333334,0.05416666666666667,0.0375,0.07916666666666666,0.10833333333333334,0.07916666666666666,0.016666666666666666,0.0375,0.03333333333333333,0.09583333333333334,0.029166666666666667,0.004166666666666667,0.05416666666666667,0.0625
"lcl|MCFH01000001.1_cds_ORX60888.1_150 [locus_tag=BCR36DRAFT_578964] [db_xref=InterPro:IPR013179,JGIDB:Pirfi3_578964] [protein=DUF1715-domain-containing protein] [protein_id=ORX60888.1] [location=join(881496..881530,881708..881887,882066..882291)] [gbkey=CDS]",0.027586206896551724,0.027586206896551724,0.05517241379310345,0.07586206896551724,0.013793103448275862,0.027586206896551724,0.10344827586206896,0.08275862068965517,0.013793103448275862,0.07586206896551724,0.08275862068965517,0.1103448275862069,0.013793103448275862,0.08275862068965517,0.020689655172413793,0.08275862068965517,0.006896551724137931,0,0.04827586206896552,0.04827586206896552
"lcl|MCFH01000001.1_cds_ORX60889.1_151 [locus_tag=BCR36DRAFT_578965] [db_xref=JGIDB:Pirfi3_578965] [protein=hypothetical protein] [protein_id=ORX60889.1] [location=complement(join(883296..884039,884178..884225,884325..887374,887532..887738,887857..887889,887969..887992,888099..888113,888250..888279,888388..888417,888606..888741,888813..888830))] [gbkey=CDS]",0.007623007623007623,0.018711018711018712,0.11642411642411643,0.09771309771309772,0.002079002079002079,0.021483021483021482,0.10256410256410256,0.020097020097020097,0.004158004158004158,0.11434511434511435,0.05197505197505198,0.16354816354816354,0.01386001386001386,0.018711018711018712,0.018711018711018712,0.12196812196812197,0.05128205128205128,0,0.014553014553014554,0.040194040194040194
"lcl|MCFH01000001.1_cds_ORX60890.1_152 [locus_tag=BCR36DRAFT_314836] [db_xref=JGIDB:Pirfi3_314836] [protein=hypothetical protein] [protein_id=ORX60890.1] [location=join(889646..889674,889808..889907,889998..890132,890233..890332,890420..890513,890616..890742,890853..891332)] [gbkey=CDS]",0.025495750708215296,0.06515580736543909,0.08781869688385269,0.039660056657223795,0,0.0339943342776204,0.12464589235127478,0.0169971671388102,0.059490084985835696,0.0453257790368272,0.07365439093484419,0.1671388101983003,0.0056657223796034,0.0226628895184136,0.028328611898016998,0.11898016997167139,0.028328611898016998,0.0084985835694051,0.0339943342776204,0.014164305949008499
"lcl|MCFH01000001.1_cds_ORX60891.1_153 [locus_tag=BCR36DRAFT_340864] [db_xref=InterPro:IPR002883,InterPro:IPR014867,JGIDB:Pirfi3_340864] [protein=hypothetical protein] [protein_id=ORX60891.1] [location=join(892484..892535,892718..892916,893028..893285,893453..893633,893772..893851,893973..894377,894488..895151)] [gbkey=CDS]",0.022913256955810146,0.03927986906710311,0.09165302782324058,0.08019639934533551,0.02618657937806874,0.02127659574468085,0.054009819967266774,0.062193126022913256,0.016366612111292964,0.10474631751227496,0.058919803600654665,0.06710310965630115,0.01800327332242226,0.05073649754500818,0.029459901800327332,0.08019639934533551,0.0425531914893617,0.024549918166939442,0.062193126022913256,0.04746317512274959
lcl|MCFH01000001.1_cds_ORX60892.1_154 [locus_tag=BCR36DRAFT_439238] [db_xref=JGIDB:Pirfi3_439238] [protein=hypothetical protein] [protein_id=ORX60892.1] [location=complement(897169..897429)] [gbkey=CDS],0.011764705882352941,0.047058823529411764,0.07058823529411765,0.011764705882352941,0.03529411764705882,0.011764705882352941,0.047058823529411764,0,0.023529411764705882,0.2235294117647059,0.2,0.047058823529411764,0,0.11764705882352941,0,0.058823529411764705,0.011764705882352941,0.011764705882352941,0.047058823529411764,0.023529411764705882
"lcl|MCFH01000001.1_cds_ORX60893.1_155 [locus_tag=BCR36DRAFT_365483] [db_xref=JGIDB:Pirfi3_365483] [protein=hypothetical protein] [protein_id=ORX60893.1] [location=join(897539..897710,898097..898296)] [gbkey=CDS]",0.00819672131147541,0.040983606557377046,0.07377049180327869,0.040983606557377046,0.03278688524590164,0.02459016393442623,0.05737704918032787,0.040983606557377046,0.01639344262295082,0.04918032786885246,0.13114754098360656,0.09836065573770492,0.040983606557377046,0.04918032786885246,0.040983606557377046,0.03278688524590164,0.05737704918032787,0,0.06557377049180328,0.09836065573770492
"lcl|MCFH01000001.1_cds_ORX60895.1_157 [locus_tag=BCR36DRAFT_340873] [db_xref=InterPro:IPR002883,InterPro:IPR014867,JGIDB:Pirfi3_340873] [protein=coth-domain-containing protein] [protein_id=ORX60895.1] [location=join(901717..901955,902056..903652)] [gbkey=CDS]",0.040983606557377046,0.036065573770491806,0.06393442622950819,0.06885245901639345,0.027868852459016394,0.02622950819672131,0.08360655737704918,0.060655737704918035,0.014754098360655738,0.07377049180327869,0.060655737704918035,0.09016393442622951,0.014754098360655738,0.036065573770491806,0.040983606557377046,0.05081967213114754,0.060655737704918035,0.02459016393442623,0.06557377049180328,0.05901639344262295
"lcl|MCFH01000001.1_cds_ORX60896.1_158 [locus_tag=BCR36DRAFT_394061] [db_xref=InterPro:IPR003439,JGIDB:Pirfi3_394061] [protein=P-loop containing nucleoside triphosphate hydrolase protein] [protein_id=ORX60896.1] [location=complement(join(914304..914573,914667..914906))] [gbkey=CDS]",0.017857142857142856,0.005952380952380952,0.06547619047619048,0.041666666666666664,0.03571428571428571,0.02976190476190476,0.06547619047619048,0.05357142857142857,0.017857142857142856,0.13095238095238096,0.09523809523809523,0.1130952380952381,0.005952380952380952,0.03571428571428571,0.047619047619047616,0.06547619047619048,0.05357142857142857,0.005952380952380952,0.03571428571428571,0.07738095238095238
"lcl|MCFH01000001.1_cds_ORX60897.1_159 [locus_tag=BCR36DRAFT_401194] [db_xref=InterPro:IPR002883,InterPro:IPR014867,JGIDB:Pirfi3_401194] [protein=hypothetical protein] [protein_id=ORX60897.1] [location=join(916615..916654,916783..916981,917133..917390,917719..917899,917992..918071,918190..918591,918698..919267,919375..919504,919625..919654)] [gbkey=CDS]",0.03503184713375796,0.03343949044585987,0.06687898089171974,0.07165605095541401,0.02388535031847134,0.028662420382165606,0.07961783439490445,0.06210191082802548,0.014331210191082803,0.06528662420382166,0.05732484076433121,0.09076433121019108,0.01751592356687898,0.044585987261146494,0.044585987261146494,0.07006369426751592,0.06050955414012739,0.025477707006369428,0.06050955414012739,0.04777070063694268
lcl|MCFH01000001.1_cds_ORX60898.1_160 [locus_tag=BCR36DRAFT_578971] [db_xref=JGIDB:Pirfi3_578971] [protein=hypothetical protein] [protein_id=ORX60898.1] [location=complement(920638..920799)] [gbkey=CDS],0.1346153846153846,0,0.038461538461538464,0.019230769230769232,0.019230769230769232,0.019230769230769232,0.038461538461538464,0.15384615384615385,0.038461538461538464,0.21153846153846154,0.057692307692307696,0,0.019230769230769232,0.038461538461538464,0.019230769230769232,0.019230769230769232,0.057692307692307696,0.019230769230769232,0,0.09615384615384616
lcl|MCFH01000001.1_cds_ORX60899.1_161 [locus_tag=BCR36DRAFT_578972] [db_xref=JGIDB:Pirfi3_578972] [protein=PFL-like glycyl radical enzyme] [protein_id=ORX60899.1] [location=923237..925195] [gbkey=CDS],0.05069124423963134,0.03840245775729647,0.07680491551459294,0.04915514592933948,0.029185867895545316,0.029185867895545316,0.07219662058371736,0.0629800307219662,0.02457757296466974,0.09062980030721966,0.0890937019969278,0.06912442396313365,0.019969278033794162,0.06758832565284179,0.030721966205837174,0.059907834101382486,0.030721966205837174,0.006144393241167435,0.0445468509984639,0.05837173579109063
lcl|MCFH01000001.1_cds_ORX60900.1_162 [locus_tag=BCR36DRAFT_578973] [db_xref=JGIDB:Pirfi3_578973] [protein=PFL-like glycyl radical enzyme] [protein_id=ORX60900.1] [location=928984..931005] [gbkey=CDS],0.049107142857142856,0.04017857142857143,0.07291666666666667,0.05803571428571429,0.022321428571428572,0.03422619047619048,0.06547619047619048,0.06101190476190476,0.028273809523809524,0.0744047619047619,0.09523809523809523,0.06398809523809523,0.019345238095238096,0.06101190476190476,0.02976190476190476,0.06547619047619048,0.03869047619047619,0.00744047619047619,0.044642857142857144,0.06845238095238096
"lcl|MCFH01000001.1_cds_ORX60901.1_163 [locus_tag=BCR36DRAFT_401200] [db_xref=InterPro:IPR010569,JGIDB:Pirfi3_401200] [protein=phosphatases II] [protein_id=ORX60901.1] [location=join(932154..932288,932484..932655,932773..932933,933101..933229,933353..933635,933813..935509)] [gbkey=CDS]",0.03500583430571762,0.028004667444574097,0.09218203033838973,0.051341890315052506,0.010501750291715286,0.038506417736289385,0.058343057176196034,0.03617269544924154,0.030338389731621937,0.07467911318553092,0.07701283547257877,0.07001166861143523,0.014002333722287048,0.040840140023337225,0.03500583430571762,0.12602100350058343,0.07934655775962661,0.011668611435239206,0.045507584597432905,0.045507584597432905
"lcl|MCFH01000001.1_cds_ORX60902.1_164 [locus_tag=BCR36DRAFT_340897] [db_xref=InterPro:IPR004353,JGIDB:Pirfi3_340897] [protein=DUF254-domain-containing protein] [protein_id=ORX60902.1] [location=complement(join(935991..936231,936349..936460,936563..936629,936713..937014,937116..937197,937312..937566,937700..937793,937906..937992,938093..938171,938250..938378,938559..938886))] [gbkey=CDS]",0.015254237288135594,0.04067796610169491,0.08983050847457627,0.059322033898305086,0.011864406779661017,0.025423728813559324,0.04576271186440678,0.022033898305084745,0.01694915254237288,0.09322033898305085,0.11694915254237288,0.0847457627118644,0.013559322033898305,0.0423728813559322,0.030508474576271188,0.14745762711864407,0.05254237288135593,0.006779661016949152,0.05254237288135593,0.03220338983050847
lcl|MCFH01000001.1_cds_ORX60904.1_166 [locus_tag=BCR36DRAFT_340901] [db_xref=JGIDB:Pirfi3_340901] [protein=beta-lactamase-like protein] [protein_id=ORX60904.1] [location=complement(942890..943636)] [gbkey=CDS],0.048582995951417005,0.012145748987854251,0.08097165991902834,0.05263157894736842,0.012145748987854251,0.020242914979757085,0.08906882591093117,0.03643724696356275,0.032388663967611336,0.10931174089068826,0.08502024291497975,0.09716599190283401,0.004048582995951417,0.04048582995951417,0.032388663967611336,0.07692307692307693,0.06072874493927125,0.004048582995951417,0.05263157894736842,0.05263157894736842
"lcl|MCFH01000001.1_cds_ORX60905.1_167 [locus_tag=BCR36DRAFT_340903] [db_xref=InterPro:IPR000235,JGIDB:Pirfi3_340903] [protein=40S ribosomal protein S5] [protein_id=ORX60905.1] [location=join(944130..944200,944293..944329,944404..944484,944564..944983)] [gbkey=CDS]",0.08955223880597014,0.0845771144278607,0.06467661691542288,0.029850746268656716,0.009950248756218905,0.03980099502487562,0.06965174129353234,0.03980099502487562,0.024875621890547265,0.07462686567164178,0.08955223880597014,0.06467661691542288,0.01990049751243781,0.01990049751243781,0.03980099502487562,0.07960199004975124,0.06965174129353234,0.009950248756218905,0.024875621890547265,0.05472636815920398
"lcl|MCFH01000001.1_cds_ORX60906.1_168 [locus_tag=BCR36DRAFT_407904] [db_xref=JGIDB:Pirfi3_407904] [protein=hypothetical protein] [protein_id=ORX60906.1] [location=join(954711..954916,955018..955499,955657..956312,956409..957647)] [gbkey=CDS]",0.018626309662398137,0.048894062863795114,0.3084982537834691,0.034924330616996506,0,0.06169965075669383,0.03608847497089639,0.03958090803259604,0.011641443538998836,0.04307334109429569,0.04190919674039581,0.03958090803259604,0.10244470314318975,0.017462165308498253,0.03958090803259604,0.10128055878928988,0.025611175785797437,0,0.009313154831199068,0.01979045401629802
"lcl|MCFH01000001.1_cds_ORX60907.1_169 [locus_tag=BCR36DRAFT_578980] [db_xref=InterPro:IPR001680,JGIDB:Pirfi3_578980] [protein=hypothetical protein] [protein_id=ORX60907.1] [location=complement(join(958531..958671,958816..958909,959018..959222,959367..959411,959501..959578,959670..959746,959835..959943,960034..960214,960290..960400,960488..960543,960635..960831,960957..961021))] [gbkey=CDS]",0.026607538802660754,0.024390243902439025,0.09312638580931264,0.06208425720620843,0.017738359201773836,0.026607538802660754,0.050997782705099776,0.04878048780487805,0.022172949002217297,0.06651884700665188,0.07538802660753881,0.10199556541019955,0.017738359201773836,0.037694013303769404,0.03547671840354767,0.10864745011086474,0.06208425720620843,0.013303769401330377,0.050997782705099776,0.057649667405764965
"lcl|MCFH01000001.1_cds_ORX60908.1_170 [locus_tag=BCR36DRAFT_340912] [db_xref=InterPro:IPR001737,JGIDB:Pirfi3_340912] [protein=rRNA adenine dimethylase] [protein_id=ORX60908.1] [location=complement(join(961977..962019,962120..962226,962342..962519,962614..962831,962932..963025,963138..963199,963328..963543))] [gbkey=CDS]",0.07236842105263158,0.06578947368421052,0.0625,0.049342105263157895,0.01644736842105263,0.023026315789473683,0.05592105263157895,0.04276315789473684,0.013157894736842105,0.039473684210526314,0.1118421052631579,0.08881578947368421,0.03289473684210526,0.049342105263157895,0.06578947368421052,0.05592105263157895,0.03289473684210526,0,0.029605263157894735,0.09210526315789473
"lcl|MCFH01000001.1_cds_ORX60909.1_171 [locus_tag=BCR36DRAFT_314890] [db_xref=InterPro:IPR013110,JGIDB:Pirfi3_314890] [protein=DOT1-domain-containing protein] [protein_id=ORX60909.1] [location=join(964629..965973,966080..966256,966375..966456,966552..966910,967022..967126,967211..967574,967650..967740,967844..967903)] [gbkey=CDS]",0.02677532013969732,0.04190919674039581,0.09545983701979045,0.0570430733410943,0.008149010477299184,0.024447031431897557,0.10942956926658906,0.02211874272409779,0.01979045401629802,0.06519208381839348,0.07217694994179279,0.15715948777648428,0.020954598370197905,0.04190919674039581,0.02211874272409779,0.0989522700814901,0.034924330616996506,0.004656577415599534,0.03608847497089639,0.04074505238649592
"lcl|MCFH01000001.1_cds_ORX60910.1_172 [locus_tag=BCR36DRAFT_314894] [db_xref=InterPro:IPR003959,JGIDB:Pirfi3_314894] [protein=AAA-domain-containing protein] [protein_id=ORX60910.1] [location=join(968480..968657,968760..968813,968948..969073,969153..969248,969336..969461,969544..969713,969853..969924,970003..970221,970306..970410,970486..970567,970639..970704,970795..970883,970963..971062,971182..971252,971339..971431)] [gbkey=CDS]",0.05301645338208409,0.031078610603290677,0.06764168190127971,0.056672760511883,0.014625228519195612,0.012797074954296161,0.07861060329067641,0.04936014625228519,0.003656307129798903,0.1316270566727605,0.10237659963436929,0.09506398537477148,0.009140767824497258,0.038391224862888484,0.04204753199268738,0.08775137111517367,0.056672760511883,0.005484460694698354,0.03473491773308958,0.029250457038391225
"lcl|MCFH01000001.1_cds_ORX60911.1_173 [locus_tag=BCR36DRAFT_314896] [db_xref=InterPro:IPR014045,JGIDB:Pirfi3_314896] [protein=protein serine/threonine phosphatase 2C] [protein_id=ORX60911.1] [location=join(972596..972647,972809..973165,973307..973941,974059..974213,974371..974506,974642..975919)] [gbkey=CDS]",0.01611047180667434,0.031070195627157654,0.10701956271576525,0.05753739930955121,0.01380897583429229,0.01611047180667434,0.07249712313003452,0.03222094361334868,0.014959723820483314,0.09781357882623705,0.09896432681242807,0.09781357882623705,0.02531645569620253,0.03682393555811277,0.020713463751438434,0.1093210586881473,0.05408515535097814,0.00805523590333717,0.05063291139240506,0.039125431530494824
"lcl|MCFH01000001.1_cds_ORX60912.1_174 [locus_tag=BCR36DRAFT_314898] [db_xref=InterPro:IPR001680,JGIDB:Pirfi3_314898] [protein=WD40 repeat-like protein] [protein_id=ORX60912.1] [location=join(976596..977179,977319..977381,977492..977520,977647..977730,977800..977873,977941..978023,978118..978230,978305..978633,978747..978873,978948..979058,979133..979170,979260..979340)] [gbkey=CDS]",0.021052631578947368,0.02631578947368421,0.11052631578947368,0.07192982456140351,0.021052631578947368,0.0456140350877193,0.07894736842105263,0.042105263157894736,0.015789473684210527,0.10526315789473684,0.054385964912280704,0.07894736842105263,0.012280701754385965,0.03859649122807018,0.04035087719298246,0.08771929824561403,0.054385964912280704,0.008771929824561403,0.05087719298245614,0.03508771929824561
"lcl|MCFH01000001.1_cds_ORX60913.1_175 [locus_tag=BCR36DRAFT_578986] [db_xref=InterPro:IPR000406,JGIDB:Pirfi3_578986] [protein=hypothetical protein] [protein_id=ORX60913.1] [location=complement(join(979780..979790,979881..979899,980003..980107,980195..980256,980331..980395,980476..980551,980631..980723,980805..980829,980913..981008,981092..981154))] [gbkey=CDS]",0.034482758620689655,0.029556650246305417,0.034482758620689655,0.09852216748768473,0.0049261083743842365,0.019704433497536946,0.09852216748768473,0.06403940886699508,0.019704433497536946,0.059113300492610835,0.07881773399014778,0.12807881773399016,0.014778325123152709,0.034482758620689655,0.04433497536945813,0.07881773399014778,0.029556650246305417,0.014778325123152709,0.024630541871921183,0.08866995073891626
"lcl|MCFH01000001.1_cds_ORX60914.1_176 [locus_tag=BCR36DRAFT_578989] [db_xref=InterPro:IPR002791,JGIDB:Pirfi3_578989] [protein=DUF89-domain-containing protein] [protein_id=ORX60914.1] [location=join(983419..983523,983712..983856,983976..984096,984239..984416,984549..984737,984874..984917,984995..985316,985455..985709)] [gbkey=CDS]",0.04212860310421286,0.026607538802660754,0.08647450110864745,0.07538802660753881,0.022172949002217297,0.011086474501108648,0.07317073170731707,0.03547671840354767,0.008869179600886918,0.07982261640798226,0.07760532150776053,0.09090909090909091,0.015521064301552107,0.05543237250554324,0.04434589800443459,0.08425720620842572,0.04878048780487805,0.03547671840354767,0.04878048780487805,0.037694013303769404
"lcl|MCFH01000001.1_cds_ORX60915.1_177 [locus_tag=BCR36DRAFT_578990] [db_xref=JGIDB:Pirfi3_578990] [protein=hypothetical protein] [protein_id=ORX60915.1] [location=complement(join(986186..986290,986382..986493,986589..986740,986821..986917,987044..987177,987265..987577,987650..987905,987987..988112,988190..988411,988498..988576))] [gbkey=CDS]",0.035849056603773584,0.03018867924528302,0.07358490566037736,0.05471698113207547,0.016981132075471698,0.052830188679245285,0.08113207547169811,0.02830188679245283,0.026415094339622643,0.08867924528301886,0.1018867924528302,0.08867924528301886,0.03018867924528302,0.04716981132075472,0.02830188679245283,0.04716981132075472,0.04339622641509434,0.009433962264150943,0.07547169811320754,0.03962264150943396
"lcl|MCFH01000001.1_cds_ORX60916.1_178 [locus_tag=BCR36DRAFT_578992] [db_xref=InterPro:IPR017442,JGIDB:Pirfi3_578992] [protein=hypothetical protein] [protein_id=ORX60916.1] [location=join(991542..991721,992116..992208,992285..992368,992450..992517,992660..992780,992871..992976,993053..993138,993214..993365,993460..993646,993745..994129,994229..994366,994436..994494,994584..994607)] [gbkey=CDS]",0.0518783542039356,0.05366726296958855,0.06082289803220036,0.059033989266547404,0.017889087656529516,0.03398926654740608,0.10554561717352415,0.04830053667262969,0.023255813953488372,0.07692307692307693,0.09838998211091235,0.07513416815742398,0.023255813953488372,0.02146690518783542,0.03577817531305903,0.05366726296958855,0.046511627906976744,0.012522361359570662,0.04293381037567084,0.059033989266547404
"lcl|MCFH01000001.1_cds_ORX60917.1_179 [locus_tag=BCR36DRAFT_340940] [db_xref=JGIDB:Pirfi3_340940] [protein=P-loop containing nucleoside triphosphate hydrolase protein] [protein_id=ORX60917.1] [location=complement(join(995716..995865,995991..996404,996504..996839))] [gbkey=CDS]",0.020134228187919462,0.0436241610738255,0.1040268456375839,0.0436241610738255,0,0.03355704697986577,0.09395973154362416,0.04697986577181208,0.020134228187919462,0.06375838926174497,0.10738255033557047,0.09060402684563758,0.013422818791946308,0.04697986577181208,0.0436241610738255,0.08389261744966443,0.03355704697986577,0.013422818791946308,0.050335570469798654,0.04697986577181208
"lcl|MCFH01000001.1_cds_ORX60918.1_180 [locus_tag=BCR36DRAFT_3727] [db_xref=JGIDB:Pirfi3_3727] [protein=hypothetical protein] [protein_id=ORX60918.1] [location=join(999021..999140,999245..999556,999648..999733,999866..1000019)] [gbkey=CDS]",0.02252252252252252,0.02252252252252252,0.0945945945945946,0.05405405405405406,0.02252252252252252,0.013513513513513514,0.10810810810810811,0.04954954954954955,0.013513513513513514,0.08558558558558559,0.05405405405405406,0.0945945945945946,0.018018018018018018,0.06306306306306306,0.04054054054054054,0.05405405405405406,0.05855855855855856,0.018018018018018018,0.06306306306306306,0.04954954954954955
"lcl|MCFH01000001.1_cds_ORX60919.1_181 [locus_tag=BCR36DRAFT_314920] [db_xref=InterPro:IPR012419,JGIDB:Pirfi3_314920] [protein=hypothetical protein] [protein_id=ORX60919.1] [location=complement(join(1001004..1003474,1003632..1003839))] [gbkey=CDS]",0.020202020202020204,0.02132435465768799,0.10774410774410774,0.04713804713804714,0.015712682379349047,0.024691358024691357,0.038159371492704826,0.031425364758698095,0.020202020202020204,0.13804713804713806,0.10101010101010101,0.06509539842873176,0.016835016835016835,0.06397306397306397,0.025813692480359147,0.09876543209876543,0.06060606060606061,0.020202020202020204,0.04826038159371493,0.03479236812570146
"lcl|MCFH01000001.1_cds_ORX60920.1_182 [locus_tag=BCR36DRAFT_407918] [db_xref=JGIDB:Pirfi3_407918] [protein=hypothetical protein] [protein_id=ORX60920.1] [location=join(1005091..1005155,1005235..1005445,1005520..1005670,1005746..1005927,1006007..1006164,1006274..1006421)] [gbkey=CDS]",0.0429042904290429,0.056105610561056105,0.0891089108910891,0.04950495049504951,0.0033003300330033004,0.07260726072607261,0.10891089108910891,0.013201320132013201,0.0033003300330033004,0.07590759075907591,0.132013201320132,0.12871287128712872,0.0165016501650165,0.033003300330033,0.006600660066006601,0.039603960396039604,0.066006600660066,0.006600660066006601,0.039603960396039604,0.0165016501650165
"lcl|MCFH01000001.1_cds_ORX60921.1_183 [locus_tag=BCR36DRAFT_340947] [db_xref=InterPro:IPR000449,JGIDB:Pirfi3_340947] [protein=hypothetical protein] [protein_id=ORX60921.1] [location=complement(join(1006788..1007173,1007273..1007347,1007429..1007545,1007647..1007844,1007941..1008032,1008114..1008421,1008507..1008686,1008803..1009180,1009260..1009323,1009415..1009563,1009647..1009741,1009812..1009889,1010009..1010186))] [gbkey=CDS]",0.02356020942408377,0.01832460732984293,0.1099476439790576,0.04712041884816754,0.003926701570680628,0.03795811518324607,0.09031413612565445,0.01963350785340314,0.013089005235602094,0.09162303664921466,0.08900523560209424,0.12696335078534032,0.02356020942408377,0.04450261780104712,0.02356020942408377,0.09031413612565445,0.06413612565445026,0.005235602094240838,0.03795811518324607,0.03926701570680628
"lcl|MCFH01000001.1_cds_ORX60922.1_184 [locus_tag=BCR36DRAFT_314927] [db_xref=InterPro:IPR000194,InterPro:IPR000793,InterPro:IPR004100,JGIDB:Pirfi3_314927] [protein=F1-C8 Sub-complex of Atp synthase] [protein_id=ORX60922.1] [location=join(1010575..1010694,1010833..1010893,1010979..1011133,1011214..1011387,1011474..1011711,1011797..1011880,1011968..1012181,1012290..1012598,1012792..1012949,1013052..1013245)] [gbkey=CDS]",0.0582010582010582,0.05114638447971781,0.07760141093474426,0.047619047619047616,0.012345679012345678,0.042328042328042326,0.06172839506172839,0.07407407407407407,0.007054673721340388,0.09700176366843033,0.09523809523809523,0.07583774250440917,0.015873015873015872,0.031746031746031744,0.03350970017636684,0.07054673721340388,0.04056437389770723,0,0.05291005291005291,0.054673721340388004
"lcl|MCFH01000001.1_cds_ORX60923.1_185 [locus_tag=BCR36DRAFT_314930] [db_xref=JGIDB:Pirfi3_314930] [protein=hypothetical protein] [protein_id=ORX60923.1] [location=complement(join(1014045..1014667,1014770..1014847,1014932..1015928))] [gbkey=CDS]",0.02304964539007092,0.01950354609929078,0.16489361702127658,0.03900709219858156,0.0017730496453900709,0.04609929078014184,0.044326241134751775,0.015957446808510637,0.010638297872340425,0.10460992907801418,0.0797872340425532,0.07092198581560284,0.015957446808510637,0.01950354609929078,0.06914893617021277,0.09574468085106383,0.08156028368794327,0,0.05851063829787234,0.03900709219858156
"lcl|MCFH01000001.1_cds_ORX60924.1_186 [locus_tag=BCR36DRAFT_340955] [db_xref=InterPro:IPR013753,JGIDB:Pirfi3_340955] [protein=P-loop containing nucleoside triphosphate hydrolase protein] [protein_id=ORX60924.1] [location=join(1017787..1017844,1017937..1018016,1018129..1018248,1018339..1018456,1018555..1018664,1018736..1018846)] [gbkey=CDS]",0.050761421319796954,0.02030456852791878,0.06091370558375635,0.05583756345177665,0.015228426395939087,0.03553299492385787,0.06091370558375635,0.04060913705583756,0.030456852791878174,0.08629441624365482,0.08629441624365482,0.07614213197969544,0.015228426395939087,0.07106598984771574,0.030456852791878174,0.08629441624365482,0.06598984771573604,0.005076142131979695,0.04060913705583756,0.06598984771573604
"lcl|MCFH01000001.1_cds_ORX60925.1_187 [locus_tag=BCR36DRAFT_407923] [db_xref=InterPro:IPR006565,JGIDB:Pirfi3_407923] [protein=hypothetical protein] [protein_id=ORX60925.1] [location=complement(join(1019202..1019386,1019515..1019884))] [gbkey=CDS]",0.03278688524590164,0.03278688524590164,0.09289617486338798,0.0546448087431694,0.02185792349726776,0.03825136612021858,0.1366120218579235,0.03278688524590164,0.01639344262295082,0.08743169398907104,0.1092896174863388,0.1092896174863388,0.02185792349726776,0.02185792349726776,0.01092896174863388,0.07103825136612021,0.0273224043715847,0,0.03825136612021858,0.04371584699453552
"lcl|MCFH01000001.1_cds_ORX60926.1_188 [locus_tag=BCR36DRAFT_314937] [db_xref=InterPro:IPR001650,InterPro:IPR011545,InterPro:IPR012961,JGIDB:Pirfi3_314937] [protein=antiviral helicase] [protein_id=ORX60926.1] [location=join(1020642..1021034,1021265..1021519,1021669..1023528,1023721..1024414,1024546..1024598)] [gbkey=CDS]",0.046168051708217916,0.048938134810710986,0.057248384118190214,0.060941828254847646,0.01569713758079409,0.04709141274238227,0.08771929824561403,0.046168051708217916,0.017543859649122806,0.08956602031394276,0.08771929824561403,0.08956602031394276,0.023084025854108958,0.038781163434903045,0.03970452446906741,0.055401662049861494,0.048938134810710986,0.00554016620498615,0.032317636195752536,0.061865189289012
"lcl|MCFH01000001.1_cds_ORX60927.1_189 [locus_tag=BCR36DRAFT_272299] [db_xref=JGIDB:Pirfi3_272299] [protein=hypothetical protein] [protein_id=ORX60927.1] [location=complement(join(1025510..1025687,1025767..1026051,1026206..1026393))] [gbkey=CDS]",0.03255813953488372,0.018604651162790697,0.05116279069767442,0.05116279069767442,0.004651162790697674,0.037209302325581395,0.09302325581395349,0.018604651162790697,0.013953488372093023,0.06976744186046512,0.09767441860465116,0.15348837209302327,0.009302325581395349,0.027906976744186046,0.023255813953488372,0.09767441860465116,0.05581395348837209,0.023255813953488372,0.05116279069767442,0.06976744186046512
"lcl|MCFH01000001.1_cds_ORX60928.1_190 [locus_tag=BCR36DRAFT_579003] [db_xref=InterPro:IPR001965,JGIDB:Pirfi3_579003] [protein=hypothetical protein] [protein_id=ORX60928.1] [location=complement(join(1027651..1028546,1028637..1029193,1029830..1029983,1030376..1030439))] [gbkey=CDS]",0.021621621621621623,0.04504504504504504,0.10990990990990991,0.0972972972972973,0.014414414414414415,0.02882882882882883,0.055855855855855854,0.04144144144144144,0.032432432432432434,0.06486486486486487,0.05765765765765766,0.12432432432432433,0.016216216216216217,0.009009009009009009,0.02882882882882883,0.14414414414414414,0.04864864864864865,0.0018018018018018018,0.043243243243243246,0.014414414414414415
"lcl|MCFH01000001.1_cds_ORX60929.1_191 [locus_tag=BCR36DRAFT_365521] [db_xref=JGIDB:Pirfi3_365521] [protein=hypothetical protein] [protein_id=ORX60929.1] [location=join(1034327..1034516,1034629..1034682,1034766..1034884,1034974..1035010,1035101..1036041)] [gbkey=CDS]",0.03146067415730337,0.029213483146067417,0.1258426966292135,0.051685393258426963,0,0.25617977528089886,0.0449438202247191,0.02696629213483146,0.01348314606741573,0.029213483146067417,0.08314606741573034,0.056179775280898875,0.04044943820224719,0.058426966292134834,0.0449438202247191,0.04943820224719101,0.017977528089887642,0.0022471910112359553,0.020224719101123594,0.017977528089887642
"lcl|MCFH01000001.1_cds_ORX60930.1_192 [locus_tag=BCR36DRAFT_365522] [db_xref=JGIDB:Pirfi3_365522] [protein=hypothetical protein] [protein_id=ORX60930.1] [location=join(1036310..1036613,1036756..1036844,1037015..1037208,1037316..1037387,1037497..1037662,1037772..1038013,1038128..1038295,1038459..1038579)] [gbkey=CDS]",0.04888888888888889,0.02666666666666667,0.06888888888888889,0.05333333333333334,0.013333333333333334,0.07555555555555556,0.08222222222222222,0.03333333333333333,0.015555555555555555,0.06444444444444444,0.12,0.09333333333333334,0.017777777777777778,0.04,0.03333333333333333,0.07777777777777778,0.03777777777777778,0.011111111111111112,0.028888888888888888,0.057777777777777775
"lcl|MCFH01000001.1_cds_ORX60931.1_193 [locus_tag=BCR36DRAFT_401229] [db_xref=InterPro:IPR000306,JGIDB:Pirfi3_401229] [protein=FYVE-domain-containing protein] [protein_id=ORX60931.1] [location=join(1041151..1041336,1041558..1041831,1041949..1042041,1042133..1042197)] [gbkey=CDS]",0.0392156862745098,0.0784313725490196,0.08823529411764706,0.07352941176470588,0.04411764705882353,0.029411764705882353,0.0392156862745098,0.029411764705882353,0.029411764705882353,0.058823529411764705,0.04411764705882353,0.05392156862745098,0.004901960784313725,0.049019607843137254,0.058823529411764705,0.12745098039215685,0.058823529411764705,0.014705882352941176,0.0392156862745098,0.0392156862745098
lcl|MCFH01000001.1_cds_ORX60932.1_194 [locus_tag=BCR36DRAFT_3917] [db_xref=JGIDB:Pirfi3_3917] [protein=hypothetical protein] [protein_id=ORX60932.1] [location=complement(1042756..1042998)] [gbkey=CDS],0.012658227848101266,0,0.0379746835443038,0,0,0.012658227848101266,0.02531645569620253,0,0.0379746835443038,0.12658227848101267,0.08860759493670886,0.12658227848101267,0,0.27848101265822783,0,0.06329113924050633,0.0379746835443038,0.012658227848101266,0.0379746835443038,0.10126582278481013
"lcl|MCFH01000001.1_cds_ORX60933.1_195 [locus_tag=BCR36DRAFT_407931] [db_xref=InterPro:IPR006674,JGIDB:Pirfi3_407931] [protein=hypothetical protein] [protein_id=ORX60933.1] [location=join(1043286..1043328,1043452..1043492,1043588..1043719,1043954..1043964,1044087..1044262,1044411..1044434,1044521..1044664,1044884..1045008)] [gbkey=CDS]",0.05652173913043478,0.0391304347826087,0.08695652173913043,0.0782608695652174,0.008695652173913044,0.043478260869565216,0.06956521739130435,0.0391304347826087,0.021739130434782608,0.14347826086956522,0.06521739130434782,0.10869565217391304,0.02608695652173913,0.030434782608695653,0.017391304347826087,0.05652173913043478,0.030434782608695653,0.004347826086956522,0.04782608695652174,0.02608695652173913
"lcl|MCFH01000001.1_cds_ORX60935.1_197 [locus_tag=BCR36DRAFT_579007] [db_xref=InterPro:IPR000644,InterPro:IPR001093,JGIDB:Pirfi3_579007] [protein=inosine-5'-monophosphate dehydrogenase] [protein_id=ORX60935.1] [location=complement(1050197..1051747)] [gbkey=CDS]",0.062135922330097085,0.040776699029126215,0.02912621359223301,0.08155339805825243,0.017475728155339806,0.03495145631067961,0.04271844660194175,0.0970873786407767,0.019417475728155338,0.07572815533980583,0.0854368932038835,0.08349514563106795,0.03300970873786408,0.02912621359223301,0.02524271844660194,0.07184466019417475,0.06019417475728155,0.001941747572815534,0.031067961165048542,0.07766990291262135
"lcl|MCFH01000001.1_cds_ORX60936.1_198 [locus_tag=BCR36DRAFT_3948] [db_xref=JGIDB:Pirfi3_3948] [protein=hypothetical protein] [protein_id=ORX60936.1] [location=join(1054314..1054343,1054426..1054585,1054673..1054865,1054973..1055047,1055144..1055286,1055373..1055414,1055549..1055737,1055859..1055913,1056007..1056248,1056367..1056439,1056507..1056577,1056731..1058460)] [gbkey=CDS]",0.014014014014014014,0.016016016016016016,0.13113113113113112,0.05305305305305305,0.012012012012012012,0.022022022022022022,0.03303303303303303,0.024024024024024024,0.01901901901901902,0.12912912912912913,0.0960960960960961,0.08308308308308308,0.014014014014014014,0.06906906906906907,0.01901901901901902,0.12512512512512514,0.03803803803803804,0.004004004004004004,0.062062062062062065,0.036036036036036036
lcl|MCFH01000001.1_cds_ORX60937.1_199 [locus_tag=BCR36DRAFT_579009] [db_xref=JGIDB:Pirfi3_579009] [protein=hypothetical protein] [protein_id=ORX60937.1] [location=1059398..1060609] [gbkey=CDS],0.01990049751243781,0.017412935323383085,0.0845771144278607,0.04228855721393035,0.007462686567164179,0.017412935323383085,0.05970149253731343,0.03731343283582089,0.024875621890547265,0.12437810945273632,0.1044776119402985,0.09203980099502487,0.024875621890547265,0.06965174129353234,0.022388059701492536,0.11691542288557213,0.04975124378109453,0.007462686567164179,0.04477611940298507,0.03233830845771144
"lcl|MCFH01000001.1_cds_ORX60938.1_200 [locus_tag=BCR36DRAFT_340982] [db_xref=InterPro:IPR000620,JGIDB:Pirfi3_340982] [protein=hypothetical protein] [protein_id=ORX60938.1] [location=1060938..1062128] [gbkey=CDS]",0.035443037974683546,0.02278481012658228,0.06582278481012659,0.0379746835443038,0.02531645569620253,0.015189873417721518,0.05569620253164557,0.06582278481012659,0.007594936708860759,0.1518987341772152,0.09620253164556962,0.08354430379746836,0.030379746835443037,0.0810126582278481,0.017721518987341773,0.060759493670886074,0.05063291139240506,0.012658227848101266,0.02531645569620253,0.05822784810126582
"lcl|MCFH01000001.1_cds_ORX60939.1_201 [locus_tag=BCR36DRAFT_340986] [db_xref=JGIDB:Pirfi3_340986] [protein=hypothetical protein] [protein_id=ORX60939.1] [location=complement(join(1063151..1063822,1064693..1065352))] [gbkey=CDS]",0.01809954751131222,0.01809954751131222,0.10633484162895927,0.06787330316742081,0.04751131221719457,0.04524886877828054,0.058823529411764705,0.01809954751131222,0.006787330316742082,0.1334841628959276,0.083710407239819,0.07692307692307693,0.006787330316742082,0.04751131221719457,0.013574660633484163,0.10633484162895927,0.042986425339366516,0,0.08144796380090498,0.020361990950226245
lcl|MCFH01000001.1_cds_ORX60940.1_202 [locus_tag=BCR36DRAFT_3981] [db_xref=JGIDB:Pirfi3_3981] [protein=hypothetical protein] [protein_id=ORX60940.1] [location=1066984..1067184] [gbkey=CDS],0,0.03076923076923077,0.15384615384615385,0.03076923076923077,0.046153846153846156,0.046153846153846156,0.015384615384615385,0.015384615384615385,0.03076923076923077,0.09230769230769231,0.13846153846153847,0.09230769230769231,0,0.12307692307692308,0.03076923076923077,0.03076923076923077,0.015384615384615385,0,0.07692307692307693,0.03076923076923077
lcl|MCFH01000001.1_cds_ORX60941.1_203 [locus_tag=BCR36DRAFT_579010] [db_xref=JGIDB:Pirfi3_579010] [protein=hypothetical protein] [protein_id=ORX60941.1] [location=complement(1068282..1069325)] [gbkey=CDS],0.028901734104046242,0.03757225433526012,0.14450867052023122,0.08092485549132948,0.011560693641618497,0.014450867052023121,0.09248554913294797,0.023121387283236993,0.002890173410404624,0.07514450867052024,0.03757225433526012,0.10115606936416185,0.017341040462427744,0.04046242774566474,0.03468208092485549,0.1329479768786127,0.05202312138728324,0.002890173410404624,0.03468208092485549,0.03468208092485549
"lcl|MCFH01000001.1_cds_ORX60943.1_205 [locus_tag=BCR36DRAFT_579012] [db_xref=InterPro:IPR005269,JGIDB:Pirfi3_579012] [protein=putative lysine decarboxylase] [protein_id=ORX60943.1] [location=1088399..1088968] [gbkey=CDS]",0.05319148936170213,0.015957446808510637,0.047872340425531915,0.06914893617021277,0.031914893617021274,0.026595744680851064,0.06914893617021277,0.07446808510638298,0.015957446808510637,0.0797872340425532,0.06914893617021277,0.10638297872340426,0.026595744680851064,0.05319148936170213,0.026595744680851064,0.047872340425531915,0.031914893617021274,0,0.06914893617021277,0.0851063829787234
"lcl|MCFH01000001.1_cds_ORX60944.1_206 [locus_tag=BCR36DRAFT_579013] [db_xref=InterPro:IPR004839,JGIDB:Pirfi3_579013] [protein=PLP-dependent transferase] [protein_id=ORX60944.1] [location=complement(1090891..1092099)] [gbkey=CDS]",0.04488778054862843,0.02743142144638404,0.06483790523690773,0.06483790523690773,0.03740648379052369,0.029925187032418952,0.06234413965087282,0.07231920199501247,0.032418952618453865,0.08728179551122195,0.10473815461346633,0.07231920199501247,0.00997506234413965,0.04738154613466334,0.04488778054862843,0.06234413965087282,0.0399002493765586,0.012468827930174564,0.03740648379052369,0.04488778054862843
"lcl|MCFH01000001.1_cds_ORX60947.1_209 [locus_tag=BCR36DRAFT_579014] [db_xref=InterPro:IPR004839,JGIDB:Pirfi3_579014] [protein=PLP-dependent transferase] [protein_id=ORX60947.1] [location=1094622..1095830] [gbkey=CDS]",0.04488778054862843,0.02743142144638404,0.06483790523690773,0.06483790523690773,0.03740648379052369,0.029925187032418952,0.06234413965087282,0.07231920199501247,0.032418952618453865,0.08728179551122195,0.10473815461346633,0.07231920199501247,0.00997506234413965,0.04738154613466334,0.04488778054862843,0.06234413965087282,0.0399002493765586,0.012468827930174564,0.03740648379052369,0.04488778054862843
lcl|MCFH01000001.1_cds_ORX60948.1_210 [locus_tag=BCR36DRAFT_579015] [db_xref=JGIDB:Pirfi3_579015] [protein=hypothetical protein] [protein_id=ORX60948.1] [location=complement(1098245..1098589)] [gbkey=CDS],0.02654867256637168,0.035398230088495575,0.07964601769911504,0.02654867256637168,0.008849557522123894,0.017699115044247787,0.02654867256637168,0.07964601769911504,0.017699115044247787,0.11504424778761062,0.1415929203539823,0.061946902654867256,0,0.08849557522123894,0.035398230088495575,0.10619469026548672,0.04424778761061947,0,0.05309734513274336,0.035398230088495575
"lcl|MCFH01000001.1_cds_ORX60951.1_213 [locus_tag=BCR36DRAFT_407945] [db_xref=JGIDB:Pirfi3_407945] [protein=hypothetical protein] [protein_id=ORX60951.1] [location=complement(join(1107684..1110496,1110661..1113625,1113883..1114707))] [gbkey=CDS]",0.0241018644838563,0.05547976352887676,0.16734879490677582,0.041837198726693954,9.095043201455207e-4,0.04638472032742155,0.07548885857207822,0.03728967712596635,0.017280582082764895,0.048658481127785355,0.0527512505684402,0.07321509777171442,0.08731241473396999,0.01637107776261937,0.040927694406548434,0.11823556161891768,0.05229649840836744,0.0018190086402910413,0.01455206912232833,0.02773988176443838
"lcl|MCFH01000001.1_cds_ORX60952.1_214 [locus_tag=BCR36DRAFT_579017] [db_xref=InterPro:IPR002528,JGIDB:Pirfi3_579017] [protein=cation efflux pump] [protein_id=ORX60952.1] [location=1117418..1118761] [gbkey=CDS]",0.08744394618834081,0.01569506726457399,0.03139013452914798,0.017937219730941704,0.01569506726457399,0.01569506726457399,0.042600896860986545,0.07623318385650224,0.011210762331838564,0.11210762331838565,0.10986547085201794,0.06726457399103139,0.04708520179372197,0.06053811659192825,0.02242152466367713,0.07623318385650224,0.06726457399103139,0.013452914798206279,0.026905829596412557,0.08295964125560538
"lcl|MCFH01000001.1_cds_ORX60953.1_215 [locus_tag=BCR36DRAFT_365542] [db_xref=JGIDB:Pirfi3_365542] [protein=hypothetical protein] [protein_id=ORX60953.1] [location=complement(join(1119498..1120570,1120732..1120740,1120908..1121981,1122159..1122332,1122452..1122535,1122637..1122867,1123286..1123504,1123679..1123924,1124118..1125057))] [gbkey=CDS]",0.020029673590504452,0.03338278931750742,0.12759643916913946,0.057863501483679525,0.0066765578635014835,0.04302670623145401,0.10682492581602374,0.020029673590504452,0.008902077151335312,0.08234421364985163,0.08531157270029674,0.09940652818991098,0.024480712166172106,0.031899109792284865,0.02967359050445104,0.09272997032640949,0.06899109792284866,0.004451038575667656,0.022997032640949554,0.03338278931750742
"lcl|MCFH01000001.1_cds_ORX60954.1_216 [locus_tag=BCR36DRAFT_341013] [db_xref=JGIDB:Pirfi3_341013] [protein=hypothetical protein] [protein_id=ORX60954.1] [location=complement(join(1127124..1127717,1127897..1128172))] [gbkey=CDS]",0.05555555555555555,0.041666666666666664,0.1076388888888889,0.0625,0.027777777777777776,0.024305555555555556,0.07291666666666667,0.0798611111111111,0.027777777777777776,0.04861111111111111,0.04513888888888889,0.0798611111111111,0.020833333333333332,0.04513888888888889,0.006944444444444444,0.08333333333333333,0.03125,0.017361111111111112,0.07291666666666667,0.04861111111111111
"lcl|MCFH01000001.1_cds_ORX60955.1_217 [locus_tag=BCR36DRAFT_4100] [db_xref=InterPro:IPR001002,JGIDB:Pirfi3_4100] [protein=hypothetical protein] [protein_id=ORX60955.1] [location=complement(1128305..1129237)] [gbkey=CDS]",0.025889967637540454,0.016181229773462782,0.022653721682847898,0.04854368932038835,0.07766990291262135,0.019417475728155338,0.003236245954692557,0.07766990291262135,0.003236245954692557,0.02912621359223301,0.016181229773462782,0.10679611650485436,0,0.022653721682847898,0.012944983818770227,0.14563106796116504,0.3106796116504854,0,0.042071197411003236,0.019417475728155338
lcl|MCFH01000001.1_cds_ORX60957.1_219 [locus_tag=BCR36DRAFT_4132] [db_xref=JGIDB:Pirfi3_4132] [protein=hypothetical protein] [protein_id=ORX60957.1] [location=complement(1140555..1142393)] [gbkey=CDS],0.03600654664484452,0.054009819967266774,0.09001636661211129,0.06382978723404255,0.009819967266775777,0.06873977086743044,0.06546644844517185,0.031096563011456628,0.02127659574468085,0.06546644844517185,0.07364975450081833,0.0867430441898527,0.03273322422258593,0.03273322422258593,0.04091653027823241,0.10801963993453355,0.03600654664484452,0,0.05237315875613748,0.031096563011456628
"lcl|MCFH01000001.1_cds_ORX60959.1_221 [locus_tag=BCR36DRAFT_365546] [db_xref=JGIDB:Pirfi3_365546] [protein=hypothetical protein] [protein_id=ORX60959.1] [location=join(1148345..1148425,1148535..1148619,1148742..1148840,1149132..1149162,1149857..1149908,1150015..1150119,1150230..1150644,1150736..1150814,1150921..1150974,1151089..1151116,1151262..1151500,1151623..1151839,1151976..1152017,1152130..1152165)] [gbkey=CDS]",0.036608863198458574,0.030828516377649325,0.08670520231213873,0.023121387283236993,0.015414258188824663,0.02697495183044316,0.0674373795761079,0.009633911368015413,0.02119460500963391,0.12716763005780346,0.10982658959537572,0.10211946050096339,0.019267822736030827,0.05394990366088632,0.025048169556840076,0.08285163776493257,0.03468208092485549,0.009633911368015413,0.08477842003853564,0.03275529865125241
"lcl|MCFH01000001.1_cds_ORX60960.1_222 [locus_tag=BCR36DRAFT_365548] [db_xref=JGIDB:Pirfi3_365548] [protein=hypothetical protein] [protein_id=ORX60960.1] [location=join(1154485..1154543,1154630..1154991,1155541..1155690,1155791..1155865,1155954..1156225,1156341..1156388,1156469..1156594,1156714..1156861,1157048..1157483,1157580..1157613)] [gbkey=CDS]",0.028169014084507043,0.022887323943661973,0.1056338028169014,0.04753521126760563,0.01232394366197183,0.02640845070422535,0.07746478873239436,0.02112676056338028,0.00528169014084507,0.11619718309859155,0.10211267605633803,0.07922535211267606,0.02640845070422535,0.07922535211267606,0.02112676056338028,0.06690140845070422,0.04929577464788732,0.00528169014084507,0.06866197183098592,0.03873239436619718
"lcl|MCFH01000001.1_cds_ORX60961.1_223 [locus_tag=BCR36DRAFT_4152] [db_xref=JGIDB:Pirfi3_4152] [protein=hypothetical protein] [protein_id=ORX60961.1] [location=join(1158534..1158899,1159443..1159463)] [gbkey=CDS]",0.007874015748031496,0.007874015748031496,0.13385826771653545,0.031496062992125984,0.007874015748031496,0.031496062992125984,0.07874015748031496,0.023622047244094488,0.031496062992125984,0.2125984251968504,0.11023622047244094,0.07086614173228346,0,0.03937007874015748,0,0.11023622047244094,0.03937007874015748,0,0.047244094488188976,0.015748031496062992
"lcl|MCFH01000001.1_cds_ORX60962.1_224 [locus_tag=BCR36DRAFT_341031] [db_xref=JGIDB:Pirfi3_341031] [protein=hypothetical protein] [protein_id=ORX60962.1] [location=join(1160176..1160309,1160415..1160450,1160535..1160650,1160731..1160828,1160953..1161094,1161165..1161538)] [gbkey=CDS]",0.020134228187919462,0.02348993288590604,0.15771812080536912,0.03355704697986577,0.030201342281879196,0.026845637583892617,0.040268456375838924,0.06040268456375839,0.013422818791946308,0.12416107382550336,0.053691275167785234,0.0436241610738255,0.013422818791946308,0.07046979865771812,0.010067114093959731,0.09731543624161074,0.0738255033557047,0.006711409395973154,0.06711409395973154,0.03355704697986577
"lcl|MCFH01000001.1_cds_ORX60963.1_225 [locus_tag=BCR36DRAFT_341033] [db_xref=JGIDB:Pirfi3_341033] [protein=hypothetical protein] [protein_id=ORX60963.1] [location=join(1162147..1162153,1162235..1162285,1162357..1162468,1162603..1162835,1162919..1163040,1163121..1163176,1163259..1163457)] [gbkey=CDS]",0.011627906976744186,0.01937984496124031,0.09302325581395349,0.046511627906976744,0.04263565891472868,0.023255813953488372,0.04263565891472868,0.06201550387596899,0.011627906976744186,0.1434108527131783,0.10465116279069768,0.07751937984496124,0.023255813953488372,0.08139534883720931,0.011627906976744186,0.05813953488372093,0.06589147286821706,0.003875968992248062,0.06201550387596899,0.015503875968992248
"lcl|MCFH01000001.1_cds_ORX60964.1_226 [locus_tag=BCR36DRAFT_579022] [db_xref=InterPro:IPR001353,JGIDB:Pirfi3_579022] [protein=N-terminal nucleophile aminohydrolase] [protein_id=ORX60964.1] [location=join(1164894..1164914,1165364..1165446,1165815..1165938,1166249..1166350,1166497..1166640,1166731..1166843,1166972..1167107,1167246..1167296)] [gbkey=CDS]",0.078125,0.04296875,0.0234375,0.10546875,0.01953125,0.0234375,0.0703125,0.06640625,0.01171875,0.07421875,0.0703125,0.0859375,0.03125,0.015625,0.02734375,0.08203125,0.03125,0.0078125,0.0546875,0.078125
"lcl|MCFH01000001.1_cds_ORX60965.1_227 [locus_tag=BCR36DRAFT_315018] [db_xref=InterPro:IPR000308,JGIDB:Pirfi3_315018] [protein=14-3-3 family protein epsilon] [protein_id=ORX60965.1] [location=complement(join(1189912..1190586,1190663..1190674,1190781..1190800,1190897..1190953,1191552..1191561))] [gbkey=CDS]",0.12890625,0.05078125,0.03515625,0.06640625,0.0078125,0.04296875,0.12109375,0.03515625,0.0234375,0.046875,0.09765625,0.0703125,0.01953125,0.01953125,0.01953125,0.06640625,0.0390625,0.0078125,0.05078125,0.05078125
"lcl|MCFH01000001.1_cds_ORX60966.1_228 [locus_tag=BCR36DRAFT_579035] [db_xref=InterPro:IPR004127,JGIDB:Pirfi3_579035] [protein=Prefoldin alpha subunit] [protein_id=ORX60966.1] [location=complement(join(1196199..1196263,1196528..1196633,1196852..1196926,1197065..1197096,1197201..1197303,1198074..1198172))] [gbkey=CDS]",0.05063291139240506,0.0189873417721519,0.06329113924050633,0.0759493670886076,0.006329113924050633,0.0759493670886076,0.0759493670886076,0.02531645569620253,0.006329113924050633,0.06329113924050633,0.11392405063291139,0.13291139240506328,0.006329113924050633,0.02531645569620253,0.0189873417721519,0.06329113924050633,0.06962025316455696,0,0.02531645569620253,0.08227848101265822
"lcl|MCFH01000001.1_cds_ORX60967.1_229 [locus_tag=BCR36DRAFT_315022] [db_xref=InterPro:IPR001841,JGIDB:Pirfi3_315022] [protein=hypothetical protein] [protein_id=ORX60967.1] [location=complement(join(1199136..1199896,1200036..1200150,1200371..1201306,1201484..1201674,1201811..1201886,1201984..1202074,1202205..1202359,1202572..1202708,1202947..1203109))] [gbkey=CDS]",0.03665521191294387,0.03665521191294387,0.11912943871706758,0.049255441008018326,0.013745704467353952,0.046964490263459335,0.09278350515463918,0.030927835051546393,0.013745704467353952,0.056128293241695305,0.06643757159221077,0.12485681557846506,0.013745704467353952,0.04009163802978236,0.035509736540664374,0.09278350515463918,0.042382588774341354,0.006872852233676976,0.03665521191294387,0.044673539518900345
lcl|MCFH01000001.1_cds_ORX60968.1_230 [locus_tag=BCR36DRAFT_4366] [db_xref=JGIDB:Pirfi3_4366] [protein=hypothetical protein] [protein_id=ORX60968.1] [location=complement(1205272..1206705)] [gbkey=CDS],0.031512605042016806,0.03571428571428571,0.09873949579831932,0.052521008403361345,0.004201680672268907,0.029411764705882353,0.08403361344537816,0.03571428571428571,0.014705882352941176,0.09873949579831932,0.04831932773109244,0.04831932773109244,0.018907563025210083,0.029411764705882353,0.03361344537815126,0.12815126050420167,0.11134453781512606,0,0.03991596638655462,0.05672268907563025
"lcl|MCFH01000001.1_cds_ORX60969.1_231 [locus_tag=BCR36DRAFT_4376] [db_xref=JGIDB:Pirfi3_4376] [protein=hypothetical protein] [protein_id=ORX60969.1] [location=complement(join(1215223..1215362,1215674..1215710))] [gbkey=CDS]",0,0.07017543859649122,0.10526315789473684,0.03508771929824561,0,0,0.03508771929824561,0.05263157894736842,0.017543859649122806,0.10526315789473684,0.07017543859649122,0.12280701754385964,0.017543859649122806,0.10526315789473684,0,0.08771929824561403,0.017543859649122806,0.017543859649122806,0.12280701754385964,0.017543859649122806
"lcl|MCFH01000001.1_cds_ORX60970.1_232 [locus_tag=BCR36DRAFT_365555] [db_xref=JGIDB:Pirfi3_365555] [protein=hypothetical protein] [protein_id=ORX60970.1] [location=complement(join(1218801..1219240,1219628..1219793))] [gbkey=CDS]",0.05,0.03,0.05,0.03,0.015,0.03,0.09,0.03,0.01,0.125,0.125,0.08,0.03,0.05,0.05,0.02,0.045,0.005,0.08,0.055
"lcl|MCFH01000001.1_cds_ORX60971.1_233 [locus_tag=BCR36DRAFT_579039] [db_xref=InterPro:IPR004770,JGIDB:Pirfi3_579039] [protein=hypothetical protein] [protein_id=ORX60971.1] [location=1222644..1224038] [gbkey=CDS]",0.07991360691144708,0.019438444924406047,0.056155507559395246,0.032397408207343416,0.017278617710583154,0.028077753779697623,0.02591792656587473,0.08207343412526998,0.004319654427645789,0.10151187904967603,0.12311015118790497,0.038876889848812095,0.032397408207343416,0.06263498920086392,0.028077753779697623,0.08423326133909287,0.04103671706263499,0,0.02591792656587473,0.11663066954643629
"lcl|MCFH01000001.1_cds_ORX60972.1_234 [locus_tag=BCR36DRAFT_579040] [db_xref=InterPro:IPR007913,JGIDB:Pirfi3_579040] [protein=hypothetical protein] [protein_id=ORX60972.1] [location=1229455..1230816] [gbkey=CDS]",0.04424778761061947,0.05309734513274336,0.04424778761061947,0.05752212389380531,0.015486725663716814,0.02654867256637168,0.059734513274336286,0.046460176991150445,0.030973451327433628,0.10176991150442478,0.1084070796460177,0.048672566371681415,0.01991150442477876,0.0420353982300885,0.046460176991150445,0.08849557522123894,0.059734513274336286,0.017699115044247787,0.0420353982300885,0.046460176991150445
"lcl|MCFH01000001.1_cds_ORX60973.1_235 [locus_tag=BCR36DRAFT_341049] [db_xref=InterPro:IPR001279,JGIDB:Pirfi3_341049] [protein=hypothetical protein] [protein_id=ORX60973.1] [location=join(1233437..1233638,1233883..1233985,1234237..1234772,1234859..1235130,1235309..1235741,1235831..1236024,1236098..1236267,1236472..1236771,1236911..1237787)] [gbkey=CDS]",0.034079844206426485,0.03700097370983447,0.07692307692307693,0.06037000973709834,0.022395326192794548,0.027263875365141188,0.062317429406037,0.03992210321324245,0.0311587147030185,0.08179162609542356,0.08471275559883155,0.08179162609542356,0.018500486854917234,0.04089581304771178,0.053554040895813046,0.10418695228821812,0.05258033106134372,0.004868549172346641,0.03894839337877313,0.04673807205452775
"lcl|MCFH01000001.1_cds_ORX60974.1_236 [locus_tag=BCR36DRAFT_401254] [db_xref=InterPro:IPR001680,JGIDB:Pirfi3_401254] [protein=WD40 repeat-like protein] [protein_id=ORX60974.1] [location=join(1239557..1239688,1239892..1239993,1240086..1240226,1240343..1240453,1240609..1240733,1240903..1241180,1241280..1241458)] [gbkey=CDS]",0.05649717514124294,0.025423728813559324,0.06497175141242938,0.07062146892655367,0.01694915254237288,0.0480225988700565,0.059322033898305086,0.05084745762711865,0.022598870056497175,0.08757062146892655,0.07062146892655367,0.062146892655367235,0.01694915254237288,0.025423728813559324,0.0423728813559322,0.096045197740113,0.062146892655367235,0.031073446327683617,0.03954802259887006,0.05084745762711865
"lcl|MCFH01000001.1_cds_ORX60975.1_237 [locus_tag=BCR36DRAFT_365560] [db_xref=InterPro:IPR001841,JGIDB:Pirfi3_365560] [protein=hypothetical protein] [protein_id=ORX60975.1] [location=complement(join(1241964..1241997,1242079..1242119,1242212..1242290,1242422..1242601,1242728..1242900))] [gbkey=CDS]",0.017964071856287425,0.04790419161676647,0.12574850299401197,0.10179640718562874,0.03592814371257485,0.023952095808383235,0.07784431137724551,0.029940119760479042,0.023952095808383235,0.0658682634730539,0.10179640718562874,0.10179640718562874,0.011976047904191617,0.04790419161676647,0.017964071856287425,0.05389221556886228,0.03592814371257485,0.005988023952095809,0.04790419161676647,0.023952095808383235
lcl|MCFH01000001.1_cds_ORX60976.1_238 [locus_tag=BCR36DRAFT_4471] [db_xref=JGIDB:Pirfi3_4471] [protein=hypothetical protein] [protein_id=ORX60976.1] [location=1243145..1243447] [gbkey=CDS],0,0.020202020202020204,0.030303030303030304,0.050505050505050504,0.010101010101010102,0.010101010101010102,0.050505050505050504,0.020202020202020204,0,0.09090909090909091,0.1919191919191919,0.04040404040404041,0.020202020202020204,0.09090909090909091,0.030303030303030304,0.23232323232323232,0.050505050505050504,0,0.030303030303030304,0.030303030303030304
"lcl|MCFH01000001.1_cds_ORX60977.1_239 [locus_tag=BCR36DRAFT_365561] [db_xref=JGIDB:Pirfi3_365561] [protein=hypothetical protein] [protein_id=ORX60977.1] [location=join(1245159..1245393,1245507..1245639,1245724..1245769)] [gbkey=CDS]",0,0,0.17647058823529413,0.08088235294117647,0.014705882352941176,0.022058823529411766,0.125,0.007352941176470588,0.014705882352941176,0.11029411764705882,0.08823529411764706,0.08823529411764706,0.007352941176470588,0.04411764705882353,0.04411764705882353,0.07352941176470588,0.058823529411764705,0.007352941176470588,0.014705882352941176,0.022058823529411766
"lcl|MCFH01000001.1_cds_ORX60978.1_240 [locus_tag=BCR36DRAFT_401255] [db_xref=InterPro:IPR001002,InterPro:IPR001223,JGIDB:Pirfi3_401255] [protein=hypothetical protein] [protein_id=ORX60978.1] [location=complement(join(1246122..1248331,1248431..1248526,1248609..1248738))] [gbkey=CDS]",0.04938271604938271,0.013580246913580247,0.07777777777777778,0.056790123456790124,0.05925925925925926,0.022222222222222223,0.043209876543209874,0.08765432098765433,0.008641975308641974,0.04814814814814815,0.05432098765432099,0.0654320987654321,0.009876543209876543,0.025925925925925925,0.040740740740740744,0.07654320987654321,0.1382716049382716,0.018518518518518517,0.04814814814814815,0.05555555555555555
"lcl|MCFH01000001.1_cds_ORX60979.1_241 [locus_tag=BCR36DRAFT_407965] [db_xref=JGIDB:Pirfi3_407965] [protein=hypothetical protein] [protein_id=ORX60979.1] [location=join(1252246..1252491,1252571..1252630,1252765..1252866)] [gbkey=CDS]",0.007462686567164179,0.022388059701492536,0.11194029850746269,0.06716417910447761,0,0.022388059701492536,0.11194029850746269,0.014925373134328358,0.014925373134328358,0.08208955223880597,0.14925373134328357,0.13432835820895522,0.007462686567164179,0.029850746268656716,0,0.11940298507462686,0.05970149253731343,0.007462686567164179,0.022388059701492536,0.014925373134328358
"lcl|MCFH01000001.1_cds_ORX60980.1_242 [locus_tag=BCR36DRAFT_315041] [db_xref=InterPro:IPR003959,InterPro:IPR004201,InterPro:IPR013093,JGIDB:Pirfi3_315041] [protein=AAA-domain-containing protein] [protein_id=ORX60980.1] [location=join(1253822..1253961,1254112..1254262,1254353..1254427,1254529..1254561,1254656..1254755,1254897..1254914,1255030..1255120,1255233..1255563,1255703..1255837,1255929..1256016,1256099..1256178,1256277..1256576,1256748..1256829,1257000..1257200,1257307..1257386,1257475..1257609,1257715..1257915)] [gbkey=CDS]",0.05771812080536913,0.040268456375838924,0.06174496644295302,0.06174496644295302,0.012080536912751677,0.040268456375838924,0.06040268456375839,0.05906040268456376,0.01879194630872483,0.0912751677852349,0.09798657718120805,0.07516778523489932,0.032214765100671144,0.04429530201342282,0.04697986577181208,0.08187919463087248,0.03758389261744966,0.0013422818791946308,0.022818791946308724,0.056375838926174496
"lcl|MCFH01000001.1_cds_ORX60981.1_243 [locus_tag=BCR36DRAFT_341069] [db_xref=InterPro:IPR007955,JGIDB:Pirfi3_341069] [protein=Bystin-domain-containing protein] [protein_id=ORX60981.1] [location=complement(join(1258657..1258970,1259064..1259326,1259436..1259618,1259717..1259895,1259994..1260108,1260212..1260306,1260454..1260594))] [gbkey=CDS]",0.053738317757009345,0.04906542056074766,0.04205607476635514,0.06074766355140187,0.004672897196261682,0.053738317757009345,0.09579439252336448,0.030373831775700934,0.018691588785046728,0.07710280373831775,0.09813084112149532,0.09579439252336448,0.03271028037383177,0.0397196261682243,0.04439252336448598,0.06775700934579439,0.037383177570093455,0.011682242990654205,0.0397196261682243,0.04672897196261682
lcl|MCFH01000001.1_cds_ORX60982.1_244 [locus_tag=BCR36DRAFT_4625] [db_xref=JGIDB:Pirfi3_4625] [protein=hypothetical protein] [protein_id=ORX60982.1] [location=1262973..1263146] [gbkey=CDS],0,0.03571428571428571,0.14285714285714285,0,0,0.17857142857142858,0,0.07142857142857142,0,0.08928571428571429,0.017857142857142856,0.03571428571428571,0.08928571428571429,0.10714285714285714,0.10714285714285714,0.07142857142857142,0.017857142857142856,0,0.03571428571428571,0
"lcl|MCFH01000001.1_cds_ORX60983.1_245 [locus_tag=BCR36DRAFT_394129] [db_xref=InterPro:IPR006895,InterPro:IPR006896,InterPro:IPR006900,InterPro:IPR007123,InterPro:IPR012990,JGIDB:Pirfi3_394129] [protein=hypothetical protein] [protein_id=ORX60983.1] [location=join(1264123..1264266,1264354..1264486,1264582..1264691,1264781..1264847,1264956..1265077,1265226..1265429,1265501..1265605,1265697..1265820,1265917..1266246,1266331..1266441,1266624..1266802,1266909..1267043,1267142..1267339,1267427..1267668,1267721..1267772)] [gbkey=CDS]",0.06933333333333333,0.04933333333333333,0.08,0.052,0.017333333333333333,0.04133333333333333,0.042666666666666665,0.03866666666666667,0.013333333333333334,0.08933333333333333,0.09066666666666667,0.04933333333333333,0.014666666666666666,0.04666666666666667,0.05733333333333333,0.08666666666666667,0.056,0.006666666666666667,0.044,0.05466666666666667
"lcl|MCFH01000001.1_cds_ORX60984.1_246 [locus_tag=BCR36DRAFT_407970] [db_xref=InterPro:IPR008710,JGIDB:Pirfi3_407970] [protein=Nicastrin-domain-containing protein] [protein_id=ORX60984.1] [location=complement(join(1268668..1268818,1268913..1269121,1269202..1269380,1269481..1269568,1269648..1269816,1269903..1270420,1270512..1270708,1270806..1270914,1271014..1271109,1271196..1271237,1271339..1271462,1271542..1271659,1271841..1271910))] [gbkey=CDS]",0.050872093023255814,0.0188953488372093,0.08430232558139535,0.06686046511627906,0.027616279069767442,0.02616279069767442,0.055232558139534885,0.055232558139534885,0.015988372093023256,0.09156976744186046,0.06831395348837209,0.07848837209302326,0.010174418604651164,0.03924418604651163,0.0377906976744186,0.1002906976744186,0.04505813953488372,0.010174418604651164,0.07267441860465117,0.04505813953488372
"lcl|MCFH01000001.1_cds_ORX60985.1_247 [locus_tag=BCR36DRAFT_341074] [db_xref=InterPro:IPR008710,JGIDB:Pirfi3_341074] [protein=hypothetical protein] [protein_id=ORX60985.1] [location=complement(join(1272565..1272715,1272803..1273011,1273093..1273271,1273348..1273441,1273585..1273753,1273856..1274484,1274582..1274778,1274867..1274975,1275045..1275140,1275230..1275271,1275368..1275491,1275596..1275716,1275810..1275932,1276026..1276068))] [gbkey=CDS]",0.038157894736842106,0.02236842105263158,0.09342105263157895,0.06184210526315789,0.025,0.025,0.04473684210526316,0.04736842105263158,0.011842105263157895,0.09210526315789473,0.06315789473684211,0.08552631578947369,0.013157894736842105,0.06315789473684211,0.038157894736842106,0.09473684210526316,0.060526315789473685,0.009210526315789473,0.05526315789473684,0.05526315789473684
"lcl|MCFH01000001.1_cds_ORX60986.1_248 [locus_tag=BCR36DRAFT_315060] [db_xref=InterPro:IPR011607,InterPro:IPR013982,JGIDB:Pirfi3_315060] [protein=YMR120Cp-like protein] [protein_id=ORX60986.1] [location=join(1276928..1276943,1277107..1277233,1277303..1277379,1277471..1277626,1277731..1279133)] [gbkey=CDS]",0.09983079526226735,0.047377326565143825,0.05245346869712352,0.05414551607445008,0.02030456852791878,0.032148900169204735,0.0676818950930626,0.06091370558375635,0.015228426395939087,0.05245346869712352,0.0829103214890017,0.07445008460236886,0.015228426395939087,0.04060913705583756,0.049069373942470386,0.06598984771573604,0.047377326565143825,0.00676818950930626,0.03553299492385787,0.07952622673434856
"lcl|MCFH01000001.1_cds_ORX60987.1_249 [locus_tag=BCR36DRAFT_341083] [db_xref=InterPro:IPR000704,JGIDB:Pirfi3_341083] [protein=hypothetical protein] [protein_id=ORX60987.1] [location=complement(join(1280799..1281432,1282356..1282387))] [gbkey=CDS]",0.04090909090909091,0.07272727272727272,0.02727272727272727,0.045454545454545456,0.02727272727272727,0.045454545454545456,0.10454545454545454,0.05,0.045454545454545456,0.07272727272727272,0.08636363636363636,0.05454545454545454,0.00909090909090909,0.06363636363636363,0.04090909090909091,0.05,0.04090909090909091,0.004545454545454545,0.05454545454545454,0.06363636363636363
"lcl|MCFH01000001.1_cds_ORX60988.1_250 [locus_tag=BCR36DRAFT_315065] [db_xref=JGIDB:Pirfi3_315065] [protein=hypothetical protein] [protein_id=ORX60988.1] [location=complement(join(1284607..1287131,1287237..1287924))] [gbkey=CDS]",0.021515434985968196,0.015902712815715623,0.1449953227315248,0.0617399438727783,0.0018709073900841909,0.04303086997193639,0.06454630495790459,0.03554724041159962,0.01403180542563143,0.07483629560336763,0.05425631431244153,0.11880261927034612,0.011225444340505144,0.040224508886810104,0.06641721234798878,0.09448082319925163,0.06641721234798878,0.015902712815715623,0.027128157156220765,0.027128157156220765
"lcl|MCFH01000001.1_cds_ORX60989.1_251 [locus_tag=BCR36DRAFT_407975] [db_xref=InterPro:IPR000337,JGIDB:Pirfi3_407975] [protein=hypothetical protein] [protein_id=ORX60989.1] [location=join(1290767..1290958,1291024..1291229,1291306..1291399,1291492..1291609,1291702..1291820,1291905..1291924,1292044..1292065,1292174..1292267,1292354..1292496,1292593..1292742,1292822..1292845,1292961..1292982,1293057..1293071,1293158..1293267,1293399..1293424,1293519..1293930,1294021..1294037,1294115..1294480,1294576..1294726,1294806..1295124,1295202..1295221,1295298..1295339,1295447..1295674)] [gbkey=CDS]",0.013429752066115703,0.025826446280991736,0.08057851239669421,0.05371900826446281,0.022727272727272728,0.01756198347107438,0.07024793388429752,0.0371900826446281,0.012396694214876033,0.1322314049586777,0.07747933884297521,0.08471074380165289,0.014462809917355372,0.07128099173553719,0.029958677685950414,0.09090909090909091,0.05578512396694215,0.013429752066115703,0.06198347107438017,0.03409090909090909
"lcl|MCFH01000001.1_cds_ORX60990.1_252 [locus_tag=BCR36DRAFT_579057] [db_xref=InterPro:IPR000337,JGIDB:Pirfi3_579057] [protein=hypothetical protein] [protein_id=ORX60990.1] [location=join(1296714..1296745,1296837..1297037,1297106..1297187,1297267..1297378,1297479..1297597,1297727..1297746,1297870..1297891,1297981..1298074,1298150..1298295,1298380..1298538,1298644..1298667,1298779..1298797,1298866..1298880,1298947..1299056,1299164..1299189,1299264..1299669,1299774..1299790,1299880..1300254,1300344..1300497,1300593..1300914,1301019..1301038,1301110..1301151,1301244..1301510)] [gbkey=CDS]",0.023758099352051837,0.016198704103671708,0.08747300215982722,0.052915766738660906,0.026997840172786176,0.020518358531317494,0.06047516198704104,0.03995680345572354,0.008639308855291577,0.14038876889848811,0.07883369330453564,0.07775377969762419,0.019438444924406047,0.04859611231101512,0.032397408207343416,0.07775377969762419,0.05399568034557235,0.014038876889848811,0.0755939524838013,0.04427645788336933
"lcl|MCFH01000001.1_cds_ORX60991.1_253 [locus_tag=BCR36DRAFT_4815] [db_xref=InterPro:IPR005078,JGIDB:Pirfi3_4815] [protein=hypothetical protein] [protein_id=ORX60991.1] [location=complement(join(1301932..1302024,1302105..1302233,1302355..1302386,1302464..1302505,1302592..1302632,1302719..1302756,1302833..1303188,1303292..1303519,1303655..1303756,1303851..1303974))] [gbkey=CDS]",0.022900763358778626,0.022900763358778626,0.07888040712468193,0.07633587786259542,0.020356234096692113,0.03307888040712468,0.06361323155216285,0.05089058524173028,0.020356234096692113,0.08651399491094147,0.08142493638676845,0.08396946564885496,0.015267175572519083,0.04834605597964377,0.043256997455470736,0.09414758269720101,0.035623409669211195,0.020356234096692113,0.05597964376590331,0.04580152671755725
"lcl|MCFH01000001.1_cds_ORX60992.1_254 [locus_tag=BCR36DRAFT_315087] [db_xref=JGIDB:Pirfi3_315087] [protein=hypothetical protein] [protein_id=ORX60992.1] [location=join(1305127..1305202,1305663..1305775,1305878..1305955,1306063..1306268,1306341..1306527,1306637..1306762,1306885..1306957,1307060..1307149,1307257..1307349,1307436..1307626,1307701..1307967,1308040..1308120,1308235..1308311,1308465..1308546,1308627..1309062,1309222..1309586)] [gbkey=CDS]",0.020118343195266272,0.036686390532544376,0.13846153846153847,0.07100591715976332,0.014201183431952662,0.028402366863905324,0.05207100591715976,0.02485207100591716,0.01893491124260355,0.10059171597633136,0.07692307692307693,0.09585798816568047,0.020118343195266272,0.03195266272189349,0.033136094674556214,0.11715976331360947,0.0378698224852071,0.008284023668639054,0.04497041420118343,0.028402366863905324
"lcl|MCFH01000001.1_cds_ORX60993.1_255 [locus_tag=BCR36DRAFT_273137] [db_xref=InterPro:IPR006689,JGIDB:Pirfi3_273137] [protein=ADP-ribosylation factor] [protein_id=ORX60993.1] [location=complement(join(1310261..1310565,1310762..1310854,1310954..1311101))] [gbkey=CDS]",0.05555555555555555,0.05,0.05555555555555555,0.07222222222222222,0.005555555555555556,0.05,0.06111111111111111,0.07777777777777778,0.011111111111111112,0.07222222222222222,0.12777777777777777,0.07222222222222222,0.022222222222222223,0.016666666666666666,0.016666666666666666,0.05,0.06111111111111111,0.027777777777777776,0.03888888888888889,0.05555555555555555
"lcl|MCFH01000001.1_cds_ORX60994.1_256 [locus_tag=BCR36DRAFT_341114] [db_xref=InterPro:IPR010675,JGIDB:Pirfi3_341114] [protein=hypothetical protein] [protein_id=ORX60994.1] [location=complement(join(1312870..1313032,1313144..1313663,1313757..1314168))] [gbkey=CDS]",0.02203856749311295,0.027548209366391185,0.16804407713498623,0.04132231404958678,0.011019283746556474,0.01928374655647383,0.08539944903581267,0.03856749311294766,0.02203856749311295,0.09917355371900827,0.06060606060606061,0.10192837465564739,0.005509641873278237,0.05509641873278237,0.04132231404958678,0.08264462809917356,0.01928374655647383,0.011019283746556474,0.05234159779614325,0.03581267217630854
"lcl|MCFH01000001.1_cds_ORX60995.1_257 [locus_tag=BCR36DRAFT_579062] [db_xref=InterPro:IPR001356,JGIDB:Pirfi3_579062] [protein=homeobox-domain-containing protein] [protein_id=ORX60995.1] [location=1328949..1330493] [gbkey=CDS]",0.03898635477582846,0.03898635477582846,0.1871345029239766,0.02729044834307992,0,0.15789473684210525,0.02729044834307992,0.04678362573099415,0.003898635477582846,0.04873294346978557,0.04093567251461988,0.023391812865497075,0.037037037037037035,0.007797270955165692,0.06237816764132553,0.08187134502923976,0.06627680311890838,0.003898635477582846,0.05458089668615984,0.04483430799220273
"lcl|MCFH01000001.1_cds_ORX60996.1_258 [locus_tag=BCR36DRAFT_272530] [db_xref=InterPro:IPR006689,JGIDB:Pirfi3_272530] [protein=ADP-ribosylation factor] [protein_id=ORX60996.1] [location=join(1337918..1338065,1338157..1338249,1338349..1338653)] [gbkey=CDS]",0.05555555555555555,0.06111111111111111,0.05,0.07222222222222222,0.005555555555555556,0.05555555555555555,0.06111111111111111,0.08333333333333333,0.005555555555555556,0.07222222222222222,0.12222222222222222,0.06111111111111111,0.022222222222222223,0.022222222222222223,0.016666666666666666,0.05,0.06111111111111111,0.027777777777777776,0.03888888888888889,0.05555555555555555
"lcl|MCFH01000001.1_cds_ORX60997.1_259 [locus_tag=BCR36DRAFT_315102] [db_xref=InterPro:IPR006218,JGIDB:Pirfi3_315102] [protein=phospho-2-dehydro-3-deoxyheptonate aldolase] [protein_id=ORX60997.1] [location=join(1342823..1343078,1343420..1343601,1343688..1343960,1344086..1344493)] [gbkey=CDS]",0.0673854447439353,0.04582210242587601,0.0673854447439353,0.07816711590296496,0.018867924528301886,0.029649595687331536,0.06199460916442048,0.07816711590296496,0.029649595687331536,0.07008086253369272,0.08355795148247978,0.07547169811320754,0.018867924528301886,0.029649595687331536,0.03504043126684636,0.05929919137466307,0.05660377358490566,0.005390835579514825,0.01078167115902965,0.07816711590296496
"lcl|MCFH01000001.1_cds_ORX60998.1_260 [locus_tag=BCR36DRAFT_579066] [db_xref=InterPro:IPR006652,InterPro:IPR010565,InterPro:IPR011498,JGIDB:Pirfi3_579066] [protein=hypothetical protein] [protein_id=ORX60998.1] [location=complement(join(1346514..1346632,1346729..1346744,1346867..1347092,1347327..1348060,1348307..1348487,1348638..1348750,1348859..1348911,1349012..1349141,1349228..1349365,1349442..1349579,1349764..1349930,1350196..1350448))] [gbkey=CDS]",0.023872679045092837,0.042440318302387266,0.09549071618037135,0.058355437665782495,0.017241379310344827,0.03713527851458886,0.0649867374005305,0.04907161803713528,0.023872679045092837,0.0636604774535809,0.08620689655172414,0.07824933687002653,0.026525198938992044,0.042440318302387266,0.03580901856763926,0.07957559681697612,0.05172413793103448,0.01856763925729443,0.05968169761273209,0.04509283819628647
"lcl|MCFH01000001.1_cds_ORX60999.1_261 [locus_tag=BCR36DRAFT_407985] [db_xref=InterPro:IPR000348,JGIDB:Pirfi3_407985] [protein=hypothetical protein] [protein_id=ORX60999.1] [location=join(1353190..1353381,1353481..1353682,1353765..1353881,1353971..1354092)] [gbkey=CDS]",0.07177033492822966,0.04784688995215311,0.05263157894736842,0.06698564593301436,0.019138755980861243,0.04784688995215311,0.06220095693779904,0.028708133971291867,0.019138755980861243,0.06698564593301436,0.10047846889952153,0.03827751196172249,0.019138755980861243,0.06698564593301436,0.023923444976076555,0.11004784688995216,0.03827751196172249,0.019138755980861243,0.04784688995215311,0.05263157894736842
"lcl|MCFH01000001.1_cds_ORX61000.1_262 [locus_tag=BCR36DRAFT_394149] [db_xref=InterPro:IPR007174,JGIDB:Pirfi3_394149] [protein=Las1-domain-containing protein] [protein_id=ORX61000.1] [location=join(1355156..1355281,1355786..1355970,1356126..1356291,1356395..1356515,1356598..1356742,1356832..1356974,1357097..1357186,1357305..1357402)] [gbkey=CDS]",0.03089887640449438,0.042134831460674156,0.06741573033707865,0.056179775280898875,0.014044943820224719,0.03932584269662921,0.07865168539325842,0.03932584269662921,0.014044943820224719,0.08707865168539326,0.10393258426966293,0.0898876404494382,0.014044943820224719,0.03651685393258427,0.042134831460674156,0.06460674157303371,0.056179775280898875,0.028089887640449437,0.05056179775280899,0.0449438202247191
"lcl|MCFH01000001.1_cds_ORX61001.1_263 [locus_tag=BCR36DRAFT_315112] [db_xref=InterPro:IPR001915,JGIDB:Pirfi3_315112] [protein=hypothetical protein] [protein_id=ORX61001.1] [location=complement(join(1358832..1359420,1359594..1360681))] [gbkey=CDS]",0.0466786355475763,0.03231597845601436,0.118491921005386,0.03949730700179533,0.01436265709156194,0.02154398563734291,0.07719928186714542,0.03949730700179533,0.012567324955116697,0.07899461400359066,0.08797127468581688,0.09694793536804308,0.010771992818671455,0.05565529622980251,0.03052064631956912,0.10771992818671454,0.0466786355475763,0.008976660682226212,0.03411131059245961,0.03949730700179533
"lcl|MCFH01000001.1_cds_ORX61002.1_264 [locus_tag=BCR36DRAFT_365587] [db_xref=InterPro:IPR001452,InterPro:IPR001849,InterPro:IPR011510,JGIDB:Pirfi3_365587] [protein=hypothetical protein] [protein_id=ORX61002.1] [location=join(1363622..1363672,1363775..1363861,1364043..1365533,1365640..1366377,1366534..1367838)] [gbkey=CDS]",0.0220949263502455,0.028641571194762683,0.11947626841243862,0.049099836333878884,0.004909983633387889,0.057283142389525366,0.05319148936170213,0.031914893617021274,0.016366612111292964,0.06137479541734861,0.06382978723404255,0.09901800327332243,0.03600654664484452,0.027004909983633387,0.054009819967266774,0.11620294599018004,0.060556464811783964,0.006546644844517185,0.05319148936170213,0.03927986906710311
"lcl|MCFH01000001.1_cds_ORX61003.1_265 [locus_tag=BCR36DRAFT_401279] [db_xref=InterPro:IPR001925,JGIDB:Pirfi3_401279] [protein=hypothetical protein] [protein_id=ORX61003.1] [location=complement(join(1369259..1369336,1369472..1370278,1370446..1370600,1370704..1370794))] [gbkey=CDS]",0.07466666666666667,0.04,0.058666666666666666,0.037333333333333336,0.005333333333333333,0.042666666666666665,0.058666666666666666,0.072,0.034666666666666665,0.05333333333333334,0.088,0.058666666666666666,0.013333333333333334,0.06133333333333333,0.07733333333333334,0.06933333333333333,0.06133333333333333,0.0026666666666666666,0.048,0.042666666666666665
"lcl|MCFH01000001.1_cds_ORX61004.1_266 [locus_tag=BCR36DRAFT_394153] [db_xref=InterPro:IPR000195,JGIDB:Pirfi3_394153] [protein=RabGAP/TBC] [protein_id=ORX61004.1] [location=complement(join(1372043..1372261,1372342..1372469,1372542..1372617,1372698..1372804,1372872..1372986,1373083..1373148,1373241..1373369,1373841..1373911,1374052..1374127))] [gbkey=CDS]",0.039755351681957186,0.045871559633027525,0.05504587155963303,0.07951070336391437,0.01529051987767584,0.05504587155963303,0.0581039755351682,0.03058103975535168,0.027522935779816515,0.07339449541284404,0.11314984709480122,0.06116207951070336,0.027522935779816515,0.05504587155963303,0.039755351681957186,0.06422018348623854,0.039755351681957186,0.027522935779816515,0.05198776758409786,0.039755351681957186
"lcl|MCFH01000001.1_cds_ORX61005.1_267 [locus_tag=BCR36DRAFT_579072] [db_xref=JGIDB:Pirfi3_579072] [protein=hypothetical protein] [protein_id=ORX61005.1] [location=complement(join(1377434..1378318,1378408..1378573,1378655..1378772,1378885..1379223,1379310..1379401,1379498..1379676,1379748..1379932,1380052..1380191,1380293..1380595,1380681..1380762,1380841..1380951,1381050..1381227,1381325..1381517,1381608..1381714,1381835..1381970,1382068..1382227,1382319..1382464,1382544..1382608))] [gbkey=CDS]",0.03269069572506287,0.03436714165968147,0.08382229673093043,0.057837384744341996,0.020955574182732608,0.039396479463537304,0.08298407376362113,0.020955574182732608,0.020117351215423303,0.09220452640402348,0.11567476948868399,0.08801341156747695,0.01592623637887678,0.05113160100586756,0.028499580888516344,0.08214585079631181,0.04945515507124895,0.01173512154233026,0.036881810561609385,0.03520536462699078
"lcl|MCFH01000001.1_cds_ORX61006.1_268 [locus_tag=BCR36DRAFT_315125] [db_xref=JGIDB:Pirfi3_315125] [protein=hypothetical protein] [frame=3] [partial=5'] [protein_id=ORX61006.1] [location=complement(join(1384460..1385152,1385285..1386066,1386203..1386587,1386727..>1386854))] [gbkey=CDS]",0.022727272727272728,0.031818181818181815,0.11060606060606061,0.05606060606060606,0.025757575757575757,0.03484848484848485,0.06666666666666667,0.019696969696969695,0.010606060606060607,0.12727272727272726,0.10303030303030303,0.08636363636363636,0.022727272727272728,0.07575757575757576,0.021212121212121213,0.06666666666666667,0.03787878787878788,0.0015151515151515152,0.05606060606060606,0.022727272727272728
"lcl|MCFH01000001.1_cds_ORX61008.1_270 [locus_tag=BCR36DRAFT_365594] [db_xref=JGIDB:Pirfi3_365594] [protein=hypothetical protein] [protein_id=ORX61008.1] [location=complement(join(1389699..1390061,1390223..1390267))] [gbkey=CDS]",0.014925373134328358,0.014925373134328358,0.22388059701492538,0.05970149253731343,0.029850746268656716,0.03731343283582089,0.08208955223880597,0.03731343283582089,0,0.06716417910447761,0.08955223880597014,0.16417910447761194,0,0.03731343283582089,0.007462686567164179,0.05970149253731343,0.04477611940298507,0,0.007462686567164179,0.022388059701492536
"lcl|MCFH01000001.1_cds_ORX61009.1_271 [locus_tag=BCR36DRAFT_341151] [db_xref=InterPro:IPR001680,JGIDB:Pirfi3_341151] [protein=WD40 repeat-like protein] [protein_id=ORX61009.1] [location=complement(join(1391741..1392214,1392288..1393136,1393385..1394125))] [gbkey=CDS]",0.04227405247813411,0.04956268221574344,0.09620991253644315,0.048104956268221574,0.016034985422740525,0.027696793002915453,0.03644314868804665,0.04664723032069971,0.014577259475218658,0.07725947521865889,0.0728862973760933,0.09329446064139942,0.008746355685131196,0.026239067055393587,0.04227405247813411,0.1326530612244898,0.07142857142857142,0.023323615160349854,0.033527696793002916,0.04081632653061224
"lcl|MCFH01000001.1_cds_ORX61010.1_272 [locus_tag=BCR36DRAFT_579075] [db_xref=InterPro:IPR000182,JGIDB:Pirfi3_579075] [protein=acyl-CoA N-acyltransferase] [protein_id=ORX61010.1] [location=join(1394515..1394642,1394797..1394833,1394918..1395041,1395122..1395177,1395247..1395456)] [gbkey=CDS]",0.0273224043715847,0.04371584699453552,0.09289617486338798,0.04918032786885246,0.02185792349726776,0.01639344262295082,0.09289617486338798,0.03825136612021858,0.01639344262295082,0.08196721311475409,0.1092896174863388,0.08196721311475409,0.0273224043715847,0.03278688524590164,0.03278688524590164,0.06557377049180328,0.03278688524590164,0.00546448087431694,0.08196721311475409,0.04918032786885246
"lcl|MCFH01000001.1_cds_ORX61011.1_273 [locus_tag=BCR36DRAFT_315137] [db_xref=JGIDB:Pirfi3_315137] [protein=cytoplasmic protein] [protein_id=ORX61011.1] [location=join(1395919..1396054,1396154..1396201,1396277..1396314,1396413..1396491,1396616..1396692)] [gbkey=CDS]",0.03225806451612903,0.024193548387096774,0.056451612903225805,0.08870967741935484,0.008064516129032258,0.008064516129032258,0.07258064516129033,0.03225806451612903,0.03225806451612903,0.0967741935483871,0.08870967741935484,0.12903225806451613,0.008064516129032258,0.07258064516129033,0.016129032258064516,0.06451612903225806,0.08064516129032258,0.016129032258064516,0.04032258064516129,0.03225806451612903
"lcl|MCFH01000001.1_cds_ORX61012.1_274 [locus_tag=BCR36DRAFT_407997] [db_xref=InterPro:IPR000253,InterPro:IPR001357,JGIDB:Pirfi3_407997] [protein=hypothetical protein] [protein_id=ORX61012.1] [location=join(1397262..1397289,1397382..1397432,1397549..1397634,1397724..1397866,1397928..1398013,1398119..1398296,1398375..1398498,1398582..1398778,1398880..1399537,1399668..1400070,1400263..1401020)] [gbkey=CDS]",0.015521064301552107,0.015521064301552107,0.17849223946784923,0.09090909090909091,0.005543237250554324,0.024390243902439025,0.06762749445676275,0.017738359201773836,0.008869179600886918,0.10975609756097561,0.06762749445676275,0.11751662971175167,0.011086474501108648,0.04434589800443459,0.013303769401330377,0.082039911308204,0.058758314855875834,0.007760532150776054,0.026607538802660754,0.036585365853658534
"lcl|MCFH01000001.1_cds_ORX61013.1_275 [locus_tag=BCR36DRAFT_341161] [db_xref=JGIDB:Pirfi3_341161] [protein=hypothetical protein] [protein_id=ORX61013.1] [location=join(1401573..1401755,1401854..1402076,1402166..1402744,1402882..1403140,1403268..1403370)] [gbkey=CDS]",0.02237136465324385,0.03355704697986577,0.10514541387024609,0.05592841163310962,0.024608501118568233,0.03803131991051454,0.08501118568232663,0.017897091722595078,0.015659955257270694,0.06711409395973154,0.09395973154362416,0.0894854586129754,0.02237136465324385,0.0447427293064877,0.049217002237136466,0.08277404921700224,0.053691275167785234,0.011185682326621925,0.042505592841163314,0.0447427293064877
"lcl|MCFH01000001.1_cds_ORX61014.1_276 [locus_tag=BCR36DRAFT_407999] [db_xref=InterPro:IPR001715,JGIDB:Pirfi3_407999] [protein=hypothetical protein] [protein_id=ORX61014.1] [location=join(1405171..1405710,1405841..1414335,1414425..1414455)] [gbkey=CDS]",0.02682119205298013,0.04867549668874172,0.09072847682119205,0.06026490066225165,0.008278145695364239,0.046357615894039736,0.10264900662251655,0.022516556291390728,0.017218543046357615,0.09039735099337748,0.09503311258278145,0.0870860927152318,0.015562913907284768,0.03145695364238411,0.0228476821192053,0.09635761589403974,0.04470198675496689,0.01390728476821192,0.030132450331125826,0.04900662251655629
"lcl|MCFH01000001.1_cds_ORX61015.1_277 [locus_tag=BCR36DRAFT_401287] [db_xref=InterPro:IPR009563,JGIDB:Pirfi3_401287] [protein=hypothetical protein] [protein_id=ORX61015.1] [location=join(1415442..1415510,1415617..1415649,1415748..1415832,1415947..1415988,1416119..1416270,1416363..1416415,1416495..1416672,1416741..1416986)] [gbkey=CDS]",0.035211267605633804,0.01056338028169014,0.09507042253521127,0.045774647887323945,0.04225352112676056,0.045774647887323945,0.11267605633802817,0.02112676056338028,0.007042253521126761,0.08450704225352113,0.07042253521126761,0.14788732394366197,0.028169014084507043,0.03169014084507042,0.035211267605633804,0.07746478873239436,0.056338028169014086,0.0035211267605633804,0.014084507042253521,0.035211267605633804
"lcl|MCFH01000001.1_cds_ORX61016.1_278 [locus_tag=BCR36DRAFT_315148] [db_xref=InterPro:IPR000357,JGIDB:Pirfi3_315148] [protein=ARM repeat-containing protein] [protein_id=ORX61016.1] [location=complement(join(1417374..1417613,1417720..1417787,1417888..1420006,1420106..1421365,1421463..1421567,1421698..1421807,1421898..1422107,1422207..1422308,1422410..1422494,1422571..1422683,1422767..1423001,1423225..1423296,1423386..1423580,1423662..1423823,1423888..1423977,1424088..1424189,1424333..1424446,1424536..1424648,1424725..1424923,1425050..1425140,1425239..1425318,1425386..1425512,1425630..1425826,1425961..1426017))] [gbkey=CDS]",0.047596153846153844,0.03990384615384615,0.08413461538461539,0.05144230769230769,0.014423076923076924,0.041346153846153845,0.06346153846153846,0.03942307692307692,0.0125,0.08269230769230769,0.09567307692307692,0.08269230769230769,0.03125,0.026442307692307692,0.04807692307692308,0.10288461538461538,0.04855769230769231,0.006730769230769231,0.02548076923076923,0.055288461538461536
"lcl|MCFH01000001.1_cds_ORX61017.1_279 [locus_tag=BCR36DRAFT_394163] [db_xref=JGIDB:Pirfi3_394163] [protein=Dbl homology domain-containing protein] [protein_id=ORX61017.1] [location=complement(join(1426988..1427361,1427507..1427720,1427811..1428003,1428117..1428289,1428392..1428475,1428559..1428645))] [gbkey=CDS]",0.02680965147453083,0.03485254691689008,0.08042895442359249,0.05630026809651475,0.024128686327077747,0.021447721179624665,0.07506702412868632,0.02680965147453083,0.013404825737265416,0.09651474530831099,0.10187667560321716,0.1126005361930295,0.024128686327077747,0.05361930294906166,0.024128686327077747,0.09115281501340483,0.05361930294906166,0.00804289544235925,0.03485254691689008,0.040214477211796246
"lcl|MCFH01000001.1_cds_ORX61018.1_280 [locus_tag=BCR36DRAFT_394165] [db_xref=InterPro:IPR002219,JGIDB:Pirfi3_394165] [protein=hypothetical protein] [protein_id=ORX61018.1] [location=complement(join(1428951..1429051,1429127..1429322,1429408..1429686,1429768..1429856,1429956..1430100,1430200..1430388,1430454..1430620,1430836..1431229,1431310..1431351))] [gbkey=CDS]",0.02819548872180451,0.02819548872180451,0.09774436090225563,0.05075187969924812,0.015037593984962405,0.03195488721804511,0.08082706766917293,0.03195488721804511,0.011278195488721804,0.11090225563909774,0.08646616541353383,0.12406015037593984,0.02443609022556391,0.045112781954887216,0.013157894736842105,0.09210526315789473,0.03383458646616541,0.0018796992481203006,0.04887218045112782,0.043233082706766915
"lcl|MCFH01000001.1_cds_ORX61019.1_281 [locus_tag=BCR36DRAFT_272286] [db_xref=JGIDB:Pirfi3_272286] [protein=hypothetical protein] [protein_id=ORX61019.1] [location=complement(join(1431298..1431731,1431842..1432616))] [gbkey=CDS]",0.022443890274314215,0.017456359102244388,0.16957605985037408,0.08478802992518704,0.0024937655860349127,0.014962593516209476,0.10723192019950124,0.012468827930174564,0.014962593516209476,0.09725685785536159,0.06982543640897755,0.09226932668329177,0.012468827930174564,0.05486284289276808,0.00997506234413965,0.09725685785536159,0.04488778054862843,0.0024937655860349127,0.04488778054862843,0.02743142144638404
"lcl|MCFH01000001.1_cds_ORX61020.1_282 [locus_tag=BCR36DRAFT_341175] [db_xref=JGIDB:Pirfi3_341175] [protein=hypothetical protein] [protein_id=ORX61020.1] [location=join(1433414..1433467,1433579..1433634,1433716..1433726,1433801..1433873,1433949..1434060)] [gbkey=CDS]",0.06,0.05,0.1,0,0.01,0,0.05,0.16,0,0.09,0.1,0.05,0.02,0.07,0.02,0.12,0.04,0,0.02,0.04
"lcl|MCFH01000001.1_cds_ORX61021.1_283 [locus_tag=BCR36DRAFT_315160] [db_xref=InterPro:IPR001138,JGIDB:Pirfi3_315160] [protein=hypothetical protein] [protein_id=ORX61021.1] [location=join(1436421..1437648,1437787..1437873,1437946..1438145,1438237..1438405,1438543..1439291)] [gbkey=CDS]",0.032138442521631644,0.029666254635352288,0.15822002472187885,0.06674907292954264,0.018541409147095178,0.0519159456118665,0.04697156983930779,0.029666254635352288,0.014833127317676144,0.07416563658838071,0.05315203955500618,0.0815822002472188,0.012360939431396786,0.022249690976514216,0.038318912237330034,0.11866501854140915,0.07292954264524104,0.002472187886279357,0.0407911001236094,0.034610630407911
"lcl|MCFH01000001.1_cds_ORX61022.1_284 [locus_tag=BCR36DRAFT_408006] [db_xref=JGIDB:Pirfi3_408006] [protein=hypothetical protein] [protein_id=ORX61022.1] [location=complement(join(1439848..1439955,1440069..1440190,1440261..1440435,1440560..1440699,1440782..1440848,1441012..1441128,1441200..1441361))] [gbkey=CDS]",0.020338983050847456,0.061016949152542375,0.13220338983050847,0.06440677966101695,0.010169491525423728,0.05084745762711865,0.08813559322033898,0.003389830508474576,0.01694915254237288,0.1016949152542373,0.0711864406779661,0.13220338983050847,0.006779661016949152,0.030508474576271188,0.020338983050847456,0.09152542372881356,0.023728813559322035,0,0.04067796610169491,0.03389830508474576
"lcl|MCFH01000001.1_cds_ORX61024.1_286 [locus_tag=BCR36DRAFT_408009] [db_xref=InterPro:IPR007087,JGIDB:Pirfi3_408009] [protein=hypothetical protein] [protein_id=ORX61024.1] [location=complement(join(1447243..1448162,1448235..1448766))] [gbkey=CDS]",0.026970954356846474,0.01867219917012448,0.10580912863070539,0.024896265560165973,0.01037344398340249,0.2074688796680498,0.024896265560165973,0.026970954356846474,0.026970954356846474,0.056016597510373446,0.04979253112033195,0.03319502074688797,0.014522821576763486,0.026970954356846474,0.056016597510373446,0.13485477178423236,0.07261410788381743,0.002074688796680498,0.058091286307053944,0.022821576763485476
"lcl|MCFH01000001.1_cds_ORX61025.1_287 [locus_tag=BCR36DRAFT_272524] [db_xref=InterPro:IPR001374,JGIDB:Pirfi3_272524] [protein=hypothetical protein] [protein_id=ORX61025.1] [location=complement(join(1463954..1464060,1464160..1464840,1464977..1465152,1465238..1465302))] [gbkey=CDS]",0.02346041055718475,0.05278592375366569,0.10263929618768329,0.05278592375366569,0.005865102639296188,0.05571847507331378,0.07917888563049853,0.02932551319648094,0.01466275659824047,0.10263929618768329,0.07038123167155426,0.14076246334310852,0.005865102639296188,0.04398826979472141,0.02346041055718475,0.07331378299120235,0.03812316715542522,0.008797653958944282,0.04398826979472141,0.03225806451612903
"lcl|MCFH01000001.1_cds_ORX61026.1_288 [locus_tag=BCR36DRAFT_341184] [db_xref=JGIDB:Pirfi3_341184] [protein=hypothetical protein] [protein_id=ORX61026.1] [location=complement(join(1466637..1467670,1467786..1467876,1467970..1468106,1468204..1468389,1468514..1468604,1468710..1468757,1468853..1468898,1468991..1469273,1469388..1469604,1469815..1470048,1470145..1471011,1471102..1471170))] [gbkey=CDS]",0.017288444040036398,0.01637852593266606,0.1492265696087352,0.07734303912647862,0.00545950864422202,0.036396724294813464,0.13102820746132848,0.012738853503184714,0.00818926296633303,0.10646041856232939,0.09190172884440401,0.1091901728844404,0.023657870791628753,0.026387625113739762,0.01091901728844404,0.08644222020018198,0.03548680618744313,0.0018198362147406734,0.020928116469517744,0.03275705186533212
"lcl|MCFH01000001.1_cds_ORX61027.1_289 [locus_tag=BCR36DRAFT_315169] [db_xref=InterPro:IPR001580,JGIDB:Pirfi3_315169] [protein=calreticulin] [protein_id=ORX61027.1] [location=join(1473249..1473395,1473553..1473592,1473690..1474117,1474208..1474254,1474460..1474560,1474647..1474711,1474800..1474853,1475064..1475531)] [gbkey=CDS]",0.03571428571428571,0.020089285714285716,0.06473214285714286,0.11607142857142858,0.004464285714285714,0.03794642857142857,0.10714285714285714,0.029017857142857144,0.013392857142857142,0.0625,0.05803571428571429,0.109375,0.011160714285714286,0.060267857142857144,0.05133928571428571,0.05803571428571429,0.044642857142857144,0.020089285714285716,0.05580357142857143,0.04017857142857143
"lcl|MCFH01000001.1_cds_ORX61028.1_290 [locus_tag=BCR36DRAFT_341190] [db_xref=InterPro:IPR002048,JGIDB:Pirfi3_341190] [protein=hypothetical protein] [protein_id=ORX61028.1] [location=join(1476715..1477036,1477184..1477516,1477630..1477785,1477906..1477988,1478078..1478204,1478304..1478377,1478482..1478607,1478694..1479180,1479340..1479818,1479897..1480019,1480129..1480411,1480524..1480726)] [gbkey=CDS]",0.02903225806451613,0.041935483870967745,0.08387096774193549,0.07096774193548387,0.016129032258064516,0.03333333333333333,0.05913978494623656,0.023655913978494623,0.01935483870967742,0.0967741935483871,0.08602150537634409,0.1010752688172043,0.010752688172043012,0.05591397849462366,0.03333333333333333,0.07311827956989247,0.046236559139784944,0.005376344086021506,0.060215053763440864,0.053763440860215055
"lcl|MCFH01000001.1_cds_ORX61030.1_292 [locus_tag=BCR36DRAFT_341194] [db_xref=JGIDB:Pirfi3_341194] [protein=hypothetical protein] [protein_id=ORX61030.1] [location=join(1489482..1489656,1489765..1490177)] [gbkey=CDS]",0.02577319587628866,0.030927835051546393,0.08247422680412371,0.06701030927835051,0.08247422680412371,0.030927835051546393,0.05670103092783505,0.03608247422680412,0.015463917525773196,0.1134020618556701,0.06701030927835051,0.09278350515463918,0.005154639175257732,0.030927835051546393,0.020618556701030927,0.06701030927835051,0.005154639175257732,0.015463917525773196,0.07216494845360824,0.08247422680412371
"lcl|MCFH01000001.1_cds_ORX61031.1_293 [locus_tag=BCR36DRAFT_341197] [db_xref=JGIDB:Pirfi3_341197] [protein=hypothetical protein] [protein_id=ORX61031.1] [location=complement(join(1491020..1491591,1491691..1491777,1491863..1492007,1492109..1492284,1492378..1492636,1492717..1492941,1493063..1493089))] [gbkey=CDS]",0.020202020202020204,0.022222222222222223,0.12323232323232323,0.050505050505050504,0.024242424242424242,0.01818181818181818,0.052525252525252523,0.030303030303030304,0.014141414141414142,0.13333333333333333,0.11515151515151516,0.07676767676767676,0.01616161616161616,0.052525252525252523,0.01616161616161616,0.07878787878787878,0.046464646464646465,0.006060606060606061,0.07272727272727272,0.030303030303030304
"lcl|MCFH01000001.1_cds_ORX61032.1_294 [locus_tag=BCR36DRAFT_579093] [db_xref=InterPro:IPR001813,JGIDB:Pirfi3_579093] [protein=hypothetical protein] [protein_id=ORX61032.1] [location=join(1494140..1494208,1494553..1494676,1494785..1494901,1494997..1495010)] [gbkey=CDS]",0.2358490566037736,0,0.05660377358490566,0.05660377358490566,0.009433962264150943,0.03773584905660377,0.12264150943396226,0.0660377358490566,0,0.03773584905660377,0.0660377358490566,0.03773584905660377,0.009433962264150943,0.03773584905660377,0.018867924528301886,0.0660377358490566,0.03773584905660377,0,0.018867924528301886,0.08490566037735849
"lcl|MCFH01000001.1_cds_ORX61033.1_295 [locus_tag=BCR36DRAFT_579094] [db_xref=JGIDB:Pirfi3_579094] [protein=hypothetical protein] [protein_id=ORX61033.1] [location=complement(join(1495231..1495369,1495529..1495653,1495722..1495822,1495969..1496056,1496200..1496310,1497549..1497655,1497903..1497909))] [gbkey=CDS]",0.07142857142857142,0.049107142857142856,0.05803571428571429,0.05803571428571429,0.004464285714285714,0.07589285714285714,0.08928571428571429,0.03571428571428571,0.008928571428571428,0.11607142857142858,0.09375,0.06696428571428571,0.044642857142857144,0.022321428571428572,0.013392857142857142,0.07142857142857142,0.044642857142857144,0.004464285714285714,0.013392857142857142,0.05803571428571429
"lcl|MCFH01000001.1_cds_ORX61034.1_296 [locus_tag=BCR36DRAFT_5638] [db_xref=InterPro:IPR007087,JGIDB:Pirfi3_5638] [protein=hypothetical protein] [protein_id=ORX61034.1] [location=complement(join(1499088..1499244,1499347..1499992,1500111..1500281,1500562..1501156))] [gbkey=CDS]",0.013435700575815739,0.04030710172744722,0.22264875239923224,0.05182341650671785,0.02111324376199616,0.03262955854126679,0.046065259117082535,0.023032629558541268,0.015355086372360844,0.09021113243761997,0.044145873320537425,0.1036468330134357,0.030710172744721688,0.026871401151631478,0.030710172744721688,0.09213051823416507,0.04030710172744722,0,0.0345489443378119,0.04030710172744722
lcl|MCFH01000001.1_cds_ORX61035.1_297 [locus_tag=BCR36DRAFT_5645] [db_xref=JGIDB:Pirfi3_5645] [protein=hypothetical protein] [protein_id=ORX61035.1] [location=complement(1502347..1503366)] [gbkey=CDS],0.011834319526627219,0.023668639053254437,0.2869822485207101,0.05325443786982249,0.0029585798816568047,0.01775147928994083,0.05621301775147929,0.011834319526627219,0.0029585798816568047,0.1390532544378698,0.04142011834319527,0.05029585798816568,0.008875739644970414,0.04437869822485207,0.023668639053254437,0.08579881656804733,0.06804733727810651,0,0.05029585798816568,0.020710059171597635
"lcl|MCFH01000001.1_cds_ORX61036.1_298 [locus_tag=BCR36DRAFT_365620] [db_xref=InterPro:IPR000504,InterPro:IPR007042,InterPro:IPR007087,JGIDB:Pirfi3_365620] [protein=hypothetical protein] [protein_id=ORX61036.1] [location=complement(join(1505595..1505679,1506265..1507028,1507362..1507589,1507674..1507814,1507923..1508250,1508337..1508527))] [gbkey=CDS]",0.036395147313691506,0.0415944540727903,0.0658578856152513,0.07972270363951472,0.012131715771230503,0.025996533795493933,0.10051993067590988,0.04852686308492201,0.024263431542461005,0.053726169844020795,0.060658578856152515,0.11785095320623917,0.0415944540727903,0.03986135181975736,0.04852686308492201,0.06239168110918544,0.043327556325823226,0.005199306759098787,0.04852686308492201,0.043327556325823226
"lcl|MCFH01000001.1_cds_ORX61037.1_299 [locus_tag=BCR36DRAFT_5684] [db_xref=JGIDB:Pirfi3_5684] [protein=hypothetical protein] [protein_id=ORX61037.1] [location=complement(join(1508624..1508721,1508816..1508824,1508923..1509024,1509191..1509353))] [gbkey=CDS]",0.02459016393442623,0.18032786885245902,0.08196721311475409,0.11475409836065574,0,0.00819672131147541,0.04918032786885246,0.06557377049180328,0.00819672131147541,0.02459016393442623,0.01639344262295082,0.05737704918032787,0.04918032786885246,0.01639344262295082,0.040983606557377046,0.1557377049180328,0.00819672131147541,0.00819672131147541,0.08196721311475409,0.00819672131147541
"lcl|MCFH01000001.1_cds_ORX61039.1_301 [locus_tag=BCR36DRAFT_579097] [db_xref=InterPro:IPR013126,JGIDB:Pirfi3_579097] [protein=er hsp70 chaperone] [protein_id=ORX61039.1] [location=1518624..1520612] [gbkey=CDS]",0.07110438729198185,0.03177004538577912,0.048411497730711045,0.07564296520423601,0.0015128593040847202,0.036308623298033284,0.08774583963691376,0.07866868381240545,0.01059001512859304,0.07715582450832073,0.07715582450832073,0.09833585476550681,0.012102874432677761,0.037821482602118005,0.03328290468986384,0.060514372163388806,0.060514372163388806,0.0015128593040847202,0.0226928895612708,0.07715582450832073
"lcl|MCFH01000001.1_cds_ORX61040.1_302 [locus_tag=BCR36DRAFT_579105] [db_xref=InterPro:IPR002110,JGIDB:Pirfi3_579105] [protein=hypothetical protein] [protein_id=ORX61040.1] [location=join(1556052..1556208,1556334..1556405,1556493..1556607,1556861..1557095,1557293..1559347)] [gbkey=CDS]",0.02968036529680365,0.05593607305936073,0.0958904109589041,0.04223744292237443,0.003424657534246575,0.04223744292237443,0.030821917808219176,0.03995433789954338,0.019406392694063926,0.05365296803652968,0.06278538812785388,0.06735159817351598,0.010273972602739725,0.02054794520547945,0.0593607305936073,0.22488584474885845,0.05136986301369863,0,0.05136986301369863,0.03881278538812785
"lcl|MCFH01000001.1_cds_ORX61041.1_303 [locus_tag=BCR36DRAFT_341210] [db_xref=InterPro:IPR004331,JGIDB:Pirfi3_341210] [protein=hypothetical protein] [protein_id=ORX61041.1] [location=complement(join(1560639..1560878,1561071..1561634,1561819..1561979,1562104..1562326,1562542..1562733,1562816..1562915,1563079..1563137))] [gbkey=CDS]",0.03131115459882583,0.04500978473581213,0.08806262230919765,0.06262230919765166,0.009784735812133072,0.033268101761252444,0.08610567514677103,0.033268101761252444,0.01761252446183953,0.07632093933463796,0.09784735812133072,0.1095890410958904,0.009784735812133072,0.05283757338551859,0.04500978473581213,0.046966731898238745,0.03913894324853229,0.011741682974559686,0.05675146771037182,0.046966731898238745
"lcl|MCFH01000001.1_cds_ORX61042.1_304 [locus_tag=BCR36DRAFT_315195] [db_xref=InterPro:IPR005814,JGIDB:Pirfi3_315195] [protein=acetylornithine and succinylornithine aminotransferase] [protein_id=ORX61042.1] [location=complement(join(1573234..1574108,1574231..1574609,1574715..1574765,1574871..1574963))] [gbkey=CDS]",0.07543103448275862,0.028017241379310345,0.05818965517241379,0.04310344827586207,0.008620689655172414,0.03017241379310345,0.05818965517241379,0.08405172413793104,0.023706896551724137,0.09267241379310345,0.08836206896551724,0.09482758620689655,0.00646551724137931,0.040948275862068964,0.04525862068965517,0.0625,0.0668103448275862,0,0.034482758620689655,0.05818965517241379
"lcl|MCFH01000001.1_cds_ORX61043.1_305 [locus_tag=BCR36DRAFT_579112] [db_xref=InterPro:IPR002100,JGIDB:Pirfi3_579112] [protein=hypothetical protein] [protein_id=ORX61043.1] [location=complement(join(1581063..1582240,1582326..1582359))] [gbkey=CDS]",0.04228855721393035,0.04477611940298507,0.08208955223880597,0.029850746268656716,0.0024875621890547263,0.11194029850746269,0.03233830845771144,0.024875621890547265,0.024875621890547265,0.04975124378109453,0.04228855721393035,0.04477611940298507,0.017412935323383085,0.014925373134328358,0.10199004975124377,0.14676616915422885,0.1044776119402985,0,0.04975124378109453,0.03233830845771144
"lcl|MCFH01000001.1_cds_ORX61044.1_306 [locus_tag=BCR36DRAFT_341218] [db_xref=InterPro:IPR001650,InterPro:IPR006575,InterPro:IPR007502,InterPro:IPR011545,InterPro:IPR011709,JGIDB:Pirfi3_341218] [protein=P-loop containing nucleoside triphosphate hydrolase protein] [protein_id=ORX61044.1] [location=complement(join(1592131..1592261,1592412..1592642,1592759..1592954,1593073..1593141,1593262..1593382,1593561..1593817,1593916..1594210,1594306..1594752,1594954..1596254,1596407..1596495,1596638..1596809,1596917..1597266,1597358..1597487,1597606..1597663,1598023..1598179,1598294..1598309))] [gbkey=CDS]",0.03811659192825112,0.044095665171898356,0.07399103139013453,0.061285500747384154,0.014947683109118086,0.026905829596412557,0.08071748878923767,0.03961136023916293,0.02092675635276532,0.08594917787742899,0.08893871449925261,0.10463378176382661,0.02092675635276532,0.033632286995515695,0.03811659192825112,0.0687593423019432,0.061285500747384154,0.006726457399103139,0.04110612855007474,0.04932735426008968
"lcl|MCFH01000001.1_cds_ORX61045.1_307 [locus_tag=BCR36DRAFT_579114] [db_xref=JGIDB:Pirfi3_579114] [protein=hypothetical protein] [protein_id=ORX61045.1] [location=join(1600555..1601240,1601391..1602064,1602185..1603597,1603866..1604119)] [gbkey=CDS]",0.026812313803376366,0.10526315789473684,0.11916583912611718,0.0605759682224429,9.930486593843098e-4,0.047666335650446874,0.06752730883813307,0.041708043694141016,0.00893743793445879,0.038728897715988087,0.04865938430983118,0.04369414101290963,0.020854021847070508,0.018867924528301886,0.1221449851042701,0.13803376365441908,0.024826216484607744,9.930486593843098e-4,0.03773584905660377,0.026812313803376366
"lcl|MCFH01000001.1_cds_ORX61046.1_308 [locus_tag=BCR36DRAFT_315206] [db_xref=JGIDB:Pirfi3_315206] [protein=ribosomal protein L1] [protein_id=ORX61046.1] [location=join(1605000..1605026,1605234..1605382,1605539..1605653,1605789..1605937,1606095..1606193,1606335..1606518)] [gbkey=CDS]",0.04184100418410042,0.03765690376569038,0.0502092050209205,0.06694560669456066,0.0041841004184100415,0.02510460251046025,0.06694560669456066,0.03347280334728033,0.02092050209205021,0.1087866108786611,0.09205020920502092,0.13807531380753138,0.008368200836820083,0.04184100418410042,0.03765690376569038,0.058577405857740586,0.0502092050209205,0.0041841004184100415,0.0502092050209205,0.06276150627615062
lcl|MCFH01000001.1_cds_ORX61047.1_309 [locus_tag=BCR36DRAFT_365631] [db_xref=JGIDB:Pirfi3_365631] [protein=hypothetical protein] [protein_id=ORX61047.1] [location=complement(1607670..1610060)] [gbkey=CDS],0.04779874213836478,0.05786163522012579,0.10062893081761007,0.052830188679245285,0.012578616352201259,0.042767295597484274,0.07044025157232704,0.031446540880503145,0.018867924528301886,0.06918238993710692,0.06918238993710692,0.04025157232704402,0.03018867924528302,0.03018867924528302,0.04779874213836478,0.10566037735849057,0.055345911949685536,0.021383647798742137,0.0389937106918239,0.05660377358490566
"lcl|MCFH01000001.1_cds_ORX61048.1_310 [locus_tag=BCR36DRAFT_315211] [db_xref=InterPro:IPR008384,JGIDB:Pirfi3_315211] [protein=ARP23 complex 20 kDa subunit] [protein_id=ORX61048.1] [location=join(1615516..1615518,1616392..1616510,1616627..1616834,1616990..1617132,1617237..1617264,1617357..1617368)] [gbkey=CDS]",0.0650887573964497,0.047337278106508875,0.07692307692307693,0.023668639053254437,0.011834319526627219,0.03550295857988166,0.10650887573964497,0.011834319526627219,0.023668639053254437,0.08875739644970414,0.10650887573964497,0.08875739644970414,0.023668639053254437,0.05917159763313609,0.029585798816568046,0.0650887573964497,0.04142011834319527,0,0.01775147928994083,0.07692307692307693
"lcl|MCFH01000001.1_cds_ORX61049.1_311 [locus_tag=BCR36DRAFT_341229] [db_xref=JGIDB:Pirfi3_341229] [protein=hypothetical protein] [protein_id=ORX61049.1] [location=join(1619299..1619634,1619740..1619959,1620098..1620675,1620806..1622242)] [gbkey=CDS]",0.021052631578947368,0.03391812865497076,0.16842105263157894,0.05847953216374269,0.011695906432748537,0.0152046783625731,0.047953216374269005,0.023391812865497075,0.031578947368421054,0.10058479532163743,0.056140350877192984,0.07719298245614035,0.014035087719298246,0.044444444444444446,0.0304093567251462,0.10877192982456141,0.03859649122807018,0.011695906432748537,0.07017543859649122,0.03625730994152047
"lcl|MCFH01000001.1_cds_ORX61050.1_312 [locus_tag=BCR36DRAFT_315215] [db_xref=InterPro:IPR001163,JGIDB:Pirfi3_315215] [protein=Sm-like ribonucleo protein] [protein_id=ORX61050.1] [location=complement(join(1622676..1622699,1622820..1622873,1622958..1623042,1623144..1623154,1623405..1623530))] [gbkey=CDS]",0.02040816326530612,0.09183673469387756,0.061224489795918366,0.08163265306122448,0.01020408163265306,0.04081632653061224,0.12244897959183673,0.05102040816326531,0.030612244897959183,0.061224489795918366,0.10204081632653061,0.030612244897959183,0.030612244897959183,0.02040816326530612,0.04081632653061224,0.030612244897959183,0.04081632653061224,0,0.030612244897959183,0.10204081632653061
"lcl|MCFH01000001.1_cds_ORX61053.1_315 [locus_tag=BCR36DRAFT_365636] [db_xref=JGIDB:Pirfi3_365636] [protein=EF-hand calcium-binding domain-containing protein 10-like protein] [protein_id=ORX61053.1] [location=complement(join(1629293..1629332,1629412..1629502,1629608..1629713,1629803..1629852,1629986..1630056,1630382..1630458))] [gbkey=CDS]",0.04895104895104895,0.006993006993006993,0.06293706293706294,0.027972027972027972,0,0.027972027972027972,0.1048951048951049,0.03496503496503497,0.02097902097902098,0.1048951048951049,0.08391608391608392,0.13286713286713286,0.027972027972027972,0.04895104895104895,0.04195804195804196,0.055944055944055944,0.06993006993006994,0,0.055944055944055944,0.04195804195804196
"lcl|MCFH01000001.1_cds_ORX61054.1_316 [locus_tag=BCR36DRAFT_408034] [db_xref=JGIDB:Pirfi3_408034] [protein=hypothetical protein] [protein_id=ORX61054.1] [location=join(1631240..1631411,1631541..1631603,1631783..1631915,1632005..1632099,1632196..1632335,1632428..1632528,1632622..1632709,1632791..1632889,1632963..1633170,1633256..1633560,1633678..1633834,1633937..1634059,1634205..1634542,1634633..1634704,1634790..1634931,1635019..1635125,1635219..1635389,1635472..1635621,1635772..1636134)] [gbkey=CDS]",0.026812313803376366,0.025819265143992055,0.08738828202581926,0.06554121151936444,0.016881827209533268,0.026812313803376366,0.07845084409136048,0.024826216484607744,0.006951340615690168,0.1300893743793446,0.11420059582919563,0.08639523336643495,0.01787487586891758,0.04865938430983118,0.027805362462760674,0.07348560079443893,0.04667328699106256,0.003972194637537239,0.03773584905660377,0.05362462760675273
"lcl|MCFH01000001.1_cds_ORX61056.1_318 [locus_tag=BCR36DRAFT_408036] [db_xref=JGIDB:Pirfi3_408036] [protein=hypothetical protein] [protein_id=ORX61056.1] [location=join(1642571..1642585,1642732..1642979,1643067..1643125,1643202..1643242,1643325..1643408,1643496..1643559,1643649..1643975,1644069..1644685)] [gbkey=CDS]",0.024844720496894408,0.031055900621118012,0.10559006211180125,0.062111801242236024,0.014492753623188406,0.07660455486542443,0.10351966873706005,0.026915113871635612,0.004140786749482402,0.09109730848861283,0.07246376811594203,0.09523809523809523,0.033126293995859216,0.016563146997929608,0.047619047619047616,0.06418219461697723,0.043478260869565216,0.010351966873706004,0.043478260869565216,0.033126293995859216
"lcl|MCFH01000001.1_cds_ORX61057.1_319 [locus_tag=BCR36DRAFT_408037] [db_xref=JGIDB:Pirfi3_408037] [protein=hypothetical protein] [protein_id=ORX61057.1] [location=complement(join(1644924..1644943,1645200..1645270,1645715..1646676))] [gbkey=CDS]",0.02005730659025788,0.02865329512893983,0.12893982808022922,0.06303724928366762,0.02865329512893983,0.017191977077363897,0.0659025787965616,0.011461318051575931,0,0.12034383954154727,0.07163323782234957,0.12893982808022922,0.014326647564469915,0.045845272206303724,0.022922636103151862,0.10601719197707736,0.04297994269340974,0,0.045845272206303724,0.03724928366762178
"lcl|MCFH01000001.1_cds_ORX61058.1_320 [locus_tag=BCR36DRAFT_579122] [db_xref=InterPro:IPR013766,JGIDB:Pirfi3_579122] [protein=hypothetical protein] [protein_id=ORX61058.1] [location=join(1648146..1648191,1648301..1648598,1648709..1648851,1648937..1650570,1650682..1651572)] [gbkey=CDS]",0.015968063872255488,0.015968063872255488,0.17165668662674652,0.04590818363273453,0.0029940119760479044,0.08682634730538923,0.10379241516966067,0.012974051896207584,0.008982035928143712,0.08882235528942116,0.04590818363273453,0.09780439121756487,0.010978043912175649,0.03493013972055888,0.01996007984031936,0.09181636726546906,0.04091816367265469,0.001996007984031936,0.03992015968063872,0.06187624750499002
"lcl|MCFH01000001.1_cds_ORX61059.1_321 [locus_tag=BCR36DRAFT_408039] [db_xref=JGIDB:Pirfi3_408039] [protein=hypothetical protein] [protein_id=ORX61059.1] [location=complement(join(1652893..1653019,1654587..1658044))] [gbkey=CDS]",0.020955574182732608,0.03604358759430008,0.05280804694048617,0.053646269907795474,0.00586756077116513,0.03352891869237217,0.12154233025984912,0.016764459346186086,0.036881810561609385,0.07376362112321877,0.051969823973176864,0.15171835708298406,0.004191114836546521,0.019279128248113998,0.04694048616932104,0.1550712489522213,0.04274937133277452,0.0016764459346186086,0.03604358759430008,0.038558256496227995
lcl|MCFH01000001.1_cds_ORX61060.1_322 [locus_tag=BCR36DRAFT_6175] [db_xref=JGIDB:Pirfi3_6175] [protein=hypothetical protein] [protein_id=ORX61060.1] [location=complement(1662061..1663269)] [gbkey=CDS],0.034912718204488775,0.02493765586034913,0.13466334164588528,0.04738154613466334,0.017456359102244388,0.04738154613466334,0.10723192019950124,0.012468827930174564,0.022443890274314215,0.08977556109725686,0.0773067331670823,0.14463840399002495,0.014962593516209476,0.034912718204488775,0.012468827930174564,0.07231920199501247,0.0399002493765586,0,0.03740648379052369,0.02743142144638404
lcl|MCFH01000001.1_cds_ORX61061.1_323 [locus_tag=BCR36DRAFT_6178] [db_xref=JGIDB:Pirfi3_6178] [protein=hypothetical protein] [protein_id=ORX61061.1] [location=complement(1665024..1669073)] [gbkey=CDS],0.01112759643916914,0.017062314540059347,0.16468842729970326,0.057863501483679525,0.010385756676557863,0.031899109792284865,0.07566765578635015,0.01483679525222552,0.018545994065281898,0.09198813056379822,0.06973293768545995,0.12314540059347182,0.005934718100890208,0.03412462908011869,0.028189910979228485,0.12759643916913946,0.040059347181008904,7.41839762611276e-4,0.04970326409495549,0.026706231454005934
"lcl|MCFH01000001.1_cds_ORX61062.1_324 [locus_tag=BCR36DRAFT_341247] [db_xref=InterPro:IPR005345,JGIDB:Pirfi3_341247] [protein=PHD finger-like domain-containing protein 5A-like protein] [protein_id=ORX61062.1] [location=join(1670365..1670368,1670665..1670679,1670780..1670812,1670910..1670932,1671026..1671169,1671250..1671293,1671375..1671444)] [gbkey=CDS]",0.027522935779816515,0.07339449541284404,0.01834862385321101,0.07339449541284404,0.11926605504587157,0.027522935779816515,0.045871559633027525,0.10091743119266056,0.027522935779816515,0.08256880733944955,0.027522935779816515,0.10091743119266056,0,0.03669724770642202,0.045871559633027525,0.045871559633027525,0.027522935779816515,0,0.05504587155963303,0.06422018348623854
"lcl|MCFH01000001.1_cds_ORX61064.1_326 [locus_tag=BCR36DRAFT_6202] [db_xref=InterPro:IPR017442,JGIDB:Pirfi3_6202] [protein=hypothetical protein] [protein_id=ORX61064.1] [location=complement(join(1674510..1674988,1675081..1675543))] [gbkey=CDS]",0.04807692307692308,0.04487179487179487,0.07051282051282051,0.05448717948717949,0.009615384615384616,0.041666666666666664,0.057692307692307696,0.057692307692307696,0.028846153846153848,0.0673076923076923,0.13782051282051283,0.0641025641025641,0.028846153846153848,0.041666666666666664,0.05448717948717949,0.041666666666666664,0.04807692307692308,0.009615384615384616,0.04487179487179487,0.04807692307692308
"lcl|MCFH01000001.1_cds_ORX61065.1_327 [locus_tag=BCR36DRAFT_315243] [db_xref=InterPro:IPR004013,JGIDB:Pirfi3_315243] [protein=histidinol phosphate phosphatase H] [protein_id=ORX61065.1] [location=complement(join(1677057..1677275,1677368..1677889,1678093..1678257))] [gbkey=CDS]",0.03666666666666667,0.03,0.04,0.07666666666666666,0.02,0.03666666666666667,0.09,0.04,0.03333333333333333,0.09666666666666666,0.08,0.1,0.013333333333333334,0.043333333333333335,0.03,0.06333333333333334,0.043333333333333335,0.013333333333333334,0.056666666666666664,0.056666666666666664
"lcl|MCFH01000001.1_cds_ORX61066.1_328 [locus_tag=BCR36DRAFT_341263] [db_xref=InterPro:IPR000904,JGIDB:Pirfi3_341263] [protein=Sec7-domain-containing protein] [protein_id=ORX61066.1] [location=complement(join(1678814..1679164,1679260..1679758,1679859..1680116,1680187..1681480,1681605..1681895,1682039..1682156,1682269..1684078,1684169..1684229,1684383..1684613,1684707..1684838,1684940..1684997,1685108..1685362))] [gbkey=CDS]",0.04540358744394619,0.030269058295964126,0.08744394618834081,0.04932735426008968,0.01233183856502242,0.04091928251121076,0.07455156950672645,0.030829596412556053,0.01905829596412556,0.08576233183856502,0.10650224215246637,0.07623318385650224,0.020739910313901346,0.04652466367713005,0.033071748878923765,0.10257847533632287,0.05493273542600897,0.010089686098654708,0.028026905829596414,0.04540358744394619
"lcl|MCFH01000001.1_cds_ORX61067.1_329 [locus_tag=BCR36DRAFT_401319] [db_xref=InterPro:IPR002759,JGIDB:Pirfi3_401319] [protein=hypothetical protein] [protein_id=ORX61067.1] [location=join(1687946..1688070,1688179..1688337,1688424..1688559)] [gbkey=CDS]",0.050724637681159424,0.036231884057971016,0.10869565217391304,0.028985507246376812,0.007246376811594203,0.007246376811594203,0.06521739130434782,0.036231884057971016,0.021739130434782608,0.10144927536231885,0.07971014492753623,0.07246376811594203,0,0.08695652173913043,0.043478260869565216,0.12318840579710146,0.06521739130434782,0.007246376811594203,0.028985507246376812,0.028985507246376812
lcl|MCFH01000001.1_cds_ORX61068.1_330 [locus_tag=BCR36DRAFT_401320] [db_xref=JGIDB:Pirfi3_401320] [protein=hypothetical protein] [protein_id=ORX61068.1] [location=complement(1689252..1690589)] [gbkey=CDS],0.02252252252252252,0.038288288288288286,0.07657657657657657,0.06531531531531531,0.013513513513513514,0.02027027027027027,0.0945945945945946,0.04954954954954955,0.02927927927927928,0.09009009009009009,0.1036036036036036,0.06981981981981981,0.02027027027027027,0.05630630630630631,0.02027027027027027,0.06306306306306306,0.0518018018018018,0.02252252252252252,0.05630630630630631,0.036036036036036036
"lcl|MCFH01000001.1_cds_ORX61069.1_331 [locus_tag=BCR36DRAFT_394198] [db_xref=InterPro:IPR000504,JGIDB:Pirfi3_394198] [protein=RNA-binding domain-containing protein] [protein_id=ORX61069.1] [location=complement(join(1692933..1693319,1693446..1693521,1693611..1693695,1693792..1693881,1693953..1694079,1694161..1694236,1694314..1694459,1694564..1694665,1694757..1694848,1694986..1695055))] [gbkey=CDS]",0.07951807228915662,0.03614457831325301,0.13734939759036144,0.05542168674698795,0.004819277108433735,0.05783132530120482,0.03855421686746988,0.0891566265060241,0.016867469879518072,0.03855421686746988,0.04578313253012048,0.03614457831325301,0.033734939759036145,0.03614457831325301,0.04096385542168675,0.06265060240963856,0.05542168674698795,0.012048192771084338,0.06987951807228916,0.05301204819277108
"lcl|MCFH01000001.1_cds_ORX61070.1_332 [locus_tag=BCR36DRAFT_579132] [db_xref=InterPro:IPR000357,JGIDB:Pirfi3_579132] [protein=hypothetical protein] [protein_id=ORX61070.1] [location=complement(join(1697400..1697545,1697638..1697808,1697964..1698166,1698314..1698644,1698763..1698842,1698924..1699042,1699152..1699256,1699363..1699904,1699992..1700120,1700207..1700296,1700404..1701058,1701142..1701309,1701400..1701550,1701661..1701761))] [gbkey=CDS]",0.04824120603015075,0.04020100502512563,0.08341708542713568,0.04723618090452261,0.005025125628140704,0.06633165829145729,0.07839195979899498,0.020100502512562814,0.024120603015075376,0.07236180904522613,0.12663316582914572,0.06532663316582915,0.019095477386934675,0.033165829145728645,0.036180904522613064,0.10552763819095477,0.044221105527638194,0.006030150753768844,0.036180904522613064,0.04221105527638191
"lcl|MCFH01000001.1_cds_ORX61071.1_333 [locus_tag=BCR36DRAFT_315264] [db_xref=JGIDB:Pirfi3_315264] [protein=DNA-binding domain of Mlu1-box binding protein MBP1] [protein_id=ORX61071.1] [location=join(1706442..1706674,1706769..1707684)] [gbkey=CDS]",0.05249343832020997,0.05249343832020997,0.12073490813648294,0.031496062992125984,0.02099737532808399,0.028871391076115485,0.05774278215223097,0.05511811023622047,0.015748031496062992,0.05511811023622047,0.04199475065616798,0.08398950131233596,0.03412073490813648,0.023622047244094488,0.049868766404199474,0.08923884514435695,0.08661417322834646,0.015748031496062992,0.04199475065616798,0.04199475065616798
"lcl|MCFH01000001.1_cds_ORX61072.1_334 [locus_tag=BCR36DRAFT_408053] [db_xref=InterPro:IPR000535,JGIDB:Pirfi3_408053] [protein=hypothetical protein] [protein_id=ORX61072.1] [location=complement(join(1709779..1710444,1710633..1710742,1710832..1710909,1710984..1711037,1711129..1711147))] [gbkey=CDS]",0.03908794788273615,0.035830618892508145,0.08143322475570032,0.04234527687296417,0.009771986970684038,0.03257328990228013,0.08143322475570032,0.03257328990228013,0.009771986970684038,0.11400651465798045,0.07166123778501629,0.11726384364820847,0.003257328990228013,0.04560260586319218,0.048859934853420196,0.11726384364820847,0.05863192182410423,0.006514657980456026,0.013029315960912053,0.03908794788273615
lcl|MCFH01000001.1_cds_ORX61075.1_337 [locus_tag=BCR36DRAFT_579136] [db_xref=JGIDB:Pirfi3_579136] [protein=hypothetical protein] [protein_id=ORX61075.1] [location=1717895..1718788] [gbkey=CDS],0.057432432432432436,0.057432432432432436,0.08445945945945946,0.0033783783783783786,0,0.14527027027027026,0.0472972972972973,0.037162162162162164,0.013513513513513514,0.02702702702702703,0.06756756756756757,0.13513513513513514,0.016891891891891893,0.033783783783783786,0.05405405405405406,0.060810810810810814,0.05067567567567568,0.016891891891891893,0.04391891891891892,0.0472972972972973
"lcl|MCFH01000001.1_cds_ORX61076.1_338 [locus_tag=BCR36DRAFT_341293] [db_xref=InterPro:IPR002376,JGIDB:Pirfi3_341293] [protein=Formyltetrahydrofolate deformylase] [protein_id=ORX61076.1] [location=complement(1719544..1720416)] [gbkey=CDS]",0.04844290657439446,0.04152249134948097,0.0657439446366782,0.06920415224913495,0.01730103806228374,0.031141868512110725,0.05536332179930796,0.05190311418685121,0.05190311418685121,0.09342560553633218,0.10380622837370242,0.07958477508650519,0.010380622837370242,0.04152249134948097,0.03460207612456748,0.04498269896193772,0.04498269896193772,0.01384083044982699,0.020761245674740483,0.07958477508650519
"lcl|MCFH01000001.1_cds_ORX61077.1_339 [locus_tag=BCR36DRAFT_579138] [db_xref=InterPro:IPR014045,JGIDB:Pirfi3_579138] [protein=protein serine/threonine phosphatase 2C] [protein_id=ORX61077.1] [location=join(1721669..1721771,1721968..1722267,1722454..1722612,1722753..1722809,1722964..1723113,1723189..1723493)] [gbkey=CDS]",0.056179775280898875,0.025280898876404494,0.08707865168539326,0.06741573033707865,0.011235955056179775,0.03089887640449438,0.09550561797752809,0.06741573033707865,0.016853932584269662,0.0898876404494382,0.0702247191011236,0.08426966292134831,0.02247191011235955,0.03932584269662921,0.016853932584269662,0.09550561797752809,0.033707865168539325,0.0056179775280898875,0.028089887640449437,0.056179775280898875
"lcl|MCFH01000001.1_cds_ORX61078.1_340 [locus_tag=BCR36DRAFT_408060] [db_xref=InterPro:IPR000504,JGIDB:Pirfi3_408060] [protein=hypothetical protein] [protein_id=ORX61078.1] [location=complement(join(1724291..1724422,1724543..1724646,1724751..1725155,1725272..1725413,1725576..1725686,1725805..1726019,1726121..1726269,1726400..1726679,1726811..1726861,1727643..1727652))] [gbkey=CDS]",0.04519774011299435,0.10357815442561205,0.0696798493408663,0.06779661016949153,0.007532956685499058,0.035781544256120526,0.08097928436911488,0.04896421845574388,0.022598870056497175,0.062146892655367235,0.05649717514124294,0.0696798493408663,0.026365348399246705,0.02824858757062147,0.04896421845574388,0.0847457627118644,0.04519774011299435,0.0018832391713747645,0.03766478342749529,0.05649717514124294
"lcl|MCFH01000001.1_cds_ORX61079.1_341 [locus_tag=BCR36DRAFT_341300] [db_xref=InterPro:IPR001357,JGIDB:Pirfi3_341300] [protein=hypothetical protein] [protein_id=ORX61079.1] [location=join(1728465..1729269,1729362..1730231,1730356..1730754,1730845..1730937,1731073..1731245,1731309..1731380,1731486..1731587,1731738..1731789,1731950..1732389)] [gbkey=CDS]",0.018,0.02,0.144,0.08,0.008,0.021,0.069,0.021,0.012,0.102,0.07,0.125,0.009,0.045,0.031,0.091,0.055,0.006,0.032,0.041
"lcl|MCFH01000001.1_cds_ORX61080.1_342 [locus_tag=BCR36DRAFT_579142] [db_xref=InterPro:IPR005522,JGIDB:Pirfi3_579142] [protein=hypothetical protein] [protein_id=ORX61080.1] [location=complement(1733605..1735287)] [gbkey=CDS]",0.016100178890876567,0.026833631484794274,0.11627906976744186,0.0626118067978533,0.012522361359570662,0.03398926654740608,0.05008944543828265,0.03935599284436494,0.02146690518783542,0.07513416815742398,0.08407871198568873,0.11627906976744186,0.016100178890876567,0.04114490161001789,0.04114490161001789,0.1037567084078712,0.05366726296958855,0.005366726296958855,0.04830053667262969,0.03577817531305903
"lcl|MCFH01000001.1_cds_ORX61081.1_343 [locus_tag=BCR36DRAFT_579143] [db_xref=JGIDB:Pirfi3_579143] [protein=hypothetical protein] [protein_id=ORX61081.1] [location=join(1740193..1741666,1741827..1741834)] [gbkey=CDS]",0.022357723577235773,0.044715447154471545,0.2073170731707317,0.04878048780487805,0.016260162601626018,0.046747967479674794,0.0508130081300813,0.022357723577235773,0.026422764227642278,0.08536585365853659,0.07113821138211382,0.07113821138211382,0.012195121951219513,0.04878048780487805,0.026422764227642278,0.06910569105691057,0.054878048780487805,0,0.044715447154471545,0.03048780487804878
lcl|MCFH01000001.1_cds_ORX61083.1_345 [locus_tag=BCR36DRAFT_579144] [db_xref=JGIDB:Pirfi3_579144] [protein=hypothetical protein] [protein_id=ORX61083.1] [location=complement(1745577..1747865)] [gbkey=CDS],0.024967148488830485,0.03416557161629435,0.12483574244415244,0.0683311432325887,0.009198423127463863,0.022339027595269383,0.05781865965834428,0.01971090670170828,0.006570302233902759,0.08935611038107753,0.06701708278580815,0.08278580814717477,0.02102496714848883,0.02890932982917214,0.03153745072273324,0.1616294349540079,0.0683311432325887,0.001314060446780552,0.024967148488830485,0.05519053876478318
"lcl|MCFH01000001.1_cds_ORX61084.1_346 [locus_tag=BCR36DRAFT_408065] [db_xref=JGIDB:Pirfi3_408065] [protein=hypothetical protein] [protein_id=ORX61084.1] [location=complement(join(1757313..1757880,1757952..1758229))] [gbkey=CDS]",0.02857142857142857,0.05357142857142857,0.07142857142857142,0.05357142857142857,0.0035714285714285713,0.03214285714285714,0.05,0.03214285714285714,0.02142857142857143,0.075,0.06785714285714285,0.13214285714285715,0.02857142857142857,0.04285714285714286,0.025,0.1,0.04285714285714286,0,0.07142857142857142,0.06785714285714285
"lcl|MCFH01000001.1_cds_ORX61085.1_347 [locus_tag=BCR36DRAFT_272066] [db_xref=InterPro:IPR005843,InterPro:IPR005844,InterPro:IPR005845,InterPro:IPR005846,JGIDB:Pirfi3_272066] [protein=hypothetical protein] [protein_id=ORX61085.1] [location=join(1766601..1766837,1767101..1768531)] [gbkey=CDS]",0.06859205776173286,0.039711191335740074,0.05054151624548736,0.0740072202166065,0.005415162454873646,0.030685920577617327,0.05956678700361011,0.09747292418772563,0.01263537906137184,0.08664259927797834,0.05956678700361011,0.0740072202166065,0.019855595667870037,0.05595667870036101,0.032490974729241874,0.06498194945848375,0.0631768953068592,0.005415162454873646,0.036101083032490974,0.0631768953068592
"lcl|MCFH01000001.1_cds_ORX61086.1_348 [locus_tag=BCR36DRAFT_273637] [db_xref=JGIDB:Pirfi3_273637] [protein=hypothetical protein] [protein_id=ORX61086.1] [location=complement(join(1769389..1769583,1769715..1769794,1769932..1770083,1770201..1770400))] [gbkey=CDS]",0.043478260869565216,0.043478260869565216,0.08695652173913043,0.06763285024154589,0.043478260869565216,0.033816425120772944,0.06763285024154589,0.01932367149758454,0.024154589371980676,0.10144927536231885,0.12560386473429952,0.06763285024154589,0.024154589371980676,0.043478260869565216,0.014492753623188406,0.07246376811594203,0.01932367149758454,0.014492753623188406,0.04830917874396135,0.03864734299516908
"lcl|MCFH01000001.1_cds_ORX61087.1_349 [locus_tag=BCR36DRAFT_6640] [db_xref=InterPro:IPR007087,JGIDB:Pirfi3_6640] [protein=hypothetical protein] [protein_id=ORX61087.1] [location=complement(join(1771319..1771776,1772218..1772302))] [gbkey=CDS]",0.0335195530726257,0.027932960893854747,0.11173184357541899,0.027932960893854747,0.01675977653631285,0.05027932960893855,0.061452513966480445,0.0111731843575419,0.0111731843575419,0.05027932960893855,0.10614525139664804,0.12290502793296089,0.00558659217877095,0.0446927374301676,0.03910614525139665,0.15083798882681565,0.07262569832402235,0,0.0335195530726257,0.0223463687150838
"lcl|MCFH01000001.1_cds_ORX61088.1_350 [locus_tag=BCR36DRAFT_401338] [db_xref=InterPro:IPR001593,JGIDB:Pirfi3_401338] [protein=40S ribosomal protein S1] [protein_id=ORX61088.1] [location=complement(join(1773414..1774018,1774104..1774207,1774304..1774342,1774438..1774457))] [gbkey=CDS]",0.051181102362204724,0.05905511811023622,0.04330708661417323,0.07086614173228346,0.011811023622047244,0.03937007874015748,0.047244094488188976,0.06299212598425197,0.011811023622047244,0.07480314960629922,0.09055118110236221,0.14960629921259844,0.011811023622047244,0.03937007874015748,0.023622047244094488,0.047244094488188976,0.06299212598425197,0.007874015748031496,0.027559055118110236,0.06692913385826772
"lcl|MCFH01000001.1_cds_ORX61089.1_351 [locus_tag=BCR36DRAFT_408069] [db_xref=JGIDB:Pirfi3_408069] [protein=hypothetical protein] [protein_id=ORX61089.1] [location=join(1774810..1774840,1774919..1775041,1775206..1776840,1777011..1777249)] [gbkey=CDS]",0.025222551928783383,0.028189910979228485,0.129080118694362,0.06083086053412463,0.00741839762611276,0.04747774480712166,0.11275964391691394,0.01483679525222552,0.008902077151335312,0.10089020771513353,0.07566765578635015,0.14688427299703263,0.01483679525222552,0.037091988130563795,0.010385756676557863,0.07418397626112759,0.03412462908011869,0.004451038575667656,0.03115727002967359,0.03560830860534125
"lcl|MCFH01000001.1_cds_ORX61090.1_352 [locus_tag=BCR36DRAFT_341320] [db_xref=InterPro:IPR002921,JGIDB:Pirfi3_341320] [protein=alpha/beta-hydrolase] [protein_id=ORX61090.1] [location=complement(join(1777591..1777716,1777820..1779144,1779288..1779541,1779655..1780460,1780559..1780706,1780851..1781362))] [gbkey=CDS]",0.03317535545023697,0.018957345971563982,0.0938388625592417,0.05971563981042654,0.014218009478672985,0.02843601895734597,0.0909952606635071,0.026540284360189573,0.018957345971563982,0.09573459715639811,0.07962085308056872,0.1014218009478673,0.016113744075829384,0.04739336492890995,0.026540284360189573,0.1080568720379147,0.052132701421800945,0.005687203791469194,0.05023696682464455,0.03222748815165877
"lcl|MCFH01000001.1_cds_ORX61091.1_353 [locus_tag=BCR36DRAFT_365674] [db_xref=InterPro:IPR012913,JGIDB:Pirfi3_365674] [protein=hypothetical protein] [protein_id=ORX61091.1] [location=join(1783408..1783557,1783686..1783868,1783974..1784237,1784324..1784474,1784658..1785445)] [gbkey=CDS]",0.03137254901960784,0.03137254901960784,0.07450980392156863,0.07450980392156863,0.01568627450980392,0.03137254901960784,0.14313725490196078,0.03333333333333333,0.00784313725490196,0.06470588235294118,0.06862745098039216,0.12745098039215685,0.013725490196078431,0.045098039215686274,0.041176470588235294,0.060784313725490195,0.049019607843137254,0.00784313725490196,0.03333333333333333,0.045098039215686274
"lcl|MCFH01000001.1_cds_ORX61092.1_354 [locus_tag=BCR36DRAFT_579152] [db_xref=JGIDB:Pirfi3_579152] [protein=hypothetical protein] [protein_id=ORX61092.1] [location=join(1788176..1788570,1788668..1789802,1789890..1789996,1790094..1790425,1790864..1791267)] [gbkey=CDS]",0.05449936628643853,0.025348542458808618,0.07731305449936629,0.0697084917617237,0.008871989860583017,0.043092522179974654,0.06717363751584284,0.051964512040557666,0.017743979721166033,0.08111533586818757,0.05576679340937896,0.05449936628643853,0.021546261089987327,0.046894803548795945,0.04055766793409379,0.07097591888466413,0.08365019011406843,0.025348542458808618,0.045627376425855515,0.058301647655259824
"lcl|MCFH01000001.1_cds_ORX61093.1_355 [locus_tag=BCR36DRAFT_408073] [db_xref=JGIDB:Pirfi3_408073] [protein=hypothetical protein] [protein_id=ORX61093.1] [location=join(1792259..1792540,1792861..1792891,1793003..1793048,1793135..1793420,1793529..1793784,1793869..1794032,1794125..1794184,1794271..1794391,1794484..1794698,1794777..1794836)] [gbkey=CDS]",0.047524752475247525,0.027722772277227723,0.07920792079207921,0.0297029702970297,0.01782178217821782,0.02178217821782178,0.053465346534653464,0.019801980198019802,0.009900990099009901,0.12475247524752475,0.10297029702970296,0.07326732673267326,0.02178217821782178,0.07326732673267326,0.027722772277227723,0.09108910891089109,0.0594059405940594,0.005940594059405941,0.06534653465346535,0.047524752475247525
"lcl|MCFH01000001.1_cds_ORX61094.1_356 [locus_tag=BCR36DRAFT_341330] [db_xref=JGIDB:Pirfi3_341330] [protein=hypothetical protein] [protein_id=ORX61094.1] [location=join(1795561..1795797,1795885..1795915,1796012..1796057,1796155..1796434,1796562..1796817,1796938..1797101,1797229..1797288,1797373..1797493,1797606..1797820,1797907..1797975)] [gbkey=CDS]",0.032586558044806514,0.026476578411405296,0.0814663951120163,0.032586558044806514,0.014256619144602852,0.020366598778004074,0.054989816700611,0.03054989816700611,0.014256619144602852,0.12627291242362526,0.0855397148676171,0.08961303462321792,0.026476578411405296,0.07128309572301425,0.032586558044806514,0.06517311608961303,0.06313645621181263,0.004073319755600814,0.05702647657841141,0.07128309572301425
"lcl|MCFH01000001.1_cds_ORX61095.1_357 [locus_tag=BCR36DRAFT_579155] [db_xref=InterPro:IPR001251,InterPro:IPR008273,JGIDB:Pirfi3_579155] [protein=hypothetical protein] [protein_id=ORX61095.1] [location=1802302..1803366] [gbkey=CDS]",0.039660056657223795,0.031161473087818695,0.0821529745042493,0.042492917847025496,0.028328611898016998,0.025495750708215296,0.10764872521246459,0.05099150141643059,0.019830028328611898,0.0679886685552408,0.08498583569405099,0.0906515580736544,0.0169971671388102,0.059490084985835696,0.0453257790368272,0.059490084985835696,0.056657223796033995,0.0084985835694051,0.04815864022662889,0.0339943342776204
"lcl|MCFH01000001.1_cds_ORX61096.1_358 [locus_tag=BCR36DRAFT_394222] [db_xref=InterPro:IPR000192,JGIDB:Pirfi3_394222] [protein=PLP-dependent transferase] [protein_id=ORX61096.1] [location=complement(join(1804784..1805431,1805683..1806549))] [gbkey=CDS]",0.0636182902584493,0.05765407554671968,0.041749502982107355,0.0437375745526839,0.011928429423459244,0.033797216699801194,0.0775347912524851,0.055666003976143144,0.033797216699801194,0.06560636182902585,0.1073558648111332,0.04970178926441352,0.013916500994035786,0.039761431411530816,0.06759443339960239,0.0636182902584493,0.061630218687872766,0.017892644135188866,0.02584493041749503,0.06759443339960239
"lcl|MCFH01000001.1_cds_ORX61097.1_359 [locus_tag=BCR36DRAFT_408078] [db_xref=JGIDB:Pirfi3_408078] [protein=hypothetical protein] [protein_id=ORX61097.1] [location=complement(join(1808381..1808751,1809044..1809707))] [gbkey=CDS]",0.04664723032069971,0.037900874635568516,0.08163265306122448,0.043731778425655975,0,0.05830903790087463,0.08746355685131195,0.023323615160349854,0.014577259475218658,0.0641399416909621,0.04664723032069971,0.17201166180758018,0.008746355685131196,0.011661807580174927,0.061224489795918366,0.08454810495626822,0.043731778425655975,0.011661807580174927,0.026239067055393587,0.07580174927113703
"lcl|MCFH01000001.1_cds_ORX61098.1_360 [locus_tag=BCR36DRAFT_341341] [db_xref=InterPro:IPR004837,JGIDB:Pirfi3_341341] [protein=calcium/proton exchanger] [protein_id=ORX61098.1] [location=complement(join(1810759..1811219,1811286..1811461,1811605..1811702,1811796..1811880,1811949..1811998,1812098..1812182,1812281..1812299,1812438..1812687))] [gbkey=CDS]",0.054187192118226604,0.009852216748768473,0.08620689655172414,0.027093596059113302,0.009852216748768473,0.019704433497536946,0.04187192118226601,0.05172413793103448,0.012315270935960592,0.13054187192118227,0.1477832512315271,0.03940886699507389,0.027093596059113302,0.05665024630541872,0.024630541871921183,0.08866995073891626,0.0665024630541872,0.007389162561576354,0.03694581280788178,0.06157635467980296
"lcl|MCFH01000001.1_cds_ORX61099.1_361 [locus_tag=BCR36DRAFT_408080] [db_xref=InterPro:IPR001611,JGIDB:Pirfi3_408080] [protein=L domain-like protein] [protein_id=ORX61099.1] [location=complement(join(1813524..1813545,1813641..1813709,1813793..1813861,1813949..1814017,1814128..1814196,1814275..1814337,1814414..1814482,1814566..1814634,1814718..1814786,1814889..1814957,1815052..1815120,1815229..1815297,1815393..1815461,1815548..1815616,1815713..1815781,1815862..1815930,1816005..1816073,1816185..1816253,1816322..1816390,1816469..1816537,1816636..1817994,1818084..1818152,1818236..1818304,1818389..1818804))] [gbkey=CDS]",0.015769944341372914,0.027829313543599257,0.24489795918367346,0.05380333951762523,0.008348794063079777,0.015769944341372914,0.06307977736549165,0.022263450834879406,0.02411873840445269,0.09369202226345083,0.1038961038961039,0.07884972170686456,0.0037105751391465678,0.030612244897959183,0.025974025974025976,0.08998144712430427,0.030612244897959183,0.0018552875695732839,0.036178107606679034,0.0287569573283859
"lcl|MCFH01000001.1_cds_ORX61100.1_362 [locus_tag=BCR36DRAFT_408082] [db_xref=InterPro:IPR008250,JGIDB:Pirfi3_408082] [protein=hypothetical protein] [protein_id=ORX61100.1] [location=join(1819938..1821720,1821817..1822044,1822258..1822767,1822865..1822982,1823080..1823458,1823580..1823864,1823953..1824044,1824160..1824283,1824360..1824405,1824507..1824657,1824729..1824877,1824969..1825192)] [gbkey=CDS]",0.041146216017634095,0.027920646583394562,0.0683321087435709,0.0440852314474651,0.019838354151359296,0.030124908155767818,0.0653930933137399,0.04335047759000735,0.019838354151359296,0.10286554004408523,0.09331373989713446,0.08376193975018369,0.025716385011021307,0.06318883174136664,0.030124908155767818,0.09257898603967671,0.03967670830271859,0.008082292432035268,0.0426157237325496,0.05804555473916238
"lcl|MCFH01000001.1_cds_ORX61101.1_363 [locus_tag=BCR36DRAFT_579160] [db_xref=InterPro:IPR002883,JGIDB:Pirfi3_579160] [protein=hypothetical protein] [protein_id=ORX61101.1] [location=1827915..1829756] [gbkey=CDS]",0.06699346405228758,0.03431372549019608,0.08986928104575163,0.058823529411764705,0.0196078431372549,0.032679738562091505,0.049019607843137254,0.08986928104575163,0.016339869281045753,0.07026143790849673,0.05392156862745098,0.06372549019607843,0.013071895424836602,0.032679738562091505,0.029411764705882353,0.09477124183006536,0.06535947712418301,0.03104575163398693,0.04411764705882353,0.04411764705882353
"lcl|MCFH01000001.1_cds_ORX61102.1_364 [locus_tag=BCR36DRAFT_6913] [db_xref=JGIDB:Pirfi3_6913] [protein=hypothetical protein] [protein_id=ORX61102.1] [location=join(1839008..1839058,1839193..1839274,1839382..1839495,1839570..1839623,1839717..1839741,1839855..1839882,1839969..1840000,1840123..1840139,1840215..1840308,1840427..1840478,1840560..1840664,1840789..1841245,1841341..1841419,1841509..1841562,1841685..1841712,1841814..1842037,1842145..1842361,1842475..1842516,1842623..1842640,1842766..1842783,1842868..1843037,1843115..1843210,1843319..1843677,1843753..1843807,1843900..1843910,1843999..1844148,1844285..1844359,1844456..1844631,1844730..1844777,1844888..1845025)] [gbkey=CDS]",0.03525954946131244,0.03330068560235064,0.07933398628795299,0.039177277179236046,0.013712047012732615,0.022526934378060724,0.050930460333006855,0.03525954946131244,0.013712047012732615,0.10186092066601371,0.10479921645445642,0.089128305582762,0.039177277179236046,0.06660137120470128,0.019588638589618023,0.07933398628795299,0.058765915768854066,0.0019588638589618022,0.06366307541625857,0.05190989226248776
"lcl|MCFH01000001.1_cds_ORX61104.1_366 [locus_tag=BCR36DRAFT_579163] [db_xref=InterPro:IPR002110,JGIDB:Pirfi3_579163] [protein=ankyrin] [protein_id=ORX61104.1] [location=1847419..1853496] [gbkey=CDS]",0.023221343873517788,0.012845849802371542,0.1724308300395257,0.06422924901185771,0.010869565217391304,0.017292490118577076,0.08053359683794467,0.01383399209486166,0.010375494071146246,0.1383399209486166,0.07065217391304347,0.1190711462450593,0.017786561264822136,0.045454545454545456,0.015810276679841896,0.055830039525691696,0.03606719367588933,9.881422924901185e-4,0.06324110671936758,0.031126482213438736
"lcl|MCFH01000001.1_cds_ORX61105.1_367 [locus_tag=BCR36DRAFT_408087] [db_xref=InterPro:IPR001223,InterPro:IPR002883,JGIDB:Pirfi3_408087] [protein=hypothetical protein] [protein_id=ORX61105.1] [location=complement(join(1854075..1854240,1854338..1854454,1854569..1854976,1855090..1855244,1855329..1855515,1855607..1855619,1855723..1855980,1856231..1856411))] [gbkey=CDS]",0.04665314401622718,0.02028397565922921,0.09330628803245436,0.07099391480730223,0.036511156186612576,0.014198782961460446,0.058823529411764705,0.06896551724137931,0.012170385395537525,0.08519269776876268,0.056795131845841784,0.05070993914807302,0.014198782961460446,0.036511156186612576,0.034482758620689655,0.09939148073022312,0.05273833671399594,0.034482758620689655,0.06288032454361055,0.05070993914807302
"lcl|MCFH01000001.1_cds_ORX61106.1_368 [locus_tag=BCR36DRAFT_365692] [db_xref=JGIDB:Pirfi3_365692] [protein=hypothetical protein] [protein_id=ORX61106.1] [location=join(1859005..1859087,1859174..1859450)] [gbkey=CDS]",0.0423728813559322,0.01694915254237288,0.059322033898305086,0.05084745762711865,0,0.025423728813559324,0.07627118644067797,0.025423728813559324,0,0.1440677966101695,0.059322033898305086,0.15254237288135594,0.00847457627118644,0.06779661016949153,0.05084745762711865,0.1016949152542373,0.05084745762711865,0.00847457627118644,0.01694915254237288,0.0423728813559322
"lcl|MCFH01000001.1_cds_ORX61107.1_369 [locus_tag=BCR36DRAFT_365693] [db_xref=JGIDB:Pirfi3_365693] [protein=hypothetical protein] [protein_id=ORX61107.1] [location=join(1859876..1859920,1860031..1860576)] [gbkey=CDS]",0.035897435897435895,0.041025641025641026,0.12307692307692308,0.05641025641025641,0.02564102564102564,0.010256410256410256,0.07692307692307693,0.07179487179487179,0.020512820512820513,0.06666666666666667,0.06666666666666667,0.06153846153846154,0.020512820512820513,0.07179487179487179,0.06666666666666667,0.06153846153846154,0.041025641025641026,0.015384615384615385,0.041025641025641026,0.02564102564102564
"lcl|MCFH01000001.1_cds_ORX61108.1_370 [locus_tag=BCR36DRAFT_439634] [db_xref=InterPro:IPR000873,InterPro:IPR014030,InterPro:IPR014031,JGIDB:Pirfi3_439634] [protein=ketoacyl-synt-domain-containing protein] [protein_id=ORX61108.1] [location=join(1862227..1862309,1862821..1863510,1863810..1863984,1864111..1868369,1868569..1868665)] [gbkey=CDS]",0.04077010192525481,0.028878822197055492,0.10419026047565119,0.05549263873159683,0.015288788221970554,0.022083805209513023,0.07814269535673839,0.052095130237825596,0.01925254813137033,0.09909399773499433,0.07304643261608154,0.0855039637599094,0.017553793884484713,0.04190260475651189,0.04303510758776897,0.07927519818799547,0.050396375990939976,0.010758776896942242,0.04360135900339751,0.039637599093997736
lcl|MCFH01000001.1_cds_ORX61109.1_371 [locus_tag=BCR36DRAFT_579166] [db_xref=JGIDB:Pirfi3_579166] [protein=hypothetical protein] [protein_id=ORX61109.1] [location=1881978..1882613] [gbkey=CDS],0.01904761904761905,0.014285714285714285,0.08095238095238096,0.03333333333333333,0.01904761904761905,0.047619047619047616,0.09047619047619047,0.04285714285714286,0.014285714285714285,0.08571428571428572,0.09047619047619047,0.07142857142857142,0.03333333333333333,0.05714285714285714,0.05714285714285714,0.06190476190476191,0.04285714285714286,0.009523809523809525,0.05238095238095238,0.0761904761904762
"lcl|MCFH01000001.1_cds_ORX61110.1_372 [locus_tag=BCR36DRAFT_315387] [db_xref=InterPro:IPR001680,InterPro:IPR015049,JGIDB:Pirfi3_315387] [protein=DUF1900-domain-containing protein] [protein_id=ORX61110.1] [location=complement(join(1886069..1886074,1886209..1886405,1886523..1887007,1887224..1887494,1887650..1887733,1887850..1887937,1888034..1888182,1888326..1888378,1888491..1889065,1889164..1889194,1889315..1889399,1889504..1889681,1889801..1889938,1890088..1890265,1890636..1891186))] [gbkey=CDS]",0.04211557296767875,0.039177277179236046,0.10284035259549461,0.06953966699314397,0.013712047012732615,0.024485798237022526,0.05386875612144956,0.05582761998041136,0.009794319294809012,0.07541625857002938,0.08129285014691479,0.06856023506366307,0.02056807051909892,0.03623898139079334,0.04505386875612145,0.0979431929480901,0.06856023506366307,0.013712047012732615,0.023506366307541625,0.05778648383937316
"lcl|MCFH01000001.1_cds_ORX61111.1_373 [locus_tag=BCR36DRAFT_315390] [db_xref=InterPro:IPR012445,JGIDB:Pirfi3_315390] [protein=hypothetical protein] [protein_id=ORX61111.1] [location=join(1891941..1891967,1892101..1892191,1892308..1892336,1892564..1892668,1892761..1892845,1892944..1893065,1893159..1893188,1893289..1893333)] [gbkey=CDS]",0.011363636363636364,0.028409090909090908,0.07386363636363637,0.03409090909090909,0.011363636363636364,0.07386363636363637,0.10795454545454546,0.011363636363636364,0.017045454545454544,0.10227272727272728,0.09090909090909091,0.11363636363636363,0.011363636363636364,0.056818181818181816,0.028409090909090908,0.0625,0.03977272727272727,0.022727272727272728,0.03409090909090909,0.06818181818181818
"lcl|MCFH01000001.1_cds_ORX61112.1_374 [locus_tag=BCR36DRAFT_408091] [db_xref=InterPro:IPR001452,JGIDB:Pirfi3_408091] [protein=hypothetical protein] [protein_id=ORX61112.1] [location=complement(join(1893693..1894467,1894593..1895344))] [gbkey=CDS]",0.027613412228796843,0.023668639053254437,0.16765285996055226,0.05325443786982249,0,0.15384615384615385,0.05128205128205128,0.029585798816568046,0,0.047337278106508875,0.0611439842209073,0.04930966469428008,0.03944773175542406,0.01972386587771203,0.03353057199211045,0.08086785009861933,0.05325443786982249,0.0019723865877712033,0.07100591715976332,0.03550295857988166
"lcl|MCFH01000001.1_cds_ORX61113.1_375 [locus_tag=BCR36DRAFT_7109] [db_xref=JGIDB:Pirfi3_7109] [protein=hypothetical protein] [protein_id=ORX61113.1] [location=join(1897457..1897559,1897834..1897924,1898149..1898252,1898368..1898540)] [gbkey=CDS]",0.0064516129032258064,0.025806451612903226,0.08387096774193549,0.0064516129032258064,0.03870967741935484,0.012903225806451613,0.04516129032258064,0.025806451612903226,0.0064516129032258064,0.17419354838709677,0.15483870967741936,0.03870967741935484,0.0064516129032258064,0.05161290322580645,0.012903225806451613,0.08387096774193549,0.06451612903225806,0.01935483870967742,0.0967741935483871,0.04516129032258064
"lcl|MCFH01000001.1_cds_ORX61114.1_376 [locus_tag=BCR36DRAFT_365698] [db_xref=JGIDB:Pirfi3_365698] [protein=hypothetical protein] [protein_id=ORX61114.1] [location=join(1898542..1898578,1898684..1898847,1898960..1899258,1899350..1899557)] [gbkey=CDS]",0.021367521367521368,0.042735042735042736,0.05982905982905983,0.029914529914529916,0.029914529914529916,0.017094017094017096,0.021367521367521368,0.03418803418803419,0.02564102564102564,0.15384615384615385,0.14102564102564102,0.05128205128205128,0.017094017094017096,0.08547008547008547,0.029914529914529916,0.07692307692307693,0.03418803418803419,0.02564102564102564,0.06837606837606838,0.03418803418803419
"lcl|MCFH01000001.1_cds_ORX61115.1_377 [locus_tag=BCR36DRAFT_365699] [db_xref=InterPro:IPR000374,JGIDB:Pirfi3_365699] [protein=hypothetical protein] [protein_id=ORX61115.1] [location=join(1899715..1899908,1900029..1900092,1900175..1900321,1900429..1900542)] [gbkey=CDS]",0.05263157894736842,0.011695906432748537,0.04093567251461988,0.029239766081871343,0.017543859649122806,0.023391812865497075,0.023391812865497075,0.08187134502923976,0.017543859649122806,0.13450292397660818,0.12280701754385964,0.04093567251461988,0.029239766081871343,0.07602339181286549,0.029239766081871343,0.07017543859649122,0.07017543859649122,0.017543859649122806,0.04678362573099415,0.06432748538011696
"lcl|MCFH01000001.1_cds_ORX61116.1_378 [locus_tag=BCR36DRAFT_579171] [db_xref=InterPro:IPR000938,JGIDB:Pirfi3_579171] [protein=hypothetical protein] [protein_id=ORX61116.1] [location=complement(1901351..1906993)] [gbkey=CDS]",0.019691325172964343,0.029803086748270355,0.10377860564129857,0.06758914316125599,0.006386375731772219,0.05694518360830229,0.13943587014369346,0.014369345396487493,0.010643959552953698,0.06865353911655135,0.0920702501330495,0.12772751463544438,0.017030335284725917,0.028738690792974985,0.017030335284725917,0.1027142096860032,0.03991484832357637,0.0010643959552953698,0.028738690792974985,0.027674294837679615
"lcl|MCFH01000001.1_cds_ORX61117.1_379 [locus_tag=BCR36DRAFT_401366] [db_xref=InterPro:IPR003653,JGIDB:Pirfi3_401366] [protein=cysteine proteinase] [protein_id=ORX61117.1] [location=join(1910883..1911066,1911549..1911827,1911940..1911968,1912068..1912101,1912194..1912378,1912456..1912507,1912600..1912711,1912793..1913017,1913110..1913172,1913363..1913416,1913490..1913603,1913690..1913776,1913845..1913949,1914209..1916527,1916621..1916692,1916772..1916844,1917000..1917098,1917202..1917642)] [gbkey=CDS]",0.0245520902455209,0.021234240212342402,0.14001327140013273,0.06702057067020571,0.010617120106171201,0.033178500331785,0.07232913072329131,0.019907100199071003,0.019243530192435302,0.10019907100199071,0.0776376907763769,0.1108161911081619,0.017916390179163903,0.038487060384870604,0.0325149303251493,0.11811546118115461,0.0411413404114134,0.0013271400132714001,0.03185136031851361,0.021897810218978103
lcl|MCFH01000001.1_cds_ORX61118.1_380 [locus_tag=BCR36DRAFT_365702] [db_xref=JGIDB:Pirfi3_365702] [protein=hypothetical protein] [protein_id=ORX61118.1] [location=complement(1918890..1919198)] [gbkey=CDS],0.0594059405940594,0.009900990099009901,0.039603960396039604,0.0594059405940594,0.019801980198019802,0.019801980198019802,0.0594059405940594,0.0297029702970297,0,0.0891089108910891,0.09900990099009901,0.0891089108910891,0.009900990099009901,0.0594059405940594,0.009900990099009901,0.16831683168316833,0.0891089108910891,0,0.06930693069306931,0.019801980198019802
lcl|MCFH01000001.1_cds_ORX61119.1_381 [locus_tag=BCR36DRAFT_579173] [db_xref=JGIDB:Pirfi3_579173] [protein=hypothetical protein] [protein_id=ORX61119.1] [location=1920474..1920638] [gbkey=CDS],0.018867924528301886,0.018867924528301886,0.1320754716981132,0.09433962264150944,0,0.05660377358490566,0.09433962264150944,0,0,0.09433962264150944,0.09433962264150944,0.05660377358490566,0.018867924528301886,0.07547169811320754,0,0.05660377358490566,0.03773584905660377,0.018867924528301886,0.05660377358490566,0.07547169811320754
lcl|MCFH01000001.1_cds_ORX61120.1_382 [locus_tag=BCR36DRAFT_7145] [db_xref=JGIDB:Pirfi3_7145] [protein=hypothetical protein] [protein_id=ORX61120.1] [location=1921009..1921176] [gbkey=CDS],0,0.018518518518518517,0.09259259259259259,0.037037037037037035,0.018518518518518517,0,0.07407407407407407,0,0.05555555555555555,0.14814814814814814,0.16666666666666666,0.1111111111111111,0.018518518518518517,0.018518518518518517,0.018518518518518517,0.037037037037037035,0.037037037037037035,0.037037037037037035,0.037037037037037035,0.07407407407407407
lcl|MCFH01000001.1_cds_ORX61121.1_383 [locus_tag=BCR36DRAFT_273234] [db_xref=JGIDB:Pirfi3_273234] [protein=hypothetical protein] [protein_id=ORX61121.1] [location=1928250..1928537] [gbkey=CDS],0.031914893617021274,0.031914893617021274,0.13829787234042554,0.0851063829787234,0,0,0.06382978723404255,0.02127659574468085,0.031914893617021274,0.0851063829787234,0.0851063829787234,0.0851063829787234,0.010638297872340425,0.010638297872340425,0.0425531914893617,0.0851063829787234,0.09574468085106383,0,0.0425531914893617,0.05319148936170213
"lcl|MCFH01000001.1_cds_ORX61122.1_384 [locus_tag=BCR36DRAFT_579174] [db_xref=InterPro:IPR010401,JGIDB:Pirfi3_579174] [protein=hypothetical protein] [protein_id=ORX61122.1] [location=join(1931427..1931486,1931589..1931704,1931829..1931864,1931995..1932527,1932657..1933784,1933907..1934221,1934364..1934443,1934579..1934666,1935235..1935885,1936398..1936569,1936674..1938525)] [gbkey=CDS]",0.05850746268656717,0.05313432835820896,0.060298507462686564,0.06686567164179104,0.020895522388059702,0.025671641791044777,0.0591044776119403,0.0591044776119403,0.03044776119402985,0.0626865671641791,0.09373134328358208,0.060298507462686564,0.020895522388059702,0.03880597014925373,0.05492537313432836,0.05850746268656717,0.05492537313432836,0.016119402985074627,0.04835820895522388,0.056716417910447764
"lcl|MCFH01000001.1_cds_ORX61123.1_385 [locus_tag=BCR36DRAFT_394247] [db_xref=InterPro:IPR000756,InterPro:IPR001206,InterPro:IPR002219,JGIDB:Pirfi3_394247] [protein=hypothetical protein] [protein_id=ORX61123.1] [location=complement(join(1940419..1942036,1942170..1942812,1942913..1943198))] [gbkey=CDS]",0.02715466351829988,0.031877213695395513,0.09327036599763873,0.06257378984651712,0.025974025974025976,0.024793388429752067,0.06257378984651712,0.05667060212514758,0.020070838252656435,0.0885478158205431,0.07319952774498228,0.1050767414403778,0.010625737898465172,0.030696576151121605,0.03541912632821724,0.09681227863046045,0.04250295159386069,0.011806375442739079,0.04132231404958678,0.0590318772136954
"lcl|MCFH01000001.1_cds_ORX61124.1_386 [locus_tag=BCR36DRAFT_408100] [db_xref=JGIDB:Pirfi3_408100] [protein=hypothetical protein] [protein_id=ORX61124.1] [location=complement(join(1944357..1945276,1945369..1945414))] [gbkey=CDS]",0.00625,0.01875,0.184375,0.03125,0.00625,0.028125,0.1,0.0125,0.00625,0.1125,0.075,0.153125,0.009375,0.0375,0.034375,0.06875,0.059375,0.003125,0.025,0.028125
"lcl|MCFH01000001.1_cds_ORX61125.1_387 [locus_tag=BCR36DRAFT_365709] [db_xref=InterPro:IPR002877,JGIDB:Pirfi3_365709] [protein=FtsJ 1] [protein_id=ORX61125.1] [location=join(1946578..1946605,1946767..1946835,1946933..1947081,1947180..1947303,1947459..1947523,1947625..1947781,1947900..1948043,1948121..1948164,1948262..1948369)] [gbkey=CDS]",0.06462585034013606,0.04081632653061224,0.05782312925170068,0.06802721088435375,0.02040816326530612,0.05782312925170068,0.04421768707482993,0.047619047619047616,0.017006802721088437,0.07482993197278912,0.09183673469387756,0.08163265306122448,0.01020408163265306,0.04081632653061224,0.06462585034013606,0.07482993197278912,0.04081632653061224,0.006802721088435374,0.04081632653061224,0.05442176870748299
"lcl|MCFH01000001.1_cds_ORX61126.1_388 [locus_tag=BCR36DRAFT_315413] [db_xref=InterPro:IPR001841,InterPro:IPR003034,JGIDB:Pirfi3_315413] [protein=hypothetical protein] [protein_id=ORX61126.1] [location=join(1948948..1949096,1949210..1949335,1949485..1949882,1949989..1950272,1950360..1950759,1950910..1951547)] [gbkey=CDS]",0.015082956259426848,0.030165912518853696,0.13725490196078433,0.09351432880844646,0.016591251885369532,0.03167420814479638,0.07692307692307693,0.01809954751131222,0.033182503770739065,0.07993966817496229,0.06033182503770739,0.11010558069381599,0.015082956259426848,0.03619909502262444,0.03167420814479638,0.11764705882352941,0.0392156862745098,0.0030165912518853697,0.02262443438914027,0.03167420814479638
"lcl|MCFH01000001.1_cds_ORX61127.1_389 [locus_tag=BCR36DRAFT_408103] [db_xref=InterPro:IPR002048,JGIDB:Pirfi3_408103] [protein=Serine/threonine-protein phosphatase 2A regulatory subunit B] [protein_id=ORX61127.1] [location=complement(join(1952092..1952177,1952284..1952338,1952415..1952474,1952571..1952708,1952812..1952944,1953045..1953048,1953167..1953286,1953387..1953519,1953654..1953724,1953830..1953977,1954088..1954246,1954358..1954519))] [gbkey=CDS]",0.04275534441805225,0.021377672209026127,0.07600950118764846,0.06413301662707839,0.011876484560570071,0.035629453681710214,0.09026128266033254,0.035629453681710214,0.0166270783847981,0.07125890736342043,0.09501187648456057,0.08788598574821853,0.026128266033254157,0.07838479809976247,0.019002375296912115,0.0688836104513064,0.040380047505938245,0.007125890736342043,0.06413301662707839,0.047505938242280284
"lcl|MCFH01000001.1_cds_ORX61128.1_390 [locus_tag=BCR36DRAFT_408104] [db_xref=InterPro:IPR005821,JGIDB:Pirfi3_408104] [protein=hypothetical protein] [protein_id=ORX61128.1] [location=complement(join(1956045..1957315,1957401..1957548,1957665..1958174,1958268..1959666,1959769..1961195,1961539..1961843,1962035..1962410))] [gbkey=CDS]",0.027624309392265192,0.026519337016574586,0.09337016574585635,0.05359116022099448,0.014364640883977901,0.023756906077348067,0.05856353591160221,0.03425414364640884,0.013812154696132596,0.13370165745856355,0.08397790055248619,0.08232044198895028,0.016574585635359115,0.06961325966850829,0.022099447513812154,0.08950276243093923,0.05138121546961326,0.011049723756906077,0.045303867403314914,0.04861878453038674
"lcl|MCFH01000001.1_cds_ORX61129.1_391 [locus_tag=BCR36DRAFT_341431] [db_xref=InterPro:IPR005821,JGIDB:Pirfi3_341431] [protein=hypothetical protein] [protein_id=ORX61129.1] [location=complement(join(1964829..1967402,1967592..1968101,1968247..1971437,1971555..1971930))] [gbkey=CDS]",0.02618510158013544,0.036568848758465014,0.09751693002257336,0.053724604966139955,0.01399548532731377,0.02799097065462754,0.053724604966139955,0.02799097065462754,0.022573363431151242,0.10248306997742664,0.08848758465011286,0.09209932279909706,0.014898419864559819,0.06455981941309255,0.023024830699774266,0.09390519187358916,0.053724604966139955,0.01218961625282167,0.04108352144469526,0.05327313769751693
"lcl|MCFH01000001.1_cds_ORX61131.1_393 [locus_tag=BCR36DRAFT_394252] [db_xref=JGIDB:Pirfi3_394252] [protein=hypothetical protein] [protein_id=ORX61131.1] [location=complement(join(1976711..1976927,1977080..1977212,1977991..1978125,1978296..1978326))] [gbkey=CDS]",0.029411764705882353,0.029411764705882353,0.12352941176470589,0.11176470588235295,0.01764705882352941,0.029411764705882353,0.10588235294117647,0,0.03529411764705882,0.06470588235294118,0.06470588235294118,0.08823529411764706,0.01764705882352941,0.06470588235294118,0.029411764705882353,0.07058823529411765,0.06470588235294118,0.011764705882352941,0.01764705882352941,0.023529411764705882
"lcl|MCFH01000001.1_cds_ORX61132.1_394 [locus_tag=BCR36DRAFT_273751] [db_xref=InterPro:IPR010378,JGIDB:Pirfi3_273751] [protein=DUF974-domain-containing protein] [protein_id=ORX61132.1] [location=join(1980252..1980798,1980877..1981379)] [gbkey=CDS]",0.008620689655172414,0.034482758620689655,0.07183908045977011,0.05172413793103448,0.017241379310344827,0.0603448275862069,0.06896551724137931,0.040229885057471264,0.028735632183908046,0.09195402298850575,0.09195402298850575,0.06896551724137931,0.020114942528735632,0.04310344827586207,0.04310344827586207,0.06609195402298851,0.08045977011494253,0.0028735632183908046,0.04597701149425287,0.06321839080459771
"lcl|MCFH01000001.1_cds_ORX61133.1_395 [locus_tag=BCR36DRAFT_341439] [db_xref=JGIDB:Pirfi3_341439] [protein=hypothetical protein] [protein_id=ORX61133.1] [location=join(1985515..1985559,1985654..1986775)] [gbkey=CDS]",0.01808785529715762,0.0103359173126615,0.1421188630490956,0.03359173126614987,0.020671834625323,0.025839793281653745,0.031007751937984496,0.03359173126614987,0.03359173126614987,0.082687338501292,0.056847545219638244,0.082687338501292,0.03359173126614987,0.015503875968992248,0.041343669250646,0.15762273901808785,0.09302325581395349,0.002583979328165375,0.04909560723514212,0.03617571059431524
"lcl|MCFH01000001.1_cds_ORX61134.1_396 [locus_tag=BCR36DRAFT_365717] [db_xref=JGIDB:Pirfi3_365717] [protein=hypothetical protein] [protein_id=ORX61134.1] [location=complement(join(1988746..1988783,1988894..1989082,1989562..1989947,1990146..1990156))] [gbkey=CDS]",0.024271844660194174,0.043689320388349516,0.09223300970873786,0.06796116504854369,0.024271844660194174,0.0048543689320388345,0.08737864077669903,0.043689320388349516,0.0048543689320388345,0.11165048543689321,0.09223300970873786,0.10679611650485436,0.02912621359223301,0.05339805825242718,0.014563106796116505,0.07281553398058252,0.02912621359223301,0,0.06310679611650485,0.03398058252427184
"lcl|MCFH01000001.1_cds_ORX61135.1_397 [locus_tag=BCR36DRAFT_273708] [db_xref=InterPro:IPR000922,InterPro:IPR008630,JGIDB:Pirfi3_273708] [protein=hypothetical protein] [protein_id=ORX61135.1] [location=complement(join(1992087..1992591,1992801..1993033,1993273..1993887))] [gbkey=CDS]",0.031180400890868598,0.024498886414253896,0.07349665924276169,0.07126948775055679,0.0200445434298441,0.022271714922048998,0.08463251670378619,0.0467706013363029,0.028953229398663696,0.0801781737193764,0.066815144766147,0.11358574610244988,0.017817371937639197,0.0467706013363029,0.0334075723830735,0.066815144766147,0.035634743875278395,0.011135857461024499,0.066815144766147,0.05790645879732739
"lcl|MCFH01000001.1_cds_ORX61136.1_398 [locus_tag=BCR36DRAFT_365719] [db_xref=InterPro:IPR000922,InterPro:IPR008630,JGIDB:Pirfi3_365719] [protein=hypothetical protein] [protein_id=ORX61136.1] [location=complement(join(1996018..1996522,1996733..1996965,1997238..1998068))] [gbkey=CDS]",0.03262955854126679,0.023032629558541268,0.07869481765834933,0.06333973128598848,0.015355086372360844,0.02111324376199616,0.09021113243761997,0.04798464491362764,0.023032629558541268,0.08829174664107485,0.07293666026871401,0.11324376199616124,0.015355086372360844,0.044145873320537425,0.030710172744721688,0.05950095969289827,0.044145873320537425,0.009596928982725527,0.0671785028790787,0.05950095969289827
"lcl|MCFH01000001.1_cds_ORX61137.1_399 [locus_tag=BCR36DRAFT_579182] [db_xref=InterPro:IPR003455,JGIDB:Pirfi3_579182] [protein=polyketide synthesis O-methyltransferase] [protein_id=ORX61137.1] [location=1999428..2000261] [gbkey=CDS]",0.028985507246376812,0.028985507246376812,0.07246376811594203,0.07246376811594203,0.018115942028985508,0.010869565217391304,0.07971014492753623,0.028985507246376812,0.025362318840579712,0.12318840579710146,0.07971014492753623,0.10507246376811594,0.025362318840579712,0.04710144927536232,0.018115942028985508,0.06521739130434782,0.05434782608695652,0.014492753623188406,0.036231884057971016,0.06521739130434782
"lcl|MCFH01000001.1_cds_ORX61138.1_400 [locus_tag=BCR36DRAFT_579183] [db_xref=InterPro:IPR000182,JGIDB:Pirfi3_579183] [protein=acetyltransferase, GNAT family] [protein_id=ORX61138.1] [location=2001671..2002126] [gbkey=CDS]",0.06666666666666667,0.03333333333333333,0.04666666666666667,0.06,0.006666666666666667,0.03333333333333333,0.07333333333333333,0.04666666666666667,0.02666666666666667,0.09333333333333334,0.07333333333333333,0.10666666666666667,0.02,0.05333333333333334,0.013333333333333334,0.09333333333333334,0.04,0.02,0.04,0.05333333333333334
lcl|MCFH01000001.1_cds_ORX61139.1_401 [locus_tag=BCR36DRAFT_579184] [db_xref=JGIDB:Pirfi3_579184] [protein=hypothetical protein] [protein_id=ORX61139.1] [location=2006385..2007002] [gbkey=CDS],0.00980392156862745,0.03431372549019608,0.08333333333333333,0.06372549019607843,0.029411764705882353,0.04411764705882353,0.04411764705882353,0.058823529411764705,0.03431372549019608,0.03431372549019608,0.06372549019607843,0.058823529411764705,0.024509803921568627,0.029411764705882353,0.0392156862745098,0.19117647058823528,0.058823529411764705,0.014705882352941176,0.07352941176470588,0.00980392156862745
"lcl|MCFH01000001.1_cds_ORX61140.1_402 [locus_tag=BCR36DRAFT_341455] [db_xref=JGIDB:Pirfi3_341455] [protein=hypothetical protein] [protein_id=ORX61140.1] [location=complement(join(2008500..2009062,2009426..2009927))] [gbkey=CDS]",0.019830028328611898,0.053824362606232294,0.08498583569405099,0.0708215297450425,0.0028328611898017,0.0113314447592068,0.11898016997167139,0.036827195467422094,0.014164305949008499,0.1048158640226629,0.07365439093484419,0.11898016997167139,0.0113314447592068,0.06232294617563739,0.019830028328611898,0.0821529745042493,0.031161473087818695,0.0056657223796034,0.042492917847025496,0.0339943342776204
"lcl|MCFH01000001.1_cds_ORX61141.1_403 [locus_tag=BCR36DRAFT_273316] [db_xref=JGIDB:Pirfi3_273316] [protein=hypothetical protein] [protein_id=ORX61141.1] [location=join(2010482..2010719,2010759..2011572,2011690..2012041)] [gbkey=CDS]",0.017167381974248927,0.04291845493562232,0.11158798283261803,0.1223175965665236,0.006437768240343348,0.008583690987124463,0.11158798283261803,0.03862660944206009,0.01072961373390558,0.10944206008583691,0.06437768240343347,0.11587982832618025,0.012875536480686695,0.0536480686695279,0.017167381974248927,0.06223175965665236,0.02575107296137339,0.002145922746781116,0.03862660944206009,0.027896995708154508
"lcl|MCFH01000001.1_cds_ORX61142.1_404 [locus_tag=BCR36DRAFT_579185] [db_xref=InterPro:IPR000612,JGIDB:Pirfi3_579185] [protein=UPF0057-domain-containing protein] [protein_id=ORX61142.1] [location=complement(2014519..2014692)] [gbkey=CDS]",0.05357142857142857,0.017857142857142856,0.017857142857142856,0.05357142857142857,0.07142857142857142,0,0.017857142857142856,0.07142857142857142,0.017857142857142856,0.19642857142857142,0.10714285714285714,0.03571428571428571,0,0.08928571428571429,0.07142857142857142,0.017857142857142856,0.05357142857142857,0.017857142857142856,0.03571428571428571,0.05357142857142857
"lcl|MCFH01000001.1_cds_ORX61143.1_405 [locus_tag=BCR36DRAFT_7428] [db_xref=InterPro:IPR000195,JGIDB:Pirfi3_7428] [protein=hypothetical protein] [protein_id=ORX61143.1] [location=join(2020200..2020299,2020489..2020569,2020732..2020849,2021008..2021092,2021234..2021398,2021728..2021846,2022011..2022061,2022168..2022369)] [gbkey=CDS]",0.04590163934426229,0.029508196721311476,0.04262295081967213,0.06229508196721312,0.02622950819672131,0.04590163934426229,0.06557377049180328,0.019672131147540985,0.013114754098360656,0.09180327868852459,0.10491803278688525,0.08852459016393442,0.019672131147540985,0.05573770491803279,0.029508196721311476,0.07868852459016394,0.04590163934426229,0.02622950819672131,0.04590163934426229,0.06229508196721312
lcl|MCFH01000001.1_cds_ORX61144.1_406 [locus_tag=BCR36DRAFT_341461] [db_xref=JGIDB:Pirfi3_341461] [protein=hypothetical protein] [protein_id=ORX61144.1] [location=2026953..2028302] [gbkey=CDS],0.024553571428571428,0.017857142857142856,0.125,0.05803571428571429,0.022321428571428572,0.03125,0.049107142857142856,0.022321428571428572,0.022321428571428572,0.11830357142857142,0.05803571428571429,0.09598214285714286,0.006696428571428571,0.05133928571428571,0.049107142857142856,0.11830357142857142,0.044642857142857144,0.002232142857142857,0.05580357142857143,0.026785714285714284
"lcl|MCFH01000001.1_cds_ORX61145.1_407 [locus_tag=BCR36DRAFT_272201] [db_xref=InterPro:IPR004254,JGIDB:Pirfi3_272201] [protein=HlyIII-domain-containing protein] [protein_id=ORX61145.1] [location=join(2030624..2030770,2030879..2031126,2031283..2031379,2031491..2031613,2031768..2031896,2032015..2032137)] [gbkey=CDS]",0.03832752613240418,0.024390243902439025,0.04878048780487805,0.03832752613240418,0.024390243902439025,0.010452961672473868,0.020905923344947737,0.05226480836236934,0.03484320557491289,0.0975609756097561,0.13240418118466898,0.041811846689895474,0.027874564459930314,0.07317073170731707,0.03832752613240418,0.10801393728222997,0.0313588850174216,0.013937282229965157,0.08710801393728224,0.05574912891986063
"lcl|MCFH01000001.1_cds_ORX61146.1_408 [locus_tag=BCR36DRAFT_365730] [db_xref=InterPro:IPR015966,InterPro:IPR015968,JGIDB:Pirfi3_365730] [protein=hypothetical protein] [protein_id=ORX61146.1] [location=join(2034838..2035050,2035285..2035581,2035719..2035902,2036007..2036121,2036285..2036735,2036911..2038119)] [gbkey=CDS]",0.030450669914738125,0.029232643118148598,0.07551766138855055,0.05602923264311815,0.012180267965895249,0.03288672350791717,0.09866017052375152,0.03654080389768575,0.0194884287454324,0.08160779537149818,0.08160779537149818,0.11571254567600488,0.013398294762484775,0.0535931790499391,0.037758830694275276,0.048721071863580996,0.057247259439707675,0.013398294762484775,0.05115712545676005,0.05481120584652863
"lcl|MCFH01000001.1_cds_ORX61147.1_409 [locus_tag=BCR36DRAFT_7506] [db_xref=InterPro:IPR007217,JGIDB:Pirfi3_7506] [protein=hypothetical protein] [protein_id=ORX61147.1] [location=2045367..2046320] [gbkey=CDS]",0.04430379746835443,0.04430379746835443,0.04430379746835443,0.03481012658227848,0.0379746835443038,0.015822784810126583,0.04113924050632911,0.028481012658227847,0.015822784810126583,0.08860759493670886,0.08227848101265822,0.0759493670886076,0.03164556962025317,0.0981012658227848,0.028481012658227847,0.08227848101265822,0.0379746835443038,0.02531645569620253,0.08227848101265822,0.060126582278481014
"lcl|MCFH01000001.1_cds_ORX61148.1_410 [locus_tag=BCR36DRAFT_272152] [db_xref=JGIDB:Pirfi3_272152] [protein=hypothetical protein] [protein_id=ORX61148.1] [location=join(2050432..2050510,2050610..2050920)] [gbkey=CDS]",0.0234375,0.0078125,0.078125,0.046875,0,0.03125,0.125,0.0625,0.0078125,0.0625,0.046875,0.234375,0,0.015625,0.03125,0.0625,0.0625,0.0234375,0.015625,0.0625
"lcl|MCFH01000001.1_cds_ORX61149.1_411 [locus_tag=BCR36DRAFT_7517] [db_xref=InterPro:IPR006630,JGIDB:Pirfi3_7517] [protein=hypothetical protein] [protein_id=ORX61149.1] [location=join(2051154..2053216,2053348..2053363)] [gbkey=CDS]",0.024602026049204053,0.04775687409551375,0.06367583212735166,0.06801736613603473,0.005788712011577424,0.03762662807525326,0.12156295224312591,0.060781476121562955,0.017366136034732273,0.053545586107091175,0.059334298118668596,0.1316931982633864,0.020260492040520984,0.05065123010130246,0.03762662807525326,0.07959479015918958,0.03328509406657019,0.011577424023154847,0.05065123010130246,0.024602026049204053
"lcl|MCFH01000001.1_cds_ORX61150.1_412 [locus_tag=BCR36DRAFT_7544] [db_xref=JGIDB:Pirfi3_7544] [protein=hypothetical protein] [protein_id=ORX61150.1] [location=complement(join(2055648..2058230,2058456..2060216,2060400..2060429))] [gbkey=CDS]",0.016483516483516484,0.025412087912087912,0.14491758241758243,0.08035714285714286,0.007554945054945055,0.04189560439560439,0.11607142857142858,0.009615384615384616,0.017857142857142856,0.09271978021978022,0.10164835164835165,0.14560439560439561,0.01510989010989011,0.018543956043956044,0.008928571428571428,0.0625,0.048763736263736264,0.003434065934065934,0.025412087912087912,0.017170329670329672
"lcl|MCFH01000001.1_cds_ORX61151.1_413 [locus_tag=BCR36DRAFT_408124] [db_xref=JGIDB:Pirfi3_408124] [protein=hypothetical protein] [protein_id=ORX61151.1] [location=complement(join(2061604..2062229,2062433..2062631,2062845..2063246))] [gbkey=CDS]",0.05405405405405406,0.09828009828009827,0.06633906633906633,0.05405405405405406,0,0.036855036855036855,0.18181818181818182,0.0343980343980344,0.002457002457002457,0.03931203931203931,0.0687960687960688,0.1597051597051597,0.02457002457002457,0.009828009828009828,0.0171990171990172,0.07616707616707617,0.019656019656019656,0,0.03194103194103194,0.02457002457002457
lcl|MCFH01000001.1_cds_ORX61152.1_414 [locus_tag=BCR36DRAFT_579198] [db_xref=JGIDB:Pirfi3_579198] [protein=hypothetical protein] [protein_id=ORX61152.1] [location=2073258..2074703] [gbkey=CDS],0.03333333333333333,0.035416666666666666,0.10416666666666667,0.04791666666666667,0.016666666666666666,0.03125,0.03333333333333333,0.04791666666666667,0.008333333333333333,0.07916666666666666,0.09166666666666666,0.06666666666666667,0.020833333333333332,0.07916666666666666,0.025,0.08125,0.058333333333333334,0.016666666666666666,0.07708333333333334,0.04583333333333333
lcl|MCFH01000001.1_cds_ORX61153.1_415 [locus_tag=BCR36DRAFT_341477] [db_xref=JGIDB:Pirfi3_341477] [protein=hypothetical protein] [protein_id=ORX61153.1] [location=2078078..2079376] [gbkey=CDS],0.018561484918793503,0.04640371229698376,0.11600928074245939,0.0951276102088167,0.0069605568445475635,0.016241299303944315,0.09280742459396751,0.03248259860788863,0.013921113689095127,0.0951276102088167,0.08120649651972157,0.11136890951276102,0.01160092807424594,0.06496519721577726,0.018561484918793503,0.060324825986078884,0.03480278422273782,0.004640371229698376,0.04408352668213457,0.03480278422273782
"lcl|MCFH01000001.1_cds_ORX61155.1_417 [locus_tag=BCR36DRAFT_315473] [db_xref=JGIDB:Pirfi3_315473] [protein=hypothetical protein] [protein_id=ORX61155.1] [location=complement(join(2086789..2087472,2087518..2087991))] [gbkey=CDS]",0.015625,0.049479166666666664,0.12239583333333333,0.09895833333333333,0.0078125,0.015625,0.08072916666666667,0.026041666666666668,0.013020833333333334,0.09375,0.09375,0.09635416666666667,0.015625,0.0625,0.020833333333333332,0.0546875,0.0390625,0.0078125,0.052083333333333336,0.033854166666666664
"lcl|MCFH01000001.1_cds_ORX61156.1_418 [locus_tag=BCR36DRAFT_341482] [db_xref=JGIDB:Pirfi3_341482] [protein=hypothetical protein] [protein_id=ORX61156.1] [location=complement(join(2092724..2093771,2093852..2094192))] [gbkey=CDS]",0.03036876355748373,0.028199566160520606,0.10412147505422993,0.05422993492407809,0.013015184381778741,0.028199566160520606,0.026030368763557483,0.06290672451193059,0.008676789587852495,0.08893709327548807,0.06941431670281996,0.07592190889370933,0.019522776572668113,0.07592190889370933,0.015184381778741865,0.07809110629067245,0.05856832971800434,0.021691973969631236,0.09327548806941431,0.04772234273318872
"lcl|MCFH01000001.1_cds_ORX61157.1_419 [locus_tag=BCR36DRAFT_365740] [db_xref=InterPro:IPR001611,JGIDB:Pirfi3_365740] [protein=L domain-like protein] [protein_id=ORX61157.1] [location=join(2098039..2098180,2098263..2098650,2098740..2098820,2099114..2099185,2099274..2099345,2099427..2099498,2099613..2099832)] [gbkey=CDS]",0.005763688760806916,0.020172910662824207,0.1585014409221902,0.037463976945244955,0.020172910662824207,0.020172910662824207,0.069164265129683,0.0345821325648415,0.008645533141210375,0.08645533141210375,0.10662824207492795,0.11239193083573487,0.011527377521613832,0.0345821325648415,0.023054755043227664,0.09221902017291066,0.06340057636887608,0.01440922190201729,0.040345821325648415,0.040345821325648415
"lcl|MCFH01000001.1_cds_ORX61158.1_420 [locus_tag=BCR36DRAFT_341489] [db_xref=JGIDB:Pirfi3_341489] [protein=hypothetical protein] [protein_id=ORX61158.1] [location=join(2100480..2100681,2100897..2100926,2101155..2101253,2101332..2101455,2101562..2101658,2101759..2101893,2101984..2102070,2102178..2102265,2102372..2102526)] [gbkey=CDS]",0.04154302670623145,0.02967359050445104,0.09198813056379822,0.11869436201780416,0,0.026706231454005934,0.13353115727002968,0.03857566765578635,0.008902077151335312,0.06824925816023739,0.03857566765578635,0.14836795252225518,0.03857566765578635,0.02373887240356083,0.032640949554896145,0.05637982195845697,0.011869436201780416,0.011869436201780416,0.03560830860534125,0.04451038575667656
"lcl|MCFH01000001.1_cds_ORX61159.1_421 [locus_tag=BCR36DRAFT_579203] [db_xref=InterPro:IPR005821,JGIDB:Pirfi3_579203] [protein=hypothetical protein] [protein_id=ORX61159.1] [location=complement(join(2102999..2103049,2103125..2103217,2103301..2103408,2103508..2103596,2103691..2103763,2103860..2103964,2104075..2104250,2104398..2104532,2104613..2104775,2104885..2105076,2105201..2105209))] [gbkey=CDS]",0.027777777777777776,0.030303030303030304,0.050505050505050504,0.07828282828282829,0.005050505050505051,0.027777777777777776,0.05555555555555555,0.04292929292929293,0.005050505050505051,0.10101010101010101,0.13131313131313133,0.07323232323232323,0.022727272727272728,0.08333333333333333,0.020202020202020204,0.06818181818181818,0.050505050505050504,0.012626262626262626,0.04292929292929293,0.0707070707070707
lcl|MCFH01000001.1_cds_ORX61160.1_422 [locus_tag=BCR36DRAFT_439720] [db_xref=JGIDB:Pirfi3_439720] [protein=hypothetical protein] [protein_id=ORX61160.1] [location=2106837..2107298] [gbkey=CDS],0.013157894736842105,0.013157894736842105,0.09868421052631579,0.03289473684210526,0.013157894736842105,0.039473684210526314,0.013157894736842105,0.03289473684210526,0.02631578947368421,0.13157894736842105,0.13815789473684212,0.1513157894736842,0.006578947368421052,0.046052631578947366,0.006578947368421052,0.046052631578947366,0.02631578947368421,0,0.13157894736842105,0.03289473684210526
"lcl|MCFH01000001.1_cds_ORX61161.1_423 [locus_tag=BCR36DRAFT_394265] [db_xref=InterPro:IPR001936,JGIDB:Pirfi3_394265] [protein=ras GTPase-activating protein] [protein_id=ORX61161.1] [location=join(2108220..2108370,2108483..2108525,2108600..2109687,2109770..2109996)] [gbkey=CDS]",0.017964071856287425,0.015968063872255488,0.09181636726546906,0.0658682634730539,0.023952095808383235,0.027944111776447105,0.09580838323353294,0.027944111776447105,0.015968063872255488,0.10179640718562874,0.08183632734530938,0.08982035928143713,0.02594810379241517,0.04790419161676647,0.029940119760479042,0.12574850299401197,0.043912175648702596,0.001996007984031936,0.033932135728542916,0.033932135728542916
"lcl|MCFH01000001.1_cds_ORX61162.1_424 [locus_tag=BCR36DRAFT_408134] [db_xref=InterPro:IPR001440,InterPro:IPR013105,JGIDB:Pirfi3_408134] [protein=TPR-like protein] [protein_id=ORX61162.1] [location=complement(join(2111770..2111826,2111928..2111965,2112075..2112284,2112363..2112597,2112685..2112835,2112901..2113283,2113411..2113597,2113682..2113874,2113957..2114066,2114158..2114617,2114778..2115150))] [gbkey=CDS]",0.07277289836888332,0.028858218318695106,0.0903387703889586,0.04015056461731493,0.01756587202007528,0.050188205771643665,0.07528230865746549,0.053952321204516936,0.011292346298619825,0.07653701380175659,0.07904642409033877,0.08281053952321205,0.025094102885821833,0.03638644918444166,0.027603513174404015,0.0890840652446675,0.03889585947302384,0.006273525721455458,0.05269761606022585,0.0451693851944793
"lcl|MCFH01000001.1_cds_ORX61163.1_425 [locus_tag=BCR36DRAFT_579207] [db_xref=InterPro:IPR000555,JGIDB:Pirfi3_579207] [protein=Mov34-domain-containing protein] [protein_id=ORX61163.1] [location=complement(join(2118683..2118696,2118790..2118964,2119048..2119215,2119327..2119503,2119627..2119708,2119951..2120128,2120488..2120500,2120644..2120766))] [gbkey=CDS]",0.048701298701298704,0.03896103896103896,0.048701298701298704,0.05519480519480519,0.006493506493506494,0.06493506493506493,0.06168831168831169,0.06493506493506493,0.03896103896103896,0.04220779220779221,0.09415584415584416,0.05844155844155844,0.06493506493506493,0.01948051948051948,0.03571428571428571,0.07467532467532467,0.05194805194805195,0.00974025974025974,0.022727272727272728,0.09740259740259741
"lcl|MCFH01000001.1_cds_ORX61164.1_426 [locus_tag=BCR36DRAFT_341503] [db_xref=InterPro:IPR001680,InterPro:IPR007190,JGIDB:Pirfi3_341503] [protein=WD40 repeat-like protein] [protein_id=ORX61164.1] [location=join(2121795..2121812,2122139..2122251,2122355..2122449,2122564..2123251,2123358..2124986,2125059..2125167)] [gbkey=CDS]",0.047619047619047616,0.04421768707482993,0.05782312925170068,0.07256235827664399,0.012471655328798186,0.03741496598639456,0.049886621315192746,0.06575963718820861,0.017006802721088437,0.05782312925170068,0.08390022675736962,0.06689342403628118,0.030612244897959183,0.05668934240362812,0.030612244897959183,0.0873015873015873,0.06689342403628118,0.017006802721088437,0.03968253968253968,0.05782312925170068
"lcl|MCFH01000001.1_cds_ORX61165.1_427 [locus_tag=BCR36DRAFT_341505] [db_xref=InterPro:IPR011063,JGIDB:Pirfi3_341505] [protein=adenine nucleotide alpha hydrolases-like protein] [protein_id=ORX61165.1] [location=complement(join(2125558..2125770,2125853..2125871,2125979..2126126,2126221..2126460,2126599..2126718,2126804..2126918,2127016..2127134,2127253..2127466))] [gbkey=CDS]",0.04568527918781726,0.048223350253807105,0.07868020304568528,0.050761421319796954,0.03299492385786802,0.02284263959390863,0.07614213197969544,0.0583756345177665,0.012690355329949238,0.07106598984771574,0.07868020304568528,0.12436548223350254,0.030456852791878174,0.030456852791878174,0.027918781725888325,0.06091370558375635,0.04568527918781726,0.0025380710659898475,0.04060913705583756,0.06091370558375635
"lcl|MCFH01000001.1_cds_ORX61166.1_428 [locus_tag=BCR36DRAFT_7724] [db_xref=JGIDB:Pirfi3_7724] [protein=hypothetical protein] [protein_id=ORX61166.1] [location=join(2128751..2129320,2130724..2130744)] [gbkey=CDS]",0.03076923076923077,0.035897435897435895,0.10256410256410256,0.05128205128205128,0.010256410256410256,0.03076923076923077,0.07692307692307693,0.046153846153846156,0.020512820512820513,0.11282051282051282,0.07179487179487179,0.14358974358974358,0.005128205128205128,0.035897435897435895,0.020512820512820513,0.05641025641025641,0.06153846153846154,0.020512820512820513,0.020512820512820513,0.046153846153846156
"lcl|MCFH01000001.1_cds_ORX61168.1_430 [locus_tag=BCR36DRAFT_579211] [db_xref=InterPro:IPR001563,JGIDB:Pirfi3_579211] [protein=hypothetical protein] [protein_id=ORX61168.1] [location=complement(join(2132381..2132464,2132616..2132886,2132978..2133228,2133331..2133425,2133520..2134075,2134230..2134493))] [gbkey=CDS]",0.041584158415841586,0.02574257425742574,0.07326732673267326,0.06732673267326733,0.02574257425742574,0.04356435643564356,0.06336633663366337,0.07722772277227723,0.015841584158415842,0.061386138613861385,0.0891089108910891,0.061386138613861385,0.02574257425742574,0.05148514851485148,0.04554455445544554,0.061386138613861385,0.04554455445544554,0.02178217821782178,0.05148514851485148,0.05148514851485148
"lcl|MCFH01000001.1_cds_ORX61169.1_431 [locus_tag=BCR36DRAFT_579212] [db_xref=InterPro:IPR002110,JGIDB:Pirfi3_579212] [protein=ankyrin] [protein_id=ORX61169.1] [location=2137390..2141202] [gbkey=CDS]",0.055161544523246654,0.018124507486209612,0.13869188337273444,0.061465721040189124,0.015760441292356184,0.030732860520094562,0.05358550039401103,0.029156816390858944,0.013396375098502758,0.1095350669818755,0.11505122143420016,0.09692671394799054,0.02364066193853428,0.03309692671394799,0.016548463356973995,0.05358550039401103,0.04334121355397951,7.880220646178094e-4,0.045705279747832936,0.045705279747832936
"lcl|MCFH01000001.1_cds_ORX61170.1_432 [locus_tag=BCR36DRAFT_408141] [db_xref=InterPro:IPR002110,JGIDB:Pirfi3_408141] [protein=ankyrin] [protein_id=ORX61170.1] [location=join(2142442..2146233,2146429..2146488)] [gbkey=CDS]",0.0514820592823713,0.030421216848673948,0.13806552262090482,0.05694227769110764,0.0171606864274571,0.028081123244929798,0.056162246489859596,0.0327613104524181,0.00858034321372855,0.11778471138845553,0.10686427457098284,0.08580343213728549,0.0218408736349454,0.0405616224648986,0.0171606864274571,0.054602184087363496,0.0390015600624025,0.00234009360374415,0.05226209048361934,0.0421216848673947
"lcl|MCFH01000001.1_cds_ORX61171.1_433 [locus_tag=BCR36DRAFT_7796] [db_xref=JGIDB:Pirfi3_7796] [protein=hypothetical protein] [protein_id=ORX61171.1] [location=join(2147459..2147525,2147606..2147708,2147836..2147969,2148107..2148288,2148465..2148646,2148750..2148931,2149085..2149383,2149479..2149562)] [gbkey=CDS]",0.03667481662591687,0.04645476772616137,0.08312958435207823,0.034229828850855744,0.009779951100244499,0.06356968215158924,0.1295843520782396,0.017114914425427872,0.009779951100244499,0.08312958435207823,0.09290953545232274,0.16381418092909536,0.02689486552567237,0.029339853300733496,0.004889975550122249,0.061124694376528114,0.039119804400977995,0,0.034229828850855744,0.034229828850855744
"lcl|MCFH01000001.1_cds_ORX61172.1_434 [locus_tag=BCR36DRAFT_579215] [db_xref=JGIDB:Pirfi3_579215] [protein=hypothetical protein] [protein_id=ORX61172.1] [location=join(2152322..2152565,2152655..2152693,2152782..2152819,2152915..2153073)] [gbkey=CDS]",0.0189873417721519,0.0379746835443038,0.08227848101265822,0.0379746835443038,0.0189873417721519,0.04430379746835443,0.06329113924050633,0.03164556962025317,0.0189873417721519,0.12025316455696203,0.08227848101265822,0.0759493670886076,0,0.04430379746835443,0.056962025316455694,0.08860759493670886,0.05063291139240506,0.012658227848101266,0.056962025316455694,0.056962025316455694
"lcl|MCFH01000001.1_cds_ORX61173.1_435 [locus_tag=BCR36DRAFT_439738] [db_xref=InterPro:IPR000048,InterPro:IPR001452,InterPro:IPR001609,InterPro:IPR010926,JGIDB:Pirfi3_439738] [protein=hypothetical protein] [protein_id=ORX61173.1] [location=join(2155113..2155285,2155418..2155512,2155621..2155637,2155720..2155766,2155867..2155914,2156013..2156029,2156128..2156155,2156388..2156439,2156583..2156726,2156880..2159504,2159639..2159752,2159872..2159901)] [gbkey=CDS]",0.0549645390070922,0.03723404255319149,0.0673758865248227,0.04964539007092199,0.014184397163120567,0.0425531914893617,0.06205673758865248,0.0549645390070922,0.015957446808510637,0.08067375886524823,0.07092198581560284,0.09840425531914894,0.018617021276595744,0.04698581560283688,0.051418439716312055,0.061170212765957445,0.06382978723404255,0.007978723404255319,0.044326241134751775,0.05673758865248227
"lcl|MCFH01000001.1_cds_ORX61175.1_437 [locus_tag=BCR36DRAFT_7884] [db_xref=JGIDB:Pirfi3_7884] [protein=hypothetical protein] [protein_id=ORX61175.1] [location=join(2164911..2164929,2165412..2165436,2165622..2165868,2166021..2166089)] [gbkey=CDS]",0.03389830508474576,0.025423728813559324,0.0423728813559322,0.05084745762711865,0.025423728813559324,0.025423728813559324,0.06779661016949153,0.0423728813559322,0.0423728813559322,0.0847457627118644,0.05084745762711865,0.059322033898305086,0,0.06779661016949153,0.09322033898305085,0.07627118644067797,0.06779661016949153,0.025423728813559324,0.05084745762711865,0.06779661016949153
"lcl|MCFH01000001.1_cds_ORX61176.1_438 [locus_tag=BCR36DRAFT_394278] [db_xref=JGIDB:Pirfi3_394278] [protein=hypothetical protein] [protein_id=ORX61176.1] [location=join(2166346..2166411,2166803..2166893,2167001..2167131,2167208..2167345,2167420..2167741,2167868..2168039,2168147..2168247,2168336..2168394,2168512..2168550)] [gbkey=CDS]",0.03504043126684636,0.02425876010781671,0.0646900269541779,0.08355795148247978,0.01078167115902965,0.026954177897574125,0.0646900269541779,0.03504043126684636,0.013477088948787063,0.09703504043126684,0.10242587601078167,0.09164420485175202,0.013477088948787063,0.0673854447439353,0.0431266846361186,0.08355795148247978,0.05929919137466307,0.01078167115902965,0.029649595687331536,0.0431266846361186
"lcl|MCFH01000001.1_cds_ORX61177.1_439 [locus_tag=BCR36DRAFT_341539] [db_xref=InterPro:IPR017442,JGIDB:Pirfi3_341539] [protein=kinase-like protein] [protein_id=ORX61177.1] [location=join(2171995..2172106,2172227..2172337,2172417..2172565,2172638..2172695,2172805..2172975,2173096..2173429,2173562..2173580)] [gbkey=CDS]",0.03164556962025317,0.06962025316455696,0.05379746835443038,0.060126582278481014,0.012658227848101266,0.02531645569620253,0.05379746835443038,0.0759493670886076,0.03164556962025317,0.056962025316455694,0.10759493670886076,0.07911392405063292,0.02531645569620253,0.056962025316455694,0.03481012658227848,0.04113924050632911,0.056962025316455694,0.00949367088607595,0.06329113924050633,0.05379746835443038
"lcl|MCFH01000001.1_cds_ORX61178.1_440 [locus_tag=BCR36DRAFT_341544] [db_xref=InterPro:IPR002553,InterPro:IPR008152,InterPro:IPR015151,JGIDB:Pirfi3_341544] [protein=hypothetical protein] [protein_id=ORX61178.1] [location=join(2175349..2175403,2175848..2176101,2176234..2176479,2176584..2176702,2176827..2177041,2177136..2177349,2177470..2177635,2177730..2177921,2178052..2178228,2178329..2178558,2178707..2179504,2179622..2179994,2180080..2180241)] [gbkey=CDS]",0.05070422535211268,0.030985915492957747,0.15023474178403756,0.05821596244131456,0.009389671361502348,0.04225352112676056,0.054460093896713614,0.02629107981220657,0.009389671361502348,0.07605633802816901,0.09671361502347418,0.061971830985915494,0.05727699530516432,0.038497652582159626,0.04037558685446009,0.05352112676056338,0.044131455399061034,0.006572769953051643,0.03192488262910798,0.06103286384976526
"lcl|MCFH01000001.1_cds_ORX61179.1_441 [locus_tag=BCR36DRAFT_408150] [db_xref=InterPro:IPR007034,InterPro:IPR012948,InterPro:IPR013684,JGIDB:Pirfi3_408150] [protein=DUF663-domain-containing protein] [protein_id=ORX61179.1] [location=complement(join(2180819..2183112,2183233..2183437,2183698..2184218,2184366..2184456,2184580..2184726,2185192..2185287))] [gbkey=CDS]",0.0492831541218638,0.05734767025089606,0.05913978494623656,0.08243727598566308,0.007168458781362007,0.02867383512544803,0.11738351254480286,0.05017921146953405,0.015232974910394265,0.05824372759856631,0.07616487455197132,0.11559139784946236,0.022401433691756272,0.04121863799283154,0.044802867383512544,0.043010752688172046,0.0456989247311828,0.008064516129032258,0.027777777777777776,0.05017921146953405
"lcl|MCFH01000001.1_cds_ORX61180.1_442 [locus_tag=BCR36DRAFT_579222] [db_xref=InterPro:IPR000073,JGIDB:Pirfi3_579222] [protein=protein phosphatase methylesterase] [protein_id=ORX61180.1] [location=join(2186334..2186407,2186788..2186866,2187150..2187312,2187540..2187660,2187757..2187933,2188043..2188179,2188298..2188363,2188480..2188524,2188638..2188813)] [gbkey=CDS]",0.05813953488372093,0.0436046511627907,0.061046511627906974,0.040697674418604654,0.014534883720930232,0.046511627906976744,0.06976744186046512,0.05813953488372093,0.02616279069767442,0.061046511627906974,0.09883720930232558,0.06686046511627906,0.01744186046511628,0.055232558139534885,0.05232558139534884,0.07848837209302326,0.05232558139534884,0.011627906976744186,0.02616279069767442,0.061046511627906974
"lcl|MCFH01000001.1_cds_ORX61182.1_444 [locus_tag=BCR36DRAFT_315547] [db_xref=InterPro:IPR000873,JGIDB:Pirfi3_315547] [protein=acetyl-CoA synthetase-like protein] [protein_id=ORX61182.1] [location=join(2195480..2196059,2196308..2197356)] [gbkey=CDS]",0.07208872458410351,0.031423290203327174,0.04990757855822551,0.04805914972273567,0.0166358595194085,0.029574861367837338,0.07948243992606285,0.05545286506469501,0.02033271719038817,0.07393715341959335,0.09242144177449169,0.07393715341959335,0.011090573012939002,0.04805914972273567,0.06099815157116451,0.04990757855822551,0.07393715341959335,0.009242144177449169,0.031423290203327174,0.07208872458410351
"lcl|MCFH01000001.1_cds_ORX61183.1_445 [locus_tag=BCR36DRAFT_408154] [db_xref=JGIDB:Pirfi3_408154] [protein=hypothetical protein] [protein_id=ORX61183.1] [location=join(2203800..2204241,2204600..2209521,2209644..2210327,2210453..2210481,2210618..2210691,2210803..2210846)] [gbkey=CDS]",0.015511391177896268,0.030053320407174018,0.15511391177896267,0.060106640814348036,0.008240426563257392,0.029083858458555503,0.057682985942801746,0.014541929229277752,0.021812893843916627,0.09500727096461464,0.06834706737760543,0.1328162869607368,0.009694619486185167,0.031022782355792537,0.033446437227338824,0.11924381968007755,0.047988366456616575,0.0033931168201648087,0.036354823073194376,0.030538051381483276
"lcl|MCFH01000001.1_cds_ORX61185.1_447 [locus_tag=BCR36DRAFT_315559] [db_xref=InterPro:IPR001830,InterPro:IPR003337,JGIDB:Pirfi3_315559] [protein=hypothetical protein] [protein_id=ORX61185.1] [location=join(2218375..2218999,2219179..2219899,2220024..2220186,2220286..2220453,2220574..2220981,2221109..2221381,2221567..2221586,2221834..2221911,2222012..2222111,2222267..2222839)] [gbkey=CDS]",0.043227665706051875,0.04226705091258405,0.06628242074927954,0.04707012487992315,0.010566762728146013,0.049951969260326606,0.07396733909702209,0.03842459173871278,0.023054755043227664,0.08069164265129683,0.1037463976945245,0.07492795389048991,0.01633045148895293,0.03650336215177714,0.03362151777137368,0.10662824207492795,0.04418828049951969,0.012487992315081652,0.04610951008645533,0.049951969260326606
"lcl|MCFH01000001.1_cds_ORX61186.1_448 [locus_tag=BCR36DRAFT_408157] [db_xref=InterPro:IPR006597,JGIDB:Pirfi3_408157] [protein=hypothetical protein] [protein_id=ORX61186.1] [location=join(2227624..2231310,2231392..2231477,2231590..2231698)] [gbkey=CDS]",0.047987616099071206,0.037925696594427245,0.10526315789473684,0.04411764705882353,0.003869969040247678,0.0781733746130031,0.05263157894736842,0.03869969040247678,0.014705882352941176,0.07043343653250773,0.06191950464396285,0.07739938080495357,0.01934984520123839,0.02089783281733746,0.08668730650154799,0.12074303405572756,0.03637770897832817,0.003869969040247678,0.02321981424148607,0.05572755417956656
"lcl|MCFH01000001.1_cds_ORX61187.1_449 [locus_tag=BCR36DRAFT_341566] [db_xref=JGIDB:Pirfi3_341566] [protein=hypothetical protein] [protein_id=ORX61187.1] [location=join(2234237..2234426,2234548..2234589,2234810..2235534)] [gbkey=CDS]",0.03470031545741325,0.022082018927444796,0.08201892744479496,0.025236593059936908,0.025236593059936908,0.015772870662460567,0.03785488958990536,0.06624605678233439,0.00946372239747634,0.15457413249211358,0.09779179810725552,0.06624605678233439,0.01892744479495268,0.07570977917981073,0.04416403785488959,0.08201892744479496,0.05362776025236593,0.012618296529968454,0.050473186119873815,0.025236593059936908
"lcl|MCFH01000001.1_cds_ORX61188.1_450 [locus_tag=BCR36DRAFT_341568] [db_xref=InterPro:IPR000277,JGIDB:Pirfi3_341568] [protein=O-acetylhomoserine/O-acetylserine sulfhydrylase] [protein_id=ORX61188.1] [location=complement(2236357..2237640)] [gbkey=CDS]",0.09859154929577464,0.028169014084507043,0.0539906103286385,0.0539906103286385,0.007042253521126761,0.03051643192488263,0.0539906103286385,0.09389671361502347,0.035211267605633804,0.07276995305164319,0.0892018779342723,0.056338028169014086,0.002347417840375587,0.06103286384976526,0.03990610328638498,0.06103286384976526,0.05868544600938967,0.009389671361502348,0.035211267605633804,0.05868544600938967
"lcl|MCFH01000001.1_cds_ORX61189.1_451 [locus_tag=BCR36DRAFT_341570] [db_xref=InterPro:IPR000277,JGIDB:Pirfi3_341570] [protein=O-acetylhomoserine/O-acetylserine sulfhydrylase] [protein_id=ORX61189.1] [location=2239399..2240718] [gbkey=CDS]",0.09817351598173515,0.0273972602739726,0.0593607305936073,0.0547945205479452,0.00684931506849315,0.0319634703196347,0.0547945205479452,0.091324200913242,0.03424657534246575,0.0730593607305936,0.08904109589041095,0.05707762557077625,0.00228310502283105,0.06164383561643835,0.03881278538812785,0.06164383561643835,0.05707762557077625,0.0091324200913242,0.03424657534246575,0.05707762557077625
"lcl|MCFH01000001.1_cds_ORX61190.1_452 [locus_tag=BCR36DRAFT_341575] [db_xref=InterPro:IPR000277,JGIDB:Pirfi3_341575] [protein=O-acetylhomoserine/O-acetylserine sulfhydrylase] [protein_id=ORX61190.1] [location=complement(2243680..2244999)] [gbkey=CDS]",0.09817351598173515,0.0273972602739726,0.0593607305936073,0.0547945205479452,0.00684931506849315,0.0319634703196347,0.0547945205479452,0.091324200913242,0.03424657534246575,0.07077625570776255,0.08904109589041095,0.05707762557077625,0.00228310502283105,0.06164383561643835,0.03881278538812785,0.06164383561643835,0.0593607305936073,0.0091324200913242,0.03424657534246575,0.05707762557077625
"lcl|MCFH01000001.1_cds_ORX61191.1_453 [locus_tag=BCR36DRAFT_341576] [db_xref=InterPro:IPR000277,JGIDB:Pirfi3_341576] [protein=O-acetylhomoserine/O-acetylserine sulfhydrylase] [protein_id=ORX61191.1] [location=2246614..2247897] [gbkey=CDS]",0.09859154929577464,0.028169014084507043,0.0539906103286385,0.0539906103286385,0.007042253521126761,0.03051643192488263,0.0539906103286385,0.09389671361502347,0.035211267605633804,0.07276995305164319,0.0892018779342723,0.056338028169014086,0.002347417840375587,0.06103286384976526,0.03990610328638498,0.06103286384976526,0.05868544600938967,0.009389671361502348,0.035211267605633804,0.05868544600938967
"lcl|MCFH01000001.1_cds_ORX61192.1_454 [locus_tag=BCR36DRAFT_439805] [db_xref=InterPro:IPR000277,JGIDB:Pirfi3_439805] [protein=hypothetical protein] [protein_id=ORX61192.1] [location=complement(join(2249687..2249985,2250853..2250877))] [gbkey=CDS]",0.1509433962264151,0.02830188679245283,0.03773584905660377,0.04716981132075472,0.009433962264150943,0.02830188679245283,0.04716981132075472,0.07547169811320754,0.018867924528301886,0.07547169811320754,0.07547169811320754,0.05660377358490566,0,0.03773584905660377,0.03773584905660377,0.05660377358490566,0.10377358490566038,0,0.05660377358490566,0.05660377358490566
"lcl|MCFH01000001.1_cds_ORX61193.1_455 [locus_tag=BCR36DRAFT_341580] [db_xref=InterPro:IPR000070,InterPro:IPR000254,JGIDB:Pirfi3_341580] [protein=pectin lyase-like protein] [protein_id=ORX61193.1] [location=join(2251600..2251728,2251812..2252309,2252409..2252906,2253006..2253104)] [gbkey=CDS]",0.06896551724137931,0.012315270935960592,0.1477832512315271,0.034482758620689655,0.03201970443349754,0.04433497536945813,0.022167487684729065,0.0812807881773399,0.007389162561576354,0.08374384236453201,0.05172413793103448,0.06157635467980296,0,0.06157635467980296,0.019704433497536946,0.09852216748768473,0.05665024630541872,0.009852216748768473,0.06157635467980296,0.04433497536945813
"lcl|MCFH01000001.1_cds_ORX61194.1_456 [locus_tag=BCR36DRAFT_579232] [db_xref=InterPro:IPR002110,JGIDB:Pirfi3_579232] [protein=ankyrin] [protein_id=ORX61194.1] [location=complement(2253461..2254876)] [gbkey=CDS]",0.03404255319148936,0.014893617021276596,0.12978723404255318,0.06382978723404255,0.00425531914893617,0.02127659574468085,0.07021276595744681,0.05319148936170213,0.019148936170212766,0.12340425531914893,0.09574468085106383,0.1276595744680851,0.01276595744680851,0.027659574468085105,0.01702127659574468,0.05106382978723404,0.027659574468085105,0.002127659574468085,0.06382978723404255,0.04042553191489362
"lcl|MCFH01000001.1_cds_ORX61195.1_457 [locus_tag=BCR36DRAFT_579233] [db_xref=InterPro:IPR000070,InterPro:IPR000254,JGIDB:Pirfi3_579233] [protein=hypothetical protein] [protein_id=ORX61195.1] [location=join(2256026..2256155,2259133..2260307)] [gbkey=CDS]",0.046189376443418015,0.013856812933025405,0.15704387990762125,0.04157043879907621,0.03002309468822171,0.03695150115473441,0.02771362586605081,0.08314087759815242,0.006928406466512702,0.04849884526558892,0.04849884526558892,0.08775981524249422,0.0023094688221709007,0.057736720554272515,0.020785219399538105,0.09930715935334873,0.06697459584295612,0.023094688221709007,0.04849884526558892,0.053117782909930716
"lcl|MCFH01000001.1_cds_ORX61196.1_458 [locus_tag=BCR36DRAFT_315599] [db_xref=InterPro:IPR008532,JGIDB:Pirfi3_315599] [protein=hypothetical protein] [protein_id=ORX61196.1] [location=join(2261108..2261212,2261367..2261577,2261812..2265236)] [gbkey=CDS]",0.04899598393574297,0.04578313253012048,0.07630522088353414,0.07710843373493977,0.00642570281124498,0.04738955823293173,0.10522088353413654,0.03293172690763052,0.01285140562248996,0.06666666666666667,0.0714859437751004,0.12690763052208837,0.02570281124497992,0.02570281124497992,0.024096385542168676,0.07550200803212852,0.04497991967871486,0.007228915662650603,0.028112449799196786,0.05060240963855422
"lcl|MCFH01000001.1_cds_ORX61197.1_459 [locus_tag=BCR36DRAFT_579235] [db_xref=InterPro:IPR000727,InterPro:IPR006011,JGIDB:Pirfi3_579235] [protein=hypothetical protein] [protein_id=ORX61197.1] [location=join(2266572..2266656,2266757..2266886,2266964..2267066,2267143..2267276,2267393..2267449,2267547..2267874)] [gbkey=CDS]",0.036101083032490974,0.04693140794223827,0.11552346570397112,0.04693140794223827,0,0.07942238267148015,0.09747292418772563,0.02527075812274368,0.007220216606498195,0.10830324909747292,0.09025270758122744,0.06859205776173286,0.018050541516245487,0.02888086642599278,0.018050541516245487,0.09025270758122744,0.039711191335740074,0.0036101083032490976,0.02527075812274368,0.05415162454873646
"lcl|MCFH01000001.1_cds_ORX61198.1_460 [locus_tag=BCR36DRAFT_8189] [db_xref=JGIDB:Pirfi3_8189] [protein=hypothetical protein] [protein_id=ORX61198.1] [location=complement(join(2269067..2269094,2269184..2269613,2269696..2269840,2269924..2270049,2270126..2270173,2270254..2270450,2270576..2270650,2270739..2270888,2270964..2270974,2271070..2271121,2271536..2271894,2271967..2272062,2272168..2272289,2272374..2272406,2272514..2272531,2272614..2272872,2272956..2273200,2273282..2273309,2273391..2273444,2273521..2273599,2273696..2274113,2274231..2274332,2274404..2274455,2274535..2274628,2274732..2274748,2274841..2274872,2274949..2274973,2275046..2275079,2275192..2275245,2275353..2275460,2275545..2275626,2275750..2275836))] [gbkey=CDS]",0.03284072249589491,0.034482758620689655,0.09523809523809523,0.040229885057471264,0.012315270935960592,0.027093596059113302,0.05582922824302135,0.03694581280788178,0.014778325123152709,0.12561576354679804,0.09852216748768473,0.0755336617405583,0.024630541871921183,0.07060755336617405,0.023809523809523808,0.08702791461412152,0.03776683087027915,0.0049261083743842365,0.05829228243021346,0.04351395730706076
"lcl|MCFH01000001.1_cds_ORX61199.1_461 [locus_tag=BCR36DRAFT_341603] [db_xref=InterPro:IPR001611,JGIDB:Pirfi3_341603] [protein=L domain-like protein] [protein_id=ORX61199.1] [location=join(2277975..2278156,2278254..2278331,2278473..2278544,2278637..2278708,2278792..2278863,2278939..2279010,2279113..2279187,2279261..2279332,2279411..2279482,2279573..2279647,2279734..2279817,2279894..2279962,2280071..2280139,2280244..2280400)] [gbkey=CDS]",0.01728395061728395,0.019753086419753086,0.1308641975308642,0.05925925925925926,0.022222222222222223,0.019753086419753086,0.06419753086419754,0.037037037037037035,0.007407407407407408,0.1308641975308642,0.11358024691358025,0.0962962962962963,0.0049382716049382715,0.05925925925925926,0.019753086419753086,0.05925925925925926,0.04938271604938271,0.0024691358024691358,0.04691358024691358,0.03950617283950617
"lcl|MCFH01000001.1_cds_ORX61200.1_462 [locus_tag=BCR36DRAFT_8252] [db_xref=InterPro:IPR001137,InterPro:IPR002509,InterPro:IPR002883,JGIDB:Pirfi3_8252] [protein=concanavalin A-like lectin/glucanase] [protein_id=ORX61200.1] [location=join(2284687..2286893,2287335..2287371)] [gbkey=CDS]",0.064343163538874,0.021447721179624665,0.07908847184986595,0.06300268096514745,0.03753351206434316,0.04691689008042895,0.030831099195710455,0.1126005361930295,0.01742627345844504,0.040214477211796246,0.04289544235924933,0.06032171581769437,0.012064343163538873,0.03485254691689008,0.01876675603217158,0.1032171581769437,0.08445040214477212,0.024128686327077747,0.05630026809651475,0.049597855227882036
lcl|MCFH01000001.1_cds_ORX61202.1_464 [locus_tag=BCR36DRAFT_579239] [db_xref=JGIDB:Pirfi3_579239] [protein=hypothetical protein] [protein_id=ORX61202.1] [location=2295607..2295927] [gbkey=CDS],0.06666666666666667,0.009523809523809525,0.14285714285714285,0.0380952380952381,0.01904761904761905,0.0380952380952381,0.047619047619047616,0.12380952380952381,0.01904761904761905,0.047619047619047616,0.09523809523809523,0.0761904761904762,0.047619047619047616,0.009523809523809525,0.0380952380952381,0.02857142857142857,0.0380952380952381,0.01904761904761905,0.047619047619047616,0.047619047619047616
"lcl|MCFH01000001.1_cds_ORX61203.1_465 [locus_tag=BCR36DRAFT_8320] [db_xref=InterPro:IPR002509,JGIDB:Pirfi3_8320] [protein=hypothetical protein] [protein_id=ORX61203.1] [location=2301977..2302459] [gbkey=CDS]",0.0880503144654088,0.025157232704402517,0.09433962264150944,0.05660377358490566,0.006289308176100629,0.06918238993710692,0.025157232704402517,0.09433962264150944,0.025157232704402517,0.08176100628930817,0.06289308176100629,0.06289308176100629,0.03773584905660377,0.012578616352201259,0.03773584905660377,0.05660377358490566,0.03773584905660377,0.018867924528301886,0.05660377358490566,0.050314465408805034
"lcl|MCFH01000001.1_cds_ORX61207.1_469 [locus_tag=BCR36DRAFT_8340] [db_xref=InterPro:IPR001137,InterPro:IPR002509,InterPro:IPR002883,JGIDB:Pirfi3_8340] [protein=concanavalin A-like lectin/glucanase] [protein_id=ORX61207.1] [location=2310693..2314022] [gbkey=CDS]",0.05415162454873646,0.016245487364620937,0.19855595667870035,0.06407942238267147,0.019855595667870037,0.04061371841155235,0.024368231046931407,0.12454873646209386,0.015342960288808664,0.04512635379061372,0.030685920577617327,0.04783393501805054,0.01444043321299639,0.046028880866425995,0.019855595667870037,0.07942238267148015,0.04332129963898917,0.032490974729241874,0.04422382671480144,0.0388086642599278
"lcl|MCFH01000001.1_cds_ORX61211.1_473 [locus_tag=BCR36DRAFT_439820] [db_xref=InterPro:IPR002110,JGIDB:Pirfi3_439820] [protein=ankyrin] [protein_id=ORX61211.1] [location=complement(2321624..2328241)] [gbkey=CDS]",0.029491833030852996,0.018602540834845735,0.13112522686025407,0.05671506352087114,0.013611615245009074,0.01588021778584392,0.0662431941923775,0.028584392014519056,0.012250453720508167,0.147005444646098,0.11116152450090744,0.1075317604355717,0.014065335753176044,0.047186932849364795,0.010435571687840291,0.05807622504537205,0.03584392014519056,0.0013611615245009074,0.06442831215970962,0.030399274047186932
"lcl|MCFH01000001.1_cds_ORX61212.1_474 [locus_tag=BCR36DRAFT_341669] [db_xref=InterPro:IPR001567,JGIDB:Pirfi3_341669] [protein=zincin] [protein_id=ORX61212.1] [location=complement(join(2329424..2329668,2329756..2330768,2330847..2331087,2331165..2331765))] [gbkey=CDS]",0.04011461318051576,0.03724928366762178,0.06876790830945559,0.044412607449856735,0.0057306590257879654,0.027220630372492838,0.11891117478510028,0.02865329512893983,0.02005730659025788,0.07736389684813753,0.09598853868194843,0.09598853868194843,0.02148997134670487,0.044412607449856735,0.03008595988538682,0.05873925501432665,0.05157593123209169,0.012893982808022923,0.0673352435530086,0.05300859598853868
"lcl|MCFH01000001.1_cds_ORX61213.1_475 [locus_tag=BCR36DRAFT_408176] [db_xref=JGIDB:Pirfi3_408176] [protein=hypothetical protein] [protein_id=ORX61213.1] [location=join(2335192..2335332,2335429..2335513,2335774..2335827,2335940..2335973,2336068..2336092,2336172..2336203,2336289..2336322)] [gbkey=CDS]",0.015037593984962405,0,0.17293233082706766,0.03759398496240601,0.015037593984962405,0.007518796992481203,0.06015037593984962,0.045112781954887216,0,0.15789473684210525,0.06766917293233082,0.09022556390977443,0,0.08270676691729323,0.022556390977443608,0.10526315789473684,0.022556390977443608,0.015037593984962405,0.06015037593984962,0.022556390977443608
"lcl|MCFH01000001.1_cds_ORX61214.1_476 [locus_tag=BCR36DRAFT_8393] [db_xref=JGIDB:Pirfi3_8393] [protein=hypothetical protein] [protein_id=ORX61214.1] [location=join(2336989..2337295,2337387..2337465,2337567..2337620,2337708..2337735,2337814..2338046,2338138..2338402,2338642..2338674,2338749..2338858,2338930..2339025,2339101..2339459,2339540..2339603,2339698..2339708,2339798..2339947,2340024..2340098,2340177..2340394,2340523..2340570,2340650..2340772,2340883..2341101)] [gbkey=CDS]",0.019464720194647202,0.038929440389294405,0.11070559610705596,0.04744525547445255,0.014598540145985401,0.014598540145985401,0.06690997566909976,0.040145985401459854,0.010948905109489052,0.12408759124087591,0.09854014598540146,0.09002433090024331,0.01338199513381995,0.06082725060827251,0.0170316301703163,0.0705596107055961,0.0340632603406326,0.0024330900243309003,0.072992700729927,0.052311435523114354
"lcl|MCFH01000001.1_cds_ORX61215.1_477 [locus_tag=BCR36DRAFT_341685] [db_xref=InterPro:IPR002883,InterPro:IPR014867,JGIDB:Pirfi3_341685] [protein=coth-domain-containing protein] [protein_id=ORX61215.1] [location=join(2343796..2343938,2344020..2344274,2344597..2344777,2344848..2344927,2345021..2345422,2345514..2346074,2346172..2346298,2346393..2346425)] [gbkey=CDS]",0.02702702702702703,0.037162162162162164,0.07601351351351351,0.08952702702702703,0.02533783783783784,0.018581081081081082,0.08108108108108109,0.060810810810810814,0.016891891891891893,0.08445945945945946,0.060810810810810814,0.07263513513513513,0.02027027027027027,0.0472972972972973,0.033783783783783786,0.06756756756756757,0.05574324324324324,0.02364864864864865,0.06418918918918919,0.037162162162162164
lcl|MCFH01000001.1_cds_ORX61216.1_478 [locus_tag=BCR36DRAFT_365794] [db_xref=JGIDB:Pirfi3_365794] [protein=hypothetical protein] [protein_id=ORX61216.1] [location=2350120..2350476] [gbkey=CDS],0,0.03418803418803419,0.13675213675213677,0.042735042735042736,0.017094017094017096,0.02564102564102564,0.05982905982905983,0.03418803418803419,0.05128205128205128,0.07692307692307693,0.05982905982905983,0.1282051282051282,0.017094017094017096,0.05128205128205128,0.017094017094017096,0.05128205128205128,0.03418803418803419,0.008547008547008548,0.1111111111111111,0.042735042735042736
"lcl|MCFH01000001.1_cds_ORX61217.1_479 [locus_tag=BCR36DRAFT_394305] [db_xref=InterPro:IPR008250,JGIDB:Pirfi3_394305] [protein=hypothetical protein] [protein_id=ORX61217.1] [location=join(2355855..2355954,2356021..2357157,2357192..2357395,2357566..2357683,2357782..2357878,2357925..2358167,2358284..2358512,2358624..2358718)] [gbkey=CDS]",0.04194857916102842,0.028416779431664412,0.08660351826792964,0.05548037889039242,0.023004059539918808,0.02165087956698241,0.07577807848443843,0.04330175913396482,0.009472259810554804,0.08389715832205684,0.09878213802435724,0.09607577807848444,0.02165087956698241,0.05548037889039242,0.02435723951285521,0.07848443843031123,0.05412719891745602,0.0040595399188092015,0.036535859269282815,0.06089309878213803
"lcl|MCFH01000001.1_cds_ORX61218.1_480 [locus_tag=BCR36DRAFT_394306] [db_xref=InterPro:IPR011600,JGIDB:Pirfi3_394306] [protein=Metacaspase Yca1] [protein_id=ORX61218.1] [location=complement(2360005..2361045)] [gbkey=CDS]",0.03188405797101449,0.020289855072463767,0.08695652173913043,0.08115942028985507,0.028985507246376812,0.03768115942028986,0.043478260869565216,0.06666666666666667,0.020289855072463767,0.08985507246376812,0.07246376811594203,0.11594202898550725,0.017391304347826087,0.028985507246376812,0.028985507246376812,0.06666666666666667,0.06086956521739131,0.005797101449275362,0.043478260869565216,0.05217391304347826
"lcl|MCFH01000001.1_cds_ORX61219.1_481 [locus_tag=BCR36DRAFT_579249] [db_xref=InterPro:IPR011600,JGIDB:Pirfi3_579249] [protein=hypothetical protein] [protein_id=ORX61219.1] [location=2362315..2363424] [gbkey=CDS]",0.021739130434782608,0.029891304347826088,0.08695652173913043,0.09782608695652174,0.02717391304347826,0.03260869565217391,0.043478260869565216,0.059782608695652176,0.021739130434782608,0.11141304347826086,0.0625,0.09239130434782608,0.01358695652173913,0.04076086956521739,0.02717391304347826,0.08423913043478261,0.051630434782608696,0.008152173913043478,0.04076086956521739,0.04619565217391304
"lcl|MCFH01000001.1_cds_ORX61220.1_482 [locus_tag=BCR36DRAFT_401425] [db_xref=InterPro:IPR002883,InterPro:IPR014867,JGIDB:Pirfi3_401425] [protein=hypothetical protein] [protein_id=ORX61220.1] [location=complement(join(2364325..2365786,2365987..2366800,2367164..2367200))] [gbkey=CDS]",0.031209362808842653,0.02860858257477243,0.08712613784135241,0.0754226267880364,0.02080624187256177,0.032509752925877766,0.0858257477243173,0.04811443433029909,0.015604681404421327,0.08972691807542263,0.08062418725617686,0.07152145643693109,0.016905071521456438,0.05721716514954486,0.027308192457737322,0.0611183355006502,0.04811443433029909,0.015604681404421327,0.06371911573472042,0.04291287386215865
lcl|MCFH01000001.1_cds_ORX61221.1_483 [locus_tag=BCR36DRAFT_408183] [db_xref=JGIDB:Pirfi3_408183] [protein=hypothetical protein] [protein_id=ORX61221.1] [location=complement(2368668..2369741)] [gbkey=CDS],0.014044943820224719,0.011235955056179775,0.1544943820224719,0.05337078651685393,0.0056179775280898875,0.016853932584269662,0.08146067415730338,0.014044943820224719,0.014044943820224719,0.11235955056179775,0.09550561797752809,0.11797752808988764,0.016853932584269662,0.06179775280898876,0.0056179775280898875,0.05056179775280899,0.06460674157303371,0,0.06460674157303371,0.0449438202247191
"lcl|MCFH01000001.1_cds_ORX61222.1_484 [locus_tag=BCR36DRAFT_365801] [db_xref=JGIDB:Pirfi3_365801] [protein=hypothetical protein] [protein_id=ORX61222.1] [location=join(2371973..2372036,2372233..2372442,2372517..2372735,2373014..2373048)] [gbkey=CDS]",0.040229885057471264,0.034482758620689655,0.07471264367816093,0.04597701149425287,0.005747126436781609,0.040229885057471264,0.06896551724137931,0.08620689655172414,0.022988505747126436,0.10919540229885058,0.08620689655172414,0.05172413793103448,0.040229885057471264,0.04597701149425287,0.034482758620689655,0.05747126436781609,0.028735632183908046,0.005747126436781609,0.06896551724137931,0.05172413793103448
"lcl|MCFH01000001.1_cds_ORX61223.1_485 [locus_tag=BCR36DRAFT_579251] [db_xref=InterPro:IPR005181,JGIDB:Pirfi3_579251] [protein=hypothetical protein] [protein_id=ORX61223.1] [location=2373771..2374598] [gbkey=CDS]",0.043795620437956206,0.043795620437956206,0.08759124087591241,0.06204379562043796,0.014598540145985401,0.021897810218978103,0.058394160583941604,0.072992700729927,0.010948905109489052,0.10948905109489052,0.08029197080291971,0.09854014598540146,0.010948905109489052,0.043795620437956206,0.032846715328467155,0.04744525547445255,0.0364963503649635,0.010948905109489052,0.051094890510948905,0.06204379562043796
"lcl|MCFH01000001.1_cds_ORX61225.1_487 [locus_tag=BCR36DRAFT_579252] [db_xref=InterPro:IPR005181,JGIDB:Pirfi3_579252] [protein=hypothetical protein] [protein_id=ORX61225.1] [location=2378587..2379561] [gbkey=CDS]",0.04953560371517028,0.030959752321981424,0.07120743034055728,0.058823529411764705,0.01238390092879257,0.015479876160990712,0.09287925696594428,0.06191950464396285,0.01238390092879257,0.10835913312693499,0.08978328173374613,0.08359133126934984,0.02476780185758514,0.03715170278637771,0.04024767801857585,0.06191950464396285,0.02786377708978328,0.009287925696594427,0.04643962848297214,0.06501547987616099
lcl|MCFH01000001.1_cds_ORX61226.1_488 [locus_tag=BCR36DRAFT_341708] [db_xref=JGIDB:Pirfi3_341708] [protein=alpha/beta-hydrolase] [protein_id=ORX61226.1] [location=complement(2380539..2381333)] [gbkey=CDS],0.049429657794676805,0.03802281368821293,0.06463878326996197,0.045627376425855515,0.015209125475285171,0.030418250950570342,0.10646387832699619,0.06844106463878327,0.026615969581749048,0.08745247148288973,0.07224334600760456,0.09885931558935361,0.015209125475285171,0.045627376425855515,0.026615969581749048,0.06844106463878327,0.053231939163498096,0.022813688212927757,0.019011406844106463,0.045627376425855515
"lcl|MCFH01000001.1_cds_ORX61227.1_489 [locus_tag=BCR36DRAFT_365806] [db_xref=JGIDB:Pirfi3_365806] [protein=hypothetical protein] [protein_id=ORX61227.1] [location=complement(join(2382056..2382365,2382435..2382519,2382583..2383099))] [gbkey=CDS]",0.026490066225165563,0.04304635761589404,0.0728476821192053,0.052980132450331126,0.04304635761589404,0.009933774834437087,0.06291390728476821,0.03642384105960265,0.023178807947019868,0.10264900662251655,0.07947019867549669,0.10596026490066225,0.019867549668874173,0.0695364238410596,0.033112582781456956,0.056291390728476824,0.04304635761589404,0.006622516556291391,0.0728476821192053,0.039735099337748346
"lcl|MCFH01000001.1_cds_ORX61228.1_490 [locus_tag=BCR36DRAFT_579255] [db_xref=InterPro:IPR007123,JGIDB:Pirfi3_579255] [protein=actin depolymerizing protein] [protein_id=ORX61228.1] [location=complement(join(2383942..2384040,2384120..2384184,2384277..2384386,2384485..2384513,2384638..2384732,2384816..2385149,2385279..2385310,2385444..2385489,2385595..2385663,2385783..2385805,2385906..2385982,2386099..2386163,2386262..2386290,2386457..2386475))] [gbkey=CDS]",0.04419889502762431,0.03591160220994475,0.055248618784530384,0.07458563535911603,0.008287292817679558,0.024861878453038673,0.0718232044198895,0.08011049723756906,0.016574585635359115,0.08011049723756906,0.07458563535911603,0.0856353591160221,0.016574585635359115,0.055248618784530384,0.03038674033149171,0.07734806629834254,0.03867403314917127,0.019337016574585635,0.04143646408839779,0.06906077348066299
"lcl|MCFH01000001.1_cds_ORX61229.1_491 [locus_tag=BCR36DRAFT_439859] [db_xref=InterPro:IPR014867,JGIDB:Pirfi3_439859] [protein=hypothetical protein] [protein_id=ORX61229.1] [location=join(2401616..2401649,2401745..2402641,2402799..2402886,2403071..2404427)] [gbkey=CDS]",0.0379746835443038,0.017721518987341773,0.07974683544303797,0.06835443037974684,0.005063291139240506,0.03291139240506329,0.08734177215189873,0.04177215189873418,0.010126582278481013,0.08607594936708861,0.08354430379746836,0.08607594936708861,0.015189873417721518,0.05569620253164557,0.03164556962025317,0.07468354430379746,0.07721518987341772,0.010126582278481013,0.05189873417721519,0.04683544303797468
"lcl|MCFH01000001.1_cds_ORX61231.1_493 [locus_tag=BCR36DRAFT_394312] [db_xref=InterPro:IPR014867,JGIDB:Pirfi3_394312] [protein=hypothetical protein] [protein_id=ORX61231.1] [location=join(2407449..2407516,2407698..2409069)] [gbkey=CDS]",0.043933054393305436,0.02301255230125523,0.06276150627615062,0.0794979079497908,0.008368200836820083,0.03138075313807531,0.0899581589958159,0.04602510460251046,0.016736401673640166,0.08368200836820083,0.08158995815899582,0.06694560669456066,0.008368200836820083,0.05439330543933055,0.03347280334728033,0.0794979079497908,0.07112970711297072,0.014644351464435146,0.06485355648535565,0.0397489539748954
"lcl|MCFH01000001.1_cds_ORX61232.1_494 [locus_tag=BCR36DRAFT_365811] [db_xref=JGIDB:Pirfi3_365811] [protein=hypothetical protein] [protein_id=ORX61232.1] [location=join(2409235..2409258,2409509..2409534,2410184..2410441,2410704..2410854)] [gbkey=CDS]",0.013245033112582781,0.039735099337748346,0.07947019867549669,0.046357615894039736,0.006622516556291391,0.039735099337748346,0.11258278145695365,0.039735099337748346,0,0.09933774834437085,0.11258278145695365,0.059602649006622516,0.013245033112582781,0.08609271523178808,0.033112582781456956,0.059602649006622516,0.09271523178807947,0,0.033112582781456956,0.033112582781456956
"lcl|MCFH01000001.1_cds_ORX61233.1_495 [locus_tag=BCR36DRAFT_408191] [db_xref=InterPro:IPR001849,JGIDB:Pirfi3_408191] [protein=hypothetical protein] [protein_id=ORX61233.1] [location=complement(join(2411298..2415929,2416043..2416120,2416273..2416314,2416403..2416805,2416915..2417081))] [gbkey=CDS]",0.013544018058690745,0.01580135440180587,0.17945823927765236,0.0536117381489842,0.009029345372460496,0.050790067720090294,0.09424379232505643,0.009593679458239277,0.012979683972911963,0.11851015801354402,0.08239277652370203,0.10496613995485328,0.027652370203160272,0.02144469525959368,0.009029345372460496,0.08860045146726862,0.04796839729119639,0.002257336343115124,0.03160270880361174,0.02652370203160271
"lcl|MCFH01000001.1_cds_ORX61234.1_496 [locus_tag=BCR36DRAFT_273378] [db_xref=InterPro:IPR000757,JGIDB:Pirfi3_273378] [protein=family 16 glycoside hydrolase] [protein_id=ORX61234.1] [location=join(2420454..2420598,2420702..2421327)] [gbkey=CDS]",0.050980392156862744,0.03137254901960784,0.08235294117647059,0.058823529411764705,0.00784313725490196,0.00784313725490196,0.047058823529411764,0.07450980392156863,0.047058823529411764,0.06666666666666667,0.03529411764705882,0.058823529411764705,0.01568627450980392,0.050980392156862744,0.0392156862745098,0.08627450980392157,0.06666666666666667,0.050980392156862744,0.058823529411764705,0.06274509803921569
lcl|MCFH01000001.1_cds_ORX61235.1_497 [locus_tag=BCR36DRAFT_8559] [db_xref=JGIDB:Pirfi3_8559] [protein=hypothetical protein] [protein_id=ORX61235.1] [location=2423641..2423934] [gbkey=CDS],0.020833333333333332,0.03125,0.0625,0.07291666666666667,0,0.010416666666666666,0.052083333333333336,0.07291666666666667,0.020833333333333332,0.10416666666666667,0.13541666666666666,0.13541666666666666,0,0.052083333333333336,0.041666666666666664,0.052083333333333336,0.03125,0.010416666666666666,0.041666666666666664,0.052083333333333336
"lcl|MCFH01000001.1_cds_ORX61236.1_498 [locus_tag=BCR36DRAFT_579259] [db_xref=InterPro:IPR002110,JGIDB:Pirfi3_579259] [protein=hypothetical protein] [protein_id=ORX61236.1] [location=join(2425141..2427131,2434070..2434289)] [gbkey=CDS]",0.031292517006802724,0.02585034013605442,0.17687074829931973,0.06802721088435375,0.00816326530612245,0.013605442176870748,0.0653061224489796,0.031292517006802724,0.006802721088435374,0.10340136054421768,0.11020408163265306,0.09795918367346938,0.021768707482993196,0.02585034013605442,0.021768707482993196,0.061224489795918366,0.029931972789115645,0.006802721088435374,0.058503401360544216,0.03537414965986395
"lcl|MCFH01000001.1_cds_ORX61237.1_499 [locus_tag=BCR36DRAFT_341733] [db_xref=InterPro:IPR002883,InterPro:IPR014867,JGIDB:Pirfi3_341733] [protein=hypothetical protein] [protein_id=ORX61237.1] [location=join(2438270..2438489,2438597..2438731,2438822..2440677)] [gbkey=CDS]",0.04897959183673469,0.027210884353741496,0.08707482993197278,0.07346938775510205,0.02312925170068027,0.04897959183673469,0.04625850340136054,0.0653061224489796,0.00816326530612245,0.06258503401360545,0.03945578231292517,0.08163265306122448,0.0163265306122449,0.04625850340136054,0.031292517006802724,0.09659863945578231,0.04353741496598639,0.029931972789115645,0.06802721088435375,0.055782312925170066
lcl|MCFH01000001.1_cds_ORX61239.1_501 [locus_tag=BCR36DRAFT_272420] [db_xref=JGIDB:Pirfi3_272420] [protein=hypothetical protein] [protein_id=ORX61239.1] [location=2445451..2445681] [gbkey=CDS],0.02666666666666667,0.013333333333333334,0.09333333333333334,0.06666666666666667,0.06666666666666667,0.02666666666666667,0.12,0.04,0,0.13333333333333333,0.08,0.08,0.02666666666666667,0.06666666666666667,0,0.04,0.05333333333333334,0,0.06666666666666667,0
"lcl|MCFH01000001.1_cds_ORX61240.1_502 [locus_tag=BCR36DRAFT_272697] [db_xref=InterPro:IPR001611,JGIDB:Pirfi3_272697] [protein=L domain-like protein] [protein_id=ORX61240.1] [location=join(2445775..2445884,2446024..2446095,2446184..2446255,2446360..2446431,2446573..2446644,2446802..2446873,2446953..2447028)] [gbkey=CDS]",0,0.011111111111111112,0.15,0.03888888888888889,0.005555555555555556,0.011111111111111112,0.07222222222222222,0.07222222222222222,0.005555555555555556,0.10555555555555556,0.19444444444444445,0.03888888888888889,0.022222222222222223,0.03888888888888889,0.044444444444444446,0.1111111111111111,0.044444444444444446,0.016666666666666666,0.016666666666666666,0
"lcl|MCFH01000001.1_cds_ORX61242.1_504 [locus_tag=BCR36DRAFT_408197] [db_xref=InterPro:IPR001547,InterPro:IPR002883,JGIDB:Pirfi3_408197] [protein=glycoside hydrolase] [protein_id=ORX61242.1] [location=join(2449606..2449787,2449924..2449942,2450053..2450187,2450332..2451816)] [gbkey=CDS]",0.049586776859504134,0.019834710743801654,0.08429752066115702,0.0512396694214876,0.03471074380165289,0.02975206611570248,0.04132231404958678,0.08099173553719008,0.021487603305785124,0.05950413223140496,0.05619834710743802,0.10909090909090909,0.013223140495867768,0.01818181818181818,0.03140495867768595,0.06776859504132231,0.1024793388429752,0.04628099173553719,0.02975206611570248,0.05289256198347107
"lcl|MCFH01000001.1_cds_ORX61243.1_505 [locus_tag=BCR36DRAFT_408197] [db_xref=InterPro:IPR002883,JGIDB:Pirfi3_272450] [protein=hypothetical protein] [protein_id=ORX61243.1] [location=2449606..2449791] [gbkey=CDS]",0.03333333333333333,0,0.1,0.05,0.08333333333333333,0.016666666666666666,0.016666666666666666,0.1,0.03333333333333333,0.06666666666666667,0.05,0.1,0.016666666666666666,0.016666666666666666,0,0.08333333333333333,0.06666666666666667,0.05,0.016666666666666666,0.1
"lcl|MCFH01000001.1_cds_ORX61244.1_506 [locus_tag=BCR36DRAFT_439914] [db_xref=InterPro:IPR001764,InterPro:IPR002772,JGIDB:Pirfi3_439914] [protein=beta-glucosidase-related glycosidase] [protein_id=ORX61244.1] [location=complement(join(2458491..2460907,2461007..2461079))] [gbkey=CDS]",0.0748792270531401,0.025362318840579712,0.050724637681159424,0.0640096618357488,0.004830917874396135,0.03140096618357488,0.0748792270531401,0.0748792270531401,0.012077294685990338,0.08454106280193237,0.07367149758454106,0.06280193236714976,0.025362318840579712,0.04468599033816425,0.03260869565217391,0.06763285024154589,0.06763285024154589,0.004830917874396135,0.06159420289855073,0.06159420289855073
"lcl|MCFH01000001.1_cds_ORX61245.1_507 [locus_tag=BCR36DRAFT_341750] [db_xref=InterPro:IPR002110,JGIDB:Pirfi3_341750] [protein=ankyrin] [protein_id=ORX61245.1] [location=complement(2465135..2467192)] [gbkey=CDS]",0.03654970760233918,0.014619883040935672,0.14912280701754385,0.06578947368421052,0.005847953216374269,0.017543859649122806,0.07748538011695906,0.02631578947368421,0.014619883040935672,0.0935672514619883,0.14473684210526316,0.097953216374269,0.033625730994152045,0.017543859649122806,0.017543859649122806,0.04532163742690058,0.04239766081871345,0.013157894736842105,0.05847953216374269,0.027777777777777776
"lcl|MCFH01000001.1_cds_ORX61246.1_508 [locus_tag=BCR36DRAFT_315777] [db_xref=InterPro:IPR014867,JGIDB:Pirfi3_315777] [protein=hypothetical protein] [protein_id=ORX61246.1] [location=join(2484576..2484606,2484714..2484930,2485046..2486558,2486653..2488036,2488183..2488400)] [gbkey=CDS]",0.03842716711349419,0.021447721179624665,0.07059874888293119,0.06076854334226988,0.010723860589812333,0.024128686327077747,0.03485254691689008,0.06523681858802502,0.006255585344057194,0.06523681858802502,0.05272564789991063,0.08757819481680071,0.013404825737265416,0.05272564789991063,0.03753351206434316,0.09204647006255585,0.13762287756925826,0.01966041108132261,0.04825737265415549,0.06076854334226988
"lcl|MCFH01000001.1_cds_ORX61247.1_509 [locus_tag=BCR36DRAFT_315782] [db_xref=JGIDB:Pirfi3_315782] [protein=periplasmic binding protein-like II] [protein_id=ORX61247.1] [location=join(2493033..2493084,2493237..2493601,2493690..2493858,2493967..2494110,2494287..2494882)] [gbkey=CDS]",0.03409090909090909,0.01818181818181818,0.06136363636363636,0.05909090909090909,0.011363636363636364,0.020454545454545454,0.08636363636363636,0.05454545454545454,0.006818181818181818,0.075,0.1,0.08636363636363636,0.01818181818181818,0.075,0.015909090909090907,0.09772727272727273,0.05,0.006818181818181818,0.07954545454545454,0.04318181818181818
"lcl|MCFH01000001.1_cds_ORX61248.1_510 [locus_tag=BCR36DRAFT_579272] [db_xref=InterPro:IPR002110,JGIDB:Pirfi3_579272] [protein=ankyrin] [protein_id=ORX61248.1] [location=complement(2496100..2497203)] [gbkey=CDS]",0.04644808743169399,0.01639344262295082,0.1557377049180328,0.05737704918032787,0.01639344262295082,0.00546448087431694,0.07650273224043716,0.0273224043715847,0.01366120218579235,0.11748633879781421,0.13387978142076504,0.10109289617486339,0.0273224043715847,0.02185792349726776,0.02459016393442623,0.04371584699453552,0.030054644808743168,0.01092896174863388,0.05191256830601093,0.02185792349726776
lcl|MCFH01000001.1_cds_ORX61249.1_511 [locus_tag=BCR36DRAFT_272712] [db_xref=JGIDB:Pirfi3_272712] [protein=hypothetical protein] [protein_id=ORX61249.1] [location=2499426..2499704] [gbkey=CDS],0.07692307692307693,0.02197802197802198,0.04395604395604396,0.06593406593406594,0,0.03296703296703297,0.0989010989010989,0.054945054945054944,0,0.03296703296703297,0.12087912087912088,0.12087912087912088,0.01098901098901099,0.07692307692307693,0.15384615384615385,0.02197802197802198,0.02197802197802198,0,0.02197802197802198,0.02197802197802198
"lcl|MCFH01000001.1_cds_ORX61250.1_512 [locus_tag=BCR36DRAFT_341782] [db_xref=InterPro:IPR001002,JGIDB:Pirfi3_341782] [protein=hypothetical protein] [protein_id=ORX61250.1] [location=complement(join(2501711..2502230,2502373..2502447,2502534..2502605,2502701..2502766,2502880..2502954,2503102..2503173,2503294..2503367))] [gbkey=CDS]",0.006329113924050633,0.015822784810126583,0.08860759493670886,0.028481012658227847,0.07911392405063292,0.07911392405063292,0.04746835443037975,0.0759493670886076,0.0031645569620253164,0.07278481012658228,0.0759493670886076,0.08544303797468354,0.006329113924050633,0.060126582278481014,0.012658227848101266,0.12974683544303797,0.05063291139240506,0.00949367088607595,0.04113924050632911,0.03164556962025317
"lcl|MCFH01000001.1_cds_ORX61252.1_514 [locus_tag=BCR36DRAFT_365831] [db_xref=JGIDB:Pirfi3_365831] [protein=hypothetical protein] [protein_id=ORX61252.1] [location=complement(join(2506978..2507321,2507489..2507653,2507790..2507950,2508072..2508231,2508336..2508360))] [gbkey=CDS]",0.007067137809187279,0.0353356890459364,0.13780918727915195,0.05653710247349823,0.01060070671378092,0.02120141342756184,0.0636042402826855,0.014134275618374558,0.024734982332155476,0.08480565371024736,0.11307420494699646,0.0989399293286219,0.0176678445229682,0.0353356890459364,0.02120141342756184,0.03180212014134275,0.038869257950530034,0.007067137809187279,0.12014134275618374,0.06007067137809187
"lcl|MCFH01000001.1_cds_ORX61253.1_515 [locus_tag=BCR36DRAFT_341793] [db_xref=InterPro:IPR000772,InterPro:IPR002883,JGIDB:Pirfi3_341793] [protein=hypothetical protein] [protein_id=ORX61253.1] [location=complement(join(2509255..2512115,2512295..2512471,2512592..2512727))] [gbkey=CDS]",0.06912878787878787,0.022727272727272728,0.07102272727272728,0.0625,0.014204545454545454,0.04071969696969697,0.05113636363636364,0.08522727272727272,0.01893939393939394,0.0625,0.07859848484848485,0.0634469696969697,0.01893939393939394,0.03314393939393939,0.03314393939393939,0.0946969696969697,0.06060606060606061,0.02462121212121212,0.04261363636363636,0.052083333333333336
"lcl|MCFH01000001.1_cds_ORX61256.1_518 [locus_tag=BCR36DRAFT_315816] [db_xref=InterPro:IPR001087,InterPro:IPR002883,JGIDB:Pirfi3_315816] [protein=hypothetical protein] [protein_id=ORX61256.1] [location=join(2519053..2519201,2519321..2519375,2519485..2519588,2519713..2520631)] [gbkey=CDS]",0.04668304668304668,0.012285012285012284,0.08353808353808354,0.04914004914004914,0.029484029484029485,0.03931203931203931,0.06142506142506143,0.085995085995086,0.014742014742014743,0.044226044226044224,0.044226044226044224,0.056511056511056514,0.0343980343980344,0.06142506142506143,0.029484029484029485,0.07616707616707617,0.09336609336609336,0.029484029484029485,0.06142506142506143,0.04668304668304668
lcl|MCFH01000001.1_cds_ORX61258.1_520 [locus_tag=BCR36DRAFT_315825] [db_xref=JGIDB:Pirfi3_315825] [protein=hypothetical protein] [protein_id=ORX61258.1] [location=2536454..2538211] [gbkey=CDS],0.03767123287671233,0.02226027397260274,0.07705479452054795,0.0702054794520548,0.032534246575342464,0.02226027397260274,0.10616438356164383,0.05821917808219178,0.011986301369863013,0.08904109589041095,0.04794520547945205,0.08732876712328767,0.008561643835616438,0.03424657534246575,0.02910958904109589,0.0702054794520548,0.07363013698630137,0.00684931506849315,0.046232876712328765,0.0684931506849315
lcl|MCFH01000001.1_cds_ORX61259.1_521 [locus_tag=BCR36DRAFT_8774] [db_xref=JGIDB:Pirfi3_8774] [protein=hypothetical protein] [protein_id=ORX61259.1] [location=complement(2538279..2538491)] [gbkey=CDS],0,0,0.057971014492753624,0.028985507246376812,0.014492753623188406,0.014492753623188406,0.014492753623188406,0,0,0.14492753623188406,0.15942028985507245,0.043478260869565216,0,0.2318840579710145,0,0.07246376811594203,0.028985507246376812,0,0.17391304347826086,0.014492753623188406
"lcl|MCFH01000001.1_cds_ORX61260.1_522 [locus_tag=BCR36DRAFT_579281] [db_xref=JGIDB:Pirfi3_579281] [protein=hypothetical protein] [protein_id=ORX61260.1] [location=complement(join(2539728..2540367,2540575..2540741))] [gbkey=CDS]",0.11610486891385768,0,0.011235955056179775,0.03745318352059925,0.003745318352059925,0.0149812734082397,0.08614232209737828,0.003745318352059925,0,0.0449438202247191,0.026217228464419477,0.0898876404494382,0.00749063670411985,0.011235955056179775,0.1348314606741573,0.13108614232209737,0.21722846441947566,0,0.003745318352059925,0.0599250936329588
lcl|MCFH01000001.1_cds_ORX61261.1_523 [locus_tag=BCR36DRAFT_579282] [db_xref=JGIDB:Pirfi3_579282] [protein=hypothetical protein] [protein_id=ORX61261.1] [location=complement(2546837..2549317)] [gbkey=CDS],0.02909090909090909,0.03636363636363636,0.1006060606060606,0.059393939393939395,0.01090909090909091,0.041212121212121214,0.06909090909090909,0.041212121212121214,0.01575757575757576,0.0703030303030303,0.07515151515151515,0.07393939393939394,0.008484848484848486,0.03636363636363636,0.02303030303030303,0.08363636363636363,0.08484848484848485,0.007272727272727273,0.07393939393939394,0.059393939393939395
"lcl|MCFH01000001.1_cds_ORX61262.1_524 [locus_tag=BCR36DRAFT_408210] [db_xref=InterPro:IPR011704,JGIDB:Pirfi3_408210] [protein=hypothetical protein] [protein_id=ORX61262.1] [location=join(2552610..2553579,2554069..2571329)] [gbkey=CDS]",0.024526748971193415,0.024691358024691357,0.11308641975308642,0.05415637860082304,0.017119341563786007,0.024855967078189302,0.0819753086419753,0.03358024691358025,0.008559670781893004,0.12296296296296297,0.09102880658436215,0.10584362139917695,0.014814814814814815,0.04839506172839506,0.02567901234567901,0.07555555555555556,0.043621399176954734,0.005267489711934157,0.05037037037037037,0.03390946502057613
lcl|MCFH01000001.1_cds_ORX61263.1_525 [locus_tag=BCR36DRAFT_579284] [db_xref=JGIDB:Pirfi3_579284] [protein=hypothetical protein] [protein_id=ORX61263.1] [location=2572366..2576253] [gbkey=CDS],0.02241112828438949,0.03168469860896445,0.08114374034003091,0.06491499227202473,0.02704791344667697,0.03323029366306028,0.07727975270479134,0.03941267387944358,0.03168469860896445,0.0919629057187017,0.0865533230293663,0.09428129829984544,0.017001545595054096,0.04714064914992272,0.03400309119010819,0.06568778979907264,0.04714064914992272,0.01313755795981453,0.05486862442040186,0.03941267387944358
lcl|MCFH01000001.1_cds_ORX61264.1_526 [locus_tag=BCR36DRAFT_365841] [db_xref=JGIDB:Pirfi3_365841] [protein=hypothetical protein] [protein_id=ORX61264.1] [location=complement(2577167..2577625)] [gbkey=CDS],0.013245033112582781,0.013245033112582781,0.11920529801324503,0.039735099337748346,0.059602649006622516,0.019867549668874173,0.07947019867549669,0.033112582781456956,0.006622516556291391,0.12582781456953643,0.052980132450331126,0.11920529801324503,0.013245033112582781,0.06622516556291391,0.019867549668874173,0.059602649006622516,0.033112582781456956,0,0.059602649006622516,0.06622516556291391
"lcl|MCFH01000001.1_cds_ORX61265.1_527 [locus_tag=BCR36DRAFT_408212] [db_xref=JGIDB:Pirfi3_408212] [protein=hypothetical protein] [protein_id=ORX61265.1] [location=complement(join(2578987..2578995,2579442..2580246,2580608..2580924))] [gbkey=CDS]",0.034666666666666665,0.037333333333333336,0.06666666666666667,0.048,0.013333333333333334,0.032,0.04533333333333334,0.037333333333333336,0.016,0.11466666666666667,0.10133333333333333,0.07466666666666667,0.016,0.07466666666666667,0.024,0.072,0.05333333333333334,0.018666666666666668,0.07733333333333334,0.042666666666666665
"lcl|MCFH01000001.1_cds_ORX61266.1_528 [locus_tag=BCR36DRAFT_579285] [db_xref=InterPro:IPR002883,JGIDB:Pirfi3_579285] [protein=alpha/beta-hydrolase] [protein_id=ORX61266.1] [location=2588490..2589974] [gbkey=CDS]",0.06490872210953347,0.012170385395537525,0.13184584178498987,0.056795131845841784,0.030425963488843813,0.08519269776876268,0.02636916835699797,0.17647058823529413,0.004056795131845842,0.032454361054766734,0.038539553752535496,0.0486815415821501,0.02636916835699797,0.034482758620689655,0.0486815415821501,0.05070993914807302,0.032454361054766734,0.04259634888438134,0.014198782961460446,0.04259634888438134
"lcl|MCFH01000001.1_cds_ORX61267.1_529 [locus_tag=BCR36DRAFT_579287] [db_xref=InterPro:IPR001002,InterPro:IPR014867,JGIDB:Pirfi3_579287] [protein=hypothetical protein] [protein_id=ORX61267.1] [location=2601870..2603897] [gbkey=CDS]",0.032640949554896145,0.028189910979228485,0.07863501483679525,0.06676557863501484,0.05489614243323442,0.019287833827893175,0.06083086053412463,0.0771513353115727,0.010385756676557863,0.06824925816023739,0.05489614243323442,0.12314540059347182,0.013353115727002967,0.03857566765578635,0.02225519287833828,0.09347181008902077,0.04747774480712166,0.011869436201780416,0.06379821958456973,0.03412462908011869
"lcl|MCFH01000001.1_cds_ORX61268.1_530 [locus_tag=BCR36DRAFT_272095] [db_xref=InterPro:IPR001611,JGIDB:Pirfi3_272095] [protein=hypothetical protein] [protein_id=ORX61268.1] [location=complement(join(2606228..2606407,2606556..2606702))] [gbkey=CDS]",0.009345794392523364,0.018691588785046728,0.08411214953271028,0.056074766355140186,0,0.037383177570093455,0.06542056074766354,0.009345794392523364,0.009345794392523364,0.12149532710280374,0.18691588785046728,0.14953271028037382,0.018691588785046728,0.04672897196261682,0.037383177570093455,0.07476635514018691,0.028037383177570093,0,0.028037383177570093,0.018691588785046728
"lcl|MCFH01000001.1_cds_ORX61269.1_531 [locus_tag=BCR36DRAFT_408215] [db_xref=InterPro:IPR001002,InterPro:IPR001611,JGIDB:Pirfi3_408215] [protein=L domain-like protein] [protein_id=ORX61269.1] [location=complement(join(2607082..2607102,2608253..2608742,2608838..2608894,2609200..2609271,2609725..2609793,2609974..2610042,2610139..2610207,2610637..2610660,2610862..2610923))] [gbkey=CDS]",0.012944983818770227,0.022653721682847898,0.11326860841423948,0.05177993527508091,0.04854368932038835,0.012944983818770227,0.07119741100323625,0.061488673139158574,0.003236245954692557,0.10032362459546926,0.09385113268608414,0.12297734627831715,0,0.009708737864077669,0.03559870550161812,0.08737864077669903,0.08414239482200647,0.003236245954692557,0.038834951456310676,0.025889967637540454
"lcl|MCFH01000001.1_cds_ORX61271.1_533 [locus_tag=BCR36DRAFT_273153] [db_xref=InterPro:IPR014867,JGIDB:Pirfi3_273153] [protein=hypothetical protein] [protein_id=ORX61271.1] [location=complement(2617303..2619036)] [gbkey=CDS]",0.027777777777777776,0.03298611111111111,0.07291666666666667,0.07118055555555555,0.006944444444444444,0.03125,0.05381944444444445,0.03298611111111111,0.015625,0.08680555555555555,0.08506944444444445,0.09895833333333333,0.019097222222222224,0.07118055555555555,0.027777777777777776,0.06597222222222222,0.059027777777777776,0.005208333333333333,0.08159722222222222,0.05381944444444445
lcl|MCFH01000001.1_cds_ORX61272.1_534 [locus_tag=BCR36DRAFT_440018] [db_xref=JGIDB:Pirfi3_440018] [protein=hypothetical protein] [protein_id=ORX61272.1] [location=2622272..2624563] [gbkey=CDS],0.03412073490813648,0.03543307086614173,0.08005249343832022,0.04461942257217848,0.02230971128608924,0.015748031496062992,0.048556430446194225,0.027559055118110236,0.026246719160104987,0.1089238845144357,0.1036745406824147,0.06824146981627296,0.01837270341207349,0.07086614173228346,0.03674540682414698,0.07742782152230972,0.05511811023622047,0.010498687664041995,0.06167979002624672,0.05380577427821522
